repo,status,m0,family_spread,clone_families,a_first,a_commit,b_first,b_commit,c_first,c_commit,first_commit,last_commit,total_commits,marker_commits,marker_share,pre_active,post_active,onset_months,py_loc
/data/clones/xtekky__gpt4free,ok,2025-08,0,A;B,2025-08,9bf343610d6a68205de6e1274f201009d0f7660d,2025-08,1c93b936bbc7ee882126abd518a74fbfb84d905b,,,2023-03,2026-08,4471,109,0.0244,12,12,5,
/data/clones/dgtlmoon__changedetection.io,no markers,,,,,,,,,,2021-01,2026-08,2406,0,0.0000,,,,
/data/clones/m-bain__whisperX,ok,2026-02,0,B,,,2026-02,c4c1242edbeb68a91506fa142b75a0e2e0fcd784,,,2022-12,2026-07,558,18,0.0323,8,5,4,
/data/clones/AstrBotDevs__AstrBot,ok,2025-04,4,A;B,2025-08,c57d75e01a433e8019a5deb96376f07e0677c9a5,2025-04,5f4f9136616a76a63a31b2bae69c4f61daabbf8d,,,2022-12,2026-08,5154,187,0.0363,12,12,5,109170
/data/clones/ArchiveBox__ArchiveBox,ok,2025-12,0,A;B,2025-12,1915333b815c3bfb520cdfe1a599d33030174e81,2025-12,c1335fed37b09f4a9a7e37d99445e68a596ff057,,,2017-05,2026-08,6382,196,0.0307,5,8,6,
/data/clones/eosphoros-ai__DB-GPT,ok,2025-04,0,B,,,2025-04,59e34e2d893b1f9fc8c522dd2e3d2a460eed3869,,,2023-04,2026-08,3396,34,0.0100,12,12,2,
/data/clones/emcie-co__parlant,ok,2025-07,2,A;B,2025-09,336fcca3f75bac9368323120db44e34785070596,2025-07,6fa8a91386da059316a5c2b63861ce6b1534b06f,,,2024-02,2026-07,5485,30,0.0055,12,12,2,
/data/clones/bloomberg__memray,ok,2025-10,0,B,,,2025-10,95fcf681fc47477fb960bb264c4970b29318e822,,,2020-09,2026-08,1524,3,0.0020,12,9,1,
/data/clones/DLR-RM__stable-baselines3,ok,2025-08,0,B,,,2025-08,3b249c0a96a1c1c3172b749bb478a0e2bc70cbc0,,,2019-09,2026-08,938,7,0.0075,12,12,1,
/data/clones/darrenburns__posting,ok,2025-09,6,A;B,2026-03,a32ad325d1a0f5d41a2b1cfbe78a91294a71dc0d,2025-09,596a51532ab66c1186261e502060292d51c90fbe,,,2024-05,2026-03,1279,2,0.0016,11,6,1,
/data/clones/PaddlePaddle__PaddleFormers,ok,2025-11,0,B,,,2025-11,89cd9e89612d2d1035270547ebbefb95060c8dfa,,,2025-06,2026-08,1376,20,0.0145,5,9,2,
/data/clones/zauberzeug__nicegui,ok,2025-03,9,A;B;C,2025-03,936399a8dd69324141b095ad2af034350b4c6874,2025-09,ffac9971c59e4ce68a65219d9e7813561a59de98,2025-12,f143e4bb07213e89461aff443d38b85be6d7409f,2021-05,2026-08,6831,288,0.0422,12,12,3,32465
/data/clones/pypa__pip,ok,2025-07,0,C,,,,,2025-07,288796460914ccca744f70e6318f0f2f8003039e,2008-10,2026-08,16237,1,0.0001,12,12,0,
/data/clones/Uberi__speech_recognition,ok,2025-05,10,B;C,,,2025-05,4f9acaa2e98ccca5189fab3a516b104296fc8913,2026-03,1ee5f04d94763f175786da088e946012d232942f,2014-04,2026-07,928,24,0.0259,9,8,0,
/data/clones/tobymao__sqlglot,ok,2025-08,6,A;B,2026-02,a65c8701a30652bfadd4d39cf729a9e13c1fa769,2025-08,95429b119a029c42f65b2e5f93f1449a50da945e,,,2021-03,2026-08,8174,72,0.0088,12,12,2,
/data/clones/wandb__wandb,ok,2023-09,35,A;B;C,2025-12,d17b045681d00f83bbb19be6e4698db5442d72e6,2023-09,b7da7e4a142d4ae265b068be258c6d8fa0a354d9,2026-08,0e154baeb1345e644b1d9802e55de33bdd30fb0b,2017-02,2026-08,9677,35,0.0036,12,12,0,
/data/clones/RapidAI__RapidOCR,ok,2025-04,0,B,,,2025-04,d48f31e81586c0a47d4061575227b81ec8fd8ce2,,,2021-01,2026-08,1534,4,0.0026,12,12,0,
/data/clones/Upsonic__Upsonic,ok,2024-06,15,A;B,2025-09,8e9af37563b7d5f774eeaf4f917b9d7fbd3a71b0,2024-06,af3479a5ade3b5a15977cc312d094b03c8d60348,,,2024-05,2026-06,1896,32,0.0169,1,11,0,
/data/clones/apache__caldera,ok,2025-10,0,B,,,2025-10,18529aafa3f00c69ae4b3ca476c0913404af4916,,,2017-11,2026-08,4548,5,0.0011,12,9,2,
/data/clones/mandiant__capa,ok,2025-10,0,B,,,2025-10,ec411f1552fbfdc42b9c585ad9e2e96788392ca2,,,2020-06,2026-08,6282,8,0.0013,11,10,4,
/data/clones/ogx-ai__ogx,ok,2025-03,4,A;B;C,2025-03,290cc843fc68e97cbfa4aec6745707f82a53dd25,2025-07,c8bac888af3587b734b671fdc50ac49ecffea819,2025-07,ea966565f68ee34d759ae20942cdec4cb36d2784,2024-07,2026-08,4336,387,0.0893,8,12,2,
/data/clones/wkentaro__gdown,ok,2025-08,9,A;B,2026-05,5f5b5bbae7e13356a4d7ac50af37526cdd40a011,2025-08,a095aaa19191c760b2710c16f39ee20cf28a834c,,,2015-10,2026-08,675,2,0.0030,1,6,0,
/data/clones/jendrikseipp__vulture,no markers,,,,,,,,,,2012-03,2026-04,791,0,0.0000,,,,
/data/clones/holoviz__panel,ok,2025-05,0,B,,,2025-05,ff30b5f21402c2ee3a50a936b520980b2187104c,,,2018-08,2026-08,5140,12,0.0023,12,12,1,
/data/clones/pydantic__logfire,ok,2025-04,9,A;B,2026-01,ccda603c5eb58dda13cbda5f8c2a65ed365ce12e,2025-04,f864e02b9c7acddb26695cdedd72cdfca4c3f266,,,2023-08,2026-08,1974,131,0.0664,12,12,2,
/data/clones/internetarchive__openlibrary,ok,2025-05,9,A;B;C,2026-02,30cfacb25955e677dabc789e68fc03352a69ba08,2025-05,4a9f49f427baf9aeca9d7a8cd3b93391cd2af1ae,2026-01,12ad252d86b6436f796fde75e6160f4336b21994,2001-01,2026-08,22927,122,0.0053,12,12,5,63392
/data/clones/allenai__open-instruct,ok,2025-03,4,A;B,2025-07,63baaf44f227bf40306811a4a73e0edcca68dcb3,2025-03,6d5320539f23a6dd55c892fd35e7e86907569af1,,,2023-06,2026-08,1461,283,0.1937,12,12,3,56936
/data/clones/ansible__molecule,ok,2025-08,0,B,,,2025-08,c2e244142f070b0e7a7cd9fde73ce9ecd253df3d,,,2015-11,2026-08,3196,9,0.0028,12,12,3,
/data/clones/vietanhdev__anylabeling,ok,2025-03,0,A,2025-03,babcab3ebc590a03036cf13fedc7e3b8d95d32f1,,,,,2023-04,2026-08,278,4,0.0144,5,5,0,
/data/clones/darkoperator__dnsrecon,ok,2025-07,0,B,,,2025-07,2ec73e1682bf8f27e54506a297bd1112cffee4b8,,,2010-12,2026-08,999,5,0.0050,9,12,0,
/data/clones/vllm-project__llm-compressor,ok,2025-06,9,A;B;C,2026-03,58dc77e556358cfce977bfa125e1423da8e11d55,2025-06,f77361790f5d0fd0fac6705edbf73bc4e4fb54c7,2025-10,c254c193e7779d3574e7a46f2e65f9c256b86038,2019-07,2026-08,3180,143,0.0450,12,12,6,25116
/data/clones/ogkalu2__comic-translate,ok,2025-07,0,B,,,2025-07,551ae312b73afe76d9adf2f406b8f2f51f8a4c93,,,2024-01,2026-08,1399,11,0.0079,12,12,0,
/data/clones/bookfere__Ebook-Translator-Calibre-Plugin,ok,2025-08,0,B,,,2025-08,a6d81af22d5c77c07389f692d5bfebd0a46201df,,,2023-03,2026-08,391,7,0.0179,9,4,0,
/data/clones/Tasshack__dreame-vacuum,no markers,,,,,,,,,,2022-10,2026-06,256,0,0.0000,,,,
/data/clones/jeshraghian__snntorch,ok,2025-06,0,B,,,2025-06,a2ce8cd71cd7c8b9397da1e5eb053b9301d306c3,,,2020-09,2026-06,1372,1,0.0007,7,9,0,
/data/clones/joshyattridge__smart-money-concepts,ok,2025-06,0,B,,,2025-06,19eaacd83a178270f49baa2e866bcd116af20f1c,,,2023-09,2026-04,157,4,0.0255,3,4,0,
/data/clones/kizniche__Mycodo,ok,2025-10,0,B,,,2025-10,cc383dc98f11de92514615da8d6bb663b5c76a5e,,,2015-02,2026-08,7083,25,0.0035,12,6,1,
/data/clones/microsoft__Olive,ok,2025-06,2,A;B,2025-08,479b8faec608a30a88d4930603a8082c4aeea9e2,2025-06,1105987c6550476981d9178d0bede312acd7e562,,,2019-08,2026-08,1990,101,0.0508,12,12,6,81395
/data/clones/appium__python-client,ok,2025-03,0,B,,,2025-03,525d5b8b5d8c9919470c4c5a191a6d5c1090027e,,,2014-04,2026-08,1027,1,0.0010,12,12,0,
/data/clones/pytorch-tabular__pytorch_tabular,no markers,,,,,,,,,,2020-12,2026-02,620,0,0.0000,,,,
/data/clones/frappe__bench,ok,2026-04,0,B,,,2026-04,68eefadd2b54ed34a16ecba144f2a855048ec83d,,,2014-07,2026-07,2514,7,0.0028,10,2,0,
/data/clones/dfir-iris__iris-web,no markers,,,,,,,,,,2021-12,2025-02,4572,0,0.0000,,,,
/data/clones/noripyt__django-cachalot,ok,2026-01,0,B,,,2026-01,68f1486082068de7bca3e3ab0b9dd80fc939476c,,,2014-09,2026-08,661,2,0.0030,3,1,0,
/data/clones/allenai__OLMo-core,ok,2025-09,5,A;B,2026-02,0c33bed9328ee0a1bb032f945521417074c4b321,2025-09,75d4d3a05f9f2b446758746d85c1a83afff9b905,,,2024-03,2026-08,895,35,0.0391,12,11,6,
/data/clones/Azure__review-checklists,no markers,,,,,,,,,,2021-10,2026-02,2514,0,0.0000,,,,
/data/clones/astronomer__astronomer-cosmos,ok,2025-07,8,A;B,2026-03,af30765da045e109d58ade6b3c8aef486fe50acb,2025-07,7c5fac79d6bd3ee448e4e8bce944ae13452d047a,,,2022-12,2026-08,1819,228,0.1253,12,12,5,25082
/data/clones/JessicaTegner__pypandoc,ok,2026-03,0,B,,,2026-03,6fe4e69b31396ac79e0949f870bd3255063ed592,,,2011-11,2026-06,715,23,0.0322,6,1,0,
/data/clones/python-semantic-release__python-semantic-release,ok,2025-11,0,A;B,2025-11,8b7077cae52f4d1378e48090d9788286a3ff6cb4,2025-11,d77193e30807968ba6a26bd356a868db62dc1098,,,2015-07,2026-07,1825,4,0.0022,12,3,0,
/data/clones/adamchainz__time-machine,ok,2025-08,0,B,,,2025-08,c9775a3c2aed74619db909110152f28dc9cae4cf,,,2020-04,2026-08,692,1,0.0014,12,12,0,
/data/clones/1996scarlet__OpenVtuber,ok,2025-09,0,B,,,2025-09,7253c54f7e9e3070bb6359a5f574e07cdab87416,,,2019-11,2025-10,44,1,0.0227,2,1,0,
/data/clones/pandas-dev__pandas,ok,2024-08,15,A;B,2025-11,704d990da3c9127cac2aec57107e7e46ad7ed598,2024-08,b6317f29198996130a71a99e8e2e5c0b5d04bef8,,,2009-07,2026-08,38679,803,0.0208,12,12,0,
/data/clones/ROCm__TheRock,ok,2025-06,10,A;B;C,2026-01,84cd8869dec0d0c5b3f7a826b2ef5060af4d2a07,2025-06,e1210e42fe58a3bad3d1e669c1ee6026f214862e,2026-04,274b317bcebe639bd4dc5afdc75a7ad5ca3fb32a,2024-03,2026-08,3409,493,0.1446,5,12,2,
/data/clones/raphaelmansuy__code2prompt,ok,2024-09,0,A,2024-09,de5400355f551c9b91fd275c860e75aa2a7963a6,,,,,2024-03,2026-07,142,1,0.0070,3,2,0,
/data/clones/securefederatedai__openfederatedlearning,ok,2025-04,0,B,,,2025-04,a6097ae5f10450e44875201d50ac648bd0b13dfb,,,2021-01,2025-10,1237,3,0.0024,12,4,1,
/data/clones/SkafteNicki__dtu_mlops,ok,2025-11,2,A;B,2025-11,300e4c5043699020889d2fda656403ca36579fcb,2026-01,6a89d33cd3b14839a7d7986e28e5fdb2827e6d9c,,,2021-04,2026-02,1211,8,0.0066,8,3,1,
/data/clones/python-social-auth__social-core,ok,2025-11,0,B,,,2025-11,9834c75143db8144267d8eb52cd647759903b210,,,2012-12,2026-08,4076,11,0.0027,12,9,2,
/data/clones/ethz-spylab__agentdojo,ok,2025-06,2,A;B,2025-08,96046ab54a99f5e5ec86b920ea9a2d8ae24ea6d8,2025-06,f90610a0643d213c2e06b6164988c586ac28a0ad,,,2024-02,2026-06,722,7,0.0097,12,7,2,
/data/clones/meteostat__meteostat,ok,2025-10,0,A;B,2025-10,19dccb4a3ba952b7a7c531339ce2aa12ee2dc657,2025-10,dc8c1620ec64ea01808e7cba0e6b21527010a3f4,,,2020-08,2026-06,329,28,0.0851,8,6,5,
/data/clones/netket__netket,ok,2025-09,0,B,,,2025-09,79aff219e7326c18290f1f1e9bfebdd42909c895,,,2018-04,2026-08,4015,21,0.0052,12,11,3,
/data/clones/OrkoHunter__keep,ok,2026-03,0,B,,,2026-03,6d6823bc5222738e3ea3422871b4b885d140a831,,,2015-11,2026-03,159,1,0.0063,1,0,0,
/data/clones/zachowj__hass-node-red,ok,2025-12,7,A;B,2025-12,7065841268076a892be1e0d1cfa2f19bf1682dd5,2026-07,c743bc4a6b313ea1eb5cb603e6d002a284e2cfa7,,,2019-08,2026-08,396,7,0.0177,3,4,1,
/data/clones/Cyberdrop-DL__cyberdrop-dl,ok,2025-08,0,B,,,2025-08,8ed6d1584f89a9b2453077739af90b81be347c7d,,,2020-02,2026-08,5691,7,0.0012,12,12,2,
/data/clones/rackslab__Slurm-web,ok,2025-07,0,B,,,2025-07,16be3388c29668b9c2f6f383848db47f8b6bc915,,,2023-05,2026-07,1217,3,0.0025,12,11,0,
/data/clones/grillazz__fastapi-sqlalchemy-asyncpg,ok,2025-06,0,B,,,2025-06,7499337e02ba3903ea95e20489d52ee4123e875c,,,2021-03,2026-08,821,5,0.0061,9,11,4,
/data/clones/altmenorg__HAsmartirrigation,ok,2025-07,11,A;B,2026-06,8fd36a60722f0bfe829afd93a931557b56ec1dd0,2025-07,e9dc21c1092259cae2d67137392aa38c15703773,,,2020-05,2026-07,1274,148,0.1162,9,5,1,
/data/clones/NVIDIA__NeMo-text-processing,ok,2025-04,0,B,,,2025-04,ac07488b145262a15fd5c2d7e204be53cb0b6037,,,2022-11,2026-07,162,3,0.0185,10,6,1,
/data/clones/learningequality__kolibri,ok,2021-08,54,A;B;C,2026-02,2178fef7dff6306d0d2ec862126a8a262461cba5,2021-08,0de7dee6b54d3d9b702c6899e9ce5dd5c3e22594,2026-02,90e9fee62ffbd1e507ad05dec60734500fb5e794,2016-01,2026-08,38259,777,0.0203,12,12,1,
/data/clones/frappe__gameplan,ok,2025-08,11,A;B;C,2025-08,7613353dd6e7beef64e0961d8ba34b4c64ae6a78,2025-08,dad6b287bbf021c41e572024e7322f994c7c8e8b,2026-07,5a9320b082bc14894f02571e1c51c15fb66145dd,2022-01,2026-08,1899,187,0.0985,12,11,3,
/data/clones/discord__access,ok,2025-09,8,A;B,2026-05,fa4c4f90f0404886930291ebe2f91b12fafcb2da,2025-09,6d8e393d44ad54037f876f1417fc2b341dece962,,,2024-03,2026-08,350,101,0.2886,12,11,1,
/data/clones/mauvilsa__jsonargparse,ok,2025-08,0,B,,,2025-08,03c5e94a81fd2e524b7fdb308015702f3df3fafc,,,2019-05,2026-08,1322,2,0.0015,12,12,1,
/data/clones/PaddlePaddle__PaddleScience,ok,2025-10,0,B,,,2025-10,0bc792716d7ac13d63b60bd98deb5c0207e5fa74,,,2021-12,2026-07,1580,6,0.0038,12,7,2,
/data/clones/panther-labs__panther-analysis,ok,2025-03,6,A;B,2025-03,23081d5c63a74701b2ccdea79f47843c0bfb83c8,2025-09,ddfa4400ca9a887339b8e9e881843d263977df12,,,2019-10,2026-08,1868,31,0.0166,12,12,3,39666
/data/clones/scientific-python__cookie,ok,2025-04,14,A;B,2026-06,d8a8d57fe351445cc818173a6023acded39146c8,2025-04,dac6032e75e0655a3d1e0f27178aff81ff127d40,,,2021-01,2026-08,807,15,0.0186,12,12,2,
/data/clones/nikdon__pyEntropy,ok,2025-11,0,B,,,2025-11,e78cf01bf542fbe3ccd31f1721842b5e045ccc1d,,,2015-02,2026-04,241,4,0.0166,12,3,0,
/data/clones/deepmodeling__dpgen,ok,2024-11,10,A;B,2025-09,02a442c6bd7da9b5b2c9f958d3a103f5d6cd2a27,2024-11,eecac81231e57fabdb4d9c84bfb08cc7492d76f6,,,2018-04,2026-07,2256,15,0.0066,12,12,0,
/data/clones/wzdavid__ThinkRAG,ok,2025-07,0,B,,,2025-07,dee12514c0b618a55d821c86eba6f9f67611efc3,,,2024-07,2026-01,62,5,0.0806,7,2,0,
/data/clones/williamgilpin__pypdb,ok,2025-06,0,B,,,2025-06,2095fcc44f53548599ed29e40751380b64f29e4f,,,2015-05,2026-07,206,2,0.0097,1,1,0,
/data/clones/gudgud96__frechet-audio-distance,ok,2025-12,0,B,,,2025-12,225f27cedd91cd7ba7f65580f03b8e01477cbfd1,,,2022-09,2026-02,38,2,0.0526,1,1,1,
/data/clones/Quasimondo__RasterFairy,ok,2025-05,0,B,,,2025-05,5cf4807831e6a7b86cea0483278d8f2b4efab496,,,2016-01,2026-07,130,14,0.1077,1,1,0,
/data/clones/pymedphys__pymedphys,ok,2025-05,0,A;B,2025-05,c26949283e98221d147a83918784984135f486cc,2025-05,c26949283e98221d147a83918784984135f486cc,,,2018-06,2026-04,9234,44,0.0048,8,3,1,
/data/clones/planetlabs__planet-client-python,ok,2025-07,0,A;B,2025-07,52b6760732337c4a7bf8920649f71a312149bbe2,2025-07,aa17791eec0a0609f51f73effe6ceccd2bb0caf0,,,2015-06,2026-06,2362,7,0.0030,11,8,3,
/data/clones/XRPLF__XRPL-Standards,ok,2025-08,9,A;B,2026-05,7f016858ea4209059d252c64695bd28ec91cb1e3,2025-08,87d265339b70eb24a60cff384bd71dec627bbfe8,,,2019-02,2026-08,332,14,0.0422,10,12,4,
/data/clones/MSC72m__media_downloader,ok,2024-05,18,A;B;C,2025-11,c753cb6994c02f7944dd925cf8a1b4f657421ef0,2025-11,aba0436639525e51602d2add4f0192a672d602ca,2024-05,fa5869a830fb03bd6a37d803a33e6591916eb101,2024-05,2026-07,357,13,0.0364,0,5,0,
/data/clones/Couchers-org__couchers,ok,2025-11,0,A;B,2025-11,19f592ea3c14cb4fb2967c1787975cfc8d6b2ae4,2025-11,26f62110432ce75afdb3546d05113d1f38ab3631,,,2020-05,2026-08,20247,722,0.0357,12,9,6,
/data/clones/scverse__scirpy,ok,2026-06,0,B,,,2026-06,6c97e04dd5073cf0cf246b71f7601d890b5f454d,,,2019-10,2026-07,1300,2,0.0015,12,1,1,
/data/clones/wasi-master__fastero,ok,2025-08,0,B,,,2025-08,556d116fc6d1596464b0364772de319832de7217,,,2022-04,2026-07,110,9,0.0818,1,1,0,
/data/clones/vprusso__toqito,ok,2025-08,0,B,,,2025-08,489e6d451434e3e7e8b0212c61997e8f1367e552,,,2020-01,2026-08,3299,20,0.0061,12,12,3,
/data/clones/deepmodeling__dpdata,ok,2025-08,11,A;B;C,2025-08,ebb20ad10b63688441ea17dac0ea2259ea859b0d,2025-08,5f1dec8ab949b648297ca1ba9a5bff7c6606a28c,2026-07,ceee379c7ad09b2cacab5bb938bdbc29cb5746b3,2019-04,2026-08,991,23,0.0232,12,12,2,
/data/clones/swingerman__ha-dual-smart-thermostat,ok,2025-08,1,A;B,2025-09,1677a07801ba2d7030daa0b239d0bf2c9607fced,2025-08,d4b8a869e10648210a8aa81a71a40f2391d368cb,,,2020-09,2026-08,420,54,0.1286,11,12,6,
/data/clones/DogsTailFarmer__martin-binance,ok,2021-12,0,B,,,2021-12,50625639f5112b0c845dfa095deb5665fb71b0ac,,,2021-12,2026-08,648,4,0.0062,0,9,0,
/data/clones/NabuCasa__hass-nabucasa,ok,2025-04,4,A;B,2025-08,e08271caedc1676b8cb1939194099cf8d4922c76,2025-04,13712c0f8e91ae15a865eaa55b4b8ac008ebf8b4,,,2019-02,2026-07,1118,25,0.0224,11,12,3,8504
/data/clones/Azure__azure-kusto-python,ok,2025-05,0,B,,,2025-05,d5fcedfdf160f1fb3f267e5ca7732277dde59d11,,,2017-10,2026-08,527,6,0.0114,9,9,0,
/data/clones/ShipBit__wingman-ai,ok,2024-07,17,A;B;C,2025-12,1f5dbd0f251512018e2da59ede6b48fda30241c5,2025-06,4a57da4c815ec0e105d275e62a5e63a01792056a,2024-07,881d46c857e58ab2c3b7258ee9f0c9bff10d53c6,2023-11,2026-06,850,18,0.0212,8,11,0,
/data/clones/poe-platform__fastapi_poe,ok,2025-11,0,B,,,2025-11,2c76dbf4c172bae1a0d9bf9d2b21719398c79745,,,2023-03,2026-01,206,2,0.0097,11,2,0,
/data/clones/microsoft__vscode-black-formatter,ok,2025-07,7,A;B,2026-02,48d6c09f626c50acd5da02054a31b39a2303b103,2025-07,ad458b42295455032070627dbc2fad964aed78ec,,,2022-04,2026-07,266,71,0.2669,6,9,0,
/data/clones/approvals__ApprovalTests.Python,ok,2025-04,1,A;B,2025-04,0b2c57b0a5f7b55fb7d158c5b7c0f22caa83d438,2025-05,82f16c158383ea94a23810914bc215f8618a6319,,,2013-09,2026-08,2715,48,0.0177,12,12,5,5245
/data/clones/wdecoster__nanocomp,ok,2025-11,0,B,,,2025-11,6f00dd8d48ff47535c9c4b4afe29ac0d50b0afdc,,,2017-10,2026-08,276,4,0.0145,7,3,0,
/data/clones/INCATools__ontology-access-kit,ok,2025-03,0,B,,,2025-03,c0e053c146937969e9b8e6358f731c6eb87408ef,,,2022-03,2026-08,651,10,0.0154,10,4,1,
/data/clones/philzook58__knuckledragger,ok,2025-02,8,A;B,2025-02,70632c6ba9274941bf96338705bd1b473dc69d39,2025-10,65d359762f762e8fc5d897e5a6f60b81fae7b4a8,,,2022-11,2026-07,544,18,0.0331,11,12,0,
/data/clones/VedankPurohit__LiveRecall,ok,2025-12,1,A;B,2026-01,b9275f4e57479ddac59a3a001ef9f8be8c1a80d0,2025-12,4ef81b8813dc1ef9adc5908367d56360d72a80b2,,,2024-06,2026-06,109,4,0.0367,3,4,1,
/data/clones/TreyWW__MyFinances,ok,2024-10,0,B,,,2024-10,0c8a4724055d9c8e48fb2473c3c7769771f16549,,,2023-08,2026-07,1332,4,0.0030,12,12,0,
/data/clones/BESSER-PEARL__BESSER,ok,2025-06,4,A;B;C,2025-10,c341a86698a22afc99f3c35d583e89fb8f852378,2025-06,cb42eb6b15d4732701dcf65605b986f805fdc1f3,2025-10,027d7299a375a3434bf119a56128640c587624ff,2022-09,2026-07,2474,79,0.0319,12,11,3,87173
/data/clones/filipporomani__whatsapp-python,ok,2024-10,0,B,,,2024-10,fb3fae72ef28d8a1e655d38f60e01658360fd01d,,,2022-05,2026-05,401,1,0.0025,10,1,0,
/data/clones/joewandy__hlda,no markers,,,,,,,,,,2025-06,2025-06,1,0,0.0000,,,,
/data/clones/openwallet-foundation__acapy-vc-authn-oidc,ok,2025-08,0,B,,,2025-08,733b5b342b23b31b5b83061366bfb7e68ce7ed82,,,2019-07,2026-08,1707,7,0.0041,12,12,2,
/data/clones/jbergler__hass-ttlock,ok,2026-01,6,A;B,2026-07,d9dc2be89583556ad3533ea77931b4acfd68e5ce,2026-01,c538a87f425340d33fcbe4fd943fa9071fbffd9b,,,2023-04,2026-08,444,62,0.1396,6,4,3,
/data/clones/mmcguffi__pLannotate,ok,2026-07,0,A;B,2026-07,9a0167810fd250b2b16ce02898706ee17ca5ea34,2026-07,952c4372e0dc9f9c444d6affc61d5ced9b4b0922,,,2019-06,2026-08,380,14,0.0368,2,1,1,
/data/clones/data-apis__array-api-compat,ok,2024-11,0,B,,,2024-11,720fa06846c5820be6847556c6f996e0d3f1f1ad,,,2022-09,2026-08,1216,3,0.0025,12,11,1,
/data/clones/fumitoh__modelx,ok,2025-11,1,A;B,2025-11,d6a5eac3b4b1272a6f7351782226c8fb43135d38,2025-12,e01c23743fdf36a7cb78dbf016c827177e53c8a4,,,2017-08,2026-08,1459,43,0.0295,8,7,3,
/data/clones/kuelumbus__rdkit-pypi,no markers,,,,,,,,,,2021-03,2026-08,299,0,0.0000,,,,
/data/clones/alvinwan__timefhuman,no markers,,,,,,,,,,2018-08,2026-04,108,0,0.0000,,,,
/data/clones/RMeli__spyrmsd,ok,2025-12,0,B,,,2025-12,48420a488cfb72a884ccd070c768c6a24f9073f1,,,2019-10,2026-08,620,1,0.0016,2,4,0,
/data/clones/open-spaced-repetition__fsrs-optimizer,ok,2025-09,1,A;B,2025-10,3445d0717fb44dad71cd5c9fe6139a70c64b9aad,2025-09,0b12d5ad883ff11b6634c65b8044e2c6de91ad75,,,2023-07,2026-08,219,4,0.0183,12,6,3,
/data/clones/martinvonk__SPEI,ok,2025-07,0,B,,,2025-07,14237197780ef85c4d3f3ca600a865a72686e792,,,2022-07,2026-01,691,5,0.0072,9,3,0,
/data/clones/zigbeefordomoticz__Domoticz-Zigbee,ok,2025-01,13,A;B,2026-02,f2e18d6b0610542bf68e1623ee55480d02ccaa48,2025-01,43cf3dcbab60bd01a8a2613e1c1178af12f0e0ed,,,2017-11,2026-08,11016,11,0.0010,12,12,0,
/data/clones/onecommons__unfurl,no markers,,,,,,,,,,2018-04,2025-09,3494,0,0.0000,,,,
/data/clones/sartography__spiff-arena,ok,2024-01,19,A;B,2025-08,f6c7cfde478aa24e306711e16a84b658ff5f25c1,2024-01,0b296f4c461be17e4ed3064ea10e9eab5d150616,,,2022-10,2026-08,5120,65,0.0127,12,12,6,26279
/data/clones/oobabooga__textgen,ok,2025-10,0,B,,,2025-10,0d03813e98e0093fe78b60f37126e1aa21ac12f1,,,2022-12,2026-08,5752,2,0.0003,12,7,1,
/data/clones/stanfordnlp__dspy,ok,2025-05,11,B;C,,,2025-05,9287208b94bcf4a0295e9f8b3d9a1c5f18418029,2026-04,9b0834c00623261b400714d255cb9c72c5771283,2023-01,2026-08,4637,48,0.0104,12,12,5,31573
/data/clones/docling-project__docling,ok,2025-07,10,A;B,2026-05,5b1df788ef0098f3a56973cca783dfc6334ac774,2025-07,c5fb353f109dfe79b51c201ebb1ff33fceeae34a,,,2024-07,2026-08,1328,32,0.0241,12,12,1,
/data/clones/TheAlgorithms__Python,ok,2025-12,0,B,,,2025-12,2c15b8c54eb8130e83640fe1d911c10eb6cd70d4,,,2016-07,2026-08,3670,4,0.0011,12,8,3,
/data/clones/DrewThomasson__ebook2audiobook,ok,2026-04,0,B,,,2026-04,537218d3186cad28fff098441f0848b1a9878569,,,2024-01,2026-08,14565,20,0.0014,12,4,2,
/data/clones/locustio__locust,ok,2026-02,3,B;C,,,2026-02,261bace50c9adb7a6b14c13af783f37b343f5997,2026-05,17c4204415a7df367de5ad07e092502bd4480be7,2010-06,2026-08,6531,7,0.0011,12,6,3,
/data/clones/wkentaro__labelme,ok,2026-01,2,A;B;C,2026-01,48e8aef2cad71d95b177dadeafa2055b78880c47,2026-01,798b385bb10cea75e839da6c9ba87254ac556cee,2026-03,2dfbff303bb9807db97ae7f03418445dc8d4638e,2011-09,2026-08,3380,21,0.0062,11,7,5,
/data/clones/arc53__DocsGPT,ok,2025-07,8,A;B,2026-03,5894e471898bc5cf64b557e2990d29c3efa18f22,2025-07,a00c44386e7b8342f26aed80f23b3b5dcd767db3,,,2023-02,2026-08,5188,22,0.0042,12,12,2,
/data/clones/microsoft__playwright-python,ok,2026-01,0,A;B,2026-01,47a5d35ef4f815a2021349f86ae391f7c20c02d6,2026-01,47a5d35ef4f815a2021349f86ae391f7c20c02d6,,,2020-07,2026-08,1078,23,0.0213,12,6,4,
/data/clones/modelscope__DiffSynth-Studio,ok,2025-08,0,B,,,2025-08,26461c19638eaa6fd03403baec247401cd0fe33b,,,2023-12,2026-08,1251,16,0.0128,12,12,4,
/data/clones/saleor__saleor,ok,2025-07,7,A;B;C,2025-09,d3e017b18651192381be6700a650046d52379cf1,2025-07,4bba6cf490cfbabeb7831d30236ab513a58706c4,2026-02,94ea1418175967f4c1bf0c8731a1008bf9c6f1bf,2013-02,2026-08,22619,72,0.0032,12,12,1,
/data/clones/cupy__cupy,ok,2025-08,11,B;C,,,2025-08,0efceeb43264e84596eff29ba5a7d516f450cf3e,2026-07,3e2ca236088bb61698c3a2fd1527e6b972f181e5,2015-04,2026-08,31829,123,0.0039,12,12,6,
/data/clones/Netflix__metaflow,ok,2026-02,6,A;B;C,2026-03,d5ea6702465462acf6031a0028b8a69f4c191e17,2026-02,afe7821f97a349bcc1bdcc31e2914ae9c3bfce03,2026-08,2fb3c915803a9682df2ddaa93941ffb6fd36fa3a,2019-12,2026-08,1660,37,0.0223,12,5,5,
/data/clones/unit8co__darts,ok,2026-02,0,B,,,2026-02,6c9a9174593c5e7fa5c537c9886917162bf3c878,,,2018-09,2026-07,1553,2,0.0013,12,5,1,
/data/clones/microsoft__promptflow,ok,2026-03,0,B,,,2026-03,2a78b505fbb2d8c347be083b99c37fae02e63597,,,2023-06,2026-05,2290,1,0.0004,11,2,0,
/data/clones/litestar-org__litestar,ok,2023-07,0,B,,,2023-07,d62df1fe49d5b7c8adf9fa7e42e3e8bfac8979b5,,,2021-12,2026-08,3507,17,0.0048,12,12,4,44073
/data/clones/ChristianLempa__boilerplates,ok,2025-09,1,A;B,2025-09,e14e90f0f75843e7a22feed9d2eea1e972ffa7cb,2025-10,6ef8c26db8b7f879f5cab8aab8c4da02af9d26ee,,,2021-06,2026-06,2805,44,0.0157,12,6,3,
/data/clones/EleutherAI__gpt-neox,no markers,,,,,,,,,,2020-12,2026-05,2331,0,0.0000,,,,
/data/clones/Zipstack__unstract,ok,2025-06,8,A;B,2026-02,9e2f01c81bb98f0aec1ff6746af270d322555816,2025-06,194206b4232ae4b7f6cb2d3fa528c92e88ae0788,,,2024-02,2026-08,1702,346,0.2033,12,12,6,158968
/data/clones/julep-ai__julep,ok,2026-06,0,B,,,2026-06,65ba5999804cc0504fb22b7e515b89d4cdbb2eaa,,,2026-06,2026-07,464,327,0.7047,0,1,1,
/data/clones/pallets-eco__flask-admin,ok,2025-07,0,B,,,2025-07,7477c292c263eb8bbc18742e5cc41c82f27ba3e7,,,2012-03,2026-08,3797,1,0.0003,10,12,0,
/data/clones/sgl-project__sglang,ok,2025-01,13,A;B,2026-02,d3bae71e3f1fd983853cae4f95591d4a8545325f,2025-01,1acbaf1b5aed65f8232a689042801c569d6e2661,,,2023-10,2026-08,16863,1115,0.0661,12,12,1,
/data/clones/mozillazg__python-pinyin,ok,2026-02,0,B,,,2026-02,fcd68ff45247a2b203def4ff0c201b8f15d3e490,,,2013-09,2026-04,856,2,0.0023,4,1,1,
/data/clones/apache__tvm,ok,2025-09,8,A;B,2026-05,859498dc01660d06f61d54c98edf27828d68f25e,2025-09,657ebbb21752f61340528fc114a4d01e685c5b17,,,2016-10,2026-08,14208,32,0.0023,12,11,5,
/data/clones/MervinPraison__PraisonAI,ok,2024-12,5,A;B,2024-12,8479707865bf0e17d1d3632c3ce2fb56b96ec6d0,2025-05,f385de04e0bdf6b1ac3504e746f7199f184a6b6c,,,2024-03,2026-08,7693,968,0.1258,9,10,4,
/data/clones/strawberry-graphql__strawberry,ok,2024-05,26,A;B,2026-07,f9c9bb1856301b23a8f3cc13f13053e87e75757a,2024-05,9c459835f85768e50859a71d6f7ad1d445384630,,,2018-12,2026-08,4079,32,0.0078,12,12,0,
/data/clones/gptme__gptme,ok,2024-10,16,A;B,2026-02,917167fdff4b1259bb7234d97271b17784de81a2,2024-10,623a52d18996bda40ac00517f6fe4ebaa8c0e590,,,2023-03,2026-08,4315,60,0.0139,6,12,5,
/data/clones/astroautomata__PySR,ok,2021-06,0,B,,,2021-06,7d4300ad1161d4eeee6971f21cf74e435d2b3a80,,,2020-09,2026-08,2884,56,0.0194,9,11,0,
/data/clones/pypi__warehouse,ok,2025-07,0,B,,,2025-07,428a118a4d3fcbfa505aca72077b21d440804deb,,,2015-01,2026-08,9019,24,0.0027,12,12,3,56868
/data/clones/pylint-dev__pylint,ok,2025-05,3,A;B,2025-08,e843e53b3fb726c0e4d50e7b16d982e251dad96b,2025-05,77481a6e36fa7fa6b8530e9a300af840867e4df4,,,2006-04,2026-08,10215,16,0.0016,12,12,2,
/data/clones/tomerfiliba__plumbum,ok,2025-10,8,A;B,2026-06,ebd49918c67191ea5980d5744962c3c61c854410,2025-10,c96303600170544a068562c3a6b92fe40d18ea50,,,2012-04,2026-08,1403,14,0.0100,4,9,3,
/data/clones/modelscope__evalscope,ok,2025-05,5,A;B,2025-10,8ade4b2d9ebf36e17583798b979d011a78030645,2025-05,22c1b22a789afea4eac10dc02d6628df9396c5ef,,,2023-12,2026-08,950,81,0.0853,12,12,6,125562
/data/clones/snakemake__snakemake,ok,2024-08,0,B,,,2024-08,9c3125702a4f24261948178d25dce0a2fea27466,,,2011-11,2026-08,5943,38,0.0064,12,12,4,33501
/data/clones/e2b-dev__code-interpreter,ok,2025-11,0,B,,,2025-11,483830eae91d6d321edeb18b071003a7af34393f,,,2024-03,2026-08,925,27,0.0292,11,9,4,
/data/clones/python-social-auth__social-app-django,ok,2025-10,0,B,,,2025-10,fbd2a81cd05765202ad9a6640a1b6e5e95278c70,,,2012-12,2026-08,2857,3,0.0011,12,10,1,
/data/clones/UKGovernmentBEIS__inspect_ai,ok,2025-04,0,A;B,2025-04,e59b08fcbf83b2324a9771d89ae6cbf1f0b2ab29,2025-04,0589f0c510b0ef57b9e7052547d15e76ff32378f,,,2024-05,2026-08,7485,864,0.1154,11,12,2,
/data/clones/PennyLaneAI__pennylane,ok,2025-05,15,A;B;C,2026-08,dced015324d7cbc9f5b8a0b4d942e94c0808e490,2025-05,fc91dddc54a5bbd532d3299f9c35ae63d24fe518,2026-05,80d572899760e2936b5d9853b9738dfd8fc7f0ed,2018-04,2026-08,7207,25,0.0035,12,12,2,
/data/clones/LedFx__LedFx,ok,2024-01,21,A;B,2025-10,777eb77996e51583c01887a0331a074932dcc1fc,2024-01,6452b657ab6cf6ed8b64894ef4a28c07f521f8f0,,,2018-06,2026-07,5152,40,0.0078,12,12,2,
/data/clones/kapicorp__kapitan,ok,2025-03,0,B,,,2025-03,083bdcf161e92e282737325e796b65bedbe194a8,,,2017-10,2026-07,2246,9,0.0040,11,12,0,
/data/clones/google__budoux,ok,2025-07,0,B,,,2025-07,c0d5a04dad4d470c9281c455eb484d7e855d729a,,,2021-11,2026-08,1065,24,0.0225,10,10,1,
/data/clones/allenai__dolma,ok,2025-06,0,B,,,2025-06,f66cd3ffa397a56c616a63bcfc1ec06a17908d5f,,,2023-06,2025-09,388,1,0.0026,10,2,0,
/data/clones/kagisearch__smallweb,ok,2023-09,23,A;B;C,2025-08,b8432401c438c3f99bbb7806ee2dd276b74f70df,2025-07,2abe3deee7870c98e27f62da75d26df1843e11a4,2023-09,d2df27feadd088c9e8091fd99a463d3337875fdf,2023-09,2026-08,3043,64,0.0210,0,12,0,
/data/clones/NVIDIA-NeMo__Curator,ok,2025-04,7,A;B;C,2025-09,95bd0db0c97847c9bd2b5a7c8089c8f79a0bd7bc,2025-04,3169a24dcf75237c2c9eddf263c0ef0d62ac6138,2025-11,27da726051414cc21d9b5bee6e0837fd9b8a8bc7,2024-03,2026-08,961,100,0.1041,12,12,4,74246
/data/clones/winedarksea__AutoTS,ok,2025-07,7,A;B;C,2026-02,6a959ed25a0e6ab796df1fb49920e22b061245fa,2025-07,8f50d744da400b5481f3504eaa5822937630b8b0,2025-09,0ccdee3fb702da74399d45938f10aaf368d04920,2019-11,2026-06,1421,11,0.0077,11,9,2,
/data/clones/segment-any-text__wtpsplit,ok,2025-06,0,B,,,2025-06,8733cbf11ce4e37ec8a9c1c63d959cd543e2ee86,,,2020-01,2026-04,840,3,0.0036,11,6,1,
/data/clones/BrianPugh__cyclopts,ok,2025-02,0,B,,,2025-02,0745e0411898e5ca91da200ed4d1fa5356aed8b0,,,2023-11,2026-08,1913,92,0.0481,12,12,1,
/data/clones/Lightning-AI__lightning-thunder,ok,2025-05,0,B,,,2025-05,cfc45355d41096ce52add1462a3a2e7d9a8e78bd,,,2022-10,2026-03,2796,2,0.0007,12,10,0,
/data/clones/mrwadams__stride-gpt,ok,2025-08,9,A;B,2026-05,0ccf8c8a9b2285d5eab7e89c9d3467ee7f2bbbb0,2025-08,4493879609cda513397128e47cc62b7b842cd7c8,,,2023-04,2026-08,284,92,0.3239,10,9,3,
/data/clones/taranis-ai__taranis-ai,ok,2024-01,19,A;B,2025-08,e31b46523cb9e41ab674a256fcaac0afce58b183,2024-01,3d5c66ddea90b29a60ea646b915d0f9ae6160b1e,,,2023-10,2026-08,802,56,0.0698,3,12,0,
/data/clones/Arize-ai__openinference,ok,2025-05,1,A;B,2025-05,2611f8adc060f31d28545cc501f780b09fad9ecb,2025-06,2652fa7372a02980b55425591f16b61626db297c,,,2023-12,2026-08,2095,114,0.0544,12,12,3,54339
/data/clones/yurijmikhalevich__rclip,ok,2025-08,0,B,,,2025-08,e544744ba6b6fe89aba10bd0bffad99ede745e3a,,,2021-06,2026-08,376,4,0.0106,6,10,0,
/data/clones/pantsbuild__pants,ok,2025-07,11,A;B;C,2026-06,3b865d4003baa583dbcebd74e251f4726727f4e9,2025-07,8a45f21befb12b849fb2970e1d219dc8774ac9d6,2026-02,a836213f5dc7dc393cb35ca66b61520dcfe7d6a6,2011-03,2026-08,15392,9,0.0006,12,12,0,
/data/clones/NeuroTechX__moabb,ok,2025-09,5,A;B,2026-02,e61ea337964d8a1d0ad3678678207327e876820d,2025-09,82a6384cf968e234cb5596561b070566decb19bc,,,2017-05,2026-08,1032,44,0.0426,12,11,5,
/data/clones/Michele0303__tiktok-live-recorder,ok,2025-03,0,B,,,2025-03,d85ba13b580e40413b72d7501cb4d3dfcd63c8a6,,,2022-11,2026-08,501,8,0.0160,6,10,2,
/data/clones/benadida__helios-server,ok,2026-01,0,A;B,2026-01,bb2e6491f9ea347f558ebbfb206c6f4429aada96,2026-01,096e8fb5c3d423ad35d3361ba60571143f868e87,,,2009-07,2026-08,1118,65,0.0581,3,1,0,
/data/clones/aimagelab__mammoth,ok,2025-08,6,A;B,2026-02,84136c2d087421ae6d192bdc60705d1acd65135a,2025-08,b8bba6a60f0eef09a9f0bbe8fdfbc71a66bc4580,,,2020-10,2026-05,503,6,0.0119,12,5,1,
/data/clones/CravateRouge__autobloody,no markers,,,,,,,,,,2022-09,2025-10,45,0,0.0000,,,,
/data/clones/deepinv__deepinv,ok,2025-10,4,B;C,,,2025-10,e46edc295985710e2a15ff01cf107b38c3072055,2026-02,c40dd4c9fa2704c18bae7bb9109517a1c03c228e,2022-09,2026-08,1428,6,0.0042,12,10,2,
/data/clones/pazz__alot,ok,2025-08,0,B,,,2025-08,93140bc84ca52bb63acac92e0dbc2390a811df0d,,,2011-05,2026-07,3871,3,0.0008,7,7,1,
/data/clones/KKeygen__idv-login,ok,2025-10,8,A;B,2026-06,943b64df42c04b5660b9e667e020e607a5208a19,2025-10,6dc362d7ed996df586d1ba81b810bef2f325d966,,,2023-07,2026-08,1213,69,0.0569,8,9,4,
/data/clones/drivendataorg__cloudpathlib,ok,2025-10,8,A;B,2026-06,35f88db8d366d503d8bcf7e664a50b4ecdd1889e,2025-10,28f1d943078517262d045ae50136edf27a5298a1,,,2020-08,2026-06,242,10,0.0413,10,4,1,
/data/clones/transferwise__pipelinewise,ok,2025-08,11,A;B,2026-07,be7d104d8c5bcdf8abfa01e865d3a7d4c7c4ad0f,2025-08,a6c11e03d786914b8fee14a2b01f2574bb0def4a,,,2018-09,2026-08,1312,12,0.0091,9,11,1,
/data/clones/databricks__databricks-sdk-py,ok,2025-09,5,A;B,2026-02,b57eec6835156694fd76213e5cb35ced6bc12021,2025-09,a54280d7e2a618a528b5497b7e15306abd05216e,,,2022-06,2026-08,773,22,0.0285,12,11,4,
/data/clones/hyperspy__hyperspy,ok,2025-06,11,A;B;C,2026-05,f9fb160345b95ec27562e1878788f39e21b98476,2025-06,594698fbd032edc91979ee4b02a7bd2df943252b,2026-05,314cc47b237d4e3fa86ca39fa0eabdb0df2e1ed4,2010-11,2026-07,17048,25,0.0015,10,11,1,
/data/clones/xorq-labs__xorq,ok,2025-09,7,A;B,2026-04,1faba5fe05f677ccc80606eed0d849d6b9876aff,2025-09,ea3e48ad8c09b02366851bdc7d107a6f87057a31,,,2023-11,2026-08,1593,335,0.2103,12,11,3,
/data/clones/elementary-data__dbt-data-reliability,ok,2025-06,0,B,,,2025-06,bbbc9173ccb81b0e89ad3c6bd66c21557c0ec59f,,,2022-01,2026-08,3547,87,0.0245,12,12,5,141
/data/clones/SWHL__RapidVideOCR,ok,2025-05,0,B,,,2025-05,0d62a3b6035de431bf81f4fdbbdf0bf767b40205,,,2021-09,2025-09,451,1,0.0022,3,2,0,
/data/clones/translate__translate,ok,2022-01,45,A;B,2025-10,c8691f95ef3e20ff774f13d70d61983433706d06,2022-01,c92c010d239240493b923b37be21680a83fbb9e2,,,2006-08,2026-08,10339,105,0.0102,12,12,0,
/data/clones/linkml__linkml,ok,2025-04,8,A;B,2025-12,16e419bbb950969f9affead1c108abdeda45ce14,2025-04,c902534a3694d1af50229edbf3b33f89e38c7f0b,,,2021-03,2026-08,4749,105,0.0221,12,12,4,58205
/data/clones/TerryHowe__ansible-modules-hashivault,ok,2025-11,0,A;B,2025-11,6a5b068215554b1b585d9a2032deb95a35894003,2025-11,1991d9afb617945c64f1573acc7067f64f9a4ebd,,,2016-05,2026-08,1184,7,0.0059,2,2,1,
/data/clones/flairNLP__fundus,ok,2025-04,0,B,,,2025-04,d283436669fb570d7931b5cc78dace271beb2522,,,2022-08,2026-08,3611,2,0.0006,12,12,0,
/data/clones/curvedinf__dir-assistant,ok,2025-09,0,B,,,2025-09,a821d2d694a638bc7494ef33c29d6dee7fc1e798,,,2024-04,2025-10,369,4,0.0108,6,1,0,
/data/clones/nandyalu__trailarr,ok,2025-05,1,A;B,2025-06,6ef98f7a9402101473eed0b58a4ec26f60788318,2025-05,2873d4f03582fefefb8e7327ae6e2e82dd98e75c,,,2024-03,2026-08,1842,86,0.0467,10,10,5,23065
/data/clones/mkb79__Audible,ok,2025-05,5,A;B,2025-10,16aca98b17f7773edf14d3222b9af74ac85ebbc3,2025-05,47f9ddfbce6b80bb84d0486ec9a82ce2aa05a92f,,,2019-06,2026-08,870,20,0.0230,8,6,2,
/data/clones/google__Xee,ok,2026-04,0,A,2026-04,ed46ff2a88099f656847d33b8537ea59702d40a2,,,,,2023-09,2026-07,393,1,0.0025,9,3,0,
/data/clones/aeron7__nsepython,ok,2025-07,0,B,,,2025-07,e196c26b938657cf201a025eeaf243ac63d6861e,,,2020-06,2026-03,124,3,0.0242,4,2,0,
/data/clones/econ-ark__HARK,ok,2025-05,9,A;B;C,2026-02,bb418e76e741f1dcdd9b42a83304530da183d566,2025-05,e90dcd5d1ca6fa0fbf17fa1d9ef188e933666dc7,2026-01,5fc56c26947928051aa18f4c77f1307373f38196,2016-01,2026-08,5813,111,0.0191,11,11,5,60123
/data/clones/paninski-lab__lightning-pose,ok,2025-08,8,A;B,2026-04,ec623ec6b7926a840608095757b3d10c9764c7ba,2025-08,da740c9bb37a18fabbcdb16cf91a6c47d7e35033,,,2021-05,2026-08,2137,14,0.0066,11,12,1,
/data/clones/haiiliin__abqpy,ok,2025-09,0,B,,,2025-09,a38e023fc20023d845f30025b897167c80291c1c,,,2022-06,2026-08,1522,3,0.0020,10,4,0,
/data/clones/useblocks__sphinx-needs,ok,2025-11,2,A;B,2026-01,89664a87be1d91e2f5143e65ac07ca50cd3a50cc,2025-11,4759e27e9dda6ec57b61eac1292d2740373c90cc,,,2016-11,2026-08,1413,15,0.0106,11,8,4,
/data/clones/dgraph-io__pydgraph,ok,2025-08,0,B,,,2025-08,05dd6b0bbf0eeb2fc662d22c8b54d0d5a9b88e25,,,2016-07,2026-06,434,6,0.0138,10,6,2,
/data/clones/illuin-tech__vidore-benchmark,ok,2025-04,0,B,,,2025-04,5fc0629de7b7fa959783206da0ab1006e49f2bdb,,,2024-06,2026-03,311,3,0.0096,10,5,0,
/data/clones/microsoft__lisa,ok,2025-05,10,A;B;C,2025-06,df323f769d7690ff6b08578e814574f9b5d3ea14,2025-05,3d637f41fb389bb4f1833eb056df7ef0f6a9052a,2026-03,d024a87535a9b449cd2bdf4f424282181c3dca06,2018-05,2026-08,7049,157,0.0223,12,12,5,135928
/data/clones/ai-shifu__ai-shifu,ok,2025-04,3,A;B,2025-07,ff264f9613134d037ba26a5115ba38c295150436,2025-04,b37c4aa65dc416d51baac6fea689474b3a08b249,,,2024-03,2026-08,3140,470,0.1497,10,12,6,97022
/data/clones/MicrosoftLearning__mslearn-ai-studio,ok,2026-01,0,B,,,2026-01,739ef3b4e5f51bc15abdf6154fbd4b0b3c037a0d,,,2024-01,2026-08,508,6,0.0118,12,7,1,
/data/clones/python-discord__sir-lancebot,ok,2025-07,0,B,,,2025-07,718cd802f89a0ecbdab91dd5faf268d6582385a8,,,2018-10,2026-07,4477,1,0.0002,8,9,0,
/data/clones/XRPLF__xrpl-py,ok,2024-11,17,A;B,2026-04,a68a2f02534ba88e852b2e13ad40f43d84c4a0e6,2024-11,ea1174b870b387481e5ff6bd9ea7e3075ab24c08,,,2021-01,2026-08,642,13,0.0202,11,12,2,
/data/clones/vyos__vyos-1x,ok,2025-07,12,A;B;C,2026-05,b30cf14635393827e45ec3e463681c842452ab45,2025-07,3882751b89c72f4a7f6808394b6fe12efce7fc01,2026-07,eb6ae2a8bc2906181a8b8130d9c225f7def7bfa8,2017-08,2026-08,14752,11,0.0007,12,12,1,
/data/clones/resilient-tech__india-compliance,ok,2026-06,0,B,,,2026-06,d603899d9baa8e11061c658efd71ffceff34996b,,,2011-12,2026-08,5241,27,0.0052,12,2,1,
/data/clones/InamuraJIN__ActionRecorder,ok,2025-07,0,B,,,2025-07,4bd72eb44a4409504a50c3b935c5ad729ee8af58,,,2020-08,2026-02,387,3,0.0078,0,1,0,
/data/clones/dnplus__streamlit-oauth,ok,2025-06,0,B,,,2025-06,96c4833a3278ec0a21c52899d60b07e36dea0160,,,2023-03,2025-07,114,2,0.0175,8,1,0,
/data/clones/StingraySoftware__stingray,ok,2025-08,0,B,,,2025-08,075ef26c27e4b5ee92457cc82467c41e0a48cd2f,,,2015-09,2026-06,4432,7,0.0016,10,8,1,
/data/clones/pyTMD__pyTMD,ok,2025-12,0,B,,,2025-12,770d6cc94b168b122a84dc290fa9fd6bdf185629,,,2017-10,2026-07,588,4,0.0068,12,7,1,
/data/clones/psf__pypistats.org,ok,2025-08,0,A;B,2025-08,581551a919a97e310fa00bf3ca8825721ce7c54a,2025-08,581551a919a97e310fa00bf3ca8825721ce7c54a,,,2018-04,2026-07,98,3,0.0306,0,1,0,
/data/clones/invoke-ai__invoke-training,no markers,,,,,,,,,,2023-07,2025-10,865,0,0.0000,,,,
/data/clones/esanchezm__prometheus-qbittorrent-exporter,ok,2026-05,0,B,,,2026-05,0ad7be490d1560d9563b33cd09da1e1aa459cbb9,,,2020-09,2026-05,215,1,0.0047,4,0,0,
/data/clones/Teahouse-Studios__akari-bot,ok,2024-11,0,B,,,2024-11,2ac9ecc3d3606c24f6264d65ced807aeb0accf13,,,2020-06,2026-08,9745,16,0.0016,12,12,4,47549
/data/clones/Jayy001__codexctl,ok,2025-10,0,B,,,2025-10,fe62e45b15de13a93c156d4a36e026f3feefb0ce,,,2023-01,2026-06,496,1,0.0020,11,8,0,
/data/clones/Cyfrin__moccasin,ok,2025-06,0,A;B,2025-06,cace5df740191e0e367345513b258fbe90ae7efd,2025-06,2d8d9828d08736b3faadbc2524df74c54f5c27d4,,,2024-07,2026-06,253,5,0.0198,11,6,0,
/data/clones/epignatelli__navix,ok,2025-09,11,A;B,2026-08,af229a8801f53f8eda410e6a4a091bd071ba70c6,2025-09,2225069ba83832a184345b251570a446c36c83d4,,,2023-06,2026-08,650,66,0.1015,1,1,0,
/data/clones/frankie567__pwdlib,ok,2025-10,0,A;B,2025-10,a076617be4fa1afcab39d844b1dc4572258df0d0,2025-10,f0560fa0bb0bd18a21faf261dc0a7b091cbb022b,,,2024-02,2026-08,67,3,0.0448,5,5,0,
/data/clones/lsy223622__XDUClassVideoDownloader,ok,2025-08,1,A;B,2025-09,fa88fa76bfa149e39941eb2d2f7b42ff0d959bb3,2025-08,12e44f54a6f7e498c7330e4730ec3d55e7860dbe,,,2024-06,2026-07,319,44,0.1379,10,8,4,
/data/clones/ai-forever__gigachat,ok,2025-08,4,A;B,2025-12,b651704c86658af1e3f0b8954f1c7d4f0eeb06a6,2025-08,0b4b760ef37fd47c32861c8ac35a252433ff0924,,,2023-09,2026-07,226,8,0.0354,9,9,2,
/data/clones/lichess-org__berserk,ok,2025-08,0,A;B,2025-08,a84766f9c8316198024cfa90a080a50897d49c79,2025-08,e25ca69a15c8af125f2cb7a3b286a3ac7d44d65e,,,2018-05,2026-05,715,36,0.0503,7,6,1,
/data/clones/microsoft__vscode-mypy,ok,2025-12,2,A;B,2026-02,32b4a176abbaf22b2b60225f5b056184c0526be9,2025-12,85056ee5079a71c7041f7bf050d7389408611071,,,2023-03,2026-07,189,66,0.3492,6,7,5,
/data/clones/WMD-group__SMACT,ok,2024-05,0,B,,,2024-05,78782189b87a73d833f922f253ed442cfedd25f8,,,2013-11,2026-08,2288,18,0.0079,12,9,3,6535
/data/clones/Eden-Kramer-Lab__spectral_connectivity,ok,2025-09,0,A;B,2025-09,07e0c8c7f74fd0eccac1aec5184d72263c9ce65e,2025-09,ba02fe8bc55d6bb3d17fee3056447d100bf0baa2,,,2017-09,2026-05,517,73,0.1412,2,3,2,
/data/clones/SSC-ICT-Innovatie__nl-kat-coordination,ok,2026-03,0,B,,,2026-03,6db793d4172c98ae314102b0aecd1c7141b82777,,,2022-06,2026-08,2614,13,0.0050,12,5,2,
/data/clones/graphql-python__graphql-server,ok,2025-07,0,A,2025-07,759b1c886a59606cd0667b79c66fbc3470de50d0,,,,,2017-03,2025-08,149,3,0.0201,1,1,1,
/data/clones/flexidot-bio__flexidot,ok,2026-01,0,B,,,2026-01,74349bb557e38517f86358e8c23ce028c72e463e,,,2018-02,2026-04,314,3,0.0096,5,2,1,
/data/clones/Infleqtion__client-superstaq,ok,2025-09,0,B,,,2025-09,e6736ff9a880a79fef6d5a70404323e3e5007a25,,,2021-07,2026-08,1920,5,0.0026,12,11,1,
/data/clones/deepmodeling__DeePTB,ok,2025-07,4,A;B,2025-11,e777f1f4f0f1cfe81634b9da5d412d799242872f,2025-07,a3acad65daefd1cb5be5823068db317b6f7bf7c8,,,2022-03,2026-07,869,3,0.0035,11,10,2,
/data/clones/sign-language-processing__pose,ok,2025-12,0,B,,,2025-12,536c2e9981b8c6efcb00059c1456fbbdc401c9b0,,,2020-02,2026-07,383,26,0.0679,8,7,6,
/data/clones/totvs__tir,ok,2025-05,0,B,,,2025-05,7d99483ef3ee4aecf39f4c5277439edf740cce54,,,2018-03,2026-08,5721,37,0.0065,11,7,5,25849
/data/clones/megakid__ha_octopus_intelligent,ok,2025-06,0,B,,,2025-06,deba2266c53b6438a6862db576589cdd66d78825,,,2022-04,2025-11,48,2,0.0417,1,2,0,
/data/clones/broadinstitute__gnomad_methods,ok,2025-06,14,A;B,2026-08,af5ccc115cf9b1a4e431be28020801d1b7306cb4,2025-06,d3227060061379bcb0829561e12fb32763ea85f3,,,2017-09,2026-08,3598,7,0.0019,12,11,1,
/data/clones/causify-ai__helpers,error: fatal: could not fetch 49a5fa226d3110929e9e4584288af70e8f56bc07 from promisor remote,,,,,,,,,,,,,,,,,,
/data/clones/owid__etl,ok,2025-05,0,A;B;C,2025-05,246cab8d4278c794c6da2993547cc1da12d7b76f,2025-05,85a1ee5871a936ff948f4839cdcc93d28416a637,2025-05,6353d07262db6a71f69bd74830dcf79cb9dbd298,2021-09,2026-08,16942,869,0.0513,12,12,6,755688
/data/clones/exo-explore__exo,ok,2025-06,7,A;B,2025-06,885c7d5cd8e9aac65f42127ac82e210a4a853ce1,2026-01,c65320acd3df04d14030a2b746802481ae1a76cd,,,2024-06,2026-06,2353,107,0.0455,10,12,0,
/data/clones/Textualize__textual,ok,2025-10,4,B;C,,,2025-10,5470245e6fb8082d344bda0e78b7e6d14a3c9ed2,2026-02,dffaa580e37f4e39cc456076b3ba1c4de007b2ca,2021-04,2026-07,13103,6,0.0005,12,9,2,
/data/clones/Lightning-AI__pytorch-lightning,ok,2021-06,0,B,,,2021-06,e11fe19673b3e7035f9625345924d90d9dc1d39e,,,2019-03,2026-08,11122,25,0.0022,12,12,1,
/data/clones/keras-team__keras,ok,2025-07,1,A;B,2025-08,a58ea91e5a4ad06061ce762a397dfbe14821eac5,2025-07,2b394c6c0887b261aa121832b83d1fc068d78e19,,,2015-03,2026-08,12624,56,0.0044,12,12,6,209461
/data/clones/Avaiga__taipy,ok,2025-09,5,B;C,,,2025-09,033c4defdb7175da5d5f050eb54fa2cd3260bef9,2026-02,7b7be97c27cc1d67200d70bb17e7263cbb95e9fb,2021-08,2026-05,7595,7,0.0009,12,8,2,
/data/clones/google__magika,ok,2025-07,3,A;B,2025-07,4c8b298e2ff191bd1c4af853b8266d18324c2bb9,2025-10,f61f60d1adf6f63aa5fd0155f124ed7f62d1d3da,,,2024-02,2026-07,1758,8,0.0046,12,10,2,
/data/clones/LibreTranslate__LibreTranslate,ok,2026-02,2,A;B,2026-04,b2f6e1540bdcce9625c467b17c11adecaea2df6a,2026-02,6dfccf569568e3a8ea646b99db92dc627cf232e3,,,2020-12,2026-08,1723,11,0.0064,12,6,1,
/data/clones/pyodide__pyodide,ok,2025-08,1,A;B,2025-08,eae76c367abdf42953065bfec86c66c3d4b82b2c,2025-09,eb168dddb38dbd8f1bc9298b6748476418df4ab8,,,2018-02,2026-08,4367,12,0.0027,12,12,3,
/data/clones/Lightning-AI__litgpt,ok,2025-11,0,B,,,2025-11,43ba18c5a424ded2cd1a8aad39fdfec1f8c42025,,,2023-03,2026-08,1491,4,0.0027,12,8,2,
/data/clones/The-PR-Agent__pr-agent,ok,2024-09,18,A;B;C,2026-01,3a1ba22d9689684eb9578c0b064706ae2d044ece,2026-03,fa3b233f4742b997c54a65faa3e06aef7113e6a3,2024-09,01ba6fe63d4a8ee7031be6b92b5cd9163b9b2b40,2023-07,2026-08,5118,22,0.0043,12,12,0,
/data/clones/marimo-team__marimo,ok,2024-05,23,A;B;C,2025-04,57dd32c4502d1b95491a627d561122c1d8b48b92,2024-05,88d797548f0b8efe9dc8ee1baee9073e203f1921,2026-04,98abdc3495d9de609a54c6be0144fd14dfb7a10e,2023-08,2026-08,6576,383,0.0582,9,12,0,
/data/clones/TheR1D__shell_gpt,no markers,,,,,,,,,,2023-01,2026-07,130,0,0.0000,,,,
/data/clones/invoke-ai__InvokeAI,ok,2025-06,3,A;B,2025-09,ebc3f18a1ad737218fc08fe197a553f379918c10,2025-06,571d286506938abf315d39d2cc8d391eeacadcb1,,,2021-12,2026-08,19142,160,0.0084,12,12,6,113000
/data/clones/LMCache__LMCache,ok,2025-08,6,A;B;C,2026-02,659bdd849a8964505cd27cb2c3fe4006b7e75a14,2025-08,72e20180245f766fdeb965def6a2919026eba4d6,2025-09,a22cfd1a18e212d79c9cd7ebef4175d82f2e6b36,2024-05,2026-08,2142,95,0.0444,12,12,6,
/data/clones/ml-explore__mlx-examples,no markers,,,,,,,,,,2023-11,2026-04,676,0,0.0000,,,,
/data/clones/apify__crawlee-python,ok,2025-04,10,A;B,2026-02,d4c51f8c03796777f4f4f024fb065a53eb7ee8b4,2025-04,c23f365bfd263b4357edf82c14a7c6ff8dee45e4,,,2024-01,2026-08,1782,40,0.0224,12,12,1,
/data/clones/isaac-sim__IsaacLab,ok,2025-08,7,A;B,2026-03,ba8f2e9c0e5b8fe54efce356cb2c80ad124463ab,2025-08,538b649b04af9af554b3aacbb6d35c020d0b515e,,,2022-11,2026-08,2298,30,0.0131,12,12,4,
/data/clones/liangliangyy__DjangoBlog,ok,2025-07,0,B,,,2025-07,677b40167572130b0a3ac03a1a0588d530665ce9,,,2016-11,2026-08,1318,56,0.0425,10,11,2,
/data/clones/readthedocs__readthedocs.org,ok,2025-08,4,A;B;C,2025-12,656f27b6fdbb69225ed4926e4ee08b5d5870e323,2025-08,cc69f23c95b082e16aafb575d67b98244a6880fb,2025-11,227df908069a020fa27f1774b15c1e1107f8815a,2010-08,2026-08,21592,118,0.0055,12,12,4,
/data/clones/mesop-dev__mesop,ok,2025-11,0,B,,,2025-11,dc0d441f55f7b732a5a15ee00e592168e39dd96a,,,2023-10,2026-08,1520,30,0.0197,10,9,5,
/data/clones/flwrlabs__flower,ok,2025-04,11,A;B,2026-03,85dbdc15531c1853dcddae725c0dc2362498dc71,2025-04,358b64c653dc8e39aacdc2c2b5a28ced354fa3cd,,,2020-02,2026-08,5581,97,0.0174,12,12,4,
/data/clones/dnhkng__GLaDOS,ok,2024-05,0,B,,,2024-05,edbac13926561065bcccf91839b087b14c3def1e,,,2023-03,2026-08,383,15,0.0392,4,8,1,
/data/clones/open-edge-platform__anomalib,ok,2025-09,3,A;B,2025-12,1fedbd63ef10259a8898ec0b51606205e4ac431c,2025-09,13955e677504dfd5674742b5d70fda1168c34099,,,2021-11,2026-08,1122,64,0.0570,11,11,5,
/data/clones/robusta-dev__krr,ok,2026-02,0,B,,,2026-02,8af1a534a604ee689d3510fb0e13a9c7a1bdda46,,,2023-02,2026-08,746,13,0.0174,12,5,4,
/data/clones/Blaizzy__mlx-vlm,ok,2025-07,0,B,,,2025-07,5a0fcefd566d647255696a9b48105a69e3b7855b,,,2024-04,2026-08,1236,70,0.0566,12,12,1,
/data/clones/langroid__langroid,ok,2025-05,1,A;B;C,2025-06,82ee845ba654414d498f49a0c098f8390bffe3a3,2025-05,0d9e4a7bb3ae2eef8d38f2e970ff916599a2b2a6,2025-06,d76e46f524f436ba231b1dea6bc1b091a4b29157,2023-04,2026-08,2475,37,0.0149,12,12,1,
/data/clones/GAM-team__GAM,ok,2024-11,0,B,,,2024-11,3ed60c95c213c133edbe123cfa3b5a8455f0f966,,,2014-05,2026-08,5865,1,0.0002,12,12,0,
/data/clones/huggingface__huggingface_hub,ok,2025-05,9,A;B;C,2026-02,8936e007bcc881b69998105b18824778807d863c,2025-05,2aafd153c35580ee6432b57148f55ea3eaf9577c,2025-06,85853e379276ebe235f306171aabb6043a880218,2020-12,2026-08,2672,247,0.0924,12,12,4,70624
/data/clones/polarsource__polar,ok,2025-07,1,A;B;C,2025-07,e2e01a2166d85766a6640a2c1a4aebbeabb08c62,2025-07,05b32e7990da0d5c79c8bafb23f27d953d98348f,2025-08,9a4dc796d363761af62c6aef5f200958ef4d4f25,2023-01,2026-08,16964,1080,0.0637,12,12,6,243376
/data/clones/huggingface__transformers,ok,2025-02,13,A;B;C,2025-06,e28fb26e7db86bd7a8c447d9830d01c0b1765a65,2025-02,4563ba2c6f88d77ef2e47d80b2ec6c82a3589d17,2026-03,e22f3088dd4d53c0a218151e124d45aaee64a63c,2018-10,2026-08,23704,147,0.0062,12,12,3,1111278
/data/clones/containers__ramalama,ok,2024-11,14,A;B;C,2026-01,059945f3d8d2f8f25682b8846458d9b241bc38d2,2024-11,acfed440b1789fb9df42a5c056582342c892abf2,2025-11,16413f9faff981aacfedc297a748bea73b14d40d,2024-06,2026-08,4485,111,0.0247,5,12,2,
/data/clones/atopile__atopile,ok,2025-01,3,A;B,2025-01,403b9f95ad2888cbaa65d75dd1dd64fde4d70cea,2025-04,7d17415773827d9b50f119818d61dc6ef5a98668,,,2021-11,2026-03,2843,40,0.0141,12,10,3,116357
/data/clones/Kometa-Team__Kometa,ok,2026-05,0,A;B,2026-05,66c9360c8ec568fd161b73bd9b2b41d23732ddc4,2026-05,fac58efeb72564a4d6c790395cd4e231ad21305f,,,2020-11,2026-08,4220,6,0.0014,12,3,2,
/data/clones/supabase__supabase-py,ok,2023-09,0,B,,,2023-09,5e5b1e4ddd81c86a97fe74cfaacdcf0eabb26dcf,,,2020-08,2026-08,1216,13,0.0107,12,12,0,
/data/clones/Neoteroi__BlackSheep,ok,2026-02,0,A;B,2026-02,b01f8984e6deff72249f7d7a2c4111d8bca37344,2026-02,e61b418b4bf393536b5dad7f054bf17e18b4faea,,,2018-11,2026-06,380,6,0.0158,9,3,2,
/data/clones/jimmc414__onefilellm,ok,2025-06,0,A,2025-06,41038ad75378d628692842de9f6c51183ed56bed,,,,,2023-03,2026-06,299,2,0.0067,7,4,0,
/data/clones/SQLMesh__sqlmesh,ok,2025-03,3,A;B,2025-06,af2fb95f5cc80cdba1f94773273fd77695ee2aa2,2025-03,a1517478cd08004dacda74ff648dc3786d325c4e,,,2022-09,2026-08,4669,30,0.0064,12,12,5,
/data/clones/meizhong986__WhisperJAV,ok,2025-08,1,A;B,2025-09,4b61eb052ac10a82f2e086dfb4b8ee4da42c3ebb,2025-08,52b0169e4e7c2d2924b87724637238a079b87479,,,2023-10,2026-08,1079,499,0.4625,5,12,6,
/data/clones/xhluca__bm25s,ok,2025-11,0,B,,,2025-11,81d5ce160f225373d0f702d3dd9c6301bd4f1040,,,2024-04,2026-08,127,18,0.1417,8,7,3,
/data/clones/jasonacox__tinytuya,ok,2025-04,15,A;B,2026-07,2dd4887746311b00e38b637511575836d9840e45,2025-04,99cf5ff181b01164ddc2072a1ba81013459245be,,,2020-09,2026-07,1158,23,0.0199,10,11,1,
/data/clones/dbos-inc__dbos-transact-py,ok,2025-09,0,B,,,2025-09,87d004aa09839c66a8fbd581878d388867e26159,,,2024-07,2026-08,590,4,0.0068,12,11,0,
/data/clones/vacanza__holidays,ok,2025-03,0,B,,,2025-03,7e9925d1a9dddb9a9d2c682ca46f1dd115c7eba6,,,2014-08,2026-08,4021,31,0.0077,12,12,6,74959
/data/clones/codingjoe__django-health-check,ok,2025-12,2,A;B,2026-02,93ccd0b1ec098093bf0caf5d58405d90568b340e,2025-12,e2e794ef32c36620c20d702de988185dfb7b6982,,,2011-08,2026-08,543,6,0.0110,5,8,2,
/data/clones/KartoffelToby__better_thermostat,ok,2025-10,0,B,,,2025-10,d95dd4760202c8b2295c0e3a422140cc9480a43d,,,2021-10,2026-06,1319,36,0.0273,6,8,4,
/data/clones/redis__redis-om-python,ok,2025-04,9,A;B,2026-01,5c14ce14af0434376b766db99e835b458b2cb85c,2025-04,277ed25b76c32dc98d3f3c7d938c894c870ed962,,,2021-08,2026-08,684,4,0.0058,7,7,1,
/data/clones/quay__quay,ok,2025-10,1,A;B,2025-11,12e0c0926f13ee4b2964fdba478929d66acf4526,2025-10,b9460aa3340140cd11695dfed40c39ed91d602be,,,2013-09,2026-08,13325,553,0.0415,12,10,6,
/data/clones/superlinear-ai__raglite,ok,2025-10,2,A;B,2025-10,5331f18643af45a8043e71fdfc96d6059d7616aa,2025-12,fcbe393bdda07d760a0e2c7a00c3c503b24773f6,,,2024-06,2026-08,127,2,0.0157,10,7,1,
/data/clones/PyThaiNLP__pythainlp,ok,2026-01,0,A;B,2026-01,4440428ffb2a007aff992296a616305dbfceff14,2026-01,a70261899f5526f52f841679870065a7902fb608,,,2016-06,2026-08,6567,819,0.1247,12,7,6,
/data/clones/brentyi__tyro,ok,2025-03,15,A;B,2025-03,3042a7b338b07a77280eddeabb9566030a60d3c2,2026-06,40d55a4533ab733db888e19681810197500d981c,,,2021-10,2026-08,753,9,0.0120,11,12,1,
/data/clones/lnbits__lnbits,ok,2025-09,8,A;B,2026-05,93dc10fe94866cfc4c672bb199a51ac0cd7234f3,2025-09,918add5e6e108f669b74e5bdeb65ae5b268a890c,,,2019-12,2026-08,7232,9,0.0012,12,11,2,
/data/clones/a16z__halmos,ok,2025-06,0,A,2025-06,b4266cf6ed98a960f7964c76aa9d99c65b4e0c17,,,,,2022-12,2025-08,373,1,0.0027,12,2,0,
/data/clones/rsheftel__pandas_market_calendars,ok,2025-12,0,A;B;C,2025-12,325119539c8396d2b44da7e41ce79225a6a5b7b3,2025-12,1e382b42fc8c6242de7909749cc1933a2fa7e9ed,2025-12,cd03c28a3b314b8177d6516df0a7ccca7e75fe60,2016-12,2026-05,985,16,0.0162,10,5,1,
/data/clones/feldroy__air,ok,2025-08,7,A;B;C,2026-03,8664da013eaedb3aef09f4769ccf9c62c0928fbf,2025-08,a684d8ad5b508a05186cef0bda8d2085fd26681b,2026-03,f4ddcb8ee46a2bb7f1cdb937fbf268857522d5d3,2015-12,2026-08,2557,43,0.0168,2,11,4,
/data/clones/jolpica__jolpica-f1,ok,2025-05,12,B;C,,,2025-05,0753006583e788989f17397479ecee435fa1c81a,2026-05,54ea8daaafe6f343d7b176955ce2cf13cd434901,2023-10,2026-08,692,3,0.0043,12,11,0,
/data/clones/mostly-ai__mostlyai,ok,2026-04,0,B,,,2026-04,f63fccb49d67f26803284279d7dcab7dad6a65ce,,,2023-12,2026-05,650,6,0.0092,10,1,1,
/data/clones/gijzelaerr__python-snap7,ok,2025-09,0,A;B,2025-09,a2421e23589d1f859f298d2092f173c5dd25be47,2025-09,a2421e23589d1f859f298d2092f173c5dd25be47,,,2013-10,2026-08,595,158,0.2655,4,8,3,
/data/clones/exo-lang__exo,no markers,,,,,,,,,,2020-08,2026-08,1258,0,0.0000,,,,
/data/clones/NVIDIA__NVFlare,ok,2025-07,7,A;B,2026-02,1d32a539504c440790b142678ff93ba729eb424d,2025-07,9c383ef17ba2a90d7374a41e764bc25071cae7fb,,,2021-07,2026-08,3216,114,0.0354,12,12,6,270258
/data/clones/vccimaging__DeepLens,ok,2025-12,0,B,,,2025-12,644ae49cff5840abf5bde76d037006e3ab0e2077,,,2022-08,2026-08,1389,367,0.2642,12,8,6,
/data/clones/castorini__rank_llm,ok,2026-01,0,A;B,2026-01,621bfd734d8afcd19cc1a97053901f0ddbab7f2c,2026-01,621bfd734d8afcd19cc1a97053901f0ddbab7f2c,,,2023-08,2026-08,276,11,0.0399,11,7,3,
/data/clones/devitocodes__devito,ok,2025-07,0,B,,,2025-07,8b8f17e32d0a50184a7dc6134b98cecd844ab122,,,2016-03,2026-08,14346,5,0.0003,12,12,1,
/data/clones/aio-libs__aiodns,ok,2025-06,0,B,,,2025-06,78cd6004d6ab3f46d5ed57189ec1aae27d9cd62e,,,2014-03,2026-08,251,2,0.0080,3,12,0,
/data/clones/roboflow__roboflow-python,ok,2025-05,1,A;B,2025-05,e2c63ebf956aaacb45187b8bdf993d46149a3c4c,2025-06,c570d22d27183100af07e3a0eb206e374de7ead5,,,2020-05,2026-08,1623,149,0.0918,12,11,2,
/data/clones/fossasia__eventyay,ok,2025-02,13,A;B;C,2026-01,857d4248d039c7e61941a84eb4f61db8959da03c,2025-02,a3f2d27144cd9f45880e47f66022f6e6db8b7363,2026-03,1609a685a76e1c8a4be45560264c966d48e7ed12,2014-09,2026-08,21560,40,0.0019,12,12,2,
/data/clones/RobHofmann__HomeAssistant-GreeClimateComponent,ok,2026-02,0,A,2026-02,68c59dc97306ff69919e07cc3836b9e11db051ea,,,,,2018-07,2026-05,199,1,0.0050,8,3,0,
/data/clones/david-lev__pywa,ok,2025-05,0,B,,,2025-05,5e7ace9757857a0de1787c960fbf0d8c497152bd,,,2023-06,2026-08,1526,4,0.0026,12,12,0,
/data/clones/PacificAI__langtest,ok,2024-12,0,B,,,2024-12,b7c9fac0d389862c6c043d1858d5b4c81ee1211a,,,2022-11,2026-08,5973,4,0.0007,12,10,1,
/data/clones/hsahovic__poke-env,ok,2026-03,0,B,,,2026-03,a5b9c39c0e846951d57d64423bf72f620de27e12,,,2019-08,2026-08,1390,5,0.0036,9,5,0,
/data/clones/supervisely__supervisely,ok,2025-05,0,B,,,2025-05,22ed3114dd43189a8e396b0798f843b094f7bc4a,,,2018-07,2026-08,1787,9,0.0050,12,12,1,
/data/clones/vgalin__html2image,no markers,,,,,,,,,,2020-07,2025-05,255,0,0.0000,,,,
/data/clones/dsfsi__textaugment,ok,2025-12,0,B,,,2025-12,6c8ca3c47b52db6a066b35b2c5af25a3a15a1110,,,2019-05,2026-03,117,2,0.0171,3,1,0,
/data/clones/cyberofficial__Synthalingua,ok,2025-09,0,B,,,2025-09,1eae5c06d99f9a955f5eb15cfa1fb0bc598ff9db,,,2023-03,2026-05,736,13,0.0177,11,8,1,
/data/clones/redis__redis-vl-python,ok,2025-04,5,A;B,2025-04,9f22a9ad4c2166af6462b007833b456448714dd9,2025-09,a4cc9540b9b017cc8d07138ba2d2eb949a423a0d,,,2022-11,2026-08,469,35,0.0746,12,11,3,23369
/data/clones/seriaati__genshin.py,ok,2025-06,4,A;B,2025-10,723127cd349ff1b66d941c8159bd58b53f6d1dd7,2025-06,8b25d2afef9c37f5208a08801d7b4a3f8c1586f8,,,2021-09,2026-08,1004,11,0.0110,12,12,2,
/data/clones/expectedparrot__edsl,ok,2024-04,11,A;B,2025-03,c67e36c3f1048c44546f9fb3793aaea35215bb59,2024-04,3bbd479b6e5ad07bc49e1eb6ffbb552621cce5ba,,,2024-01,2026-08,8082,551,0.0682,3,12,0,
/data/clones/ml-energy__zeus,no markers,,,,,,,,,,2022-08,2026-08,449,0,0.0000,,,,
/data/clones/aristoteleo__spateo-release,no markers,,,,,,,,,,2021-02,2026-02,1801,0,0.0000,,,,
/data/clones/RobotWebTools__roslibpy,ok,2025-09,0,B,,,2025-09,1b4abbc925b4f338257bbf525f6a7f57b24e51b9,,,2018-01,2026-08,454,9,0.0198,4,7,1,
/data/clones/wandb__wandbot,ok,2025-01,0,A,2025-01,20a3fb0b7076cb6ec9f79c72d376bc57eb7d55d4,,,,,2023-03,2025-10,827,2,0.0024,9,6,0,
/data/clones/GetSoloTech__solo-cli,ok,2026-01,3,A;B,2026-04,cddb83c5e3d968d8443b98028410987ad65bb3a9,2026-01,81317f6d8d1cc4008ccdd5229250fed1e435c42b,,,2024-06,2026-04,347,14,0.0403,10,3,2,
/data/clones/flexcompute__tidy3d,ok,2025-11,2,A;B,2025-11,7bca70e7df1bfdff06683ad259b53f9eab67eaa3,2026-01,39d04eb000da96f40a62a18780bdfbfe0d0c26e1,,,2021-08,2026-08,3709,32,0.0086,12,9,4,
/data/clones/pwwang__datar,ok,2025-10,0,B,,,2025-10,bf9f830f25c5ed5b023cb63a5a22269e80467a41,,,2020-11,2026-05,321,2,0.0062,3,5,1,
/data/clones/software-mansion__starknet.py,no markers,,,,,,,,,,2021-11,2026-05,854,0,0.0000,,,,
/data/clones/AeonOrg__Aeon-MLTB,ok,2024-09,0,B,,,2024-09,6db1e96e56d16007a37012a7a2c7cbccbb0371f2,,,2023-09,2026-04,63,6,0.0952,6,7,0,
/data/clones/kazewong__flowMC,ok,2025-08,0,B,,,2025-08,826b2bd8e3fa0e921825311b710e34db668f5ada,,,2021-11,2025-10,1230,1,0.0008,9,1,0,
/data/clones/PyPSA__linopy,ok,2025-06,0,A;B,2025-06,d3b7b0d9d685e067bbb7fdbc5a5ac57bbb9e5113,2025-06,78093a4af47118e297af1fce294485aac3d21f23,,,2021-03,2026-08,1396,78,0.0559,12,11,0,
/data/clones/pmgbergen__porepy,ok,2025-08,0,B,,,2025-08,f25d83a3fa29b84d9ae954108dadd7572d129280,,,2016-02,2026-08,13887,11,0.0008,12,12,3,
/data/clones/thawn__ttmp32gme,ok,2025-12,0,A;B,2025-12,b4893cd2d8ae707a12a061bbb3f351ea41e4e1ad,2025-12,b61b1c109e6f76f88dd5f8636d173bae8412c708,,,2016-12,2026-01,825,422,0.5115,0,1,1,
/data/clones/executablebooks__sphinx-design,ok,2026-01,0,A;B,2026-01,5f9335ad53a3014a6bacdd7ec6341f588d371cf0,2026-01,aae4b817073ad0958c4b78d0d979cfe5bc20ee2a,,,2021-07,2026-07,188,5,0.0266,1,1,1,
/data/clones/gbionics__adam,ok,2025-07,0,B,,,2025-07,282bae507a2c45931d6995452592f47b30d996f0,,,2021-05,2026-08,1015,53,0.0522,9,11,6,
/data/clones/dabapps__django-readers,ok,2025-05,0,B,,,2025-05,46b35b0e51df61cc07ab2448b6fc0087a252cc60,,,2021-01,2025-11,436,2,0.0046,2,2,0,
/data/clones/phalt__clientele,ok,2025-10,0,B,,,2025-10,91c0181ab386942c428607f8a7084ab0e8cb9eb1,,,2023-07,2026-07,775,337,0.4348,1,8,2,
/data/clones/Unstructured-IO__unstructured-inference,ok,2026-01,0,B,,,2026-01,08396e1b108d1524e216135d7f8f96575611b297,,,2022-10,2026-06,302,6,0.0199,10,4,3,
/data/clones/esphome__aioesphomeapi,ok,2024-09,14,A;B,2025-11,cf6d23628d0c8b70a2f290ff18f95e9abfe3be94,2024-09,3ca83b2c666acaeefb5fadbfcb7ddbdc9e6d6195,,,2018-12,2026-08,2188,12,0.0055,11,12,0,
/data/clones/zfit__zfit,ok,2025-05,0,A;B,2025-05,750a5804af7c68bfb08b41e2915940d461f44a93,2025-05,9d205f9dc53aa80422867ab7ff7e7231bbc1fa5c,,,2018-03,2026-07,4439,76,0.0171,12,11,6,50405
/data/clones/RapidAI__RapidOCRPDF,ok,2025-04,0,B,,,2025-04,bb85659c79d480c43bff4441b51b22992f4815bc,,,2023-04,2025-05,64,2,0.0312,3,1,0,
/data/clones/SchmollerLab__Cell_ACDC,ok,2025-07,0,B,,,2025-07,67987fb383416ab80aa7f71e709246c929963ae9,,,2021-01,2026-08,5102,78,0.0153,12,12,2,
/data/clones/pavelzbornik__whisperX-FastAPI,ok,2025-08,2,A;B,2025-10,a7c7de71172cd1013932d7b1df949bc16a567c4a,2025-08,b68cd5a13e4621c89cc895818bc779028c437766,,,2023-12,2026-05,1091,281,0.2576,10,9,3,
/data/clones/NTNU-IHB__PythonFMU,ok,2025-04,0,B,,,2025-04,fbfcf78ecf1dd210a4af30a4df097ad40c591f43,,,2019-10,2025-12,402,1,0.0025,7,4,0,
/data/clones/achimnol__aiotools,ok,2025-06,0,B,,,2025-06,e15bf789e6ae39f3d8c3b795cb4fcbaeb5c3c83a,,,2017-04,2026-07,346,1,0.0029,2,1,0,
/data/clones/vespa-engine__pyvespa,ok,2025-06,1,A;B,2025-07,4cd45fd21d7b68d8399401d951f6200fb17eb522,2025-06,0181179d21be166696ea7846fac743951fdcc52a,,,2020-06,2026-08,4497,90,0.0200,12,12,4,22476
/data/clones/grahampugh__jamf-upload,ok,2025-11,5,A;B,2026-04,0c659d3d17485417e43689553aa17427287b4f4b,2025-11,abe036fc334146a05917b4c576fe1eddb30d96da,,,2020-06,2026-08,1279,8,0.0063,12,9,3,
/data/clones/metapub__metapub,ok,2025-06,2,A;B,2025-08,dbe02910b3bc87a348dda58472ee2462492228d4,2025-06,c75c49ae8a6bef6bee3a4dc9e6769d8c7056eebb,,,2019-08,2026-06,463,62,0.1339,5,5,1,
/data/clones/triton-inference-server__perf_analyzer,ok,2025-03,0,B,,,2025-03,4dca654fb7d8073f59349289806fcf96cff78649,,,2021-04,2026-08,617,1,0.0016,12,10,0,
/data/clones/vladfi1__slippi-ai,ok,2025-04,13,A;B,2026-05,422559a9b3d57b3f96dd0f1bf5e46aee14987534,2025-04,d8e35d35a3839e2fc5ef5fb78ea27dd19744a74e,,,2020-11,2026-08,1337,22,0.0165,10,11,0,
/data/clones/Ballsdex-Team__BallsDex-DiscordBot,ok,2025-04,0,B,,,2025-04,8723b6b3eef11bd953fdb8118806958b8f4110ab,,,2022-09,2026-08,1161,1,0.0009,12,12,0,
/data/clones/rotemreiss__uddup,no markers,,,,,,,,,,2021-02,2021-02,26,0,0.0000,,,,
/data/clones/xCDAT__xcdat,ok,2026-03,0,A,2026-03,baf02aebbb46bfc9eaf965e8c8418bf540b042be,,,,,2021-04,2026-08,320,1,0.0031,12,3,0,
/data/clones/xarray-contrib__flox,ok,2025-07,0,A;B,2025-07,97d408e449da224700b125a3a3aa5944e6ce0da9,2025-07,97d408e449da224700b125a3a3aa5944e6ce0da9,,,2021-03,2026-07,715,6,0.0084,11,11,2,
/data/clones/TimSoethout__goodwe-sems-home-assistant,ok,2025-09,5,A;B;C,2026-02,2ddba259fa1f7f0cca12b70808384f479e405b19,2026-02,2ba55ee927fa12861cd8d1138970e4e17461d894,2025-09,8c7ee90fdd16e75eeb6dcca032561ce9dd5581a2,2019-01,2026-07,241,20,0.0830,6,7,1,
/data/clones/MiChaelinzo__CyberPunkNetrunner,ok,2025-12,0,B,,,2025-12,e3003397c1d1b537de17f1f726256884fd00e0de,,,2020-07,2026-02,48,24,0.5000,0,1,1,
/data/clones/andrewm4894__anomstack,ok,2025-07,0,A;B,2025-07,868b77b6e2096911001364eaf4b093a53680706f,2025-07,ca33b88b0a4a9fa245d6c8928488b6d8581bd9da,,,2023-06,2026-02,1587,45,0.0284,10,4,3,
/data/clones/thomascamminady__LeTourDataSet,ok,2025-06,0,B,,,2025-06,9e7ff1e79da14d671b64a87859dd03d6c6fe9bbe,,,2018-07,2026-08,178,20,0.1124,4,2,1,
/data/clones/oracle__accelerated-data-science,no markers,,,,,,,,,,2022-02,2026-08,4280,0,0.0000,,,,
/data/clones/hivesolutions__netius,ok,2025-06,8,A;B,2025-06,493d6c2fee440b1fe47db350b4342831d18f15fa,2026-02,5719ff8bbd23acedf1dd48fae7ae99b3cea510cc,,,2013-10,2026-06,5482,213,0.0389,3,10,3,
/data/clones/codingjoe__joeflow,ok,2025-11,0,B,,,2025-11,a8359cf7928fe47a74b293b7846a212ff6b5d053,,,2018-11,2026-08,214,1,0.0047,12,9,0,
/data/clones/truenas__apps,ok,2025-06,4,A;B,2025-10,b16b505b6f62dfef8cdaf1c6ec27ef17097b376b,2025-06,2c6f6abda158afbf68cbe844644ff2a87ec49b17,,,2024-02,2026-08,7352,57,0.0078,12,12,3,4216228
/data/clones/soxoj__maigret,ok,2026-03,0,B,,,2026-03,e84e394e6f0bd574507643dbf42461cc41955dc4,,,2020-01,2026-08,1521,31,0.0204,8,5,2,
/data/clones/mem0ai__mem0,ok,2025-06,10,A;B,2026-04,a670333d67be1207b5be2fc73af60c3439444f48,2025-06,6f3fbd087dc9abcc75d61ed43a54f23dc540b2f6,,,2023-06,2026-08,2595,109,0.0420,12,12,1,
/data/clones/trailofbits__algo,ok,2025-08,0,A;B,2025-08,d961f1d7e00c123448adff3b2f5bf0c582823b87,2025-08,3588642b4baf37f62105636e830e17a3c9e18ced,,,2016-05,2026-07,1344,78,0.0580,0,11,5,
/data/clones/PromtEngineer__localGPT,ok,2025-07,0,B,,,2025-07,7a6d75a74df525d6fb7464924914b023e430e77f,,,2023-05,2026-02,340,18,0.0529,6,2,1,
/data/clones/Comfy-Org__ComfyUI,ok,2026-02,4,A;B,2026-06,50e5270b86765bac2da70248d61050abba72b19f,2026-02,4993411fd9a43d642971925272c3748d9e058131,,,2023-01,2026-08,5794,18,0.0031,12,6,4,
/data/clones/huggingface__lerobot,ok,2025-08,8,A;B;C,2026-04,8645d71e5670d1aea2dde5c7c25ec98ec29d474d,2025-08,88f7bf01c1a09cada3db6932e14052ed759f5c48,2026-03,0d1be72dc8309b8841c363cdd322174ed13a7c9f,2024-01,2026-08,1711,56,0.0327,12,12,6,
/data/clones/Kanaries__pygwalker,ok,2026-02,5,A;B,2026-07,8005c8bf72a2e4f3f3eedc0f1922f7d29abe926b,2026-02,40fbfbb152cbd145d9548417bc025261cb616d30,,,2023-03,2026-07,774,6,0.0078,7,4,2,
/data/clones/mitmproxy__mitmproxy,ok,2025-10,1,A;B,2025-10,4b4a8e21c0cbe993b2efa8df262711e9458f62ab,2025-11,c356c40b652a5742bd2bd2b2cb64f89a1e3aeba1,,,2010-02,2026-08,11206,6,0.0005,12,10,3,
/data/clones/redis__redis-py,ok,2025-05,11,A;B,2026-04,bd2589cac0f7b02b26ff4e65813274bb5986f086,2025-05,c0a049260e9cf64989e5376e4f474e0cb51cc52d,,,2009-11,2026-08,2822,27,0.0096,12,12,2,
/data/clones/pydantic__pydantic-ai,ok,2025-05,1,A;B,2025-05,f89824b92b5ca2f16db9e86f8dacff5074a3d6e7,2025-06,8aa964b54b661b75f1027fa26b93754714d389a2,,,2024-06,2026-08,2764,335,0.1212,8,12,6,
/data/clones/bmaltais__kohya_ss,ok,2025-05,14,A;B,2026-07,355f01476ef920af3bb937a1720746095b83e306,2025-05,f28f96b111c9860ed3a4a8791861f6c4fcd7c12c,,,2022-10,2026-07,3468,33,0.0095,12,3,2,
/data/clones/icloud-photos-downloader__icloud_photos_downloader,ok,2025-08,0,B,,,2025-08,f52826c5155fd75c269cfbe88eecfcc62bf2ed4f,,,2016-05,2026-05,994,38,0.0382,12,4,1,
/data/clones/camel-ai__camel,ok,2025-05,0,B,,,2025-05,ca5ef369eb883aac072967d6134de27ecf04f6e4,,,2023-03,2026-08,2284,22,0.0096,12,12,3,157912
/data/clones/nltk__nltk,ok,2025-05,0,B,,,2025-05,8e3ca55956b5c093ce6dd6326d633ad8214c8c12,,,2001-03,2026-08,15498,101,0.0065,9,12,3,
/data/clones/oumi-ai__oumi,ok,2024-09,23,A;B;C,2026-08,5ba5bc5dad60249ac138158c2d9849fcf52d916c,2025-06,902f4e79257e1a1483d6ce29e56c74e7548e785d,2024-09,ec97f0626cd80bbddd9e4f0db3fc1d3d06dd76b6,2024-05,2026-08,2235,48,0.0215,4,12,0,
/data/clones/openatx__uiautomator2,ok,2025-09,0,A;B,2025-09,557e7cc8556ca3a162eca5e261becb36659dabbe,2025-09,7f0f59cd36007544038896d93d656008df7f5b4a,,,2017-09,2026-08,823,13,0.0158,10,8,2,
/data/clones/alirezamika__autoscraper,ok,2025-06,0,B,,,2025-06,996f06e946a20d9b97dbfa947f9329ee5ede0234,,,2020-08,2026-07,148,2,0.0135,2,0,0,
/data/clones/lutris__lutris,ok,2026-01,0,B,,,2026-01,9e0acb9cc6983966f46c6f95cdeac86e9a377ddf,,,2010-01,2026-08,11724,162,0.0138,12,7,6,
/data/clones/RsaCtfTool__RsaCtfTool,ok,2025-11,0,B,,,2025-11,7a1701929f9afa696ca12fa7d9e3fa7cf260591a,,,2021-07,2026-08,598,24,0.0401,5,6,2,
/data/clones/Tautulli__Tautulli,ok,2025-09,0,B,,,2025-09,26e6b328112eb2cf35c164f981e0718f3a3d31a7,,,2015-02,2026-06,5584,2,0.0004,10,8,1,
/data/clones/mage-ai__mage-ai,ok,2023-08,0,B;C,,,2023-08,09e38f08b23b6aa04cb72c8e2f1df3f1a4fcd24f,2023-08,dae8851e010a8827ada32d1dc5faed49e1f5f23e,2022-05,2026-08,5790,6,0.0010,12,12,0,
/data/clones/numba__numba,ok,2026-03,1,B;C,,,2026-04,216973772b4e74dac64cb7f0c57c3ba525c8826b,2026-03,37352add9129dcd361abdb3488f88f1ce315c4b2,2012-03,2026-08,28267,8,0.0003,12,5,3,
/data/clones/google-deepmind__gemma,ok,2026-06,0,A,2026-06,195a9772b5cab4598dc8422780dd19dc0c03a284,,,,,2024-02,2026-08,332,1,0.0030,11,2,0,
/data/clones/NewFuture__DDNS,ok,2025-05,2,A;B,2025-07,f1a764d3c2e2c6aade66f85162964e6ce9248fee,2025-05,4f82472c540523c5ff69db83013fdcf503366ce5,,,2016-06,2026-08,686,140,0.2041,3,11,5,
/data/clones/chaiNNer-org__chaiNNer,ok,2025-10,0,B,,,2025-10,78fc4797ec7d0db513ccd946f11e9612fa608436,,,2021-09,2026-07,2157,23,0.0107,4,5,1,
/data/clones/ktbyers__netmiko,ok,2026-03,0,B,,,2026-03,418318aa67341befa63037ffae0302a620b83535,,,2014-11,2026-08,3196,43,0.0135,11,5,3,
/data/clones/camelot-dev__camelot,ok,2025-08,0,B,,,2025-08,4b613e411caeb0300f70946b7816dceaefa2b88c,,,2016-07,2026-08,1508,9,0.0060,11,6,0,
/data/clones/sukeesh__Jarvis,no markers,,,,,,,,,,2017-03,2025-12,1815,0,0.0000,,,,
/data/clones/inventree__InvenTree,ok,2023-10,32,A;B,2026-06,f1a1f6f18aea0e56413c677fcc3c6603e40c787f,2023-10,faac6b6bf54a4681ec9386549e5f3bea651ed8f1,,,2017-03,2026-08,18185,39,0.0021,12,12,0,
/data/clones/Beckschen__TransUNet,no markers,,,,,,,,,,2021-02,2026-02,35,0,0.0000,,,,
/data/clones/oauthlib__oauthlib,ok,2025-05,12,A;B,2026-05,41ba5cd20f3991f3527898586eb917497677b383,2025-05,7d4b288dbde1b5be2f18791c59114b2e21ef5ae8,,,2011-11,2026-07,1838,11,0.0060,6,10,1,
/data/clones/datachain-ai__datachain,ok,2025-06,12,A;B;C,2026-06,1b0e13abde422f7b144fd3c25381bb2b3184def1,2025-06,02479f01d0810ef45d6c698614cf6c998084ce8f,2025-06,1137e2c675ae5bcee06dff4717eea40d7acf4bab,2024-06,2026-08,1154,39,0.0338,12,12,4,
/data/clones/electricitymaps__electricitymaps-contrib,ok,2024-10,0,B,,,2024-10,43346a107b3e63b0c73f13fdfd56a095bf0ad2d2,,,2016-05,2026-08,6841,55,0.0080,12,12,3,35874
/data/clones/CravateRouge__bloodyAD,ok,2025-10,0,B,,,2025-10,627b3f9c0cd3eaa3cb0d6e0ed9354857e125ab60,,,2021-10,2026-08,297,3,0.0101,10,8,0,
/data/clones/embeddings-benchmark__mteb,ok,2025-08,12,A;B;C,2026-08,728e9cb9d880c5b0dc0bd0d704a2fc1c496a9fcd,2025-08,e5d386bde906464824acfefe855cc3ce29fefbc8,2025-08,53d7d84b1e51111edbae63283f4630115156f3ab,2022-04,2026-08,4467,81,0.0181,12,12,4,
/data/clones/Kludex__mangum,ok,2025-12,0,B,,,2025-12,2e3ba333f536ac3d2cdb18cd9c2d4163da61dc68,,,2019-01,2026-08,490,1,0.0020,2,4,0,
/data/clones/graphistry__pygraphistry,ok,2025-05,0,A;B,2025-05,3da7135397ece851d19af9af8b09e98d0bb89f33,2025-05,3da7135397ece851d19af9af8b09e98d0bb89f33,,,2015-06,2026-08,4166,1132,0.2717,9,12,6,98715
/data/clones/mlco2__codecarbon,ok,2025-05,2,A;B,2025-07,a4c3adbed534a4fe8b2ddc84228cc89adad11337,2025-05,4d5b0935fce4d606faa123e31354cf96657388cc,,,2020-05,2026-08,2897,79,0.0273,12,12,4,18033
/data/clones/apache__casbin-pycasbin,no markers,,,,,,,,,,2018-09,2026-08,466,0,0.0000,,,,
/data/clones/karlicoss__HPI,ok,2025-09,0,B,,,2025-09,2bbf98a73105a2fbb61d1f47214147a7e8819ad6,,,2017-07,2026-08,1262,1,0.0008,12,6,0,
/data/clones/whitphx__streamlit-webrtc,ok,2025-04,2,A;B,2025-06,847f4557da11a21e271cf482daa67d6b307a292e,2025-04,2ec961e40cab61f8f650c8e4d8ee64611f827369,,,2021-01,2026-08,1789,52,0.0291,7,7,2,
/data/clones/bernardopires__django-tenant-schemas,ok,2025-09,0,B,,,2025-09,ae7b2cdffe205b7629f8b33ce8fabca80ba6a351,,,2011-02,2026-02,646,1,0.0015,1,1,0,
/data/clones/terraform-compliance__cli,ok,2026-05,0,B,,,2026-05,f45a4fe9b86c40d28a8fc5f29cce1d146cad3696,,,2017-04,2026-05,1194,1,0.0008,3,0,0,
/data/clones/deepmodeling__deepmd-kit,ok,2024-04,16,A;B,2025-08,727ec3ceab381dbae5a5c3281ba59ba745ae01d8,2024-04,d0cd9f33750659aefc8289ee6277f38e73805bf3,,,2017-12,2026-08,3955,110,0.0278,12,12,6,126065
/data/clones/koaning__scikit-lego,ok,2025-06,0,B,,,2025-06,18ee7f12a21a206eb56e1e9b25e6effc68873b5d,,,2019-01,2026-07,601,3,0.0050,9,8,0,
/data/clones/adamchainz__django-upgrade,ok,2025-11,0,B,,,2025-11,1de4f2751bccc32baebd65b0efda54221fc66677,,,2021-08,2026-08,708,1,0.0014,12,9,0,
/data/clones/seddonym__import-linter,ok,2026-02,0,B,,,2026-02,ee1cd52705527b347a2b9f70d03f5cd626ba05f2,,,2019-01,2026-08,533,1,0.0019,11,6,0,
/data/clones/basetenlabs__truss,ok,2025-12,1,A;B,2026-01,a21fdc2a70bb4a9b06d2d9f6e8740ae196441ee3,2025-12,67063ac9d6e3d267b4cdb429a1a4e85c64bb9af0,,,2022-07,2026-08,2833,96,0.0339,12,8,6,
/data/clones/HumanSignal__label-studio-ml-backend,ok,2025-06,0,B,,,2025-06,e811ceecd0e77951c109357e0c8d7a840791faf9,,,2020-04,2026-08,762,9,0.0118,12,12,1,
/data/clones/FalkorDB__GraphRAG-SDK,ok,2026-02,0,B,,,2026-02,c769f04673a3995cd1b255787708beef5a4ba3cc,,,2026-02,2026-08,418,212,0.5072,0,6,6,
/data/clones/Capsize-Games__airunner,ok,2024-09,19,A;B;C,2026-04,296f62b11050fd94f145225686298bc52a260cd2,2024-10,e52f493bd072bf1c0b84db7de93b0906bc191e1a,2024-09,883dcc5fd900140c508828b37605f81a951a9809,2023-03,2026-08,8565,50,0.0058,11,11,2,
/data/clones/Comfy-Org__comfy-cli,ok,2025-05,14,A;B,2026-07,e46de385adf30beead66487d0ac35f1d02391a38,2025-05,2e36f33dd39ef43b5acf7d1fc5acc5e01be92360,,,2024-04,2026-08,697,105,0.1506,10,11,1,
/data/clones/tsukumijima__KonomiTV,ok,2025-01,17,A;B,2025-01,0558f5f7aa2f5f652c02defa0d4f603cb56b9fb0,2026-06,48b15e151700f822f3965c6f9b2cac12fe059be6,,,2021-06,2026-08,3797,37,0.0097,12,12,4,29457
/data/clones/ceccopierangiolieugenio__pyTermTk,ok,2025-06,5,A;B,2025-11,bdfc130f877435194650c476146fca67c33e5bc6,2025-06,c9fdcf27a9eb112f2f421a4856fbc290bba4f30a,,,2021-02,2026-08,2109,20,0.0095,12,11,1,
/data/clones/mimo-x__Code-Review-GPT-Gitlab,ok,2025-11,0,A;B,2025-11,72e1ed980bd8d26ee8433e52f012f1f3607ab4d3,2025-11,72e1ed980bd8d26ee8433e52f012f1f3607ab4d3,,,2023-10,2025-12,152,9,0.0592,7,1,0,
/data/clones/Project-MONAI__MONAILabel,no markers,,,,,,,,,,2021-03,2026-02,1040,0,0.0000,,,,
/data/clones/marin-community__levanter,ok,2025-04,3,A;B,2025-07,dc485b1831a1e7ef64c9990e1282c3d109d956ca,2025-04,5a63f48dc554dbcb876a43330a77b366bf6525cc,,,2022-05,2025-11,1655,21,0.0127,12,7,5,
/data/clones/googleads__google-ads-python,ok,2025-06,0,B,,,2025-06,b1bb6b128279188ef948e99fac27afce9a431f83,,,2018-08,2026-08,405,2,0.0049,9,12,1,
/data/clones/thomaspinder__GPJax,ok,2025-09,5,A;B,2026-02,b620398bd4d45b317f2199410b570924d7fa7a3a,2025-09,24f196c699f5b490da976bc5a0cb3bdcea1c1980,,,2020-09,2026-08,1537,22,0.0143,9,11,1,
/data/clones/Lightning-AI__litData,ok,2025-05,14,A;B,2026-07,a17d45f14107c071af113e93d70dff8db75b485a,2025-05,71ef218181ba0e6a348adb4ff81603db64b98e49,,,2023-06,2026-08,709,50,0.0705,12,12,4,17691
/data/clones/opensanctions__opensanctions,ok,2025-04,4,A;B,2025-08,aa91345fd2dce080dc5588329c790cbf5fb4f671,2025-04,d7d4ff01ea31f7cefcf8e790cb1e3cf22eadf1bd,,,2015-12,2026-08,18499,1387,0.0750,12,12,4,67082
/data/clones/open-edge-platform__datumaro,ok,2025-08,0,B,,,2025-08,768abe79be4a00641460f9ed21ef8e728d559b7d,,,2020-09,2026-08,1997,32,0.0160,12,12,5,
/data/clones/lrzjason__T2ITrainer,no markers,,,,,,,,,,2024-03,2026-02,601,0,0.0000,,,,
/data/clones/pySTEPS__pysteps,ok,2026-03,0,B,,,2026-03,1d472a50354cb5c568d12961e2edefb232b72061,,,2018-07,2026-08,1553,1,0.0006,9,4,0,
/data/clones/januschung__math-worksheet-generator,no markers,,,,,,,,,,2020-09,2025-11,36,0,0.0000,,,,
/data/clones/wuphilipp__gello_software,ok,2025-07,0,B,,,2025-07,db7bad2bc2c7809f838b0486516e591b8f8d8737,,,2023-11,2026-04,201,6,0.0299,2,8,0,
/data/clones/marcolivierarsenault__moonraker-home-assistant,ok,2025-07,2,A;B,2025-09,e72c9223ef619ba1b7b556bce48b389bbab0476a,2025-07,ad507db3b3d4efa193e92d17b6ef5d0874090d0e,,,2023-01,2026-07,603,12,0.0199,10,11,3,3718
/data/clones/PyLabRobot__pylabrobot,ok,2025-10,10,A;B;C,2026-08,14a776625f8f2a00f1311acbb64a7b2874581df0,2025-10,40cccdf0454abb58fca1ea874c86615942bd664f,2026-05,4749546d778833ab6986ece3021970a5b96d5a47,2022-08,2026-08,2283,207,0.0907,12,10,5,
/data/clones/pwncollege__dojo,ok,2025-07,8,A;B;C,2025-08,345f8fd244ea8b4945d892ea5068f43a35699f1d,2025-07,8c78ccb3dedcc6bbe62e8b6218174a50139d1768,2026-03,5be5078b33d28bb4f5b8deb6ed93953c6c027b9c,2020-08,2026-08,2519,19,0.0075,12,11,2,
/data/clones/spcl__dace,ok,2025-05,0,B,,,2025-05,4acf33d6f6c9ea04b70b050e239d3953882a6f83,,,2019-02,2026-08,10406,14,0.0013,12,12,3,164709
/data/clones/rllm-team__rllm,ok,2025-11,5,B;C,,,2025-11,439a19a9fb69bce7c8a6e871fe379490efbf48ea,2026-04,bd1146de3ffa59b8ef4aa9d861a29a3c301be85a,2024-02,2026-08,876,14,0.0160,12,9,4,
/data/clones/awesomedata__apd-core,ok,2025-07,7,B;C,,,2025-07,6bd6ba78c10a390fcb06fbe92fe4565732fce9de,2026-02,4e6483b5067ddc89ff8d81d4fe4afb4141c71bc1,2017-11,2026-08,873,13,0.0149,6,12,0,
/data/clones/simonw__simonwillisonblog,ok,2025-03,3,A;B,2025-06,ca05a711d6e130286ac24a39b5052ff251f0899d,2025-03,854728e904e8ca8c00fbe442bbb01d720b2a68b2,,,2015-07,2026-08,1042,106,0.1017,12,12,1,
/data/clones/addok__addok,ok,2025-05,0,B,,,2025-05,6384aaa3f368ba9c9e5ef1bf9ffc7a366d227577,,,2014-12,2025-11,1208,21,0.0174,0,4,3,
/data/clones/saketkc__pysradb,no markers,,,,,,,,,,2018-11,2026-08,764,0,0.0000,,,,
/data/clones/OEvortex__llm4free,ok,2025-05,8,A;B;C,2025-12,f253082caf3e60e7f46ef8eca90e27208434ed1c,2025-05,58afe2969728712a306f426b92cbd95ea91bf206,2026-01,17b8f042ff5ed963c5860b9a3605d7f97e5a9911,2024-02,2026-08,1339,65,0.0485,12,12,3,
/data/clones/hove-io__navitia,ok,2025-09,0,B,,,2025-09,563f13d1b7c62b7a8b84b3584471daa8d60de80e,,,2010-11,2026-08,22391,26,0.0012,12,11,4,
/data/clones/robbrad__UKBinCollectionData,ok,2025-10,0,B;C,,,2025-10,f4a9f3718fd4733dea02d9b13d05558cfc986d5e,2025-10,d4c714db9119f405e7df0d2b477191090f14ee55,2020-01,2026-08,3944,73,0.0185,12,10,3,
/data/clones/Project-MONAI__model-zoo,no markers,,,,,,,,,,2022-05,2026-07,602,0,0.0000,,,,
/data/clones/rendeirolab__LazySlide,ok,2025-07,0,B,,,2025-07,98602b11665aa272391cafa65a84098864fea508,,,2023-11,2026-07,592,7,0.0118,12,12,1,
/data/clones/lmmentel__mendeleev,ok,2024-12,19,A;B,2026-07,4f08354492bcf7a8af2cb3f7468e788b7bdb2497,2024-12,edfce37f15ea69f0e34c53619665bc172a8815b2,,,2015-07,2026-07,847,5,0.0059,10,7,0,
/data/clones/saezlab__liana-py,ok,2026-01,0,B,,,2026-01,f897876be47b7be8ec7253acdc52b7d5419c837d,,,2022-09,2026-07,1086,13,0.0120,9,3,3,
/data/clones/4n4nd__prometheus-api-client-python,ok,2025-12,0,B,,,2025-12,1d9453392834f42daec751edddfa6cb231501637,,,2019-03,2026-07,362,4,0.0110,5,3,1,
/data/clones/DarkLingYun__MaaGF2Exilium,ok,2025-08,0,B,,,2025-08,6aff726219b7c239d3eb8a4ce78386d587b4f8e0,,,2024-07,2026-08,630,1,0.0016,12,12,0,
/data/clones/grindsa__acme2certifier,ok,2025-07,12,A;B,2026-07,0350ef071c35f4a7a8e26ebbe7eda4ec393c587c,2025-07,7f4363381c177c955b187324902ad5622b2ec0eb,,,2018-03,2026-08,3988,28,0.0070,11,12,1,
/data/clones/microsoft__azurelinux,ok,2026-02,0,A;B,2026-02,df65fbd07fc8d4db4019d28f968e62284bf9f0bb,2026-02,f0d8f6ffa2112ff6a30c65d63db2d09dae8ffeed,,,2026-01,2026-08,1185,207,0.1747,1,6,6,
/data/clones/toruseo__UXsim,ok,2025-09,0,A;B,2025-09,db86619a58c8b8c40556f15b111735bdca4a5d49,2025-09,22ea186bab516bf42af3b7c2112f6a6c988f27f7,,,2023-08,2026-07,828,82,0.0990,11,9,3,
/data/clones/tanganke__fusion_bench,ok,2024-11,12,A;B,2025-11,606be99ba8ff0394e98cf7890b7c62d0b27bfa46,2024-11,da5fec459b226f2a0c45c479cf093184ac008a1e,,,2024-05,2026-08,1390,64,0.0460,6,12,4,
/data/clones/exa-labs__exa-py,ok,2025-06,7,A;B,2026-01,45a04461f207794e6957a97f4bcb5b8e8cb3c019,2025-06,418a4dd55d22d24f015c998b4a8607b887b0db52,,,2023-07,2026-08,581,98,0.1687,12,12,3,13055
/data/clones/camUrban__PteraSoftware,ok,2025-07,1,A;B,2025-08,5023e98bfb7040743add3b2ffd957aeee6616deb,2025-07,f164fe70554faaecc856b784946e5a2687a80aa9,,,2020-03,2026-08,1945,153,0.0787,2,12,6,
/data/clones/cubewise-code__tm1py,ok,2025-08,0,B,,,2025-08,9f1e49310365539d4186580deb60278da076013b,,,2015-10,2026-06,1466,14,0.0095,9,10,2,
/data/clones/gerlero__foamlib,ok,2025-08,0,B,,,2025-08,406d114164f82aaf12dbc2a43b7f7a8ac46f5ae7,,,2024-03,2026-08,1770,154,0.0870,11,11,3,
/data/clones/docling-project__docling-ibm-models,no markers,,,,,,,,,,2024-07,2026-08,156,0,0.0000,,,,
/data/clones/HackingLZ__IndicatorOfCanary,ok,2025-05,0,B,,,2025-05,7809ac6f69b812ff89434ed536bd4f70a9c192d0,,,2024-03,2025-10,14,1,0.0714,0,1,0,
/data/clones/ansible__ansible-dev-tools,ok,2025-10,0,B,,,2025-10,db610cf870c2729217b7b1733f06a3b1a05d6d11,,,2023-06,2026-08,592,7,0.0118,12,10,2,
/data/clones/gramps-project__gramps-web-api,ok,2025-05,10,A;B,2026-03,7235b75360c6d7f95728a46de8357aba81cec226,2025-05,56e454535c59aad3cc27880c3be58c9a732524c2,,,2020-08,2026-08,757,26,0.0343,11,12,1,
/data/clones/wdm0006__git-pandas,ok,2025-03,3,A;B,2025-03,7d52cdf168a654ac3baec0a2df3df63389969248,2025-06,aa920b8b7a2b402677521d48c57bfbf1fb60a3b0,,,2015-10,2026-08,197,4,0.0203,1,5,1,
/data/clones/skjerns__mat7.3,ok,2025-05,0,B,,,2025-05,d686b80f33cc8ce46115cf09ff5ca4382bb89198,,,2019-12,2026-07,171,1,0.0058,1,1,0,
/data/clones/nanotheorygroup__kaldo,ok,2025-06,11,A;B,2026-05,d0389592d6d00da39c4f0af82a967271777d8106,2025-06,abb420f3127464a0c68b31d2721e6cdc2e068dab,,,2018-09,2026-08,2603,7,0.0027,12,12,1,
/data/clones/Security-Tools-Alliance__rengine-ng,ok,2024-11,0,B,,,2024-11,c839bd2f61a9bcc841c65f1b4d70cf98f7dcf891,,,2020-05,2025-08,4007,4,0.0010,12,7,0,
/data/clones/alexdlaird__amazon-orders,ok,2025-07,12,B;C,,,2025-07,9bee951528c3b4397e6d604449b681d12071e41c,2026-07,95c2984455ef852a769f0f9fa8d15161beb7f531,2024-01,2026-08,972,7,0.0072,10,11,1,
/data/clones/BenPru__luxtronik,ok,2026-05,1,A;B,2026-05,d2f0ba5607b4a9be5239d91a464b5b0483e44488,2026-06,0d46953a2dd00a9b577d027633e3c43cba06aba8,,,2021-10,2026-08,1293,86,0.0665,12,3,3,
/data/clones/Tobi-De__cookiecutter-fastapi,ok,2025-12,0,B,,,2025-12,beed68e4f02587612bf3a3b02e06087bcb0a3453,,,2022-05,2026-01,442,56,0.1267,5,1,0,
/data/clones/kubernetes-client__gen,ok,2026-01,0,B,,,2026-01,c1f4826af1b78a95d136fb6a98756514f49ac073,,,2017-03,2026-07,282,6,0.0213,4,5,3,
/data/clones/nvuillam__github-dependents-info,ok,2025-12,5,A;B,2026-05,67ec96c5e4222426078a6bf678c7acb66bc0513e,2025-12,cce46a5da2e46bdd4401ec7d4d0b968f2194a40c,,,2022-11,2026-06,425,10,0.0235,1,3,3,
/data/clones/fvutils__pyvsc,ok,2025-11,0,B,,,2025-11,49027d92b58d950c4b2adb8e2d11d27c8c26cc77,,,2019-07,2026-06,408,23,0.0564,6,6,4,
/data/clones/apache__hugegraph-ai,ok,2025-06,4,A;B;C,2025-09,9e76c2a0f6cfad226e99fddf887358b6f82ce5ec,2025-10,d36d41d164ed04b77bf0d105ced442638bb5a2be,2025-06,9231272d04954e15578c0edbfe3af065ed3ef334,2023-10,2026-06,230,10,0.0435,12,9,3,
/data/clones/PyPSA__pypsa-usa,ok,2025-08,0,B,,,2025-08,728870d88d047078f19d6e50eb79498cc10dea33,,,2021-12,2026-08,2365,3,0.0013,12,7,2,
/data/clones/jonhadfield__python-hosts,ok,2025-06,0,A,2025-06,32db5d87b641f5785936d96f7ed0deea89e38797,,,,,2015-05,2025-06,405,2,0.0049,2,0,0,
/data/clones/aimclub__BAMT,no markers,,,,,,,,,,2021-10,2025-05,369,0,0.0000,,,,
/data/clones/zetaalphavector__RAGElo,ok,2025-06,9,A;B,2026-03,31f1b1a28e4107919299a30c168265946b76c483,2025-06,c78c55687fec97cb25c5bf3ce530326608bdc216,,,2023-10,2026-08,111,5,0.0450,6,4,0,
/data/clones/votingworks__arlo,ok,2025-08,0,B,,,2025-08,a0086dc47ab96f91f4d4afb4ce04b7d3a2d4a16b,,,2019-06,2026-08,2176,8,0.0037,7,12,0,
/data/clones/ORNL__HydraGNN,ok,2025-08,0,B,,,2025-08,6ffba1e093e0f7d3e1b1b132251a19a483932ec4,,,2020-10,2026-08,875,5,0.0057,11,12,1,
/data/clones/Danielhiversen__pyTibber,ok,2025-09,0,B,,,2025-09,f2e4fec9196dd752c23228044a9ac589e949eaac,,,2017-09,2026-08,601,9,0.0150,9,11,2,
/data/clones/SlicerMorph__SlicerMorph,ok,2025-10,0,B,,,2025-10,8e1cab0eb8de6911870acbb649e9d0ade966ac90,,,2018-06,2026-07,1450,24,0.0166,12,5,2,
/data/clones/simonepri__fitbit2garmin,no markers,,,,,,,,,,2023-10,2023-12,8,0,0.0000,,,,
/data/clones/microsoft__vscode-isort,ok,2025-11,3,A;B,2026-02,f56413757cec3513cdc5fbd12886a50995089a4c,2025-11,64178e54ced25139348e9ec6f58e47d8a6732497,,,2022-04,2026-07,285,70,0.2456,6,7,4,
/data/clones/karpathy__nanoGPT,ok,2024-12,0,B,,,2024-12,dc81cb368ce3e5761f298726fb3fade1b0ca5901,,,2022-12,2025-11,210,2,0.0095,5,1,0,
/data/clones/paperless-ngx__paperless-ngx,ok,2026-03,0,B,,,2026-03,2cdb1424efb1dc0fc7e988a7a1b9473ecf5eb9f2,,,2015-12,2026-08,11880,44,0.0037,12,5,5,
/data/clones/topoteretes__cognee,ok,2024-02,20,A;B;C,2025-10,3cd49ae9dd521c242d0a9c8b1de1d8a4784c3bf1,2024-02,98a7d91380b27aaf17e8be5d4eec49390cb33560,2025-09,302d9ee3a74e0970f071f957e6c7efec9914ee56,2023-08,2026-08,9782,1610,0.1646,6,12,1,
/data/clones/spotDL__spotify-downloader,ok,2025-08,0,B,,,2025-08,83c2cccf2ac7c1edae96e3ce002acab735536e7e,,,2016-07,2026-07,3063,22,0.0072,8,11,1,
/data/clones/kvcache-ai__ktransformers,ok,2025-10,0,B,,,2025-10,f9028f03157cb15e8908645538f44347c0205add,,,2024-07,2026-08,1315,18,0.0137,10,10,4,
/data/clones/recommenders-team__recommenders,ok,2026-05,0,B,,,2026-05,f39967a4a65018942a4fe0cf8d9263b215ad698b,,,2018-09,2026-08,9650,1,0.0001,10,3,0,
/data/clones/Comfy-Org__ComfyUI-Manager,ok,2025-08,0,B,,,2025-08,3296b0ecdfb862a172f9fbc716e18f324635a666,,,2023-04,2026-08,5037,26,0.0052,12,12,4,
/data/clones/langbot-app__LangBot,ok,2025-03,8,A;B,2025-11,8f2b177145eae8649f22d0a9cc0242a04a4a498f,2025-03,8799f86ea4a714f2ea9d6235bb69ea8e95f22b4f,,,2022-12,2026-08,3826,157,0.0410,12,12,5,46300
/data/clones/sshuttle__sshuttle,ok,2025-08,0,B,,,2025-08,514847e7d86f65be7315f390e20987a9352840ca,,,2010-05,2026-08,1351,6,0.0044,8,12,0,
/data/clones/elebumm__RedditVideoMakerBot,ok,2025-10,0,B,,,2025-10,902ff00cb09b931be692f19d4b734bf1f7eef227,,,2022-05,2026-03,1286,1,0.0008,1,1,0,
/data/clones/rommapp__romm,ok,2025-06,10,A;B;C,2026-04,e2215b370cce17737d5053a93dceb03d28260d47,2025-06,08682d4f9a7560c5675436970b1fd6acc85b7123,2025-08,9a3729256818dce88e97631245c70dc8ee14ed2e,2023-03,2026-08,11341,1013,0.0893,10,12,4,67889
/data/clones/prowler-cloud__prowler,ok,2025-08,2,A;B,2025-10,be4b1bd99be1471b5c632b8a1657b5cb2f4f4e7a,2025-08,f1ba5abbec277d25749a89751feea4fac7d17c9f,,,2016-06,2026-08,9062,112,0.0124,12,12,5,
/data/clones/m87-labs__moondream,ok,2025-01,0,B,,,2025-01,44978a8ab98c40d5c22d77824106521591d5ed31,,,2023-12,2026-04,322,7,0.0217,11,6,1,
/data/clones/saulpw__visidata,ok,2025-11,2,A;B,2026-01,cce09cbc41b73dcbc9507d9a1cec7c75885705bd,2025-11,edaa270b0dab0c6dd034d6492ae93c9caa61acab,,,2016-11,2026-08,8744,213,0.0244,12,9,5,
/data/clones/MIC-DKFZ__nnUNet,ok,2026-01,0,B,,,2026-01,5259d4d90aa38aef3509f3ca94758e8a90527184,,,2019-04,2026-07,1936,9,0.0046,11,6,2,
/data/clones/mikel-brostrom__boxmot,ok,2025-08,0,A;B,2025-08,ada33e41aa2056946771bd08bd4eca791bc4bb6c,2025-08,887567cf4536514d53573fdc8a52a2f7d5f8c6da,,,2020-06,2026-07,3828,11,0.0029,12,11,3,
/data/clones/Chia-Network__chia-blockchain,ok,2026-03,2,A;B,2026-05,79008d11d57e9706b375f8f732f81304f11620c8,2026-03,e2c3f1dea9b8bfc62bf19f81a496b9ba8664f1e7,,,2019-07,2026-08,15153,13,0.0009,12,5,4,
/data/clones/traceloop__openllmetry,ok,2025-03,5,A;B,2025-08,3f0cfab5f3a593e4b130ad51cfbfb338860d5625,2025-03,66f837394516030f762bda0fd725eeb4bde27e5e,,,2023-09,2026-08,1415,36,0.0254,12,12,4,54587
/data/clones/PyGithub__PyGithub,ok,2025-11,7,A;B,2026-06,28f140d105eee7c6782150f59805d68cd9eb971e,2025-11,ae23d6075071bb85367d5f1a708774c971f85d00,,,2012-02,2026-08,2541,12,0.0047,11,8,0,
/data/clones/vllm-project__vllm,ok,2025-05,2,A;B,2025-07,5bac61362b6718b90e708e7b212e7fcbe7d59fa3,2025-05,9944011b30378717a8238afa342bade3a0173dc4,,,2023-02,2026-08,20170,1052,0.0522,12,12,6,699214
/data/clones/huangsam__ultimate-python,ok,2025-10,1,A;B,2025-10,782d566e3aee11acff90a563f6b3a0f9959c4fdd,2025-11,1b4520910269848cad291e3e2b643965e4d969bd,,,2020-05,2026-08,962,6,0.0062,12,10,2,
/data/clones/huggingface__alignment-handbook,ok,2025-07,0,B,,,2025-07,19f03455e1b7c0450db769f841ced8e650610c06,,,2023-08,2026-04,114,1,0.0088,5,2,0,
/data/clones/kyegomez__swarms,ok,2023-07,23,A;B,2023-07,9172841ebca951c5e3f09cb49aba776349e86823,2025-06,bb3d5dbcca34c896b035ba91b425504db6d4f915,,,2023-07,2026-08,5214,52,0.0100,0,12,1,
/data/clones/intelowlproject__IntelOwl,ok,2022-01,0,B,,,2022-01,68d2fb92ff9276ecf0e8aa51d1a4ee89e4f2ccb1,,,2019-12,2026-07,3178,32,0.0101,12,12,1,
/data/clones/ModelTC__LightLLM,ok,2025-09,0,B,,,2025-09,f0a0a272e0268cf11fefc95e18de7664592e5aed,,,2023-07,2026-08,933,7,0.0075,12,11,2,
/data/clones/andialbrecht__sqlparse,ok,2025-11,9,A;B,2025-11,13577264eb38b88e24825022fea4bd4351449e7c,2026-08,ef2012a5eeb491e604dea2b00d516904a3830c87,,,2009-04,2026-08,1389,10,0.0072,4,5,1,
/data/clones/Flagsmith__flagsmith,ok,2024-12,13,A;B,2026-01,7dfc7856133fc4e5d222cdca3994eb28b6275ef9,2024-12,563010d9aee506c04569b5c8bae8734db040e4a1,,,2018-06,2026-08,6503,121,0.0186,12,12,1,
/data/clones/TransformerLensOrg__TransformerLens,ok,2025-09,9,A;B,2026-06,0715173d2ec3fddf0d72b4c62ea00f88492be9fe,2025-09,d86abe3bf4f40ec4ea2de53e717f41289a000838,,,2022-08,2026-08,1446,50,0.0346,12,11,3,
/data/clones/IAHispano__Applio,ok,2025-07,0,B,,,2025-07,31e1cc1b8f88dc24693716ea84ff761a9546fabc,,,2023-03,2026-08,3982,3,0.0008,12,12,0,
/data/clones/jax-ml__jax,ok,2025-10,1,B;C,,,2025-10,0934e5665a3512251066187abdbd75cdc2b2daf2,2025-11,ca2df076fad2c0d6c66813564b3b9b62706b2304,2018-11,2026-08,37799,11,0.0003,12,10,5,
/data/clones/TeamUltroid__Ultroid,ok,2026-07,0,B,,,2026-07,edd18d31eae982dff468bd8ce785fbb319e370c3,,,2021-02,2026-07,180,1,0.0056,3,0,0,
/data/clones/PowerDNS-Admin__PowerDNS-Admin,ok,2026-08,0,B,,,2026-08,20d182b8479eb82ac49c3bf69f5c376258dd0509,,,2015-12,2026-08,1831,1,0.0005,1,0,0,
/data/clones/google__timesketch,ok,2024-05,12,A;B,2025-05,07297679e1d82c7f681b1d3794599094ac2e92cc,2024-05,a89ef9fb65066ff36f110fe21459fd28e1571a7c,,,2014-05,2026-08,3928,48,0.0122,12,12,0,
/data/clones/huggingface__lighteval,ok,2025-05,0,B,,,2025-05,ce1dbb5eab6edf2c8a8c297952e97ea3b3067041,,,2024-01,2026-08,587,16,0.0273,11,11,4,67349
/data/clones/Josh-XT__AGiXT,ok,2023-04,21,A;B;C,2023-04,2070eefec7deceb2bed646f2a517c0cce735ce95,2025-01,7e8cd29245295b2688adf48322b9a82b96f62ea9,2023-06,6f9758c4184aae432634bd42e055130c06132c04,2023-04,2026-06,5853,20,0.0034,0,12,2,
/data/clones/AgentOps-AI__tokencost,ok,2025-08,0,B,,,2025-08,deee66a51d59a62bb86ef6599a4bc2753a2c1401,,,2023-12,2025-09,473,6,0.0127,11,1,0,
/data/clones/PyPSA__PyPSA,ok,2025-10,0,B,,,2025-10,a818ac6b306a1811b66a87e4e71434c1dbbf200a,,,2015-10,2026-08,3377,7,0.0021,12,10,3,
/data/clones/karlicoss__promnesia,ok,2025-09,0,B,,,2025-09,beac17eef787963669546d45debf98a1c6c41c93,,,2018-03,2026-08,1509,1,0.0007,5,6,0,
/data/clones/BindsNET__bindsnet,ok,2026-04,0,B,,,2026-04,1171f0c1dec280ebdbc2de6d01576e5bc9f15189,,,2018-02,2026-08,2372,22,0.0093,12,4,3,
/data/clones/dstackai__dstack,ok,2025-07,6,A;B;C,2025-11,495d37640dcfd51463ce756d30195b4b15afa499,2025-07,3d3dfd0f1ec0139bd89b281a6da4e7e687ddac4e,2026-01,811643f5fa72916bef49faec9cb4e0ca61968863,2022-01,2026-08,3782,56,0.0148,12,12,3,97419
/data/clones/janbjorge__pgqueuer,ok,2025-06,5,A;B,2025-06,217ea9b32321d3ec3e860c1d999148bf8769e8c7,2025-11,25a002c9e06f6ab9e97b29eb00728d5d8ea511cc,,,2024-04,2026-08,645,29,0.0450,12,11,3,7956
/data/clones/pixeltable__pixeltable,ok,2025-10,4,A;B;C,2026-01,18596b4b818098ea8184941a013e0421b2d58454,2025-10,b40020ebcf34bd21c2b3a5e6eb370999a14d8a5d,2026-02,4436bb3bdcea94aadc08572fd590021251a7a75b,2022-10,2026-08,1568,66,0.0421,12,10,4,
/data/clones/astronomer__dag-factory,ok,2025-10,7,A;B,2026-05,af1601a0da50a7b02957f6a2b5432b9b630fa35c,2025-10,03cefb42e1f8be0cbc275959bbdedfe192f5f665,,,2018-11,2026-08,566,41,0.0724,11,10,2,
/data/clones/rcaloras__bashhub-client,ok,2026-02,0,A;B,2026-02,5cc71e3d54abebac948d68c0d1491cff4f290b4b,2026-02,b829d147c24f48a677afd9a6032e5b14a02f2f32,,,2013-09,2026-04,503,15,0.0298,2,2,2,
/data/clones/milvus-io__pymilvus,ok,2025-11,0,B,,,2025-11,713000896c70dd119d6a253deddb9946a1843943,,,2019-06,2026-08,2324,44,0.0189,12,9,5,
/data/clones/frenck__spook,ok,2025-05,0,B,,,2025-05,4b1806b3729f519735f5458cfe012d48301132c8,,,2023-02,2026-08,1248,5,0.0040,12,12,0,
/data/clones/xenova__chat-downloader,no markers,,,,,,,,,,2020-07,2023-09,596,0,0.0000,,,,
/data/clones/AndyTheFactory__newspaper4k,ok,2025-11,0,B,,,2025-11,7caa2a5e7efb25d3e8c898540322a995ff1c6168,,,2013-11,2026-07,1062,51,0.0480,2,5,3,
/data/clones/privacyidea__privacyidea,ok,2025-04,14,B;C,,,2025-04,7bd9bb7af73c9bec2f605882fd6e44795bb8452f,2026-06,0b0948a1902462b7999f4a3499466a42bef12f6c,2014-06,2026-08,14915,138,0.0093,12,12,5,87249
/data/clones/NVIDIA-NeMo__Skills,ok,2025-09,0,B,,,2025-09,6c1c65b8ce0211721c00667c961afae81d20b8c4,,,2024-02,2026-07,1186,22,0.0185,12,10,5,
/data/clones/djlint__djLint,ok,2026-04,0,B,,,2026-04,cd2caa035297877b94e2d2fc304c0a07d7ddf266,,,2021-07,2026-08,3281,3,0.0009,12,4,1,
/data/clones/PINTO0309__onnx2tf,ok,2025-05,1,A;B,2025-06,808071d96806a96dc0f1a5cdbc6ca2bc8b768aec,2025-05,4fe6a8151f18ee44434df92cc4e1bd917137b5d4,,,2022-09,2026-08,4905,8,0.0016,11,9,2,
/data/clones/tanghaibao__goatools,ok,2026-03,0,B,,,2026-03,baae9a939d6caa932d3afd34e9a04cce6b079eae,,,2010-01,2026-08,1595,17,0.0107,2,4,2,
/data/clones/tolwi__hassio-ecoflow-cloud,ok,2025-11,0,B,,,2025-11,77960a81ad8f11900a5152ba38e8505a766adbcc,,,2023-01,2026-08,472,19,0.0403,11,8,1,
/data/clones/arvkevi__kneed,ok,2025-10,0,B,,,2025-10,0f4130fa2ea862e0b97e3b3cea6c9e4c7ec3a41b,,,2017-12,2026-03,344,3,0.0087,1,1,0,
/data/clones/pgalko__BambooAI,no markers,,,,,,,,,,2023-05,2026-06,391,0,0.0000,,,,
/data/clones/qwertyquerty__pypresence,no markers,,,,,,,,,,2018-03,2026-07,600,0,0.0000,,,,
/data/clones/geoalchemy__geoalchemy2,ok,2025-08,0,B,,,2025-08,3d6099504023afda68137f0ac2d041986159dac9,,,2012-08,2026-07,881,1,0.0011,8,9,0,
/data/clones/vibber-ai__fastapi-azure-auth,ok,2025-07,0,B,,,2025-07,e0f01c0c2285c91dee9ae4c9365b0cf5076de937,,,2021-08,2026-07,365,5,0.0137,8,1,0,
/data/clones/acoular__acoular,ok,2025-08,0,B,,,2025-08,302116ab6178f7e25833e46252cf5da4ced25098,,,2008-04,2026-08,1859,12,0.0065,12,12,3,
/data/clones/tomas-gajarsky__facetorch,ok,2025-05,0,B,,,2025-05,a5ab8893ced21cef3c84a0649231ea6745b25b7d,,,2022-08,2026-04,471,5,0.0106,1,1,0,
/data/clones/bendichter__brokenaxes,ok,2025-07,0,B,,,2025-07,aa7c649858fe20a78bb091b986ed090b252c52fd,,,2017-04,2025-08,115,1,0.0087,1,1,0,
/data/clones/adamchainz__django-mysql,ok,2020-11,0,B,,,2020-11,b6944515772fbdab3926d3a0d1701bfcf46d6e7c,,,2015-02,2026-08,1454,2,0.0014,12,12,0,
/data/clones/github-community-projects__issue-metrics,ok,2025-06,13,A;B;C,2025-08,e53376f8b964250d19b0aa7d846f5ff7e93dbfc9,2025-06,d4a37472e1cf0905e422ad0fcbf24e101b7d2e1b,2026-07,df8c49d20958f9345281fa2124858bd0ad227e1f,2023-05,2026-08,1218,49,0.0402,12,11,3,
/data/clones/jendrikseipp__rednotebook,ok,2025-08,0,B,,,2025-08,a86950127add2a2f5f2520e4af168f96aa332f8d,,,2002-01,2026-07,2625,2,0.0008,8,5,0,
/data/clones/Salamek__huawei-lte-api,no markers,,,,,,,,,,2018-08,2026-08,620,0,0.0000,,,,
/data/clones/pykale__pykale,ok,2025-06,7,A;B;C,2026-01,ba77f61f7660aee6979c77e3f9f96386766d747e,2025-06,a81777a9cb768603f1206390860abe7984c99d41,2025-10,9f56d7d56a8c481a35cf3b7db534f1ec1c5fc08f,2020-06,2026-07,3771,13,0.0034,9,11,2,
/data/clones/flagos-ai__FlagGems,ok,2025-05,15,B;C,,,2025-05,7d46236221cf95375c3a8c940e3b71d860841ecb,2026-08,3f5fb04dbda82a1960165e0e8f20eae8b4cb2f73,2024-02,2026-08,3308,248,0.0750,12,12,1,
/data/clones/badger__home,ok,2025-10,0,A;B,2025-10,25a15e6c643b843f53b1c8fb30b985a01454bf1f,2025-10,970ab556db8d7ced1794a1ae2ed00817f2dbe221,,,2023-11,2026-02,171,36,0.2105,3,3,1,
/data/clones/simonw__llm-gemini,ok,2025-11,0,B,,,2025-11,6c57fa42b45348422c1ad7ac70e8f78a7887583a,,,2023-12,2026-08,189,1,0.0053,12,6,0,
/data/clones/joshspeagle__dynesty,ok,2025-07,9,A;B,2026-04,f8ed07a4c963f1efe6a5aea08dbc930bb4a89690,2025-07,dc336bef99871aa6d442dd791bb99d95d569bfd2,,,2013-07,2026-08,1607,2,0.0012,10,8,0,
/data/clones/unitaryfoundation__mitiq,ok,2025-06,9,B;C,,,2025-06,a5f38891c2c4a1d29d7a90b9a18a945ca8a9d12f,2026-03,71a9aac833ce862d84c8c63541d3d74eac16c054,2020-01,2026-08,1792,7,0.0039,12,12,1,
/data/clones/cornell-zhang__allo,ok,2025-12,1,A;B,2026-01,602e735c30a31b10d261a410d5ff3155a8c182e8,2025-12,d0756ee913dd9cb42d7b9c7d6b0e9e1c3ed37976,,,2023-07,2026-08,437,18,0.0412,12,7,4,
/data/clones/modal-labs__modal-client,ok,2025-01,5,A;B,2025-06,eeb38d960c5fa28f695fe20425db2c1d452bfcdb,2025-01,9451657eb56f2634348c488b5e3df26e2101aa98,,,2021-07,2026-08,8982,16,0.0018,12,12,2,
/data/clones/scverse__spatialdata,ok,2025-05,12,A;B,2026-05,5c241f9063b1dcded0d746332c79ebe0bee8093c,2025-05,872f8c219fda0e348af056143af9be61a34e8ca5,,,2022-04,2026-08,1217,23,0.0189,12,10,0,
/data/clones/thomasahle__tensorgrad,ok,2025-05,0,B,,,2025-05,616581d698ba34e127036ebb18ef6942388c1f08,,,2024-04,2026-07,484,235,0.4855,10,3,1,
/data/clones/m3dev__gokart,ok,2025-06,0,B,,,2025-06,855ef94e1ee0936828667c10edebb9305f758c9b,,,2018-12,2026-08,674,6,0.0089,11,7,0,
/data/clones/Hyundai-Kia-Connect__hyundai_kia_connect_api,ok,2025-04,12,B;C,,,2025-04,ef07524d33192039dc4d0ac92cbba1eca095fb47,2026-04,008b311d41efac5343d2e59fc95eca2acb6cd98b,2021-12,2026-08,1827,11,0.0060,12,12,1,
/data/clones/briangu__klongpy,ok,2025-05,0,A;B,2025-05,014f4c96c17b4094625db112e13e3e731ad93e32,2025-05,6c91a7a52e95212c31e9552ece3da66999a5f236,,,2022-12,2026-06,763,46,0.0603,4,5,2,
/data/clones/benchopt__benchopt,ok,2026-01,6,A;B,2026-07,bc5f908544261678c4cd0762ba0c9d8c24d7b685,2026-01,1b964bb9f0c45d1448aad242a78a61f078b5a3ec,,,2019-12,2026-08,867,7,0.0081,9,7,2,
/data/clones/zmievsa__cadwyn,ok,2026-01,2,A;B,2026-03,07793fe3d8c5677507ac5396cd78269921b4f532,2026-01,917a2339e88135650f7503e4ec28959fadfb7290,,,2023-06,2026-08,450,20,0.0444,12,6,5,
/data/clones/QuinnDamerell__OctoPrint-OctoEverywhere,no markers,,,,,,,,,,2022-11,2026-08,623,0,0.0000,,,,
/data/clones/TkTech__chancy,no markers,,,,,,,,,,2024-05,2025-10,460,0,0.0000,,,,
/data/clones/docling-project__docling-core,ok,2025-07,0,B,,,2025-07,0f7ca77ccfd99fb4ff91714faf5f397457658865,,,2024-07,2026-08,604,5,0.0083,12,12,1,
/data/clones/IndEcol__country_converter,ok,2025-07,0,A,2025-07,0a76c1da39a1a6b252c52d7e8757bb129f20b4a7,,,,,2015-08,2025-12,367,2,0.0054,1,2,1,
/data/clones/readthedocs__ethical-ad-server,ok,2025-11,2,A;B;C,2026-01,5f63b17b6b7e51b22da001811ea7c43a68b30212,2025-11,c74494efde3209aba692792e45268755a0a29581,2026-01,620f0c24000e23831b916968571c169aec838d3a,2018-08,2026-08,3001,42,0.0140,12,9,6,
/data/clones/neurodata__hyppo,ok,2025-05,0,B,,,2025-05,b88e4223d58b536b981e279da47c74b8b022606d,,,2019-10,2026-08,383,2,0.0052,7,2,0,
/data/clones/marin-community__haliax,ok,2025-07,2,A;B,2025-07,55124a040a339c95369ec739e69b8646286363b0,2025-09,c5637f5c71244aca67e4249c5f5822f92a1b1409,,,2022-05,2025-11,452,9,0.0199,11,4,1,
/data/clones/ahnazary__stockdex,ok,2025-08,0,B,,,2025-08,a136d645383251023a527dbc86d26ae61b1d325e,,,2024-02,2026-05,446,5,0.0112,9,5,1,
/data/clones/microsoft__AzureTRE,ok,2025-01,5,A;B,2025-06,bb4ff4efb17e68bf2b76e7eac1a28093192fd880,2025-01,97debdc23783e76ce04d6bd230e54713b2fa1f72,,,2021-03,2026-08,1993,35,0.0176,12,11,3,14823
/data/clones/jsh9__pydoclint,ok,2025-08,0,A;B,2025-08,17ceca23504f5a7bbb832a0ab7a09d0799f09d48,2025-08,17ceca23504f5a7bbb832a0ab7a09d0799f09d48,,,2023-05,2026-07,207,9,0.0435,9,6,3,
/data/clones/MountainDash__nonebot-bison,ok,2025-09,9,A;B,2026-06,fcd91805f112dcaf62ba21052a264b0d21e7ff25,2025-09,208b90daebedc2e7ca8fc56929fdaa5b1cab7e2e,,,2021-02,2026-08,1579,8,0.0051,10,5,1,
/data/clones/hilo-mpc__hilo-mpc,ok,2025-10,0,B,,,2025-10,964abdd42814a409b3051927d3d25424f0c2a9b7,,,2022-03,2026-04,358,4,0.0112,0,4,3,
/data/clones/getzep__zep-python,ok,2023-07,0,B,,,2023-07,c751cf8e69142f22f46ae13d43428ee835776ba0,,,2023-05,2026-08,277,10,0.0361,2,11,0,
/data/clones/vectara__vectara-ingest,ok,2025-06,0,B,,,2025-06,6a765cf3563e6e98b42b494fa34d19c633e77b48,,,2023-05,2026-08,396,46,0.1162,12,12,3,23714
/data/clones/HumanSignal__label-studio-sdk,ok,2025-05,0,B,,,2025-05,856f396d0ad76c201630f086e8cad16ea0d8b568,,,2021-11,2026-08,1112,5,0.0045,12,12,0,
/data/clones/APPFL__APPFL,ok,2025-07,0,B,,,2025-07,cd3645f851b0c12321bcee018c5f34ed6b5d0a0a,,,2021-10,2026-08,1976,6,0.0030,12,12,0,
/data/clones/wdm0006__pygeohash,ok,2025-03,0,A,2025-03,5095348ae3b1f129ed51699f8ade2d99af010634,,,,,2016-01,2026-08,136,3,0.0221,4,6,0,
/data/clones/dagster-io__mdsfest-opensource-mds,ok,2025-06,0,A;B,2025-06,9bc4d01e3f75140d2547145c6d27dcf9fc4507a6,2025-06,429cb336e43107398d270b3a25f99cdf8d41c623,,,2023-08,2025-08,21,3,0.1429,1,1,0,
/data/clones/conveyordata__data-product-portal,ok,2025-08,7,A;B,2026-03,9aeafd14d4f407599de68122931d09029190d007,2025-08,d6f91390bd1c86ac306d9a4677533f8366d9106c,,,2024-06,2026-08,3712,16,0.0043,12,12,2,
/data/clones/firebase__firebase-functions-python,ok,2025-07,0,B,,,2025-07,429c9015dba0a93adbc77aa78470a7b9816e7040,,,2022-09,2026-07,305,2,0.0066,6,6,0,
/data/clones/kissgyorgy__cloudflare-dyndns,ok,2025-08,0,B,,,2025-08,71d9da87fff2fad43ec284d106366f47d4a6a121,,,2019-05,2026-06,239,1,0.0042,6,2,0,
/data/clones/microsoft__sarif-tools,ok,2025-08,0,B,,,2025-08,5b8d9e65c1b2cc04ab3af25f012ce23ab8106033,,,2021-11,2025-08,73,1,0.0137,7,0,0,
/data/clones/hiddenSymmetries__simsopt,ok,2025-05,6,B;C,,,2025-05,b49c1217bd8730cfdf456aecc8a09044b954aba6,2025-11,586b21bdd4d780ccd87984e8e335a29649aa10be,2020-03,2026-08,5657,6,0.0011,12,12,1,
/data/clones/albertz__mouse-scroll-wheel-acceleration-userspace,no markers,,,,,,,,,,2021-01,2026-04,56,0,0.0000,,,,
/data/clones/langgenius__dify-plugin-sdks,ok,2025-08,3,A;B,2025-11,c31cb9c3e3bb95cfb3fe1bc31bd9856a0009b796,2025-08,582381a6739c971627d2c26b4eb881b2697b158d,,,2024-07,2026-08,641,10,0.0156,12,11,2,
/data/clones/DankMemer__imgen,no markers,,,,,,,,,,2017-08,2020-09,433,0,0.0000,,,,
/data/clones/pyvista__pyvistaqt,ok,2025-05,0,B,,,2025-05,8afa5316914ff720ae1bb0351936bdb3bb9e36bd,,,2020-05,2026-08,807,12,0.0149,12,12,3,2440
/data/clones/simplecto__django-reference-implementation,ok,2025-06,1,A;B;C,2025-07,ca7b207f4d5fb530f20b751dc73397f00324f92c,2025-06,388d30acbdae088744fb2b48221316ee1435383f,2025-06,3bd2204afd5e9b5833ea561a384cff46d68f2bcc,2020-02,2026-01,410,48,0.1171,12,5,3,
/data/clones/arturboyun__AiogramBotTemplate,ok,2025-06,0,B,,,2025-06,146f9a50d270d9258be237664206c50268ded6b5,,,2024-10,2025-08,63,1,0.0159,5,1,0,
/data/clones/EbbLabs__mopidy-tidal,ok,2025-06,0,B,,,2025-06,a674ff5b90be1887f31b96bce321e13c4a02e8ee,,,2016-02,2026-03,710,3,0.0042,3,8,1,
/data/clones/Unstructured-IO__unstructured-python-client,ok,2025-12,0,B,,,2025-12,06b8b0473e313ef4edfc5e4575d823238d60caa4,,,2023-09,2026-08,428,8,0.0187,10,7,3,
/data/clones/pieces-app__cli-agent,ok,2025-05,0,B,,,2025-05,bb23ec4538d9a84b7ccec48830bfe902d8e6b3d7,,,2023-12,2026-05,1321,7,0.0053,12,10,2,
/data/clones/GeotrekCE__Geotrek-admin,ok,2025-09,0,A;B,2025-09,ef29931eb9946505f5e505c0ea753016442e0dac,2025-09,ef29931eb9946505f5e505c0ea753016442e0dac,,,2012-06,2026-08,16070,9,0.0006,12,11,2,
/data/clones/nylas__nylas-python,ok,2024-12,0,B,,,2024-12,b68c89331be14dda0e1fe4d169eeb4c70004ec17,,,2014-08,2026-07,734,8,0.0109,9,12,0,
/data/clones/ftCLI__FoundryTools-CLI,ok,2026-01,0,B,,,2026-01,a04504e5d114c57725a8d075be40f09a4082c3ad,,,2021-04,2026-08,1388,5,0.0036,12,7,0,
/data/clones/spack__spack,ok,2025-06,6,B;C,,,2025-06,7431f033cbb4febfa0ab5992448d69a3e9c79dc9,2025-12,87168d91d38d90ac8c95ea5efb21677d2db5a8ce,2013-02,2026-08,42253,5,0.0001,12,12,2,
/data/clones/unclecode__crawl4ai,ok,2025-05,1,A;B,2025-06,3048cc1ff960335803841a0cac860dafaec65273,2025-05,754ba731fa78ab891641e7ee1aed5e44d9ed91e6,,,2024-05,2026-07,1589,52,0.0327,12,11,3,54023
/data/clones/microsoft__graphrag,ok,2025-07,0,B,,,2025-07,e84df28e6429e338595e1b7730be2a89153b6c18,,,2024-07,2026-08,487,7,0.0144,12,9,1,
/data/clones/Cinnamon__kotaemon,ok,2025-07,0,B,,,2025-07,37cdc28ceb46e505d25221584daf1fe61e26b2cc,,,2023-08,2026-05,327,1,0.0031,10,3,0,
/data/clones/ScrapeGraphAI__Scrapegraph-ai,ok,2025-11,9,A;B,2026-08,3b2f986612bbc70879a0337197a1064cf5875245,2025-11,6d13212fb637f10f132efb0d7845031c20764523,,,2024-01,2026-08,2923,45,0.0154,11,9,4,
/data/clones/ultralytics__ultralytics,ok,2025-05,14,A;B,2026-07,8b69e3dfb7352140462ae54f5ce10a62fa1bfbf5,2025-05,169fbc51fe8ca3eb8635601063693d7b62bcbbaf,,,2022-09,2026-08,4846,38,0.0078,12,12,0,
/data/clones/huggingface__trl,ok,2025-06,9,A;B,2026-03,195b6292e03dbe3fd071a144f5dd451b3368f69b,2025-06,41268038759f9715a8bd4b1cc0d7572c64c63652,,,2020-03,2026-08,3387,45,0.0133,12,12,2,
/data/clones/rendercv__rendercv,ok,2026-02,1,A;B,2026-03,0c45adf776a5979e18c0be776d4feb2f31ef2d3a,2026-02,710d4a1825972561e7e25824dc7f885198108852,,,2023-06,2026-03,1961,15,0.0076,8,1,1,
/data/clones/alexta69__metube,ok,2025-10,6,A;B,2026-04,06c4a2c4a84dec3562f576a062de101ff51054e1,2025-10,136c722636570c0b1ae553ab4db42c607d9ce659,,,2019-11,2026-08,827,71,0.0859,12,10,3,
/data/clones/gradio-app__gradio,ok,2023-07,31,A;B;C,2026-02,e29e1ccd5874cb98b813ed4f7f72d9fef2935016,2023-07,f5e057b06e4a661c2f0fa64cb2ab8f690d1b8668,2024-10,d9a0f1792094b55c96f61ac57840d57ff9170549,2018-09,2026-08,8762,119,0.0136,12,12,1,
/data/clones/plasma-umass__scalene,ok,2025-05,7,A;B,2025-12,237e3e823226a8d9f578a26f7b07aab2f6a4a740,2025-05,f6a6742ade7d683c2b069c9e289d74eb2c3069f6,,,2019-12,2026-07,3659,124,0.0339,11,11,1,
/data/clones/onnx__onnx,ok,2023-10,20,A;B;C,2025-06,625ab7a2278268fb038b9e37767029bdab93c198,2025-04,94e820742ea3f9716a62d486611e46c61355d7f5,2023-10,21bff4e55dcefecc069c679115baae6b00caa0d5,2017-09,2026-08,3973,109,0.0274,12,12,1,
/data/clones/beetbox__beets,ok,2025-05,10,A;B;C,2026-02,dcef1f4ea40d72e6b33a028ad5479003b66af362,2025-05,d1d58569e1929e8e2b194bb21044660ab7a77f73,2026-03,1ecd2c5bdb0ff0bb24defa4261daedc483cdf68c,2008-05,2026-08,15205,26,0.0017,12,12,3,48200
/data/clones/speechbrain__speechbrain,ok,2025-11,0,B,,,2025-11,2427785ddf7ad52a917f4e84d0d46032a5433c2d,,,2020-01,2026-06,10599,9,0.0008,11,7,4,
/data/clones/secdev__scapy,ok,2025-07,0,B,,,2025-07,57390355713d34e6e426efdcf53d9b51ee97e74f,,,2003-03,2026-08,6896,6,0.0009,12,12,0,
/data/clones/modelscope__modelscope,ok,2025-11,0,B,,,2025-11,723599ac487afa1f376b98fb8c00dac350209f75,,,2022-05,2026-08,2927,2,0.0007,12,9,0,
/data/clones/pwndbg__pwndbg,ok,2025-04,9,A;B,2026-01,8c29c82fb69b820d28bfd7c86ccc09a504144757,2025-04,a170362e9b0c156f51d480f1974ac4fe95b36715,,,2015-02,2026-08,3111,31,0.0100,12,10,4,
/data/clones/EstrellaXD__Auto_Bangumi,ok,2026-01,0,A;B,2026-01,9c5474d8e97978b6c6bd1f60a89ece28bf4908e2,2026-01,bfba010471cc2526acb252a9effd7d058cf801e4,,,2022-05,2026-08,2038,277,0.1359,1,5,3,
/data/clones/bentoml__BentoML,ok,2024-12,0,B,,,2024-12,55fd0ac19e52dc838505e869216607eed5a63bc0,,,2019-04,2026-06,3756,10,0.0027,12,12,3,61113
/data/clones/sktime__sktime,ok,2026-07,0,C,,,,,2026-07,edb6d5a6274be8243d107f07180fd34c7e7e7407,2018-11,2026-08,6290,5,0.0008,12,1,1,
/data/clones/Azure-Samples__azure-search-openai-demo,ok,2025-02,6,A;B,2025-08,6ae60e57870e147df519555242c4676186dbf746,2025-02,31ea846b06002c68cb3f44e91c69de4c769f2bf9,,,2023-02,2026-07,995,71,0.0714,12,12,2,
/data/clones/open-compass__opencompass,ok,2026-06,0,B,,,2026-06,5589a37574eacf1f72830416009b7de7b79623a0,,,2023-07,2026-08,1217,2,0.0016,12,2,1,
/data/clones/hhyo__Archery,ok,2025-11,6,A;B,2026-05,52387b54ce56fd27004c4a1a63c52300cd7a50cf,2025-11,0c154e831f769a6d828bc10c6155311315319cfe,,,2016-12,2026-08,2109,4,0.0019,10,9,2,
/data/clones/mangiucugna__json_repair,ok,2025-05,11,A;B;C,2026-01,aaa0490b0347002188962a2e3404aca50e467565,2025-05,eb8488cdeb8eceaa6b0e8b6ff7a1710388ae2398,2026-04,9eaa327ee53f84555c2bd4bd425cb9466ffe1878,2023-09,2026-08,603,69,0.1144,12,12,0,
/data/clones/xerrors__Yuxi,ok,2025-04,4,A;B,2025-08,0e729ad9cbf73fda39f093a8f4c4c03af325843b,2025-04,179c3514965d4eab745b727c4c11d6ad3145cc4a,,,2024-07,2026-08,2513,116,0.0462,8,12,3,
/data/clones/aiogram__aiogram,ok,2025-04,10,A;B,2026-02,c73db32e867b7188c97a44d1a7afbbca90be75a5,2025-04,da3e84d4cffc6e658a5daef94abeb96cbb738eb5,,,2017-05,2026-08,2226,13,0.0058,12,11,1,
/data/clones/motioneye-project__motioneye,ok,2025-11,0,B,,,2025-11,596fbf4511831e7ab129f69c0f6a2c8bb90aa48b,,,2013-08,2026-08,2738,27,0.0099,12,8,5,
/data/clones/SylphAI-Inc__AdalFlow,ok,2025-10,0,B,,,2025-10,e1899f6dce9ebad14c5a218ef09a7960ae5f2050,,,2024-04,2026-05,1939,2,0.0010,11,5,1,
/data/clones/speaches-ai__speaches,ok,2025-07,3,A;B,2025-10,9b5c8604845d6783255fb9c2294444e36b720a7d,2025-07,a664229cd6c5c416814cf488d7cebce40a13d246,,,2024-05,2026-04,740,6,0.0081,11,7,1,
/data/clones/google__clusterfuzz,ok,2025-08,0,A;B,2025-08,87451a70ccb3874b76bc81b167638eb147c5e4e9,2025-08,db8f83d8476b5f42d1b33da37b4d17ac61d4d97d,,,2019-01,2026-08,3986,13,0.0033,12,12,4,
/data/clones/roflcoopter__viseron,ok,2025-06,0,B,,,2025-06,1b7caa2a29fa53fd425215a9679ec89b312ffcca,,,2019-09,2026-08,3111,10,0.0032,12,12,1,
/data/clones/Nerogar__OneTrainer,ok,2025-07,0,B,,,2025-07,38856be5fbca4e67959ea49102b7b877c840f7ce,,,2023-04,2026-08,1623,19,0.0117,12,12,0,
/data/clones/huggingface__nanotron,ok,2025-03,0,A,2025-03,b2ae7ebdb9bf6817a3526051fa7785e33034b03c,,,,,2023-09,2026-04,1269,2,0.0016,11,2,0,
/data/clones/cartography-cncf__cartography,ok,2025-05,1,A;B,2025-06,43b82709ad8273609da93f813eae4ee3942a2432,2025-05,331f772b005a636a9942ff6e027ef835f6d500ad,,,2019-03,2026-08,2035,290,0.1425,12,12,6,206213
/data/clones/YunoHost__yunohost,ok,2025-06,0,B,,,2025-06,fed5ee8134a4e90b41c109c3fda698de18a7741b,,,2014-05,2026-08,12408,1,0.0001,12,10,0,
/data/clones/Lightning-AI__torchmetrics,ok,2021-06,0,B,,,2021-06,5d6b0ce9aa08195808c9cfd2dcc7631de91b5372,,,2020-12,2026-08,2330,20,0.0086,6,12,1,
/data/clones/python__devguide,no markers,,,,,,,,,,2011-01,2026-08,2276,0,0.0000,,,,
/data/clones/yutto-dev__yutto,ok,2025-01,14,A;B,2026-03,a8b5f0fcb5f6be4866c58fbfc5fa2e039c2eac6b,2025-01,2c591abe37407d0587f4adf65155f2b5b5af2c15,,,2021-04,2026-08,1085,80,0.0737,12,12,2,
/data/clones/timonweb__django-tailwind,ok,2025-07,7,A;B,2025-07,55adc30ae34985868ebd83d0dc4e85b92d61b591,2026-02,5754a742949bb68d28842c0ea4332ba787f0c272,,,2019-04,2026-06,415,13,0.0313,4,7,2,
/data/clones/GhostManager__Ghostwriter,ok,2025-10,0,A;B,2025-10,aa0e2f9fa23f19f02953f3beb38105bd7a103f15,2025-10,0b6ef945bda3598e5f1e41edffc9f8aee1a109f4,,,2019-07,2026-08,5276,85,0.0161,12,10,5,
/data/clones/pyglet__pyglet,ok,2025-08,0,B,,,2025-08,9416d823847ea51fa0527b53cc99d2212ea46b2e,,,2006-09,2026-08,6685,1,0.0001,12,11,0,
/data/clones/StuffAnThings__qbit_manage,ok,2025-08,7,A;B,2026-03,b2b035b7c06d7e81ecbd322c9c2ea18986718ae3,2025-08,13fab64d3cc1f8379efca1c09dee8671444dab99,,,2021-02,2026-08,1171,40,0.0342,12,8,0,
/data/clones/goldspanlabs__optopsy,ok,2026-01,1,A;B,2026-02,2a1368d42e84813cd9887249a824789eede4d79a,2026-01,d3665e99fbb4a8512a52774d8125e59bcaf067ee,,,2017-11,2026-04,486,216,0.4444,0,3,2,
/data/clones/vllm-project__guidellm,ok,2025-04,13,A;B;C,2026-05,13b42b316896a229fa76d5e724a3323ef1da17fb,2025-04,1b62c453e7e8c1a11755c63d47bb1a9ca5664357,2025-08,304a54aea2a46ee51cceac136cc5dffc3b7dd966,2024-05,2026-08,1232,220,0.1786,8,12,6,
/data/clones/14790897__handwriting-web,ok,2025-07,11,A;B,2026-06,0b1e6928e96e79b45f8cef7c03adbe407180a3fb,2025-07,7aff2ca9280a14d85cd48cd415253ab2d57c797b,,,2023-06,2026-07,608,12,0.0197,5,11,1,
/data/clones/braindecode__braindecode,ok,2024-10,0,B,,,2024-10,b86d9fabd80561ab3ea9acb5119599119768b7df,,,2017-06,2026-08,2544,72,0.0283,9,11,1,
/data/clones/madox2__vim-ai,ok,2025-08,0,B,,,2025-08,e62c7b18c6f9c2e58cd07b46136d95f295bad61c,,,2023-02,2026-03,439,9,0.0205,11,6,1,
/data/clones/scikit-bio__scikit-bio,ok,2025-10,0,B,,,2025-10,c4b0350f9cc102b4d69125660c377fa7665967c8,,,2013-12,2026-08,6038,10,0.0017,11,9,3,
/data/clones/PyCQA__flake8-bugbear,ok,2025-06,0,B,,,2025-06,ca05a35ebf84f44a137e4aae3000cb3d14d83e96,,,2016-03,2026-08,455,2,0.0044,9,11,0,
/data/clones/Mindwerks__worldengine,ok,2025-11,0,A;B,2025-11,6783f4c2338641d132bf32a1c56b1aa47abfd1a6,2025-11,6783f4c2338641d132bf32a1c56b1aa47abfd1a6,,,2013-11,2025-11,938,2,0.0021,0,0,0,
/data/clones/keras-team__keras-hub,ok,2025-06,2,A;B;C,2025-08,d8e9f880c9fd896911ccae1bedbc2ee967d5d4d2,2025-06,5f044b335c9b242b0b9c1a6a7c399e36fffb4766,2025-08,fef3bc368cecf33764253a27ff7e6d69607a312b,2020-09,2026-08,1605,16,0.0100,12,12,2,
/data/clones/mlrun__mlrun,ok,2025-08,5,A;B,2026-01,a606c1237f17d57ec5556a510f5aea0ad078b3b4,2025-08,e7dc3ab1a71d8a2245336d7fbb05b510cb087ba0,,,2019-05,2026-08,7921,134,0.0169,12,12,3,
/data/clones/rezaakb__pinns-torch,no markers,,,,,,,,,,2023-08,2026-02,55,0,0.0000,,,,
/data/clones/langchain-ai__langsmith-sdk,ok,2025-06,6,A;B,2025-06,d5274de33f764ec1efb71d1ea1b2945467a8fca7,2025-12,68d8f4a32a524c39d55587a46e5f3c4f40b0331b,,,2023-05,2026-08,3020,134,0.0444,12,12,2,
/data/clones/mosecorg__mosec,ok,2025-01,0,B,,,2025-01,8f96dfe0ad3bbc8934e60bdbd4a50b37eca2a45f,,,2021-03,2026-08,480,2,0.0042,11,12,0,
/data/clones/gzerveas__mvts_transformer,ok,2025-09,0,B,,,2025-09,7f0ee63ddad39b720fde98825e5bbc1581aa6f54,,,2021-08,2026-04,17,4,0.2353,0,1,0,
/data/clones/letmaik__rawpy,ok,2026-01,1,A;B,2026-02,e333e155ade91578fbc2b0de059eec6483cb675d,2026-01,0a60d64bb8e85cebdc90c6dffe5f9a6b2d3122bb,,,2014-09,2026-05,417,12,0.0288,4,3,1,
/data/clones/mkb79__audible-cli,ok,2025-08,0,B,,,2025-08,176f32affb5d67778aa648764f18d60166f64f1f,,,2020-09,2026-08,278,6,0.0216,1,5,0,
/data/clones/arthurhenrique__cookiecutter-fastapi,ok,2025-08,0,A,2025-08,6418a161e72caedf04655cdf5b22dae9386d3b8e,,,,,2020-01,2025-08,169,1,0.0059,3,0,0,
/data/clones/pact-foundation__pact-python,ok,2025-10,0,A;B,2025-10,69db1639baa64dae1363cebfa5d95f730b1ef926,2025-10,3c2149cd487418aae12516a99b9fa1498924e1fe,,,2017-03,2026-08,1951,4,0.0021,12,10,0,
/data/clones/pyvista__pyvista,ok,2025-04,16,A;B,2026-08,933635318b4bf4cb5fab5e2f192a4d9b758a323c,2025-04,98b6e8117a8c48cae2582b138c6a3e6ab5a14256,,,2017-05,2026-08,6085,60,0.0099,12,12,4,143600
/data/clones/johnthagen__python-blueprint,ok,2025-10,9,A;B,2026-07,5997eba006ff2b8bff54019404b351d0825c1719,2025-10,b6d26711da0cd7996d4d2284a79b17fab49aa868,,,2018-11,2026-07,513,4,0.0078,10,9,0,
/data/clones/RansomLook__RansomLook,ok,2025-03,0,B,,,2025-03,dbb80aba0fa8031cf473be019db1fa4d55739fdc,,,2022-10,2026-08,952,14,0.0147,12,12,1,
/data/clones/Clay-foundation__model,ok,2025-05,0,B,,,2025-05,8a2d50fbaa3460f71bc83e839d4531d5daef5e37,,,2023-09,2026-03,135,3,0.0222,9,4,2,
/data/clones/plasma-umass__slipcover,ok,2026-01,0,A;B,2026-01,cf329aeaf3fabd38630c4c5e70fe3ee2ff5094b7,2026-01,cf329aeaf3fabd38630c4c5e70fe3ee2ff5094b7,,,2021-11,2026-08,856,44,0.0514,6,5,2,
/data/clones/Ljzd-PRO__KToolBox,ok,2025-07,0,B,,,2025-07,aab09a0e5e43d6b97266c51cfba62e9b6ee9821f,,,2023-11,2026-07,1146,79,0.0689,6,9,2,
/data/clones/feincms__django-tree-queries,ok,2025-06,8,A;B,2026-02,ebbd65de8001e949707054d9322bd4826ca8d623,2025-06,7539dda2c6a3769eea8a9bf83c44c9b8423750d0,,,2018-07,2026-08,326,11,0.0337,8,7,0,
/data/clones/flagos-ai__FlagScale,ok,2026-01,2,A;B,2026-01,5e59ff2f154ea0565e40e3d1b694d53e5f12f2c0,2026-03,58bc4c860ae4b872feec45fe5456815d5303a5e1,,,2026-01,2026-08,127,6,0.0472,0,7,3,
/data/clones/dvershinin__lastversion,ok,2022-02,43,A;B,2025-09,7f8f2f6d074f7100968b132080eff24192479443,2022-02,c10db3fd4969171a615ccb3702eb886b48091999,,,2019-05,2026-08,704,19,0.0270,10,9,0,
/data/clones/tough-dev-school__education-backend,ok,2025-03,5,A;B,2025-03,ebaca60f3aefc5765fc194fce82196dbd414ae64,2025-08,e9b4521dfb2aadff0e66cc68c3b4e201af428ee1,,,2019-10,2026-08,2900,15,0.0052,12,12,5,16953
/data/clones/bcollazo__catanatron,ok,2025-05,0,B,,,2025-05,db1136558327584830035e06f2c3c8533840c9f9,,,2020-08,2026-07,975,3,0.0031,3,7,1,
/data/clones/gidgethub__gidgethub,ok,2025-08,0,B,,,2025-08,475f54f7f3f864706868d8e79c692698cfe2d7b5,,,2017-01,2026-06,347,1,0.0029,4,3,0,
/data/clones/karpetrosyan__hishel,ok,2026-08,0,B,,,2026-08,4d698db81f761321f929fff02276acee64dbfbea,,,2023-07,2026-08,576,2,0.0035,12,0,0,
/data/clones/tqec__tqec,ok,2025-11,5,B;C,,,2025-11,bb3202e4f917e085ef30d6b943d9069299f6f6f1,2026-04,6d41b4ef99cf6956e239814a2ef77fea8d5f0957,2023-10,2026-08,515,17,0.0330,12,9,2,
/data/clones/arun1729__cog,no markers,,,,,,,,,,2017-11,2026-08,243,0,0.0000,,,,
/data/clones/tomquist__AstraMeter,ok,2026-02,1,A;B,2026-03,d1dc357c24b4169faf8d905769b970383c2f5916,2026-02,12e07b6fefa4af521dcaafb8971318547af864ae,,,2024-06,2026-08,314,178,0.5669,7,6,6,
/data/clones/opsmill__infrahub,ok,2025-07,0,A;B,2025-07,3e385a9080c0ff490f81e346b053b593575b98b1,2025-07,94963267309655da7b953638d6d9c4df335e1abf,,,2022-08,2026-08,16220,745,0.0459,12,12,6,126895
/data/clones/miketheman__pytest-socket,ok,2025-07,0,B,,,2025-07,906d4efe8a3db792bb1b1a8f8a1525b0f5233417,,,2017-06,2026-08,431,2,0.0046,11,11,0,
/data/clones/OpenEPaperLink__Home_Assistant_Integration,no markers,,,,,,,,,,2023-03,2026-05,622,0,0.0000,,,,
/data/clones/dtcarls__fantasy_football_chat_bot,no markers,,,,,,,,,,2016-08,2025-09,480,0,0.0000,,,,
/data/clones/microsoft__Qcodes,ok,2025-05,2,A;B;C,2025-07,408fe39fc90935fbda7274060997afad3a2baff1,2025-06,141c570506d74ec903d5965405b64ec200021ea5,2025-05,2b3e1acc887ea936a9caeec571ea8984fe7fade0,2015-06,2026-08,29993,158,0.0053,12,12,4,98294
/data/clones/AliAkhtari78__SpotifyScraper,ok,2025-05,0,A;B,2025-05,b3c1f975912042ca3cba3d28f3807032c9f20f36,2025-05,bf561da923105b54d0f995e93f28cc2a30fcbe0f,,,2020-04,2026-06,404,148,0.3663,0,1,1,
/data/clones/frappe__press,ok,2025-08,9,A;B,2026-05,845b7e045e8e8c07745b049ffafd78e7e719b1c1,2025-08,af54aafe51f7013655500a2029e8aae764282325,,,2019-11,2026-08,26987,309,0.0114,12,12,4,
/data/clones/mie-lab__trackintel,no markers,,,,,,,,,,2019-01,2026-05,737,0,0.0000,,,,
/data/clones/nextstrain__augur,ok,2023-12,19,B;C,,,2025-07,4b3e50772dfaa3c1fc4f94975f2ca954cd1eb6bb,2023-12,3f2e9ca13bc2d025e81d3cf477be2c0fa50acc90,2016-01,2026-08,5704,8,0.0014,12,12,0,
/data/clones/PriorLabs__tabpfn-client,ok,2025-03,0,B,,,2025-03,f814787f5373d5ce5ed732424770dc6792d4515c,,,2023-07,2026-08,300,20,0.0667,11,11,0,
/data/clones/PowerGenome__PowerGenome,no markers,,,,,,,,,,2019-07,2026-02,1825,0,0.0000,,,,
/data/clones/openreview__openreview-py,ok,2025-04,12,A;B,2026-04,e267f738cf6da76c06c9f31fb01b879f94a37eb5,2025-04,a45a3dc9e82c717048dc593d17aea4311e350516,,,2016-08,2026-08,2333,53,0.0227,12,12,1,
/data/clones/nbara__python-meegkit,ok,2025-07,0,B,,,2025-07,ba2d0376b4d2b4019edc1810d88b774daf0aa493,,,2008-11,2026-08,194,1,0.0052,4,3,0,
/data/clones/pythermalcomfort__pythermalcomfort,ok,2025-06,12,A;B;C,2025-09,cd632e2784454968e10f706a327629409aae3ddc,2025-06,49a8aaa80766f3d635797087ceb337e74094bf7b,2026-06,13d7f0af70723b8fba48511d5bac3fe4325d5e21,2020-02,2026-08,1750,84,0.0480,9,10,3,
/data/clones/nyaruka__smartmin,ok,2025-12,0,B,,,2025-12,81794f59cdfeb86b4b56f2b371009203cf9c7247,,,2011-06,2026-08,1023,6,0.0059,5,5,1,
/data/clones/matteoferla__Fragmenstein,ok,2026-03,0,B,,,2026-03,242650bcd0c3748711cb520377ac0aec823ede45,,,2020-04,2026-03,783,9,0.0115,1,0,0,
/data/clones/vcs-python__vcspull,ok,2025-03,0,A,2025-03,dff46c4533648994326dd6be72e2c1f58151126c,,,,,2013-09,2026-08,3474,67,0.0193,12,12,2,
/data/clones/fa0311__DMMGamePlayerFastLauncher,ok,2025-12,0,B,,,2025-12,ab4e2b46bc41403cbe56fc94c4dda083d524e87f,,,2022-03,2026-02,544,1,0.0018,5,1,0,
/data/clones/wwood__singlem,ok,2025-08,6,A;B,2025-08,80727fba8ceea77c97d1dc378a1f51555eda327c,2026-02,fc1b6eade28c007c8f638e7c73bf7fd3768eb1e8,,,2015-05,2026-08,1785,19,0.0106,11,9,3,
/data/clones/Josverl__micropython-stubs,ok,2025-10,0,A;B;C,2025-10,2a69d60bbea1ffcc873cc0cce5bb4ba794d35a80,2025-10,8b46286211a1b09cd56dc13a293f7f6dedf3d126,2025-10,888a85e939442fb6c806cf23ce8c45dd05d4dd67,2020-10,2026-08,3459,54,0.0156,12,10,4,
/data/clones/deepset-ai__haystack-core-integrations,ok,2025-06,9,A;B,2026-03,564d8c4aa216ef6a3bbea109c93f3e508f69e637,2025-06,a288fae722c22e92eaf80e5848045e3dfe5b63ea,,,2022-08,2026-08,3371,123,0.0365,12,12,0,
/data/clones/maxDcb__C2TeamServer,ok,2025-07,2,A;B,2025-07,96b158988d31b8807640562228bdd1d6b7f33597,2025-09,a0cab0659a81de52b4fdf0b7e70e952611414524,,,2023-04,2026-07,427,21,0.0492,10,8,2,
/data/clones/jazzband__icalevents,ok,2025-09,0,B,,,2025-09,ba119727ba3880c30565d720cb3308b1583ada75,,,2017-07,2026-07,395,1,0.0025,7,2,0,
/data/clones/erezsh__runtype,ok,2025-08,0,B,,,2025-08,c03f9534969f750db406338ccfe61c49ac49038b,,,2020-01,2026-06,394,1,0.0025,5,3,0,
/data/clones/gagneurlab__drop,ok,2025-08,0,B,,,2025-08,185e0d89a14e6d7dc32feb76007b190fb5085396,,,2017-06,2026-03,2386,3,0.0013,8,3,1,
/data/clones/OpShin__opshin,ok,2025-09,3,A;B,2025-12,9bf5d28f4accdfc0cc2b84bbcf38838085dfdf2f,2025-09,e5fe6d92d58fa867594dd6d8ce5fc19633ac7862,,,2022-08,2026-03,1995,18,0.0090,10,4,3,
/data/clones/iory__scikit-robot,ok,2025-07,0,B,,,2025-07,82853e88f7ad902a814a51d139101d05c861aab2,,,2017-11,2026-08,1747,2,0.0011,10,12,0,
/data/clones/Azure__azure-functions-durable-python,ok,2026-02,0,B,,,2026-02,d9cf4b851710a0fb8b0a24c3b7d2551d8515a635,,,2019-01,2026-08,518,10,0.0193,7,4,2,
/data/clones/stefanbschneider__mobile-env,ok,2026-08,0,A;B,2026-08,2b39c78cc26812744d4a862885adfcb5740344ac,2026-08,2b39c78cc26812744d4a862885adfcb5740344ac,,,2021-03,2026-08,107,16,0.1495,0,0,0,
/data/clones/home-assistant-HomeWhiz__home-assistant-HomeWhiz,ok,2025-08,0,B,,,2025-08,adc4b42e5cad71ebc70a91a82190d41013f79f3e,,,2022-08,2026-08,239,2,0.0084,4,11,1,
/data/clones/swhan0329__vehicle_speed_estimation,ok,2025-06,0,B,,,2025-06,0e2b92aece4916ccf5fb3ac76dad201ed0bfb815,,,2020-10,2026-03,40,4,0.1000,1,2,0,
/data/clones/linode__linode_api4-python,ok,2025-09,11,A;B,2026-08,11a1b00ad82c45a855f3dc055d581683098c61fd,2025-09,58a6eb03008b35ae8687d1badd2556da2ff6c4f8,,,2015-10,2026-08,1074,12,0.0112,12,11,5,
/data/clones/janpipek__physt,ok,2025-09,0,B,,,2025-09,ab21f28f599d27ac5cc01679117b7d37fa7036dd,,,2016-03,2026-07,1157,2,0.0017,6,5,0,
/data/clones/Arbuzov__home_assistant_delonghi_primadonna,ok,2025-06,0,B,,,2025-06,c788b12030f74197f2e943ca5a0767bb38a27474,,,2021-12,2026-07,533,56,0.1051,5,8,1,
/data/clones/PaddlePaddle__docs,ok,2025-11,1,A;B,2025-12,6d28b386f06e098d9a9aca4d2738fbb60f29cadf,2025-11,3cf64e3c9ec72a9dc447a0736986013ed5bb7d50,,,2018-06,2026-07,5300,54,0.0102,12,8,5,
/data/clones/ahopkins__mayim,ok,2025-09,0,B,,,2025-09,56858d8cddc67744138c1687224fd48b8b8e8194,,,2022-05,2026-03,62,2,0.0323,0,3,1,
/data/clones/hivesolutions__appier,ok,2025-06,8,A;B,2025-06,c7de0cbf38208580bd62e3bbd2e65e053914856b,2026-02,404f06975eea2dfd88cb899e7ee8cac5e35906e0,,,2013-07,2026-07,4681,49,0.0105,6,11,2,
/data/clones/v7labs__darwin-py,ok,2025-06,0,B,,,2025-06,028bb20f841b788ee717c15a83a336457a5477cf,,,2019-08,2026-08,1124,12,0.0107,12,9,0,
/data/clones/oatsu-gh__ENUNU,ok,2025-12,0,B,,,2025-12,d3bd27aa74e6717f26e9bd7a5ce593b1ae048a77,,,2020-11,2025-12,344,5,0.0145,1,0,0,
/data/clones/ConservationInternational__trends.earth,ok,2025-09,0,B,,,2025-09,4def61e5832fbf6aa7968ab14e9466b0ed8e3666,,,2017-05,2026-08,4414,3,0.0007,12,11,1,
/data/clones/Krande__adapy,ok,2026-06,0,B,,,2026-06,2b5cfa38b2e1f09f969adb57a86a10340c2be460,,,2021-03,2026-08,717,50,0.0697,9,2,2,
/data/clones/bustimes__bustimes.org,ok,2025-09,0,B,,,2025-09,5a5b96e51a48e606e5d5645879d04b359c8bde74,,,2015-06,2026-08,12337,1,0.0001,12,11,0,
/data/clones/hiyouga__LlamaFactory,ok,2025-10,2,A;B,2025-12,a882e2d5fc6d077de8838423bb05a537049ba6f9,2025-10,10146029bab1e4e8d4442a9fcb2fe6acd8a877f9,,,2023-05,2026-08,3089,47,0.0152,12,10,6,
/data/clones/ocrmypdf__OCRmyPDF,ok,2025-11,0,B,,,2025-11,ee47e986f3dba313924547057c7d1ec9ecba9378,,,2013-04,2026-08,4451,80,0.0180,12,9,1,
/data/clones/keon__algorithms,ok,2025-11,0,B,,,2025-11,5991e05d58daf461ed6a9fc05e47afafc851fd2f,,,2016-11,2026-08,1052,40,0.0380,2,6,3,
/data/clones/deepspeedai__DeepSpeed,ok,2026-01,2,A;B,2026-03,49a82a0d8c560636d4d12ee9ebffd5f188ed544c,2026-01,311674ffadc7e456819b3e66950c8a5fe1320749,,,2020-01,2026-08,3310,34,0.0103,12,7,4,
/data/clones/microsoft__autogen,ok,2024-11,10,A;B;C,2025-09,29846cb26b588d4a977991f9f967805751ea65a3,2024-12,d85a607da99a8447d704cec8fa27a9d79f766a6e,2024-11,f46e52e6ffec1bee89d462aac3fbd52f8a600c56,2020-12,2026-04,3782,35,0.0093,12,11,5,67195
/data/clones/huggingface__sentence-transformers,ok,2025-04,0,B,,,2025-04,0cf80cdd29f8b88b56556d3a2943abb243d06865,,,2019-07,2026-08,3096,32,0.0103,12,12,5,42135
/data/clones/python-telegram-bot__python-telegram-bot,ok,2021-05,51,A;B,2025-08,4654d195f54d1f72c9f41be83d1545eee234e804,2021-05,8bf88c32312dada84ac796f8f268e8cbd6f84bc9,,,2015-07,2026-08,3220,10,0.0031,12,10,0,
/data/clones/caronc__apprise,no markers,,,,,,,,,,2017-11,2026-08,1167,0,0.0000,,,,
/data/clones/vibrantlabsai__ragas,ok,2025-05,0,A;B,2025-05,05534a2210ee82f62e54355032e8fff50da5caaa,2025-05,b28433709cbedbb531db79dadcfbdbd3aa6adcb0,,,2023-05,2026-02,1147,33,0.0288,12,9,6,
/data/clones/microsoft__RD-Agent,ok,2025-01,14,A;B;C,2026-03,3f2492556cb36c43a61d7552e605827b37eaea8c,2025-01,7002dc4981a4f72096b438d2fe4fd9ff268c54f3,2026-03,1824e1c35c0e806d489dfed4d706c99a1c3d06ca,2024-04,2026-08,1012,8,0.0079,9,12,2,
/data/clones/Chainlit__chainlit,ok,2025-07,1,A;B;C,2025-08,3fb2976a4f6e794e2a98aa45cc2b98b118f4d6cb,2025-07,07e0159b98608089b0c1fa46fcd6951b3e4eef0d,2025-08,afa326af6fe7c858e8a4ca9d3a00c2c0fd5fdf9f,2023-05,2026-08,1404,40,0.0285,12,11,3,17874
/data/clones/e2b-dev__E2B,ok,2025-08,10,A;B;C,2026-02,f7fef4df77f7ecaab3a3f103f32e3553e2d380aa,2025-08,c0a41722e5a587d9351d3f4d12336955bdd378f7,2026-06,ad377962dcc28c31150c5c6b2317ed2e2b6b220a,2023-03,2026-08,5047,201,0.0398,12,12,2,
/data/clones/doccano__doccano,ok,2026-01,0,B,,,2026-01,1a89ed0abb09ffe68e7f1ebdd1d62ac91036c928,,,2018-05,2026-01,3554,4,0.0011,1,0,0,
/data/clones/OpenRLHF__OpenRLHF,ok,2025-07,13,A;B,2026-08,af4e6ede2af434e5c3e3ec939f75c4eadc88c496,2025-07,a3be90607985cc843ee650c85bbd4879684c9781,,,2023-07,2026-08,1555,22,0.0141,12,12,1,
/data/clones/arrow-py__arrow,ok,2026-02,0,B,,,2026-02,b423717da81aaf8117313b4b377efaa6413a9639,,,2012-11,2026-04,1449,1,0.0007,5,1,0,
/data/clones/eternnoir__pyTelegramBotAPI,ok,2025-08,0,B,,,2025-08,220772b0ddbc39d8f820dfdb4288619c0d168734,,,2015-06,2026-08,3317,6,0.0018,12,11,0,
/data/clones/jxxghp__MoviePilot,ok,2025-07,10,A;B,2026-05,44f975baf4d2e5f3cab56b640792fd53e8a6bd89,2025-07,d8249d4e3881f1e02f0c09c132c59fcdfc53b665,,,2023-06,2026-08,8142,210,0.0258,12,12,5,205287
/data/clones/SirVer__ultisnips,ok,2026-04,0,A,2026-04,1119967817e5190e4c4d79e435a6ac757e67992b,,,,,2009-06,2026-07,1680,7,0.0042,2,2,1,
/data/clones/LibrePhotos__librephotos,ok,2025-07,5,A;B,2025-12,c6190365f1193e357c3c4f7f967e244c20097e80,2025-07,8f2ccfdaebc3136d0d79c2e1e13e4cfd18a9963c,,,2017-05,2026-08,7377,421,0.0571,12,11,5,32318
/data/clones/jupytext__jupytext,ok,2025-08,0,B,,,2025-08,643aeb292b881e61c311aba39b6ff7c0eed5e3d8,,,2018-06,2026-08,2678,10,0.0037,6,8,1,
/data/clones/espressif__esptool,ok,2025-08,0,A;B,2025-08,2cd044bf9b8286d57f3213372030d8818ff1ab8a,2025-08,2cd044bf9b8286d57f3213372030d8818ff1ab8a,,,2014-09,2026-08,1676,8,0.0048,12,12,2,
/data/clones/OneDragon-Anything__ZenlessZoneZero-OneDragon,ok,2025-10,1,A;B,2025-11,6ed4feb80532b9f7d4b352d1964988dc32774aef,2025-10,84059528271d2558460a7cf0471882a711d0b296,,,2024-06,2026-08,2159,65,0.0301,12,10,3,
/data/clones/Pennyw0rth__NetExec,ok,2023-09,28,B;C,,,2026-01,25f567a0974b0561f01486e7fdd8d825ac0e5667,2023-09,b38e71d8fa4aaba5f1c5fe9a010fed8c58be9fcc,2015-08,2026-08,6762,12,0.0018,12,12,1,
/data/clones/fla-org__flash-linear-attention,ok,2025-09,8,A;B,2026-05,5a1bba12b774abf38e3c75f0e46f087514acaf74,2025-09,7b8a0bd5ebf30aa619fbe0e92345d899fd45d267,,,2023-12,2026-08,2077,23,0.0111,12,11,3,
/data/clones/pypa__virtualenv,ok,2025-07,0,B,,,2025-07,269599a7d268976e88e9dff749fdf12832f9d6f9,,,2020-01,2026-08,1234,14,0.0113,11,12,1,
/data/clones/anmol098__waka-readme-stats,ok,2026-01,0,B,,,2026-01,105160f676674eeaf172bb7e0946e5f4eded236f,,,2020-07,2026-08,996,4,0.0040,5,7,1,
/data/clones/tmux-python__tmuxp,ok,2025-03,0,A,2025-03,b9299a20c80467fc61c48b7a9de47fc695591a0d,,,,,2013-08,2026-08,5034,45,0.0089,12,12,0,
/data/clones/truera__trulens,ok,2024-06,19,A;B,2026-01,2adf56911d0ed204407f5fd22a725627fad9a061,2024-06,79584c65de539833bfdfb91387d93dc62ab6568a,,,2020-11,2026-08,1827,42,0.0230,12,12,1,
/data/clones/pydata__xarray,ok,2025-07,2,A;B,2025-09,bd2a0355809e54bd947eeb22f4f001068b717f22,2025-07,4fde6997d07048c7a64014c4d1277553cd8c026a,,,2013-09,2026-08,6501,72,0.0111,12,12,6,107366
/data/clones/commaai__opendbc,ok,2025-03,0,B,,,2025-03,8864b9b20099f2d73fcd1d34ac1ac87d94114408,,,2017-05,2026-08,2878,14,0.0049,12,12,0,
/data/clones/wizarrrr__wizarr,ok,2025-06,0,A;B,2025-06,3e15e37a4e4decc0a307ac067f289c39fd96fefb,2025-06,f8eb664d7c8df458a2262196c9033bb1fe555491,,,2022-09,2026-08,3495,127,0.0363,1,12,6,
/data/clones/TracecatHQ__tracecat,ok,2024-04,14,A;B;C,2025-05,4412f4073a2321e36cec4e996b5482a664cb0dd3,2025-06,54e2bbf367d8f947d215727ebcbab9762dd82f7c,2024-04,ab643156e4dbe8ea2bbd2b4a384054e44776b5c0,2024-02,2026-08,5634,375,0.0666,2,12,0,
/data/clones/TorchIO-project__torchio,ok,2021-04,0,B,,,2021-04,eb32f99759fdf899f19f614a8755fd7eae56df2c,,,2019-11,2026-07,1973,17,0.0086,12,12,0,
/data/clones/Pycord-Development__pycord,ok,2025-08,0,B,,,2025-08,54884c3a2c7d0361df6735c1449e859d7fcc0428,,,2015-08,2026-08,6699,9,0.0013,12,12,3,
/data/clones/napari__napari,ok,2026-01,4,B;C,,,2026-05,0f832f5117c64865c5c30780103beaa7bcbabbe2,2026-01,7488f9093da25a6679451f19de3779d00dc85978,2018-08,2026-08,4682,13,0.0028,12,7,3,
/data/clones/msoedov__agentic_security,no markers,,,,,,,,,,2024-04,2026-08,721,0,0.0000,,,,
/data/clones/home-assistant__supervisor,ok,2025-01,6,A;B,2025-07,f0ea0d4a44fc80eb9f06ec2ed5367b39c028b5ed,2025-01,9491b1ff8914911b8e61b7b3def7c1a6bd9b6783,,,2017-03,2026-08,5868,211,0.0360,12,12,3,46954
/data/clones/MAA1999__M9A,ok,2025-04,15,A;B,2026-07,f8311dabf43e99380b94bedf5b3dbd51d1f3cf2e,2025-04,4b9efa2c958f34d58ca96918ad5598f2a51ae589,,,2023-05,2026-08,1821,10,0.0055,12,12,0,
/data/clones/enarjord__passivbot,ok,2025-08,5,A;B,2026-01,807b15d65f817d3e84153896d8625def1ddb4415,2025-08,824273879a9d049e43c7922264f4144aa3dd2d03,,,2020-12,2026-08,11126,971,0.0873,12,12,4,
/data/clones/OpenAdaptAI__OpenAdapt,ok,2026-01,6,A;B;C,2026-01,96089216994a3173dccbfe077681c8847249480c,2026-01,94353533f0e76c5f4fc8cc9e2fca5d3e1bef105c,2026-07,b9f4fecdbf3babe4bd58fa0e98a4689fa6756ab5,2023-04,2026-08,1127,78,0.0692,3,5,4,
/data/clones/posit-dev__py-shiny,ok,2025-03,10,A;B,2026-01,3ad4e9eadd5fae6fc728aab9dad564abffa1b7f1,2025-03,f2e774cadd3e8063bc834ae2095ed54863caa34b,,,2021-07,2026-08,2181,50,0.0229,12,12,2,
/data/clones/django-components__django-components,ok,2025-08,0,A;B,2025-08,e9b74708505194d1ae63fa44d0e2e34838f5f407,2025-08,e9b74708505194d1ae63fa44d0e2e34838f5f407,,,2015-06,2026-08,2203,27,0.0123,12,12,3,
/data/clones/writer__writer-framework,ok,2024-10,0,B,,,2024-10,5b6b6dfefa0418c4a41374ff263e78e5ada35c92,,,2022-02,2026-07,3609,19,0.0053,12,12,0,
/data/clones/python-discord__bot,ok,2025-11,0,B,,,2025-11,163e72aabdf0c6f6845900caec51d2afda3f4508,,,2018-02,2026-08,10363,1,0.0001,12,8,0,
/data/clones/tavily-ai__tavily-python,ok,2025-12,0,B,,,2025-12,7c53538455a4bc9eafa68d891e6dd7968f925d0c,,,2023-09,2026-07,351,14,0.0399,11,7,2,
/data/clones/florestefano1975__comfyui-portrait-master,ok,2025-08,0,B,,,2025-08,7f38fbde4ad19b1c9df54fabd44c38890957570b,,,2023-12,2026-02,211,2,0.0095,6,2,0,
/data/clones/fgmacedo__python-statemachine,ok,2026-02,0,A,2026-02,790d38f4d8a05339d04304c079112736a93287fd,,,,,2017-03,2026-08,549,17,0.0310,3,6,3,
/data/clones/openatx__adbutils,ok,2025-08,2,A;B,2025-10,118c609004ac2fc92994056888ebf1b55f4b9931,2025-08,b50787661b489d40ffa5c450b37ed92c0449d1ed,,,2019-03,2026-08,300,11,0.0367,8,5,2,
/data/clones/silvery107__rl-mpc-locomotion,no markers,,,,,,,,,,2021-11,2026-04,528,0,0.0000,,,,
/data/clones/omicverse__omicverse,ok,2024-12,10,A;B,2025-10,841bb20db9004caebdf502a97242ccfdd3c5505e,2024-12,093d1d6fdcd18b8bcd6a00a27327b8c9eb4798fc,,,2021-03,2026-08,2584,725,0.2806,12,11,1,
/data/clones/laszukdawid__PyEMD,no markers,,,,,,,,,,2016-08,2026-07,236,0,0.0000,,,,
/data/clones/mistralai__mistral-common,ok,2026-02,0,A,2026-02,58bd44e4f86715b1edb1c9fcc812cab9e2d99df6,,,,,2024-04,2026-08,337,7,0.0208,11,6,4,
/data/clones/jilleb__mib2-toolbox,ok,2025-07,0,B,,,2025-07,af2f5413375be9cb431a15542dc2dfd0d87b988b,,,2019-09,2025-09,336,2,0.0060,3,2,0,
/data/clones/bokeh__bokeh,ok,2025-08,11,B;C,,,2025-08,fcab602a8ac1f99551d2def072f77ce3047eacfe,2026-07,70b4ddced72110df72a2984880391ffa930cae37,2012-03,2026-08,21127,18,0.0009,12,12,1,
/data/clones/apache__iceberg-python,ok,2025-07,10,A;B;C,2026-05,5da8186d0a77456e2da2a0286bc016af94c043ed,2025-07,5e0499c934c5d5a5869c85452f0d586ef4c09c83,2026-05,5da8186d0a77456e2da2a0286bc016af94c043ed,2023-09,2026-08,2890,20,0.0069,12,12,3,38994
/data/clones/matin__garth,ok,2024-12,13,A;B,2026-01,adc49ba887e6cfcb17318b4987902e0480d59469,2024-12,960d8c0ac0b68672e9edc7b9738ba77d60fa806a,,,2023-07,2026-03,440,51,0.1159,5,6,1,
/data/clones/allenai__reward-bench,ok,2026-01,0,A;B,2026-01,fd72033ea50678505a64998e0a381764f5c23576,2026-01,fd72033ea50678505a64998e0a381764f5c23576,,,2023-12,2026-01,235,4,0.0170,4,0,0,
/data/clones/DoubleML__doubleml-for-py,ok,2025-07,7,A;B,2026-02,838d0ca742f7122fc326d17db2da648eb2027279,2025-07,270ed209661ebd60b825be637e38b25df35bedd3,,,2019-07,2026-08,3513,18,0.0051,12,11,0,
/data/clones/pklaus__brother_ql,ok,2026-01,0,B,,,2026-01,62c673eb6f3d19c3efa62311af602c3d2bde1847,,,2015-12,2026-01,204,6,0.0294,0,0,0,
/data/clones/NoneGG__aredis,no markers,,,,,,,,,,2016-12,2020-10,301,0,0.0000,,,,
/data/clones/lordmauve__pgzero,no markers,,,,,,,,,,2015-04,2025-09,467,0,0.0000,,,,
/data/clones/mkdocstrings__griffe,no markers,,,,,,,,,,2021-09,2026-08,1359,0,0.0000,,,,
/data/clones/randyzwitch__streamlit-folium,ok,2025-08,0,B,,,2025-08,d56d9a53457acc32a03ba183f3a27d18a9cb0175,,,2020-07,2026-08,228,5,0.0219,7,9,0,
/data/clones/AdnaneKhan__gato-x,ok,2025-08,4,A;B,2025-12,38f0b49798e63867e91688e2357f20d8b6b4f894,2025-08,30292fccdfd00d11b4f5d736c303027e7becf449,,,2023-01,2026-05,322,10,0.0311,11,9,2,
/data/clones/cyberjunky__home-assistant-garmin_connect,ok,2025-06,11,A;B,2026-05,a650e20d55277a3819aa302d5d8f3c2be2e12faf,2025-06,13e00af7a0b3dba8b2c2b72ee1898bfb107fe8fc,,,2021-07,2026-08,597,74,0.1240,8,8,0,
/data/clones/codeskyblue__uiautodev,ok,2025-08,0,B,,,2025-08,b4083259e1e958cb3b1d06e2d90f9f2f6d6e0e79,,,2024-02,2025-11,61,6,0.0984,3,3,2,
/data/clones/snok__django-guid,ok,2025-07,0,B,,,2025-07,32598be37ceb9051d43bdeb582873d8173193e52,,,2019-12,2026-05,212,1,0.0047,6,1,0,
/data/clones/ClickHouse__clickhouse-connect,ok,2025-08,8,A;B,2026-04,970e51541ebac6ae1473c189a3c5a61730209f4c,2025-08,7ff920ceca341369ac0021741483b44c0edbf12f,,,2022-02,2026-08,664,25,0.0377,12,12,2,
/data/clones/Azure-Samples__rag-postgres-openai-python,ok,2025-07,1,A;B,2025-08,3d314a130ce1bcd6918efb2b91b82842ab736193,2025-07,8aef14613112daf616fcc9bacfec16caebdd2f84,,,2024-05,2026-08,517,14,0.0271,12,6,2,
/data/clones/GenericMappingTools__pygmt,ok,2025-06,0,B,,,2025-06,438edce2e3c1605f2a54fa26a5a1635247522fc7,,,2017-03,2026-08,3513,10,0.0028,12,12,1,
/data/clones/Frica01__WeChatMassTool,no markers,,,,,,,,,,2024-05,2025-05,57,0,0.0000,,,,
/data/clones/drivendataorg__erdantic,ok,2025-09,5,A;B,2026-02,db4eeaa6489ff01eb6fc274bee9987b62764ac1d,2025-09,e373f3df32d1c1e99829b8239e01c610aa873f29,,,2021-01,2026-07,181,2,0.0110,5,4,1,
/data/clones/peeringdb__peeringdb,ok,2025-05,0,B,,,2025-05,8303d6d8429736f278be6193ee20c3a067e0c6f1,,,2016-06,2026-08,781,1,0.0013,10,11,0,
/data/clones/langfuse__langfuse-python,ok,2025-07,5,A;B,2025-07,ec881c24d3333cd0ccf8195e1703a6e1820c2539,2025-12,2f0da0b2ff133eaeb3e079e47b8a63aa05338b60,,,2023-07,2026-08,1562,20,0.0128,12,12,1,
/data/clones/facioquo__stock-indicators-python,ok,2025-08,9,A;B,2026-05,11abf5501d1e3adacb332424b1a95ba70223fad3,2025-08,756f1b815a0aeffd6f344f5cb7e05b8a0d95117f,,,2021-07,2026-08,356,7,0.0197,8,7,1,
/data/clones/Deep-Learning-Profiling-Tools__triton-viz,ok,2025-07,11,A;B,2026-06,e04397f8fb06d05f5a4598d8a0846d89a17332a2,2025-07,72042da0dd3cb074c38065f8e84d8265b1f09fee,,,2024-02,2026-07,238,12,0.0504,3,12,3,
/data/clones/open-spaced-repetition__fsrs4anki-helper,ok,2025-10,0,A;B,2025-10,bff3954a0aef53714291c72bbdba647ac6a74b25,2025-10,9cd66fca234c458121bff1b6681b04c5ba2ce987,,,2022-10,2026-06,466,3,0.0064,11,6,0,
/data/clones/XKNX__xknx,ok,2025-11,9,A;B,2026-08,5d6dd1a721387d00f77164902ed4f80946cba699,2025-11,4560f0c4f688e82993faa8cfb6be14f3e4772e59,,,2016-02,2026-08,2987,19,0.0064,12,9,2,
/data/clones/bids-standard__bids-specification,ok,2025-12,0,B,,,2025-12,1936f7195cf17ed3cfa4026b61e8d1fdd29d93f5,,,2018-09,2026-08,4895,10,0.0020,12,8,3,
/data/clones/SSujitX__google-news-url-decoder,ok,2025-03,0,B,,,2025-03,b48a2f6f6f591b729ac67060d0899c4cc97cebc1,,,2024-06,2026-08,100,2,0.0200,7,1,0,
/data/clones/f1tenth__f1tenth_gym_ros,no markers,,,,,,,,,,2020-03,2025-07,100,0,0.0000,,,,
/data/clones/agentmorris__MegaDetector,ok,2025-05,0,B,,,2025-05,657e76506d06b6e44f545bb619adc8c2891929c8,,,2018-10,2026-08,5196,13,0.0025,12,12,2,
/data/clones/DeepPSP__torch_ecg,ok,2025-09,0,B,,,2025-09,03ca4a92712986841d6028f25872bf849fcabaa2,,,2020-09,2026-06,1552,12,0.0077,7,6,1,
/data/clones/Vocab-Apps__anki-hyper-tts,ok,2024-09,0,A,2024-09,7012bd663779272ba4906cf48315c673eedc7517,,,,,2021-11,2026-08,2565,21,0.0082,10,11,0,
/data/clones/lukas-clarke__eight_sleep,ok,2025-06,0,B,,,2025-06,a14b4533c6776df5b492d75b9b7de905555c76ea,,,2023-11,2026-08,222,30,0.1351,8,10,1,
/data/clones/pangeo-data__climpred,ok,2025-10,4,A;B,2026-02,a794f7121f7c25586d7523da5ee08d87a561e02f,2025-10,d078f91cf2cb63a6dee8f37035f628a34d054cca,,,2017-09,2026-07,1277,17,0.0133,3,5,1,
/data/clones/roeniss__dhlottery-api,ok,2026-05,0,B,,,2026-05,46f124fb1f688375b348c438c8a186f10b063a4e,,,2021-06,2026-05,272,1,0.0037,4,0,0,
/data/clones/healthchainai__HealthChain,ok,2025-06,7,A;B,2026-01,852e8d1e1d3faa5aef5bbff3b73c5aba7f35064f,2025-06,0007823282ae89285441c1ccf59c3912dbbe91c1,,,2024-04,2026-08,191,11,0.0576,9,9,0,
/data/clones/UXARRAY__uxarray,ok,2025-05,0,B,,,2025-05,dca56ac97cc157bc3d992ea92d4be1d527a0b8f4,,,2021-10,2026-08,2943,12,0.0041,12,12,2,
/data/clones/NVIDIA__NeMo-speech-data-processor,ok,2025-04,0,B,,,2025-04,39cf7bc431a5c66c475c8d3a1d555f1bfa825684,,,2022-11,2025-09,219,1,0.0046,11,5,0,
/data/clones/waltsims__k-wave-python,ok,2025-05,10,A;B,2026-03,2ea27db08edc8b55808489686a56d4b10a767463,2025-05,6805a56e743253bf3244374764070b63befc41a4,,,2021-07,2026-07,762,58,0.0761,12,8,1,
/data/clones/maxbbraun__accent,ok,2025-07,0,B,,,2025-07,3e3be13ecda2152e106db20a9ae3b765d45fba37,,,2019-02,2026-07,274,23,0.0839,0,6,0,
/data/clones/Kuan-Lun__h2hdb,ok,2026-06,0,A;B,2026-06,fdbaac5e2078970d14f643ef3eea3be3351357a4,2026-06,fdbaac5e2078970d14f643ef3eea3be3351357a4,,,2024-03,2026-08,504,51,0.1012,1,2,2,
/data/clones/gbtami__pychess-variants,ok,2020-11,58,A;B,2025-09,7bfa3c2f20da11fb4d85503ba71bdb63c012ba19,2020-11,d1da29c16b99beea5180c257171c4aa6318d4d9f,,,2019-04,2026-08,8639,85,0.0098,12,12,0,
/data/clones/jeremiah-k__meshtastic-matrix-relay,ok,2025-06,3,A;B,2025-09,4a487388313fd68a1a499ef5f0ce259a10916d0b,2025-06,9786aa7e6aae4d7c6286453a55365ab287b5d7ef,,,2023-04,2026-08,1249,66,0.0528,8,12,6,
/data/clones/cylc__cylc-flow,no markers,,,,,,,,,,2008-06,2026-08,19890,0,0.0000,,,,
/data/clones/DogukanUrker__FlaskBlog,ok,2024-12,7,A;B,2025-07,508d24aa46ca79d4372368d34504d8789daa404f,2024-12,7c6658b0813cae8c3cda7680e743312b8ef026e5,,,2022-11,2026-07,1659,47,0.0283,11,7,1,
/data/clones/zigpy__zigpy-znp,ok,2025-10,0,B,,,2025-10,012067a4d49990b3170179727fc418deaf48a8d3,,,2019-11,2026-05,914,1,0.0011,3,3,0,
/data/clones/jnidzwetzki__pg-lock-tracer,no markers,,,,,,,,,,2022-12,2026-08,451,0,0.0000,,,,
/data/clones/genlayerlabs__genlayer-studio,ok,2025-03,6,A;B,2025-03,df859173bd55052a8a072a1d85c3ee9fec133e51,2025-09,37f4c61351de496a0a02165ade48dcc48fa238fa,,,2024-03,2026-07,727,47,0.0646,12,12,1,
/data/clones/DavidBuchanan314__millipds,ok,2025-10,0,B,,,2025-10,5a37fb9371ab06c7175356235c1b35b6610c2703,,,2024-02,2025-10,241,1,0.0041,7,0,0,
/data/clones/teemtee__tmt,ok,2025-09,5,A;B;C,2026-01,85aba396b1be7f85cef81a772d5388bdc856a716,2026-02,08142a00a11aa06d8f1e627e15bb1b24077b17ff,2025-09,2e3c7158be4a100efbd51194efc0057813a3e7ae,2019-09,2026-08,3375,14,0.0041,12,11,3,
/data/clones/appknox__pyaxmlparser,no markers,,,,,,,,,,2017-03,2025-05,195,0,0.0000,,,,
/data/clones/port-labs__ocean,ok,2025-05,0,A;B,2025-05,4e017da8bf195d5422edb76af9c801f17344fde6,2025-05,4e017da8bf195d5422edb76af9c801f17344fde6,,,2023-05,2026-08,2541,155,0.0610,12,12,6,94029
/data/clones/daveshap__PostLaborEconomics,ok,2025-06,0,B,,,2025-06,c816db15dbc92a67ce3f05d13b140a17ce626027,,,2024-02,2025-09,118,2,0.0169,1,2,0,
/data/clones/kobotoolbox__kpi,ok,2025-04,10,B;C,,,2025-04,18bbb59ee0d3fd553ebd05790d20a9de61be52e4,2026-02,a4037c003ad64dd3f4c7d2b78da588c66a1931ce,2015-02,2026-08,20514,47,0.0023,12,12,0,
/data/clones/lostleaf__binance-datatool,ok,2026-04,0,A,2026-04,61cfa9e5793cac9fd17c76e1143825346578800d,,,,,2026-04,2026-05,74,7,0.0946,0,1,0,
/data/clones/ogrodnek__pyview,ok,2025-04,0,B,,,2025-04,a71d4703cda91213ad94b31a9daf8af71007b490,,,2023-04,2026-08,204,16,0.0784,8,11,0,
/data/clones/artefactory__choice-learn,ok,2025-09,0,B,,,2025-09,6527ea95cfdc364121247176fe4f072ea7537dc6,,,2023-12,2026-06,854,1,0.0012,12,7,0,
/data/clones/nunobrum__spicelib,ok,2025-09,10,A;B;C,2026-07,3317812fa221bfce95766d358e3c5dfec47a7020,2025-09,82ff82c6a2c8d4940d9597973c85b7205bf67cdd,2026-07,b20c2371bbe49ca58702aabd12817e9e4664578a,2023-09,2026-07,967,18,0.0186,11,10,0,
/data/clones/clemensv__avrotize,ok,2025-11,0,B,,,2025-11,57c303a4c564ac102a54d463cc40ce9ac7115982,,,2024-02,2026-08,695,130,0.1871,7,9,4,
/data/clones/Deltares__hydromt,ok,2025-09,0,B,,,2025-09,92d7d3b50af612edb4a2e26b245717ba2f2e304a,,,2021-04,2026-08,1803,7,0.0039,9,11,0,
/data/clones/liveblog__liveblog,ok,2025-10,10,A;B,2026-08,2ef95791f7d72d37f6e29beea61cc2004d7a267a,2025-10,d49b85d5c02f826ddc87614bc298856dc066def6,,,2014-10,2026-08,8018,3,0.0004,11,6,0,
/data/clones/andreasgriffin__bitcoin-safe,ok,2024-11,14,A;B,2026-01,06a2da05d347bbdea936e39765dc9bbcae3ad647,2024-11,2f2f932ba3444d552460478ad86dfe18346fc1c7,,,2023-05,2026-08,1824,13,0.0071,10,12,0,
/data/clones/michaeldavie__env_canada,ok,2025-06,0,B,,,2025-06,ad00149cd288f6cf30aa7e206b29dde3940fc578,,,2018-07,2026-08,412,38,0.0922,9,8,2,
/data/clones/PaulMarisOUMary__Discord-Bot,ok,2025-09,0,B,,,2025-09,af97c5888edd76f630822240b14a17dbdfa70fae,,,2020-11,2026-08,855,4,0.0047,9,8,0,
/data/clones/mlc-ai__relax,ok,2025-09,8,A;B,2026-05,859498dc01660d06f61d54c98edf27828d68f25e,2025-09,657ebbb21752f61340528fc114a4d01e685c5b17,,,2016-10,2026-07,14153,30,0.0021,12,10,5,
/data/clones/abi__screenshot-to-code,ok,2023-11,18,A;B,2025-05,73c19d59811e1f12e00b0f823bb2766436dc445b,2023-11,315579e8da06feaef8a98ae4e28244281cdcb193,,,2023-11,2026-07,1455,252,0.1732,0,12,0,
/data/clones/mingrammer__diagrams,ok,2025-11,0,B,,,2025-11,dd0763d939f377c99898951a489e813c0360cd4a,,,2020-02,2026-08,685,8,0.0117,12,9,0,
/data/clones/assafelovic__gpt-researcher,ok,2025-01,8,A;B,2025-01,018652cc424b378d4ce6bdba2ccad0569cdfbaea,2025-09,6dd90c78a148b467ea3033a980b6906a41498c33,,,2023-05,2026-07,3077,43,0.0140,12,12,0,
/data/clones/facebook__prophet,no markers,,,,,,,,,,2017-02,2026-08,858,0,0.0000,,,,
/data/clones/pypa__pipenv,ok,2025-04,0,B,,,2025-04,f88593406c4bd02aef47962ff0a10587adad9275,,,2017-01,2026-08,9776,141,0.0144,12,9,2,
/data/clones/crewAIInc__crewAI,ok,2024-12,13,A;B;C,2025-07,640e1a7bc26eaf3fd98f37b33122ed22c73719e8,2024-12,22e5d39884393518fd6d8755e3c80880e34010dd,2026-01,1c4f44af808c32fff8fb01c3a23bc0594d365d3e,2023-10,2026-08,2762,169,0.0612,12,12,6,89791
/data/clones/kivy__kivy,ok,2023-03,35,B;C,,,2026-02,8b1439cfaf5de65ea5ade4208933c1ebe96eb846,2023-03,7f23e32441077ad51cd6df055894d10adea03a1f,2010-11,2026-08,13199,4,0.0003,12,11,0,
/data/clones/lra__mackup,ok,2025-10,0,B,,,2025-10,2954eb3e94d395e5c47263dc07ebc4b0c12dde0d,,,2013-04,2026-06,2468,11,0.0045,8,8,3,
/data/clones/flet-dev__flet,ok,2024-06,19,A;B,2026-01,33ac58307646d9660a3aa8434b4b2b30034f345e,2024-06,97ca54d3c7320ace095fc079bc82db1a5d65f986,,,2022-03,2026-08,1539,68,0.0442,12,12,0,
/data/clones/OWASP__mastg,ok,2024-11,9,A;B,2025-08,7f895748fa3f7311b57fb87c1d3fa597858c5651,2024-11,acaddcc72ec9575c9a6e328a255bb2d7d57f4225,,,2016-10,2026-08,10722,176,0.0164,12,12,2,
/data/clones/axolotl-ai-cloud__axolotl,ok,2025-09,7,A;B,2026-04,16e32232fbb2e20b6fbdfb22d58b6abe1150bf91,2025-09,4065bc14c616e12c4da037c01de8a0defd9e7c10,,,2023-04,2026-08,2901,19,0.0065,12,11,4,
/data/clones/data-privacy-stack__presidio,ok,2025-03,5,A;B,2025-08,9a1445f4eb6ab11fd3cfe597c5c82f429bf8b918,2025-03,515280566c00fa69bbfede900aa844bec0316f1a,,,2018-05,2026-08,1627,72,0.0443,12,12,2,
/data/clones/simonw__datasette,ok,2025-10,1,B;C,,,2025-10,27084caa04016f9801900b91ff9912ffa1063398,2025-11,fa978ec1006297416e2cd87a2f0d3cac99283cf8,2017-10,2026-08,3406,153,0.0449,9,10,6,
/data/clones/pipecat-ai__pipecat,ok,2025-07,12,A;B;C,2026-01,7aa7b86aed78f0c5a1be44c90b211ec2c4b6a37d,2025-07,6e3a0a2d5ddc794d645745f5cd82636c0b8a5468,2026-07,54c928484f887f3c2212ece8d1b5cc8f4a6af0db,2023-12,2026-08,11765,169,0.0144,12,12,2,
/data/clones/Future-House__paper-qa,ok,2025-06,0,B,,,2025-06,efa41d4a6792f684b519b75411c3a61217b9f32c,,,2023-02,2026-08,937,11,0.0117,11,10,3,13975
/data/clones/pdm-project__pdm,ok,2025-07,1,A;B,2025-08,481fcc58d56306cd926a89aa42d3f097e597b4a9,2025-07,a14f86efc0aaac9eb535f599b103323a29adb534,,,2019-12,2026-08,3300,7,0.0021,12,12,2,
/data/clones/kovidgoyal__kitty,ok,2025-12,3,A;B,2026-03,6c5d27229be32a7e3d4e2b26e356ee03d0e7eb58,2025-12,64abd87a9e9058ebe1554451235c1394b76a699d,,,2016-10,2026-08,19056,253,0.0133,12,8,6,
/data/clones/kennethreitz__records,ok,2026-02,0,B,,,2026-02,a1ebddef8a9e8c19771a2544fdd0da6a7f3dd3ca,,,2014-12,2026-02,378,1,0.0026,0,0,0,
/data/clones/InternLM__lmdeploy,ok,2025-06,9,A;B,2026-03,693082c24fe2efbdaca72fcdde14c704b4a3e0a4,2025-06,68b35d444c3ad1fbc72ecb686715edb876239a69,,,2023-06,2026-08,2050,32,0.0156,12,12,1,
/data/clones/kubernetes-client__python,ok,2026-01,0,B,,,2026-01,a3f288c6731b4f410da684c78afc72fe04e27fb9,,,2016-10,2026-08,2274,29,0.0128,12,7,3,
/data/clones/AgentOps-AI__agentops,ok,2024-12,8,A;B,2025-08,c51c4d3b6f032e83c47de592cd1e8dbbb8fc39be,2024-12,55323b013eacdca9d5efa67ee6de70ea5bb3a628,,,2023-08,2026-06,811,37,0.0456,12,10,4,51650
/data/clones/netalertx__NetAlertX,ok,2025-09,0,A;B,2025-09,5ffb6f26e542801474d35304bc702680beb45aba,2025-09,bb1e00301c15015d29be1a676360cf6e0a96917c,,,2018-08,2026-08,6603,71,0.0108,12,11,6,
/data/clones/OWASP__Nettacker,ok,2025-07,9,A;B;C,2025-09,a0831bc70a8c646a12e146eacd4344893d4f5729,2025-07,630de628b9b67f63406642eda8f821ba8d4f4ed2,2026-04,d76c7e972b670861b6c765a964d406804cc64eca,2017-04,2026-08,2788,10,0.0036,12,12,3,6891
/data/clones/VRSEN__agency-swarm,ok,2024-10,8,A;B,2024-10,a825dad9eeaf61a34489476d95914f02f3360140,2025-06,d70ee8022ca00b0455962f8c97a3036dcf98c96d,,,2023-11,2026-08,2628,385,0.1465,11,12,4,
/data/clones/dpgaspar__Flask-AppBuilder,ok,2025-09,0,B,,,2025-09,2d5fa08a124d515e7a0273bd7281b788e1df6fba,,,2013-11,2026-07,4058,12,0.0030,10,8,2,
/data/clones/ucbepic__docetl,ok,2025-07,4,A;B,2025-11,81d110404db8cb3cc0da43505caf3ab9066b35b6,2025-07,4cee4d7817b61317fda9b79f67ba5e957cd3843f,,,2024-07,2026-08,917,44,0.0480,12,10,5,54229
/data/clones/llm-workflow-engine__llm-workflow-engine,ok,2025-05,0,B,,,2025-05,1c7ec9b42f8d3846549574ad2cc0e6a5b6fe5c3b,,,2022-12,2026-08,1452,2,0.0014,12,9,0,
/data/clones/sqlfluff__sqlfluff,ok,2025-09,2,A;B,2025-11,6325aa7f3af57ef261e8f9fb08df660c219550f1,2025-09,5393aa72c25692641da1170a913482cf63990049,,,2018-10,2026-08,6931,160,0.0231,12,11,5,
/data/clones/pgmpy__pgmpy,ok,2025-09,6,A;B;C,2026-02,7bb89cab70d3df3e9d9febec481b62153abf43c4,2025-09,5a0f82f525c90d5eb181268a9a1099ad7fb00539,2026-03,8a24f5b442b849d1ad1bfd731f459475d7b60bf7,2013-09,2026-08,3656,19,0.0052,12,11,4,
/data/clones/NVIDIA__TransformerEngine,ok,2025-10,0,B,,,2025-10,aee5a82108bc3053ef01fa1bd2459fe7c0a154f5,,,2022-09,2026-08,2052,36,0.0175,12,10,3,
/data/clones/ekzhu__datasketch,ok,2025-11,0,B,,,2025-11,3358d84facf6a4905ce526c8f30f5c23b0937a0a,,,2015-03,2026-08,295,10,0.0339,0,7,2,
/data/clones/xlang-ai__OSWorld,ok,2025-05,0,B,,,2025-05,c9fbea988cb789baa16b94e4b1ea6163c898e5b2,,,2023-10,2026-07,1464,18,0.0123,12,12,1,
/data/clones/GodsScion__Auto_job_applier_linkedIn,no markers,,,,,,,,,,2023-06,2026-08,369,0,0.0000,,,,
/data/clones/jackmpcollins__magentic,ok,2024-11,0,B,,,2024-11,046ae4d6a57485939a1b2d84879a58c87dacf013,,,2023-06,2026-03,360,1,0.0028,11,8,0,
/data/clones/nat-n__poethepoet,ok,2026-02,0,A;B,2026-02,b15e96ec2f0329a3302b1dc18bfc2a5a04ad817a,2026-02,804c675166d9eab6b3ae36ac482d1ec801c662f7,,,2020-05,2026-07,409,20,0.0489,8,5,4,
/data/clones/crytic__slither,ok,2024-06,19,A;B,2026-01,45240cd40731d5634c4df2afa84c5704b2805864,2024-06,f3f4b2084c053c37099a4f56021aeeb5cd76d9c4,,,2018-09,2026-08,5202,54,0.0104,12,12,0,
/data/clones/kubeflow__pipelines,ok,2025-07,2,A;B;C,2025-09,ae2440355f306320e9f708fae071b65f0b93d101,2025-08,25af89ca4a71a78a49d1b416f4aa074edb9af2cb,2025-07,fb5262f2d2c09854c43b0864ed41aa58fbfead4b,2018-05,2026-08,7289,91,0.0125,12,12,6,128771
/data/clones/openatx__facebook-wda,ok,2025-08,0,B,,,2025-08,5e7fb996eb717f1d7e66f33c61949476d0d71030,,,2016-07,2026-07,256,3,0.0117,2,3,2,
/data/clones/alandtse__alexa_media_player,ok,2024-10,10,A;B,2025-08,9dd7493cbf7c24066bac1435cc3fde8686b7c53a,2024-10,303a0a0502d2743cddcdf4393180a07f65d235a4,,,2018-07,2026-08,2043,39,0.0191,10,11,0,
/data/clones/slgobinath__safeeyes,ok,2025-09,0,B,,,2025-09,a62c469e9ced027b49e66550d91c24cd6461987a,,,2016-01,2026-08,1702,1,0.0006,12,10,0,
/data/clones/patched-codes__patchwork,ok,2025-01,0,B,,,2025-01,497cbac1f4d4bb21521a8cd128568a2a178d964f,,,2024-04,2025-04,366,1,0.0027,9,3,0,
/data/clones/decoderesearch__SAELens,ok,2025-07,6,A;B;C,2026-01,9d942d847e5d3ae56340ffbe7e62af4175ff3dd9,2025-07,7b7c283bddaa235012592bf4ca519f821b861136,2025-12,144c9e5cc51848b5bbcde4d1df65dc26d3e8e988,2023-11,2026-08,1159,18,0.0155,12,12,4,
/data/clones/getsentry__sentry-python,ok,2025-06,0,A;B;C,2025-06,3e2994800dc99b07b016053878e90d5b64dbdeae,2025-06,8b6e5adfc6a55c40b7e64b099ae51c2cdb244031,2025-06,f71d223c6cecd4e99565c5e8e919ce9cf81707ff,2018-06,2026-08,4414,93,0.0211,12,12,1,
/data/clones/saturday06__VRM-Addon-for-Blender,ok,2025-04,0,B,,,2025-04,1b739df64ff4e8486782ff89a537d4ac7484729e,,,2019-01,2026-08,6522,10,0.0015,12,12,0,
/data/clones/marcboeker__gmail-to-sqlite,ok,2025-05,0,B,,,2025-05,9128fdbc9bbc6e8245f758a57a7dcb438a0fec18,,,2023-12,2026-02,50,2,0.0400,0,2,0,
/data/clones/uxlfoundation__scikit-learn-intelex,ok,2025-07,7,A;B,2026-02,f7db1a6879f9f4e21382c16e5c93173e7c9055c9,2025-07,86feb8f2107aa6f5b9228de9cfecd74481644783,,,2018-06,2026-08,2795,13,0.0047,12,12,2,
/data/clones/sepandhaghighi__samila,ok,2025-04,0,B,,,2025-04,d1dc52b2824efd9ba94e4720524f9ed554a4477d,,,2021-09,2025-07,487,1,0.0021,11,2,0,
/data/clones/Archmonger__django-dbbackup,ok,2025-08,0,A;B,2025-08,e00ac4a8a319cd79b740c5a6fd3f4b87a9a7fa4c,2025-08,e00ac4a8a319cd79b740c5a6fd3f4b87a9a7fa4c,,,2015-04,2026-07,579,38,0.0656,10,7,2,
/data/clones/canonical__snapcraft,ok,2025-06,10,A;B,2026-04,e02708489f0882cafde18b22bcfe90ddf226d13c,2025-06,02e267fb9021cb01ba2bf1ff61cedd5f1233580e,,,2015-06,2026-08,7416,16,0.0022,12,12,1,
/data/clones/SecKatie__ha-wyzeapi,ok,2025-06,0,B,,,2025-06,10b1a150b34577bbf3dfc638e92424acd61fbf80,,,2019-12,2026-08,633,16,0.0253,9,11,2,
/data/clones/mhdzumair__MediaFusion,ok,2024-07,19,A;B,2026-02,2e658c2879857c671a6e107174c8d3dd8252af2a,2024-07,4eb93b5d0840ce3544c25c871f205bdc90918916,,,2022-08,2026-08,2268,25,0.0110,12,12,0,
/data/clones/Open-Source-Legal__OpenContracts,ok,2025-05,5,A;B,2025-05,0b716fa5fa1f8bd165d11af951b0fa8095b40820,2025-10,cef14c85fb30a06a4204c47f70faf654db3d882a,,,2022-10,2026-08,12640,1610,0.1274,12,12,6,150919
/data/clones/psincraian__pepy,no markers,,,,,,,,,,2018-05,2025-07,570,0,0.0000,,,,
/data/clones/fanout__django-eventstream,no markers,,,,,,,,,,2017-07,2026-07,295,0,0.0000,,,,
/data/clones/olucurious__PyFCM,ok,2025-07,0,B,,,2025-07,9c7246167b24ee5b9db82ce91d8e1b88f0a4b633,,,2016-06,2026-08,403,5,0.0124,7,0,0,
/data/clones/Stable-Baselines-Team__stable-baselines3-contrib,ok,2025-09,0,B,,,2025-09,38b9103cdba5ddcd870d660c9b6a174e7e98ccc9,,,2020-09,2026-06,177,4,0.0226,9,5,1,
/data/clones/DonDebonair__slack-machine,ok,2025-06,0,B,,,2025-06,454f5770e257405f703d8ae816d931d6cd6e1e8c,,,2017-08,2025-10,1287,1,0.0008,8,4,0,
/data/clones/ServerlessLLM__ServerlessLLM,ok,2025-05,0,B,,,2025-05,d758ff9d755f79910be5caace449df607014076b,,,2024-01,2026-03,194,17,0.0876,10,10,4,
/data/clones/Nokse22__high-tide,ok,2025-05,0,B,,,2025-05,ad93461459bbf4484d517d7a9e4c49ff8325e731,,,2023-09,2026-08,766,7,0.0091,12,12,0,
/data/clones/aorwall__moatless-tools,no markers,,,,,,,,,,2024-03,2025-09,261,0,0.0000,,,,
/data/clones/baidubce__app-builder,ok,2025-04,0,B,,,2025-04,914f319e31b655033d5a019a114bdcf31989190f,,,2023-12,2026-04,1168,1,0.0009,12,11,0,
/data/clones/talmolab__sleap,ok,2025-08,0,A;B,2025-08,ad2359a1d4cde7c2cb8ac8eeb2542653745e4437,2025-08,08b6ede577fc5c23fa8538bbc6eabf5e12e1618b,,,2019-01,2026-08,3552,168,0.0473,9,12,6,
/data/clones/materialyzeai__matgl,ok,2024-09,20,A;B,2026-05,e7a6ef98c3d3ee6be9fdbb441fe7b651facb7ea4,2024-09,3bc8467b5a280b3316a7a86a74bf062f34e39e42,,,2022-08,2026-08,1827,98,0.0536,12,9,6,
/data/clones/ag2ai__fastagency,ok,2025-03,0,B,,,2025-03,82cd3b18f594247887dcb0a7263447391bf70fc2,,,2024-07,2025-12,321,2,0.0062,7,6,0,
/data/clones/relari-ai__continuous-eval,ok,2024-02,0,B,,,2024-02,ab11a43081788b739a5ed1fcb9b119764903dcaa,,,2023-12,2026-08,108,1,0.0093,2,8,0,
/data/clones/torch-uncertainty__torch-uncertainty,ok,2025-05,0,B,,,2025-05,ebbb9c3feb48cccafe5c9a957f8a25d474057388,,,2023-02,2026-08,2625,11,0.0042,12,10,1,
/data/clones/IINemo__lm-polygraph,ok,2025-07,0,A,2025-07,dce9bf5b43e226366e5e125459e0452a012463e1,,,,,2023-03,2026-08,1335,2,0.0015,11,10,1,
/data/clones/twardoch__fonttools-opentype-feature-freezer,ok,2025-06,0,B,,,2025-06,5fd866366b04994ddcc5854719cf2c33985d83a1,,,2015-03,2026-08,88,4,0.0455,0,2,0,
/data/clones/gdsfactory__gdsfactory,ok,2024-03,0,B,,,2024-03,6bfff35492699221582a1d7b70e3b26fd96526f6,,,2020-01,2026-08,15824,157,0.0099,12,12,3,54830
/data/clones/jasonacox__Powerwall-Dashboard,ok,2025-05,12,B;C,,,2025-05,12e2bc56960894191edfa6e29bbb3cdab30f7395,2026-05,9387e78cd6bf9860ef411b5527006cbd5337d12e,2022-02,2026-08,1296,19,0.0147,12,10,2,
/data/clones/microsoft__onnxscript,ok,2025-01,6,A;B,2025-07,4eaa6644bae847f647fc51ad7c631c57d0fd5a31,2025-01,969c078b13044933437c479cc0b6bfeac0ce3d2b,,,2022-02,2026-08,2157,101,0.0468,12,12,6,83033
/data/clones/geldata__gel-python,ok,2025-07,0,C,,,,,2025-07,2d400495d43e04f0bd417c6c61fe2da97917712c,2018-07,2025-11,973,1,0.0010,12,4,0,
/data/clones/hail-is__hail,ok,2025-08,10,A;B;C,2026-04,dc4e0864c92535e40179642a009cc6255816f29c,2025-08,85fbc56c6ded3538eb52783152196d1d69fdce8e,2026-06,10a7efc9c8d4bae3880136cf083a51783cb5becc,2015-07,2026-08,12191,19,0.0016,12,12,0,
/data/clones/magpylib__magpylib,ok,2025-09,0,B,,,2025-09,4842beda920715658f9cfa32c265fc0efecc5228,,,2019-02,2026-08,1963,10,0.0051,7,11,0,
/data/clones/JeffSteinbok__hass-dreo,ok,2025-12,0,A;B,2025-12,07ce178fba40f85620b05c3a0d5ce21c06acdf71,2025-12,849a70bac4ef91c0d404489ff4b0ff4b22122f6b,,,2023-06,2026-08,628,193,0.3073,10,7,4,
/data/clones/compiler-explorer__infra,ok,2025-04,0,A;B,2025-04,f3a557b515afc22eb2b1fc8e81c6ab792d27356c,2025-04,53a35f71cca5603e1377afc27850cbcb61913159,,,2014-04,2026-08,5844,316,0.0541,12,12,6,29131
/data/clones/langchain-ai__langchain-google,ok,2025-09,0,A;B,2025-09,8f3e7fae4db2a366e96b47bff04c4d25cf852801,2025-09,229990a4f322a7d8f027d72622159eae7316cb40,,,2024-02,2026-08,1241,19,0.0153,12,11,4,
/data/clones/ton-blockchain__mytonctrl,ok,2025-06,0,B,,,2025-06,b8ea7ce0dd7998fbf904cc636fe7992b011c6d95,,,2020-04,2026-08,1687,3,0.0018,12,12,1,
/data/clones/neurogym__neurogym,ok,2025-05,0,B,,,2025-05,4dd1e9775cfd30d616d33c9f3de97e2f34bb1863,,,2019-02,2026-03,2860,1,0.0003,10,8,0,
/data/clones/healpy__healpy,ok,2025-09,1,A;B,2025-10,f8dce951165783ae3035a9818f913d36c1c2c141,2025-09,36c7fdc17899d99a371c906d70ffaca6d227c512,,,2008-08,2026-07,2193,97,0.0442,12,10,5,
/data/clones/brentyi__jaxls,ok,2025-04,0,B,,,2025-04,046874e814db7efbef7129a1c8b363dd2e6a3493,,,2020-11,2026-06,286,2,0.0070,8,5,1,
/data/clones/galilai-group__stable-pretraining,ok,2025-07,10,A;B,2026-05,577e0ef51ecb15b69c2b660d0e9c165f6af16007,2025-07,f13a70f6d3a7f04a4595e0b3c1b4d6cf662c94b5,,,2024-07,2026-07,616,7,0.0114,10,12,0,
/data/clones/MDIL-SNU__SevenNet,ok,2025-05,0,B,,,2025-05,532af62902aca0e86d69d2bcd739d3d347cb4f82,,,2023-02,2026-07,1240,5,0.0040,12,12,0,
/data/clones/dipdup-io__dipdup,ok,2025-05,12,A;B,2026-05,c6d34c7e0d4a9e330c8e91286dc6f6761356d498,2025-05,7762e3e7f3d9c41582f7875b168854ddb1f2e19f,,,2021-04,2026-08,1035,25,0.0242,12,8,1,
/data/clones/cleder__fastkml,ok,2022-01,46,A;B,2025-11,0de2f80cc219d45d32b5664a82b22799369db579,2022-01,82f99eb2f5caf993f281e2b38c6275861218b2e2,,,2012-06,2026-08,1774,52,0.0293,5,8,0,
/data/clones/flyteorg__flytekit,ok,2025-06,0,B,,,2025-06,6548b66c86f2aa98e1f40d204b4f9da8c22a4748,,,2019-08,2026-08,2352,3,0.0013,12,12,1,
/data/clones/jobovy__galpy,ok,2025-11,0,A;B,2025-11,76d4d211ae326edad58428c31c3468f6198b99a2,2025-11,e67f68e41b95998b62d8457a36c432b0f81c09ba,,,2010-07,2026-08,8092,154,0.0190,12,9,5,
/data/clones/vitorbaptista__shellshare,ok,2026-01,0,A;B,2026-01,02b14485d230347437b9528fcc4bb9d5671df51e,2026-01,83bfcd15a303618e620c62da57d55ece8f5450d4,,,2013-01,2026-08,350,133,0.3800,0,4,3,
/data/clones/adysec__h1_asset,ok,2025-09,0,B,,,2025-09,1f8693dea6d259aa3c9f069bd50d02ca059ead61,,,2024-06,2026-08,820,2,0.0024,12,11,0,
/data/clones/kaifcoder__gemini_multipdf_chat,ok,2025-09,0,B,,,2025-09,21ae83d8a7610895ca1d3a905163f62347a5adf6,,,2024-01,2025-12,41,26,0.6341,1,1,1,
/data/clones/neurostuff__NiMARE,ok,2024-08,0,B,,,2024-08,c1cd2d7ddcec75e235105dba0d0d5fb922d753b3,,,2018-01,2026-07,1178,2,0.0017,10,9,0,
/data/clones/Keeper-Security__Commander,ok,2025-04,14,A;B,2026-06,6ae0357a422491eeb709def76a7efe3aacd66579,2025-04,b0929d0ba62afaa85370783912e2bbec51af956a,,,2015-10,2026-08,2965,33,0.0111,12,12,0,
/data/clones/CroatianMeteorNetwork__RMS,ok,2025-04,0,B,,,2025-04,b3e94729a30c0e8356809b3de9653aef6693ab32,,,2015-05,2026-05,5427,26,0.0048,12,9,4,87723
/data/clones/MolSSI__QCElemental,ok,2026-01,0,B,,,2026-01,1640c52351aebdbacd30c133e862e5235c96d14a,,,2018-08,2026-08,1006,2,0.0020,5,4,1,
/data/clones/denysdovhan__ha-yasno-outages,ok,2025-10,1,A;B,2025-10,aacc86c7804cdaf96eba9d50c9395032ef2bcd1c,2025-11,f4e52918717e23b540639666a01b096a2199d927,,,2024-06,2026-08,193,8,0.0415,4,8,1,
/data/clones/seriaati__hoyo-buddy,ok,2023-10,20,A;B;C,2025-06,3621a7087cb38b12796c176f6fbeedca98ae4f7a,2023-10,d430bb0ab5a1b7cb5b2229110a78c811ad2a37c5,2025-04,99797cf398ec709ceb66c62d55d13071a8094aff,2023-10,2026-08,4250,46,0.0108,0,12,1,
/data/clones/FlexMeasures__flexmeasures,ok,2025-04,11,A;B,2026-03,25fc911056caeb9207976e0c3002cf2821e669b0,2025-04,8a66040e8e9e1e63f1a7ee1660eb8b1c6ef32b0c,,,2018-01,2026-08,1971,172,0.0873,12,12,5,44713
/data/clones/sca075__mqtt_vacuum_camera,ok,2025-12,0,B,,,2025-12,bbb1164aa59137c3b24f0faf99b7bfc15918b5c5,,,2023-05,2026-08,1518,14,0.0092,12,8,3,
/data/clones/online-ml__deep-river,ok,2025-06,12,A;B,2026-06,9a0a676b481908d5575ba008ee2f9052e42f4dc0,2025-06,fe2fa3a5b7913218ccf11f11e8166b4e08580e92,,,2021-11,2026-08,930,10,0.0108,10,8,2,
/data/clones/qTipTip__Pylette,ok,2025-08,0,B,,,2025-08,e8e96707586e3fdbbe9b7c5c970f4e8724927cbd,,,2018-08,2026-07,159,1,0.0063,6,4,0,
/data/clones/prescient-design__lobster,ok,2025-06,0,A;B,2025-06,1afa12a05035d6e8f206d69242c166473bddafbd,2025-06,7a844d7502d831475f3aabf608c54dd36da7c844,,,2024-06,2026-06,441,31,0.0703,8,9,2,
/data/clones/gepromptet__promptolution,ok,2025-04,0,B,,,2025-04,6e47cd19b99c2e50ed424997c61d468ae74d98e1,,,2024-07,2026-05,237,6,0.0253,7,7,1,
/data/clones/drivendataorg__zamba,ok,2026-06,0,B,,,2026-06,5802f505c50990fccb8e63aa995d2c54eefe168a,,,2018-03,2026-07,283,6,0.0212,1,1,1,
/data/clones/JinyuanSun__PymolFold,ok,2025-09,0,B,,,2025-09,33270abcc0eeb70cc74f6fb58816a3785d7b4c9c,,,2022-11,2025-11,155,12,0.0774,1,2,1,
/data/clones/ChatFAQ__ChatFAQ,no markers,,,,,,,,,,2024-02,2025-12,1548,0,0.0000,,,,
/data/clones/RaspberryPiFoundation__picozero,ok,2025-11,0,B,,,2025-11,b553ae86033d3ea7101efe087d027ee68e2ccc40,,,2022-01,2025-11,392,6,0.0153,3,0,0,
/data/clones/Project-MONAI__monai-deploy-app-sdk,ok,2025-09,0,B,,,2025-09,da08e970a8387cbf96b3a04db75ac2a622c0de9a,,,2021-06,2026-06,574,7,0.0122,7,7,1,
/data/clones/mitchelllisle__sparkdantic,ok,2025-08,0,B,,,2025-08,e3e7e809e11a599251481d0bfe1ef2a2dff61685,,,2023-07,2026-08,2035,8,0.0039,12,12,2,
/data/clones/KatherLab__STAMP,ok,2025-05,0,B,,,2025-05,21b88948aecdeb6ddf80536e7e94d1b26db9501c,,,2023-09,2026-05,819,6,0.0073,12,12,1,
/data/clones/Pioreactor__pioreactor,ok,2023-04,27,A;C,2025-07,5ebc3f8fa1edd0ba15278ce9a26d01831c589dee,,,2023-04,86ee7e369bf2fa3b0a7c982275dc2c02c5eb9c97,2020-07,2026-08,5996,72,0.0120,12,12,0,
/data/clones/datalens-tech__datalens-backend,ok,2025-10,0,B,,,2025-10,3809614e79e92e25d5c9973caecbb5f7c2c6f1d9,,,2023-09,2026-06,1794,12,0.0067,12,8,4,
/data/clones/gallantlab__himalaya,ok,2025-08,0,B,,,2025-08,7972ecdce22d4de15f397ecb941c3e54a958fa02,,,2020-02,2026-06,312,8,0.0256,3,7,2,
/data/clones/ryan112358__mbi,ok,2025-04,0,B,,,2025-04,6145ff39b82abfab3a9c28c24bcfe546f72d4e03,,,2019-03,2026-08,704,77,0.1094,6,10,3,
/data/clones/mabel-dev__opteryx,ok,2025-06,4,B;C,,,2025-06,ada51b0b41074382d5d81ad4282a06ca8405967f,2025-10,c93fab8b2f98ced874c64bacc58d70eb78ef78e7,2021-12,2026-03,5928,120,0.0202,12,7,6,
/data/clones/openstax__openstax-cms,ok,2025-05,5,A;B,2025-10,032d90c658bf19a2093b6e5f189bc174cc3d2ea2,2025-05,676b4f1f65183c1367bd29b1591da6da58d7ee06,,,2015-10,2026-08,2498,72,0.0288,12,9,1,
/data/clones/pythonitalia__pycon,ok,2025-07,1,A;B,2025-08,7efdfad4644e742bfd9bf6d197e461f4f7a5960d,2025-07,f8abc197b2116e2ddb09e3edd81c99429d675735,,,2017-04,2026-08,5489,49,0.0089,12,11,4,29775
/data/clones/akrherz__iem,ok,2025-01,1,A;B,2025-01,9cba8804e9eabba9d6d28419b8f96e6352b0b86b,2025-02,6eb50bcd46f60c804a6fc4bc6d131f203ac91c2e,,,2005-09,2026-08,20501,17,0.0008,12,12,3,132304
/data/clones/Textualize__rich,ok,2026-01,0,B,,,2026-01,2836d725b734bca429bf1dda738d3ba74aa5078a,,,2019-11,2026-06,4460,8,0.0018,10,3,2,
/data/clones/psf__black,ok,2025-10,0,B,,,2025-10,43dbc2f1ccbd74d4eea1c3615fe854961e6a07b7,,,2018-03,2026-08,2313,12,0.0052,12,10,5,
/data/clones/agentscope-ai__agentscope,ok,2025-11,0,A;B,2025-11,2d3cbe74f43f4845aa23ac6d7c64d5c15eb38391,2025-11,d662bec3aa81316115336b7eba573c3e33e2930b,,,2025-08,2026-08,477,49,0.1027,3,9,2,
/data/clones/Dao-AILab__flash-attention,ok,2026-02,1,A;B,2026-03,485e8feed21269ac82fcb87e98dca720abf127ec,2026-02,abaa87875d573e67d7886f2f6c1efa0d0c840c3b,,,2022-05,2026-08,1556,19,0.0122,12,6,6,
/data/clones/SWE-agent__SWE-agent,ok,2025-04,2,A;B,2025-04,5a455b28cb5caa7267d54ee843691d1b9ed6f670,2025-06,37d041c845c0340ee631c91cd9dd74891049b53a,,,2024-04,2026-07,2182,10,0.0046,12,10,2,
/data/clones/MatrixTM__MHDDoS,ok,2025-10,0,B,,,2025-10,18ff6dc55738e0287736773ef7e9dd43ba54377c,,,2020-10,2026-08,591,2,0.0034,7,6,0,
/data/clones/huggingface__diffusers,ok,2026-01,2,A;B,2026-03,84ff061b1dc45757f9dc669cc5058e8b6c2b9fc9,2026-01,d7fa44545347bc090b268887d6b44a3c57a4b9a0,,,2022-05,2026-08,6815,76,0.0112,12,7,6,
/data/clones/modelscope__ms-swift,ok,2025-07,0,B,,,2025-07,95ee4d63a4c16408518770a9a9e80398b6d87935,,,2023-08,2026-08,3582,9,0.0025,12,12,1,
/data/clones/plotly__plotly.py,ok,2025-05,0,B,,,2025-05,e4aadf2648dfd50860a94a37c17d097fbe4cdf7c,,,2013-11,2026-08,8733,4,0.0005,12,12,0,
/data/clones/simonw__llm,ok,2025-06,9,A;B,2025-06,ac0506e15bf2b638224327c3da94749c70ebd10b,2026-03,947feaa0c936c4327ec441400f607f41d4dd31f7,,,2023-04,2026-08,1250,83,0.0664,12,8,0,
/data/clones/livekit__agents,ok,2025-10,3,A;B,2026-01,a59cc1e840380944d924554510b4d1811e353dc2,2025-10,bf300455331dbe86fffc3df06eec54a5f8238c2f,,,2023-10,2026-08,3835,131,0.0342,12,10,6,
/data/clones/dask__dask,ok,2025-12,5,A;B,2026-05,870f3274b011ba04f0a6ab5f5cf7b27b34be9202,2025-12,037cb2ddca8f9a8d31ab037a8dd9cc404a6237e7,,,2014-12,2026-08,9841,5,0.0005,12,8,3,
/data/clones/kornia__kornia,ok,2021-06,54,A;B;C,2025-12,d416945ee1e184627dd150dc85dc8fefc96258ae,2021-06,7f1573bcd086500fae72dc79dff91a8663a90b31,2025-12,9e521cac016f97e0392575b5dfb538bae68d59d9,2018-08,2026-08,3346,204,0.0610,12,12,2,
/data/clones/unslothai__unsloth,ok,2025-11,9,A;B;C,2026-03,f08aef1804bb795a2d46bf2d310b4cae897a60f5,2025-11,a3d42aaa2883ede4f7a266864293d6a61723c4a4,2026-08,cd3aef8a70b33f54e6cb1d3d3419b8c2abbc420e,2023-11,2026-08,7521,97,0.0129,12,9,6,
/data/clones/huggingface__accelerate,ok,2025-06,3,B;C,,,2025-06,23c1d8db89c6a5456a24547bd041f4efcd54ce39,2025-09,409b356f45570bb1c0a400226a367fe2db8c9f00,2020-10,2026-08,1999,6,0.0030,12,12,1,
/data/clones/librosa__librosa,ok,2025-07,11,A;B,2026-06,9d36228d83c6c668742ec77cb8267825f53aff66,2025-07,0c5af9eba52ca2eda0d7bc33b41e7e21e471ed88,,,2012-10,2026-08,3526,16,0.0045,10,9,0,
/data/clones/joerick__pyinstrument,ok,2025-11,0,B,,,2025-11,bbbfa0ae745f3d14a71aab2dbb03cc38635c00dc,,,2014-03,2026-08,1267,3,0.0024,10,7,1,
/data/clones/hacs__integration,ok,2024-08,0,B,,,2024-08,37e2d2252cadfb82ebc75ddfe16fa1f2faaf8388,,,2019-02,2026-08,2597,22,0.0085,11,12,0,
/data/clones/skypilot-org__skypilot,ok,2025-06,7,A;B,2026-01,deb0de08438ec94f5faf1070cf054f2f8b40cbd9,2025-06,886511cabf636e2ac40ed1c577963b52169b28c5,,,2021-08,2026-08,5662,711,0.1256,12,12,5,236428
/data/clones/CTFd__CTFd,ok,2025-10,0,B,,,2025-10,0f73f122ecf365ca4e482d8232ba5447374cb010,,,2015-01,2026-08,1720,3,0.0017,12,10,1,
/data/clones/PrefectHQ__marvin,ok,2025-01,2,A;B,2025-01,145ab83087f6b49854f7643981723d0b7e7c61d1,2025-03,fc8384fec433fc4ba407b1bfe130d282d06d2d1f,,,2023-03,2026-08,3990,71,0.0178,12,12,5,11858
/data/clones/feast-dev__feast,ok,2024-12,20,A;B;C,2025-10,4807a524129535ab26e76879cf95fc6513dbec74,2024-12,b8ede2ac6525b498d10e1231f955624d5e7c817b,2026-08,e8edab5c002fbf3fa51210866232c92538069b97,2018-12,2026-08,4711,93,0.0197,11,12,3,84897
/data/clones/angr__angr,ok,2026-03,0,B,,,2026-03,d4fcc9ca89a880567720f584763de01ef386b62c,,,2013-08,2026-08,14688,16,0.0011,12,5,5,
/data/clones/gpustack__gpustack,ok,2026-01,0,A;B,2026-01,1b3f6d5880d6bf318fcd9f52ca9e8fc04c66b176,2026-01,c8284ab2bdef280bb5089aaa79a7461a46a9f669,,,2024-05,2026-08,3437,14,0.0041,12,7,3,
/data/clones/dlt-hub__dlt,ok,2026-02,3,A;B,2026-02,48aeda04644c9b4bb6cfc8fa293d6575ab27b4e9,2026-05,672666028f7ecc1e395218ce472ed9fa6ca82880,,,2022-05,2026-08,4435,15,0.0034,12,6,5,
/data/clones/getzep__zep,ok,2023-07,24,A;B,2025-07,95e814baf0db1cbb766b26e58147d33c36cd1ee4,2023-07,fc056ebb86e0d33f30d65ea045550c573701db81,,,2023-04,2026-08,393,99,0.2519,3,9,0,
/data/clones/rom1504__img2dataset,ok,2025-08,0,A;B,2025-08,492ea91beca109e877da2391210ed33bf5b9cf36,2025-08,492ea91beca109e877da2391210ed33bf5b9cf36,,,2021-08,2025-08,321,3,0.0093,0,0,0,
/data/clones/Lightning-AI__LitServe,ok,2025-05,0,B,,,2025-05,46720e4baba7790a6dfbcbb1eddb3d5193f0759b,,,2023-12,2026-08,775,5,0.0065,12,11,2,
/data/clones/SwanHubX__SwanLab,ok,2025-12,0,B,,,2025-12,fda49737444eb814cee422c87c45a91c55bf4c58,,,2023-11,2026-08,1000,10,0.0100,12,8,4,
/data/clones/autorope__donkeycar,ok,2025-08,0,B,,,2025-08,225a1140aadd588a3be839ddd41b0cf743213195,,,2016-12,2026-08,2220,6,0.0027,3,7,0,
/data/clones/huggingface__datatrove,ok,2025-04,11,A;B,2026-03,828aac70583acc15e67fe8e3632916e944060713,2025-04,1c15ba68f2288c6864a8f161a1abd9c6aa90f88f,,,2023-06,2026-08,738,20,0.0271,12,11,0,
/data/clones/Johnserf-Seed__f2,ok,2024-12,0,B,,,2024-12,c5f44a71cd41187a905e45438550ba15f10a144a,,,2023-01,2025-10,1977,1,0.0005,12,7,0,
/data/clones/robusta-dev__robusta,ok,2025-07,8,A;B,2026-03,79c549520851a1c8687228f2ed508afe13150c4d,2025-07,2234aca20327b49904da4eafcc88f7069287f7a7,,,2021-06,2026-08,2294,71,0.0310,12,12,2,
/data/clones/Owez__yark,no markers,,,,,,,,,,2022-08,2025-12,139,0,0.0000,,,,
/data/clones/p0n1__epub_to_audiobook,ok,2025-04,0,B,,,2025-04,2bb5063060b14ce030d0a7db7dcd400b5832e2fa,,,2023-03,2026-03,232,4,0.0172,9,10,1,
/data/clones/Qexo__Qexo,ok,2025-10,4,A;B,2026-02,0c4ec5049d359f3b300cc47afcb2c57b4b1b3404,2025-10,0e8d21d980f1dd24fcd944de6d99e121061fb705,,,2021-11,2026-05,994,10,0.0101,10,4,2,
/data/clones/holoviz__holoviews,no markers,,,,,,,,,,2014-05,2026-08,11265,0,0.0000,,,,
/data/clones/PaddlePaddle__FastDeploy,ok,2025-07,4,A;B,2025-11,095dada092c15785107dfb706ef36b96c601e603,2025-07,771e71a24dcc1d5cf31c76bc83928b7a3ddbbc65,,,2022-06,2026-08,5374,103,0.0192,7,12,6,
/data/clones/AI-Hypercomputer__maxtext,ok,2025-03,10,A;B,2026-01,59098a0de25c822d8d0c4c4b3200a32edfdf35d2,2025-03,0c94977ee74d93b7c4c420d533f56b48f812fe73,,,2022-12,2026-08,6602,7,0.0011,12,12,2,
/data/clones/mandarons__icloud-docker,ok,2025-09,0,A;B,2025-09,b7df62e2ed8dbe1ac55c9a7f899197da8673e638,2025-09,c3c9dd041d16ca1702fc2cdd3ec024f873041623,,,2021-02,2026-08,580,72,0.1241,9,9,1,
/data/clones/wasmerio__Python-Scripts,ok,2025-10,0,B,,,2025-10,299b3c8cff6faf62bb6560b3c4ff533bb462946f,,,2017-07,2025-11,715,12,0.0168,9,1,1,
/data/clones/google__meridian,no markers,,,,,,,,,,2024-02,2026-08,1019,0,0.0000,,,,
/data/clones/richardkiss__pycoin,no markers,,,,,,,,,,2013-06,2026-06,1585,0,0.0000,,,,
/data/clones/intel__auto-round,ok,2025-07,6,A;B,2026-01,0fe5c0a7d7885d524a5d270920cb8712250d23df,2025-07,ef6413b2c700f82ff3e6fa2df940da9c980c32e4,,,2024-01,2026-08,1346,89,0.0661,12,12,3,
/data/clones/strnad__CrewAI-Studio,ok,2026-03,0,B,,,2026-03,14eca774bce83a3c22ecd2252f433e5b30aab291,,,2024-05,2026-08,230,6,0.0261,9,3,2,
/data/clones/domainaware__parsedmarc,ok,2025-12,3,A;B,2026-03,9551c8b467e1603018bcd6756a6036defd8a8379,2025-12,72cabbef23ed44dbe590ca0b206097497d580cc3,,,2018-02,2026-08,1628,188,0.1155,9,8,5,
/data/clones/Azure-Samples__chat-with-your-data-solution-accelerator,ok,2025-07,12,A;B,2026-07,4708902adca4fe23f63117018c11acea05c85c09,2025-07,3e5a737db9ba585a920d5670f240de4720654a8a,,,2023-06,2026-08,1099,15,0.0136,12,12,0,
/data/clones/hanruihua__ir-sim,ok,2026-01,1,A;B,2026-02,2e04b49548608ad622251127027b9d525c33770f,2026-01,55799becc6c6fe69376fd629d647de3ac19d504d,,,2022-05,2026-08,1625,25,0.0154,12,7,6,
/data/clones/clr2of8__DPAT,ok,2025-12,0,B,,,2025-12,f4b80b6b5924db0b3ce12252bc61416a5f8ef9f4,,,2016-11,2025-12,170,4,0.0235,6,0,0,
/data/clones/RimSort__RimSort,ok,2026-05,0,B,,,2026-05,7a33b464e11dce85cc270c82ab26deab6451c15c,,,2023-02,2026-08,2609,80,0.0307,12,3,2,
/data/clones/ArcadeAI__arcade-mcp,ok,2025-09,3,A;B,2025-12,73acc93414c48670a3123efe6bc22334feb4857b,2025-09,768d70ed7963f579258f07419be651dacc8c7f1a,,,2024-04,2026-08,707,39,0.0552,12,11,5,
/data/clones/instadeepai__Mava,ok,2022-11,0,B,,,2022-11,dd3edb42d805e7a97fa4899fc545f4236dc8b89c,,,2021-03,2025-10,7782,1,0.0001,12,8,0,
/data/clones/PythonNest__PyNest,ok,2026-05,0,B,,,2026-05,f0b90b65d118df041f87a78d0bb0d6d66126a2e6,,,2023-05,2026-07,198,4,0.0202,1,1,0,
/data/clones/optiland__optiland,ok,2025-05,4,A;B,2025-09,c623a36f9661e145a1b24d46d52139234bef9e06,2025-05,26f2ce9fd1fd9cf68cd6314fc3d3b27baa1e647b,,,2017-08,2026-08,2709,100,0.0369,12,12,6,
/data/clones/cert-ee__cuckoo3,ok,2025-03,0,B,,,2025-03,68c0d8072a754170693fe28489460a52a1aadd1c,,,2020-03,2025-12,968,1,0.0010,5,4,0,
/data/clones/mmschlk__shapiq,ok,2025-03,12,A;B,2026-03,002bd3998b28754a0305998ec129d00706e59c98,2025-03,679f7bb2eef6a9305b00c8009e476c8abc63fd6e,,,2023-10,2026-08,1092,27,0.0247,11,12,4,34924
/data/clones/Yelp__paasta,ok,2025-06,7,A;B;C,2026-01,ab7e5e091714edae08a30345c30db1965f7f00ff,2025-06,994e4d6746a15b82cfc9d742f1b7a67788f95d18,2025-11,d13f0d12cebc89b7a34a6afe73e9980424b0d2e8,2013-08,2026-08,15079,70,0.0046,12,12,1,
/data/clones/python-cachier__cachier,ok,2025-07,0,A;B,2025-07,d9dd752e0e2746a90e7e7ff295f562124ffd3df0,2025-07,410543c09be211e3883e3feb1be4e0f13108eddc,,,2016-08,2026-07,453,37,0.0817,10,10,1,
/data/clones/snowflakedb__snowflake-connector-python,ok,2025-12,0,B,,,2025-12,7cadc70061259355e120b25768b67b154860359a,,,2016-12,2026-08,1910,45,0.0236,12,8,5,
/data/clones/brainpy__BrainPy,ok,2025-12,0,B,,,2025-12,0c5b5210e4d47b48e86078d599b746f714ab5cfd,,,2020-07,2026-08,3791,3,0.0008,8,7,0,
/data/clones/holoviz__geoviews,no markers,,,,,,,,,,2016-01,2026-07,940,0,0.0000,,,,
/data/clones/scikit-hep__awkward,ok,2026-02,4,A;B,2026-06,ce01d1f2280752389b95de5580693df53f00cbc4,2026-02,1e1ca0ceccc6a330e23f047d68ba8befa1c4c085,,,2019-08,2026-08,2874,57,0.0198,12,6,6,
/data/clones/ludeeus__integration_blueprint,ok,2025-03,0,B,,,2025-03,8fa545ff1443b9dd76eabcd5fa874527d09a7b09,,,2019-03,2026-07,309,13,0.0421,9,11,1,
/data/clones/jacobsalmela__tccutil,ok,2025-10,0,B,,,2025-10,a92c389de6e6fd882528f8c8f950d96678807a21,,,2014-07,2025-10,96,3,0.0312,2,0,0,
/data/clones/Mic92__nix-fast-build,ok,2025-12,0,B,,,2025-12,7304ad8938effe7263a36ed2ceed7e0353d28680,,,2023-09,2026-08,598,4,0.0067,11,8,0,
/data/clones/vutran1710__PyrateLimiter,ok,2025-07,0,B,,,2025-07,1a73cb8805cd5165654b06901183090d439650fc,,,2019-11,2026-06,335,30,0.0896,2,10,4,
/data/clones/stefankoegl__python-json-patch,no markers,,,,,,,,,,2011-06,2024-08,338,0,0.0000,,,,
/data/clones/emersonfelipesp__netbox-proxbox,ok,2025-05,10,A;B,2026-03,c5e7f8b36f5cb890af4126999b86e50312f644fb,2025-05,7d0a13e489031c5ecd3c6536ccc7a7a8383271bf,,,2021-04,2026-08,3164,354,0.1119,12,4,0,
/data/clones/luispedro__jug,ok,2026-03,0,A;B,2026-03,37a6399eeb8fb358fc7e4f6e1cddbbce53c89c3f,2026-03,bc9a680ee13cbd54c072af58af49338f8b065445,,,2008-12,2026-07,1020,4,0.0039,3,3,1,
/data/clones/pastas__pastas,ok,2025-10,0,B,,,2025-10,a0dc781c588f23d76b1b84f9c5646720f0deb459,,,2016-04,2026-08,3633,37,0.0102,12,10,4,
/data/clones/mozilla__bugbug,ok,2025-11,0,B,,,2025-11,741ba39fc3d5c3d8ab671dfb5fc345cd0a67d782,,,2018-03,2026-08,7472,2,0.0003,12,9,1,
/data/clones/GiulioRossetti__cdlib,ok,2025-09,0,B,,,2025-09,07a7c981c25734bb34bdbcf7c326c69f494fdd1d,,,2018-12,2026-08,1090,2,0.0018,6,5,0,
/data/clones/nextgenusfs__funannotate,ok,2026-01,3,A;B,2026-04,56e49d701a65973744ed5f53f96ae340203a27cf,2026-01,ef952543efa5c32b50a662695210896b33519692,,,2015-12,2026-08,1812,117,0.0646,4,6,4,
/data/clones/temporalio__samples-python,ok,2025-07,12,B;C,,,2025-07,dfeb7eedeb40e7aa79ff1475bd56a0a853351d67,2026-07,64e2cc2a1415e9f28b3bf01563a031b86519bb7d,2022-02,2026-08,186,20,0.1075,11,11,0,
/data/clones/databricks__dbt-databricks,ok,2025-08,1,A;B,2025-09,87073fe7f26bede434a3bd783717a6e49d35893f,2025-08,74dacfdc20da062587c17e5f4a64daa72f3d59ce,,,2019-03,2026-08,1678,34,0.0203,12,12,4,
/data/clones/staticjinja__staticjinja,ok,2025-08,0,B,,,2025-08,35350d093cf16edb128320371f3fc3a4b9f7ac60,,,2012-09,2025-08,397,1,0.0025,0,0,0,
/data/clones/azerty9971__xtend_tuya,ok,2025-09,3,A;B,2025-12,3babdd7055ee064d2a74e2f67a5da56f888f85d3,2025-09,3622cfb4464761e5c886cfbefda1995ab7003bfd,,,2023-11,2026-08,4369,7,0.0016,12,11,1,
/data/clones/ansys__pyfluent,ok,2025-04,6,B;C,,,2025-10,e19f25f719ca7584ad6aa73e19d6287844f577a6,2025-04,bfa718e8315205c454868fddb23f453c406521bd,2021-11,2026-08,2399,60,0.0250,12,12,1,
/data/clones/royerlab__napari-chatgpt,ok,2024-08,18,A;B,2026-02,cb218aff3e11a1677a741561f9975fe328705db8,2024-08,a5e961d8934bba7e5735f3f0ab32018364c996de,,,2023-04,2026-02,277,38,0.1372,7,4,0,
/data/clones/NevermindNilas__TheAnimeScripter,ok,2025-08,9,A;B,2026-05,a26f11c056d9f21a1b19fbab2e914de616f371c6,2025-08,60f282bc74eb15826a2c3dcabfb9710425d0e119,,,2023-11,2026-08,2900,48,0.0166,12,12,4,
/data/clones/meerk40t__meerk40t,ok,2024-10,12,A;B,2025-10,f38a3a12bc021395f474e816ad4eae51a674fbaa,2024-10,4d484ff1c5268d7d9aeb730932b9acceeea8a291,,,2019-07,2026-07,20379,26,0.0013,12,12,1,
/data/clones/NVIDIA__numba-cuda,ok,2025-08,0,B,,,2025-08,7d5a762d9b2a283d52ad1444512cf4edc378dd2d,,,2024-05,2026-07,594,11,0.0185,12,11,2,
/data/clones/WoodOxen__tactics2d,ok,2025-07,6,A;B,2026-01,b94fc00265a81c217cd5053716c914c3915afef5,2025-07,2ce1c535e03fa483d435d0a7883b2e5a52926c54,,,2022-10,2026-08,273,8,0.0293,10,10,1,
/data/clones/nf-core__tools,ok,2025-07,0,B,,,2025-07,378f522f533d1bc2003bf744d84cb6301a52adad,,,2018-02,2026-07,14463,31,0.0021,9,5,3,32739
/data/clones/jxnl__blog,ok,2024-04,14,A;B,2025-06,da4dc51a2d9f6b70537efdd5f1dc2893fc6fb5c7,2024-04,ca80b9da042dbabe107bda5fca6a2b45e959d8d4,,,2024-01,2026-07,760,55,0.0724,3,12,1,
/data/clones/rickysarraf__apt-offline,no markers,,,,,,,,,,2005-01,2025-11,1423,0,0.0000,,,,
/data/clones/spacetx__starfish,ok,2025-10,0,A;B,2025-10,0433cc8424417ad2b93a9bef64bcbfebd74aa422,2025-10,4454e8a3eae51e559d74e5030fe87b934095e7bd,,,2017-05,2026-08,1550,16,0.0103,11,10,2,
/data/clones/MantisAI__nervaluate,ok,2025-05,0,B,,,2025-05,382e1cea5814366071fb78f00dc705248eb5f9a4,,,2018-05,2026-03,408,2,0.0049,4,6,0,
/data/clones/Open-EO__openeo-python-client,ok,2026-04,3,A;B,2026-07,25732d712395274c68fedeb230c52da010bc2a9f,2026-04,34ee038d024789c3d313e5c5986039539393a9de,,,2017-10,2026-08,2963,2,0.0007,12,4,1,
/data/clones/analysiscenter__batchflow,ok,2025-10,0,B,,,2025-10,d283ad260c3b52d89fa4d8297f5d88bb4d717854,,,2017-03,2026-04,5619,3,0.0005,10,2,2,
/data/clones/github-community-projects__stale-repos,ok,2025-08,1,A;B,2025-09,56a37f013a6d6358b351790a9875f4a561e128d8,2025-08,94c805b107da66d2c3fe8f5400c5213575cc0988,,,2023-05,2026-08,869,20,0.0230,12,12,2,
/data/clones/spinalcordtoolbox__spinalcordtoolbox,ok,2025-03,0,B,,,2025-03,38bbbb4805c6d0bba4eb0bbef8f974d087c87c76,,,2014-05,2026-08,8888,1,0.0001,12,12,0,
/data/clones/lenstronomy__lenstronomy,ok,2025-04,0,B,,,2025-04,11e17adbf2e939b65612ceb0d6b8337911dbe24e,,,2017-02,2026-08,6442,8,0.0012,12,12,0,
/data/clones/xarray-contrib__cf-xarray,ok,2025-07,0,B,,,2025-07,9698e049c8e732182674237a7b58a146157e318a,,,2020-05,2026-07,530,12,0.0226,10,12,1,
/data/clones/mbridak__not1mm,ok,2025-03,16,A;B,2026-07,9f16a9762a0253a2377a1192e8d41284e5f5cfd5,2025-03,5b6e18e964b07b830a50aac9177d6ca07a44db1f,,,2023-02,2026-08,3118,13,0.0042,12,12,0,
/data/clones/Santandersecurityresearch__asvs,ok,2025-10,0,B,,,2025-10,45a53860667c6b74506823b78a02cd1b0894c72a,,,2018-06,2026-06,222,14,0.0631,2,2,1,
/data/clones/microsoft__MLOS,ok,2025-05,0,A;B,2025-05,ed84cd9729d08391bf62802f564db393fd3eb507,2025-05,ed84cd9729d08391bf62802f564db393fd3eb507,,,2021-12,2025-10,565,5,0.0088,12,2,2,
/data/clones/EuroEval__EuroEval,ok,2025-04,7,A;B,2025-11,699ef4ce79b17933be570ee4d0bc5da336f06e22,2025-04,363e313bbe05044b26009e135e4145427e1b629e,,,2021-07,2026-08,4994,260,0.0521,11,12,6,55937
/data/clones/hgbrian__biomodals,ok,2025-05,0,B,,,2025-05,8c09421d5f892bca84e1301bb75e611da486db07,,,2023-11,2026-06,197,19,0.0964,11,8,0,
/data/clones/github-community-projects__contributors,ok,2025-08,0,A;B,2025-08,464f172932ab3d42ff81ceac50f66e525281c69a,2025-08,2b5a3d139d28b2e264ff010c4c479db591602b80,,,2023-10,2026-08,764,31,0.0406,12,12,2,
/data/clones/ansible__ansible-creator,ok,2025-09,1,A;B,2025-09,2bcc48b49a5dc84bc071447f8839c125e3837ad3,2025-10,630ca67d8f3f748e9542163c71bb128df5497179,,,2023-07,2026-08,511,16,0.0313,12,11,3,
/data/clones/lucasrodes__whatstk,ok,2025-11,0,B,,,2025-11,d5f9ae15f121beef3557b4e4d78a0e6751047cab,,,2016-12,2025-11,973,1,0.0010,0,0,0,
/data/clones/bayesianbandits__bayesianbandits,ok,2026-03,0,A;B,2026-03,9d7035a99f6ff1ecde1e774d3ce4219259670aee,2026-03,beb98788d360e5f4f8d27c47d8526a0db75853bd,,,2023-02,2026-08,340,9,0.0265,6,5,2,
/data/clones/learningequality__studio,ok,2021-07,60,A;B,2026-07,c301634d719981cefa1b25dad406734d92fb4f67,2021-07,9a7088d937de3fcaf56cfb15c262ed28ab6f66df,,,2015-05,2026-08,15212,120,0.0079,12,12,0,
/data/clones/lidofinance__diffyscan,ok,2025-05,10,A;B,2026-03,186788ef9887c8dc62a6073e365e6f2a21b062d9,2025-05,8d762d791183f83aa11be282429c9638d1d42034,,,2023-03,2026-08,851,33,0.0388,12,12,1,
/data/clones/silx-kit__silx,ok,2025-09,0,B,,,2025-09,a7dd9f8a5b94c68b39ec8ff31b66534ca093e8fe,,,2015-09,2026-08,14921,5,0.0003,12,11,0,
/data/clones/scikit-hep__hist,ok,2021-03,62,A;B,2026-05,50f2df5914cab53cdcba0aa191027910efab7462,2021-03,c62f2c5cdcf097587ac5a8087477b1e909b4b564,,,2020-02,2026-08,555,3,0.0054,11,12,0,
/data/clones/pyfar__pyfar,ok,2025-03,0,B,,,2025-03,90efeb36585b47f875e65888d7b19900bec5a05c,,,2018-04,2026-08,4150,5,0.0012,12,11,2,
/data/clones/kenshiro-o__nagato-ai,ok,2025-02,14,A;B,2025-02,e998accbfdbd033885f59b54811e9db8880a8e5c,2026-04,ea19ab507d1aba6f545cb76448e6d281d70e86ff,,,2024-03,2026-04,117,4,0.0342,8,2,1,
/data/clones/snejus__beetcamp,no markers,,,,,,,,,,2015-06,2026-04,911,0,0.0000,,,,
/data/clones/JackJPowell__hass-unfoldedcircle,no markers,,,,,,,,,,2023-11,2026-08,561,0,0.0000,,,,
/data/clones/munich-quantum-toolkit__bench,ok,2025-06,9,A;B;C,2026-03,8699cafb50fcde4f89c6dd9a7dd12969da62b901,2025-06,886bc33fb7f2adef81db004edab720fd91759353,2026-03,2a2d1b539e453e907d9c8e21924aa04a893e5b83,2021-11,2026-08,1797,10,0.0056,12,12,0,
/data/clones/rabbitmq-community__rstream,ok,2025-09,6,A;B,2026-03,78a002625bd423fe49f0a3145cc2512695c9db24,2025-09,3d8dd3a50644a22e9452baf7e1502425b60971c2,,,2021-08,2026-05,199,7,0.0352,8,7,3,
/data/clones/sensmore__kappe,ok,2025-06,0,B,,,2025-06,6aa777dda98099cf323477bb06484cbc16ed93df,,,2023-02,2026-07,144,2,0.0139,8,7,1,
/data/clones/opennem__opennem,ok,2024-08,11,A;B;C,2024-09,420a852a897794d234339af4f0b1f7698582adec,2025-07,74979ebdd94493d1f7b665be06156be8f4da4305,2024-08,d189c3ca32c5a63738f16d6302379c635ae601f9,2020-06,2026-08,11742,18,0.0015,10,11,2,
/data/clones/reflex-dev__reflex,ok,2025-05,11,A;B,2026-04,2f8b81611461aa80078ade1674c7149843fd9b5d,2025-05,6eec8e36ae37f4ab8abdb2d345526211d0ab4cbf,,,2022-11,2026-08,3334,119,0.0357,12,12,2,
/data/clones/agno-agi__agno,ok,2025-07,8,A;B;C,2025-10,12798658e5e7cbdf3bf848e9256ce4f613c9d749,2025-07,9106894f6d0d2d6bc3ad27770787aa29483e9ad9,2026-03,92b765a03b93d18a830ba1405191af5e0d5cb381,2023-11,2026-08,5956,481,0.0808,12,12,5,539879
/data/clones/run-llama__llama_index,ok,2026-01,0,B,,,2026-01,0c7e2763608a687a5c079fa5e4f8d2bdb1e5cb6f,,,2022-11,2026-08,7900,13,0.0016,12,7,6,
/data/clones/tinygrad__tinygrad,ok,2025-05,7,A;B;C,2025-05,9389edf7ac935b7bfe886c115db9ec185a7f65b6,2025-12,316da9f7ff59e647cd31e01530923071becb8ff2,2025-08,ad9dec25b3c0e657df6de38114f21df4bdf1dae7,2020-10,2026-08,14376,37,0.0026,12,12,2,
/data/clones/sanic-org__sanic,ok,2025-12,0,B,,,2025-12,49d6dcb0802a3f70c5088f65dca25d2138edf254,,,2016-05,2026-05,2964,5,0.0017,5,1,0,
/data/clones/modelscope__FunASR,ok,2025-08,0,B,,,2025-08,5115a066c971b2380c98f9be168e14869053eda1,,,2022-11,2026-08,5601,40,0.0071,12,10,2,
/data/clones/FlareSolverr__FlareSolverr,ok,2025-08,0,B,,,2025-08,ff74b50b6039f9edcabfbc628e0d237edea564e0,,,2020-06,2026-07,409,1,0.0024,5,8,0,
/data/clones/microsoft__data-formulator,ok,2024-10,21,A;B;C,2026-04,20b9f40ea070fc56006e666a81422c275e726208,2024-10,7d142f63740cabf59d31035493b7e853bd09182d,2026-07,63715b09ce348e494ee139158cd9b7aaa0ef92a4,2024-06,2026-08,1435,73,0.0509,4,12,0,
/data/clones/567-labs__instructor,ok,2023-11,16,A;B,2025-03,cf01774c40bce575e4d6bb90e08d79e0dfbe615c,2023-11,622b9d28b258b24900e35c0275b4690eb75f35c8,,,2023-06,2026-08,1593,155,0.0973,5,12,4,
/data/clones/Farama-Foundation__Gymnasium,ok,2026-04,0,B,,,2026-04,855cd05dc23abb01def54efd71271d4ab5bbd1b0,,,2016-04,2026-08,2641,9,0.0034,12,4,4,
/data/clones/moesnow__March7thAssistant,ok,2025-12,0,A;B,2025-12,09875ce5543f02cfc648f492f89f8831b7173249,2025-12,a14f2bf0d19545507253513d1bca93dd86e03d64,,,2023-08,2026-08,2517,102,0.0405,12,8,5,
/data/clones/yihong0618__bilingual_book_maker,ok,2026-01,0,B,,,2026-01,670ca45e83bcc68b82483fc785641960361937d5,,,2023-03,2026-08,334,14,0.0419,7,6,2,
/data/clones/NVIDIA__apex,ok,2025-10,0,B,,,2025-10,d0e7be181bcc1b50dbfd5e3cadc712e01da5db9b,,,2018-04,2026-08,1278,7,0.0055,12,9,3,
/data/clones/mealie-recipes__mealie,ok,2025-12,4,A;B,2025-12,ae8b489f977e9ce86ac1ca915fff5204ed6d695b,2026-04,daa0b9728bfb676609cfa220d4746d1eab2b4d03,,,2020-12,2026-08,5246,24,0.0046,12,8,2,
/data/clones/modin-project__modin,ok,2018-10,0,B,,,2018-10,c4f0b7adb11a2e01ea6154373d7ec795a142ba3d,,,2018-06,2026-02,3091,90,0.0291,4,12,1,
/data/clones/bitsandbytes-foundation__bitsandbytes,ok,2026-02,0,A;B,2026-02,c1666aa5ac83345d0e183783c9d0ae2a86c1fb7c,2026-02,2d22247fa072c8e96f098aaf83f9957f7e2dab75,,,2021-10,2026-08,1212,53,0.0437,12,6,4,
/data/clones/lanpa__tensorboardX,ok,2026-04,0,B,,,2026-04,c2f4efbede1feb57472d134b4d6e2cd740581b49,,,2017-06,2026-04,565,1,0.0018,2,0,0,
/data/clones/ranaroussi__quantstats,ok,2025-07,6,A;B,2026-01,7509f0dfed03d0c26c5b76a4223b342c895b24e1,2025-07,169f4d13cbabe7f816f6d89f4f41ef1382cc6060,,,2019-05,2026-01,592,24,0.0405,3,3,3,
/data/clones/kohya-ss__sd-scripts,ok,2025-05,0,B,,,2025-05,c5fb5ec48f941e442473704944c2fbcfffcfb6f0,,,2022-12,2026-07,2618,39,0.0149,12,12,1,
/data/clones/plastic-labs__honcho,ok,2025-03,14,A;B;C,2025-03,c2a50241cc865b548ce1ec6769e9696a6d553079,2025-05,d1292aaae4115f5d4abfb2c7f473313b16408529,2026-05,b5f24a6ac55cb500f3c3e803feed338c795e07f7,2023-09,2026-08,636,90,0.1415,12,12,4,39856
/data/clones/obss__sahi,ok,2025-03,0,B,,,2025-03,fa705ebd71d6ca587873a59bf8e63184c062b110,,,2021-01,2026-08,810,3,0.0037,9,11,1,
/data/clones/DeepLabCut__DeepLabCut,ok,2025-06,0,B,,,2025-06,820478c13d8ef731aa174e4579037953063719dc,,,2018-04,2026-07,2183,26,0.0119,12,12,0,
/data/clones/PrefectHQ__prefect,ok,2024-12,6,A;B,2025-06,271359d6fb9b2083ec4f7f162e798714ad4c6c99,2024-12,b18b19bf45f9f61d584510f165f6f6f3c300b6ca,,,2021-07,2026-08,21940,1784,0.0813,12,12,4,260922
/data/clones/unionai-oss__pandera,ok,2025-06,9,A;B,2026-03,b0defbbae937ae30cc15b7a6d116a5b369121d58,2025-06,c563d6fb6cc7fe63171d0dc3f27b43f8c1aa5db2,,,2018-10,2026-08,1213,58,0.0478,11,11,2,
/data/clones/pytorch__ignite,ok,2023-07,0,B,,,2023-07,9519e9d1918837e60ae9d66deb7662837e9ca911,,,2017-11,2026-08,2026,28,0.0138,12,12,0,
/data/clones/zappa__Zappa,ok,2025-06,0,B,,,2025-06,e7d5bc9fc662cdc293471aa10ab2bbb176d2cca7,,,2016-01,2026-06,3104,2,0.0006,3,8,1,
/data/clones/flashinfer-ai__flashinfer,ok,2025-07,12,A;B;C,2025-12,835a0151c2d203ccb935662d94920cc4e539e2a5,2025-07,8dd4ed2c25791d6a04ac312a80b6d8294dfc805c,2026-07,d4ac221504ff91c552a040205bb59def74e30b42,2023-07,2026-08,2828,316,0.1117,12,12,6,415334
/data/clones/JusticeRage__Gepetto,ok,2025-06,2,B;C,,,2025-06,f2faf87003489341f60e415e77ee86db511dac8d,2025-08,56cbc12bb4fe9152ce844dc804b9a1848618401e,2022-12,2026-08,250,18,0.0720,9,9,3,
/data/clones/torchgeo__torchgeo,ok,2025-07,6,A;B,2026-01,48cea15157c68fe2f79b4757e271556e5ee38d6f,2025-07,7522ec9d5e3ddb24304644be0fbaf338a7915602,,,2021-05,2026-08,3357,25,0.0074,12,12,4,
/data/clones/opengeos__geoai,ok,2025-10,0,B,,,2025-10,0cdb342e9ef49fc0729d226cb70f0e2db29d6c8b,,,2023-08,2026-08,587,43,0.0733,9,10,5,
/data/clones/ansible__ansible-lint,ok,2025-06,0,B,,,2025-06,8c9b342cb98b1d023e21c7f9eeac95a0de978f77,,,2013-08,2026-08,3293,8,0.0024,12,12,1,
/data/clones/elevenlabs__elevenlabs-python,ok,2026-03,1,A;B,2026-04,d6374983d925a468a4adcf9e2223a78054e1aaf0,2026-03,fde2b84f8c906273f20a721d8670516338cb7bd2,,,2023-04,2026-08,356,16,0.0449,12,5,4,
/data/clones/QuantEcon__QuantEcon.py,ok,2025-08,0,A;B,2025-08,0a4af14c1add9acad5d0ab3817fc6f357e2d4922,2025-08,0a4af14c1add9acad5d0ab3817fc6f357e2d4922,,,2013-03,2026-08,1803,32,0.0177,7,9,2,
/data/clones/stripe__stripe-python,ok,2025-08,6,A;B,2026-02,e4b87f0068bf36f53dbcb1711bc8b12a39c7c32f,2025-08,40a8d7e06e7604a5d3320f6a5363f3045a6ee71f,,,2011-05,2026-08,1925,8,0.0042,12,12,2,
/data/clones/bghira__SimpleTuner,ok,2025-06,5,A;B,2025-11,b8e5fea2c2a3a7e79cc18e0516749691feb977e2,2025-06,b95cbdbfa91333cb8184b8233839207bd66c9a55,,,2023-05,2026-08,10443,124,0.0119,12,12,4,378113
/data/clones/endurain-project__endurain,ok,2025-06,3,A;B,2025-09,1f6c077aa1191328186bec0e5b8f206d64d11584,2025-06,8901dbcb0f4e5b797edb8729281a821a89574067,,,2023-10,2026-07,4982,89,0.0179,10,11,6,
/data/clones/seagullz4__hysteria2,ok,2025-12,0,B,,,2025-12,15f7d604e5547c5355422aca2b76c15c1245c5be,,,2023-09,2026-08,628,16,0.0255,8,6,0,
/data/clones/pytest-dev__pluggy,ok,2025-05,6,A;B,2025-11,8f1f6af56af5d04573b0973d579b0314eb7d6f0b,2025-05,fd946455151983d9ea80735c5fad12e7875bce54,,,2015-04,2026-08,1036,52,0.0502,12,12,2,
/data/clones/quantumlib__OpenFermion,ok,2025-06,9,A;B,2026-03,5b92653be039e4365b7fef42bb3517880c8f6ea9,2025-06,fc0558529909b02478914c0129b6704acb96215f,,,2017-09,2026-08,907,17,0.0187,8,10,1,
/data/clones/WecoAI__aideml,ok,2025-07,0,B,,,2025-07,be9e8ebe02a0dcbb15e7f50217e95ada8df5844c,,,2024-04,2026-08,93,1,0.0108,6,5,0,
/data/clones/meltano__meltano,ok,2025-06,7,A;B,2026-01,3f438b5dfe9cc8408025ec806c268b3227e8c21a,2025-06,0cd8c13d7d717d70f0f4d09cb77b8cd049b80feb,,,2018-04,2026-08,12932,60,0.0046,12,12,5,38022
/data/clones/quixio__quix-streams,ok,2025-05,0,B,,,2025-05,3400a076927ad8205331ded80be8e9ac681e65af,,,2022-11,2026-08,850,6,0.0071,12,10,0,
/data/clones/valentinfrlch__ha-llmvision,ok,2025-05,0,B,,,2025-05,853da5190d0ddd6df35be4fbad03157fb87217d7,,,2023-12,2026-08,920,11,0.0120,12,12,0,
/data/clones/Lumiwealth__lumibot,ok,2025-05,4,A;B;C,2025-05,cb64048c0ee95b7cb583ec0ee6b19dd788b406a5,2025-07,7db89210b496f553061850bed6564b194212a5ed,2025-09,2c96d3b8dcc4753fd0e30feada14967eff2cfd65,2020-09,2026-08,5492,198,0.0361,12,12,5,126848
/data/clones/duckdb__dbt-duckdb,ok,2025-03,0,B,,,2025-03,a2a1ef9ab4feaec644334175ed756964690c8db7,,,2020-09,2026-08,1158,27,0.0233,12,12,4,3324
/data/clones/ipa-lab__hackingBuddyGPT,ok,2025-04,5,A;B,2025-09,65ff947c8720cc943b6cc77d7560dfbd699fe27e,2025-04,9f3d4d39878a0dca01b1532a0f9270fa5ac076d2,,,2023-04,2026-08,829,11,0.0133,12,6,2,
/data/clones/modal-labs__modal-examples,ok,2024-04,21,A;B,2026-01,dbbe250403e25c4aaf4812be751f731181dae0d9,2024-04,6040e5d6d652090284348b2a53991692a3a36d33,,,2022-08,2026-08,1356,35,0.0258,12,12,3,25989
/data/clones/firebase__firebase-admin-python,ok,2025-04,4,A;B,2025-08,5e752502fdaede3246e4224684dba6ea089a7726,2025-04,ffeb939d55ada0aac4b18b91b26ef431da58495e,,,2016-07,2026-08,394,5,0.0127,8,11,4,
/data/clones/vndee__llm-sandbox,ok,2025-06,4,A;B,2025-10,c335043f1c47a8082fa48ed6c2f5cc4a3a75c78b,2025-06,f2d553b2f754b921cc219bd3b2817c2b47d00910,,,2024-06,2026-08,668,77,0.1153,9,10,5,
/data/clones/farrokhi__dnsdiag,no markers,,,,,,,,,,2025-09,2026-08,511,0,0.0000,,,,
/data/clones/hauxir__rapidbay,ok,2025-09,0,B,,,2025-09,b7fc57dc37883850079a1ac83642dd69de2a5a20,,,2018-11,2026-07,270,30,0.1111,3,8,3,
/data/clones/asreview__asreview,ok,2026-04,0,B,,,2026-04,e9d7122a2c8d9126c45ef96e4310a97c261b1298,,,2019-01,2026-08,1789,1,0.0006,8,2,0,
/data/clones/google-research__android_world,no markers,,,,,,,,,,2024-05,2026-07,276,0,0.0000,,,,
/data/clones/tanghaibao__jcvi,ok,2025-11,0,B,,,2025-11,99ba9e32361ed5ffae5f1aadf036b779ad33f615,,,2010-12,2026-08,3108,11,0.0035,10,7,2,
/data/clones/ail-project__ail-framework,ok,2026-06,0,A,2026-06,f9aeefcbe8fb4790ce23a621899d3c5a25fc6a1b,,,,,2014-08,2026-08,3843,1,0.0003,12,2,0,
/data/clones/django-haystack__pysolr,ok,2025-12,0,B,,,2025-12,3ac828fa7cd21cddbf2cab2cb956eb5bde77e1c6,,,2008-01,2026-08,720,3,0.0042,11,8,2,
/data/clones/spylang__spy,ok,2025-03,0,A;B;C,2025-03,245144f04d49df30701263dd07e0909ead746365,2025-03,8d5ddaeaa1c819c924eed336b480cd2d8f52a3d2,2025-03,e51e31f8d90fa0d40a71f1007cdddabfa0ecb3d2,2023-05,2026-08,4502,208,0.0462,11,12,5,22572
/data/clones/tableau__server-client-python,ok,2026-02,0,B,,,2026-02,3c5977d81586186014c2c550993fe84192fbd8fc,,,2014-12,2026-08,1145,25,0.0218,9,5,4,
/data/clones/trailofbits__fickling,ok,2025-08,6,A;B,2026-02,11c5a8b0f4c51e3ea79295681d053aa10dc897f5,2025-08,874079ce582ed5709a39ca1b4ec25ed3b42f8dfa,,,2021-01,2026-08,505,41,0.0812,5,11,3,
/data/clones/facebookresearch__balance,ok,2025-08,4,A;B;C,2025-12,a91b354e9c5ce2452b0dc656cf1c60a79aa15c1d,2025-12,2e70c9757680b39c6efee93034c8ce418b8bf0a7,2025-08,c55fa0bcd84756a05e7005b7c7c8971d31737545,2022-11,2026-08,631,52,0.0824,8,12,5,
/data/clones/earthaccess-dev__earthaccess,ok,2025-08,0,B,,,2025-08,ccaf13a973d8a500a4e8ff307531cf1a1448e99d,,,2021-08,2026-08,1689,6,0.0036,12,12,0,
/data/clones/SigmaHQ__pySigma,ok,2025-06,5,A;B,2025-11,7810bbebeef9fcc39b6973f9864bf122afc749d1,2025-06,ceb16e6731d6eb8bd8b4507b443100680d0ef2f1,,,2020-10,2026-08,1732,112,0.0647,12,11,3,16104
/data/clones/Pirate-Weather__pirate-weather-ha,ok,2025-08,0,B,,,2025-08,66ebae07ce11ac3093fc43a4c14d497fd376250d,,,2021-05,2026-08,666,18,0.0270,12,12,4,
/data/clones/meilisearch__meilisearch-python,ok,2025-04,0,B,,,2025-04,cf61cf15ba0bf12b561d97d26cc19a48beab2786,,,2019-12,2026-07,2530,6,0.0024,12,12,1,
/data/clones/Rokoko__rokoko-studio-live-blender,ok,2025-08,0,B,,,2025-08,c576c9cf5d86fc02d40ff3512b464de27c2ba174,,,2017-08,2025-09,263,1,0.0038,2,1,0,
/data/clones/SpudGunMan__meshing-around,ok,2025-10,0,B,,,2025-10,80c0f698b64a7b4bfafae65d81345b07227a76bf,,,2024-06,2026-08,3678,42,0.0114,12,10,0,
/data/clones/vulnerability-lookup__vulnerability-lookup,ok,2024-11,20,A;B;C,2026-01,7365e730db1a5216e90b3db0fe741d3ad9172ed8,2024-11,390c8984ab27b7b4ad8b98a8ee6976b3e08f9ac2,2026-07,3c2faa271b71bbd4c6186ca81527c218c45c2100,2023-04,2026-08,3362,541,0.1609,12,12,2,
/data/clones/cs50__check50,no markers,,,,,,,,,,2017-02,2025-07,889,0,0.0000,,,,
/data/clones/openwrt__asu,ok,2025-09,0,B,,,2025-09,c8991b806b683d73389ecd8a6a3ec9f10cb11519,,,2017-05,2026-08,1678,1,0.0006,10,8,0,
/data/clones/jxxghp__MoviePilot-Plugins,ok,2025-08,0,B,,,2025-08,29f2fad446956b5f0253bae0f32418ce8c13419c,,,2023-11,2026-08,2096,18,0.0086,12,12,2,
/data/clones/grobidOrg__grobid-client-python,ok,2025-07,0,B,,,2025-07,8a31da613a294878b59292494be4af4f8559683d,,,2018-09,2026-08,190,1,0.0053,4,7,0,
/data/clones/ansys__pymapdl,ok,2025-05,9,A;B,2026-02,78a57fe719d022510ba1128dd4334164986a77f3,2025-05,e18a6ea492b04fc7fcdb14749228a5a203f22d50,,,2016-10,2026-08,2952,97,0.0329,12,12,5,166284
/data/clones/deeplook__svglib,ok,2021-06,0,B,,,2021-06,10985ea7ddd40156e404b69dd01f420ced8e4d42,,,2012-08,2026-08,655,4,0.0061,8,8,0,
/data/clones/lingxitong__MIL_BASELINE,ok,2025-11,0,B,,,2025-11,496e6dcf4ad85e0ed777200bbc901524f6da74a6,,,2024-03,2026-05,475,2,0.0042,9,4,0,
/data/clones/AllenInstitute__bmtk,ok,2025-06,0,B,,,2025-06,c37d9636710497c8f5fdcf5b1806376f9e87f2bf,,,2017-09,2026-07,1247,4,0.0032,12,9,0,
/data/clones/py-econometrics__pyfixest,ok,2026-03,4,A;B,2026-07,20760460584f019749a2fbbf54241a9d1741af46,2026-03,cc8a4bbd29ad20af2314da826e592c7f7ecf911d,,,2022-11,2026-08,1494,10,0.0067,12,5,2,
/data/clones/domainaware__checkdmarc,ok,2025-12,3,A;B,2026-03,d194bb21d76c6657d7dacc78be0c8fb65d40e3f4,2025-12,5433268b2acf76a4b1be9de320fbfaab0aa2c945,,,2017-12,2026-08,775,52,0.0671,9,8,6,
/data/clones/namuan__trading-utils,ok,2024-11,14,A;B,2024-11,311a6497cb1a2efebd0b5b94e8f2f0cac646a47e,2026-01,9c6cd4bdad5f8a5546cb3a971ba3decbcd20cd3c,,,2021-03,2026-08,907,2,0.0022,11,5,0,
/data/clones/selimfirat__pysad,ok,2025-04,0,B,,,2025-04,5706eaee694f0267e929c4faa342e75b4fdc5fdf,,,2020-06,2026-05,338,6,0.0178,1,7,1,
/data/clones/ohcnetwork__care,ok,2025-02,2,A;B,2025-04,87fa80e09ebaf4951153ccb61e379182f46710e0,2025-02,9967353d5d53fe151cf8329fb1813ad5030fae0a,,,2020-03,2026-08,5182,6,0.0012,12,12,1,
/data/clones/allenporter__flux-local,ok,2025-05,0,A;B,2025-05,cff1241a83be40559fd673c23c46e337f70a6a4c,2025-05,c7678d02bd5526a95743ad251040f275173ec6c6,,,2023-02,2026-07,1462,3,0.0021,12,11,0,
/data/clones/pbs__pycaption,ok,2026-03,1,A;B,2026-04,d3d08b017e02306a0f26307a7470cae5595ba94a,2026-03,1daf57eae54695b0ace2cde4a90a986a660a4095,,,2012-06,2026-08,1106,25,0.0226,3,5,4,
/data/clones/Loop3D__LoopStructural,ok,2025-02,0,B,,,2025-02,4b9f90f90c42cbd1d8b821466a6a9c13d38fa146,,,2019-04,2026-08,2918,20,0.0069,12,11,0,
/data/clones/mfmezger__conversational-agent-langchain,ok,2025-06,0,B,,,2025-06,580f41beccd6d0b35721345f82eec1047214a91e,,,2023-03,2026-08,416,9,0.0216,9,7,0,
/data/clones/canonical__operator,ok,2025-11,1,A;B;C,2025-12,2409129b805071cc97a5b95784c2516c181590c6,2025-11,d0188ac9d57e7bd2103f47178fc9702862302b2e,2025-11,400a8453bf4162880faa0128ef9afe693b6484ed,2019-09,2026-08,2186,67,0.0306,12,9,5,
/data/clones/munich-quantum-toolkit__qecc,ok,2025-08,7,A;B;C,2026-03,f6bf140e60cc0800d093b0293d0999ac5c7d3ec3,2025-08,8f0fed4e07bbfb536a5024bc994247404ee651a3,2026-03,41aeff8ca4e381f85837193aa57f19d30f97bbfe,2022-04,2026-08,1200,19,0.0158,12,12,0,
/data/clones/Python-roborock__python-roborock,ok,2025-10,0,B,,,2025-10,c0a84eb434ea1b8e15adea7adeba28b7fb1853f6,,,2023-02,2026-08,1255,35,0.0279,12,10,6,
/data/clones/behave__behave-django,ok,2025-11,0,B,,,2025-11,697cef7edaf21513d0becc3d90094bf479eff6c7,,,2015-04,2026-07,465,2,0.0043,4,3,0,
/data/clones/scikit-hep__mplhep,ok,2021-04,54,A;B,2025-10,903368882d43c2d9caf622820c56071ef0875934,2021-04,fb62f0b597751534ab4a4b5b126c970e5573a295,,,2019-05,2026-08,1110,41,0.0369,12,10,0,
/data/clones/openstreetmap-ng__openstreetmap-ng,ok,2025-04,6,A;B,2025-04,c26e851d83ef15c11f69c6f08c10276b87b541a7,2025-10,11cf0545e5bfd1985407e2e1076c1b79f98c9393,,,2023-11,2026-08,3419,67,0.0196,12,12,4,42942
/data/clones/xian-network__xian-core,ok,2025-06,0,B,,,2025-06,644a725ddb950cfcfb57f0dde4d25336782fa844,,,2017-04,2025-10,1087,1,0.0009,11,1,0,
/data/clones/Nike-Inc__spark-expectations,ok,2025-10,0,B,,,2025-10,24e593ef56cb91dccc61c61944943075da17d8b2,,,2023-08,2026-07,144,4,0.0278,9,9,1,
/data/clones/google__scaaml,ok,2025-08,0,B,,,2025-08,c8b4d53eabcae0bb6805edf2d2fccfa4961da7af,,,2021-04,2026-08,492,4,0.0081,12,12,2,
/data/clones/haddocking__prodigy,ok,2025-04,0,B,,,2025-04,f7db1ce86392a1ad7907b805817e12a8a272cdf7,,,2015-06,2025-10,113,1,0.0088,2,2,0,
/data/clones/datajoint__datajoint-python,ok,2025-07,0,B,,,2025-07,df2f3d4778d25e2b9d9e28f85219881a06725093,,,2011-09,2026-08,5564,468,0.0841,9,10,3,25584
/data/clones/banagale__FileKitty,ok,2025-05,0,B,,,2025-05,2ad7771b18a06d0e6cd0aa25639078f5409cda4c,,,2024-05,2025-07,132,2,0.0152,7,2,1,
/data/clones/conchoecia__odp,ok,2025-06,0,B,,,2025-06,7b8175698f103030506e955d7553f9f20d96fd18,,,2021-01,2026-05,658,18,0.0274,7,7,2,
/data/clones/scaleoutsystems__scaleout-client,no markers,,,,,,,,,,2026-03,2026-07,19,0,0.0000,,,,
/data/clones/metimol__BlackWave,ok,2025-08,0,B,,,2025-08,9e413245805bb3fcad5d507364f1d0f2ac9b7551,,,2023-10,2025-10,27,3,0.1111,1,1,0,
/data/clones/Thymis-io__thymis,ok,2025-01,0,B,,,2025-01,70070cff9376416ce4973efd5ff797d50bf999e8,,,2023-10,2026-07,2800,3,0.0011,12,10,0,
/data/clones/Onemind-Services-LLC__netbox-secrets,ok,2025-05,3,A;B,2025-08,88e068e5ed60e6883a0740ada93799fa245b070d,2025-05,94c6e06ee2a83494e7d3f741f89a994edfd64fad,,,2021-03,2026-07,870,14,0.0161,11,11,1,
/data/clones/frankie567__httpx-ws,ok,2025-11,4,A;B,2026-03,ea9e69d57e29d786adb22c1daf0bb72619504c91,2025-11,862de802b7710a3e599aee0ff13ca753f03b4f15,,,2022-11,2026-08,229,3,0.0131,5,4,1,
/data/clones/ethyca__fides,ok,2025-06,0,A;B,2025-06,ab666bf825d854163952d7ea51569c6e47c22367,2025-06,1b11d23d241282c29954d9fd1caedcba8f16cc13,,,2021-06,2026-06,4774,357,0.0748,12,12,4,134322
/data/clones/HyperionGray__python-chrome-devtools-protocol,ok,2025-11,1,A;B,2025-12,726d02d99363a2fdcbf7945733efa63ecfee54bb,2025-11,e0b9c69245e16ea2431815eb7d1b78b0c171630b,,,2019-06,2026-06,610,63,0.1033,1,7,4,
/data/clones/OpenSTEF__openstef,ok,2025-08,10,B;C,,,2025-08,b0f1f4614b8ad55e52ac4cb8aee03391394fefff,2026-06,24b03ef896b830b277499988f0a8771286c9a0cb,2021-02,2026-08,3094,15,0.0048,11,12,1,
/data/clones/emdgroup__foundry-dev-tools,ok,2025-05,0,B,,,2025-05,c904cf1cf03935ad92490de2c49e2e62af5099b9,,,2023-03,2026-07,427,4,0.0094,10,9,0,
/data/clones/fazedordecodigo__PyFlunt,ok,2025-11,1,A;B,2025-12,6d85c9587e17ab74c2cf328c6edb38a09c17cf02,2025-11,7263673c1f8776e58674971de47c84f7279cba7f,,,2021-08,2026-07,669,31,0.0463,7,2,1,
/data/clones/alexdej__puzpy,ok,2025-09,0,A;B,2025-09,4a01786d255f3c08c48329b420c75d729d3e741b,2025-09,4a01786d255f3c08c48329b420c75d729d3e741b,,,2009-07,2026-07,222,3,0.0135,1,5,1,
/data/clones/pachterlab__seqspec,ok,2026-03,0,B,,,2026-03,0771046233fdf93542253c28ecda75054b730080,,,2022-01,2026-03,233,1,0.0043,1,0,0,
/data/clones/Manuteaa__dbd_autoSkillCheck,no markers,,,,,,,,,,2022-12,2026-08,244,0,0.0000,,,,
/data/clones/microsoft__mttl,no markers,,,,,,,,,,2022-07,2025-10,4575,0,0.0000,,,,
/data/clones/MannLabs__alphadia,ok,2025-09,3,A;B,2025-12,1aea00e7820b75ce4ea6f2e9631a449290a2f8c6,2025-09,ab6846636a568b4ea1263ef1e5aca4ad57539e37,,,2021-09,2026-08,4130,88,0.0213,12,11,5,
/data/clones/qua-platform__qua-libs,ok,2025-10,0,B,,,2025-10,01ea50d99ac043c11bf91fd1c108f5b60dd5fc7c,,,2020-09,2026-08,607,5,0.0082,12,10,2,
/data/clones/he0119__nonebot-plugin-wordcloud,ok,2025-08,0,A;B,2025-08,21e7f603fa72f5c254ae5af36e9caa8a96b1941d,2025-08,ac5fd3864e077301532f6480eb164ae036e43542,,,2022-01,2026-07,263,5,0.0190,4,6,1,
/data/clones/sonic-net__DASH,ok,2026-02,0,A,2026-02,62f9f0530609cc3420570f8f82c82f9bdeff1c32,,,,,2021-02,2026-05,823,1,0.0012,6,1,0,
/data/clones/ArduPilot__MethodicConfigurator,ok,2025-06,5,A;B;C,2025-06,77479b873326cfe3b343ede1ef11fd6c053923c1,2025-06,ff0a51da9b6ec28b48612f535e013ebb92cc157c,2025-11,71523eb7232f7452ac83f7e94adf442ffd798c3f,2024-04,2026-08,3261,50,0.0153,12,12,6,41222
