repo,month,server,project,ncloc,files,functions,statements,classes,complexity,cognitive_complexity,code_smells,sqale_index,sqale_debt_ratio,bugs,vulnerabilities,security_hotspots,violations,blocker_violations,critical_violations,major_violations,minor_violations,info_violations,duplicated_lines_density,comment_lines_density
AgentOps-AI/agentops,2023-12,sq-b,ba_AgentOps-AI_agentops__2023-12,1033,11,95,605,15,144,96,13,103,0.3,0,0,0,13,0,5,6,0,2,12.3,25.0
AgentOps-AI/agentops,2024-01,sq-c,ba_AgentOps-AI_agentops__2024-01,1216,11,105,705,15,172,145,20,147,0.4,0,0,0,20,0,5,7,4,4,16.3,21.8
AgentOps-AI/agentops,2024-02,sq-a,ba_AgentOps-AI_agentops__2024-02,1300,12,112,758,14,193,162,22,150,0.4,1,0,0,23,1,5,8,5,4,15.3,20.0
AgentOps-AI/agentops,2024-03,sq-a,ba_AgentOps-AI_agentops__2024-03,1529,15,136,910,21,248,207,43,128,0.3,0,0,0,43,0,7,11,2,23,12.8,18.9
AgentOps-AI/agentops,2024-04,sq-a,ba_AgentOps-AI_agentops__2024-04,1608,16,147,987,21,275,237,41,153,0.3,0,0,0,41,0,8,12,2,19,11.8,21.6
AgentOps-AI/agentops,2024-05,sq-b,ba_AgentOps-AI_agentops__2024-05,2950,18,220,1516,26,437,426,75,383,0.4,0,0,0,75,0,29,19,5,22,32.2,14.4
AgentOps-AI/agentops,2024-06,sq-b,ba_AgentOps-AI_agentops__2024-06,3057,18,233,1608,25,463,456,80,414,0.5,0,0,0,80,0,33,19,5,23,30.9,14.2
AgentOps-AI/agentops,2024-07,sq-a,ba_AgentOps-AI_agentops__2024-07,2857,16,214,1733,24,488,587,78,487,0.6,0,0,0,78,0,33,18,12,15,14.5,13.4
AgentOps-AI/agentops,2024-08,sq-b,ba_AgentOps-AI_agentops__2024-08,3677,26,260,2329,32,632,854,106,720,0.7,0,0,0,106,0,38,29,22,17,20.9,11.9
AgentOps-AI/agentops,2024-09,sq-b,ba_AgentOps-AI_agentops__2024-09,3706,26,258,2362,32,639,873,105,720,0.6,0,0,0,105,0,38,28,22,17,20.5,11.9
AgentOps-AI/agentops,2024-10,sq-c,ba_AgentOps-AI_agentops__2024-10,3714,26,258,2364,32,639,872,105,720,0.6,0,0,0,105,0,38,28,22,17,20.5,11.8
AgentOps-AI/agentops,2024-11,sq-c,ba_AgentOps-AI_agentops__2024-11,4037,29,300,2789,35,744,1008,115,818,0.7,0,0,0,115,0,45,24,30,16,17.5,13.9
AgentOps-AI/agentops,2024-12,sq-b,ba_AgentOps-AI_agentops__2024-12,4777,35,334,3248,39,854,1200,128,981,0.7,0,1,0,129,0,50,27,35,17,15.0,13.2
AgentOps-AI/agentops,2025-01,sq-b,ba_AgentOps-AI_agentops__2025-01,5178,35,349,3472,40,942,1310,118,992,0.6,0,1,0,119,0,49,25,36,9,13.4,12.9
AgentOps-AI/agentops,2025-02,sq-b,ba_AgentOps-AI_agentops__2025-02,5144,35,346,3449,40,943,1322,117,997,0.6,0,1,0,118,0,49,25,35,9,13.9,13.3
AgentOps-AI/agentops,2025-03,sq-b,ba_AgentOps-AI_agentops__2025-03,3574,66,253,2864,58,739,961,71,624,0.6,0,1,0,72,0,31,18,7,16,0.0,36.4
AgentOps-AI/agentops,2025-04,sq-c,ba_AgentOps-AI_agentops__2025-04,6281,96,386,5122,74,1325,2042,130,1355,0.7,2,1,0,133,0,61,33,16,23,2.0,35.1
AgentOps-AI/agentops,2025-05,sq-c,ba_AgentOps-AI_agentops__2025-05,8648,107,491,6986,82,2020,3567,190,2622,1.0,2,2,0,194,0,103,60,8,23,1.7,30.4
AgentOps-AI/agentops,2025-06,sq-a,ba_AgentOps-AI_agentops__2025-06,13991,144,753,11380,109,3667,6503,265,4752,1.1,7,2,0,274,2,171,67,13,21,5.1,29.0
AgentOps-AI/agentops,2025-07,sq-a,ba_AgentOps-AI_agentops__2025-07,16859,157,888,13533,114,4392,8258,308,6262,1.2,9,2,0,319,2,201,77,19,20,6.0,27.6
AgentOps-AI/agentops,2025-08,sq-b,ba_AgentOps-AI_agentops__2025-08,32852,302,1698,23276,370,6823,11034,621,8460,0.9,12,16,0,649,9,290,204,82,64,4.5,24.2
AgentOps-AI/agentops,2025-09,sq-c,ba_AgentOps-AI_agentops__2025-09,32866,302,1698,23277,370,6823,11034,621,8460,0.9,12,16,0,649,9,290,204,82,64,4.5,24.2
AgentOps-AI/agentops,2025-10,sq-b,ba_AgentOps-AI_agentops__2025-10,32903,302,1703,23314,371,6830,11045,621,8465,0.9,12,16,0,649,9,290,204,82,64,4.4,24.2
AgentOps-AI/agentops,2025-11,sq-a,ba_AgentOps-AI_agentops__2025-11,32903,302,1703,23314,371,6830,11045,621,8465,0.9,12,16,0,649,9,290,204,82,64,4.4,24.2
AgentOps-AI/agentops,2025-12,sq-b,ba_AgentOps-AI_agentops__2025-12,32903,302,1703,23314,371,6830,11045,621,8465,0.9,12,16,0,649,9,290,204,82,64,4.4,24.2
ArduPilot/MethodicConfigurator,2024-06,sq-b,ba_ArduPilot_MethodicConfigurator__2024-06,5555,33,366,4719,39,1291,1695,126,1047,0.6,4,3,0,133,0,55,64,10,4,0.0,24.3
ArduPilot/MethodicConfigurator,2024-07,sq-b,ba_ArduPilot_MethodicConfigurator__2024-07,5606,33,369,4768,39,1318,1735,129,1069,0.6,4,3,0,136,0,56,66,10,4,0.0,24.1
ArduPilot/MethodicConfigurator,2024-08,sq-a,ba_ArduPilot_MethodicConfigurator__2024-08,7305,35,466,6066,44,1703,2240,137,1294,0.6,5,3,0,145,0,73,60,12,0,0.8,21.0
ArduPilot/MethodicConfigurator,2024-09,sq-c,ba_ArduPilot_MethodicConfigurator__2024-09,7319,35,466,6078,44,1709,2258,138,1318,0.6,5,3,0,146,0,73,61,12,0,0.8,21.0
ArduPilot/MethodicConfigurator,2024-10,sq-c,ba_ArduPilot_MethodicConfigurator__2024-10,7486,38,474,6213,44,1737,2280,136,1308,0.6,5,3,0,144,0,73,59,12,0,0.7,21.0
ArduPilot/MethodicConfigurator,2024-11,sq-c,ba_ArduPilot_MethodicConfigurator__2024-11,9394,44,506,6664,46,1863,2385,137,1266,0.4,11,6,0,154,3,82,60,9,0,0.4,19.9
ArduPilot/MethodicConfigurator,2024-12,sq-a,ba_ArduPilot_MethodicConfigurator__2024-12,9407,44,506,6661,46,1863,2384,136,1261,0.4,11,4,0,151,3,82,57,9,0,0.4,20.0
ArduPilot/MethodicConfigurator,2025-01,sq-a,ba_ArduPilot_MethodicConfigurator__2025-01,9996,50,543,7169,49,1971,2496,144,1321,0.4,11,4,0,159,3,83,64,9,0,0.7,20.2
ArduPilot/MethodicConfigurator,2025-02,sq-c,ba_ArduPilot_MethodicConfigurator__2025-02,10667,52,564,7511,54,2067,2616,150,1403,0.4,11,4,0,165,3,86,66,10,0,0.7,22.9
ArduPilot/MethodicConfigurator,2025-03,sq-b,ba_ArduPilot_MethodicConfigurator__2025-03,12132,62,624,8775,51,2352,3075,173,1649,0.5,11,4,0,188,3,98,76,11,0,1.1,23.8
ArduPilot/MethodicConfigurator,2025-04,sq-c,ba_ArduPilot_MethodicConfigurator__2025-04,12394,63,640,8993,51,2424,3158,181,1688,0.5,11,8,0,200,4,100,78,18,0,1.2,24.1
ArduPilot/MethodicConfigurator,2025-05,sq-b,ba_ArduPilot_MethodicConfigurator__2025-05,13099,65,683,9499,53,2600,3383,201,2010,0.5,11,8,0,220,4,116,80,20,0,2.0,23.9
ArduPilot/MethodicConfigurator,2025-06,sq-c,ba_ArduPilot_MethodicConfigurator__2025-06,13679,70,764,10079,58,2736,3480,183,1709,0.4,9,8,0,200,4,104,78,14,0,0.9,26.6
ArduPilot/MethodicConfigurator,2025-07,sq-a,ba_ArduPilot_MethodicConfigurator__2025-07,14349,75,830,10540,64,2871,3582,177,1691,0.4,9,8,0,194,4,98,79,13,0,0.9,27.6
ArduPilot/MethodicConfigurator,2025-08,sq-c,ba_ArduPilot_MethodicConfigurator__2025-08,15168,80,888,11131,73,3056,3768,182,1759,0.4,9,8,0,199,4,104,77,14,0,0.8,29.1
ArduPilot/MethodicConfigurator,2025-09,sq-a,ba_ArduPilot_MethodicConfigurator__2025-09,16676,86,975,12153,75,3284,3918,190,1774,0.4,8,8,0,206,4,109,78,15,0,0.7,30.1
ArduPilot/MethodicConfigurator,2025-10,sq-b,ba_ArduPilot_MethodicConfigurator__2025-10,17578,88,1044,12788,82,3466,4097,205,1881,0.4,8,9,0,222,6,117,82,17,0,0.7,30.7
ArduPilot/MethodicConfigurator,2025-11,sq-a,ba_ArduPilot_MethodicConfigurator__2025-11,19186,101,1233,13994,104,3836,4339,213,1969,0.3,7,9,0,229,6,121,80,22,0,0.7,32.5
ArduPilot/MethodicConfigurator,2025-12,sq-c,ba_ArduPilot_MethodicConfigurator__2025-12,19701,102,1253,14362,107,3940,4466,219,2015,0.3,7,9,0,235,6,125,81,23,0,0.7,32.9
ArduPilot/MethodicConfigurator,2026-01,sq-c,ba_ArduPilot_MethodicConfigurator__2026-01,20576,104,1309,15044,110,4142,4717,221,2078,0.3,7,9,0,237,6,127,81,23,0,0.7,33.3
ArduPilot/MethodicConfigurator,2026-02,sq-b,ba_ArduPilot_MethodicConfigurator__2026-02,21026,106,1337,15413,112,4239,4823,222,2099,0.3,7,9,0,238,6,129,80,23,0,0.7,33.5
ArduPilot/MethodicConfigurator,2026-03,sq-c,ba_ArduPilot_MethodicConfigurator__2026-03,21661,108,1377,15905,114,4385,4966,220,2111,0.3,9,11,0,240,6,127,83,24,0,0.6,33.6
ArduPilot/MethodicConfigurator,2026-04,sq-a,ba_ArduPilot_MethodicConfigurator__2026-04,23578,110,1489,17221,123,4822,5391,253,2401,0.3,9,11,0,273,6,160,83,24,0,0.7,32.6
ArduPilot/MethodicConfigurator,2026-05,sq-b,ba_ArduPilot_MethodicConfigurator__2026-05,24010,110,1500,17415,123,4902,5484,254,2416,0.3,9,11,0,274,6,161,83,24,0,0.7,32.4
ArduPilot/MethodicConfigurator,2026-06,sq-c,ba_ArduPilot_MethodicConfigurator__2026-06,24667,106,1522,17636,125,5011,5612,269,2614,0.4,11,11,0,291,6,169,91,25,0,0.6,32.5
Arize-ai/openinference,2024-05,sq-b,ba_Arize-ai_openinference__2024-05,4955,41,325,3166,82,975,1175,54,518,0.3,0,0,0,54,0,27,21,4,2,19.1,11.1
Arize-ai/openinference,2024-06,sq-a,ba_Arize-ai_openinference__2024-06,5316,41,355,3471,89,1053,1295,67,592,0.4,0,0,0,67,0,36,21,8,2,16.9,10.9
Arize-ai/openinference,2024-07,sq-c,ba_Arize-ai_openinference__2024-07,7726,64,504,4864,130,1485,1748,94,782,0.3,1,1,0,96,0,53,32,9,2,13.3,10.3
Arize-ai/openinference,2024-08,sq-b,ba_Arize-ai_openinference__2024-08,9284,73,576,5834,146,1805,2161,130,1014,0.4,1,1,0,132,0,63,53,12,4,14.4,10.6
Arize-ai/openinference,2024-09,sq-b,ba_Arize-ai_openinference__2024-09,9385,73,588,5900,149,1830,2184,133,1033,0.4,1,1,0,135,0,65,54,12,4,13.8,10.7
Arize-ai/openinference,2024-10,sq-b,ba_Arize-ai_openinference__2024-10,10444,79,669,6566,168,2023,2403,144,1120,0.4,2,1,0,147,0,71,58,13,5,15.1,9.8
Arize-ai/openinference,2024-11,sq-b,ba_Arize-ai_openinference__2024-11,10460,79,670,6575,168,2026,2428,144,1145,0.4,2,1,0,147,0,71,58,13,5,15.1,9.8
Arize-ai/openinference,2024-12,sq-a,ba_Arize-ai_openinference__2024-12,10665,80,680,6733,170,2095,2533,149,1200,0.4,2,1,0,152,0,75,59,13,5,15.9,9.7
Arize-ai/openinference,2025-01,sq-c,ba_Arize-ai_openinference__2025-01,12927,94,799,7988,213,2461,2948,167,1363,0.4,1,2,0,170,0,92,57,14,7,17.1,8.8
Arize-ai/openinference,2025-02,sq-a,ba_Arize-ai_openinference__2025-02,13023,94,805,8045,213,2486,2998,171,1398,0.4,1,2,0,174,0,94,57,14,9,17.0,8.7
Arize-ai/openinference,2025-03,sq-b,ba_Arize-ai_openinference__2025-03,13848,104,849,8616,215,2665,3241,179,1451,0.3,1,2,0,182,0,96,60,11,15,16.4,8.6
Arize-ai/openinference,2025-04,sq-a,ba_Arize-ai_openinference__2025-04,17243,124,1029,10550,249,3318,4122,244,2076,0.4,2,2,0,248,0,122,82,18,26,16.2,8.3
Arize-ai/openinference,2025-05,sq-b,ba_Arize-ai_openinference__2025-05,21296,148,1232,13102,320,4106,5309,304,2632,0.4,2,2,0,308,0,153,79,18,58,16.4,10.8
Arize-ai/openinference,2025-06,sq-a,ba_Arize-ai_openinference__2025-06,22738,155,1314,14039,333,4388,5669,318,2764,0.4,2,2,0,322,2,158,81,21,60,15.4,12.6
Arize-ai/openinference,2025-07,sq-b,ba_Arize-ai_openinference__2025-07,23485,159,1336,14549,336,4595,6022,339,2913,0.4,2,2,0,343,2,165,84,22,70,14.8,12.8
Arize-ai/openinference,2025-08,sq-c,ba_Arize-ai_openinference__2025-08,24493,172,1398,15170,343,4776,6235,351,2966,0.4,2,2,0,355,2,169,90,23,71,14.3,12.4
Arize-ai/openinference,2025-09,sq-c,ba_Arize-ai_openinference__2025-09,24935,175,1414,15516,344,4925,6590,357,3211,0.4,2,2,0,361,2,178,85,22,74,14.0,12.7
Arize-ai/openinference,2025-10,sq-c,ba_Arize-ai_openinference__2025-10,26304,178,1462,16425,353,5304,7271,375,3578,0.5,2,2,0,379,2,188,89,22,78,13.7,12.9
Arize-ai/openinference,2025-11,sq-a,ba_Arize-ai_openinference__2025-11,27081,180,1488,16946,359,5447,7491,400,3697,0.5,1,2,0,403,2,195,88,26,92,14.0,12.7
Arize-ai/openinference,2025-12,sq-b,ba_Arize-ai_openinference__2025-12,28261,182,1520,17811,362,5713,7975,416,3953,0.5,1,2,0,419,2,206,88,27,96,14.3,13.0
Arize-ai/openinference,2026-01,sq-b,ba_Arize-ai_openinference__2026-01,30557,195,1618,19303,400,6176,8849,454,4738,0.5,1,2,0,457,2,229,98,32,96,13.1,13.9
Arize-ai/openinference,2026-02,sq-c,ba_Arize-ai_openinference__2026-02,33505,205,1743,21089,413,6949,10274,488,5703,0.6,1,2,0,491,2,253,106,34,96,13.2,13.8
Arize-ai/openinference,2026-03,sq-c,ba_Arize-ai_openinference__2026-03,36617,212,1930,23173,447,7636,10991,560,6194,0.6,1,2,0,563,2,264,146,41,110,11.7,12.9
Arize-ai/openinference,2026-04,sq-b,ba_Arize-ai_openinference__2026-04,37064,212,1949,23478,447,7745,11239,559,6350,0.6,1,2,0,562,2,266,144,40,110,11.2,12.8
Arize-ai/openinference,2026-05,sq-b,ba_Arize-ai_openinference__2026-05,41726,225,2170,26033,458,8665,12240,599,6689,0.5,1,5,0,605,3,285,160,43,114,9.8,12.6
AstrBotDevs/AstrBot,2024-04,sq-a,ba_AstrBotDevs_AstrBot__2024-04,4834,31,225,3256,34,812,1356,218,2202,1.5,11,4,0,233,5,111,79,37,1,0.0,10.8
AstrBotDevs/AstrBot,2024-05,sq-a,ba_AstrBotDevs_AstrBot__2024-05,4991,42,264,3475,39,841,1337,221,2038,1.4,17,10,0,248,4,111,85,46,2,0.0,11.2
AstrBotDevs/AstrBot,2024-06,sq-c,ba_AstrBotDevs_AstrBot__2024-06,4948,43,262,3430,39,825,1306,223,2024,1.4,23,10,0,256,4,110,95,45,2,0.0,11.5
AstrBotDevs/AstrBot,2024-07,sq-c,ba_AstrBotDevs_AstrBot__2024-07,5303,61,312,3666,63,900,1233,202,1757,1.1,20,10,0,232,4,105,85,36,2,0.0,11.1
AstrBotDevs/AstrBot,2024-08,sq-a,ba_AstrBotDevs_AstrBot__2024-08,5424,60,324,3793,63,941,1286,214,1808,1.1,17,10,0,241,3,106,90,40,2,0.0,11.4
AstrBotDevs/AstrBot,2024-09,sq-b,ba_AstrBotDevs_AstrBot__2024-09,5518,62,357,4030,79,998,1345,216,1887,1.1,18,10,0,244,4,101,95,41,3,0.5,11.5
AstrBotDevs/AstrBot,2024-10,sq-c,ba_AstrBotDevs_AstrBot__2024-10,5358,72,362,4073,94,977,1285,250,2139,1.3,19,7,0,276,4,116,106,47,3,1.2,12.4
AstrBotDevs/AstrBot,2024-11,sq-b,ba_AstrBotDevs_AstrBot__2024-11,5291,71,356,4015,93,953,1260,246,2103,1.3,19,5,0,270,4,115,104,44,3,1.2,11.4
AstrBotDevs/AstrBot,2024-12,sq-b,ba_AstrBotDevs_AstrBot__2024-12,6541,114,524,4895,145,1177,1300,239,1928,1.0,20,8,0,267,1,79,133,39,15,0.0,12.8
AstrBotDevs/AstrBot,2025-01,sq-b,ba_AstrBotDevs_AstrBot__2025-01,9685,134,695,7113,171,1749,2215,340,3099,1.1,43,13,0,396,1,132,190,56,17,4.1,10.7
AstrBotDevs/AstrBot,2025-02,sq-b,ba_AstrBotDevs_AstrBot__2025-02,12894,145,851,9434,191,2377,3245,437,4398,1.1,55,16,0,508,2,170,240,81,15,1.8,10.1
AstrBotDevs/AstrBot,2025-03,sq-c,ba_AstrBotDevs_AstrBot__2025-03,17482,153,1028,11495,229,2919,3962,505,5148,1.0,66,24,0,595,4,191,293,91,16,1.6,10.3
AstrBotDevs/AstrBot,2025-04,sq-c,ba_AstrBotDevs_AstrBot__2025-04,19964,161,1114,13004,236,3390,4762,545,5706,1.0,76,25,0,646,4,199,322,102,19,2.1,12.7
AstrBotDevs/AstrBot,2025-05,sq-c,ba_AstrBotDevs_AstrBot__2025-05,23846,186,1307,15450,255,3969,5539,594,6288,0.9,87,34,0,715,5,218,353,118,21,3.1,12.9
AstrBotDevs/AstrBot,2025-06,sq-a,ba_AstrBotDevs_AstrBot__2025-06,26561,197,1417,17179,275,4470,6388,607,6762,0.8,95,35,0,737,5,228,358,122,24,2.8,12.6
AstrBotDevs/AstrBot,2025-07,sq-c,ba_AstrBotDevs_AstrBot__2025-07,26764,199,1421,17310,277,4579,6531,588,6694,0.8,92,31,0,711,5,228,337,117,24,3.2,13.0
AstrBotDevs/AstrBot,2025-08,sq-c,ba_AstrBotDevs_AstrBot__2025-08,27093,199,1427,17508,277,4636,6636,592,6755,0.8,93,32,0,717,5,233,338,117,24,3.2,13.0
AstrBotDevs/AstrBot,2025-09,sq-b,ba_AstrBotDevs_AstrBot__2025-09,33975,229,1751,21406,313,5742,8121,583,7290,0.7,98,48,0,729,4,246,332,127,20,3.0,12.0
AstrBotDevs/AstrBot,2025-10,sq-a,ba_AstrBotDevs_AstrBot__2025-10,40039,278,2054,25630,371,6790,9454,713,8560,0.7,103,58,0,874,4,284,386,180,20,2.5,13.6
AstrBotDevs/AstrBot,2025-11,sq-c,ba_AstrBotDevs_AstrBot__2025-11,42845,291,2084,26492,394,7036,9601,686,8505,0.7,104,53,0,843,3,279,371,172,18,2.3,13.5
AstrBotDevs/AstrBot,2025-12,sq-b,ba_AstrBotDevs_AstrBot__2025-12,48122,306,2346,29912,420,8096,11000,735,9277,0.6,104,55,0,894,2,301,384,189,18,2.2,14.0
AstrBotDevs/AstrBot,2026-01,sq-b,ba_AstrBotDevs_AstrBot__2026-01,51989,327,2529,32086,452,8765,11734,765,9663,0.6,107,54,0,926,2,317,396,190,21,2.1,14.3
AstrBotDevs/AstrBot,2026-02,sq-a,ba_AstrBotDevs_AstrBot__2026-02,64004,371,3008,38869,493,11069,14755,911,11624,0.6,119,67,0,1097,2,396,443,235,21,1.8,12.6
AstrBotDevs/AstrBot,2026-03,sq-c,ba_AstrBotDevs_AstrBot__2026-03,77568,402,3596,46428,608,13558,17900,1004,13155,0.6,130,76,0,1210,3,462,478,244,23,1.5,11.3
AstrBotDevs/AstrBot,2026-04,sq-a,ba_AstrBotDevs_AstrBot__2026-04,86129,416,3991,50622,656,15250,19684,1041,13915,0.5,138,74,0,1253,3,493,491,243,23,1.5,10.4
BESSER-PEARL/BESSER,2024-06,sq-c,ba_BESSER-PEARL_BESSER__2024-06,12555,73,1732,10684,252,2948,2084,520,2696,0.7,10,12,0,542,1,33,95,413,0,5.1,15.5
BESSER-PEARL/BESSER,2024-07,sq-c,ba_BESSER-PEARL_BESSER__2024-07,12558,73,1732,10687,252,2949,2085,520,2696,0.7,10,12,0,542,1,33,95,413,0,5.1,15.5
BESSER-PEARL/BESSER,2024-08,sq-b,ba_BESSER-PEARL_BESSER__2024-08,13208,78,1829,11203,267,3117,2190,515,2686,0.7,9,13,0,537,1,35,99,402,0,4.9,16.5
BESSER-PEARL/BESSER,2024-09,sq-b,ba_BESSER-PEARL_BESSER__2024-09,13208,78,1829,11203,267,3117,2190,515,2686,0.7,9,13,0,537,1,35,99,402,0,4.9,16.5
BESSER-PEARL/BESSER,2024-10,sq-b,ba_BESSER-PEARL_BESSER__2024-10,13227,79,1830,11223,267,3120,2194,515,2686,0.7,9,13,0,537,1,35,99,402,0,4.9,16.5
BESSER-PEARL/BESSER,2024-11,sq-c,ba_BESSER-PEARL_BESSER__2024-11,14378,83,1848,12064,268,3488,3597,538,4114,1.0,9,13,0,560,1,48,110,401,0,5.6,17.2
BESSER-PEARL/BESSER,2024-12,sq-c,ba_BESSER-PEARL_BESSER__2024-12,15693,93,1891,12875,271,3742,4124,576,4656,1.0,13,14,0,603,2,55,137,409,0,5.2,16.8
BESSER-PEARL/BESSER,2025-01,sq-b,ba_BESSER-PEARL_BESSER__2025-01,16686,99,2000,13640,280,3972,4346,593,4822,1.0,13,14,0,620,2,56,139,423,0,5.9,16.3
BESSER-PEARL/BESSER,2025-02,sq-c,ba_BESSER-PEARL_BESSER__2025-02,16686,99,2000,13640,280,3972,4346,593,4822,1.0,13,14,0,620,2,56,139,423,0,5.9,16.3
BESSER-PEARL/BESSER,2025-03,sq-c,ba_BESSER-PEARL_BESSER__2025-03,17147,103,2038,14012,288,4141,4616,603,5038,1.0,13,14,0,630,2,58,146,424,0,5.7,16.3
BESSER-PEARL/BESSER,2025-04,sq-c,ba_BESSER-PEARL_BESSER__2025-04,24516,162,2683,19088,366,5293,5542,725,5846,0.8,19,28,0,772,2,93,172,505,0,7.5,19.5
BESSER-PEARL/BESSER,2025-05,sq-a,ba_BESSER-PEARL_BESSER__2025-05,24536,162,2685,19107,366,5300,5550,725,5846,0.8,19,28,0,772,2,93,172,505,0,7.5,19.5
BESSER-PEARL/BESSER,2025-06,sq-b,ba_BESSER-PEARL_BESSER__2025-06,26303,166,2802,20266,405,5698,6294,782,6703,0.8,20,29,0,831,2,102,203,519,5,8.3,20.8
BESSER-PEARL/BESSER,2025-07,sq-a,ba_BESSER-PEARL_BESSER__2025-07,28014,193,2866,21468,409,6058,7196,814,7495,0.9,21,29,0,864,2,117,207,533,5,7.8,20.8
BESSER-PEARL/BESSER,2025-08,sq-b,ba_BESSER-PEARL_BESSER__2025-08,28235,193,2878,21637,409,6146,7316,820,7561,0.9,23,29,0,872,2,122,209,534,5,7.7,20.8
BESSER-PEARL/BESSER,2025-09,sq-b,ba_BESSER-PEARL_BESSER__2025-09,28337,193,2880,21723,409,6179,7394,821,7628,0.9,23,29,0,873,2,123,209,534,5,7.7,20.8
BESSER-PEARL/BESSER,2025-10,sq-b,ba_BESSER-PEARL_BESSER__2025-10,28337,193,2880,21723,409,6179,7394,821,7628,0.9,23,29,0,873,2,123,209,534,5,7.7,20.8
BESSER-PEARL/BESSER,2025-11,sq-b,ba_BESSER-PEARL_BESSER__2025-11,35714,218,3419,27023,459,8398,10207,897,9551,0.9,23,31,0,951,2,163,237,543,6,6.9,21.3
BESSER-PEARL/BESSER,2025-12,sq-c,ba_BESSER-PEARL_BESSER__2025-12,39179,229,3684,30011,533,9509,11983,1047,11565,1.0,25,33,0,1105,3,195,298,602,7,6.7,21.4
BESSER-PEARL/BESSER,2026-01,sq-c,ba_BESSER-PEARL_BESSER__2026-01,40911,233,3710,30732,551,9805,12388,1051,11883,1.0,29,32,0,1112,2,216,302,585,7,6.5,21.6
BESSER-PEARL/BESSER,2026-02,sq-b,ba_BESSER-PEARL_BESSER__2026-02,51052,254,5195,38807,717,12445,14541,1402,14145,0.9,39,32,0,1473,9,295,369,793,7,5.7,19.0
BESSER-PEARL/BESSER,2026-03,sq-b,ba_BESSER-PEARL_BESSER__2026-03,52054,256,5219,39540,723,12763,15322,1413,14895,1.0,41,32,0,1486,9,302,377,791,7,5.6,19.0
BESSER-PEARL/BESSER,2026-04,sq-c,ba_BESSER-PEARL_BESSER__2026-04,54098,283,5224,40184,749,13099,15616,1233,14025,0.9,34,23,0,1290,9,313,372,589,7,4.5,20.1
BESSER-PEARL/BESSER,2026-05,sq-a,ba_BESSER-PEARL_BESSER__2026-05,58272,291,5387,43128,756,14279,17380,1280,15269,0.9,35,24,0,1339,9,334,389,600,7,4.3,20.5
BESSER-PEARL/BESSER,2026-06,sq-c,ba_BESSER-PEARL_BESSER__2026-06,58982,291,5414,43549,767,14454,17804,1283,15710,0.9,36,24,0,1343,9,333,393,601,7,4.3,20.4
Chainlit/chainlit,2024-07,sq-b,ba_Chainlit_chainlit__2024-07,8930,90,565,5097,119,1455,1377,139,804,0.3,29,5,0,173,2,42,75,52,2,2.4,7.4
Chainlit/chainlit,2024-08,sq-a,ba_Chainlit_chainlit__2024-08,8961,90,568,5123,119,1461,1382,147,950,0.4,30,5,0,182,2,49,76,53,2,2.4,7.4
Chainlit/chainlit,2024-09,sq-b,ba_Chainlit_chainlit__2024-09,9234,95,578,5228,119,1491,1409,117,819,0.3,30,5,0,152,2,44,65,39,2,2.4,7.5
Chainlit/chainlit,2024-10,sq-b,ba_Chainlit_chainlit__2024-10,9482,100,599,5352,121,1545,1439,118,814,0.3,31,5,0,154,3,43,65,39,4,2.4,7.6
Chainlit/chainlit,2024-11,sq-a,ba_Chainlit_chainlit__2024-11,9627,101,613,5455,123,1565,1459,116,811,0.3,32,5,0,153,3,41,67,39,3,2.4,7.9
Chainlit/chainlit,2024-12,sq-a,ba_Chainlit_chainlit__2024-12,9778,103,634,5582,124,1615,1515,125,899,0.3,32,5,0,162,4,44,70,40,4,1.9,8.2
Chainlit/chainlit,2025-01,sq-c,ba_Chainlit_chainlit__2025-01,10959,110,700,6185,133,1800,1683,157,1140,0.3,30,5,0,192,4,46,96,41,5,2.3,8.0
Chainlit/chainlit,2025-02,sq-b,ba_Chainlit_chainlit__2025-02,10967,110,700,6178,134,1798,1677,157,1140,0.3,30,5,0,192,4,46,96,41,5,2.3,8.0
Chainlit/chainlit,2025-03,sq-a,ba_Chainlit_chainlit__2025-03,11284,110,697,6311,141,1846,1785,169,1237,0.4,30,5,0,204,4,49,104,42,5,2.4,8.8
Chainlit/chainlit,2025-04,sq-a,ba_Chainlit_chainlit__2025-04,11333,110,705,6336,142,1858,1789,169,1237,0.4,30,5,0,204,4,49,104,42,5,2.4,9.3
Chainlit/chainlit,2025-05,sq-c,ba_Chainlit_chainlit__2025-05,11334,110,705,6337,142,1858,1789,169,1237,0.4,29,5,0,203,3,49,104,42,5,2.4,9.3
Chainlit/chainlit,2025-06,sq-b,ba_Chainlit_chainlit__2025-06,11334,110,705,6337,142,1858,1789,169,1237,0.4,30,5,0,204,4,49,104,42,5,2.4,9.3
Chainlit/chainlit,2025-07,sq-a,ba_Chainlit_chainlit__2025-07,11470,110,707,6397,147,1871,1827,169,1240,0.4,30,5,0,204,4,48,105,42,5,2.4,9.6
Chainlit/chainlit,2025-08,sq-c,ba_Chainlit_chainlit__2025-08,11797,113,726,6551,150,1930,1876,163,1116,0.3,30,5,0,198,5,44,105,40,4,2.6,9.6
Chainlit/chainlit,2025-09,sq-b,ba_Chainlit_chainlit__2025-09,12168,114,766,6768,156,2034,1960,180,1225,0.3,30,5,0,215,5,57,108,41,4,2.8,9.5
Chainlit/chainlit,2025-10,sq-c,ba_Chainlit_chainlit__2025-10,12193,114,778,6800,156,2049,1969,178,1207,0.3,30,5,0,213,5,56,107,41,4,2.8,9.5
Chainlit/chainlit,2025-11,sq-c,ba_Chainlit_chainlit__2025-11,12393,116,789,6931,158,2092,2027,180,1237,0.3,30,5,0,215,5,58,108,40,4,2.8,9.5
Chainlit/chainlit,2025-12,sq-a,ba_Chainlit_chainlit__2025-12,12531,119,798,6994,160,2114,2042,178,1228,0.3,30,5,0,213,5,56,108,40,4,2.8,9.6
Chainlit/chainlit,2026-01,sq-b,ba_Chainlit_chainlit__2026-01,12901,119,816,7135,161,2181,2130,181,1262,0.3,30,5,0,216,5,59,108,40,4,2.7,9.4
Chainlit/chainlit,2026-02,sq-a,ba_Chainlit_chainlit__2026-02,13067,121,826,7200,162,2204,2145,182,1275,0.3,30,5,0,217,5,60,108,40,4,2.7,9.4
Chainlit/chainlit,2026-03,sq-a,ba_Chainlit_chainlit__2026-03,13124,121,828,7228,162,2224,2152,182,1275,0.3,30,3,0,215,5,60,108,38,4,2.8,9.4
Chainlit/chainlit,2026-04,sq-a,ba_Chainlit_chainlit__2026-04,13402,126,847,7412,163,2262,2195,190,1326,0.3,32,3,0,225,5,66,110,40,4,2.7,9.6
Chainlit/chainlit,2026-05,sq-c,ba_Chainlit_chainlit__2026-05,13404,126,847,7413,163,2262,2195,190,1326,0.3,32,3,0,225,5,66,110,40,4,2.7,9.6
Chainlit/chainlit,2026-06,sq-c,ba_Chainlit_chainlit__2026-06,13404,126,847,7413,163,2262,2195,190,1326,0.3,32,3,0,225,5,66,110,40,4,2.7,9.6
Chainlit/chainlit,2026-07,sq-b,ba_Chainlit_chainlit__2026-07,13405,126,847,7419,163,2265,2203,191,1333,0.3,32,3,0,226,5,67,110,40,4,2.7,9.6
EuroEval/EuroEval,2024-04,sq-b,ba_EuroEval_EuroEval__2024-04,10800,78,309,5755,48,1204,1598,299,2318,0.7,5,8,0,312,2,64,43,192,11,6.3,29.5
EuroEval/EuroEval,2024-05,sq-c,ba_EuroEval_EuroEval__2024-05,10844,78,308,5782,48,1209,1623,302,2357,0.7,5,8,0,315,2,66,44,192,11,6.2,29.5
EuroEval/EuroEval,2024-06,sq-c,ba_EuroEval_EuroEval__2024-06,10956,79,313,5850,48,1216,1627,303,2362,0.7,5,7,0,315,1,66,43,194,11,6.9,29.5
EuroEval/EuroEval,2024-07,sq-c,ba_EuroEval_EuroEval__2024-07,11693,81,323,6030,49,1254,1679,322,2523,0.7,5,7,0,334,1,79,43,201,10,7.3,28.5
EuroEval/EuroEval,2024-08,sq-a,ba_EuroEval_EuroEval__2024-08,11691,81,324,6032,49,1251,1677,323,2511,0.7,5,7,0,335,1,80,43,201,10,7.3,28.5
EuroEval/EuroEval,2024-09,sq-b,ba_EuroEval_EuroEval__2024-09,11691,81,324,6032,49,1251,1677,323,2511,0.7,5,7,0,335,1,80,43,201,10,7.3,28.5
EuroEval/EuroEval,2024-10,sq-c,ba_EuroEval_EuroEval__2024-10,12114,85,331,6262,49,1306,1731,331,2589,0.7,5,7,0,343,1,84,42,207,9,7.5,28.1
EuroEval/EuroEval,2024-11,sq-b,ba_EuroEval_EuroEval__2024-11,12834,91,343,6659,49,1355,1789,338,2639,0.7,12,9,0,359,1,88,48,215,7,7.1,27.8
EuroEval/EuroEval,2024-12,sq-b,ba_EuroEval_EuroEval__2024-12,11997,88,295,6002,43,1160,1569,336,2581,0.7,15,9,0,360,1,86,58,208,7,11.5,24.9
EuroEval/EuroEval,2025-01,sq-a,ba_EuroEval_EuroEval__2025-01,13376,98,316,6677,46,1225,1674,372,2815,0.7,16,12,0,400,1,96,60,236,7,11.5,24.0
EuroEval/EuroEval,2025-02,sq-b,ba_EuroEval_EuroEval__2025-02,13865,98,323,6827,47,1275,1722,377,2908,0.7,16,12,0,405,1,95,61,241,7,11.1,24.5
EuroEval/EuroEval,2025-03,sq-c,ba_EuroEval_EuroEval__2025-03,15605,111,346,7782,47,1372,1870,438,3340,0.7,16,12,0,466,1,130,66,262,7,13.0,25.7
EuroEval/EuroEval,2025-04,sq-c,ba_EuroEval_EuroEval__2025-04,16112,136,371,8369,48,1467,1994,396,2996,0.6,18,11,0,425,2,110,62,246,5,10.6,26.2
EuroEval/EuroEval,2025-05,sq-a,ba_EuroEval_EuroEval__2025-05,16384,136,374,8501,47,1511,2048,403,3029,0.6,18,11,0,432,2,111,62,252,5,10.4,26.1
EuroEval/EuroEval,2025-06,sq-a,ba_EuroEval_EuroEval__2025-06,16750,138,381,8652,48,1529,2050,408,3045,0.6,18,12,0,438,2,112,63,256,5,10.6,26.2
EuroEval/EuroEval,2025-07,sq-c,ba_EuroEval_EuroEval__2025-07,17727,146,412,9250,52,1642,2183,419,3135,0.6,18,13,0,450,2,114,64,265,5,10.0,26.3
EuroEval/EuroEval,2025-08,sq-b,ba_EuroEval_EuroEval__2025-08,20058,161,433,9685,52,1752,2372,433,3272,0.5,17,13,0,463,2,124,62,268,7,9.4,25.4
EuroEval/EuroEval,2025-09,sq-b,ba_EuroEval_EuroEval__2025-09,22134,177,482,10356,54,1909,2488,467,3595,0.5,16,13,0,496,2,125,65,300,4,9.3,24.7
EuroEval/EuroEval,2025-10,sq-b,ba_EuroEval_EuroEval__2025-10,25076,210,565,11805,56,2113,2709,493,3831,0.5,16,19,0,528,2,127,72,324,3,9.3,24.8
EuroEval/EuroEval,2025-11,sq-b,ba_EuroEval_EuroEval__2025-11,27583,228,615,13004,59,2243,2810,522,4013,0.5,15,19,0,556,2,134,71,346,3,9.4,24.5
EuroEval/EuroEval,2025-12,sq-a,ba_EuroEval_EuroEval__2025-12,28294,233,628,13337,61,2295,2875,535,4083,0.5,15,20,0,570,2,135,73,357,3,9.1,24.5
EuroEval/EuroEval,2026-01,sq-a,ba_EuroEval_EuroEval__2026-01,28837,235,643,13577,63,2357,2960,541,4122,0.5,15,20,0,576,2,141,72,357,4,8.9,24.6
EuroEval/EuroEval,2026-02,sq-c,ba_EuroEval_EuroEval__2026-02,31575,250,707,14498,66,2611,3249,603,4667,0.5,15,20,0,638,2,149,82,401,4,8.1,25.2
EuroEval/EuroEval,2026-03,sq-a,ba_EuroEval_EuroEval__2026-03,36549,279,807,16419,78,3024,3811,709,5438,0.5,15,27,0,751,2,166,94,484,5,7.3,25.0
EuroEval/EuroEval,2026-04,sq-a,ba_EuroEval_EuroEval__2026-04,36592,279,808,16453,78,3038,3848,710,5473,0.5,15,27,0,752,2,166,94,485,5,7.3,25.0
FlexMeasures/flexmeasures,2024-04,sq-b,ba_FlexMeasures_flexmeasures__2024-04,18507,157,855,9662,146,2490,2578,352,1949,0.4,3,8,0,363,1,68,58,187,49,0.0,23.0
FlexMeasures/flexmeasures,2024-05,sq-a,ba_FlexMeasures_flexmeasures__2024-05,18869,158,878,9858,149,2550,2632,355,1968,0.3,3,8,0,366,1,69,58,189,49,0.0,23.0
FlexMeasures/flexmeasures,2024-06,sq-c,ba_FlexMeasures_flexmeasures__2024-06,19380,161,894,10128,151,2624,2708,367,2089,0.4,3,8,0,378,1,76,59,193,49,0.0,22.8
FlexMeasures/flexmeasures,2024-07,sq-a,ba_FlexMeasures_flexmeasures__2024-07,19393,161,893,10132,151,2630,2721,368,2090,0.4,3,8,0,379,1,76,59,193,50,0.0,22.8
FlexMeasures/flexmeasures,2024-08,sq-b,ba_FlexMeasures_flexmeasures__2024-08,19788,162,908,10276,152,2687,2763,368,2104,0.4,3,8,0,379,1,75,63,193,47,0.0,22.7
FlexMeasures/flexmeasures,2024-09,sq-a,ba_FlexMeasures_flexmeasures__2024-09,20280,164,930,10517,154,2740,2831,374,2160,0.4,3,8,0,385,1,78,65,195,46,0.0,23.1
FlexMeasures/flexmeasures,2024-10,sq-c,ba_FlexMeasures_flexmeasures__2024-10,20430,165,933,10569,155,2755,2848,374,2160,0.4,3,8,0,385,1,78,65,195,46,0.0,23.1
FlexMeasures/flexmeasures,2024-11,sq-a,ba_FlexMeasures_flexmeasures__2024-11,20642,165,934,10663,155,2787,2903,375,2180,0.4,3,8,0,386,1,80,64,195,46,0.0,23.0
FlexMeasures/flexmeasures,2024-12,sq-b,ba_FlexMeasures_flexmeasures__2024-12,21256,165,939,10868,155,2868,3067,375,2251,0.4,3,8,0,386,1,74,70,196,45,0.1,23.1
FlexMeasures/flexmeasures,2025-01,sq-c,ba_FlexMeasures_flexmeasures__2025-01,21391,165,942,10917,155,2882,3088,378,2294,0.4,3,8,0,389,1,78,71,195,44,0.3,23.1
FlexMeasures/flexmeasures,2025-02,sq-a,ba_FlexMeasures_flexmeasures__2025-02,21408,165,943,10938,155,2894,3117,375,2251,0.4,3,8,0,386,1,75,71,195,44,0.3,23.2
FlexMeasures/flexmeasures,2025-03,sq-c,ba_FlexMeasures_flexmeasures__2025-03,21810,165,960,11182,157,2965,3220,379,2273,0.3,3,8,0,390,1,76,67,201,45,0.2,23.4
FlexMeasures/flexmeasures,2025-04,sq-c,ba_FlexMeasures_flexmeasures__2025-04,22697,165,977,11471,159,3060,3334,389,2368,0.3,3,8,0,400,1,84,67,201,47,0.2,23.1
FlexMeasures/flexmeasures,2025-05,sq-a,ba_FlexMeasures_flexmeasures__2025-05,22801,164,978,11520,161,3084,3378,391,2394,0.3,3,8,0,402,1,86,68,200,47,0.2,23.2
FlexMeasures/flexmeasures,2025-06,sq-a,ba_FlexMeasures_flexmeasures__2025-06,23386,164,991,11783,161,3159,3476,395,2394,0.3,3,8,0,406,1,84,68,205,48,0.2,23.5
FlexMeasures/flexmeasures,2025-07,sq-c,ba_FlexMeasures_flexmeasures__2025-07,23795,160,990,11847,163,3188,3505,405,2455,0.3,3,8,0,416,1,90,73,204,48,0.2,23.3
FlexMeasures/flexmeasures,2025-08,sq-c,ba_FlexMeasures_flexmeasures__2025-08,23968,160,993,11962,165,3228,3605,406,2456,0.3,3,8,0,417,1,90,72,204,50,0.3,23.3
FlexMeasures/flexmeasures,2025-09,sq-a,ba_FlexMeasures_flexmeasures__2025-09,23893,161,1002,12119,170,3294,3733,415,2578,0.4,3,7,0,425,1,94,77,206,47,0.2,23.8
FlexMeasures/flexmeasures,2025-10,sq-b,ba_FlexMeasures_flexmeasures__2025-10,24209,165,1011,12387,189,3352,3819,422,2623,0.4,4,7,0,433,1,99,78,206,49,0.1,25.5
FlexMeasures/flexmeasures,2025-11,sq-a,ba_FlexMeasures_flexmeasures__2025-11,27227,176,1077,13529,211,3630,4157,491,3084,0.4,4,9,0,504,1,111,87,253,52,0.1,24.9
FlexMeasures/flexmeasures,2025-12,sq-a,ba_FlexMeasures_flexmeasures__2025-12,27693,177,1085,13703,211,3662,4200,501,3142,0.4,4,9,0,514,1,110,88,264,51,0.1,25.1
FlexMeasures/flexmeasures,2026-01,sq-a,ba_FlexMeasures_flexmeasures__2026-01,27984,177,1090,13836,212,3703,4257,516,3208,0.4,4,9,0,529,1,113,88,272,55,0.1,25.0
FlexMeasures/flexmeasures,2026-02,sq-c,ba_FlexMeasures_flexmeasures__2026-02,28323,176,1102,14025,212,3784,4376,535,3319,0.4,4,9,0,548,1,116,93,283,55,0.1,25.1
FlexMeasures/flexmeasures,2026-03,sq-c,ba_FlexMeasures_flexmeasures__2026-03,29140,176,1138,14501,214,3951,4600,548,3450,0.4,4,10,0,562,1,124,100,285,52,0.1,25.4
FlexMeasures/flexmeasures,2026-04,sq-b,ba_FlexMeasures_flexmeasures__2026-04,29707,172,1155,14900,214,4177,4922,543,3481,0.4,4,9,0,556,1,127,103,278,47,0.1,25.6
Future-House/paper-qa,2024-06,sq-a,ba_Future-House_paper-qa__2024-06,2314,10,146,1303,30,460,470,38,302,0.4,2,1,0,41,0,10,12,17,2,1.2,16.6
Future-House/paper-qa,2024-07,sq-a,ba_Future-House_paper-qa__2024-07,2314,10,146,1303,30,460,470,38,302,0.4,2,1,0,41,0,10,12,17,2,1.2,16.6
Future-House/paper-qa,2024-08,sq-b,ba_Future-House_paper-qa__2024-08,3685,16,208,1991,46,741,770,48,415,0.4,2,3,0,53,0,16,13,18,6,0.8,15.7
Future-House/paper-qa,2024-09,sq-c,ba_Future-House_paper-qa__2024-09,6178,29,305,3067,78,1025,999,58,418,0.2,4,7,0,69,0,24,16,14,15,0.6,12.8
Future-House/paper-qa,2024-10,sq-a,ba_Future-House_paper-qa__2024-10,7537,31,367,3689,86,1252,1237,68,466,0.2,5,9,0,82,1,26,16,20,19,1.1,14.3
Future-House/paper-qa,2024-11,sq-a,ba_Future-House_paper-qa__2024-11,7735,31,379,3776,88,1302,1293,75,488,0.2,5,9,0,89,1,27,16,22,23,0.8,14.6
Future-House/paper-qa,2024-12,sq-c,ba_Future-House_paper-qa__2024-12,7161,31,334,3433,76,1173,1153,72,456,0.2,3,7,0,82,1,24,14,20,23,0.4,14.0
Future-House/paper-qa,2025-01,sq-c,ba_Future-House_paper-qa__2025-01,7668,33,349,3603,77,1244,1221,70,462,0.2,3,6,0,79,1,26,12,17,23,0.3,15.4
Future-House/paper-qa,2025-02,sq-c,ba_Future-House_paper-qa__2025-02,7684,32,343,3594,76,1229,1229,74,479,0.2,3,6,0,83,1,27,12,18,25,0.0,15.1
Future-House/paper-qa,2025-03,sq-c,ba_Future-House_paper-qa__2025-03,7647,32,344,3604,76,1236,1238,74,482,0.2,3,6,0,83,1,27,12,18,25,0.0,15.2
Future-House/paper-qa,2025-04,sq-a,ba_Future-House_paper-qa__2025-04,7700,32,344,3609,76,1233,1232,74,482,0.2,3,6,0,83,1,27,12,18,25,0.0,15.1
Future-House/paper-qa,2025-05,sq-a,ba_Future-House_paper-qa__2025-05,7717,32,345,3620,76,1235,1236,74,482,0.2,3,6,0,83,1,27,12,18,25,0.0,15.1
Future-House/paper-qa,2025-06,sq-c,ba_Future-House_paper-qa__2025-06,7790,32,345,3640,76,1250,1257,73,485,0.2,3,6,0,82,1,27,12,18,24,0.0,15.2
Future-House/paper-qa,2025-07,sq-b,ba_Future-House_paper-qa__2025-07,8102,36,353,3741,77,1277,1288,66,462,0.2,3,6,0,75,1,27,11,13,23,0.0,15.5
Future-House/paper-qa,2025-08,sq-c,ba_Future-House_paper-qa__2025-08,8602,36,368,3931,78,1332,1368,71,492,0.2,4,8,0,83,1,29,13,15,25,0.0,15.5
Future-House/paper-qa,2025-09,sq-a,ba_Future-House_paper-qa__2025-09,8758,36,372,4002,81,1353,1413,73,532,0.2,4,8,0,85,1,30,14,15,25,0.0,15.4
Future-House/paper-qa,2025-10,sq-a,ba_Future-House_paper-qa__2025-10,9370,38,373,4185,82,1426,1562,77,654,0.2,3,8,0,88,1,34,13,16,24,0.0,15.6
Future-House/paper-qa,2025-11,sq-b,ba_Future-House_paper-qa__2025-11,10121,41,394,4501,90,1515,1677,84,733,0.2,3,8,0,95,1,40,13,16,25,0.3,15.8
Future-House/paper-qa,2025-12,sq-b,ba_Future-House_paper-qa__2025-12,10203,42,397,4640,90,1541,1746,83,787,0.3,3,7,0,93,1,40,13,16,23,0.3,16.8
Future-House/paper-qa,2026-01,sq-a,ba_Future-House_paper-qa__2026-01,10290,42,401,4685,90,1557,1763,81,787,0.3,3,7,0,91,1,38,13,16,23,0.3,16.9
Future-House/paper-qa,2026-02,sq-b,ba_Future-House_paper-qa__2026-02,10444,42,408,4760,90,1595,1796,82,782,0.2,3,7,0,92,1,38,13,16,24,0.3,17.2
Future-House/paper-qa,2026-03,sq-a,ba_Future-House_paper-qa__2026-03,10448,42,408,4767,90,1596,1807,80,788,0.3,3,7,0,90,1,38,13,15,23,0.3,17.1
Future-House/paper-qa,2026-04,sq-a,ba_Future-House_paper-qa__2026-04,10448,42,408,4767,90,1596,1807,80,788,0.3,3,7,0,90,1,38,13,15,23,0.3,17.1
Future-House/paper-qa,2026-05,sq-a,ba_Future-House_paper-qa__2026-05,10448,42,408,4767,90,1596,1807,80,788,0.3,3,7,0,90,1,38,13,15,23,0.3,17.1
Future-House/paper-qa,2026-06,sq-b,ba_Future-House_paper-qa__2026-06,10473,42,409,4782,90,1599,1809,80,788,0.3,3,7,0,90,1,38,13,15,23,0.3,17.4
LibrePhotos/librephotos,2024-07,sq-b,ba_LibrePhotos_librephotos__2024-07,12273,140,612,7498,237,1737,1899,211,1461,0.4,3,31,0,245,2,89,81,69,4,1.1,6.3
LibrePhotos/librephotos,2024-08,sq-c,ba_LibrePhotos_librephotos__2024-08,12329,141,614,7525,238,1742,1902,212,1469,0.4,3,31,0,246,2,90,81,69,4,1.2,6.3
LibrePhotos/librephotos,2024-09,sq-b,ba_LibrePhotos_librephotos__2024-09,12338,141,614,7525,238,1742,1902,216,1469,0.4,3,31,0,250,2,90,81,69,8,1.2,6.3
LibrePhotos/librephotos,2024-10,sq-b,ba_LibrePhotos_librephotos__2024-10,12508,141,617,7601,239,1772,1939,219,1462,0.4,3,31,0,253,2,92,82,69,8,1.2,6.3
LibrePhotos/librephotos,2024-11,sq-c,ba_LibrePhotos_librephotos__2024-11,12523,141,617,7609,239,1774,1952,222,1494,0.4,3,31,0,256,2,95,82,69,8,1.2,6.3
LibrePhotos/librephotos,2024-12,sq-c,ba_LibrePhotos_librephotos__2024-12,12523,141,617,7609,239,1774,1952,222,1494,0.4,3,31,0,256,2,95,82,69,8,1.2,6.3
LibrePhotos/librephotos,2025-01,sq-a,ba_LibrePhotos_librephotos__2025-01,12523,141,617,7609,239,1774,1952,222,1494,0.4,3,31,0,256,2,95,82,69,8,1.2,6.3
LibrePhotos/librephotos,2025-02,sq-b,ba_LibrePhotos_librephotos__2025-02,12493,141,621,7674,240,1789,1960,214,1458,0.4,3,31,0,248,2,93,79,66,8,1.0,6.2
LibrePhotos/librephotos,2025-03,sq-a,ba_LibrePhotos_librephotos__2025-03,12499,141,623,7682,240,1792,1964,186,1350,0.4,3,31,0,220,2,93,70,47,8,1.0,6.2
LibrePhotos/librephotos,2025-04,sq-c,ba_LibrePhotos_librephotos__2025-04,12539,142,623,7698,241,1802,1975,183,1341,0.4,3,31,0,217,2,94,67,46,8,1.0,6.3
LibrePhotos/librephotos,2025-05,sq-a,ba_LibrePhotos_librephotos__2025-05,12765,144,642,7936,245,1874,2074,191,1416,0.4,4,31,0,226,2,99,69,48,8,1.0,6.5
LibrePhotos/librephotos,2025-06,sq-a,ba_LibrePhotos_librephotos__2025-06,12781,144,642,7945,246,1874,2078,192,1424,0.4,4,31,0,227,2,100,69,48,8,1.0,6.5
LibrePhotos/librephotos,2025-07,sq-b,ba_LibrePhotos_librephotos__2025-07,12886,143,634,7930,246,1890,2085,198,1460,0.4,4,31,0,233,2,100,68,55,8,1.0,6.6
LibrePhotos/librephotos,2025-08,sq-b,ba_LibrePhotos_librephotos__2025-08,13725,147,664,8518,256,2110,2440,209,1755,0.4,4,31,0,244,2,111,68,55,8,1.4,6.6
LibrePhotos/librephotos,2025-09,sq-b,ba_LibrePhotos_librephotos__2025-09,13785,147,664,8555,256,2120,2472,210,1778,0.4,4,31,0,245,2,112,68,55,8,1.3,6.6
LibrePhotos/librephotos,2025-10,sq-b,ba_LibrePhotos_librephotos__2025-10,13824,147,666,8585,256,2130,2484,210,1778,0.4,3,31,0,244,1,112,68,55,8,1.3,6.7
LibrePhotos/librephotos,2025-11,sq-b,ba_LibrePhotos_librephotos__2025-11,13965,147,667,8647,256,2152,2517,211,1799,0.4,3,31,0,245,1,112,67,57,8,1.3,6.8
LibrePhotos/librephotos,2025-12,sq-c,ba_LibrePhotos_librephotos__2025-12,14946,153,708,9359,277,2305,2712,218,1867,0.4,3,31,0,252,1,117,69,57,8,1.2,8.2
LibrePhotos/librephotos,2026-01,sq-b,ba_LibrePhotos_librephotos__2026-01,14946,153,708,9359,277,2305,2712,218,1867,0.4,3,31,0,252,1,117,69,57,8,1.2,8.2
LibrePhotos/librephotos,2026-02,sq-c,ba_LibrePhotos_librephotos__2026-02,18469,171,871,11687,320,3007,3619,263,2353,0.4,3,31,0,297,1,130,98,61,7,1.9,13.8
LibrePhotos/librephotos,2026-03,sq-c,ba_LibrePhotos_librephotos__2026-03,18874,175,879,11891,321,3049,3682,265,2374,0.4,3,31,0,299,1,130,100,61,7,1.8,13.9
LibrePhotos/librephotos,2026-04,sq-b,ba_LibrePhotos_librephotos__2026-04,20109,188,951,12645,336,3224,3798,277,2418,0.4,4,33,0,314,1,133,110,63,7,2.6,14.4
LibrePhotos/librephotos,2026-05,sq-c,ba_LibrePhotos_librephotos__2026-05,20429,190,958,12726,336,3233,3780,278,2402,0.4,4,33,0,315,1,134,110,63,7,2.4,14.4
LibrePhotos/librephotos,2026-06,sq-a,ba_LibrePhotos_librephotos__2026-06,20627,190,963,12845,336,3284,3852,280,2435,0.4,6,33,0,319,1,134,113,64,7,2.4,14.8
LibrePhotos/librephotos,2026-07,sq-a,ba_LibrePhotos_librephotos__2026-07,22995,210,1116,14580,370,3765,4220,286,2432,0.4,6,34,0,326,1,139,115,64,7,1.1,17.2
Lightning-AI/litData,2024-05,sq-a,ba_Lightning-AI_litData__2024-05,5649,33,501,4087,85,1435,1360,85,633,0.4,1,3,0,89,0,24,38,12,15,0.4,19.3
Lightning-AI/litData,2024-06,sq-c,ba_Lightning-AI_litData__2024-06,6186,36,521,4470,89,1566,1513,96,712,0.4,1,4,0,101,0,27,43,15,16,0.0,19.5
Lightning-AI/litData,2024-07,sq-c,ba_Lightning-AI_litData__2024-07,6902,37,571,4910,88,1719,1675,107,859,0.4,1,4,0,112,0,35,45,14,18,0.0,19.2
Lightning-AI/litData,2024-08,sq-a,ba_Lightning-AI_litData__2024-08,7026,37,582,5006,89,1750,1718,111,906,0.4,1,5,0,117,0,39,45,14,19,0.0,19.3
Lightning-AI/litData,2024-09,sq-c,ba_Lightning-AI_litData__2024-09,7042,37,583,5009,89,1760,1728,110,909,0.4,1,5,0,116,0,39,44,14,19,0.0,19.3
Lightning-AI/litData,2024-10,sq-b,ba_Lightning-AI_litData__2024-10,7077,37,584,5033,89,1772,1745,109,916,0.4,1,5,0,115,0,39,44,14,18,0.0,19.2
Lightning-AI/litData,2024-11,sq-a,ba_Lightning-AI_litData__2024-11,7150,38,590,5097,91,1795,1761,110,918,0.4,1,5,0,116,0,39,44,15,18,0.0,19.3
Lightning-AI/litData,2024-12,sq-c,ba_Lightning-AI_litData__2024-12,7150,38,590,5097,91,1795,1761,110,918,0.4,1,5,0,116,0,39,44,15,18,0.0,19.3
Lightning-AI/litData,2025-01,sq-a,ba_Lightning-AI_litData__2025-01,7285,39,598,5206,92,1825,1803,113,959,0.4,1,5,0,119,0,43,44,13,19,0.0,19.1
Lightning-AI/litData,2025-02,sq-c,ba_Lightning-AI_litData__2025-02,7824,41,634,5618,99,1949,1932,121,1033,0.4,1,5,0,127,0,48,45,14,20,0.5,20.8
Lightning-AI/litData,2025-03,sq-c,ba_Lightning-AI_litData__2025-03,8232,42,667,5926,102,2051,2023,129,1136,0.5,1,3,0,133,0,56,44,16,17,0.8,22.0
Lightning-AI/litData,2025-04,sq-a,ba_Lightning-AI_litData__2025-04,8574,43,679,6133,106,2090,2060,126,1151,0.4,1,3,0,130,0,57,43,13,17,0.8,21.9
Lightning-AI/litData,2025-05,sq-b,ba_Lightning-AI_litData__2025-05,9523,51,718,6733,111,2268,2288,134,1259,0.4,1,2,0,137,0,60,46,14,17,0.7,21.9
Lightning-AI/litData,2025-06,sq-b,ba_Lightning-AI_litData__2025-06,9775,51,733,6904,112,2338,2365,135,1299,0.4,1,2,0,138,0,61,46,14,17,0.7,21.8
Lightning-AI/litData,2025-07,sq-a,ba_Lightning-AI_litData__2025-07,10433,59,780,7434,120,2496,2533,141,1358,0.4,1,2,0,144,0,61,49,14,20,0.7,22.0
Lightning-AI/litData,2025-08,sq-b,ba_Lightning-AI_litData__2025-08,10537,62,787,7519,120,2518,2547,142,1365,0.4,0,2,0,144,0,61,49,14,20,0.7,22.1
Lightning-AI/litData,2025-09,sq-c,ba_Lightning-AI_litData__2025-09,10793,62,808,7705,124,2570,2595,143,1378,0.4,0,3,0,146,0,61,49,16,20,1.4,22.1
Lightning-AI/litData,2025-10,sq-c,ba_Lightning-AI_litData__2025-10,10808,62,819,7756,126,2592,2607,143,1397,0.4,0,3,0,146,0,60,50,16,20,1.4,22.1
Lightning-AI/litData,2025-11,sq-c,ba_Lightning-AI_litData__2025-11,10825,62,819,7767,126,2598,2618,143,1400,0.4,0,3,0,146,0,60,50,16,20,1.4,22.1
Lightning-AI/litData,2025-12,sq-b,ba_Lightning-AI_litData__2025-12,10860,62,819,7788,126,2606,2634,143,1409,0.4,0,3,0,146,0,60,50,16,20,1.3,22.1
Lightning-AI/litData,2026-01,sq-c,ba_Lightning-AI_litData__2026-01,10899,62,820,7814,126,2635,2665,146,1434,0.4,0,3,0,149,0,62,51,16,20,1.3,22.2
Lightning-AI/litData,2026-02,sq-b,ba_Lightning-AI_litData__2026-02,11124,63,841,8034,129,2710,2761,147,1436,0.4,0,3,0,150,0,63,51,16,20,1.3,23.0
Lightning-AI/litData,2026-03,sq-c,ba_Lightning-AI_litData__2026-03,11154,64,843,8059,129,2714,2765,147,1436,0.4,0,3,0,150,0,63,51,16,20,1.3,23.0
Lightning-AI/litData,2026-04,sq-a,ba_Lightning-AI_litData__2026-04,11158,64,843,8063,129,2716,2767,145,1426,0.4,0,3,0,148,0,61,51,16,20,1.3,23.0
Lightning-AI/litData,2026-05,sq-a,ba_Lightning-AI_litData__2026-05,11218,64,847,8117,129,2739,2789,146,1432,0.4,0,3,0,149,0,62,51,16,20,1.3,23.0
Lumiwealth/lumibot,2024-05,sq-c,ba_Lumiwealth_lumibot__2024-05,12612,71,925,9099,74,2684,2976,492,2880,0.8,12,0,0,504,7,120,164,174,39,2.8,37.2
Lumiwealth/lumibot,2024-06,sq-a,ba_Lumiwealth_lumibot__2024-06,12721,71,927,9183,74,2709,3006,490,2943,0.8,12,0,0,502,7,120,167,175,33,2.8,37.1
Lumiwealth/lumibot,2024-07,sq-a,ba_Lumiwealth_lumibot__2024-07,12873,71,930,9301,74,2734,3035,491,2955,0.8,11,2,0,504,7,118,170,176,33,2.8,37.0
Lumiwealth/lumibot,2024-08,sq-a,ba_Lumiwealth_lumibot__2024-08,14350,79,1016,10458,82,3047,3455,525,3198,0.7,13,7,0,545,7,133,184,184,37,2.9,36.4
Lumiwealth/lumibot,2024-09,sq-b,ba_Lumiwealth_lumibot__2024-09,14662,79,1026,10651,82,3119,3589,532,3303,0.8,13,7,0,552,6,138,188,184,36,2.8,36.3
Lumiwealth/lumibot,2024-10,sq-c,ba_Lumiwealth_lumibot__2024-10,16142,80,1063,11490,83,3402,4031,579,3619,0.7,15,5,0,599,9,149,202,199,40,2.7,34.8
Lumiwealth/lumibot,2024-11,sq-c,ba_Lumiwealth_lumibot__2024-11,16863,86,1102,11987,90,3535,4215,611,3854,0.8,19,5,0,635,8,164,220,202,41,3.7,34.5
Lumiwealth/lumibot,2024-12,sq-a,ba_Lumiwealth_lumibot__2024-12,16863,86,1102,11979,90,3543,4229,609,3847,0.8,19,5,0,633,8,159,222,203,41,3.4,34.0
Lumiwealth/lumibot,2025-01,sq-c,ba_Lumiwealth_lumibot__2025-01,17711,90,1128,12578,93,3678,4416,608,3912,0.7,18,5,0,631,8,162,220,203,38,3.1,34.9
Lumiwealth/lumibot,2025-02,sq-b,ba_Lumiwealth_lumibot__2025-02,19264,95,1212,13679,99,3968,4818,632,4115,0.7,18,5,0,655,8,165,229,215,38,2.6,35.9
Lumiwealth/lumibot,2025-03,sq-c,ba_Lumiwealth_lumibot__2025-03,20765,99,1269,14896,106,4260,5287,703,4649,0.7,19,5,0,727,9,177,281,222,38,2.4,36.9
Lumiwealth/lumibot,2025-04,sq-b,ba_Lumiwealth_lumibot__2025-04,22814,102,1327,16325,108,4723,6009,744,5109,0.7,20,6,0,770,9,195,301,227,38,2.1,36.1
Lumiwealth/lumibot,2025-05,sq-a,ba_Lumiwealth_lumibot__2025-05,25377,108,1442,18254,115,5311,6811,809,5781,0.8,20,6,0,835,9,207,343,237,39,4.7,35.5
Lumiwealth/lumibot,2025-06,sq-c,ba_Lumiwealth_lumibot__2025-06,26102,110,1468,18755,116,5471,7130,838,6067,0.8,21,6,0,865,9,219,360,238,39,4.6,35.5
Lumiwealth/lumibot,2025-07,sq-b,ba_Lumiwealth_lumibot__2025-07,29645,119,1653,21780,131,6249,8178,940,6923,0.8,22,6,0,968,10,251,423,247,37,4.2,35.5
Lumiwealth/lumibot,2025-08,sq-b,ba_Lumiwealth_lumibot__2025-08,33759,128,1794,24940,141,7244,9890,996,8212,0.8,29,7,0,1032,10,305,435,245,37,5.3,34.8
Lumiwealth/lumibot,2025-09,sq-c,ba_Lumiwealth_lumibot__2025-09,36636,128,1873,26921,142,7976,11112,1036,8976,0.8,32,7,0,1075,10,337,451,241,36,4.8,33.6
Lumiwealth/lumibot,2025-10,sq-c,ba_Lumiwealth_lumibot__2025-10,41476,137,1986,30001,154,9220,13134,1112,10419,0.8,33,7,0,1152,12,379,479,245,37,9.3,32.4
Lumiwealth/lumibot,2025-11,sq-a,ba_Lumiwealth_lumibot__2025-11,43855,138,2076,31717,159,9855,14081,1148,11019,0.8,37,10,0,1195,15,393,496,254,37,8.4,31.2
Lumiwealth/lumibot,2025-12,sq-b,ba_Lumiwealth_lumibot__2025-12,49793,143,2218,35905,164,11616,17385,1190,13760,0.9,40,16,0,1246,11,430,511,257,37,7.3,30.0
Lumiwealth/lumibot,2026-01,sq-c,ba_Lumiwealth_lumibot__2026-01,65126,168,2628,46068,213,15427,24206,1313,19082,1.0,44,19,0,1376,12,521,534,272,37,6.7,26.7
Lumiwealth/lumibot,2026-02,sq-c,ba_Lumiwealth_lumibot__2026-02,66663,171,2690,47084,216,15787,24737,1327,19370,1.0,44,19,0,1390,12,535,535,271,37,6.5,26.3
Lumiwealth/lumibot,2026-03,sq-b,ba_Lumiwealth_lumibot__2026-03,73305,188,2981,50799,244,17327,26521,1378,20338,0.9,50,19,0,1447,14,573,542,282,36,6.3,24.8
Lumiwealth/lumibot,2026-04,sq-b,ba_Lumiwealth_lumibot__2026-04,78952,203,3181,54220,257,18639,28128,1436,21179,0.9,52,23,0,1511,14,624,554,283,36,6.2,24.1
Lumiwealth/lumibot,2026-05,sq-c,ba_Lumiwealth_lumibot__2026-05,86706,228,3603,58413,285,20255,29811,1501,21995,0.8,52,23,0,1576,14,661,564,308,29,6.0,22.6
NVIDIA-NeMo/Curator,2024-04,sq-c,ba_NVIDIA-NeMo_Curator__2024-04,10348,95,660,5669,115,1305,1103,111,921,0.3,9,8,0,128,5,47,40,26,10,0.5,21.1
NVIDIA-NeMo/Curator,2024-05,sq-a,ba_NVIDIA-NeMo_Curator__2024-05,10705,98,670,5792,127,1344,1141,122,1000,0.3,7,6,0,135,3,46,50,28,8,0.4,20.9
NVIDIA-NeMo/Curator,2024-06,sq-c,ba_NVIDIA-NeMo_Curator__2024-06,10733,98,670,5805,127,1351,1154,124,1012,0.3,7,6,0,137,3,47,50,28,9,0.4,20.9
NVIDIA-NeMo/Curator,2024-07,sq-c,ba_NVIDIA-NeMo_Curator__2024-07,14897,127,879,7715,165,1712,1407,208,1518,0.3,12,7,0,227,3,91,69,53,11,1.8,23.7
NVIDIA-NeMo/Curator,2024-08,sq-a,ba_NVIDIA-NeMo_Curator__2024-08,16269,140,945,8442,182,1839,1487,215,1578,0.3,12,5,0,232,3,91,71,57,10,2.0,24.6
NVIDIA-NeMo/Curator,2024-09,sq-b,ba_NVIDIA-NeMo_Curator__2024-09,17218,153,1003,9029,191,1954,1581,217,1600,0.3,12,7,0,236,3,94,72,58,9,2.0,24.2
NVIDIA-NeMo/Curator,2024-10,sq-b,ba_NVIDIA-NeMo_Curator__2024-10,18845,175,1038,9923,191,2080,1693,227,1684,0.3,13,7,0,247,4,95,81,58,9,2.5,23.9
NVIDIA-NeMo/Curator,2024-11,sq-a,ba_NVIDIA-NeMo_Curator__2024-11,20377,189,1130,10888,209,2279,1870,246,1785,0.3,13,7,0,266,4,105,83,62,12,2.1,24.3
NVIDIA-NeMo/Curator,2024-12,sq-b,ba_NVIDIA-NeMo_Curator__2024-12,21379,195,1174,11433,220,2383,1975,252,1853,0.3,13,7,0,272,4,109,84,63,12,2.6,23.9
NVIDIA-NeMo/Curator,2025-01,sq-b,ba_NVIDIA-NeMo_Curator__2025-01,21467,203,1174,11499,220,2389,1996,249,1845,0.3,10,7,0,266,1,108,84,63,10,2.6,24.1
NVIDIA-NeMo/Curator,2025-02,sq-a,ba_NVIDIA-NeMo_Curator__2025-02,22866,218,1246,12237,239,2562,2164,252,1900,0.3,10,10,0,272,1,108,92,61,10,2.8,25.1
NVIDIA-NeMo/Curator,2025-03,sq-c,ba_NVIDIA-NeMo_Curator__2025-03,24060,220,1249,12395,240,2598,2247,256,1949,0.3,10,10,0,276,1,111,93,60,11,3.0,24.6
NVIDIA-NeMo/Curator,2025-04,sq-c,ba_NVIDIA-NeMo_Curator__2025-04,25486,236,1331,13516,252,2935,2479,148,1443,0.2,2,9,0,159,1,70,61,17,10,5.6,25.7
NVIDIA-NeMo/Curator,2025-05,sq-b,ba_NVIDIA-NeMo_Curator__2025-05,26637,241,1396,14210,263,3072,2596,151,1468,0.2,4,9,0,164,1,71,63,18,11,4.8,25.4
NVIDIA-NeMo/Curator,2025-06,sq-c,ba_NVIDIA-NeMo_Curator__2025-06,26632,240,1395,14205,263,3071,2596,151,1468,0.2,4,9,0,164,1,71,63,18,11,4.8,25.4
NVIDIA-NeMo/Curator,2025-07,sq-a,ba_NVIDIA-NeMo_Curator__2025-07,26663,240,1397,14239,263,3082,2614,152,1474,0.2,2,9,0,163,1,72,61,18,11,4.8,25.4
NVIDIA-NeMo/Curator,2025-08,sq-a,ba_NVIDIA-NeMo_Curator__2025-08,17781,240,1233,11188,275,2888,2561,156,1312,0.2,4,4,0,164,3,75,42,15,29,1.0,33.5
NVIDIA-NeMo/Curator,2025-09,sq-a,ba_NVIDIA-NeMo_Curator__2025-09,19776,248,1282,12080,280,3039,2707,161,1393,0.2,4,6,0,171,3,80,47,14,27,1.7,32.1
NVIDIA-NeMo/Curator,2025-10,sq-c,ba_NVIDIA-NeMo_Curator__2025-10,20587,254,1354,12525,291,3163,2775,163,1396,0.2,4,6,0,173,3,83,46,14,27,1.8,31.5
NVIDIA-NeMo/Curator,2025-11,sq-c,ba_NVIDIA-NeMo_Curator__2025-11,24018,289,1503,14640,315,3625,3338,213,1718,0.2,7,12,0,232,5,101,76,16,34,3.2,30.4
NVIDIA-NeMo/Curator,2025-12,sq-b,ba_NVIDIA-NeMo_Curator__2025-12,25132,294,1523,15096,317,3716,3485,218,1773,0.2,6,14,0,238,4,104,76,18,36,2.9,30.2
NVIDIA-NeMo/Curator,2026-01,sq-b,ba_NVIDIA-NeMo_Curator__2026-01,26347,305,1570,15912,321,3888,3661,223,1923,0.2,6,13,0,242,4,114,73,19,32,2.3,29.8
NVIDIA-NeMo/Curator,2026-02,sq-a,ba_NVIDIA-NeMo_Curator__2026-02,27595,322,1594,16545,322,3997,3772,220,1904,0.2,5,15,0,240,3,114,74,18,31,2.1,29.5
NVIDIA-NeMo/Curator,2026-03,sq-c,ba_NVIDIA-NeMo_Curator__2026-03,33778,374,1862,20045,368,4933,4754,235,2140,0.2,5,16,0,256,3,127,73,24,29,4.0,28.0
NVIDIA-NeMo/Curator,2026-04,sq-c,ba_NVIDIA-NeMo_Curator__2026-04,46076,463,2475,28488,443,7155,7255,288,2724,0.2,5,27,0,320,6,167,85,32,30,3.4,27.5
NVIDIA/NVFlare,2024-07,sq-a,ba_NVIDIA_NVFlare__2024-07,79807,874,6068,63944,1193,15871,17256,1147,8265,0.3,25,59,0,1231,11,501,412,263,44,4.6,25.8
NVIDIA/NVFlare,2024-08,sq-a,ba_NVIDIA_NVFlare__2024-08,81518,895,6167,65219,1216,16125,17487,1158,8318,0.3,24,60,0,1242,8,507,416,265,46,4.8,26.0
NVIDIA/NVFlare,2024-09,sq-a,ba_NVIDIA_NVFlare__2024-09,81631,896,6174,65312,1217,16147,17516,1161,8338,0.3,24,60,0,1245,8,507,419,265,46,4.8,26.0
NVIDIA/NVFlare,2024-10,sq-c,ba_NVIDIA_NVFlare__2024-10,82530,898,6229,66012,1231,16329,17768,1162,8395,0.3,24,60,0,1246,8,516,414,262,46,4.8,26.0
NVIDIA/NVFlare,2024-11,sq-a,ba_NVIDIA_NVFlare__2024-11,84137,914,6342,67140,1259,16596,18063,1169,8507,0.3,24,60,0,1253,7,519,413,269,45,4.7,26.0
NVIDIA/NVFlare,2024-12,sq-b,ba_NVIDIA_NVFlare__2024-12,84944,924,6412,67887,1287,16756,18277,1168,8581,0.3,24,60,0,1252,7,519,416,265,45,4.7,26.0
NVIDIA/NVFlare,2025-01,sq-b,ba_NVIDIA_NVFlare__2025-01,86895,946,6553,69321,1315,17095,18626,1202,8822,0.3,27,62,0,1291,9,540,421,274,47,4.6,26.0
NVIDIA/NVFlare,2025-02,sq-c,ba_NVIDIA_NVFlare__2025-02,90064,988,6759,71904,1361,17687,19298,1221,9033,0.3,28,64,0,1313,9,550,430,279,45,4.5,26.1
NVIDIA/NVFlare,2025-03,sq-b,ba_NVIDIA_NVFlare__2025-03,92532,1043,6928,74065,1401,18143,19772,1237,9212,0.3,28,70,0,1335,13,555,437,285,45,4.5,26.3
NVIDIA/NVFlare,2025-04,sq-a,ba_NVIDIA_NVFlare__2025-04,93823,1058,7030,75002,1424,18389,20003,1244,9296,0.3,28,69,0,1341,13,556,442,285,45,4.5,26.3
NVIDIA/NVFlare,2025-05,sq-c,ba_NVIDIA_NVFlare__2025-05,95395,1080,7166,76131,1451,18655,20188,1242,9260,0.3,28,68,0,1338,13,558,438,283,46,4.4,26.3
NVIDIA/NVFlare,2025-06,sq-c,ba_NVIDIA_NVFlare__2025-06,95729,1083,7165,76269,1459,18635,20170,1233,9130,0.3,27,69,0,1329,10,559,437,275,48,4.6,26.4
NVIDIA/NVFlare,2025-07,sq-c,ba_NVIDIA_NVFlare__2025-07,97598,1110,7308,77851,1507,19013,20551,1250,9259,0.3,27,68,0,1345,10,568,442,277,48,4.5,26.5
NVIDIA/NVFlare,2025-08,sq-c,ba_NVIDIA_NVFlare__2025-08,98862,1121,7381,78572,1520,19191,20663,1245,9333,0.3,27,65,0,1337,10,574,450,256,47,4.4,26.7
NVIDIA/NVFlare,2025-09,sq-c,ba_NVIDIA_NVFlare__2025-09,102430,1163,7627,81506,1570,19888,21453,1312,9837,0.3,30,74,0,1416,10,585,490,282,49,4.3,26.8
NVIDIA/NVFlare,2025-10,sq-b,ba_NVIDIA_NVFlare__2025-10,102664,1166,7645,81674,1570,19936,21452,1314,9795,0.3,30,74,0,1418,10,585,491,283,49,4.3,26.8
NVIDIA/NVFlare,2025-11,sq-c,ba_NVIDIA_NVFlare__2025-11,104321,1187,7716,82937,1595,20169,21809,1327,9983,0.3,31,75,0,1433,10,587,501,286,49,4.3,27.0
NVIDIA/NVFlare,2025-12,sq-a,ba_NVIDIA_NVFlare__2025-12,104709,1198,7736,83275,1603,20223,21858,1319,9982,0.3,31,78,0,1428,10,583,508,278,49,4.1,27.2
NVIDIA/NVFlare,2026-01,sq-a,ba_NVIDIA_NVFlare__2026-01,106544,1209,7773,84317,1619,20443,22207,1341,10236,0.3,30,81,0,1452,10,591,521,281,49,4.0,27.7
NVIDIA/NVFlare,2026-02,sq-c,ba_NVIDIA_NVFlare__2026-02,107513,1212,7809,84953,1622,20641,22453,1359,10371,0.3,30,81,0,1470,10,593,536,281,50,4.0,27.9
NVIDIA/NVFlare,2026-03,sq-b,ba_NVIDIA_NVFlare__2026-03,111715,1227,7995,87850,1639,21491,23620,1430,11110,0.3,30,80,0,1540,11,618,564,297,50,3.8,28.0
NVIDIA/NVFlare,2026-04,sq-b,ba_NVIDIA_NVFlare__2026-04,128788,1297,8750,98978,1699,24866,27484,1628,13488,0.3,32,80,0,1740,11,716,682,282,49,3.4,26.4
NVIDIA/NVFlare,2026-05,sq-c,ba_NVIDIA_NVFlare__2026-05,139501,1326,9255,105749,1713,27237,29987,1698,14322,0.3,27,88,0,1813,14,760,699,291,49,3.4,25.2
NVIDIA/NVFlare,2026-06,sq-b,ba_NVIDIA_NVFlare__2026-06,149685,1347,9823,112366,1748,29755,32856,1773,15319,0.3,27,91,0,1891,15,816,713,297,50,3.2,24.1
NVIDIA/NVFlare,2026-07,sq-a,ba_NVIDIA_NVFlare__2026-07,176902,1458,11601,131583,1899,36906,40215,1975,17616,0.3,33,92,0,2100,16,949,766,320,49,2.5,23.0
NabuCasa/hass-nabucasa,2024-04,sq-a,ba_NabuCasa_hass-nabucasa__2024-04,3644,15,208,1911,48,453,384,20,159,0.1,12,10,0,42,0,10,25,7,0,0.0,10.6
NabuCasa/hass-nabucasa,2024-05,sq-a,ba_NabuCasa_hass-nabucasa__2024-05,3655,15,208,1919,52,453,384,20,159,0.1,12,10,0,42,0,10,25,7,0,0.0,10.7
NabuCasa/hass-nabucasa,2024-06,sq-a,ba_NabuCasa_hass-nabucasa__2024-06,3685,15,209,1924,52,455,385,20,159,0.1,12,10,0,42,0,10,25,7,0,0.0,10.8
NabuCasa/hass-nabucasa,2024-07,sq-c,ba_NabuCasa_hass-nabucasa__2024-07,3681,15,209,1920,52,453,383,20,159,0.1,12,10,0,42,0,10,25,7,0,0.0,10.8
NabuCasa/hass-nabucasa,2024-08,sq-b,ba_NabuCasa_hass-nabucasa__2024-08,3681,15,209,1920,52,453,383,20,159,0.1,12,10,0,42,0,10,25,7,0,0.0,10.8
NabuCasa/hass-nabucasa,2024-09,sq-b,ba_NabuCasa_hass-nabucasa__2024-09,3707,15,209,1946,52,466,396,20,159,0.1,12,10,0,42,0,10,25,7,0,0.0,10.7
NabuCasa/hass-nabucasa,2024-10,sq-a,ba_NabuCasa_hass-nabucasa__2024-10,3806,16,218,2026,53,487,415,22,169,0.1,13,12,0,47,0,10,29,8,0,0.0,10.7
NabuCasa/hass-nabucasa,2024-11,sq-c,ba_NabuCasa_hass-nabucasa__2024-11,3833,16,219,2037,53,491,419,22,169,0.1,13,12,0,47,0,10,29,8,0,0.0,10.7
NabuCasa/hass-nabucasa,2024-12,sq-a,ba_NabuCasa_hass-nabucasa__2024-12,3881,16,223,2066,55,497,425,22,169,0.1,13,12,0,47,0,10,29,8,0,0.0,10.8
NabuCasa/hass-nabucasa,2025-01,sq-b,ba_NabuCasa_hass-nabucasa__2025-01,4070,17,229,2168,61,517,450,22,169,0.1,13,12,0,47,0,10,29,8,0,0.0,10.6
NabuCasa/hass-nabucasa,2025-02,sq-a,ba_NabuCasa_hass-nabucasa__2025-02,4321,20,245,2323,79,550,470,22,169,0.1,13,13,0,48,0,11,29,8,0,0.0,10.9
NabuCasa/hass-nabucasa,2025-03,sq-b,ba_NabuCasa_hass-nabucasa__2025-03,4328,20,245,2325,79,552,472,22,169,0.1,13,13,0,48,0,11,29,8,0,0.0,10.9
NabuCasa/hass-nabucasa,2025-04,sq-a,ba_NabuCasa_hass-nabucasa__2025-04,4454,23,252,2407,82,573,499,25,178,0.1,13,13,0,51,0,12,30,9,0,0.0,11.0
NabuCasa/hass-nabucasa,2025-05,sq-b,ba_NabuCasa_hass-nabucasa__2025-05,4523,22,256,2442,82,587,515,24,158,0.1,13,13,0,50,0,12,29,9,0,0.0,10.9
NabuCasa/hass-nabucasa,2025-06,sq-b,ba_NabuCasa_hass-nabucasa__2025-06,4576,22,261,2479,84,599,526,24,159,0.1,13,14,0,51,0,13,29,9,0,0.0,11.0
NabuCasa/hass-nabucasa,2025-07,sq-a,ba_NabuCasa_hass-nabucasa__2025-07,4872,25,271,2669,104,619,559,28,191,0.1,13,14,0,55,0,16,30,9,0,0.0,11.2
NabuCasa/hass-nabucasa,2025-08,sq-c,ba_NabuCasa_hass-nabucasa__2025-08,4827,25,265,2641,103,613,567,28,203,0.1,13,14,0,55,0,16,30,9,0,0.0,11.2
NabuCasa/hass-nabucasa,2025-09,sq-b,ba_NabuCasa_hass-nabucasa__2025-09,4824,25,265,2640,103,613,567,28,203,0.1,13,14,0,55,0,16,30,9,0,0.0,11.2
NabuCasa/hass-nabucasa,2025-10,sq-a,ba_NabuCasa_hass-nabucasa__2025-10,5130,26,278,2831,111,663,627,30,239,0.2,13,14,0,57,0,17,31,9,0,0.0,11.0
NabuCasa/hass-nabucasa,2025-11,sq-c,ba_NabuCasa_hass-nabucasa__2025-11,5564,31,294,3069,129,709,677,35,273,0.2,13,14,0,62,0,20,33,9,0,0.0,10.8
NabuCasa/hass-nabucasa,2025-12,sq-c,ba_NabuCasa_hass-nabucasa__2025-12,5587,31,294,3076,130,710,678,33,263,0.2,13,14,0,60,0,20,31,9,0,0.6,10.8
NabuCasa/hass-nabucasa,2026-01,sq-c,ba_NabuCasa_hass-nabucasa__2026-01,6187,34,305,3334,156,775,757,31,236,0.1,13,14,0,58,0,19,30,9,0,0.0,10.8
NabuCasa/hass-nabucasa,2026-02,sq-c,ba_NabuCasa_hass-nabucasa__2026-02,6223,34,305,3345,159,775,757,31,236,0.1,13,14,0,58,0,19,30,9,0,0.0,10.8
NabuCasa/hass-nabucasa,2026-03,sq-a,ba_NabuCasa_hass-nabucasa__2026-03,6327,34,310,3397,165,784,767,31,236,0.1,13,14,0,58,0,19,30,9,0,0.0,10.8
NabuCasa/hass-nabucasa,2026-04,sq-c,ba_NabuCasa_hass-nabucasa__2026-04,6327,34,310,3397,165,784,767,31,236,0.1,13,14,0,58,0,19,30,9,0,0.0,10.8
OEvortex/Webscout,2024-05,sq-a,ba_OEvortex_Webscout__2024-05,13446,63,649,6635,111,1783,2248,355,3856,1.0,6,11,0,372,3,126,165,78,0,21.5,20.6
OEvortex/Webscout,2024-06,sq-b,ba_OEvortex_Webscout__2024-06,16366,60,752,7864,124,2117,2710,447,4816,1.0,7,13,0,467,3,180,194,90,0,30.1,20.7
OEvortex/Webscout,2024-07,sq-b,ba_OEvortex_Webscout__2024-07,18159,72,822,8909,133,2326,3107,493,5269,1.0,9,16,0,518,3,189,226,99,1,28.5,20.5
OEvortex/Webscout,2024-08,sq-b,ba_OEvortex_Webscout__2024-08,20532,95,916,9898,146,2772,3883,515,5883,1.0,13,27,0,555,4,188,236,127,0,25.7,19.3
OEvortex/Webscout,2024-09,sq-c,ba_OEvortex_Webscout__2024-09,24498,121,1129,12357,180,3449,4972,627,7466,1.0,17,39,0,683,9,222,289,163,0,23.9,20.4
OEvortex/Webscout,2024-10,sq-b,ba_OEvortex_Webscout__2024-10,24044,119,1154,12269,182,3560,5007,601,7388,1.0,23,35,0,659,6,202,290,161,0,18.8,20.2
OEvortex/Webscout,2024-11,sq-a,ba_OEvortex_Webscout__2024-11,25576,125,1236,13284,201,3814,5366,619,7580,1.0,22,34,0,675,4,213,290,168,0,17.9,19.8
OEvortex/Webscout,2024-12,sq-c,ba_OEvortex_Webscout__2024-12,29419,193,1561,17165,246,5033,6985,633,7784,0.9,20,61,0,714,4,218,333,159,0,19.3,26.2
OEvortex/Webscout,2025-01,sq-b,ba_OEvortex_Webscout__2025-01,28780,189,1489,16656,245,4820,6868,583,7549,0.9,18,64,0,665,4,213,299,149,0,19.0,26.5
OEvortex/Webscout,2025-02,sq-b,ba_OEvortex_Webscout__2025-02,31986,216,1635,18807,275,5555,8119,622,8573,0.9,20,65,0,707,5,223,319,160,0,16.9,24.6
OEvortex/Webscout,2025-03,sq-a,ba_OEvortex_Webscout__2025-03,36354,247,1873,21580,313,6457,9891,799,10574,1.0,34,100,0,933,10,258,425,240,0,18.8,24.8
OEvortex/Webscout,2025-04,sq-a,ba_OEvortex_Webscout__2025-04,50228,307,2332,29592,482,8381,13455,973,13425,0.9,30,127,0,1130,8,362,493,267,0,16.5,26.0
OEvortex/Webscout,2025-05,sq-b,ba_OEvortex_Webscout__2025-05,53541,282,2454,30342,557,8877,14105,1214,16130,1.0,14,155,0,1383,4,509,612,258,0,14.7,23.8
OEvortex/Webscout,2025-06,sq-b,ba_OEvortex_Webscout__2025-06,60546,303,2794,35011,632,10131,16325,1370,18201,1.0,24,188,0,1582,8,588,691,294,1,14.9,22.5
OEvortex/Webscout,2025-07,sq-a,ba_OEvortex_Webscout__2025-07,61322,303,2835,35559,631,10217,16559,1354,17641,1.0,26,194,0,1574,8,548,712,305,1,15.1,22.4
OEvortex/Webscout,2025-08,sq-c,ba_OEvortex_Webscout__2025-08,62453,304,2898,36205,638,10407,16781,1274,17363,0.9,29,197,0,1500,10,559,622,308,1,14.9,22.4
OEvortex/Webscout,2025-09,sq-a,ba_OEvortex_Webscout__2025-09,54741,279,2600,32035,587,9236,14826,1062,15075,0.9,23,155,0,1240,7,432,534,267,0,13.0,22.9
OEvortex/Webscout,2025-10,sq-b,ba_OEvortex_Webscout__2025-10,54943,315,2580,31816,599,9120,14440,1031,14680,0.9,21,140,0,1192,9,446,498,239,0,13.5,22.5
OEvortex/Webscout,2025-11,sq-b,ba_OEvortex_Webscout__2025-11,52366,303,2467,30411,575,8770,14197,956,14099,0.9,22,145,0,1123,8,425,472,218,0,13.7,22.8
OEvortex/Webscout,2025-12,sq-a,ba_OEvortex_Webscout__2025-12,54649,294,2465,30658,555,9068,14375,880,13770,0.8,13,151,0,1044,7,432,460,145,0,12.6,20.7
OEvortex/Webscout,2026-01,sq-b,ba_OEvortex_Webscout__2026-01,56479,298,2434,31752,495,9504,15190,846,13759,0.8,17,131,0,994,8,429,410,147,0,11.9,21.6
OEvortex/Webscout,2026-02,sq-a,ba_OEvortex_Webscout__2026-02,64297,296,2567,36808,492,11120,19621,962,18010,0.9,25,132,0,1119,8,488,440,183,0,11.9,20.3
OEvortex/Webscout,2026-03,sq-a,ba_OEvortex_Webscout__2026-03,63241,288,2480,35677,483,10754,18845,940,17527,0.9,24,124,0,1088,8,474,431,175,0,11.4,19.7
OEvortex/Webscout,2026-04,sq-b,ba_OEvortex_Webscout__2026-04,64026,292,2509,36192,486,10885,19049,944,17631,0.9,24,126,0,1094,8,476,433,177,0,11.1,20.1
OEvortex/Webscout,2026-05,sq-c,ba_OEvortex_Webscout__2026-05,64751,296,2533,36653,491,10985,19162,954,17628,0.9,24,126,0,1104,8,485,433,178,0,11.0,20.2
OWASP/Nettacker,2024-07,sq-c,ba_OWASP_Nettacker__2024-07,4185,46,174,2314,19,605,936,124,923,0.7,0,13,0,137,1,41,41,51,3,3.1,21.5
OWASP/Nettacker,2024-08,sq-b,ba_OWASP_Nettacker__2024-08,3604,51,177,2204,38,596,885,86,1019,0.9,0,11,0,97,1,47,22,24,3,0.0,21.9
OWASP/Nettacker,2024-09,sq-c,ba_OWASP_Nettacker__2024-09,4008,56,200,2450,40,670,994,95,1097,0.9,0,16,0,111,1,52,23,32,3,0.7,20.9
OWASP/Nettacker,2024-10,sq-c,ba_OWASP_Nettacker__2024-10,4011,56,201,2453,40,672,995,95,1097,0.9,0,16,0,111,1,52,23,32,3,0.7,20.9
OWASP/Nettacker,2024-11,sq-a,ba_OWASP_Nettacker__2024-11,4003,56,201,2457,40,671,994,95,1097,0.9,0,16,0,111,1,52,23,32,3,0.7,21.0
OWASP/Nettacker,2024-12,sq-a,ba_OWASP_Nettacker__2024-12,4033,56,202,2477,40,678,1006,96,1107,0.9,0,14,0,110,1,53,23,30,3,0.6,21.1
OWASP/Nettacker,2025-01,sq-c,ba_OWASP_Nettacker__2025-01,4033,56,202,2477,40,678,1006,96,1107,0.9,0,14,0,110,1,53,23,30,3,0.6,21.1
OWASP/Nettacker,2025-02,sq-a,ba_OWASP_Nettacker__2025-02,4047,56,202,2490,40,680,1017,96,1118,0.9,0,14,0,110,1,53,23,30,3,0.6,21.0
OWASP/Nettacker,2025-03,sq-b,ba_OWASP_Nettacker__2025-03,4061,56,202,2497,40,681,1020,95,1116,0.9,0,14,0,109,1,52,23,30,3,0.6,21.0
OWASP/Nettacker,2025-04,sq-c,ba_OWASP_Nettacker__2025-04,4097,56,202,2514,40,685,1035,96,1135,0.9,0,14,0,110,1,53,23,30,3,0.6,20.9
OWASP/Nettacker,2025-05,sq-a,ba_OWASP_Nettacker__2025-05,4109,56,203,2526,40,686,1037,95,1129,0.9,0,13,0,108,1,52,23,29,3,0.6,21.0
OWASP/Nettacker,2025-06,sq-b,ba_OWASP_Nettacker__2025-06,4144,57,205,2557,42,692,1041,95,1129,0.9,0,13,0,108,1,52,23,29,3,0.6,20.8
OWASP/Nettacker,2025-07,sq-b,ba_OWASP_Nettacker__2025-07,4233,57,208,2613,42,712,1071,99,1154,0.9,0,13,0,112,1,53,23,32,3,0.6,21.0
OWASP/Nettacker,2025-08,sq-a,ba_OWASP_Nettacker__2025-08,4248,57,209,2626,42,716,1076,100,1162,0.9,0,13,0,113,1,54,23,32,3,0.6,21.1
OWASP/Nettacker,2025-09,sq-c,ba_OWASP_Nettacker__2025-09,4332,57,211,2667,42,723,1088,100,1166,0.9,0,13,0,113,1,54,23,32,3,0.6,20.9
OWASP/Nettacker,2025-10,sq-a,ba_OWASP_Nettacker__2025-10,4331,57,211,2667,42,717,1078,99,1158,0.9,0,13,0,112,1,53,23,32,3,0.6,20.9
OWASP/Nettacker,2025-11,sq-c,ba_OWASP_Nettacker__2025-11,4331,57,211,2667,42,717,1078,99,1158,0.9,0,13,0,112,1,53,23,32,3,0.6,20.9
OWASP/Nettacker,2025-12,sq-a,ba_OWASP_Nettacker__2025-12,4331,57,211,2667,42,717,1078,99,1158,0.9,0,13,0,112,1,53,23,32,3,0.6,20.9
OWASP/Nettacker,2026-01,sq-a,ba_OWASP_Nettacker__2026-01,4331,57,211,2667,42,717,1078,99,1158,0.9,0,13,0,112,1,53,23,32,3,0.6,20.9
OWASP/Nettacker,2026-02,sq-b,ba_OWASP_Nettacker__2026-02,4916,57,211,2982,42,771,1341,102,1299,0.9,0,13,0,115,1,55,23,33,3,1.3,19.1
OWASP/Nettacker,2026-03,sq-c,ba_OWASP_Nettacker__2026-03,4933,57,211,2990,42,773,1345,102,1303,0.9,0,13,0,115,1,55,23,33,3,1.3,19.0
OWASP/Nettacker,2026-04,sq-b,ba_OWASP_Nettacker__2026-04,4906,57,209,2980,42,769,1334,99,1286,0.9,0,13,0,112,1,53,23,32,3,1.3,19.4
OWASP/Nettacker,2026-05,sq-a,ba_OWASP_Nettacker__2026-05,4906,57,209,2980,42,769,1334,99,1286,0.9,0,13,0,112,1,53,23,32,3,1.3,19.4
OWASP/Nettacker,2026-06,sq-c,ba_OWASP_Nettacker__2026-06,4906,57,209,2980,42,769,1334,99,1286,0.9,0,13,0,112,1,53,23,32,3,1.3,19.4
OWASP/Nettacker,2026-07,sq-a,ba_OWASP_Nettacker__2026-07,4914,57,209,2984,42,772,1336,99,1286,0.9,0,13,0,112,1,53,23,32,3,1.3,19.4
Open-Source-Legal/OpenContracts,2024-05,sq-a,ba_Open-Source-Legal_OpenContracts__2024-05,7311,98,248,4329,290,597,739,180,1016,0.5,1,13,0,194,0,52,107,22,13,0.0,14.6
Open-Source-Legal/OpenContracts,2024-06,sq-b,ba_Open-Source-Legal_OpenContracts__2024-06,8860,109,298,5261,371,723,894,225,1281,0.5,1,13,0,239,0,66,128,22,23,0.0,13.8
Open-Source-Legal/OpenContracts,2024-07,sq-a,ba_Open-Source-Legal_OpenContracts__2024-07,8876,109,297,5242,370,729,899,227,1308,0.5,1,13,0,241,0,67,129,22,23,0.0,14.1
Open-Source-Legal/OpenContracts,2024-08,sq-c,ba_Open-Source-Legal_OpenContracts__2024-08,9406,113,310,5512,382,794,1021,240,1569,0.6,1,13,0,254,0,69,140,22,23,0.0,13.9
Open-Source-Legal/OpenContracts,2024-09,sq-a,ba_Open-Source-Legal_OpenContracts__2024-09,10357,125,361,6071,407,913,1116,254,1562,0.5,1,13,0,268,0,76,145,23,24,0.5,13.4
Open-Source-Legal/OpenContracts,2024-10,sq-a,ba_Open-Source-Legal_OpenContracts__2024-10,10357,125,361,6071,407,913,1116,254,1562,0.5,1,13,0,268,0,76,145,23,24,0.5,13.4
Open-Source-Legal/OpenContracts,2024-11,sq-c,ba_Open-Source-Legal_OpenContracts__2024-11,10425,125,360,6084,407,913,1119,251,1559,0.5,1,4,0,256,0,70,142,22,22,0.5,13.5
Open-Source-Legal/OpenContracts,2024-12,sq-b,ba_Open-Source-Legal_OpenContracts__2024-12,12259,148,415,7218,423,1145,1461,270,1821,0.5,2,5,0,277,0,85,150,23,19,0.7,15.8
Open-Source-Legal/OpenContracts,2025-01,sq-a,ba_Open-Source-Legal_OpenContracts__2025-01,13370,152,450,7819,426,1304,1777,294,2181,0.5,2,7,0,303,0,90,167,28,18,0.4,16.7
Open-Source-Legal/OpenContracts,2025-02,sq-c,ba_Open-Source-Legal_OpenContracts__2025-02,13370,152,450,7819,426,1304,1777,294,2181,0.5,2,7,0,303,0,90,167,28,18,0.4,16.7
Open-Source-Legal/OpenContracts,2025-03,sq-b,ba_Open-Source-Legal_OpenContracts__2025-03,16685,169,545,9578,474,1607,2274,329,2600,0.5,2,7,0,338,0,102,184,32,20,2.9,18.3
Open-Source-Legal/OpenContracts,2025-04,sq-a,ba_Open-Source-Legal_OpenContracts__2025-04,18853,176,605,10786,491,1827,2614,359,2883,0.5,2,7,0,368,0,110,207,30,21,1.1,19.6
Open-Source-Legal/OpenContracts,2025-05,sq-c,ba_Open-Source-Legal_OpenContracts__2025-05,18658,177,616,10719,492,1806,2536,354,2784,0.5,1,10,0,365,0,108,204,33,20,1.2,20.0
Open-Source-Legal/OpenContracts,2025-06,sq-c,ba_Open-Source-Legal_OpenContracts__2025-06,21168,194,770,12005,530,2192,2890,369,2942,0.5,1,10,0,380,0,114,209,37,20,1.8,21.5
Open-Source-Legal/OpenContracts,2025-07,sq-b,ba_Open-Source-Legal_OpenContracts__2025-07,23269,195,823,12959,566,2511,3411,392,3260,0.5,1,10,0,403,0,126,218,38,21,1.5,22.5
Open-Source-Legal/OpenContracts,2025-08,sq-b,ba_Open-Source-Legal_OpenContracts__2025-08,24665,205,854,13810,589,2727,3755,429,3511,0.5,2,10,0,441,0,134,241,45,21,2.2,21.8
Open-Source-Legal/OpenContracts,2025-09,sq-a,ba_Open-Source-Legal_OpenContracts__2025-09,25208,208,879,14177,595,2828,3922,432,3599,0.5,2,7,0,441,0,138,241,41,21,2.5,22.1
Open-Source-Legal/OpenContracts,2025-10,sq-a,ba_Open-Source-Legal_OpenContracts__2025-10,27643,216,934,15394,605,3209,4424,461,4001,0.5,2,7,0,470,0,160,245,43,22,2.9,22.1
Open-Source-Legal/OpenContracts,2025-11,sq-c,ba_Open-Source-Legal_OpenContracts__2025-11,27643,216,934,15394,605,3209,4424,461,4001,0.5,2,7,0,470,0,160,245,43,22,2.9,22.1
Open-Source-Legal/OpenContracts,2025-12,sq-b,ba_Open-Source-Legal_OpenContracts__2025-12,47459,278,1509,25347,869,5412,7220,690,5794,0.4,4,8,0,702,2,264,330,84,22,2.6,23.8
Open-Source-Legal/OpenContracts,2026-01,sq-b,ba_Open-Source-Legal_OpenContracts__2026-01,54270,296,1704,29030,914,6400,8652,775,6895,0.4,6,12,0,793,3,310,367,91,22,1.8,25.5
Open-Source-Legal/OpenContracts,2026-02,sq-a,ba_Open-Source-Legal_OpenContracts__2026-02,61511,351,1896,32957,998,7480,10140,789,7553,0.4,6,13,0,808,4,343,371,89,1,1.5,25.9
Open-Source-Legal/OpenContracts,2026-03,sq-a,ba_Open-Source-Legal_OpenContracts__2026-03,66063,379,2007,34961,1024,8099,10861,835,7981,0.4,6,17,0,858,4,369,380,99,6,1.2,26.1
Open-Source-Legal/OpenContracts,2026-04,sq-b,ba_Open-Source-Legal_OpenContracts__2026-04,73885,419,2240,38795,1089,9131,12099,868,8249,0.4,7,20,0,895,5,384,390,108,8,1.0,27.2
Open-Source-Legal/OpenContracts,2026-05,sq-b,ba_Open-Source-Legal_OpenContracts__2026-05,91893,545,2800,47036,1225,11735,14975,956,9309,0.3,10,21,0,987,6,442,396,134,9,0.9,30.3
PrefectHQ/marvin,2024-01,sq-a,ba_PrefectHQ_marvin__2024-01,5278,68,298,2633,86,722,622,65,351,0.2,6,5,0,76,3,13,23,36,1,0.3,24.4
PrefectHQ/marvin,2024-02,sq-b,ba_PrefectHQ_marvin__2024-02,5726,70,324,2797,90,766,653,77,411,0.2,7,5,0,89,3,13,24,48,1,0.2,23.8
PrefectHQ/marvin,2024-03,sq-a,ba_PrefectHQ_marvin__2024-03,6346,73,382,3227,98,875,734,79,418,0.2,7,5,0,91,3,13,23,51,1,0.2,22.4
PrefectHQ/marvin,2024-04,sq-b,ba_PrefectHQ_marvin__2024-04,6799,76,415,3497,100,964,844,89,455,0.2,9,5,0,103,3,12,30,56,2,0.2,22.1
PrefectHQ/marvin,2024-05,sq-b,ba_PrefectHQ_marvin__2024-05,6629,78,415,3515,104,963,840,89,452,0.2,9,7,0,105,2,11,35,55,2,0.0,21.9
PrefectHQ/marvin,2024-06,sq-a,ba_PrefectHQ_marvin__2024-06,6656,78,415,3522,104,967,845,92,467,0.2,10,7,0,109,2,11,36,58,2,0.0,21.9
PrefectHQ/marvin,2024-07,sq-a,ba_PrefectHQ_marvin__2024-07,6667,78,415,3531,107,968,849,92,467,0.2,10,7,0,109,2,11,36,58,2,0.0,21.8
PrefectHQ/marvin,2024-08,sq-c,ba_PrefectHQ_marvin__2024-08,6397,76,405,3405,106,940,815,87,445,0.2,9,7,0,103,2,11,35,53,2,0.0,22.6
PrefectHQ/marvin,2024-09,sq-b,ba_PrefectHQ_marvin__2024-09,6449,77,407,3434,106,945,818,87,445,0.2,9,7,0,103,2,11,35,53,2,0.0,22.6
PrefectHQ/marvin,2024-10,sq-b,ba_PrefectHQ_marvin__2024-10,6466,77,407,3444,106,946,820,90,460,0.2,9,7,0,106,2,11,37,54,2,0.0,22.4
PrefectHQ/marvin,2024-11,sq-b,ba_PrefectHQ_marvin__2024-11,6575,79,409,3481,108,952,827,92,470,0.2,9,7,0,108,2,11,37,56,2,0.0,22.3
PrefectHQ/marvin,2024-12,sq-a,ba_PrefectHQ_marvin__2024-12,7094,84,444,3824,114,1045,940,97,514,0.2,9,6,0,112,1,16,39,55,1,0.0,22.3
PrefectHQ/marvin,2025-01,sq-c,ba_PrefectHQ_marvin__2025-01,4316,53,307,2407,68,716,627,59,394,0.3,3,3,0,65,3,31,20,9,2,0.0,25.7
PrefectHQ/marvin,2025-02,sq-c,ba_PrefectHQ_marvin__2025-02,4371,53,305,2423,68,713,634,57,383,0.3,3,3,0,63,3,30,19,9,2,0.0,25.6
PrefectHQ/marvin,2025-03,sq-b,ba_PrefectHQ_marvin__2025-03,5519,57,354,3099,76,893,895,61,509,0.3,6,3,0,70,4,19,34,11,2,0.0,24.6
PrefectHQ/marvin,2025-04,sq-b,ba_PrefectHQ_marvin__2025-04,6072,59,370,3482,77,1030,1121,70,683,0.4,6,3,0,79,4,26,34,13,2,0.0,23.6
PrefectHQ/marvin,2025-05,sq-c,ba_PrefectHQ_marvin__2025-05,6545,63,393,3771,80,1118,1225,79,750,0.4,5,3,0,87,3,29,37,13,5,0.0,22.9
PrefectHQ/marvin,2025-06,sq-c,ba_PrefectHQ_marvin__2025-06,6545,63,393,3771,80,1118,1225,79,750,0.4,5,3,0,87,3,29,37,13,5,0.0,22.9
PrefectHQ/marvin,2025-07,sq-b,ba_PrefectHQ_marvin__2025-07,6545,63,393,3771,80,1118,1225,79,750,0.4,5,3,0,87,3,29,37,13,5,0.0,22.9
PrefectHQ/marvin,2025-08,sq-b,ba_PrefectHQ_marvin__2025-08,6626,64,400,3820,81,1131,1235,78,740,0.4,5,3,0,86,3,28,37,13,5,0.0,23.0
PrefectHQ/marvin,2025-09,sq-b,ba_PrefectHQ_marvin__2025-09,6660,64,401,3848,81,1149,1272,79,751,0.4,5,3,0,87,3,29,37,13,5,0.0,23.1
PrefectHQ/marvin,2025-10,sq-a,ba_PrefectHQ_marvin__2025-10,6660,64,401,3848,81,1149,1272,79,751,0.4,5,3,0,87,3,29,37,13,5,0.0,23.1
PrefectHQ/marvin,2025-11,sq-a,ba_PrefectHQ_marvin__2025-11,6663,64,401,3850,81,1149,1273,79,752,0.4,5,3,0,87,3,29,37,13,5,0.0,23.1
PrefectHQ/marvin,2025-12,sq-b,ba_PrefectHQ_marvin__2025-12,6672,64,401,3857,81,1150,1276,79,752,0.4,5,3,0,87,3,29,37,13,5,0.0,23.1
PrefectHQ/marvin,2026-01,sq-a,ba_PrefectHQ_marvin__2026-01,7752,69,439,4437,84,1307,1463,108,1007,0.4,5,3,0,116,3,33,42,33,5,1.5,23.4
PrefectHQ/prefect,2023-12,sq-a,ba_PrefectHQ_prefect__2023-12,65336,355,3335,31947,1007,9079,9443,710,6140,0.3,25,18,0,753,11,236,262,194,50,8.1,22.4
PrefectHQ/prefect,2024-01,sq-c,ba_PrefectHQ_prefect__2024-01,67365,362,3446,32961,1027,9393,9767,730,6281,0.3,25,20,0,775,11,239,272,200,53,7.8,22.4
PrefectHQ/prefect,2024-02,sq-c,ba_PrefectHQ_prefect__2024-02,74499,399,4018,37264,1147,10697,11068,786,6841,0.3,28,25,0,839,13,268,281,219,58,7.4,21.3
PrefectHQ/prefect,2024-03,sq-a,ba_PrefectHQ_prefect__2024-03,78582,426,4292,39204,1214,11311,11672,813,7097,0.3,31,25,0,869,16,277,291,221,64,7.6,21.2
PrefectHQ/prefect,2024-04,sq-a,ba_PrefectHQ_prefect__2024-04,141954,605,5868,65061,3054,15105,15258,1057,8825,0.2,64,30,0,1151,18,371,384,298,80,6.4,24.5
PrefectHQ/prefect,2024-05,sq-c,ba_PrefectHQ_prefect__2024-05,122283,483,4700,55231,2615,12161,12159,1274,8654,0.2,138,21,0,1433,88,324,299,647,75,6.3,26.1
PrefectHQ/prefect,2024-06,sq-a,ba_PrefectHQ_prefect__2024-06,125004,502,4822,56628,2631,12585,12672,1322,9061,0.2,138,22,0,1482,89,336,311,669,77,6.4,26.0
PrefectHQ/prefect,2024-07,sq-b,ba_PrefectHQ_prefect__2024-07,126668,506,4919,57591,2642,12872,13033,1343,9145,0.2,141,24,0,1508,91,350,309,677,81,6.5,25.9
PrefectHQ/prefect,2024-08,sq-b,ba_PrefectHQ_prefect__2024-08,128225,519,5021,58539,2656,13144,13277,1344,9182,0.2,143,24,0,1511,90,348,314,680,79,6.4,25.9
PrefectHQ/prefect,2024-09,sq-b,ba_PrefectHQ_prefect__2024-09,129945,523,5103,59367,2676,13437,13564,1356,9296,0.2,132,22,0,1510,81,360,317,672,80,6.5,25.9
PrefectHQ/prefect,2024-10,sq-c,ba_PrefectHQ_prefect__2024-10,131582,560,5136,59871,2723,13650,13904,1375,9480,0.2,132,24,0,1531,81,372,317,680,81,6.4,25.6
PrefectHQ/prefect,2024-11,sq-c,ba_PrefectHQ_prefect__2024-11,133389,566,5229,60841,2730,13937,14185,1383,9544,0.2,132,24,0,1539,81,375,320,682,81,6.4,25.8
PrefectHQ/prefect,2024-12,sq-b,ba_PrefectHQ_prefect__2024-12,148258,780,5797,65543,2759,14805,14679,1432,10016,0.2,131,33,0,1596,82,400,321,711,82,8.4,24.7
PrefectHQ/prefect,2025-01,sq-c,ba_PrefectHQ_prefect__2025-01,153354,814,6008,67620,2807,15539,15474,1489,10577,0.2,128,36,0,1653,82,436,325,722,88,8.3,24.6
PrefectHQ/prefect,2025-02,sq-b,ba_PrefectHQ_prefect__2025-02,154183,828,6095,68184,2820,15770,15741,1502,10896,0.2,129,37,0,1668,83,424,342,724,95,7.8,24.5
PrefectHQ/prefect,2025-03,sq-b,ba_PrefectHQ_prefect__2025-03,156293,837,6148,69047,2822,16023,16139,1520,11118,0.2,131,39,0,1690,83,440,345,728,94,8.1,24.3
PrefectHQ/prefect,2025-04,sq-b,ba_PrefectHQ_prefect__2025-04,157979,857,6193,69817,2824,16271,16454,1526,11236,0.2,130,40,0,1696,81,457,347,717,94,8.1,24.2
PrefectHQ/prefect,2025-05,sq-a,ba_PrefectHQ_prefect__2025-05,158865,866,6216,70259,2834,16370,16607,1536,11345,0.2,128,40,0,1704,81,461,349,719,94,8.1,24.2
PrefectHQ/prefect,2025-06,sq-b,ba_PrefectHQ_prefect__2025-06,160966,882,6327,71485,2848,16755,17129,1551,11556,0.2,131,41,0,1723,81,468,359,722,93,8.0,24.2
PrefectHQ/prefect,2025-07,sq-a,ba_PrefectHQ_prefect__2025-07,161860,869,6353,71782,2862,16928,17388,1564,11584,0.2,135,41,0,1740,82,470,357,737,94,8.0,24.2
PrefectHQ/prefect,2025-08,sq-a,ba_PrefectHQ_prefect__2025-08,167524,898,6618,74744,2898,17786,18496,1632,12278,0.2,137,45,0,1814,83,501,382,747,101,8.1,24.0
PrefectHQ/prefect,2025-09,sq-a,ba_PrefectHQ_prefect__2025-09,169410,910,6658,75812,2913,18170,19162,1658,12640,0.2,139,45,0,1842,83,519,387,752,101,8.1,23.9
PrefectHQ/prefect,2025-10,sq-b,ba_PrefectHQ_prefect__2025-10,170809,921,6713,76877,2922,18439,19642,1687,12948,0.3,141,43,0,1871,83,536,395,760,97,8.1,24.1
PrefectHQ/prefect,2025-11,sq-c,ba_PrefectHQ_prefect__2025-11,171920,929,6770,77510,2932,18652,19895,1695,13102,0.3,143,43,0,1881,83,539,402,761,96,8.1,24.1
PrefectHQ/prefect,2025-12,sq-a,ba_PrefectHQ_prefect__2025-12,173894,935,6797,78417,2927,18888,20328,1710,13390,0.3,144,44,0,1898,83,551,403,762,99,8.2,24.1
SigmaHQ/pySigma,2024-06,sq-b,ba_SigmaHQ_pySigma__2024-06,9637,36,550,4210,289,1354,1551,134,903,0.3,2,2,0,138,0,24,42,67,5,0.0,18.6
SigmaHQ/pySigma,2024-07,sq-b,ba_SigmaHQ_pySigma__2024-07,9633,36,548,4204,285,1352,1553,131,891,0.3,2,2,0,135,0,24,40,66,5,0.0,18.6
SigmaHQ/pySigma,2024-08,sq-c,ba_SigmaHQ_pySigma__2024-08,10707,37,554,4275,290,1374,1575,134,903,0.3,2,2,0,138,0,25,40,68,5,0.0,17.2
SigmaHQ/pySigma,2024-09,sq-a,ba_SigmaHQ_pySigma__2024-09,10911,37,568,4385,299,1415,1621,140,915,0.3,2,2,0,144,0,26,40,69,9,0.0,17.1
SigmaHQ/pySigma,2024-10,sq-a,ba_SigmaHQ_pySigma__2024-10,10956,37,569,4397,288,1428,1639,141,935,0.3,2,2,0,145,0,26,41,69,9,0.0,17.6
SigmaHQ/pySigma,2024-11,sq-b,ba_SigmaHQ_pySigma__2024-11,11325,57,588,4678,290,1481,1697,144,941,0.3,2,2,0,148,0,26,44,69,9,0.0,17.3
SigmaHQ/pySigma,2024-12,sq-a,ba_SigmaHQ_pySigma__2024-12,11331,57,589,4682,290,1482,1698,144,941,0.3,2,2,0,148,0,26,44,69,9,0.0,17.2
SigmaHQ/pySigma,2025-01,sq-a,ba_SigmaHQ_pySigma__2025-01,11881,58,644,4994,307,1571,1774,163,1146,0.3,3,2,0,168,1,32,55,71,9,2.2,17.3
SigmaHQ/pySigma,2025-02,sq-b,ba_SigmaHQ_pySigma__2025-02,11997,58,647,5010,307,1575,1775,163,1146,0.3,3,2,0,168,1,32,55,71,9,2.1,17.3
SigmaHQ/pySigma,2025-03,sq-b,ba_SigmaHQ_pySigma__2025-03,12013,58,647,5022,308,1579,1785,163,1146,0.3,3,2,0,168,1,32,55,71,9,2.1,17.2
SigmaHQ/pySigma,2025-04,sq-c,ba_SigmaHQ_pySigma__2025-04,12157,58,649,5041,308,1592,1804,163,1147,0.3,3,2,0,168,1,32,55,71,9,2.1,17.2
SigmaHQ/pySigma,2025-05,sq-c,ba_SigmaHQ_pySigma__2025-05,12158,58,651,5045,308,1592,1800,163,1147,0.3,3,2,0,168,1,32,55,71,9,2.1,17.2
SigmaHQ/pySigma,2025-06,sq-a,ba_SigmaHQ_pySigma__2025-06,12481,59,664,5216,311,1640,1848,172,1140,0.3,3,2,0,177,1,33,53,81,9,1.8,16.9
SigmaHQ/pySigma,2025-07,sq-c,ba_SigmaHQ_pySigma__2025-07,13185,59,651,5302,315,1732,1989,163,1183,0.3,2,2,0,167,0,59,26,74,8,0.0,16.3
SigmaHQ/pySigma,2025-08,sq-a,ba_SigmaHQ_pySigma__2025-08,13232,59,655,5326,315,1747,2001,164,1193,0.3,2,2,0,168,0,60,26,74,8,0.0,16.4
SigmaHQ/pySigma,2025-09,sq-c,ba_SigmaHQ_pySigma__2025-09,13242,59,657,5345,315,1756,2020,166,1220,0.3,2,2,0,170,0,61,27,74,8,0.0,16.5
SigmaHQ/pySigma,2025-10,sq-c,ba_SigmaHQ_pySigma__2025-10,13237,59,657,5358,315,1760,2042,166,1240,0.3,2,2,0,170,0,61,27,74,8,0.0,16.6
SigmaHQ/pySigma,2025-11,sq-a,ba_SigmaHQ_pySigma__2025-11,10167,57,674,5586,314,1845,2216,132,1105,0.4,2,4,0,138,0,38,28,63,9,0.0,22.4
SigmaHQ/pySigma,2025-12,sq-c,ba_SigmaHQ_pySigma__2025-12,10203,57,674,5607,314,1855,2239,131,1108,0.4,2,4,0,137,0,38,28,62,9,0.0,22.4
SigmaHQ/pySigma,2026-01,sq-a,ba_SigmaHQ_pySigma__2026-01,10215,57,674,5616,314,1864,2257,132,1127,0.4,2,4,0,138,0,39,28,62,9,0.0,22.5
SigmaHQ/pySigma,2026-02,sq-b,ba_SigmaHQ_pySigma__2026-02,10600,57,692,5789,319,1926,2340,135,1162,0.4,2,4,0,141,0,41,28,63,9,0.0,22.5
SigmaHQ/pySigma,2026-03,sq-c,ba_SigmaHQ_pySigma__2026-03,10611,57,693,5797,319,1929,2342,135,1162,0.4,2,4,0,141,0,41,28,63,9,0.0,22.5
SigmaHQ/pySigma,2026-04,sq-b,ba_SigmaHQ_pySigma__2026-04,10723,57,699,5871,320,1961,2365,133,1181,0.4,2,4,0,139,0,42,29,60,8,0.0,22.5
SigmaHQ/pySigma,2026-05,sq-c,ba_SigmaHQ_pySigma__2026-05,10723,57,699,5871,320,1961,2365,133,1181,0.4,2,4,0,139,0,42,29,60,8,0.0,22.5
SigmaHQ/pySigma,2026-06,sq-c,ba_SigmaHQ_pySigma__2026-06,11040,58,719,6071,325,2026,2443,134,1192,0.4,2,4,0,140,0,43,29,60,8,0.0,22.8
Teahouse-Studios/akari-bot,2023-11,sq-b,ba_Teahouse-Studios_akari-bot__2023-11,26845,252,1131,16781,195,5170,9842,707,9019,1.1,70,42,0,819,4,310,282,214,9,8.3,4.2
Teahouse-Studios/akari-bot,2023-12,sq-c,ba_Teahouse-Studios_akari-bot__2023-12,27371,258,1203,17189,199,5296,10025,702,9112,1.1,70,42,0,814,4,304,283,214,9,8.3,4.3
Teahouse-Studios/akari-bot,2024-01,sq-a,ba_Teahouse-Studios_akari-bot__2024-01,28583,269,1253,18020,208,5542,10521,746,9530,1.1,71,45,0,862,5,328,291,228,10,9.1,4.4
Teahouse-Studios/akari-bot,2024-02,sq-b,ba_Teahouse-Studios_akari-bot__2024-02,28829,272,1267,18195,213,5614,10643,739,9575,1.1,62,48,0,849,5,324,288,222,10,8.7,4.3
Teahouse-Studios/akari-bot,2024-03,sq-a,ba_Teahouse-Studios_akari-bot__2024-03,29435,272,1292,18690,218,5750,10861,745,9721,1.1,64,50,0,859,5,338,283,223,10,8.6,4.4
Teahouse-Studios/akari-bot,2024-04,sq-b,ba_Teahouse-Studios_akari-bot__2024-04,29686,273,1299,18829,218,5787,10967,750,9837,1.1,65,51,0,866,5,340,287,224,10,8.4,4.4
Teahouse-Studios/akari-bot,2024-05,sq-c,ba_Teahouse-Studios_akari-bot__2024-05,30079,278,1311,19160,220,5876,11117,762,9963,1.1,65,52,0,879,5,351,289,224,10,8.5,4.3
Teahouse-Studios/akari-bot,2024-06,sq-a,ba_Teahouse-Studios_akari-bot__2024-06,30418,279,1321,19469,221,6001,11380,750,10159,1.1,81,56,0,887,7,369,303,198,10,8.6,4.3
Teahouse-Studios/akari-bot,2024-07,sq-c,ba_Teahouse-Studios_akari-bot__2024-07,29832,272,1289,19029,216,5858,11099,725,9904,1.1,79,37,0,841,6,353,275,197,10,6.6,4.3
Teahouse-Studios/akari-bot,2024-08,sq-b,ba_Teahouse-Studios_akari-bot__2024-08,30079,275,1300,19193,216,5922,11170,732,10042,1.1,78,37,0,847,6,362,279,190,10,6.7,4.3
Teahouse-Studios/akari-bot,2024-09,sq-a,ba_Teahouse-Studios_akari-bot__2024-09,30292,275,1305,19331,215,5979,11388,749,10434,1.1,85,36,0,870,6,371,293,190,10,6.9,4.2
Teahouse-Studios/akari-bot,2024-10,sq-b,ba_Teahouse-Studios_akari-bot__2024-10,31582,287,1403,20442,219,6298,11993,750,10688,1.1,91,35,0,876,6,378,299,183,10,6.8,4.2
Teahouse-Studios/akari-bot,2024-11,sq-c,ba_Teahouse-Studios_akari-bot__2024-11,32882,296,1387,21330,215,6504,12676,728,11058,1.1,92,29,0,849,5,390,266,178,10,7.2,4.7
Teahouse-Studios/akari-bot,2024-12,sq-a,ba_Teahouse-Studios_akari-bot__2024-12,38380,298,1389,21450,216,6576,12592,734,11126,1.0,95,31,0,860,4,389,300,157,10,6.8,4.5
Teahouse-Studios/akari-bot,2025-01,sq-a,ba_Teahouse-Studios_akari-bot__2025-01,38551,290,1410,21710,214,6739,12883,739,11344,1.0,95,32,0,866,4,392,299,161,10,6.8,4.5
Teahouse-Studios/akari-bot,2025-02,sq-b,ba_Teahouse-Studios_akari-bot__2025-02,38259,289,1395,21479,214,6690,12811,710,11291,1.0,96,34,0,840,5,376,291,158,10,6.8,4.5
Teahouse-Studios/akari-bot,2025-03,sq-a,ba_Teahouse-Studios_akari-bot__2025-03,38150,281,1384,21503,214,6715,12868,702,11260,1.0,90,34,0,826,5,378,280,153,10,6.9,4.5
Teahouse-Studios/akari-bot,2025-04,sq-b,ba_Teahouse-Studios_akari-bot__2025-04,38047,283,1344,21781,250,6686,12738,762,11344,1.0,93,36,0,891,1,400,331,149,10,7.2,4.8
Teahouse-Studios/akari-bot,2025-05,sq-b,ba_Teahouse-Studios_akari-bot__2025-05,38111,277,1335,21797,250,6725,12847,732,11251,1.0,91,31,0,854,1,399,337,107,10,7.0,4.8
Teahouse-Studios/akari-bot,2025-06,sq-c,ba_Teahouse-Studios_akari-bot__2025-06,37915,277,1342,21684,250,6690,12601,720,11018,1.0,92,31,0,843,1,391,331,110,10,6.3,5.0
Teahouse-Studios/akari-bot,2025-07,sq-b,ba_Teahouse-Studios_akari-bot__2025-07,37541,289,1355,21541,227,6616,12174,654,10446,0.9,79,31,0,764,0,363,284,107,10,5.5,5.5
Teahouse-Studios/akari-bot,2025-08,sq-c,ba_Teahouse-Studios_akari-bot__2025-08,37939,312,1373,21776,257,6676,12224,652,10425,0.9,83,32,0,767,0,367,281,108,11,5.6,5.2
Teahouse-Studios/akari-bot,2025-09,sq-a,ba_Teahouse-Studios_akari-bot__2025-09,39128,314,1437,22711,261,6930,12654,680,10753,0.9,85,31,0,796,0,387,289,109,11,5.9,5.2
Teahouse-Studios/akari-bot,2025-10,sq-a,ba_Teahouse-Studios_akari-bot__2025-10,39854,313,1466,23355,261,7114,13234,690,11288,0.9,87,32,0,809,0,391,296,111,11,5.8,5.3
Teahouse-Studios/akari-bot,2025-11,sq-b,ba_Teahouse-Studios_akari-bot__2025-11,40088,309,1493,23499,262,7160,13285,682,11237,0.9,90,32,0,804,1,392,289,111,11,5.8,5.3
TobikoData/sqlmesh,2024-03,sq-b,ba_TobikoData_sqlmesh__2024-03,36031,192,2602,19166,450,6693,6082,287,2285,0.2,3,10,0,300,9,126,65,85,15,0.9,14.4
TobikoData/sqlmesh,2024-04,sq-a,ba_TobikoData_sqlmesh__2024-04,36713,192,2648,19573,451,6884,6322,299,2498,0.2,3,10,0,312,9,133,69,86,15,0.9,14.4
TobikoData/sqlmesh,2024-05,sq-a,ba_TobikoData_sqlmesh__2024-05,38132,196,2746,20244,464,7129,6573,281,2470,0.2,3,11,0,295,9,124,66,80,16,1.0,14.2
TobikoData/sqlmesh,2024-06,sq-a,ba_TobikoData_sqlmesh__2024-06,39066,198,2809,20706,468,7350,6795,287,2527,0.2,3,11,0,301,9,129,67,80,16,1.1,14.2
TobikoData/sqlmesh,2024-07,sq-c,ba_TobikoData_sqlmesh__2024-07,39810,200,2840,21010,474,7499,6946,295,2530,0.2,3,11,0,309,9,132,68,82,18,1.1,14.3
TobikoData/sqlmesh,2024-08,sq-a,ba_TobikoData_sqlmesh__2024-08,41076,202,2908,21638,479,7772,7273,303,2703,0.2,3,10,0,316,11,141,65,80,19,1.2,14.1
TobikoData/sqlmesh,2024-09,sq-b,ba_TobikoData_sqlmesh__2024-09,42260,204,2971,22214,483,8032,7545,315,2788,0.2,3,10,0,328,12,140,72,83,21,1.1,14.1
TobikoData/sqlmesh,2024-10,sq-a,ba_TobikoData_sqlmesh__2024-10,43786,206,3045,22908,486,8305,7893,325,2940,0.2,3,10,0,338,13,149,74,82,20,1.1,14.0
TobikoData/sqlmesh,2024-11,sq-b,ba_TobikoData_sqlmesh__2024-11,44245,207,3062,23090,487,8388,8015,328,3019,0.2,4,10,0,342,13,148,79,82,20,1.1,14.2
TobikoData/sqlmesh,2024-12,sq-c,ba_TobikoData_sqlmesh__2024-12,45095,208,3111,23426,485,8565,8181,341,3162,0.2,4,10,0,355,13,153,85,82,22,1.1,14.1
TobikoData/sqlmesh,2025-01,sq-b,ba_TobikoData_sqlmesh__2025-01,45915,209,3156,23868,490,8755,8391,351,3321,0.2,4,10,0,365,14,161,84,85,21,1.1,14.0
TobikoData/sqlmesh,2025-02,sq-a,ba_TobikoData_sqlmesh__2025-02,47746,219,3318,24778,504,9094,8646,359,3376,0.2,4,10,0,373,14,166,83,89,21,1.1,13.9
TobikoData/sqlmesh,2025-03,sq-c,ba_TobikoData_sqlmesh__2025-03,48611,224,3381,25276,517,9317,8923,360,3403,0.2,4,10,0,374,14,167,81,91,21,1.1,13.9
TobikoData/sqlmesh,2025-04,sq-a,ba_TobikoData_sqlmesh__2025-04,47610,197,3281,24645,487,9281,9050,358,3412,0.2,4,2,0,364,13,161,78,91,21,1.1,13.5
TobikoData/sqlmesh,2025-05,sq-a,ba_TobikoData_sqlmesh__2025-05,50166,206,3442,26130,507,9853,9768,381,3803,0.3,4,2,0,387,16,174,82,94,21,1.2,13.6
TobikoData/sqlmesh,2025-06,sq-b,ba_TobikoData_sqlmesh__2025-06,54481,220,3713,28600,555,10748,10834,471,4641,0.3,4,2,0,477,17,202,114,110,34,1.3,13.9
TobikoData/sqlmesh,2025-07,sq-a,ba_TobikoData_sqlmesh__2025-07,56176,221,3795,29492,563,11121,11244,490,4810,0.3,5,2,0,497,18,207,121,117,34,1.2,13.8
TobikoData/sqlmesh,2025-08,sq-b,ba_TobikoData_sqlmesh__2025-08,57817,223,3814,29882,596,11278,11423,481,5017,0.3,6,2,0,489,19,207,123,116,24,1.3,13.7
TobikoData/sqlmesh,2025-09,sq-c,ba_TobikoData_sqlmesh__2025-09,59263,222,3905,30636,610,11617,11834,501,5318,0.3,7,2,0,510,20,215,128,124,23,1.3,13.7
TobikoData/sqlmesh,2025-10,sq-c,ba_TobikoData_sqlmesh__2025-10,60713,224,3971,31399,618,11920,12201,516,5535,0.3,7,3,0,526,20,219,138,126,23,1.2,13.9
TobikoData/sqlmesh,2025-11,sq-c,ba_TobikoData_sqlmesh__2025-11,60714,224,3971,31400,618,11921,12202,516,5535,0.3,7,3,0,526,20,219,138,126,23,1.2,13.9
TobikoData/sqlmesh,2025-12,sq-a,ba_TobikoData_sqlmesh__2025-12,60924,224,3978,31509,619,11957,12247,518,5556,0.3,7,3,0,528,20,221,138,126,23,1.2,13.9
TobikoData/sqlmesh,2026-01,sq-a,ba_TobikoData_sqlmesh__2026-01,60940,224,3978,31520,619,11959,12252,517,5537,0.3,7,3,0,527,20,221,137,126,23,1.2,13.9
TobikoData/sqlmesh,2026-02,sq-b,ba_TobikoData_sqlmesh__2026-02,60944,224,3978,31524,619,11960,12260,517,5545,0.3,7,3,0,527,20,221,137,126,23,1.2,13.9
TobikoData/sqlmesh,2026-03,sq-a,ba_TobikoData_sqlmesh__2026-03,60991,224,3979,31566,619,11979,12304,518,5571,0.3,7,3,0,528,20,222,137,126,23,1.2,13.9
Zipstack/unstract,2024-06,sq-a,ba_Zipstack_unstract__2024-06,23238,481,1257,14306,735,2492,2170,316,1494,0.2,1,20,0,337,1,51,197,23,65,0.9,15.2
Zipstack/unstract,2024-07,sq-b,ba_Zipstack_unstract__2024-07,38020,724,1905,22948,1251,3890,3399,478,2071,0.2,1,27,0,506,2,66,296,29,113,49.4,15.0
Zipstack/unstract,2024-08,sq-a,ba_Zipstack_unstract__2024-08,40001,767,2022,24112,1300,4141,3612,488,2141,0.2,1,27,0,516,4,66,304,29,113,39.5,15.1
Zipstack/unstract,2024-09,sq-c,ba_Zipstack_unstract__2024-09,43405,818,2163,25527,1363,4442,3877,505,2098,0.2,1,23,0,529,2,66,312,29,120,51.3,15.3
Zipstack/unstract,2024-10,sq-b,ba_Zipstack_unstract__2024-10,43453,823,2177,25498,1364,4457,3854,496,2011,0.2,1,23,0,520,2,59,305,28,126,50.5,15.4
Zipstack/unstract,2024-11,sq-b,ba_Zipstack_unstract__2024-11,43247,818,2150,25347,1356,4449,3891,489,1966,0.2,1,21,0,511,2,57,298,27,127,49.6,15.5
Zipstack/unstract,2024-12,sq-a,ba_Zipstack_unstract__2024-12,29487,562,1529,17247,870,3130,2735,325,1359,0.2,1,15,0,341,2,46,192,16,85,1.1,15.9
Zipstack/unstract,2025-01,sq-a,ba_Zipstack_unstract__2025-01,30384,579,1561,17747,893,3223,2834,333,1401,0.2,1,15,0,349,2,48,194,18,87,1.1,15.9
Zipstack/unstract,2025-02,sq-c,ba_Zipstack_unstract__2025-02,30230,592,1571,17696,897,3163,2672,331,1344,0.1,1,15,0,347,2,44,191,17,93,1.1,16.0
Zipstack/unstract,2025-03,sq-a,ba_Zipstack_unstract__2025-03,30845,611,1602,18074,913,3226,2720,334,1348,0.1,1,14,0,349,2,44,192,16,95,1.1,16.1
Zipstack/unstract,2025-04,sq-c,ba_Zipstack_unstract__2025-04,32161,637,1674,19124,944,3408,2874,320,1376,0.1,5,13,0,338,1,44,196,16,81,0.9,16.6
Zipstack/unstract,2025-05,sq-a,ba_Zipstack_unstract__2025-05,33933,653,1784,20015,975,3617,3019,329,1419,0.1,5,13,0,347,1,44,207,16,79,0.8,16.9
Zipstack/unstract,2025-06,sq-c,ba_Zipstack_unstract__2025-06,35417,666,1855,20764,999,3776,3153,329,1414,0.1,5,15,0,349,1,43,206,18,81,0.8,16.8
Zipstack/unstract,2025-07,sq-a,ba_Zipstack_unstract__2025-07,36348,655,1904,21326,990,3927,3331,337,1515,0.1,5,15,0,357,1,44,215,19,78,0.8,17.1
Zipstack/unstract,2025-08,sq-b,ba_Zipstack_unstract__2025-08,37718,666,1951,22087,1000,4101,3563,358,1639,0.1,4,15,0,377,2,47,231,19,78,0.7,17.5
Zipstack/unstract,2025-09,sq-b,ba_Zipstack_unstract__2025-09,47529,780,2568,27643,1172,5375,4808,496,2696,0.2,7,17,0,520,5,119,281,23,92,1.1,18.1
Zipstack/unstract,2025-10,sq-a,ba_Zipstack_unstract__2025-10,87139,1015,4576,50164,1702,10775,10727,941,6208,0.2,7,43,0,991,6,230,617,37,101,2.0,22.8
Zipstack/unstract,2025-11,sq-a,ba_Zipstack_unstract__2025-11,88761,1035,4665,51213,1716,11046,11028,982,6542,0.2,8,43,0,1033,7,241,639,39,107,1.8,23.2
Zipstack/unstract,2025-12,sq-a,ba_Zipstack_unstract__2025-12,89637,1039,4709,51721,1724,11166,11128,981,6538,0.2,8,43,0,1032,7,243,637,39,106,1.9,23.3
Zipstack/unstract,2026-01,sq-a,ba_Zipstack_unstract__2026-01,90023,1040,4723,51942,1724,11221,11190,984,6561,0.2,8,43,0,1035,7,245,637,40,106,1.9,23.3
Zipstack/unstract,2026-02,sq-c,ba_Zipstack_unstract__2026-02,92146,1043,4835,53195,1743,11570,11632,996,6723,0.2,8,44,0,1048,7,262,636,40,103,1.9,23.4
Zipstack/unstract,2026-03,sq-c,ba_Zipstack_unstract__2026-03,94782,1067,4982,54727,1774,11989,11996,1007,6747,0.2,8,44,0,1059,7,261,644,42,105,1.9,23.4
Zipstack/unstract,2026-04,sq-c,ba_Zipstack_unstract__2026-04,102698,1112,5236,58673,1837,12874,12890,1027,6779,0.2,8,50,0,1085,7,265,666,43,104,3.6,23.2
Zipstack/unstract,2026-05,sq-a,ba_Zipstack_unstract__2026-05,104580,1118,5323,59759,1848,13231,13253,1034,6874,0.2,8,50,0,1092,7,269,669,43,104,3.6,23.2
Zipstack/unstract,2026-06,sq-c,ba_Zipstack_unstract__2026-06,103980,1086,5418,59424,1844,13344,13018,978,6441,0.2,5,53,0,1036,7,259,629,39,102,2.0,23.9
adap/flower,2024-04,sq-b,ba_adap_flower__2024-04,39481,511,2311,24654,342,5270,4598,403,2397,0.2,30,45,0,478,6,90,270,112,0,7.5,30.9
adap/flower,2024-05,sq-a,ba_adap_flower__2024-05,40393,508,2359,25185,351,5473,4820,413,2519,0.2,30,45,0,488,6,96,273,113,0,7.3,30.8
adap/flower,2024-06,sq-a,ba_adap_flower__2024-06,42303,535,2444,26381,362,5746,5145,438,2765,0.2,30,45,0,513,6,104,280,123,0,7.6,31.0
adap/flower,2024-07,sq-b,ba_adap_flower__2024-07,45524,548,2566,28181,372,6185,5659,481,3099,0.2,30,47,0,558,8,116,309,125,0,7.8,30.8
adap/flower,2024-08,sq-b,ba_adap_flower__2024-08,46861,566,2636,29006,382,6414,5903,489,3226,0.2,30,47,0,566,8,121,310,127,0,8.4,30.8
adap/flower,2024-09,sq-a,ba_adap_flower__2024-09,47953,577,2684,29766,383,6594,6157,498,3268,0.2,30,48,0,576,9,124,314,129,0,8.2,30.6
adap/flower,2024-10,sq-c,ba_adap_flower__2024-10,49839,591,2812,30903,399,6859,6378,514,3413,0.2,34,49,0,597,10,134,321,132,0,8.5,30.5
adap/flower,2024-11,sq-b,ba_adap_flower__2024-11,51540,613,2940,31989,418,7070,6509,529,3521,0.2,34,50,0,613,10,135,330,138,0,8.2,30.2
adap/flower,2024-12,sq-b,ba_adap_flower__2024-12,52345,619,2993,32540,428,7218,6659,530,3532,0.2,35,48,0,613,10,134,333,136,0,7.9,30.0
adap/flower,2025-01,sq-b,ba_adap_flower__2025-01,52839,634,3016,32969,434,7250,6683,529,3477,0.2,32,50,0,611,7,131,338,135,0,7.8,30.1
adap/flower,2025-02,sq-c,ba_adap_flower__2025-02,52947,635,3037,33065,441,7297,6721,529,3498,0.2,34,50,0,613,9,134,336,134,0,7.3,30.1
adap/flower,2025-03,sq-b,ba_adap_flower__2025-03,53668,640,3078,33521,448,7456,6891,540,3607,0.2,34,50,0,624,9,141,338,136,0,7.1,30.1
adap/flower,2025-04,sq-c,ba_adap_flower__2025-04,53816,641,3083,33616,453,7481,6910,541,3614,0.2,34,50,0,625,9,141,339,136,0,7.3,30.2
adap/flower,2025-05,sq-a,ba_adap_flower__2025-05,56106,674,3242,35161,471,7819,7192,559,3692,0.2,35,50,0,644,9,146,344,145,0,7.1,30.4
adap/flower,2025-06,sq-c,ba_adap_flower__2025-06,57249,682,3316,35821,476,7993,7379,566,3744,0.2,35,50,0,651,9,149,345,148,0,6.8,30.6
adap/flower,2025-07,sq-b,ba_adap_flower__2025-07,57671,696,3344,36086,481,8049,7418,567,3771,0.2,35,50,0,652,9,153,345,145,0,6.8,30.7
adap/flower,2025-08,sq-c,ba_adap_flower__2025-08,58468,703,3369,36481,485,8121,7465,568,3792,0.2,36,51,0,655,9,153,347,146,0,6.8,30.7
adap/flower,2025-09,sq-c,ba_adap_flower__2025-09,60538,731,3478,37696,510,8376,7655,580,3880,0.2,43,51,0,674,9,154,363,148,0,6.9,31.3
adap/flower,2025-10,sq-c,ba_adap_flower__2025-10,62044,741,3556,38582,519,8567,7838,586,3947,0.2,42,51,0,679,9,157,364,149,0,6.8,31.2
adap/flower,2025-11,sq-c,ba_adap_flower__2025-11,63479,752,3622,39416,526,8745,8019,583,3942,0.2,42,51,0,676,9,156,364,147,0,6.5,31.5
adap/flower,2025-12,sq-a,ba_adap_flower__2025-12,63763,755,3642,39619,525,8781,8040,582,3912,0.2,42,51,0,675,9,153,364,149,0,6.5,31.5
adap/flower,2026-01,sq-a,ba_adap_flower__2026-01,64336,776,3690,40082,538,8917,8163,589,3978,0.2,42,51,0,682,9,157,366,150,0,6.4,31.8
adap/flower,2026-02,sq-b,ba_adap_flower__2026-02,65103,784,3717,40458,538,9001,8267,592,4007,0.2,42,51,0,685,9,160,366,150,0,6.4,31.7
adap/flower,2026-03,sq-b,ba_adap_flower__2026-03,67417,806,3853,41769,554,9376,8575,590,3905,0.2,42,51,0,683,9,162,361,151,0,6.0,31.4
adap/flower,2026-04,sq-c,ba_adap_flower__2026-04,69940,822,3957,42936,567,9684,8887,598,4019,0.2,42,51,0,691,9,168,362,152,0,5.8,31.1
agno-agi/agno,2024-07,sq-c,ba_agno-agi_agno__2024-07,46664,816,1831,29661,452,9107,12933,564,9416,0.7,1,21,0,586,5,296,217,48,20,16.4,17.5
agno-agi/agno,2024-08,sq-c,ba_agno-agi_agno__2024-08,46866,824,1841,29788,455,9138,12969,565,9435,0.7,1,21,0,587,5,296,218,48,20,16.3,17.5
agno-agi/agno,2024-09,sq-b,ba_agno-agi_agno__2024-09,47111,830,1859,29983,456,9177,13006,567,9443,0.7,1,21,0,589,5,297,218,48,21,16.2,17.5
agno-agi/agno,2024-10,sq-b,ba_agno-agi_agno__2024-10,51427,1063,2018,34853,426,10082,14387,584,9372,0.6,6,24,0,614,3,337,197,62,15,19.4,19.4
agno-agi/agno,2024-11,sq-b,ba_agno-agi_agno__2024-11,54867,1154,2120,36974,453,10584,15083,639,9858,0.6,10,24,0,673,3,362,230,63,15,19.5,19.6
agno-agi/agno,2024-12,sq-b,ba_agno-agi_agno__2024-12,59840,1274,2317,40225,485,11441,16338,702,10640,0.6,10,35,0,747,3,393,254,81,16,18.1,19.4
agno-agi/agno,2025-01,sq-b,ba_agno-agi_agno__2025-01,48347,886,2011,31666,409,8707,11799,508,6958,0.5,9,28,0,545,3,273,161,94,14,10.9,21.4
agno-agi/agno,2025-02,sq-a,ba_agno-agi_agno__2025-02,52967,1070,2076,33705,423,8982,12196,512,7143,0.4,2,30,0,544,4,272,157,98,13,11.2,21.1
agno-agi/agno,2025-03,sq-a,ba_agno-agi_agno__2025-03,65450,1197,2517,41543,478,11471,16511,701,10777,0.5,4,40,0,745,4,369,216,141,15,14.2,21.0
agno-agi/agno,2025-04,sq-b,ba_agno-agi_agno__2025-04,81200,1431,2989,50558,527,13998,20416,839,13500,0.6,7,53,0,899,4,454,253,172,16,15.0,20.3
agno-agi/agno,2025-05,sq-b,ba_agno-agi_agno__2025-05,99603,1742,3440,59773,582,16459,24470,1042,16347,0.5,14,57,0,1113,4,558,349,183,19,16.7,19.7
agno-agi/agno,2025-06,sq-b,ba_agno-agi_agno__2025-06,107317,1846,3665,63943,650,17589,26130,1141,17489,0.5,13,61,0,1215,4,591,387,214,19,16.4,19.4
agno-agi/agno,2025-07,sq-b,ba_agno-agi_agno__2025-07,129306,2042,4130,74002,760,20529,30885,1361,20943,0.5,23,80,0,1464,4,692,511,235,22,20.3,18.5
agno-agi/agno,2025-08,sq-c,ba_agno-agi_agno__2025-08,133050,2096,4241,76219,777,21180,32017,1396,21777,0.5,21,82,0,1499,4,707,532,234,22,20.1,18.7
agno-agi/agno,2025-09,sq-b,ba_agno-agi_agno__2025-09,149122,2184,4765,85927,756,23826,34536,1486,22193,0.5,21,78,0,1585,6,833,415,293,38,19.2,19.6
agno-agi/agno,2025-10,sq-a,ba_agno-agi_agno__2025-10,179155,2424,5619,102525,815,28753,42160,1808,28428,0.5,30,92,0,1930,8,939,577,363,43,19.8,20.1
agno-agi/agno,2025-11,sq-a,ba_agno-agi_agno__2025-11,187588,2482,5873,107428,850,30307,44609,1918,30326,0.5,32,91,0,2041,8,987,601,402,43,19.5,20.2
agno-agi/agno,2025-12,sq-a,ba_agno-agi_agno__2025-12,229371,2826,6882,127526,967,35863,53106,2257,36069,0.5,54,115,0,2426,13,1220,711,435,47,19.8,20.5
agno-agi/agno,2026-01,sq-a,ba_agno-agi_agno__2026-01,248868,2950,7855,140660,1056,39879,58201,2492,38641,0.5,59,114,0,2665,14,1320,749,501,81,19.5,21.9
agno-agi/agno,2026-02,sq-c,ba_agno-agi_agno__2026-02,270147,2521,8846,153675,1057,45311,65981,3220,47022,0.6,55,104,0,3379,14,1544,1172,573,76,17.1,22.3
agno-agi/agno,2026-03,sq-c,ba_agno-agi_agno__2026-03,284874,2666,9295,161639,1122,47493,68784,3332,48805,0.6,58,115,0,3505,17,1621,1199,594,74,16.3,22.4
agno-agi/agno,2026-04,sq-a,ba_agno-agi_agno__2026-04,306560,2856,9976,173494,1201,51763,75930,3492,52942,0.6,70,116,0,3678,18,1709,1248,627,76,16.2,22.4
agno-agi/agno,2026-05,sq-c,ba_agno-agi_agno__2026-05,318008,2994,10382,181049,1306,54206,79778,3573,55710,0.6,69,119,0,3761,18,1768,1272,630,73,15.9,22.7
agno-agi/agno,2026-06,sq-b,ba_agno-agi_agno__2026-06,331146,3090,10949,188132,1328,56550,82503,3769,57795,0.6,76,123,0,3968,19,1846,1342,689,72,15.6,22.8
agno-agi/agno,2026-07,sq-c,ba_agno-agi_agno__2026-07,356404,3207,12339,205027,1519,62845,89518,3994,60449,0.6,88,125,0,4207,10,1983,1396,747,71,15.1,22.9
ai-shifu/ai-shifu,2024-06,sq-b,ba_ai-shifu_ai-shifu__2024-06,,,,,,,,,,,,,,,,,,,,,
ai-shifu/ai-shifu,2024-07,sq-c,ba_ai-shifu_ai-shifu__2024-07,6163,99,313,4742,68,926,1391,230,1702,0.9,11,54,0,295,21,78,154,40,2,8.4,14.5
ai-shifu/ai-shifu,2024-08,sq-a,ba_ai-shifu_ai-shifu__2024-08,8739,110,402,5701,86,1204,1714,293,2057,0.8,11,25,0,329,9,83,176,57,4,1.2,13.4
ai-shifu/ai-shifu,2024-09,sq-c,ba_ai-shifu_ai-shifu__2024-09,11341,123,425,6463,95,1379,2005,317,2260,0.7,8,23,0,348,6,98,182,56,6,2.6,13.0
ai-shifu/ai-shifu,2024-10,sq-c,ba_ai-shifu_ai-shifu__2024-10,11451,143,377,6283,72,1309,2038,239,1865,0.5,5,18,0,262,2,79,131,46,4,2.2,11.9
ai-shifu/ai-shifu,2024-11,sq-a,ba_ai-shifu_ai-shifu__2024-11,11656,143,381,6425,73,1358,2112,238,1917,0.5,5,18,0,261,2,79,130,46,4,2.2,11.7
ai-shifu/ai-shifu,2024-12,sq-a,ba_ai-shifu_ai-shifu__2024-12,12233,146,391,6679,75,1435,2216,247,2013,0.5,5,18,0,270,2,84,133,47,4,2.1,11.1
ai-shifu/ai-shifu,2025-01,sq-a,ba_ai-shifu_ai-shifu__2025-01,13165,167,451,7265,81,1579,2375,251,2124,0.5,6,18,0,275,3,84,137,47,4,1.9,10.8
ai-shifu/ai-shifu,2025-02,sq-a,ba_ai-shifu_ai-shifu__2025-02,13402,170,459,7418,81,1601,2413,251,2117,0.5,6,18,0,275,3,86,135,47,4,1.6,10.6
ai-shifu/ai-shifu,2025-03,sq-b,ba_ai-shifu_ai-shifu__2025-03,13597,170,467,7500,81,1627,2438,257,2152,0.5,6,18,0,281,3,87,140,47,4,1.5,10.8
ai-shifu/ai-shifu,2025-04,sq-a,ba_ai-shifu_ai-shifu__2025-04,19782,207,703,10498,123,2425,3366,358,3019,0.5,10,20,0,388,6,133,192,53,4,2.7,16.2
ai-shifu/ai-shifu,2025-05,sq-b,ba_ai-shifu_ai-shifu__2025-05,20615,205,735,10976,129,2535,3537,369,3238,0.5,9,21,0,399,6,138,194,57,4,2.6,15.9
ai-shifu/ai-shifu,2025-06,sq-c,ba_ai-shifu_ai-shifu__2025-06,21753,207,764,11447,132,2701,3784,393,3462,0.5,10,21,0,424,6,148,209,59,2,2.4,15.2
ai-shifu/ai-shifu,2025-07,sq-b,ba_ai-shifu_ai-shifu__2025-07,22108,200,796,11399,133,2732,3437,360,3304,0.5,10,21,0,391,6,161,164,58,2,3.9,14.5
ai-shifu/ai-shifu,2025-08,sq-c,ba_ai-shifu_ai-shifu__2025-08,20376,195,754,10460,147,2428,2987,324,2846,0.5,9,13,0,346,7,128,175,36,0,3.5,16.7
ai-shifu/ai-shifu,2025-09,sq-a,ba_ai-shifu_ai-shifu__2025-09,23088,206,853,11719,172,2803,3582,347,3264,0.5,9,13,0,369,7,139,184,39,0,4.0,16.3
ai-shifu/ai-shifu,2025-10,sq-c,ba_ai-shifu_ai-shifu__2025-10,25647,190,966,13211,193,3362,4445,399,3973,0.5,9,14,0,422,8,167,196,51,0,3.9,15.5
ai-shifu/ai-shifu,2025-11,sq-a,ba_ai-shifu_ai-shifu__2025-11,22155,146,858,11313,183,3123,4075,307,3212,0.5,9,18,0,334,9,158,132,35,0,2.0,15.6
ai-shifu/ai-shifu,2025-12,sq-c,ba_ai-shifu_ai-shifu__2025-12,22832,147,900,11712,185,3280,4240,323,3306,0.5,9,18,0,350,9,164,139,38,0,1.9,15.6
ai-shifu/ai-shifu,2026-01,sq-b,ba_ai-shifu_ai-shifu__2026-01,31246,173,1171,15030,230,4415,5519,371,4135,0.4,9,19,0,399,9,201,153,36,0,1.8,15.3
ai-shifu/ai-shifu,2026-02,sq-c,ba_ai-shifu_ai-shifu__2026-02,35749,185,1322,17210,244,5479,6886,386,5115,0.5,9,21,0,416,10,217,151,37,1,1.9,14.7
ai-shifu/ai-shifu,2026-03,sq-c,ba_ai-shifu_ai-shifu__2026-03,44390,219,1538,20869,251,7241,8996,408,6044,0.5,9,22,0,439,12,252,135,39,1,1.8,12.7
ai-shifu/ai-shifu,2026-04,sq-b,ba_ai-shifu_ai-shifu__2026-04,79842,291,2648,33910,424,13256,14884,609,8716,0.4,9,23,0,641,14,426,154,46,1,1.7,8.4
akrherz/iem,2024-01,sq-b,ba_akrherz_iem__2024-01,94723,673,2017,49389,4,9533,11655,1999,12302,0.4,14,138,0,2151,2,445,124,1568,12,3.7,8.3
akrherz/iem,2024-02,sq-b,ba_akrherz_iem__2024-02,95923,676,2030,50012,4,9635,11817,1989,12332,0.4,14,138,0,2141,2,446,119,1562,12,3.7,8.4
akrherz/iem,2024-03,sq-b,ba_akrherz_iem__2024-03,96968,679,2037,50272,11,9667,11852,1997,12456,0.4,14,142,0,2153,2,451,116,1573,11,3.6,8.6
akrherz/iem,2024-04,sq-c,ba_akrherz_iem__2024-04,97663,682,2048,50439,21,9678,11843,1990,12439,0.4,13,145,0,2148,2,450,109,1576,11,3.6,8.6
akrherz/iem,2024-05,sq-a,ba_akrherz_iem__2024-05,98677,685,2069,50790,35,9770,11929,1995,12519,0.4,13,114,0,2122,2,424,110,1575,11,3.5,8.5
akrherz/iem,2024-06,sq-b,ba_akrherz_iem__2024-06,99058,692,2079,50299,60,9519,11650,1988,12511,0.4,14,114,0,2116,2,420,107,1575,12,3.6,8.7
akrherz/iem,2024-07,sq-a,ba_akrherz_iem__2024-07,100272,864,2117,50973,87,9605,11716,1910,12126,0.4,14,111,0,2035,2,414,107,1500,12,3.3,9.4
akrherz/iem,2024-08,sq-a,ba_akrherz_iem__2024-08,100818,870,2127,51037,99,9626,11716,1880,11964,0.4,14,109,0,2003,2,401,104,1484,12,3.2,10.3
akrherz/iem,2024-09,sq-b,ba_akrherz_iem__2024-09,100643,865,2119,50761,101,9584,11663,1857,11838,0.4,15,101,0,1973,2,395,99,1465,12,2.9,10.4
akrherz/iem,2024-10,sq-b,ba_akrherz_iem__2024-10,101307,867,2123,50876,104,9613,11681,1840,11779,0.4,15,100,0,1955,2,381,96,1461,15,3.0,10.5
akrherz/iem,2024-11,sq-b,ba_akrherz_iem__2024-11,102246,875,2145,51224,108,9702,11782,1840,11798,0.4,15,101,0,1956,2,383,94,1462,15,3.0,10.6
akrherz/iem,2024-12,sq-b,ba_akrherz_iem__2024-12,101451,872,2143,50496,108,9665,11607,1826,11646,0.4,15,101,0,1942,2,373,92,1460,15,2.9,10.7
akrherz/iem,2025-01,sq-c,ba_akrherz_iem__2025-01,101981,868,2152,50660,114,9710,11682,1795,11643,0.4,13,101,0,1909,2,369,67,1456,15,3.1,10.8
akrherz/iem,2025-02,sq-b,ba_akrherz_iem__2025-02,103147,875,2166,50833,118,9776,11764,1795,11665,0.4,13,102,0,1910,2,371,67,1455,15,3.3,10.8
akrherz/iem,2025-03,sq-a,ba_akrherz_iem__2025-03,103788,879,2177,51018,119,9831,11836,1797,11695,0.4,13,104,0,1914,2,373,63,1461,15,3.3,10.9
akrherz/iem,2025-04,sq-c,ba_akrherz_iem__2025-04,104331,880,2183,51245,121,9894,11945,1800,11763,0.4,13,104,0,1917,2,376,63,1461,15,3.3,10.9
akrherz/iem,2025-05,sq-b,ba_akrherz_iem__2025-05,104577,880,2182,51326,121,9911,11967,1806,11810,0.4,13,101,0,1920,2,377,63,1464,14,3.3,10.9
akrherz/iem,2025-06,sq-b,ba_akrherz_iem__2025-06,105377,883,2195,51552,124,9960,12013,1810,11853,0.4,13,100,0,1923,2,382,62,1463,14,3.4,10.9
akrherz/iem,2025-07,sq-c,ba_akrherz_iem__2025-07,106104,885,2206,51884,124,10065,12195,1808,11835,0.4,13,101,0,1922,2,381,63,1462,14,3.3,10.9
akrherz/iem,2025-08,sq-b,ba_akrherz_iem__2025-08,106657,888,2207,52096,126,10113,12265,1802,11814,0.4,13,102,0,1917,2,376,64,1461,14,3.2,10.9
akrherz/iem,2025-09,sq-a,ba_akrherz_iem__2025-09,106769,883,2209,52051,130,10121,12253,1806,11791,0.4,13,95,0,1914,2,372,70,1456,14,3.2,11.0
akrherz/iem,2025-10,sq-a,ba_akrherz_iem__2025-10,106744,882,2212,52081,130,10133,12271,1804,11784,0.4,13,95,0,1912,2,372,70,1454,14,3.2,11.0
akrherz/iem,2025-11,sq-a,ba_akrherz_iem__2025-11,106893,884,2218,52149,131,10158,12292,1805,11788,0.4,13,96,0,1914,2,373,70,1455,14,3.2,11.1
akrherz/iem,2025-12,sq-b,ba_akrherz_iem__2025-12,107139,884,2221,52225,131,10193,12359,1808,11829,0.4,13,95,0,1916,2,375,71,1454,14,3.2,11.1
akrherz/iem,2026-01,sq-c,ba_akrherz_iem__2026-01,107907,889,2240,52565,132,10266,12452,1821,11933,0.4,13,95,0,1929,2,378,77,1458,14,3.1,11.1
allenai/open-instruct,2024-03,sq-c,ba_allenai_open-instruct__2024-03,9701,50,307,5456,42,1452,2313,171,1746,0.6,3,60,0,234,3,54,118,42,17,14.4,12.6
allenai/open-instruct,2024-04,sq-b,ba_allenai_open-instruct__2024-04,9873,51,311,5544,42,1480,2358,170,1752,0.6,3,60,0,233,3,53,118,42,17,13.6,12.6
allenai/open-instruct,2024-05,sq-c,ba_allenai_open-instruct__2024-05,9939,51,313,5565,42,1478,2350,172,1754,0.6,3,60,0,235,3,51,118,46,17,13.3,12.5
allenai/open-instruct,2024-06,sq-b,ba_allenai_open-instruct__2024-06,9942,51,313,5568,42,1478,2350,172,1754,0.6,3,60,0,235,3,51,118,46,17,13.3,12.5
allenai/open-instruct,2024-07,sq-c,ba_allenai_open-instruct__2024-07,10978,57,369,6278,47,1706,2702,195,2100,0.6,10,63,0,268,5,61,132,52,18,12.3,14.2
allenai/open-instruct,2024-08,sq-a,ba_allenai_open-instruct__2024-08,14594,69,475,8075,65,2140,3296,244,2613,0.6,11,63,0,318,4,84,153,59,18,16.8,13.9
allenai/open-instruct,2024-09,sq-a,ba_allenai_open-instruct__2024-09,16742,87,539,9682,72,2419,3681,278,2866,0.6,14,64,0,356,6,86,169,78,17,16.2,13.7
allenai/open-instruct,2024-10,sq-b,ba_allenai_open-instruct__2024-10,20179,95,607,11475,75,2932,4565,323,3568,0.6,17,67,0,407,7,98,184,99,19,24.9,13.8
allenai/open-instruct,2024-11,sq-b,ba_allenai_open-instruct__2024-11,28183,135,777,15226,91,3709,5650,454,4920,0.6,25,74,0,553,13,137,253,126,24,30.9,13.1
allenai/open-instruct,2024-12,sq-c,ba_allenai_open-instruct__2024-12,28185,135,777,15229,91,3712,5656,454,4924,0.6,24,74,0,552,13,137,252,126,24,30.8,13.1
allenai/open-instruct,2025-01,sq-c,ba_allenai_open-instruct__2025-01,29980,141,855,16335,101,3893,5819,498,5050,0.6,26,78,0,602,16,140,284,137,25,29.8,13.0
allenai/open-instruct,2025-02,sq-c,ba_allenai_open-instruct__2025-02,29807,144,870,16130,106,3911,5826,471,4887,0.5,20,78,0,569,12,141,263,128,25,27.7,12.9
allenai/open-instruct,2025-03,sq-b,ba_allenai_open-instruct__2025-03,32144,150,943,17526,122,4251,6355,515,5414,0.6,24,80,0,619,14,151,284,144,26,26.0,12.8
allenai/open-instruct,2025-04,sq-a,ba_allenai_open-instruct__2025-04,33041,155,968,18108,126,4423,6651,530,5641,0.6,26,92,0,648,14,158,306,143,27,24.9,13.0
allenai/open-instruct,2025-05,sq-b,ba_allenai_open-instruct__2025-05,36919,172,1050,20494,147,4920,7387,594,6276,0.6,31,96,0,721,18,178,331,167,27,27.0,13.1
allenai/open-instruct,2025-06,sq-c,ba_allenai_open-instruct__2025-06,45544,203,1488,25476,237,6093,8757,720,7005,0.5,44,144,0,908,25,207,447,180,49,25.4,15.0
allenai/open-instruct,2025-07,sq-c,ba_allenai_open-instruct__2025-07,48036,214,1606,27654,244,6690,9649,743,7675,0.5,48,145,0,936,25,232,439,191,49,21.5,15.7
allenai/open-instruct,2025-08,sq-a,ba_allenai_open-instruct__2025-08,49219,217,1663,28512,249,6913,9960,770,7884,0.5,59,149,0,978,35,241,447,205,50,20.0,15.9
allenai/open-instruct,2025-09,sq-c,ba_allenai_open-instruct__2025-09,41969,181,1404,24412,207,5852,8244,651,6442,0.5,51,114,0,816,34,194,380,175,33,19.0,16.5
allenai/open-instruct,2025-10,sq-a,ba_allenai_open-instruct__2025-10,41010,175,1385,23755,204,5710,7958,604,6131,0.5,47,114,0,765,32,178,354,170,31,19.1,16.2
allenai/open-instruct,2025-11,sq-b,ba_allenai_open-instruct__2025-11,35693,170,1245,20277,176,5015,6828,551,5200,0.5,24,113,0,688,9,188,306,147,38,8.7,17.0
allenai/open-instruct,2025-12,sq-b,ba_allenai_open-instruct__2025-12,35049,170,1232,20088,178,5026,6818,569,5138,0.5,20,112,0,701,4,191,294,177,35,8.9,17.4
allenai/open-instruct,2026-01,sq-c,ba_allenai_open-instruct__2026-01,36350,179,1354,21059,221,5389,7056,549,4989,0.5,21,116,0,686,6,195,296,156,33,7.2,17.9
allenai/open-instruct,2026-02,sq-b,ba_allenai_open-instruct__2026-02,38939,194,1473,22686,245,5840,7600,574,5309,0.5,17,118,0,709,4,207,298,166,34,6.1,17.8
allenai/open-instruct,2026-03,sq-b,ba_allenai_open-instruct__2026-03,40822,206,1569,23908,261,6170,7861,579,5325,0.4,17,118,0,714,4,209,302,167,32,5.7,17.5
ansys/pymapdl,2024-05,sq-a,ba_ansys_pymapdl__2024-05,23813,185,2595,16205,232,4554,3354,420,2893,0.4,9,2,0,431,4,80,240,95,12,0.0,78.3
ansys/pymapdl,2024-06,sq-a,ba_ansys_pymapdl__2024-06,23961,186,2605,16300,234,4592,3422,427,2979,0.4,9,2,0,438,4,83,239,100,12,0.0,78.2
ansys/pymapdl,2024-07,sq-b,ba_ansys_pymapdl__2024-07,24196,188,2625,16463,236,4629,3466,436,3078,0.4,9,2,0,447,4,85,244,102,12,0.0,78.0
ansys/pymapdl,2024-08,sq-b,ba_ansys_pymapdl__2024-08,24464,188,2631,16613,236,4679,3544,440,3136,0.4,9,2,0,451,4,85,246,104,12,0.0,77.8
ansys/pymapdl,2024-09,sq-c,ba_ansys_pymapdl__2024-09,24538,188,2638,16671,236,4706,3581,444,3140,0.4,9,3,0,456,4,89,247,104,12,0.0,77.7
ansys/pymapdl,2024-10,sq-a,ba_ansys_pymapdl__2024-10,24976,192,2687,16933,237,4832,3662,440,3009,0.4,9,1,0,450,4,82,249,104,11,0.0,77.5
ansys/pymapdl,2024-11,sq-c,ba_ansys_pymapdl__2024-11,24999,192,2688,16933,237,4831,3658,441,3042,0.4,9,1,0,451,4,82,250,104,11,0.0,77.5
ansys/pymapdl,2024-12,sq-b,ba_ansys_pymapdl__2024-12,25083,192,2687,16899,237,4840,3664,445,3067,0.4,8,1,0,454,4,82,253,104,11,0.0,77.4
ansys/pymapdl,2025-01,sq-a,ba_ansys_pymapdl__2025-01,25173,192,2691,16948,237,4848,3688,445,3069,0.4,8,1,0,454,4,82,252,105,11,0.0,77.3
ansys/pymapdl,2025-02,sq-b,ba_ansys_pymapdl__2025-02,25199,192,2698,16965,238,4853,3686,444,3060,0.4,8,1,0,453,4,81,253,104,11,0.0,77.3
ansys/pymapdl,2025-03,sq-a,ba_ansys_pymapdl__2025-03,25269,192,2702,16998,239,4874,3709,442,3063,0.4,8,1,0,451,4,80,252,104,11,0.0,77.3
ansys/pymapdl,2025-04,sq-a,ba_ansys_pymapdl__2025-04,25378,192,2710,17054,240,4898,3729,434,3018,0.4,8,1,0,443,4,78,247,103,11,0.0,77.2
ansys/pymapdl,2025-05,sq-b,ba_ansys_pymapdl__2025-05,25609,192,2700,17140,245,4913,3758,425,2965,0.4,7,1,0,433,3,77,239,103,11,0.0,77.1
ansys/pymapdl,2025-06,sq-a,ba_ansys_pymapdl__2025-06,25684,192,2707,17187,248,4923,3764,427,2992,0.4,7,1,0,435,3,78,240,103,11,0.0,77.0
ansys/pymapdl,2025-07,sq-c,ba_ansys_pymapdl__2025-07,27593,194,2810,17849,250,5143,3948,399,3085,0.4,5,1,0,405,3,76,206,106,14,0.0,78.9
ansys/pymapdl,2025-08,sq-b,ba_ansys_pymapdl__2025-08,27657,198,2813,17890,254,5154,3950,401,3092,0.4,5,1,0,407,3,77,207,106,14,0.0,78.9
ansys/pymapdl,2025-09,sq-c,ba_ansys_pymapdl__2025-09,27661,198,2813,17895,255,5154,3950,402,3093,0.4,5,1,0,408,3,77,208,106,14,0.0,78.9
ansys/pymapdl,2025-10,sq-c,ba_ansys_pymapdl__2025-10,27706,198,2816,17930,255,5163,3965,401,3095,0.4,5,1,0,407,3,77,207,106,14,0.0,78.9
ansys/pymapdl,2025-11,sq-b,ba_ansys_pymapdl__2025-11,28025,199,2819,18147,256,5221,4045,404,3120,0.4,4,1,0,409,2,79,206,108,14,0.0,78.8
ansys/pymapdl,2025-12,sq-c,ba_ansys_pymapdl__2025-12,28026,199,2819,18147,256,5221,4045,404,3120,0.4,4,1,0,409,2,79,206,108,14,0.0,78.8
ansys/pymapdl,2026-01,sq-a,ba_ansys_pymapdl__2026-01,28178,200,2828,18265,256,5255,4101,407,3144,0.4,4,1,0,412,2,82,205,108,15,0.0,78.7
ansys/pymapdl,2026-02,sq-c,ba_ansys_pymapdl__2026-02,28362,200,2841,18406,257,5301,4161,409,3186,0.4,5,1,0,415,2,83,206,109,15,0.0,78.6
ansys/pymapdl,2026-03,sq-a,ba_ansys_pymapdl__2026-03,30073,208,2872,18656,264,5293,4138,348,3079,0.3,6,1,0,355,3,80,148,108,16,0.1,80.8
ansys/pymapdl,2026-04,sq-b,ba_ansys_pymapdl__2026-04,30729,212,2901,19110,265,5424,4323,356,3214,0.3,6,1,0,363,3,88,149,108,15,0.1,80.6
ansys/pymapdl,2026-05,sq-b,ba_ansys_pymapdl__2026-05,31120,214,2936,19413,270,5511,4398,360,3265,0.3,6,1,0,367,3,89,151,109,15,0.1,80.4
apache/iceberg-python,2024-07,sq-a,ba_apache_iceberg-python__2024-07,17786,61,2303,12428,411,4122,3043,84,761,0.1,3,4,0,91,0,40,35,16,0,1.6,23.5
apache/iceberg-python,2024-08,sq-c,ba_apache_iceberg-python__2024-08,18243,62,2353,12717,416,4234,3154,85,775,0.1,4,4,0,93,0,40,36,15,2,1.6,23.4
apache/iceberg-python,2024-09,sq-c,ba_apache_iceberg-python__2024-09,18592,67,2371,12895,419,4269,3190,93,868,0.2,4,4,0,101,0,42,42,15,2,1.6,23.5
apache/iceberg-python,2024-10,sq-b,ba_apache_iceberg-python__2024-10,18649,67,2374,12921,420,4280,3195,95,878,0.2,4,4,0,103,0,42,42,17,2,1.6,23.5
apache/iceberg-python,2024-11,sq-a,ba_apache_iceberg-python__2024-11,18681,67,2374,12942,420,4285,3209,90,873,0.2,4,4,0,98,0,41,39,16,2,1.6,23.5
apache/iceberg-python,2024-12,sq-a,ba_apache_iceberg-python__2024-12,18510,67,2367,12876,419,4269,3189,81,794,0.1,3,4,0,88,0,40,32,14,2,1.3,23.6
apache/iceberg-python,2025-01,sq-c,ba_apache_iceberg-python__2025-01,18894,70,2410,13149,429,4362,3290,81,785,0.1,3,4,0,88,0,40,32,14,2,1.6,23.6
apache/iceberg-python,2025-02,sq-a,ba_apache_iceberg-python__2025-02,19394,72,2470,13544,434,4500,3426,83,817,0.1,3,4,0,90,0,42,33,14,1,1.5,23.8
apache/iceberg-python,2025-03,sq-b,ba_apache_iceberg-python__2025-03,19896,73,2557,13956,446,4635,3516,89,869,0.1,3,4,0,96,0,46,34,14,2,1.6,23.9
apache/iceberg-python,2025-04,sq-b,ba_apache_iceberg-python__2025-04,20188,74,2622,14201,450,4742,3582,91,877,0.1,3,4,0,98,0,46,34,14,4,1.6,23.9
apache/iceberg-python,2025-05,sq-b,ba_apache_iceberg-python__2025-05,20429,76,2640,14354,453,4788,3621,93,876,0.1,3,4,0,100,0,47,34,14,5,1.5,24.1
apache/iceberg-python,2025-06,sq-c,ba_apache_iceberg-python__2025-06,20779,76,2655,14464,454,4836,3647,102,943,0.2,3,4,0,109,0,56,34,14,5,1.8,24.1
apache/iceberg-python,2025-07,sq-b,ba_apache_iceberg-python__2025-07,20994,76,2662,14588,458,4871,3725,103,981,0.2,3,4,0,110,0,58,33,14,5,1.8,24.1
apache/iceberg-python,2025-08,sq-b,ba_apache_iceberg-python__2025-08,21597,78,2705,14990,463,4968,3816,108,998,0.2,3,4,0,115,0,58,35,16,6,1.6,24.1
apache/iceberg-python,2025-09,sq-c,ba_apache_iceberg-python__2025-09,21684,78,2710,15047,465,4986,3838,108,998,0.2,3,3,0,114,0,58,35,15,6,1.6,24.1
apache/iceberg-python,2025-10,sq-a,ba_apache_iceberg-python__2025-10,21931,79,2740,15179,468,5041,3859,104,966,0.1,3,0,0,107,0,57,31,12,7,1.6,24.0
apache/iceberg-python,2025-11,sq-a,ba_apache_iceberg-python__2025-11,21801,79,2743,15213,469,5049,3865,102,961,0.1,3,0,0,105,0,56,31,12,6,1.6,24.2
apache/iceberg-python,2025-12,sq-b,ba_apache_iceberg-python__2025-12,22110,80,2756,15437,488,5106,3941,105,985,0.1,3,0,0,108,0,57,33,12,6,1.6,24.2
apache/iceberg-python,2026-01,sq-a,ba_apache_iceberg-python__2026-01,22577,81,2796,15779,492,5224,4064,107,1004,0.1,3,0,0,110,0,58,33,12,7,1.5,24.4
apache/iceberg-python,2026-02,sq-c,ba_apache_iceberg-python__2026-02,22840,81,2852,16062,495,5335,4151,109,1035,0.2,3,0,0,112,0,58,35,12,7,1.5,24.7
apache/iceberg-python,2026-03,sq-a,ba_apache_iceberg-python__2026-03,23187,83,2870,16239,504,5370,4179,109,1039,0.1,3,0,0,112,0,58,35,12,7,1.6,24.7
apache/iceberg-python,2026-04,sq-b,ba_apache_iceberg-python__2026-04,23193,83,2871,16242,504,5375,4182,109,1039,0.1,3,0,0,112,0,58,35,12,7,1.6,24.7
apache/iceberg-python,2026-05,sq-b,ba_apache_iceberg-python__2026-05,23680,84,2917,16537,509,5462,4225,107,1004,0.1,3,0,0,110,0,58,32,13,7,1.8,24.7
apache/iceberg-python,2026-06,sq-c,ba_apache_iceberg-python__2026-06,24070,85,2950,16744,515,5533,4281,105,991,0.1,3,0,0,108,0,59,32,9,8,1.7,24.9
apache/iceberg-python,2026-07,sq-b,ba_apache_iceberg-python__2026-07,24192,85,2961,16855,518,5564,4322,105,1002,0.1,3,0,0,108,0,59,32,9,8,1.7,24.8
approvals/ApprovalTests.Python,2024-04,sq-c,ba_approvals_ApprovalTests.Python__2024-04,2795,118,408,2005,96,577,227,31,259,0.3,0,0,0,31,0,10,17,2,2,0.0,10.9
approvals/ApprovalTests.Python,2024-05,sq-c,ba_approvals_ApprovalTests.Python__2024-05,2825,118,412,2029,97,582,229,31,259,0.3,0,0,0,31,0,10,17,2,2,0.0,10.8
approvals/ApprovalTests.Python,2024-06,sq-a,ba_approvals_ApprovalTests.Python__2024-06,2825,118,412,2029,97,582,229,31,259,0.3,0,0,0,31,0,10,17,2,2,0.0,10.8
approvals/ApprovalTests.Python,2024-07,sq-a,ba_approvals_ApprovalTests.Python__2024-07,2825,119,412,2029,97,582,229,31,259,0.3,0,0,0,31,0,10,17,2,2,0.0,10.8
approvals/ApprovalTests.Python,2024-08,sq-b,ba_approvals_ApprovalTests.Python__2024-08,2825,119,412,2029,97,582,229,31,259,0.3,0,0,0,31,0,10,17,2,2,0.0,10.8
approvals/ApprovalTests.Python,2024-09,sq-b,ba_approvals_ApprovalTests.Python__2024-09,2832,119,413,2037,97,583,228,31,259,0.3,0,0,0,31,0,10,17,2,2,0.0,10.7
approvals/ApprovalTests.Python,2024-10,sq-a,ba_approvals_ApprovalTests.Python__2024-10,2864,120,417,2056,98,587,228,31,259,0.3,0,0,0,31,0,10,17,2,2,0.0,10.7
approvals/ApprovalTests.Python,2024-11,sq-b,ba_approvals_ApprovalTests.Python__2024-11,2864,120,417,2056,98,587,228,31,259,0.3,0,0,0,31,0,10,17,2,2,0.0,10.7
approvals/ApprovalTests.Python,2024-12,sq-b,ba_approvals_ApprovalTests.Python__2024-12,2905,121,422,2085,99,594,232,33,269,0.3,0,0,0,33,0,10,19,2,2,0.0,10.6
approvals/ApprovalTests.Python,2025-01,sq-b,ba_approvals_ApprovalTests.Python__2025-01,2923,122,425,2099,100,597,232,33,269,0.3,0,0,0,33,0,10,19,2,2,0.0,10.5
approvals/ApprovalTests.Python,2025-02,sq-c,ba_approvals_ApprovalTests.Python__2025-02,2950,125,426,2121,101,601,236,34,274,0.3,0,0,0,34,0,11,19,2,2,0.0,10.4
approvals/ApprovalTests.Python,2025-03,sq-c,ba_approvals_ApprovalTests.Python__2025-03,2970,125,428,2132,101,605,239,33,269,0.3,0,0,0,33,0,12,17,2,2,0.0,10.4
approvals/ApprovalTests.Python,2025-04,sq-a,ba_approvals_ApprovalTests.Python__2025-04,3018,126,429,2151,103,607,240,33,276,0.3,0,0,0,33,0,12,17,2,2,0.0,10.3
approvals/ApprovalTests.Python,2025-05,sq-b,ba_approvals_ApprovalTests.Python__2025-05,3208,126,429,2194,103,607,240,33,276,0.3,0,0,0,33,0,12,17,2,2,0.0,9.7
approvals/ApprovalTests.Python,2025-06,sq-a,ba_approvals_ApprovalTests.Python__2025-06,3212,126,429,2194,103,607,240,33,276,0.3,0,0,0,33,0,12,17,2,2,0.0,9.6
approvals/ApprovalTests.Python,2025-07,sq-b,ba_approvals_ApprovalTests.Python__2025-07,3112,124,422,2149,103,597,236,32,264,0.3,0,0,0,32,0,11,17,2,2,0.0,9.9
approvals/ApprovalTests.Python,2025-08,sq-b,ba_approvals_ApprovalTests.Python__2025-08,3180,124,427,2189,103,612,247,36,314,0.3,0,0,0,36,0,11,20,3,2,0.0,9.9
approvals/ApprovalTests.Python,2025-09,sq-a,ba_approvals_ApprovalTests.Python__2025-09,3280,125,430,2252,103,626,268,36,314,0.3,0,0,0,36,0,11,20,3,2,0.0,9.7
approvals/ApprovalTests.Python,2025-10,sq-a,ba_approvals_ApprovalTests.Python__2025-10,3290,125,431,2252,103,626,266,36,314,0.3,0,0,0,36,0,11,20,3,2,0.0,9.8
approvals/ApprovalTests.Python,2025-11,sq-a,ba_approvals_ApprovalTests.Python__2025-11,3290,125,431,2252,103,626,266,36,314,0.3,0,0,0,36,0,11,20,3,2,0.0,9.8
approvals/ApprovalTests.Python,2025-12,sq-c,ba_approvals_ApprovalTests.Python__2025-12,3376,127,437,2300,104,637,272,36,314,0.3,0,0,0,36,0,11,20,3,2,0.0,9.9
approvals/ApprovalTests.Python,2026-01,sq-a,ba_approvals_ApprovalTests.Python__2026-01,3667,129,468,2420,128,676,281,36,314,0.3,0,0,0,36,0,11,20,3,2,0.0,9.2
approvals/ApprovalTests.Python,2026-02,sq-c,ba_approvals_ApprovalTests.Python__2026-02,3824,125,482,2478,137,697,292,37,319,0.3,0,0,0,37,0,11,21,3,2,0.0,8.9
approvals/ApprovalTests.Python,2026-03,sq-b,ba_approvals_ApprovalTests.Python__2026-03,3894,124,487,2516,138,706,300,38,324,0.3,0,0,0,38,0,12,21,3,2,0.0,8.7
approvals/ApprovalTests.Python,2026-04,sq-a,ba_approvals_ApprovalTests.Python__2026-04,3882,124,487,2511,138,703,297,38,324,0.3,0,0,0,38,0,12,21,3,2,0.0,8.7
astronomer/astronomer-cosmos,2024-07,sq-b,ba_astronomer_astronomer-cosmos__2024-07,5583,87,296,3583,119,874,890,45,226,0.1,3,5,0,53,2,12,16,22,1,1.9,25.8
astronomer/astronomer-cosmos,2024-08,sq-c,ba_astronomer_astronomer-cosmos__2024-08,6182,88,366,3973,128,1016,997,56,269,0.1,3,6,0,65,2,15,19,24,5,1.7,25.2
astronomer/astronomer-cosmos,2024-09,sq-a,ba_astronomer_astronomer-cosmos__2024-09,6570,92,383,4214,152,1062,1034,56,269,0.1,1,6,0,63,0,15,19,24,5,1.6,24.8
astronomer/astronomer-cosmos,2024-10,sq-c,ba_astronomer_astronomer-cosmos__2024-10,6755,93,392,4311,149,1082,1054,59,280,0.1,1,7,0,67,0,16,22,24,5,1.6,24.5
astronomer/astronomer-cosmos,2024-11,sq-a,ba_astronomer_astronomer-cosmos__2024-11,6898,95,404,4404,159,1098,1061,59,280,0.1,1,7,0,67,0,16,22,24,5,1.5,24.4
astronomer/astronomer-cosmos,2024-12,sq-a,ba_astronomer_astronomer-cosmos__2024-12,7552,106,430,4774,162,1191,1156,65,305,0.1,1,7,0,73,0,18,26,25,4,1.9,24.4
astronomer/astronomer-cosmos,2025-01,sq-c,ba_astronomer_astronomer-cosmos__2025-01,7807,112,452,4960,166,1238,1202,62,291,0.1,1,7,0,70,0,16,23,26,5,1.8,24.7
astronomer/astronomer-cosmos,2025-02,sq-b,ba_astronomer_astronomer-cosmos__2025-02,8472,115,496,5375,178,1357,1291,62,281,0.1,1,7,0,70,0,15,22,27,6,3.0,24.1
astronomer/astronomer-cosmos,2025-03,sq-c,ba_astronomer_astronomer-cosmos__2025-03,8669,118,505,5474,178,1392,1332,63,296,0.1,2,7,0,72,0,17,23,27,5,2.6,24.0
astronomer/astronomer-cosmos,2025-04,sq-a,ba_astronomer_astronomer-cosmos__2025-04,9026,124,505,5737,181,1424,1435,64,302,0.1,2,7,0,73,0,17,23,28,5,3.2,24.1
astronomer/astronomer-cosmos,2025-05,sq-b,ba_astronomer_astronomer-cosmos__2025-05,9233,128,511,5864,182,1456,1480,63,301,0.1,2,9,0,74,0,19,22,28,5,3.1,24.1
astronomer/astronomer-cosmos,2025-06,sq-c,ba_astronomer_astronomer-cosmos__2025-06,9255,128,512,5898,182,1472,1498,64,325,0.1,2,9,0,75,0,19,23,28,5,2.8,24.2
astronomer/astronomer-cosmos,2025-07,sq-a,ba_astronomer_astronomer-cosmos__2025-07,9318,128,514,5939,182,1486,1516,65,331,0.1,2,9,0,76,0,20,23,28,5,2.8,24.3
astronomer/astronomer-cosmos,2025-08,sq-c,ba_astronomer_astronomer-cosmos__2025-08,9371,130,515,5983,182,1496,1536,65,332,0.1,2,9,0,76,0,20,23,28,5,2.4,24.3
astronomer/astronomer-cosmos,2025-09,sq-a,ba_astronomer_astronomer-cosmos__2025-09,9661,131,534,6211,184,1554,1593,65,332,0.1,2,9,0,76,0,20,23,28,5,2.3,24.1
astronomer/astronomer-cosmos,2025-10,sq-b,ba_astronomer_astronomer-cosmos__2025-10,10398,138,557,6632,192,1637,1758,71,393,0.1,2,9,0,82,0,23,26,28,5,3.0,23.6
astronomer/astronomer-cosmos,2025-11,sq-c,ba_astronomer_astronomer-cosmos__2025-11,10777,141,577,6810,193,1686,1811,71,377,0.1,2,9,0,82,0,22,25,30,5,2.9,23.3
astronomer/astronomer-cosmos,2025-12,sq-c,ba_astronomer_astronomer-cosmos__2025-12,11049,143,595,7034,193,1744,1861,78,388,0.1,2,10,0,90,0,23,27,32,8,2.8,23.3
astronomer/astronomer-cosmos,2026-01,sq-c,ba_astronomer_astronomer-cosmos__2026-01,12276,152,652,7732,206,1919,2066,82,447,0.1,2,13,0,97,0,29,27,32,9,2.4,24.9
astronomer/astronomer-cosmos,2026-02,sq-c,ba_astronomer_astronomer-cosmos__2026-02,12632,154,679,8035,207,2024,2196,82,478,0.1,2,13,0,97,0,31,25,32,9,2.4,25.0
astronomer/astronomer-cosmos,2026-03,sq-a,ba_astronomer_astronomer-cosmos__2026-03,12914,155,693,8195,210,2081,2262,85,510,0.1,2,13,0,100,0,34,25,32,9,2.3,25.2
astronomer/astronomer-cosmos,2026-04,sq-b,ba_astronomer_astronomer-cosmos__2026-04,13932,163,741,8918,213,2269,2462,100,685,0.2,2,13,0,115,0,44,28,34,9,2.4,25.2
astronomer/astronomer-cosmos,2026-05,sq-a,ba_astronomer_astronomer-cosmos__2026-05,14529,166,765,9264,216,2353,2535,98,688,0.2,1,13,0,112,0,43,29,33,7,2.7,25.5
astronomer/astronomer-cosmos,2026-06,sq-a,ba_astronomer_astronomer-cosmos__2026-06,15353,172,826,9770,241,2492,2671,98,735,0.2,1,15,0,114,0,46,29,33,6,2.6,26.0
astronomer/astronomer-cosmos,2026-07,sq-b,ba_astronomer_astronomer-cosmos__2026-07,15733,173,848,10003,240,2567,2731,98,749,0.2,1,15,0,114,0,46,29,33,6,2.4,26.5
atopile/atopile,2024-01,sq-c,ba_atopile_atopile__2024-01,5541,35,578,4113,97,1024,864,183,658,0.4,1,2,0,186,3,16,42,107,18,1.9,14.5
atopile/atopile,2024-02,sq-c,ba_atopile_atopile__2024-02,8056,44,845,6091,130,1551,1386,257,999,0.4,2,2,0,261,4,25,55,156,21,1.7,13.8
atopile/atopile,2024-03,sq-a,ba_atopile_atopile__2024-03,8962,51,924,6823,143,1739,1587,290,1105,0.4,3,2,0,295,5,34,65,157,34,1.8,14.8
atopile/atopile,2024-04,sq-c,ba_atopile_atopile__2024-04,9393,53,941,7145,141,1856,1735,307,1176,0.4,3,4,0,314,5,39,79,151,40,1.7,16.1
atopile/atopile,2024-05,sq-b,ba_atopile_atopile__2024-05,10161,56,1009,7743,149,2013,1963,336,1327,0.4,4,2,0,342,6,42,86,166,42,2.0,15.8
atopile/atopile,2024-06,sq-b,ba_atopile_atopile__2024-06,10185,56,1010,7756,150,2014,1964,337,1330,0.4,5,2,0,344,6,42,88,166,42,2.0,15.8
atopile/atopile,2024-07,sq-c,ba_atopile_atopile__2024-07,11046,58,1093,8411,166,2169,2149,371,1470,0.4,5,3,0,379,6,49,88,187,49,2.2,15.2
atopile/atopile,2024-08,sq-c,ba_atopile_atopile__2024-08,11085,58,1095,8443,167,2178,2162,372,1480,0.4,6,3,0,381,7,50,88,187,49,2.2,15.2
atopile/atopile,2024-09,sq-a,ba_atopile_atopile__2024-09,11112,58,1095,8460,167,2184,2173,374,1492,0.4,6,3,0,383,7,52,88,187,49,2.2,15.2
atopile/atopile,2024-10,sq-c,ba_atopile_atopile__2024-10,11193,58,1102,8504,169,2200,2179,378,1494,0.4,6,3,0,387,7,51,92,188,49,2.2,15.2
atopile/atopile,2024-11,sq-b,ba_atopile_atopile__2024-11,31385,379,2530,19327,892,4790,3832,1083,4974,0.5,13,3,0,1099,10,75,191,579,244,1.1,12.8
atopile/atopile,2024-12,sq-c,ba_atopile_atopile__2024-12,36477,397,2889,22294,1012,5949,4984,1237,5133,0.5,18,3,0,1258,14,98,235,575,336,1.3,13.6
atopile/atopile,2025-01,sq-a,ba_atopile_atopile__2025-01,38346,397,3060,23488,1021,6415,5492,1260,5195,0.5,21,3,0,1284,16,105,234,575,354,1.1,14.0
atopile/atopile,2025-02,sq-a,ba_atopile_atopile__2025-02,39528,404,3160,24196,1035,6679,5722,1284,5264,0.4,20,2,0,1306,15,108,240,579,364,1.1,14.0
atopile/atopile,2025-03,sq-b,ba_atopile_atopile__2025-03,42803,412,3273,25655,1231,7081,6227,1512,6481,0.5,19,2,0,1533,15,119,274,758,367,4.3,13.7
atopile/atopile,2025-04,sq-b,ba_atopile_atopile__2025-04,45546,429,3503,27417,1308,7582,6684,1588,6786,0.5,20,3,0,1611,17,130,272,792,400,4.1,13.5
atopile/atopile,2025-05,sq-a,ba_atopile_atopile__2025-05,48586,438,3882,29648,1397,8220,7071,1684,7095,0.5,19,3,0,1706,18,131,271,863,423,3.8,13.0
atopile/atopile,2025-06,sq-c,ba_atopile_atopile__2025-06,43463,350,3656,27543,1263,7994,7089,1526,6690,0.5,19,1,0,1546,17,131,238,794,366,4.2,12.3
atopile/atopile,2025-07,sq-c,ba_atopile_atopile__2025-07,45097,366,3766,28477,1318,8230,7235,1562,6751,0.5,21,2,0,1585,17,140,246,809,373,4.0,12.1
atopile/atopile,2025-08,sq-a,ba_atopile_atopile__2025-08,47871,367,3890,29488,1322,8580,7556,1574,6796,0.5,21,2,0,1597,17,142,251,812,375,3.8,11.8
atopile/atopile,2025-09,sq-b,ba_atopile_atopile__2025-09,44830,339,3824,28509,949,8488,7486,1223,4950,0.4,24,2,0,1249,17,137,246,482,367,1.0,12.1
atopile/atopile,2025-10,sq-c,ba_atopile_atopile__2025-10,44830,339,3824,28509,949,8488,7486,1223,4950,0.4,24,2,0,1249,17,137,246,482,367,1.0,12.1
atopile/atopile,2025-11,sq-c,ba_atopile_atopile__2025-11,44841,339,3824,28508,949,8488,7486,1223,4950,0.4,24,2,0,1249,17,137,246,482,367,1.0,12.1
atopile/atopile,2025-12,sq-b,ba_atopile_atopile__2025-12,44841,339,3824,28508,949,8488,7486,1223,4950,0.4,24,2,0,1249,17,137,246,482,367,1.0,12.1
atopile/atopile,2026-01,sq-c,ba_atopile_atopile__2026-01,84118,303,5224,50533,1432,13392,13463,1300,9643,0.4,28,7,0,1335,9,379,292,484,171,1.8,13.5
beetbox/beets,2024-05,sq-a,ba_beetbox_beets__2024-05,26339,111,1986,19430,318,5705,6953,369,3014,0.4,8,25,0,402,8,133,198,46,17,0.2,25.9
beetbox/beets,2024-06,sq-c,ba_beetbox_beets__2024-06,26268,110,2002,19416,318,5718,6922,369,3030,0.4,8,25,0,402,8,134,197,46,17,0.2,25.9
beetbox/beets,2024-07,sq-c,ba_beetbox_beets__2024-07,26283,109,2002,19426,318,5720,6918,371,3030,0.4,8,25,0,404,8,134,197,46,19,0.2,25.8
beetbox/beets,2024-08,sq-a,ba_beetbox_beets__2024-08,26230,109,2004,19389,324,5697,6865,372,2979,0.4,8,25,0,405,8,134,197,46,20,0.2,25.8
beetbox/beets,2024-09,sq-b,ba_beetbox_beets__2024-09,26290,108,2006,19404,324,5698,6867,366,2933,0.4,6,25,0,397,7,132,194,44,20,0.2,25.7
beetbox/beets,2024-10,sq-c,ba_beetbox_beets__2024-10,26238,108,2007,19360,325,5683,6848,366,2933,0.4,6,24,0,396,7,132,194,43,20,0.2,25.7
beetbox/beets,2024-11,sq-b,ba_beetbox_beets__2024-11,26260,108,2007,19355,325,5687,6845,365,2927,0.4,6,24,0,395,7,131,194,43,20,0.2,25.7
beetbox/beets,2024-12,sq-a,ba_beetbox_beets__2024-12,26236,108,2009,19401,325,5697,6861,366,2932,0.4,6,24,0,396,7,131,194,44,20,0.2,25.8
beetbox/beets,2025-01,sq-b,ba_beetbox_beets__2025-01,26392,109,2031,19409,348,5714,6825,362,2928,0.4,7,22,0,391,7,126,194,44,20,0.2,25.8
beetbox/beets,2025-02,sq-a,ba_beetbox_beets__2025-02,26511,108,2038,19412,355,5720,6806,364,2935,0.4,7,22,0,393,7,124,197,44,21,0.2,25.8
beetbox/beets,2025-03,sq-c,ba_beetbox_beets__2025-03,26512,108,2038,19413,355,5720,6806,364,2935,0.4,7,22,0,393,7,124,197,44,21,0.2,25.8
beetbox/beets,2025-04,sq-c,ba_beetbox_beets__2025-04,26587,108,2035,19374,357,5718,6801,358,2914,0.4,7,22,0,387,7,123,191,44,22,0.3,25.8
beetbox/beets,2025-05,sq-b,ba_beetbox_beets__2025-05,26863,116,2041,19397,363,5707,6764,345,2891,0.4,6,22,0,373,7,121,178,44,23,0.3,25.7
beetbox/beets,2025-06,sq-a,ba_beetbox_beets__2025-06,26879,116,2042,19406,363,5708,6762,344,2886,0.4,6,22,0,372,7,121,177,44,23,0.3,25.6
beetbox/beets,2025-07,sq-c,ba_beetbox_beets__2025-07,27024,122,2043,19421,367,5715,6753,338,2840,0.4,5,22,0,365,5,121,169,44,26,0.3,25.5
beetbox/beets,2025-08,sq-c,ba_beetbox_beets__2025-08,26746,121,2049,19397,368,5700,6719,336,2829,0.4,5,22,0,363,5,118,170,44,26,0.3,25.7
beetbox/beets,2025-09,sq-a,ba_beetbox_beets__2025-09,26828,122,2058,19425,370,5729,6731,331,2814,0.3,5,22,0,358,5,114,171,41,27,0.3,25.7
beetbox/beets,2025-10,sq-a,ba_beetbox_beets__2025-10,27095,123,2070,19523,375,5775,6732,339,2817,0.3,6,22,0,367,5,117,172,45,28,0.3,25.6
beetbox/beets,2025-11,sq-a,ba_beetbox_beets__2025-11,27699,140,2107,19921,380,5887,6874,343,2854,0.3,6,22,0,371,5,120,171,45,30,0.3,25.3
beetbox/beets,2025-12,sq-a,ba_beetbox_beets__2025-12,27938,142,2141,20026,388,5952,6900,339,2850,0.3,6,23,0,368,5,117,171,46,29,0.3,25.3
beetbox/beets,2026-01,sq-b,ba_beetbox_beets__2026-01,28360,144,2182,20195,402,6005,6879,318,2724,0.3,6,26,0,350,5,117,164,36,28,0.3,25.3
beetbox/beets,2026-02,sq-b,ba_beetbox_beets__2026-02,28539,145,2198,20286,406,6029,6891,317,2711,0.3,6,26,0,349,5,117,163,35,29,0.3,25.2
beetbox/beets,2026-03,sq-a,ba_beetbox_beets__2026-03,28893,151,2235,20524,413,6106,6882,320,2694,0.3,6,27,0,353,6,115,167,35,30,0.2,25.1
beetbox/beets,2026-04,sq-a,ba_beetbox_beets__2026-04,31041,160,2355,21395,473,6415,7027,334,2629,0.3,6,27,0,367,6,118,171,41,31,0.2,24.3
beetbox/beets,2026-05,sq-a,ba_beetbox_beets__2026-05,30716,163,2374,21562,479,6455,7071,336,2626,0.3,7,27,0,370,6,120,171,42,31,0.2,24.6
bentoml/BentoML,2023-12,sq-a,ba_bentoml_BentoML__2023-12,33941,232,1779,17774,323,4727,5332,462,3725,0.4,7,18,0,487,1,140,161,129,56,8.5,16.4
bentoml/BentoML,2024-01,sq-c,ba_bentoml_BentoML__2024-01,33941,232,1779,17774,323,4727,5332,462,3725,0.4,7,18,0,487,1,140,161,129,56,8.4,16.4
bentoml/BentoML,2024-02,sq-c,ba_bentoml_BentoML__2024-02,39653,264,2084,20627,402,5585,6184,515,4128,0.3,10,20,0,545,1,159,181,147,57,6.2,14.8
bentoml/BentoML,2024-03,sq-b,ba_bentoml_BentoML__2024-03,40121,266,2121,20968,408,5704,6318,522,4208,0.3,10,21,0,553,1,165,183,147,57,5.9,14.8
bentoml/BentoML,2024-04,sq-c,ba_bentoml_BentoML__2024-04,40029,266,2127,20976,401,5713,6303,519,4164,0.3,10,21,0,550,1,164,186,142,57,5.8,14.8
bentoml/BentoML,2024-05,sq-a,ba_bentoml_BentoML__2024-05,40273,266,2133,21067,403,5746,6325,518,4137,0.3,10,22,0,550,1,163,186,143,57,5.7,14.7
bentoml/BentoML,2024-06,sq-c,ba_bentoml_BentoML__2024-06,40171,267,2147,21252,408,5795,6427,522,4223,0.4,8,22,0,552,1,165,184,145,57,6.4,14.8
bentoml/BentoML,2024-07,sq-c,ba_bentoml_BentoML__2024-07,41110,246,2211,21746,433,5948,6589,531,4302,0.3,8,22,0,561,1,171,182,150,57,5.9,14.6
bentoml/BentoML,2024-08,sq-b,ba_bentoml_BentoML__2024-08,41041,246,2220,21767,432,5963,6608,534,4314,0.4,9,22,0,565,1,173,184,150,57,5.2,14.7
bentoml/BentoML,2024-09,sq-c,ba_bentoml_BentoML__2024-09,42158,249,2278,22551,446,6196,6911,541,4483,0.4,8,26,0,575,1,180,187,150,57,4.9,14.8
bentoml/BentoML,2024-10,sq-a,ba_bentoml_BentoML__2024-10,42911,254,2316,23030,455,6332,7100,538,4563,0.4,8,29,0,575,1,183,187,150,54,4.7,14.7
bentoml/BentoML,2024-11,sq-a,ba_bentoml_BentoML__2024-11,43032,254,2325,23109,454,6352,7133,538,4556,0.4,8,29,0,575,1,183,187,150,54,4.6,14.7
bentoml/BentoML,2024-12,sq-b,ba_bentoml_BentoML__2024-12,43347,255,2336,23283,456,6397,7202,542,4595,0.4,8,30,0,580,1,187,187,151,54,4.5,14.6
bentoml/BentoML,2025-01,sq-c,ba_bentoml_BentoML__2025-01,43504,256,2339,23348,457,6424,7235,542,4611,0.4,8,30,0,580,1,188,186,151,54,4.5,14.6
bentoml/BentoML,2025-02,sq-c,ba_bentoml_BentoML__2025-02,43578,256,2344,23409,457,6453,7280,544,4636,0.4,8,31,0,583,1,191,187,151,53,4.3,14.5
bentoml/BentoML,2025-03,sq-b,ba_bentoml_BentoML__2025-03,43902,257,2367,23606,455,6527,7367,545,4701,0.4,8,31,0,584,1,192,187,151,53,4.3,14.5
bentoml/BentoML,2025-04,sq-b,ba_bentoml_BentoML__2025-04,43977,258,2369,23635,455,6541,7390,545,4702,0.4,8,31,0,584,1,193,186,151,53,4.3,14.5
bentoml/BentoML,2025-05,sq-a,ba_bentoml_BentoML__2025-05,44051,258,2374,23691,456,6569,7436,551,4752,0.4,8,31,0,590,1,195,188,153,53,4.3,14.5
bentoml/BentoML,2025-06,sq-b,ba_bentoml_BentoML__2025-06,44258,259,2380,23796,462,6595,7475,551,4768,0.4,8,31,0,590,1,195,188,153,53,4.2,14.4
bentoml/BentoML,2025-07,sq-b,ba_bentoml_BentoML__2025-07,44153,258,2365,23716,462,6609,7505,549,4823,0.4,10,35,0,594,3,203,188,147,53,4.3,14.4
bentoml/BentoML,2025-08,sq-b,ba_bentoml_BentoML__2025-08,44318,259,2369,23802,462,6637,7548,552,4821,0.4,10,35,0,597,3,206,188,146,54,4.3,14.3
bentoml/BentoML,2025-09,sq-a,ba_bentoml_BentoML__2025-09,44569,260,2378,23954,462,6682,7603,549,4809,0.4,10,37,0,596,3,206,183,148,56,4.2,14.3
bentoml/BentoML,2025-10,sq-b,ba_bentoml_BentoML__2025-10,44601,260,2378,23966,462,6689,7613,548,4812,0.4,10,37,0,595,3,206,183,147,56,4.2,14.3
bentoml/BentoML,2025-11,sq-a,ba_bentoml_BentoML__2025-11,45245,261,2426,24373,466,6837,7776,555,4913,0.4,11,39,0,605,3,209,187,150,56,5.0,14.2
bentoml/BentoML,2025-12,sq-c,ba_bentoml_BentoML__2025-12,45915,264,2453,24723,474,6915,7876,557,4933,0.4,11,39,0,607,3,210,188,150,56,5.0,14.3
bghira/SimpleTuner,2024-06,sq-b,ba_bghira_SimpleTuner__2024-06,26449,83,763,13972,48,4330,6504,589,6274,0.8,23,41,0,653,2,157,341,148,5,15.7,14.4
bghira/SimpleTuner,2024-07,sq-b,ba_bghira_SimpleTuner__2024-07,27924,85,838,14588,52,4649,6752,549,6335,0.8,22,40,0,611,6,173,276,149,7,18.2,15.6
bghira/SimpleTuner,2024-08,sq-a,ba_bghira_SimpleTuner__2024-08,33561,107,1012,17304,66,5460,7846,640,6841,0.7,24,42,0,706,9,206,301,180,10,17.8,14.5
bghira/SimpleTuner,2024-09,sq-c,ba_bghira_SimpleTuner__2024-09,35434,118,1078,18212,75,5739,8212,672,7168,0.7,24,42,0,738,10,218,310,190,10,16.8,14.2
bghira/SimpleTuner,2024-10,sq-a,ba_bghira_SimpleTuner__2024-10,36895,123,1099,18884,77,5940,8532,699,7394,0.7,24,48,0,771,10,229,323,198,11,16.1,14.0
bghira/SimpleTuner,2024-11,sq-b,ba_bghira_SimpleTuner__2024-11,38316,126,1164,19618,81,6226,8861,739,7766,0.7,25,48,0,812,10,236,352,203,11,16.5,14.1
bghira/SimpleTuner,2024-12,sq-a,ba_bghira_SimpleTuner__2024-12,39584,129,1193,20177,84,6418,9160,764,8079,0.7,26,48,0,838,11,240,369,206,12,16.6,14.0
bghira/SimpleTuner,2025-01,sq-b,ba_bghira_SimpleTuner__2025-01,39947,129,1198,20334,85,6468,9228,772,8145,0.7,28,48,0,848,11,244,376,205,12,16.5,13.9
bghira/SimpleTuner,2025-02,sq-c,ba_bghira_SimpleTuner__2025-02,40274,129,1212,20556,86,6541,9296,779,8146,0.7,75,48,0,902,11,248,424,207,12,16.3,14.0
bghira/SimpleTuner,2025-03,sq-b,ba_bghira_SimpleTuner__2025-03,42659,136,1262,21754,91,6870,9899,834,8870,0.7,101,52,0,987,11,260,492,210,14,16.1,14.1
bghira/SimpleTuner,2025-04,sq-a,ba_bghira_SimpleTuner__2025-04,49499,152,1635,25323,140,8024,10816,937,9350,0.6,31,52,0,1020,13,316,433,245,13,18.2,16.2
bghira/SimpleTuner,2025-05,sq-b,ba_bghira_SimpleTuner__2025-05,49508,152,1635,25331,140,8024,10815,937,9350,0.6,31,52,0,1020,13,316,433,245,13,18.2,16.2
bghira/SimpleTuner,2025-06,sq-c,ba_bghira_SimpleTuner__2025-06,63505,163,1965,31413,174,10321,13812,1149,12102,0.6,37,51,0,1237,13,415,516,273,20,25.2,17.4
bghira/SimpleTuner,2025-07,sq-b,ba_bghira_SimpleTuner__2025-07,77629,187,2527,39740,228,12755,17149,1348,14217,0.6,40,72,0,1460,15,500,595,326,24,22.4,17.6
bghira/SimpleTuner,2025-08,sq-b,ba_bghira_SimpleTuner__2025-08,79059,190,2571,40592,233,12959,17481,1364,14470,0.6,41,73,0,1478,15,507,606,326,24,22.0,17.5
bghira/SimpleTuner,2025-09,sq-c,ba_bghira_SimpleTuner__2025-09,70904,191,2774,42362,279,13867,18424,1339,14003,0.7,37,57,0,1433,6,484,608,314,21,20.2,18.4
bghira/SimpleTuner,2025-10,sq-b,ba_bghira_SimpleTuner__2025-10,102897,299,4013,62211,458,20925,28458,1557,20130,0.7,56,69,0,1682,12,683,580,386,21,17.1,16.1
bghira/SimpleTuner,2025-11,sq-a,ba_bghira_SimpleTuner__2025-11,137898,422,5574,84694,686,27928,37586,2048,25408,0.6,77,82,0,2207,15,839,782,549,22,14.6,16.4
bghira/SimpleTuner,2025-12,sq-c,ba_bghira_SimpleTuner__2025-12,205340,644,8874,127847,1257,39636,51037,3585,35638,0.6,113,103,0,3801,79,1201,1025,1474,22,16.5,16.9
bghira/SimpleTuner,2026-01,sq-c,ba_bghira_SimpleTuner__2026-01,228211,691,9780,142039,1394,43938,56702,3989,40057,0.6,123,112,0,4224,76,1299,1104,1716,29,15.7,16.8
bghira/SimpleTuner,2026-02,sq-c,ba_bghira_SimpleTuner__2026-02,230484,692,9813,143285,1399,44406,57570,3988,40598,0.6,123,114,0,4225,76,1303,1102,1715,29,15.8,16.7
bghira/SimpleTuner,2026-03,sq-a,ba_bghira_SimpleTuner__2026-03,236031,712,10030,146111,1423,45321,58558,4030,41140,0.6,127,119,0,4276,76,1325,1123,1723,29,15.5,16.5
bghira/SimpleTuner,2026-04,sq-c,ba_bghira_SimpleTuner__2026-04,249063,736,10596,154790,1493,48081,62292,4178,43161,0.6,131,123,0,4432,78,1386,1157,1782,29,15.1,16.0
bghira/SimpleTuner,2026-05,sq-a,ba_bghira_SimpleTuner__2026-05,254179,746,10811,157690,1502,49151,63571,4212,43787,0.6,134,124,0,4470,78,1403,1173,1787,29,14.9,15.7
bghira/SimpleTuner,2026-06,sq-a,ba_bghira_SimpleTuner__2026-06,278155,830,11794,171313,1629,53548,68621,4506,46821,0.6,147,128,0,4781,82,1497,1244,1926,32,14.5,15.4
camel-ai/camel,2024-05,sq-b,ba_camel-ai_camel__2024-05,9575,122,536,5203,127,1232,1293,115,852,0.3,2,12,0,129,1,25,37,54,12,0.4,40.3
camel-ai/camel,2024-06,sq-a,ba_camel-ai_camel__2024-06,10800,144,599,5826,142,1375,1451,130,949,0.3,4,12,0,146,2,31,42,59,12,0.8,40.0
camel-ai/camel,2024-07,sq-c,ba_camel-ai_camel__2024-07,12162,160,680,6587,169,1563,1603,145,1115,0.3,4,15,0,164,2,34,46,67,15,1.6,40.6
camel-ai/camel,2024-08,sq-a,ba_camel-ai_camel__2024-08,14465,188,851,8023,196,1936,1945,161,1179,0.3,5,15,0,181,3,41,46,70,21,1.1,40.4
camel-ai/camel,2024-09,sq-a,ba_camel-ai_camel__2024-09,15811,194,907,8680,205,2087,2117,177,1395,0.3,5,16,0,198,4,47,55,75,17,2.3,39.8
camel-ai/camel,2024-10,sq-a,ba_camel-ai_camel__2024-10,17008,207,988,9281,220,2195,2146,189,1389,0.3,4,15,0,208,2,47,63,78,18,2.2,41.3
camel-ai/camel,2024-11,sq-a,ba_camel-ai_camel__2024-11,19348,241,1131,10652,248,2507,2452,221,1559,0.3,5,24,0,250,4,49,73,103,21,1.4,41.3
camel-ai/camel,2024-12,sq-c,ba_camel-ai_camel__2024-12,24032,279,1365,13140,298,3122,3168,260,1870,0.3,5,30,0,295,4,63,94,113,21,1.4,40.3
camel-ai/camel,2025-01,sq-b,ba_camel-ai_camel__2025-01,26190,296,1486,14199,323,3388,3386,268,1915,0.2,5,31,0,304,4,66,96,116,22,1.3,40.5
camel-ai/camel,2025-02,sq-b,ba_camel-ai_camel__2025-02,29577,316,1677,16000,346,3766,3764,290,2110,0.2,6,31,0,327,5,75,102,120,25,2.1,40.3
camel-ai/camel,2025-03,sq-b,ba_camel-ai_camel__2025-03,37934,364,2068,20892,416,4983,5375,385,3055,0.3,11,44,0,440,8,111,141,148,32,2.7,39.1
camel-ai/camel,2025-04,sq-b,ba_camel-ai_camel__2025-04,41505,389,2158,22868,445,5504,6220,424,3539,0.3,11,47,0,482,7,132,155,158,30,2.0,38.9
camel-ai/camel,2025-05,sq-a,ba_camel-ai_camel__2025-05,46769,409,2422,25874,473,6180,7087,465,4011,0.3,15,52,0,532,8,154,166,172,32,2.7,38.5
camel-ai/camel,2025-06,sq-c,ba_camel-ai_camel__2025-06,56186,436,2800,31306,511,7659,9184,545,4958,0.3,15,55,0,615,7,189,194,186,39,2.8,37.5
camel-ai/camel,2025-07,sq-b,ba_camel-ai_camel__2025-07,65099,453,3139,36201,539,9011,11522,634,6488,0.3,26,66,0,726,7,240,234,210,35,3.1,36.3
camel-ai/camel,2025-08,sq-b,ba_camel-ai_camel__2025-08,66335,457,3166,36804,543,9107,11673,640,6599,0.3,26,66,0,732,7,244,233,212,36,3.2,36.2
camel-ai/camel,2025-09,sq-c,ba_camel-ai_camel__2025-09,69169,468,3273,38208,554,9412,11896,636,6322,0.3,28,66,0,730,7,251,223,212,37,3.3,36.2
camel-ai/camel,2025-10,sq-b,ba_camel-ai_camel__2025-10,71956,473,3350,39587,567,9871,12795,660,6967,0.3,30,67,0,757,7,265,227,223,35,3.4,36.0
camel-ai/camel,2025-11,sq-a,ba_camel-ai_camel__2025-11,75155,480,3451,41311,580,10373,13582,679,7393,0.3,30,67,0,776,7,283,235,216,35,2.9,36.1
camel-ai/camel,2025-12,sq-b,ba_camel-ai_camel__2025-12,81703,486,3697,45245,594,11296,14723,752,7902,0.3,31,68,0,851,8,313,240,255,35,3.0,36.2
camel-ai/camel,2026-01,sq-a,ba_camel-ai_camel__2026-01,82649,491,3738,45989,600,11464,15081,765,8156,0.3,31,68,0,864,8,326,238,257,35,2.7,36.2
camel-ai/camel,2026-02,sq-c,ba_camel-ai_camel__2026-02,84859,497,3817,47168,607,11827,15650,779,8455,0.3,32,68,0,879,8,334,243,259,35,2.9,36.1
camel-ai/camel,2026-03,sq-a,ba_camel-ai_camel__2026-03,89579,508,3982,49437,622,12631,16672,814,8856,0.3,32,68,0,914,8,356,253,261,36,2.8,35.4
camel-ai/camel,2026-04,sq-c,ba_camel-ai_camel__2026-04,91381,510,4054,50390,624,13010,17145,825,9013,0.3,32,68,0,925,8,365,254,262,36,3.4,35.1
camel-ai/camel,2026-05,sq-b,ba_camel-ai_camel__2026-05,91188,509,4065,50484,624,13050,17185,819,8986,0.3,32,68,0,919,8,364,253,260,34,3.4,35.3
cartography-cncf/cartography,2024-05,sq-b,ba_cartography-cncf_cartography__2024-05,23501,229,1137,10883,258,2315,2163,185,849,0.1,0,7,0,192,0,25,85,40,42,0.6,15.3
cartography-cncf/cartography,2024-06,sq-a,ba_cartography-cncf_cartography__2024-06,23693,231,1147,10992,268,2330,2167,186,851,0.1,0,7,0,193,1,25,85,40,42,0.6,15.2
cartography-cncf/cartography,2024-07,sq-a,ba_cartography-cncf_cartography__2024-07,23777,231,1150,11053,268,2345,2192,188,867,0.1,0,7,0,195,1,27,85,40,42,0.6,15.2
cartography-cncf/cartography,2024-08,sq-c,ba_cartography-cncf_cartography__2024-08,24090,239,1160,11208,280,2364,2207,188,873,0.1,0,7,0,195,1,27,85,40,42,0.6,15.2
cartography-cncf/cartography,2024-09,sq-b,ba_cartography-cncf_cartography__2024-09,23822,237,1149,11069,280,2337,2175,181,851,0.1,0,7,0,188,1,27,80,38,42,0.6,15.0
cartography-cncf/cartography,2024-10,sq-a,ba_cartography-cncf_cartography__2024-10,23855,237,1153,11097,280,2344,2178,181,851,0.1,0,7,0,188,1,27,80,38,42,0.6,15.1
cartography-cncf/cartography,2024-11,sq-b,ba_cartography-cncf_cartography__2024-11,25149,250,1184,11607,331,2426,2266,188,895,0.1,0,7,0,195,1,29,85,38,42,0.5,15.0
cartography-cncf/cartography,2024-12,sq-c,ba_cartography-cncf_cartography__2024-12,25690,253,1204,11775,365,2468,2287,186,891,0.1,0,7,0,193,1,29,85,36,42,0.5,14.9
cartography-cncf/cartography,2025-01,sq-b,ba_cartography-cncf_cartography__2025-01,25643,253,1204,11794,367,2474,2301,187,902,0.1,0,7,0,194,1,29,85,37,42,0.5,14.9
cartography-cncf/cartography,2025-02,sq-a,ba_cartography-cncf_cartography__2025-02,26030,259,1210,11987,396,2487,2318,194,921,0.1,0,7,0,201,1,28,92,37,43,0.5,14.9
cartography-cncf/cartography,2025-03,sq-b,ba_cartography-cncf_cartography__2025-03,26185,262,1216,12051,404,2501,2326,194,921,0.1,0,7,0,201,1,28,92,37,43,0.5,14.9
cartography-cncf/cartography,2025-04,sq-b,ba_cartography-cncf_cartography__2025-04,27259,277,1245,12465,458,2559,2363,194,918,0.1,0,8,0,202,1,27,93,37,44,0.5,14.9
cartography-cncf/cartography,2025-05,sq-b,ba_cartography-cncf_cartography__2025-05,36827,349,1371,14042,611,2792,2560,218,1060,0.1,0,9,0,227,1,30,109,43,44,0.4,12.1
cartography-cncf/cartography,2025-06,sq-c,ba_cartography-cncf_cartography__2025-06,40461,401,1512,15435,754,3025,2738,228,1117,0.1,0,10,0,238,1,33,118,39,47,0.4,11.6
cartography-cncf/cartography,2025-07,sq-c,ba_cartography-cncf_cartography__2025-07,48152,513,1727,18577,1126,3520,3216,249,1277,0.1,0,12,0,261,1,42,125,44,49,0.3,11.8
cartography-cncf/cartography,2025-08,sq-b,ba_cartography-cncf_cartography__2025-08,53458,563,1857,20311,1346,3835,3517,253,1334,0.1,0,14,0,267,1,51,124,43,48,0.3,11.4
cartography-cncf/cartography,2025-09,sq-b,ba_cartography-cncf_cartography__2025-09,56697,613,1922,21610,1516,4016,3760,254,1394,0.1,0,14,0,268,1,56,125,42,44,0.3,11.0
cartography-cncf/cartography,2025-10,sq-b,ba_cartography-cncf_cartography__2025-10,62089,668,2016,23590,1638,4413,4383,273,1732,0.1,0,17,0,290,1,68,132,43,46,0.3,11.2
cartography-cncf/cartography,2025-11,sq-b,ba_cartography-cncf_cartography__2025-11,71372,742,2215,26252,1857,4854,4815,294,1845,0.1,0,18,0,312,1,74,145,43,49,0.4,10.9
cartography-cncf/cartography,2025-12,sq-b,ba_cartography-cncf_cartography__2025-12,77255,824,2330,28287,2183,5191,5207,299,2031,0.1,0,18,0,317,1,77,146,43,50,0.4,11.2
cartography-cncf/cartography,2026-01,sq-a,ba_cartography-cncf_cartography__2026-01,99180,1040,2815,36645,2998,6535,6774,339,2604,0.1,0,18,0,357,1,115,149,41,51,0.3,14.4
cartography-cncf/cartography,2026-02,sq-b,ba_cartography-cncf_cartography__2026-02,106710,1093,2976,39334,3188,7215,7715,367,3184,0.1,0,19,0,386,1,142,155,44,44,0.3,14.7
cartography-cncf/cartography,2026-03,sq-b,ba_cartography-cncf_cartography__2026-03,120484,1191,3247,43854,3454,8256,9029,404,3937,0.1,0,17,0,421,2,165,163,48,43,0.3,13.9
cartography-cncf/cartography,2026-04,sq-b,ba_cartography-cncf_cartography__2026-04,141247,1355,3862,51224,4063,10076,11101,471,4828,0.1,0,15,0,486,2,202,187,53,42,0.3,13.4
cartography-cncf/cartography,2026-05,sq-b,ba_cartography-cncf_cartography__2026-05,155695,1398,4099,54504,4302,11044,12085,786,5055,0.1,0,15,0,801,2,210,189,53,347,0.3,12.9
compiler-explorer/infra,2024-04,sq-c,ba_compiler-explorer_infra__2024-04,7409,58,582,5646,55,1648,1931,224,1746,0.8,1,5,0,230,0,35,55,134,6,17.7,3.4
compiler-explorer/infra,2024-05,sq-c,ba_compiler-explorer_infra__2024-05,7436,58,585,5668,55,1654,1938,224,1746,0.8,1,5,0,230,0,35,55,134,6,17.6,3.5
compiler-explorer/infra,2024-06,sq-c,ba_compiler-explorer_infra__2024-06,7473,58,587,5688,55,1658,1942,224,1746,0.8,1,5,0,230,0,35,55,134,6,17.1,3.5
compiler-explorer/infra,2024-07,sq-b,ba_compiler-explorer_infra__2024-07,7515,59,591,5714,55,1665,1948,229,1786,0.8,1,5,0,235,0,36,56,137,6,17.0,3.5
compiler-explorer/infra,2024-08,sq-a,ba_compiler-explorer_infra__2024-08,7604,59,595,5786,55,1682,1982,233,1836,0.8,1,5,0,239,0,38,56,140,5,16.3,3.5
compiler-explorer/infra,2024-09,sq-c,ba_compiler-explorer_infra__2024-09,7664,59,598,5829,55,1703,2015,236,1857,0.8,1,5,0,242,0,40,57,140,5,16.1,3.5
compiler-explorer/infra,2024-10,sq-c,ba_compiler-explorer_infra__2024-10,7673,59,598,5838,55,1703,2021,236,1857,0.8,1,5,0,242,0,40,57,140,5,16.1,3.5
compiler-explorer/infra,2024-11,sq-a,ba_compiler-explorer_infra__2024-11,7722,60,606,5878,56,1713,2024,237,1862,0.8,1,5,0,243,0,41,57,140,5,15.6,3.5
compiler-explorer/infra,2024-12,sq-a,ba_compiler-explorer_infra__2024-12,7734,60,609,5892,56,1722,2029,237,1862,0.8,1,5,0,243,0,41,57,140,5,15.6,3.5
compiler-explorer/infra,2025-01,sq-a,ba_compiler-explorer_infra__2025-01,7753,60,611,5900,56,1730,2031,237,1862,0.8,1,5,0,243,0,41,57,140,5,15.6,3.5
compiler-explorer/infra,2025-02,sq-c,ba_compiler-explorer_infra__2025-02,8103,61,617,6170,57,1820,2257,256,2169,0.9,2,5,0,263,0,44,67,147,5,12.3,3.4
compiler-explorer/infra,2025-03,sq-a,ba_compiler-explorer_infra__2025-03,8123,61,617,6190,57,1828,2280,256,2192,0.9,2,5,0,263,0,44,67,147,5,11.8,3.4
compiler-explorer/infra,2025-04,sq-b,ba_compiler-explorer_infra__2025-04,8900,64,647,6750,57,2000,2564,254,2360,0.9,2,5,0,261,0,48,71,137,5,10.1,4.3
compiler-explorer/infra,2025-05,sq-b,ba_compiler-explorer_infra__2025-05,10092,69,694,7669,58,2287,3051,276,2684,0.9,2,5,0,283,0,66,74,138,5,8.2,6.3
compiler-explorer/infra,2025-06,sq-b,ba_compiler-explorer_infra__2025-06,11700,76,752,8903,60,2583,3648,288,2991,0.9,2,8,0,298,0,78,75,140,5,7.0,7.5
compiler-explorer/infra,2025-07,sq-a,ba_compiler-explorer_infra__2025-07,13039,82,796,9611,64,2790,3961,309,3267,0.8,3,8,0,320,0,83,89,143,5,7.5,8.0
compiler-explorer/infra,2025-08,sq-a,ba_compiler-explorer_infra__2025-08,15853,108,897,11770,83,3257,4690,364,3782,0.8,5,13,0,382,1,102,116,155,8,5.3,11.9
compiler-explorer/infra,2025-09,sq-b,ba_compiler-explorer_infra__2025-09,18197,119,984,13527,98,3734,5444,394,4146,0.8,7,15,0,416,2,120,130,157,7,4.8,14.3
compiler-explorer/infra,2025-10,sq-a,ba_compiler-explorer_infra__2025-10,18663,120,997,13900,99,3817,5573,406,4229,0.8,8,17,0,431,4,128,133,159,7,4.6,14.7
compiler-explorer/infra,2025-11,sq-b,ba_compiler-explorer_infra__2025-11,19122,124,1022,14268,104,3915,5702,410,4270,0.7,8,17,0,435,4,131,134,159,7,4.5,14.9
compiler-explorer/infra,2025-12,sq-c,ba_compiler-explorer_infra__2025-12,19122,124,1022,14268,104,3915,5702,410,4270,0.7,8,17,0,435,4,131,134,159,7,4.5,14.9
compiler-explorer/infra,2026-01,sq-b,ba_compiler-explorer_infra__2026-01,19307,126,1034,14413,105,3947,5753,413,4297,0.7,8,17,0,438,4,132,134,161,7,4.5,15.1
compiler-explorer/infra,2026-02,sq-b,ba_compiler-explorer_infra__2026-02,20246,130,1099,15187,110,4140,5963,428,4439,0.7,8,17,0,453,4,143,137,162,7,4.4,15.5
compiler-explorer/infra,2026-03,sq-c,ba_compiler-explorer_infra__2026-03,20511,132,1114,15419,111,4215,6074,429,4493,0.7,8,17,0,454,4,145,136,162,7,4.2,15.5
compiler-explorer/infra,2026-04,sq-b,ba_compiler-explorer_infra__2026-04,20634,132,1118,15515,111,4251,6123,429,4511,0.7,8,17,0,454,4,145,136,162,7,4.1,15.6
crewAIInc/crewAI,2023-12,sq-c,ba_crewAIInc_crewAI__2023-12,512,14,27,253,11,72,52,7,40,0.3,0,0,0,7,0,0,5,0,2,0.0,14.8
crewAIInc/crewAI,2024-01,sq-c,ba_crewAIInc_crewAI__2024-01,859,23,58,530,19,144,128,12,83,0.3,1,0,0,13,1,2,7,0,3,0.0,16.0
crewAIInc/crewAI,2024-02,sq-b,ba_crewAIInc_crewAI__2024-02,1766,32,122,1110,30,299,293,19,140,0.3,4,1,0,24,1,6,14,1,2,3.9,11.7
crewAIInc/crewAI,2024-03,sq-b,ba_crewAIInc_crewAI__2024-03,2046,43,143,1310,32,345,344,32,275,0.4,5,1,0,38,1,10,24,1,2,3.3,10.8
crewAIInc/crewAI,2024-04,sq-c,ba_crewAIInc_crewAI__2024-04,2691,62,184,1669,48,445,429,46,398,0.5,5,0,0,51,1,19,28,1,2,2.6,10.9
crewAIInc/crewAI,2024-05,sq-b,ba_crewAIInc_crewAI__2024-05,2918,64,192,1800,49,493,501,46,465,0.5,5,0,0,51,1,17,28,1,4,2.4,12.7
crewAIInc/crewAI,2024-06,sq-b,ba_crewAIInc_crewAI__2024-06,3362,73,228,2095,56,579,562,48,513,0.5,5,0,0,53,1,20,26,2,4,1.1,14.5
crewAIInc/crewAI,2024-07,sq-c,ba_crewAIInc_crewAI__2024-07,4925,86,335,2985,67,870,866,63,657,0.4,6,3,0,72,1,25,37,5,4,2.1,13.0
crewAIInc/crewAI,2024-08,sq-c,ba_crewAIInc_crewAI__2024-08,6637,131,484,4103,93,1151,1120,73,822,0.4,6,0,0,79,1,28,40,5,5,2.0,14.8
crewAIInc/crewAI,2024-09,sq-c,ba_crewAIInc_crewAI__2024-09,7783,142,554,4784,108,1380,1487,90,1087,0.5,6,1,0,97,2,39,45,5,6,1.0,13.7
crewAIInc/crewAI,2024-10,sq-a,ba_crewAIInc_crewAI__2024-10,8929,160,664,5622,122,1613,1696,104,1215,0.5,7,1,0,112,2,45,52,6,7,0.8,13.6
crewAIInc/crewAI,2024-11,sq-b,ba_crewAIInc_crewAI__2024-11,10556,190,782,6572,148,1904,2044,115,1436,0.5,6,1,0,122,2,45,64,5,6,1.3,14.4
crewAIInc/crewAI,2024-12,sq-a,ba_crewAIInc_crewAI__2024-12,10556,167,737,6633,135,1936,2207,123,1566,0.5,6,1,0,130,2,50,66,7,5,0.8,18.6
crewAIInc/crewAI,2025-01,sq-b,ba_crewAIInc_crewAI__2025-01,11993,175,813,7578,143,2202,2504,138,1702,0.5,5,1,0,144,2,57,71,9,5,0.8,20.3
crewAIInc/crewAI,2025-02,sq-b,ba_crewAIInc_crewAI__2025-02,13194,185,868,8148,174,2364,2669,162,1804,0.5,6,1,0,169,2,79,73,9,6,1.0,20.2
crewAIInc/crewAI,2025-03,sq-b,ba_crewAIInc_crewAI__2025-03,14648,192,940,9066,182,2757,3170,171,2085,0.5,5,1,0,177,2,84,74,11,6,0.8,21.0
crewAIInc/crewAI,2025-04,sq-a,ba_crewAIInc_crewAI__2025-04,16462,223,1035,10064,207,3039,3501,185,2265,0.5,1,1,0,187,1,94,72,15,5,0.7,20.9
crewAIInc/crewAI,2025-05,sq-c,ba_crewAIInc_crewAI__2025-05,17681,228,1097,10702,226,3272,3778,200,2430,0.5,1,1,0,202,1,103,78,15,5,0.7,20.8
crewAIInc/crewAI,2025-06,sq-c,ba_crewAIInc_crewAI__2025-06,18345,229,1123,11120,229,3398,3953,213,2629,0.5,1,1,0,215,1,111,80,18,5,0.7,20.3
crewAIInc/crewAI,2025-07,sq-b,ba_crewAIInc_crewAI__2025-07,21534,255,1259,12866,265,3929,4624,250,3051,0.5,0,2,0,252,1,133,87,21,10,0.6,18.2
crewAIInc/crewAI,2025-08,sq-a,ba_crewAIInc_crewAI__2025-08,24307,301,1467,14503,319,4404,5025,257,3160,0.4,1,2,0,260,1,134,90,26,9,0.6,20.6
crewAIInc/crewAI,2025-09,sq-c,ba_crewAIInc_crewAI__2025-09,26826,370,1521,15471,403,4668,5231,236,3090,0.4,1,2,0,239,1,128,80,25,5,0.6,23.2
crewAIInc/crewAI,2025-10,sq-b,ba_crewAIInc_crewAI__2025-10,47673,624,2394,27089,773,7836,9567,417,5553,0.4,4,7,0,428,2,194,173,52,7,2.0,22.2
crewAIInc/crewAI,2025-11,sq-c,ba_crewAIInc_crewAI__2025-11,54657,662,2666,30721,830,8932,11140,490,6766,0.4,8,8,0,506,3,241,200,55,7,2.4,22.4
crewAIInc/crewAI,2025-12,sq-b,ba_crewAIInc_crewAI__2025-12,59383,672,2857,33083,851,9524,11997,533,7402,0.4,9,8,0,550,3,263,220,57,7,5.6,23.1
deepmodeling/deepmd-kit,2023-04,sq-c,ba_deepmodeling_deepmd-kit__2023-04,23122,143,984,12805,91,2781,3345,514,3574,0.5,27,0,0,541,1,121,145,252,22,10.8,25.9
deepmodeling/deepmd-kit,2023-05,sq-c,ba_deepmodeling_deepmd-kit__2023-05,23827,144,994,13101,94,2853,3435,528,3696,0.5,38,0,0,566,1,124,157,262,22,10.4,25.3
deepmodeling/deepmd-kit,2023-06,sq-b,ba_deepmodeling_deepmd-kit__2023-06,24381,144,1046,13339,95,2918,3452,510,3568,0.5,38,0,0,548,1,126,156,244,21,10.4,25.8
deepmodeling/deepmd-kit,2023-07,sq-b,ba_deepmodeling_deepmd-kit__2023-07,25635,148,1077,14049,96,3074,3622,524,3688,0.5,39,0,0,563,1,130,165,245,22,10.7,25.5
deepmodeling/deepmd-kit,2023-08,sq-b,ba_deepmodeling_deepmd-kit__2023-08,25878,149,1080,14113,97,3091,3649,523,3693,0.5,39,0,0,562,1,130,163,246,22,10.6,25.4
deepmodeling/deepmd-kit,2023-09,sq-b,ba_deepmodeling_deepmd-kit__2023-09,26688,156,1111,14410,100,3171,3740,541,3734,0.5,39,0,0,580,1,132,164,263,20,10.5,25.3
deepmodeling/deepmd-kit,2023-10,sq-c,ba_deepmodeling_deepmd-kit__2023-10,27358,158,1140,14857,100,3300,3935,561,3941,0.5,39,0,0,600,1,139,168,267,25,10.1,25.3
deepmodeling/deepmd-kit,2023-11,sq-b,ba_deepmodeling_deepmd-kit__2023-11,27443,158,1143,14888,100,3309,3950,562,3955,0.5,39,0,0,601,1,140,168,267,25,10.1,25.4
deepmodeling/deepmd-kit,2023-12,sq-b,ba_deepmodeling_deepmd-kit__2023-12,27896,159,1161,15162,103,3383,4051,570,4010,0.5,39,0,0,609,1,143,169,270,26,10.1,25.5
deepmodeling/deepmd-kit,2024-01,sq-b,ba_deepmodeling_deepmd-kit__2024-01,39861,261,1751,22211,206,4965,6143,796,5871,0.5,56,4,0,856,1,189,254,368,44,8.5,24.0
deepmodeling/deepmd-kit,2024-02,sq-a,ba_deepmodeling_deepmd-kit__2024-02,46236,336,2223,25428,264,5699,6483,863,6083,0.4,59,6,0,928,3,211,266,387,61,8.5,26.2
deepmodeling/deepmd-kit,2024-03,sq-a,ba_deepmodeling_deepmd-kit__2024-03,50862,354,2514,27933,280,6424,7244,883,6735,0.4,89,6,0,978,3,225,303,405,42,8.8,26.4
deepmodeling/deepmd-kit,2024-04,sq-b,ba_deepmodeling_deepmd-kit__2024-04,53188,362,2617,29032,295,6691,7459,904,6902,0.4,88,6,0,998,2,231,312,415,38,8.7,26.4
deepmodeling/deepmd-kit,2024-05,sq-b,ba_deepmodeling_deepmd-kit__2024-05,57064,367,2883,31070,316,7103,7509,936,7226,0.4,87,7,0,1030,1,249,316,441,23,11.3,27.0
deepmodeling/deepmd-kit,2024-06,sq-c,ba_deepmodeling_deepmd-kit__2024-06,58983,371,3035,32050,319,7358,7662,935,7280,0.4,84,7,0,1026,1,254,314,435,22,11.8,26.9
deepmodeling/deepmd-kit,2024-07,sq-c,ba_deepmodeling_deepmd-kit__2024-07,59850,373,3081,32450,320,7489,7802,944,7394,0.4,84,9,0,1037,1,260,318,436,22,11.8,26.9
deepmodeling/deepmd-kit,2024-08,sq-c,ba_deepmodeling_deepmd-kit__2024-08,61001,375,3177,33098,324,7614,7852,963,7571,0.4,84,9,0,1056,1,264,322,447,22,12.8,27.0
deepmodeling/deepmd-kit,2024-09,sq-c,ba_deepmodeling_deepmd-kit__2024-09,62138,391,3220,33536,334,7705,7911,961,7558,0.4,84,8,0,1053,1,267,322,441,22,12.7,26.9
deepmodeling/deepmd-kit,2024-10,sq-b,ba_deepmodeling_deepmd-kit__2024-10,61464,410,3225,33246,333,7674,7927,913,7294,0.4,81,1,0,995,1,263,308,407,16,12.9,27.1
deepmodeling/deepmd-kit,2024-11,sq-a,ba_deepmodeling_deepmd-kit__2024-11,73606,509,3869,39801,413,9341,9970,1063,8902,0.4,96,1,0,1160,1,309,387,444,19,18.5,26.7
deepmodeling/deepmd-kit,2024-12,sq-a,ba_deepmodeling_deepmd-kit__2024-12,78010,517,4094,42094,429,9846,10415,1102,9278,0.4,97,1,0,1200,1,319,391,470,19,22.6,26.7
deepmodeling/deepmd-kit,2025-01,sq-b,ba_deepmodeling_deepmd-kit__2025-01,78518,520,4119,42328,431,9902,10449,1103,9310,0.4,108,1,0,1212,1,319,402,471,19,22.8,26.8
deepmodeling/deepmd-kit,2025-02,sq-c,ba_deepmodeling_deepmd-kit__2025-02,78687,520,4121,42397,431,9919,10476,1103,9313,0.4,108,1,0,1212,1,319,402,471,19,22.6,26.7
deepmodeling/deepmd-kit,2025-03,sq-c,ba_deepmodeling_deepmd-kit__2025-03,82610,532,4299,44310,449,10289,10840,1134,9674,0.4,110,1,0,1245,1,330,414,481,19,23.3,26.5
deepmodeling/deepmd-kit,2025-04,sq-b,ba_deepmodeling_deepmd-kit__2025-04,84335,536,4370,45196,453,10492,11093,1151,9892,0.4,113,1,0,1265,1,338,416,491,19,24.4,26.4
dstackai/dstack,2024-07,sq-c,ba_dstackai_dstack__2024-07,28861,318,1581,15172,583,3954,3690,410,2205,0.3,8,13,0,431,4,81,80,161,105,0.6,5.2
dstackai/dstack,2024-08,sq-c,ba_dstackai_dstack__2024-08,30159,325,1673,15967,608,4177,3910,417,2248,0.2,9,13,0,439,3,84,82,161,109,0.6,5.2
dstackai/dstack,2024-09,sq-c,ba_dstackai_dstack__2024-09,31546,347,1765,16842,634,4408,4143,429,2287,0.2,9,18,0,456,3,92,86,161,114,0.6,5.6
dstackai/dstack,2024-10,sq-a,ba_dstackai_dstack__2024-10,33337,356,1860,17838,653,4690,4430,437,2335,0.2,9,18,0,464,3,92,88,165,116,0.9,5.6
dstackai/dstack,2024-11,sq-b,ba_dstackai_dstack__2024-11,34493,365,1927,18414,678,4873,4616,458,2399,0.2,8,19,0,485,3,96,91,167,128,1.2,5.7
dstackai/dstack,2024-12,sq-b,ba_dstackai_dstack__2024-12,35643,369,1974,18963,675,5062,4814,454,2473,0.2,6,21,0,481,3,93,89,176,120,0.4,5.7
dstackai/dstack,2025-01,sq-b,ba_dstackai_dstack__2025-01,36817,380,2039,19558,694,5241,4974,475,2570,0.2,6,21,0,502,3,97,99,181,122,0.5,5.9
dstackai/dstack,2025-02,sq-c,ba_dstackai_dstack__2025-02,38644,391,2107,20465,707,5511,5326,479,2792,0.2,7,20,0,506,4,106,98,181,117,0.7,5.9
dstackai/dstack,2025-03,sq-c,ba_dstackai_dstack__2025-03,36254,384,2003,19386,641,5217,5058,407,2522,0.2,6,21,0,434,3,98,97,148,88,0.1,6.5
dstackai/dstack,2025-04,sq-c,ba_dstackai_dstack__2025-04,38030,399,2099,20263,673,5471,5298,421,2587,0.2,7,21,0,449,4,99,101,152,93,0.2,6.5
dstackai/dstack,2025-05,sq-b,ba_dstackai_dstack__2025-05,39216,405,2145,20820,682,5630,5505,443,2709,0.2,7,21,0,471,4,105,103,153,106,0.2,6.6
dstackai/dstack,2025-06,sq-c,ba_dstackai_dstack__2025-06,41599,432,2278,22083,712,6022,5878,478,2929,0.2,9,21,0,508,7,109,113,169,110,0.4,6.6
dstackai/dstack,2025-07,sq-a,ba_dstackai_dstack__2025-07,43105,437,2366,22815,723,6284,6153,505,3077,0.2,10,21,0,536,7,122,120,170,117,0.6,6.7
dstackai/dstack,2025-08,sq-c,ba_dstackai_dstack__2025-08,45957,456,2535,24319,769,6741,6636,526,3260,0.2,10,22,0,558,8,130,121,181,118,1.0,6.6
dstackai/dstack,2025-09,sq-b,ba_dstackai_dstack__2025-09,47428,467,2623,25104,792,6975,6860,546,3437,0.2,10,23,0,579,8,136,124,184,127,0.9,6.9
dstackai/dstack,2025-10,sq-a,ba_dstackai_dstack__2025-10,49037,471,2686,25918,807,7249,7163,559,3592,0.2,10,23,0,592,8,143,126,184,131,1.0,6.9
dstackai/dstack,2025-11,sq-b,ba_dstackai_dstack__2025-11,50169,476,2739,26541,811,7455,7379,561,3609,0.2,10,35,0,606,8,146,127,195,130,1.0,7.1
dstackai/dstack,2025-12,sq-b,ba_dstackai_dstack__2025-12,51534,498,2813,27135,860,7565,7362,549,3521,0.2,10,38,0,597,8,146,125,201,117,1.0,7.2
dstackai/dstack,2026-01,sq-b,ba_dstackai_dstack__2026-01,53687,506,2886,28151,877,7918,7837,579,3781,0.2,10,40,0,629,9,162,131,205,122,1.1,7.3
dstackai/dstack,2026-02,sq-b,ba_dstackai_dstack__2026-02,57716,523,3082,30150,939,8475,8390,610,3920,0.2,10,42,0,662,9,172,137,211,133,1.3,7.1
dstackai/dstack,2026-03,sq-a,ba_dstackai_dstack__2026-03,69680,563,3553,35128,1086,9918,9613,659,4018,0.2,10,44,0,713,9,178,146,228,152,2.3,6.4
dstackai/dstack,2026-04,sq-b,ba_dstackai_dstack__2026-04,66533,562,3475,33707,1104,9587,9221,633,4065,0.2,10,47,0,690,10,175,137,233,135,1.1,6.4
dstackai/dstack,2026-05,sq-c,ba_dstackai_dstack__2026-05,69493,576,3600,35123,1140,10081,9734,642,4111,0.2,11,47,0,700,12,178,137,236,137,1.0,6.5
dstackai/dstack,2026-06,sq-b,ba_dstackai_dstack__2026-06,71664,579,3704,36181,1159,10447,10117,657,4213,0.2,11,47,0,715,12,181,140,240,142,1.0,6.6
dstackai/dstack,2026-07,sq-a,ba_dstackai_dstack__2026-07,79328,606,4097,40374,1241,11802,11451,672,4400,0.2,13,49,0,734,14,191,143,242,144,1.0,6.6
duckdb/dbt-duckdb,2024-03,sq-c,ba_duckdb_dbt-duckdb__2024-03,1750,26,143,1192,32,347,328,28,375,0.7,0,0,0,28,0,8,16,2,2,0.0,13.1
duckdb/dbt-duckdb,2024-04,sq-c,ba_duckdb_dbt-duckdb__2024-04,1783,26,150,1213,32,355,329,30,385,0.7,0,0,0,30,0,10,16,2,2,0.0,13.0
duckdb/dbt-duckdb,2024-05,sq-b,ba_duckdb_dbt-duckdb__2024-05,1798,26,151,1217,32,358,332,33,390,0.7,0,0,0,33,0,10,17,2,4,0.0,13.1
duckdb/dbt-duckdb,2024-06,sq-b,ba_duckdb_dbt-duckdb__2024-06,1798,26,151,1217,32,358,332,33,390,0.7,0,0,0,33,0,10,17,2,4,0.0,13.1
duckdb/dbt-duckdb,2024-07,sq-b,ba_duckdb_dbt-duckdb__2024-07,1874,27,151,1244,33,374,353,33,390,0.7,0,0,0,33,0,10,17,2,4,0.0,12.3
duckdb/dbt-duckdb,2024-08,sq-c,ba_duckdb_dbt-duckdb__2024-08,1835,27,150,1234,33,373,353,33,390,0.7,0,0,0,33,0,10,17,2,4,0.0,12.5
duckdb/dbt-duckdb,2024-09,sq-c,ba_duckdb_dbt-duckdb__2024-09,1920,28,156,1289,34,395,383,34,390,0.7,0,0,0,34,0,10,17,2,5,0.0,12.5
duckdb/dbt-duckdb,2024-10,sq-a,ba_duckdb_dbt-duckdb__2024-10,1967,28,158,1326,35,406,401,36,429,0.7,0,0,0,36,0,11,18,2,5,0.0,12.4
duckdb/dbt-duckdb,2024-11,sq-a,ba_duckdb_dbt-duckdb__2024-11,1967,28,158,1326,35,406,401,36,429,0.7,0,0,0,36,0,11,18,2,5,0.0,12.4
duckdb/dbt-duckdb,2024-12,sq-c,ba_duckdb_dbt-duckdb__2024-12,2034,28,161,1378,35,420,424,35,409,0.7,0,0,0,35,0,11,17,2,5,0.0,13.0
duckdb/dbt-duckdb,2025-01,sq-a,ba_duckdb_dbt-duckdb__2025-01,2034,28,161,1378,35,420,424,35,409,0.7,0,0,0,35,0,11,17,2,5,0.0,12.9
duckdb/dbt-duckdb,2025-02,sq-b,ba_duckdb_dbt-duckdb__2025-02,2034,28,161,1378,35,420,424,35,409,0.7,0,0,0,35,0,11,17,2,5,0.0,12.9
duckdb/dbt-duckdb,2025-03,sq-b,ba_duckdb_dbt-duckdb__2025-03,2169,29,180,1518,36,453,449,37,419,0.6,0,0,0,37,0,11,19,2,5,0.0,13.2
duckdb/dbt-duckdb,2025-04,sq-a,ba_duckdb_dbt-duckdb__2025-04,2187,29,180,1534,36,459,464,38,429,0.7,0,0,0,38,0,11,20,2,5,0.0,13.1
duckdb/dbt-duckdb,2025-05,sq-c,ba_duckdb_dbt-duckdb__2025-05,2254,29,181,1589,36,494,525,43,495,0.7,0,0,0,43,0,15,21,2,5,0.0,13.2
duckdb/dbt-duckdb,2025-06,sq-a,ba_duckdb_dbt-duckdb__2025-06,2258,30,179,1592,36,493,533,44,512,0.8,0,0,0,44,0,15,21,3,5,0.0,13.6
duckdb/dbt-duckdb,2025-07,sq-b,ba_duckdb_dbt-duckdb__2025-07,2313,30,183,1633,36,508,552,44,512,0.7,0,0,0,44,0,15,21,3,5,0.0,13.7
duckdb/dbt-duckdb,2025-08,sq-a,ba_duckdb_dbt-duckdb__2025-08,2322,30,184,1645,36,508,549,44,505,0.7,0,0,0,44,0,15,21,3,5,0.0,13.7
duckdb/dbt-duckdb,2025-09,sq-b,ba_duckdb_dbt-duckdb__2025-09,2387,30,189,1693,38,519,561,43,503,0.7,0,0,0,43,0,15,20,3,5,0.0,14.1
duckdb/dbt-duckdb,2025-10,sq-a,ba_duckdb_dbt-duckdb__2025-10,2420,30,192,1717,38,527,566,43,503,0.7,0,0,0,43,0,15,20,3,5,0.0,14.0
duckdb/dbt-duckdb,2025-11,sq-b,ba_duckdb_dbt-duckdb__2025-11,2420,30,192,1717,38,527,566,43,503,0.7,0,0,0,43,0,15,20,3,5,0.0,14.0
duckdb/dbt-duckdb,2025-12,sq-a,ba_duckdb_dbt-duckdb__2025-12,2421,30,192,1718,38,527,566,43,503,0.7,0,0,0,43,0,15,20,3,5,0.0,14.0
duckdb/dbt-duckdb,2026-01,sq-c,ba_duckdb_dbt-duckdb__2026-01,2431,30,192,1723,38,528,566,43,503,0.7,0,0,0,43,0,15,19,4,5,0.0,14.0
duckdb/dbt-duckdb,2026-02,sq-a,ba_duckdb_dbt-duckdb__2026-02,2431,30,192,1723,38,528,566,43,503,0.7,0,0,0,43,0,15,19,4,5,0.0,14.0
duckdb/dbt-duckdb,2026-03,sq-a,ba_duckdb_dbt-duckdb__2026-03,2434,30,192,1723,38,528,566,44,508,0.7,0,0,0,44,0,16,19,4,5,0.0,14.0
econ-ark/HARK,2024-05,sq-a,ba_econ-ark_HARK__2024-05,23367,62,1298,15004,158,2914,2991,4270,12550,1.8,59,0,0,4329,29,89,388,3800,23,7.6,44.8
econ-ark/HARK,2024-06,sq-b,ba_econ-ark_HARK__2024-06,23656,64,1308,15124,163,2942,3035,4305,12710,1.8,59,0,0,4364,29,90,391,3831,23,7.7,44.7
econ-ark/HARK,2024-07,sq-a,ba_econ-ark_HARK__2024-07,23724,63,1315,15176,164,2958,3051,4305,12715,1.8,59,0,0,4364,29,91,391,3831,22,7.7,44.7
econ-ark/HARK,2024-08,sq-c,ba_econ-ark_HARK__2024-08,24240,63,1326,15510,165,3000,3128,4320,12818,1.8,61,0,0,4381,30,92,393,3844,22,7.3,46.6
econ-ark/HARK,2024-09,sq-a,ba_econ-ark_HARK__2024-09,24345,63,1329,15532,165,3003,3128,4325,12836,1.8,61,0,0,4386,30,92,394,3848,22,7.3,46.6
econ-ark/HARK,2024-10,sq-b,ba_econ-ark_HARK__2024-10,24354,63,1329,15540,165,3005,3131,4325,12839,1.8,62,0,0,4387,30,92,395,3848,22,7.3,46.6
econ-ark/HARK,2024-11,sq-c,ba_econ-ark_HARK__2024-11,23994,66,1302,15304,158,2914,2996,4294,12621,1.8,59,0,0,4353,29,88,385,3834,17,7.4,46.7
econ-ark/HARK,2024-12,sq-a,ba_econ-ark_HARK__2024-12,23994,66,1302,15304,158,2914,2996,4294,12621,1.8,59,0,0,4353,29,88,385,3834,17,7.4,46.7
econ-ark/HARK,2025-01,sq-a,ba_econ-ark_HARK__2025-01,23890,66,1286,15227,159,2910,3017,4298,12784,1.8,58,0,0,4356,30,82,359,3865,20,7.5,47.0
econ-ark/HARK,2025-02,sq-a,ba_econ-ark_HARK__2025-02,23918,66,1291,15255,159,2920,3029,4298,12787,1.8,59,0,0,4357,30,82,360,3865,20,7.5,47.0
econ-ark/HARK,2025-03,sq-b,ba_econ-ark_HARK__2025-03,23918,66,1291,15255,159,2920,3029,4298,12787,1.8,59,0,0,4357,30,82,360,3865,20,7.5,47.0
econ-ark/HARK,2025-04,sq-b,ba_econ-ark_HARK__2025-04,23925,66,1292,15259,159,2923,3033,4296,12779,1.8,59,0,0,4355,30,82,359,3864,20,7.5,47.0
econ-ark/HARK,2025-05,sq-b,ba_econ-ark_HARK__2025-05,24097,66,1256,15145,159,2884,3028,4378,13046,1.8,60,0,0,4438,28,87,372,3932,19,7.6,46.7
econ-ark/HARK,2025-06,sq-c,ba_econ-ark_HARK__2025-06,24351,66,1255,15222,159,2882,3035,4391,13094,1.8,60,0,0,4451,28,88,372,3944,19,7.6,46.5
econ-ark/HARK,2025-07,sq-c,ba_econ-ark_HARK__2025-07,26392,67,1334,16973,168,3360,3743,4542,13905,1.8,59,0,0,4601,30,130,378,4042,21,7.2,46.1
econ-ark/HARK,2025-08,sq-b,ba_econ-ark_HARK__2025-08,26787,68,1356,17280,169,3416,3789,4668,14206,1.8,59,0,0,4727,32,131,382,4161,21,7.1,46.1
econ-ark/HARK,2025-09,sq-c,ba_econ-ark_HARK__2025-09,26787,68,1356,17280,169,3416,3789,4668,14206,1.8,59,0,0,4727,32,131,382,4161,21,7.1,46.1
econ-ark/HARK,2025-10,sq-a,ba_econ-ark_HARK__2025-10,26345,67,1347,17119,171,3379,3637,4634,14102,1.8,58,0,0,4692,32,129,368,4142,21,5.3,46.6
econ-ark/HARK,2025-11,sq-c,ba_econ-ark_HARK__2025-11,26577,67,1348,17197,170,3402,3685,4654,14141,1.8,57,0,0,4711,29,132,365,4164,21,5.4,46.5
econ-ark/HARK,2025-12,sq-c,ba_econ-ark_HARK__2025-12,27280,68,1378,17555,172,3454,3748,4813,14631,1.8,59,0,0,4872,29,135,379,4308,21,5.3,46.7
econ-ark/HARK,2026-01,sq-b,ba_econ-ark_HARK__2026-01,28029,77,1399,17913,182,3567,3858,4895,14875,1.8,59,0,0,4954,29,135,384,4389,17,4.6,46.6
econ-ark/HARK,2026-02,sq-a,ba_econ-ark_HARK__2026-02,28530,77,1429,18161,182,3628,3844,4948,14673,1.7,60,0,0,5008,30,126,383,4453,16,4.2,47.1
econ-ark/HARK,2026-03,sq-c,ba_econ-ark_HARK__2026-03,29097,78,1441,18463,184,3704,3940,5070,14990,1.7,61,0,0,5131,30,127,385,4573,16,4.1,47.0
econ-ark/HARK,2026-04,sq-b,ba_econ-ark_HARK__2026-04,28800,79,1487,18313,187,3697,3845,5118,15062,1.7,62,0,0,5180,30,126,384,4625,15,3.4,47.6
econ-ark/HARK,2026-05,sq-c,ba_econ-ark_HARK__2026-05,29020,79,1549,18395,187,3752,3766,5148,14914,1.7,60,0,0,5208,28,102,388,4675,15,3.0,47.5
electricitymaps/electricitymaps-contrib,2023-10,sq-c,ba_electricitymaps_electricitymaps-contrib__2023-10,21819,149,701,10471,57,2528,2838,645,3578,0.5,35,69,0,749,4,233,230,249,33,2.8,12.0
electricitymaps/electricitymaps-contrib,2023-11,sq-a,ba_electricitymaps_electricitymaps-contrib__2023-11,23211,160,749,11224,57,2693,3054,577,3322,0.5,37,74,0,688,2,197,210,243,36,2.7,11.5
electricitymaps/electricitymaps-contrib,2023-12,sq-b,ba_electricitymaps_electricitymaps-contrib__2023-12,23255,160,752,11258,56,2700,3058,577,3326,0.5,37,74,0,688,2,196,208,246,36,2.7,11.4
electricitymaps/electricitymaps-contrib,2024-01,sq-b,ba_electricitymaps_electricitymaps-contrib__2024-01,23018,158,754,11212,57,2713,3052,572,3245,0.5,38,74,0,684,3,193,207,241,40,2.7,11.6
electricitymaps/electricitymaps-contrib,2024-02,sq-b,ba_electricitymaps_electricitymaps-contrib__2024-02,23276,161,770,11379,60,2766,3059,526,3051,0.4,37,74,0,637,2,189,203,202,41,2.7,11.5
electricitymaps/electricitymaps-contrib,2024-03,sq-c,ba_electricitymaps_electricitymaps-contrib__2024-03,23388,162,783,11465,60,2788,3049,517,3002,0.4,36,72,0,625,2,187,194,201,41,2.8,11.4
electricitymaps/electricitymaps-contrib,2024-04,sq-c,ba_electricitymaps_electricitymaps-contrib__2024-04,23615,163,781,11558,68,2815,3061,504,2861,0.4,36,70,0,610,2,184,180,203,41,2.6,11.2
electricitymaps/electricitymaps-contrib,2024-05,sq-b,ba_electricitymaps_electricitymaps-contrib__2024-05,23790,163,785,11658,66,2851,3121,503,2868,0.4,36,70,0,609,2,184,179,203,41,2.6,11.2
electricitymaps/electricitymaps-contrib,2024-06,sq-a,ba_electricitymaps_electricitymaps-contrib__2024-06,23890,163,789,11646,66,2863,3127,494,2777,0.4,36,70,0,600,2,180,172,206,40,2.6,11.2
electricitymaps/electricitymaps-contrib,2024-07,sq-a,ba_electricitymaps_electricitymaps-contrib__2024-07,23897,163,789,11656,66,2864,3128,491,2766,0.4,36,70,0,597,2,180,170,205,40,2.6,11.2
electricitymaps/electricitymaps-contrib,2024-08,sq-b,ba_electricitymaps_electricitymaps-contrib__2024-08,24078,164,797,11742,70,2886,3146,494,2788,0.4,36,67,0,597,2,179,171,204,41,2.6,11.1
electricitymaps/electricitymaps-contrib,2024-09,sq-a,ba_electricitymaps_electricitymaps-contrib__2024-09,24199,164,797,11791,70,2894,3148,491,2800,0.4,39,71,0,601,2,181,177,202,39,2.6,11.1
electricitymaps/electricitymaps-contrib,2024-10,sq-b,ba_electricitymaps_electricitymaps-contrib__2024-10,24271,166,800,11846,70,2912,3176,495,2814,0.4,39,71,0,605,2,182,178,203,40,2.6,11.2
electricitymaps/electricitymaps-contrib,2024-11,sq-c,ba_electricitymaps_electricitymaps-contrib__2024-11,24726,167,812,12067,70,2980,3274,508,2883,0.4,39,71,0,618,2,184,183,209,40,2.5,11.1
electricitymaps/electricitymaps-contrib,2024-12,sq-b,ba_electricitymaps_electricitymaps-contrib__2024-12,24699,167,808,12064,70,2991,3303,498,2831,0.4,39,69,0,606,2,182,178,204,40,2.5,10.9
electricitymaps/electricitymaps-contrib,2025-01,sq-a,ba_electricitymaps_electricitymaps-contrib__2025-01,24719,167,807,12103,71,2985,3287,490,2786,0.4,41,67,0,598,2,184,175,196,41,2.6,11.2
electricitymaps/electricitymaps-contrib,2025-02,sq-b,ba_electricitymaps_electricitymaps-contrib__2025-02,25020,167,813,12180,72,3011,3305,493,2791,0.4,37,70,0,600,2,180,176,200,42,2.6,11.3
electricitymaps/electricitymaps-contrib,2025-03,sq-a,ba_electricitymaps_electricitymaps-contrib__2025-03,25751,167,830,12491,78,3095,3397,518,2935,0.4,37,72,0,627,2,184,192,203,46,2.5,11.6
electricitymaps/electricitymaps-contrib,2025-04,sq-a,ba_electricitymaps_electricitymaps-contrib__2025-04,26035,168,833,12636,78,3134,3447,524,2974,0.4,34,67,0,625,2,184,192,199,48,2.6,11.6
electricitymaps/electricitymaps-contrib,2025-05,sq-c,ba_electricitymaps_electricitymaps-contrib__2025-05,26361,169,848,12827,81,3198,3551,541,3096,0.4,34,75,0,650,2,186,204,210,48,2.6,11.6
electricitymaps/electricitymaps-contrib,2025-06,sq-a,ba_electricitymaps_electricitymaps-contrib__2025-06,27026,170,870,13124,84,3282,3642,581,3281,0.4,41,76,0,698,2,201,208,230,57,2.5,11.6
electricitymaps/electricitymaps-contrib,2025-07,sq-b,ba_electricitymaps_electricitymaps-contrib__2025-07,26840,170,861,13097,84,3270,3640,569,3168,0.4,41,77,0,687,2,196,204,230,55,2.5,11.4
electricitymaps/electricitymaps-contrib,2025-08,sq-c,ba_electricitymaps_electricitymaps-contrib__2025-08,27137,172,872,13235,84,3290,3676,575,3206,0.4,41,79,0,695,2,199,207,232,55,2.6,11.4
electricitymaps/electricitymaps-contrib,2025-09,sq-c,ba_electricitymaps_electricitymaps-contrib__2025-09,27177,173,872,13262,84,3298,3687,577,3214,0.4,38,79,0,694,2,197,207,233,55,2.6,11.3
electricitymaps/electricitymaps-contrib,2025-10,sq-a,ba_electricitymaps_electricitymaps-contrib__2025-10,27301,175,878,13360,88,3315,3684,568,3160,0.4,37,78,0,683,3,193,199,233,55,2.6,11.6
elementary-data/dbt-data-reliability,2024-06,sq-c,ba_elementary-data_dbt-data-reliability__2024-06,915,4,41,348,3,126,126,6,73,0.3,2,63,0,71,0,5,66,0,0,0.0,0.8
elementary-data/dbt-data-reliability,2024-07,sq-b,ba_elementary-data_dbt-data-reliability__2024-07,913,4,41,347,2,126,126,6,73,0.3,2,63,0,71,0,5,66,0,0,0.0,0.8
elementary-data/dbt-data-reliability,2024-08,sq-c,ba_elementary-data_dbt-data-reliability__2024-08,913,4,41,347,2,126,126,6,73,0.3,2,63,0,71,0,5,66,0,0,0.0,0.8
elementary-data/dbt-data-reliability,2024-09,sq-c,ba_elementary-data_dbt-data-reliability__2024-09,913,4,41,347,2,126,126,6,73,0.3,2,63,0,71,0,5,66,0,0,0.0,0.8
elementary-data/dbt-data-reliability,2024-10,sq-c,ba_elementary-data_dbt-data-reliability__2024-10,913,4,41,347,2,126,126,6,73,0.3,2,63,0,71,0,5,66,0,0,0.0,0.8
elementary-data/dbt-data-reliability,2024-11,sq-a,ba_elementary-data_dbt-data-reliability__2024-11,913,4,41,347,2,126,126,6,73,0.3,2,63,0,71,0,5,66,0,0,0.0,0.8
elementary-data/dbt-data-reliability,2024-12,sq-b,ba_elementary-data_dbt-data-reliability__2024-12,913,4,41,347,2,126,126,6,73,0.3,2,63,0,71,0,5,66,0,0,0.0,0.8
elementary-data/dbt-data-reliability,2025-01,sq-a,ba_elementary-data_dbt-data-reliability__2025-01,913,4,41,347,2,126,126,6,73,0.3,2,63,0,71,0,5,66,0,0,0.0,0.8
elementary-data/dbt-data-reliability,2025-02,sq-b,ba_elementary-data_dbt-data-reliability__2025-02,913,4,41,347,2,126,126,6,73,0.3,2,63,0,71,0,5,66,0,0,0.0,0.8
elementary-data/dbt-data-reliability,2025-03,sq-c,ba_elementary-data_dbt-data-reliability__2025-03,913,4,41,347,2,126,126,6,73,0.3,2,63,0,71,0,5,66,0,0,0.0,0.8
elementary-data/dbt-data-reliability,2025-04,sq-c,ba_elementary-data_dbt-data-reliability__2025-04,913,4,41,347,2,126,126,6,73,0.3,2,63,0,71,0,5,66,0,0,0.0,0.8
elementary-data/dbt-data-reliability,2025-05,sq-c,ba_elementary-data_dbt-data-reliability__2025-05,913,4,41,347,2,126,126,6,73,0.3,2,63,0,71,0,5,66,0,0,0.0,0.8
elementary-data/dbt-data-reliability,2025-06,sq-a,ba_elementary-data_dbt-data-reliability__2025-06,962,4,43,365,2,132,132,6,76,0.3,2,63,0,71,0,5,66,0,0,0.0,1.7
elementary-data/dbt-data-reliability,2025-07,sq-c,ba_elementary-data_dbt-data-reliability__2025-07,962,4,43,365,2,132,132,6,76,0.3,2,63,0,71,0,5,66,0,0,0.0,1.7
elementary-data/dbt-data-reliability,2025-08,sq-b,ba_elementary-data_dbt-data-reliability__2025-08,962,4,43,365,2,132,132,6,76,0.3,2,63,0,71,0,5,66,0,0,0.0,1.7
elementary-data/dbt-data-reliability,2025-09,sq-c,ba_elementary-data_dbt-data-reliability__2025-09,962,4,43,365,2,132,132,6,76,0.3,2,63,0,71,0,5,66,0,0,0.0,1.7
elementary-data/dbt-data-reliability,2025-10,sq-a,ba_elementary-data_dbt-data-reliability__2025-10,962,4,43,365,2,132,132,6,76,0.3,2,63,0,71,0,5,66,0,0,0.0,1.7
elementary-data/dbt-data-reliability,2025-11,sq-b,ba_elementary-data_dbt-data-reliability__2025-11,962,4,43,365,2,132,132,6,76,0.3,2,63,0,71,0,5,66,0,0,0.0,1.7
elementary-data/dbt-data-reliability,2025-12,sq-b,ba_elementary-data_dbt-data-reliability__2025-12,962,4,43,365,2,132,132,6,76,0.3,2,63,0,71,0,5,66,0,0,0.0,1.7
elementary-data/dbt-data-reliability,2026-01,sq-a,ba_elementary-data_dbt-data-reliability__2026-01,962,4,43,365,2,132,132,6,76,0.3,2,63,0,71,0,5,66,0,0,0.0,1.7
elementary-data/dbt-data-reliability,2026-02,sq-c,ba_elementary-data_dbt-data-reliability__2026-02,1054,5,48,414,3,144,144,6,76,0.2,2,64,0,72,0,5,67,0,0,0.0,3.7
elementary-data/dbt-data-reliability,2026-03,sq-a,ba_elementary-data_dbt-data-reliability__2026-03,95,2,6,52,1,13,12,1,5,0.2,0,1,0,2,0,0,2,0,0,0.0,19.5
elementary-data/dbt-data-reliability,2026-04,sq-b,ba_elementary-data_dbt-data-reliability__2026-04,95,2,6,52,1,13,12,1,5,0.2,0,1,0,2,0,0,2,0,0,0.0,19.5
elementary-data/dbt-data-reliability,2026-05,sq-a,ba_elementary-data_dbt-data-reliability__2026-05,97,2,6,54,1,15,14,1,5,0.2,0,1,0,2,0,0,2,0,0,0.0,21.1
elementary-data/dbt-data-reliability,2026-06,sq-c,ba_elementary-data_dbt-data-reliability__2026-06,97,2,6,54,1,15,14,1,5,0.2,0,1,0,2,0,0,2,0,0,0.0,21.1
ethyca/fides,2024-06,sq-b,ba_ethyca_fides__2024-06,45174,409,2138,23639,822,5531,5262,900,4700,0.3,4,12,0,916,1,379,71,427,38,1.9,18.9
ethyca/fides,2024-07,sq-c,ba_ethyca_fides__2024-07,46348,417,2187,24228,845,5697,5445,935,4882,0.4,4,12,0,951,1,397,73,441,39,1.9,18.8
ethyca/fides,2024-08,sq-c,ba_ethyca_fides__2024-08,47668,424,2254,24717,754,5894,5656,736,3971,0.3,5,12,0,753,1,184,86,444,38,1.9,18.8
ethyca/fides,2024-09,sq-a,ba_ethyca_fides__2024-09,49104,435,2310,25361,771,6034,5783,756,4062,0.3,5,11,0,772,1,189,86,454,42,1.7,18.9
ethyca/fides,2024-10,sq-b,ba_ethyca_fides__2024-10,49756,443,2354,25746,784,6133,5864,767,4124,0.3,7,11,0,785,3,190,90,458,44,2.0,18.9
ethyca/fides,2024-11,sq-b,ba_ethyca_fides__2024-11,50787,447,2387,26156,789,6238,5972,776,4190,0.3,7,11,0,794,3,194,91,462,44,1.9,18.8
ethyca/fides,2024-12,sq-a,ba_ethyca_fides__2024-12,49572,449,2344,25597,787,6111,5816,759,4039,0.3,7,10,0,776,3,187,79,463,44,2.0,19.0
ethyca/fides,2025-01,sq-a,ba_ethyca_fides__2025-01,50121,453,2375,25821,792,6178,5855,756,4015,0.3,7,10,0,773,3,187,79,462,42,2.1,18.9
ethyca/fides,2025-02,sq-a,ba_ethyca_fides__2025-02,51609,471,2461,26669,832,6375,6043,788,4180,0.3,8,11,0,807,4,195,81,484,43,2.0,19.0
ethyca/fides,2025-03,sq-c,ba_ethyca_fides__2025-03,52656,482,2504,27284,841,6517,6216,786,4212,0.3,8,10,0,804,4,195,75,486,44,2.0,19.4
ethyca/fides,2025-04,sq-a,ba_ethyca_fides__2025-04,53528,489,2548,27777,857,6645,6354,800,4266,0.3,8,10,0,818,4,196,76,488,54,2.0,19.4
ethyca/fides,2025-05,sq-c,ba_ethyca_fides__2025-05,53689,487,2551,27885,860,6665,6377,804,4285,0.3,8,10,0,822,4,199,77,488,54,2.0,19.2
ethyca/fides,2025-06,sq-a,ba_ethyca_fides__2025-06,57205,506,2704,29879,898,7202,6983,839,4631,0.3,8,10,0,857,4,217,81,490,65,1.9,19.6
ethyca/fides,2025-07,sq-a,ba_ethyca_fides__2025-07,60525,530,2901,32123,933,7765,7589,869,4890,0.3,8,10,0,887,7,227,84,502,67,2.0,19.7
ethyca/fides,2025-08,sq-a,ba_ethyca_fides__2025-08,64324,560,3092,34328,971,8339,8217,911,5137,0.3,8,14,0,933,7,238,112,508,68,1.8,20.4
ethyca/fides,2025-09,sq-a,ba_ethyca_fides__2025-09,70168,593,3322,37715,1018,9129,9182,994,5460,0.3,9,28,0,1031,7,256,167,531,70,2.0,20.7
ethyca/fides,2025-10,sq-c,ba_ethyca_fides__2025-10,72881,613,3444,39167,1044,9491,9525,1002,5502,0.3,10,32,0,1044,8,260,168,539,69,1.9,20.8
ethyca/fides,2025-11,sq-c,ba_ethyca_fides__2025-11,74051,619,3487,39774,1057,9656,9714,1012,5558,0.3,10,32,0,1054,8,265,169,543,69,1.9,20.9
ethyca/fides,2025-12,sq-c,ba_ethyca_fides__2025-12,75105,626,3528,40394,1065,9843,9939,1016,5562,0.2,9,34,0,1059,8,267,166,555,63,1.8,21.1
ethyca/fides,2026-01,sq-a,ba_ethyca_fides__2026-01,77310,631,3598,41386,1082,10153,10373,1031,5712,0.2,8,34,0,1073,9,276,163,559,66,1.8,21.1
ethyca/fides,2026-02,sq-b,ba_ethyca_fides__2026-02,80420,668,3744,42730,1156,10416,10534,1016,5793,0.2,9,34,0,1059,10,262,175,562,50,1.0,21.8
ethyca/fides,2026-03,sq-a,ba_ethyca_fides__2026-03,83598,701,3960,44551,1213,10969,10970,1019,5897,0.2,10,35,0,1064,10,258,179,571,46,0.9,22.1
ethyca/fides,2026-04,sq-a,ba_ethyca_fides__2026-04,87128,723,4108,46366,1251,11430,11433,1059,6233,0.2,10,36,0,1105,9,272,187,591,46,0.8,22.1
ethyca/fides,2026-05,sq-b,ba_ethyca_fides__2026-05,90409,764,4287,48172,1314,11931,11910,1062,6322,0.2,10,35,0,1107,9,271,187,594,46,0.8,22.3
ethyca/fides,2026-06,sq-b,ba_ethyca_fides__2026-06,90427,764,4288,48181,1314,11931,11909,1062,6322,0.2,10,35,0,1107,9,271,187,594,46,0.8,22.3
exa-labs/exa-py,2024-06,sq-b,ba_exa-labs_exa-py__2024-06,639,4,39,221,10,77,39,3,27,0.1,0,0,0,3,0,0,2,1,0,12.0,20.1
exa-labs/exa-py,2024-07,sq-b,ba_exa-labs_exa-py__2024-07,912,4,55,266,15,95,39,14,247,0.9,0,0,0,14,0,0,13,1,0,23.1,18.1
exa-labs/exa-py,2024-08,sq-a,ba_exa-labs_exa-py__2024-08,1008,4,55,277,15,104,48,19,347,1.1,0,0,0,19,0,0,18,1,0,24.9,16.9
exa-labs/exa-py,2024-09,sq-c,ba_exa-labs_exa-py__2024-09,1017,4,56,276,15,111,54,19,347,1.1,0,0,0,19,0,0,18,1,0,24.8,17.0
exa-labs/exa-py,2024-10,sq-c,ba_exa-labs_exa-py__2024-10,1146,4,65,325,16,123,54,19,347,1.0,0,0,0,19,0,0,18,1,0,24.8,15.9
exa-labs/exa-py,2024-11,sq-c,ba_exa-labs_exa-py__2024-11,1146,4,65,325,16,123,54,19,347,1.0,0,0,0,19,0,0,18,1,0,24.8,15.9
exa-labs/exa-py,2024-12,sq-b,ba_exa-labs_exa-py__2024-12,1149,4,65,326,16,123,54,19,347,1.0,0,0,0,19,0,0,18,1,0,24.8,15.8
exa-labs/exa-py,2025-01,sq-c,ba_exa-labs_exa-py__2025-01,1367,4,77,422,20,147,74,21,373,0.9,0,0,0,21,0,1,19,1,0,22.2,18.2
exa-labs/exa-py,2025-02,sq-c,ba_exa-labs_exa-py__2025-02,1393,4,78,449,23,153,81,23,383,0.9,0,0,0,23,0,1,21,1,0,21.4,18.4
exa-labs/exa-py,2025-03,sq-a,ba_exa-labs_exa-py__2025-03,2761,17,123,1040,95,259,148,45,525,0.6,0,0,0,45,0,22,22,1,0,18.7,19.6
exa-labs/exa-py,2025-04,sq-a,ba_exa-labs_exa-py__2025-04,2895,17,127,1099,98,272,165,42,495,0.6,0,0,0,42,0,20,21,1,0,19.3,20.0
exa-labs/exa-py,2025-05,sq-a,ba_exa-labs_exa-py__2025-05,3348,24,147,1327,121,315,195,31,440,0.4,1,0,0,32,1,6,24,1,0,16.4,21.2
exa-labs/exa-py,2025-06,sq-c,ba_exa-labs_exa-py__2025-06,4154,28,160,1689,139,400,312,35,517,0.4,0,0,0,35,0,8,26,1,0,20.8,20.3
exa-labs/exa-py,2025-07,sq-a,ba_exa-labs_exa-py__2025-07,4676,28,165,1843,152,443,370,33,510,0.4,0,0,0,33,0,9,23,1,0,20.5,19.8
exa-labs/exa-py,2025-08,sq-b,ba_exa-labs_exa-py__2025-08,5934,33,256,2586,200,635,598,46,638,0.4,1,0,0,47,0,19,27,1,0,21.3,22.2
exa-labs/exa-py,2025-09,sq-a,ba_exa-labs_exa-py__2025-09,5993,33,256,2633,202,659,644,48,671,0.4,1,0,0,49,0,21,27,1,0,21.4,22.4
exa-labs/exa-py,2025-10,sq-c,ba_exa-labs_exa-py__2025-10,5434,33,233,2595,197,625,647,37,451,0.3,1,0,0,38,0,21,16,1,0,19.8,24.4
exa-labs/exa-py,2025-11,sq-c,ba_exa-labs_exa-py__2025-11,5439,33,233,2595,197,625,647,37,451,0.3,1,0,0,38,0,21,16,1,0,19.8,24.5
exa-labs/exa-py,2025-12,sq-a,ba_exa-labs_exa-py__2025-12,5475,33,233,2604,198,627,649,37,451,0.3,1,0,0,38,0,21,16,1,0,20.0,24.5
exa-labs/exa-py,2026-01,sq-a,ba_exa-labs_exa-py__2026-01,6418,34,274,3249,216,866,1003,45,619,0.3,1,0,0,46,0,28,17,1,0,15.1,26.3
exa-labs/exa-py,2026-02,sq-a,ba_exa-labs_exa-py__2026-02,6486,34,275,3281,220,875,1020,46,625,0.3,1,0,0,47,0,29,17,1,0,15.0,26.3
exa-labs/exa-py,2026-03,sq-c,ba_exa-labs_exa-py__2026-03,7065,40,307,3592,246,948,1095,47,658,0.3,1,0,0,48,0,30,17,1,0,13.6,27.4
exa-labs/exa-py,2026-04,sq-b,ba_exa-labs_exa-py__2026-04,7193,40,309,3634,248,960,1107,49,702,0.3,1,0,0,50,0,30,19,1,0,14.3,27.7
exa-labs/exa-py,2026-05,sq-a,ba_exa-labs_exa-py__2026-05,7997,47,349,4030,271,1085,1244,52,751,0.3,1,0,0,53,0,33,19,1,0,13.5,28.6
exa-labs/exa-py,2026-06,sq-b,ba_exa-labs_exa-py__2026-06,8340,47,377,4163,278,1128,1266,62,901,0.4,1,0,0,63,0,43,19,1,0,13.9,27.5
feast-dev/feast,2023-12,sq-b,ba_feast-dev_feast__2023-12,32535,229,1763,14860,319,4069,3682,342,1912,0.2,3,13,0,358,0,160,82,60,56,4.3,16.0
feast-dev/feast,2024-01,sq-a,ba_feast-dev_feast__2024-01,32748,229,1772,14929,319,4087,3707,343,1933,0.2,3,13,0,359,0,160,83,60,56,4.3,15.9
feast-dev/feast,2024-02,sq-c,ba_feast-dev_feast__2024-02,33132,232,1809,15074,314,4141,3741,337,1920,0.2,4,13,0,354,1,144,87,66,56,4.3,15.8
feast-dev/feast,2024-03,sq-c,ba_feast-dev_feast__2024-03,33890,247,1901,15515,323,4292,3867,358,2140,0.2,4,12,0,374,1,150,98,63,62,4.3,15.5
feast-dev/feast,2024-04,sq-c,ba_feast-dev_feast__2024-04,34372,248,1927,15736,326,4365,3919,359,2072,0.2,4,11,0,374,1,148,97,64,64,4.1,15.6
feast-dev/feast,2024-05,sq-b,ba_feast-dev_feast__2024-05,34620,246,1940,15736,319,4362,3843,342,1906,0.2,4,12,0,358,1,132,98,63,64,4.4,15.4
feast-dev/feast,2024-06,sq-c,ba_feast-dev_feast__2024-06,35864,241,2012,16219,315,4502,3971,357,2005,0.2,4,11,0,372,1,137,100,69,65,4.3,15.2
feast-dev/feast,2024-07,sq-b,ba_feast-dev_feast__2024-07,35811,241,2022,16242,316,4519,3987,321,1832,0.2,4,12,0,337,1,101,102,69,64,4.3,15.2
feast-dev/feast,2024-08,sq-c,ba_feast-dev_feast__2024-08,38399,274,2209,17636,357,4922,4357,326,1910,0.2,5,13,0,344,1,91,108,76,68,4.0,15.3
feast-dev/feast,2024-09,sq-a,ba_feast-dev_feast__2024-09,39976,287,2313,18422,363,5218,4677,328,2006,0.2,6,13,0,347,1,93,108,75,70,3.9,15.2
feast-dev/feast,2024-10,sq-b,ba_feast-dev_feast__2024-10,41449,291,2384,19027,371,5403,4847,338,2090,0.2,6,13,0,357,1,97,109,81,69,3.9,15.0
feast-dev/feast,2024-11,sq-b,ba_feast-dev_feast__2024-11,42017,296,2400,19270,374,5481,4942,341,2123,0.2,6,13,0,360,1,101,114,76,68,3.8,15.2
feast-dev/feast,2024-12,sq-b,ba_feast-dev_feast__2024-12,42452,302,2418,19501,377,5564,5046,345,2161,0.2,6,13,0,364,1,102,116,77,68,3.8,15.1
feast-dev/feast,2025-01,sq-a,ba_feast-dev_feast__2025-01,42789,302,2430,19637,377,5618,5140,349,2223,0.2,6,13,0,368,1,104,118,77,68,3.9,15.1
feast-dev/feast,2025-02,sq-b,ba_feast-dev_feast__2025-02,44463,310,2491,20271,386,5787,5323,368,2357,0.2,7,14,0,389,1,109,123,86,70,4.0,15.0
feast-dev/feast,2025-03,sq-a,ba_feast-dev_feast__2025-03,46172,329,2560,20917,398,6004,5605,378,2538,0.2,8,14,0,400,2,116,124,87,71,4.0,14.8
feast-dev/feast,2025-04,sq-c,ba_feast-dev_feast__2025-04,48419,371,2717,22270,436,6339,5881,401,2708,0.2,8,14,0,423,2,128,126,94,73,3.8,14.6
feast-dev/feast,2025-05,sq-a,ba_feast-dev_feast__2025-05,49027,385,2749,22533,437,6387,5910,431,2858,0.2,8,16,0,455,4,128,127,123,73,3.8,14.5
feast-dev/feast,2025-06,sq-a,ba_feast-dev_feast__2025-06,50384,394,2798,23280,446,6673,6293,447,3044,0.2,11,16,0,474,4,138,130,126,76,3.4,14.9
feast-dev/feast,2025-07,sq-b,ba_feast-dev_feast__2025-07,53514,401,2918,24786,453,7208,7138,566,3905,0.2,11,17,0,594,5,156,134,219,80,3.3,14.5
feast-dev/feast,2025-08,sq-a,ba_feast-dev_feast__2025-08,58449,418,3125,27531,478,8070,8601,652,5104,0.3,20,19,0,691,5,200,167,238,81,3.4,14.3
feast-dev/feast,2025-09,sq-b,ba_feast-dev_feast__2025-09,58995,420,3167,27891,482,8167,8732,654,5197,0.3,20,19,0,693,5,201,168,238,81,3.3,14.5
feast-dev/feast,2025-10,sq-c,ba_feast-dev_feast__2025-10,60730,429,3255,29001,492,8499,9190,683,5485,0.3,20,19,0,722,5,214,179,242,82,3.4,14.9
feast-dev/feast,2025-11,sq-c,ba_feast-dev_feast__2025-11,61572,434,3291,29507,499,8686,9524,700,5734,0.3,20,19,0,739,5,220,186,245,83,3.3,15.4
feast-dev/feast,2025-12,sq-c,ba_feast-dev_feast__2025-12,62650,441,3326,30059,499,8827,9731,708,5848,0.3,21,27,0,756,5,224,198,246,83,3.5,15.5
flashinfer-ai/flashinfer,2024-07,sq-c,ba_flashinfer-ai_flashinfer__2024-07,2882,25,102,1244,11,312,330,36,200,0.2,0,0,0,36,0,7,15,14,0,1.9,49.9
flashinfer-ai/flashinfer,2024-08,sq-a,ba_flashinfer-ai_flashinfer__2024-08,3461,26,126,1532,12,364,379,54,364,0.4,0,0,0,54,0,8,26,20,0,2.5,51.9
flashinfer-ai/flashinfer,2024-09,sq-c,ba_flashinfer-ai_flashinfer__2024-09,3475,26,126,1538,12,366,381,54,364,0.3,0,0,0,54,0,8,26,20,0,2.5,51.8
flashinfer-ai/flashinfer,2024-10,sq-c,ba_flashinfer-ai_flashinfer__2024-10,6245,38,245,2148,14,548,479,82,587,0.3,0,0,0,82,0,20,32,30,0,3.5,38.7
flashinfer-ai/flashinfer,2024-11,sq-a,ba_flashinfer-ai_flashinfer__2024-11,8252,43,288,2764,16,671,621,109,1227,0.5,0,0,0,109,0,22,56,31,0,5.3,34.4
flashinfer-ai/flashinfer,2024-12,sq-a,ba_flashinfer-ai_flashinfer__2024-12,11208,51,333,3230,16,808,783,152,1768,0.5,3,0,0,155,0,28,89,38,0,7.8,29.0
flashinfer-ai/flashinfer,2025-01,sq-b,ba_flashinfer-ai_flashinfer__2025-01,8884,48,313,3312,17,790,819,148,1541,0.6,3,0,0,151,0,29,85,37,0,4.6,33.9
flashinfer-ai/flashinfer,2025-02,sq-c,ba_flashinfer-ai_flashinfer__2025-02,9814,53,330,3647,18,866,911,158,1622,0.6,3,0,0,161,0,33,91,37,0,4.0,33.0
flashinfer-ai/flashinfer,2025-03,sq-c,ba_flashinfer-ai_flashinfer__2025-03,11442,66,388,4476,22,1071,1170,210,2496,0.7,8,0,0,218,0,40,124,54,0,6.5,31.4
flashinfer-ai/flashinfer,2025-04,sq-b,ba_flashinfer-ai_flashinfer__2025-04,12903,75,438,5155,22,1250,1429,280,3047,0.8,8,0,0,288,0,52,144,91,1,6.7,30.3
flashinfer-ai/flashinfer,2025-05,sq-a,ba_flashinfer-ai_flashinfer__2025-05,15209,92,593,6455,54,1561,1640,350,3442,0.8,8,0,0,358,0,59,160,136,3,6.3,30.4
flashinfer-ai/flashinfer,2025-06,sq-b,ba_flashinfer-ai_flashinfer__2025-06,19321,111,780,8074,83,1965,1967,414,3861,0.7,9,0,0,423,1,62,185,155,20,5.9,29.3
flashinfer-ai/flashinfer,2025-07,sq-a,ba_flashinfer-ai_flashinfer__2025-07,26676,116,1020,11634,146,2748,2776,567,5229,0.7,14,1,0,582,3,77,265,199,38,6.5,26.4
flashinfer-ai/flashinfer,2025-08,sq-b,ba_flashinfer-ai_flashinfer__2025-08,35850,128,1248,15146,168,3617,3857,817,7105,0.7,15,1,0,833,1,101,319,370,42,6.7,23.9
flashinfer-ai/flashinfer,2025-09,sq-c,ba_flashinfer-ai_flashinfer__2025-09,40241,137,1364,17292,179,4257,4804,931,7771,0.6,16,1,0,948,1,126,337,440,44,7.7,23.6
flashinfer-ai/flashinfer,2025-10,sq-b,ba_flashinfer-ai_flashinfer__2025-10,42665,161,1448,18402,185,4507,5078,912,7908,0.6,16,1,0,929,1,135,333,417,43,7.6,24.1
flashinfer-ai/flashinfer,2025-11,sq-c,ba_flashinfer-ai_flashinfer__2025-11,52450,172,1573,21001,189,5412,6239,1021,9328,0.6,17,2,0,1040,1,162,376,449,52,7.2,22.6
flashinfer-ai/flashinfer,2025-12,sq-c,ba_flashinfer-ai_flashinfer__2025-12,61149,187,1864,25188,205,6264,7288,1186,10200,0.6,17,7,0,1210,1,182,397,571,59,8.6,22.3
flashinfer-ai/flashinfer,2026-01,sq-c,ba_flashinfer-ai_flashinfer__2026-01,67444,203,1996,28201,206,7120,8812,1472,12301,0.6,25,9,0,1506,1,213,463,769,60,8.0,23.1
flashinfer-ai/flashinfer,2026-02,sq-a,ba_flashinfer-ai_flashinfer__2026-02,90875,230,2382,37882,234,9110,11838,2498,17561,0.6,25,9,0,2532,1,255,647,1555,74,16.5,23.7
flashinfer-ai/flashinfer,2026-03,sq-c,ba_flashinfer-ai_flashinfer__2026-03,113650,263,2838,47419,261,11297,15336,3433,22397,0.7,32,9,0,3474,2,331,715,2330,96,16.1,22.6
flashinfer-ai/flashinfer,2026-04,sq-c,ba_flashinfer-ai_flashinfer__2026-04,148968,348,3605,61897,348,14354,20590,4939,30188,0.7,36,9,0,4984,2,461,831,3608,82,14.7,20.7
flashinfer-ai/flashinfer,2026-05,sq-a,ba_flashinfer-ai_flashinfer__2026-05,189391,395,4631,78369,392,18496,26513,6232,37916,0.7,47,11,0,6290,4,556,1021,4616,93,16.2,20.0
flashinfer-ai/flashinfer,2026-06,sq-b,ba_flashinfer-ai_flashinfer__2026-06,221295,461,5390,91590,521,21804,30933,7762,44498,0.7,51,11,0,7824,7,641,1174,5909,93,17.1,19.9
flashinfer-ai/flashinfer,2026-07,sq-a,ba_flashinfer-ai_flashinfer__2026-07,303771,650,7801,128860,782,31666,43833,10344,58561,0.6,95,6,0,10445,8,864,1498,7978,97,16.2,20.0
gdsfactory/gdsfactory,2023-03,sq-a,ba_gdsfactory_gdsfactory__2023-03,56522,519,1833,32679,142,6813,7999,1092,7702,0.5,25,2,0,1119,8,137,692,273,9,2.9,26.0
gdsfactory/gdsfactory,2023-04,sq-a,ba_gdsfactory_gdsfactory__2023-04,57782,527,1869,33261,152,6952,8153,1105,7804,0.5,25,4,0,1134,8,143,702,271,10,2.8,25.9
gdsfactory/gdsfactory,2023-05,sq-c,ba_gdsfactory_gdsfactory__2023-05,58418,526,1923,33718,152,7073,8315,1098,7877,0.4,31,4,0,1133,8,145,730,241,9,2.7,26.1
gdsfactory/gdsfactory,2023-06,sq-b,ba_gdsfactory_gdsfactory__2023-06,69169,589,2126,40146,177,7490,8634,1184,8347,0.4,193,7,0,1384,8,172,898,297,9,3.8,25.7
gdsfactory/gdsfactory,2023-07,sq-a,ba_gdsfactory_gdsfactory__2023-07,69714,587,2148,40458,174,7575,8724,1198,8429,0.4,189,7,0,1394,8,173,897,305,11,3.7,25.8
gdsfactory/gdsfactory,2023-08,sq-b,ba_gdsfactory_gdsfactory__2023-08,44447,383,1408,25602,88,5495,6582,699,5404,0.4,15,1,0,715,6,96,479,126,8,2.2,25.9
gdsfactory/gdsfactory,2023-09,sq-b,ba_gdsfactory_gdsfactory__2023-09,43980,381,1396,25505,87,5451,6489,695,5429,0.4,20,6,0,721,6,104,459,147,5,2.0,26.0
gdsfactory/gdsfactory,2023-10,sq-b,ba_gdsfactory_gdsfactory__2023-10,44132,382,1388,25530,86,5494,6571,721,5658,0.4,13,6,0,740,0,107,480,144,9,1.9,26.1
gdsfactory/gdsfactory,2023-11,sq-b,ba_gdsfactory_gdsfactory__2023-11,44276,383,1394,25596,86,5524,6621,730,5725,0.4,12,6,0,748,0,108,478,152,10,1.9,26.2
gdsfactory/gdsfactory,2023-12,sq-a,ba_gdsfactory_gdsfactory__2023-12,44585,381,1399,25716,86,5566,6694,730,5843,0.4,12,6,0,748,0,109,476,153,10,1.6,26.1
gdsfactory/gdsfactory,2024-01,sq-c,ba_gdsfactory_gdsfactory__2024-01,45170,380,1421,25914,90,5628,6773,740,5996,0.4,12,6,0,758,0,109,495,147,7,1.6,25.9
gdsfactory/gdsfactory,2024-02,sq-c,ba_gdsfactory_gdsfactory__2024-02,45888,382,1438,26397,90,5763,6958,762,6210,0.5,12,6,0,780,0,113,513,147,7,1.6,25.9
gdsfactory/gdsfactory,2024-03,sq-c,ba_gdsfactory_gdsfactory__2024-03,45821,376,1444,26168,93,5698,6885,767,6286,0.5,17,6,0,790,0,113,529,140,8,1.6,26.0
gdsfactory/gdsfactory,2024-04,sq-b,ba_gdsfactory_gdsfactory__2024-04,46072,376,1445,26234,93,5713,6894,768,6290,0.5,17,6,0,791,0,113,531,139,8,1.6,25.9
gdsfactory/gdsfactory,2024-05,sq-c,ba_gdsfactory_gdsfactory__2024-05,31455,314,888,17268,77,3440,4002,563,4065,0.4,22,1,0,586,5,71,421,87,2,1.5,26.2
gdsfactory/gdsfactory,2024-06,sq-b,ba_gdsfactory_gdsfactory__2024-06,31624,311,896,17352,67,3502,4167,549,4205,0.4,18,1,0,568,1,72,408,85,2,2.5,26.3
gdsfactory/gdsfactory,2024-07,sq-a,ba_gdsfactory_gdsfactory__2024-07,32320,314,930,17675,67,3613,4200,548,4165,0.4,19,1,0,568,1,73,406,86,2,2.1,26.2
gdsfactory/gdsfactory,2024-08,sq-a,ba_gdsfactory_gdsfactory__2024-08,32684,313,953,17799,67,3665,4259,547,4243,0.4,19,2,0,568,1,76,405,85,1,1.9,26.0
gdsfactory/gdsfactory,2024-09,sq-c,ba_gdsfactory_gdsfactory__2024-09,32801,314,957,17879,67,3682,4284,552,4265,0.4,20,2,0,574,1,75,411,86,1,1.9,26.1
gdsfactory/gdsfactory,2024-10,sq-c,ba_gdsfactory_gdsfactory__2024-10,33424,316,973,18113,67,3779,4385,578,4463,0.4,20,2,0,600,0,80,431,88,1,2.6,25.9
gdsfactory/gdsfactory,2024-11,sq-c,ba_gdsfactory_gdsfactory__2024-11,34843,320,1019,18739,71,3910,4522,588,4580,0.4,19,2,0,609,0,84,438,85,2,2.0,25.7
gdsfactory/gdsfactory,2024-12,sq-a,ba_gdsfactory_gdsfactory__2024-12,36328,334,1046,18751,81,4071,4692,570,4679,0.4,14,2,0,586,0,85,418,80,3,1.4,25.4
gdsfactory/gdsfactory,2025-01,sq-a,ba_gdsfactory_gdsfactory__2025-01,36363,334,1052,18809,81,4099,4734,565,4678,0.4,14,2,0,581,0,85,412,81,3,1.5,25.2
gdsfactory/gdsfactory,2025-02,sq-c,ba_gdsfactory_gdsfactory__2025-02,35905,332,995,18436,77,3985,4680,550,4602,0.4,14,2,0,566,0,84,398,81,3,1.6,25.1
gdsfactory/gdsfactory,2025-03,sq-c,ba_gdsfactory_gdsfactory__2025-03,36013,333,1007,18554,79,4017,4677,549,4583,0.4,14,2,0,565,0,85,396,81,3,1.6,24.8
github/issue-metrics,2024-06,sq-c,ba_github_issue-metrics__2024-06,1246,15,35,757,2,247,383,16,238,0.6,0,0,0,16,0,14,2,0,0,0.0,34.5
github/issue-metrics,2024-07,sq-c,ba_github_issue-metrics__2024-07,1246,15,35,757,2,247,383,16,238,0.6,0,0,0,16,0,14,2,0,0,0.0,34.5
github/issue-metrics,2024-08,sq-a,ba_github_issue-metrics__2024-08,1246,15,35,757,2,247,383,16,238,0.6,0,0,0,16,0,14,2,0,0,0.0,34.5
github/issue-metrics,2024-09,sq-a,ba_github_issue-metrics__2024-09,1282,15,35,772,2,252,392,17,267,0.7,0,0,0,17,0,14,3,0,0,0.0,34.1
github/issue-metrics,2024-10,sq-b,ba_github_issue-metrics__2024-10,1452,17,37,848,2,272,427,20,320,0.7,0,0,0,20,0,17,3,0,0,0.0,33.6
github/issue-metrics,2024-11,sq-c,ba_github_issue-metrics__2024-11,1452,17,37,848,2,272,427,20,320,0.7,0,0,0,20,0,17,3,0,0,0.0,33.6
github/issue-metrics,2024-12,sq-a,ba_github_issue-metrics__2024-12,1472,17,37,864,2,278,439,20,320,0.7,0,0,0,20,0,17,3,0,0,0.0,33.3
github/issue-metrics,2025-01,sq-b,ba_github_issue-metrics__2025-01,1486,17,37,874,2,281,444,20,324,0.7,0,0,0,20,0,17,3,0,0,0.0,33.1
github/issue-metrics,2025-02,sq-b,ba_github_issue-metrics__2025-02,1486,17,37,874,2,281,444,20,324,0.7,0,0,0,20,0,17,3,0,0,0.0,33.1
github/issue-metrics,2025-03,sq-b,ba_github_issue-metrics__2025-03,1495,17,38,883,2,284,449,18,314,0.7,0,0,0,18,0,15,3,0,0,0.0,33.2
github/issue-metrics,2025-04,sq-a,ba_github_issue-metrics__2025-04,1495,17,38,883,2,284,449,18,314,0.7,0,0,0,18,0,15,3,0,0,0.0,33.2
github/issue-metrics,2025-05,sq-c,ba_github_issue-metrics__2025-05,1514,17,39,894,2,288,453,18,315,0.7,0,0,0,18,0,15,3,0,0,0.0,33.1
github/issue-metrics,2025-06,sq-c,ba_github_issue-metrics__2025-06,1548,17,39,917,2,294,467,18,327,0.7,0,0,0,18,0,15,3,0,0,0.0,32.8
github/issue-metrics,2025-07,sq-a,ba_github_issue-metrics__2025-07,1566,17,39,931,2,299,480,18,339,0.7,0,0,0,18,0,15,3,0,0,0.0,32.7
github/issue-metrics,2025-08,sq-b,ba_github_issue-metrics__2025-08,1568,17,39,933,2,300,484,18,343,0.7,0,0,0,18,0,15,3,0,0,0.0,32.7
github/issue-metrics,2025-09,sq-b,ba_github_issue-metrics__2025-09,1715,18,41,1017,2,333,529,20,391,0.8,0,0,0,20,0,16,4,0,0,0.0,32.4
github/issue-metrics,2025-10,sq-b,ba_github_issue-metrics__2025-10,1726,18,41,1021,2,334,548,20,410,0.8,0,0,0,20,0,16,4,0,0,0.0,32.3
github/issue-metrics,2025-11,sq-a,ba_github_issue-metrics__2025-11,1726,18,41,1021,2,334,548,20,410,0.8,0,0,0,20,0,16,4,0,0,0.0,32.3
github/issue-metrics,2025-12,sq-a,ba_github_issue-metrics__2025-12,1726,18,41,1021,2,334,548,20,410,0.8,0,0,0,20,0,16,4,0,0,0.0,32.3
github/issue-metrics,2026-01,sq-b,ba_github_issue-metrics__2026-01,1726,18,41,1021,2,334,548,20,410,0.8,0,0,0,20,0,16,4,0,0,0.0,32.3
github/issue-metrics,2026-02,sq-a,ba_github_issue-metrics__2026-02,1716,18,41,1021,2,334,548,20,410,0.8,0,0,0,20,0,16,4,0,0,0.0,32.5
github/issue-metrics,2026-03,sq-c,ba_github_issue-metrics__2026-03,1912,19,45,1135,2,374,627,21,457,0.8,0,0,0,21,0,17,4,0,0,0.0,31.4
github/issue-metrics,2026-04,sq-b,ba_github_issue-metrics__2026-04,1912,19,45,1135,2,374,627,21,457,0.8,0,0,0,21,0,17,4,0,0,0.0,31.4
github/issue-metrics,2026-05,sq-c,ba_github_issue-metrics__2026-05,1912,19,45,1135,2,374,627,21,457,0.8,0,0,0,21,0,17,4,0,0,0.0,31.4
github/issue-metrics,2026-06,sq-c,ba_github_issue-metrics__2026-06,1912,19,45,1135,2,374,627,21,457,0.8,0,0,0,21,0,17,4,0,0,0.0,31.6
home-assistant/supervisor,2024-01,sq-b,ba_home-assistant_supervisor__2024-01,27514,289,2418,19304,454,4671,3544,133,1108,0.1,20,12,0,165,5,55,59,46,0,0.0,14.6
home-assistant/supervisor,2024-02,sq-b,ba_home-assistant_supervisor__2024-02,27700,289,2428,19387,456,4696,3548,133,1111,0.1,13,12,0,158,5,53,54,46,0,0.0,14.6
home-assistant/supervisor,2024-03,sq-b,ba_home-assistant_supervisor__2024-03,27922,275,2452,19512,464,4763,3601,139,1144,0.1,13,12,0,164,5,56,56,47,0,0.0,14.6
home-assistant/supervisor,2024-04,sq-c,ba_home-assistant_supervisor__2024-04,28222,277,2478,19644,467,4806,3631,139,1149,0.1,13,12,0,164,5,56,56,47,0,0.0,14.5
home-assistant/supervisor,2024-05,sq-a,ba_home-assistant_supervisor__2024-05,28300,279,2491,19716,469,4828,3646,139,1149,0.1,13,12,0,164,5,56,56,47,0,0.0,14.5
home-assistant/supervisor,2024-06,sq-b,ba_home-assistant_supervisor__2024-06,28351,280,2497,19758,470,4839,3655,140,1159,0.1,13,12,0,165,5,57,56,47,0,0.0,14.5
home-assistant/supervisor,2024-07,sq-b,ba_home-assistant_supervisor__2024-07,28435,280,2499,19806,472,4860,3674,140,1162,0.1,13,12,0,165,5,57,56,47,0,0.0,14.5
home-assistant/supervisor,2024-08,sq-a,ba_home-assistant_supervisor__2024-08,28739,280,2507,19911,475,4894,3715,141,1179,0.1,13,12,0,166,5,57,56,48,0,0.0,14.5
home-assistant/supervisor,2024-09,sq-a,ba_home-assistant_supervisor__2024-09,28773,280,2509,19932,475,4909,3738,141,1177,0.1,13,12,0,166,5,57,56,48,0,0.0,14.5
home-assistant/supervisor,2024-10,sq-a,ba_home-assistant_supervisor__2024-10,28802,280,2511,19953,475,4919,3751,141,1187,0.1,13,12,0,166,5,58,56,47,0,0.0,14.5
home-assistant/supervisor,2024-11,sq-a,ba_home-assistant_supervisor__2024-11,29129,282,2534,20126,477,4968,3777,141,1185,0.1,13,12,0,166,5,57,57,47,0,0.0,14.4
home-assistant/supervisor,2024-12,sq-a,ba_home-assistant_supervisor__2024-12,29378,283,2553,20290,480,5026,3845,136,1163,0.1,13,12,0,161,5,57,53,46,0,0.0,14.4
home-assistant/supervisor,2025-01,sq-c,ba_home-assistant_supervisor__2025-01,29605,283,2562,20411,481,5065,3906,135,1169,0.1,13,11,0,159,5,58,53,43,0,0.0,14.4
home-assistant/supervisor,2025-02,sq-a,ba_home-assistant_supervisor__2025-02,29783,283,2584,20548,484,5097,3946,137,1181,0.1,10,11,0,158,6,60,50,42,0,0.1,14.5
home-assistant/supervisor,2025-03,sq-c,ba_home-assistant_supervisor__2025-03,30382,285,2659,20899,489,5222,4018,134,1176,0.1,9,11,0,154,6,63,46,39,0,0.1,14.6
home-assistant/supervisor,2025-04,sq-a,ba_home-assistant_supervisor__2025-04,30490,285,2666,20967,488,5259,4057,123,1130,0.1,9,11,0,143,6,63,35,39,0,0.1,14.6
home-assistant/supervisor,2025-05,sq-b,ba_home-assistant_supervisor__2025-05,30734,285,2673,21094,495,5279,4075,123,1137,0.1,10,11,0,144,7,63,35,39,0,0.1,14.6
home-assistant/supervisor,2025-06,sq-a,ba_home-assistant_supervisor__2025-06,31020,285,2690,21260,502,5356,4146,114,1097,0.1,10,10,0,134,7,60,28,39,0,0.1,14.6
home-assistant/supervisor,2025-07,sq-b,ba_home-assistant_supervisor__2025-07,31349,286,2726,21497,507,5427,4201,122,1118,0.1,10,10,0,142,8,62,30,42,0,0.1,14.8
home-assistant/supervisor,2025-08,sq-a,ba_home-assistant_supervisor__2025-08,32149,290,2801,22032,516,5599,4331,123,1128,0.1,11,10,0,144,8,63,29,43,1,0.1,15.0
home-assistant/supervisor,2025-09,sq-b,ba_home-assistant_supervisor__2025-09,32581,291,2820,22272,524,5661,4382,122,1133,0.1,11,10,0,143,8,62,29,43,1,0.1,15.0
home-assistant/supervisor,2025-10,sq-b,ba_home-assistant_supervisor__2025-10,32689,291,2821,22329,524,5677,4408,122,1152,0.1,11,10,0,143,8,62,29,43,1,0.1,15.1
home-assistant/supervisor,2025-11,sq-a,ba_home-assistant_supervisor__2025-11,32520,286,2790,22125,518,5660,4400,120,1147,0.1,11,10,0,141,8,60,29,43,1,0.1,15.1
home-assistant/supervisor,2025-12,sq-b,ba_home-assistant_supervisor__2025-12,33032,287,2814,22385,542,5717,4444,125,1203,0.1,11,10,0,146,8,64,30,43,1,0.1,15.1
home-assistant/supervisor,2026-01,sq-a,ba_home-assistant_supervisor__2026-01,33172,287,2816,22481,545,5754,4507,129,1228,0.1,11,10,0,150,8,66,32,43,1,0.1,15.1
huggingface/huggingface_hub,2024-05,sq-a,ba_huggingface_huggingface_hub__2024-05,18958,121,864,9959,280,2780,3103,170,1964,0.3,2,12,0,184,0,64,59,43,18,3.6,47.5
huggingface/huggingface_hub,2024-06,sq-c,ba_huggingface_huggingface_hub__2024-06,19264,121,871,10117,282,2836,3178,177,2031,0.4,2,12,0,191,0,69,61,43,18,3.5,47.4
huggingface/huggingface_hub,2024-07,sq-b,ba_huggingface_huggingface_hub__2024-07,19607,120,884,10376,290,2929,3298,185,2126,0.4,2,14,0,201,0,69,65,49,18,3.6,47.4
huggingface/huggingface_hub,2024-08,sq-a,ba_huggingface_huggingface_hub__2024-08,20448,121,914,10938,296,3062,3475,194,2246,0.4,2,15,0,211,0,72,69,51,19,3.5,47.0
huggingface/huggingface_hub,2024-09,sq-c,ba_huggingface_huggingface_hub__2024-09,20874,124,929,11107,303,3114,3511,194,2265,0.4,2,15,0,211,0,72,69,52,18,3.6,46.9
huggingface/huggingface_hub,2024-10,sq-b,ba_huggingface_huggingface_hub__2024-10,21197,123,950,11303,307,3145,3527,193,2263,0.4,1,15,0,209,0,70,71,52,16,3.5,46.8
huggingface/huggingface_hub,2024-11,sq-b,ba_huggingface_huggingface_hub__2024-11,21504,123,959,11463,305,3215,3659,205,2396,0.4,1,15,0,221,0,74,78,53,16,3.5,46.9
huggingface/huggingface_hub,2024-12,sq-a,ba_huggingface_huggingface_hub__2024-12,21863,124,974,11696,311,3277,3737,206,2401,0.4,1,15,0,222,0,76,78,52,16,3.5,47.0
huggingface/huggingface_hub,2025-01,sq-a,ba_huggingface_huggingface_hub__2025-01,23457,132,1038,12200,332,3482,3912,206,2385,0.3,1,14,0,221,0,78,76,48,19,4.1,45.7
huggingface/huggingface_hub,2025-02,sq-b,ba_huggingface_huggingface_hub__2025-02,23322,138,1070,12283,344,3510,3887,214,2411,0.3,3,14,0,231,0,79,86,48,18,3.9,45.9
huggingface/huggingface_hub,2025-03,sq-c,ba_huggingface_huggingface_hub__2025-03,24040,142,1103,12650,357,3629,3996,226,2511,0.3,1,15,0,242,0,82,89,52,19,3.9,45.7
huggingface/huggingface_hub,2025-04,sq-b,ba_huggingface_huggingface_hub__2025-04,24196,142,1108,12800,359,3648,4022,226,2522,0.3,1,15,0,242,0,83,89,52,18,3.7,45.6
huggingface/huggingface_hub,2025-05,sq-b,ba_huggingface_huggingface_hub__2025-05,25765,154,1192,13725,381,3933,4436,240,2777,0.4,1,21,0,262,0,94,90,59,19,3.7,44.7
huggingface/huggingface_hub,2025-06,sq-a,ba_huggingface_huggingface_hub__2025-06,25989,157,1201,13876,388,3982,4526,242,2807,0.4,1,21,0,264,0,97,89,59,19,3.6,44.5
huggingface/huggingface_hub,2025-07,sq-a,ba_huggingface_huggingface_hub__2025-07,28279,173,1304,15131,431,4298,4864,253,2948,0.3,1,24,0,278,0,105,93,61,19,6.4,43.0
huggingface/huggingface_hub,2025-08,sq-c,ba_huggingface_huggingface_hub__2025-08,28465,173,1309,15221,433,4324,4905,254,2969,0.3,1,24,0,279,0,106,93,61,19,6.4,43.0
huggingface/huggingface_hub,2025-09,sq-c,ba_huggingface_huggingface_hub__2025-09,29348,176,1358,15631,450,4452,5024,263,3085,0.4,1,24,0,288,0,116,93,61,18,6.8,42.4
huggingface/huggingface_hub,2025-10,sq-a,ba_huggingface_huggingface_hub__2025-10,27022,156,1218,14087,393,4169,4785,248,3121,0.4,1,21,0,270,0,98,102,58,12,4.3,42.8
huggingface/huggingface_hub,2025-11,sq-b,ba_huggingface_huggingface_hub__2025-11,27931,160,1256,14522,400,4295,4950,258,3307,0.4,1,21,0,280,0,102,108,59,11,4.2,42.2
huggingface/huggingface_hub,2025-12,sq-c,ba_huggingface_huggingface_hub__2025-12,27970,160,1260,14546,401,4312,4969,259,3304,0.4,1,20,0,280,0,100,110,59,11,4.1,42.2
huggingface/huggingface_hub,2026-01,sq-a,ba_huggingface_huggingface_hub__2026-01,29252,169,1311,15233,415,4509,5214,268,3425,0.4,1,22,0,291,0,105,113,61,12,4.0,41.9
huggingface/huggingface_hub,2026-02,sq-c,ba_huggingface_huggingface_hub__2026-02,33210,177,1441,17326,455,5266,6350,306,4268,0.4,1,22,0,329,0,125,126,65,13,3.9,40.1
huggingface/huggingface_hub,2026-03,sq-a,ba_huggingface_huggingface_hub__2026-03,36067,187,1568,18889,469,5743,6890,321,4423,0.4,2,21,0,344,1,135,133,61,14,3.5,39.1
huggingface/huggingface_hub,2026-04,sq-a,ba_huggingface_huggingface_hub__2026-04,38194,196,1676,20214,485,6184,7398,339,4679,0.4,2,22,0,363,1,146,141,60,15,3.5,38.6
huggingface/huggingface_hub,2026-05,sq-c,ba_huggingface_huggingface_hub__2026-05,39506,197,1736,20956,502,6454,7599,340,4749,0.4,2,22,0,364,1,152,141,59,11,3.5,38.2
huggingface/lighteval,2024-05,sq-b,ba_huggingface_lighteval__2024-05,12933,56,873,7100,134,2012,1914,221,1450,0.4,11,34,0,266,4,46,143,44,29,1.2,24.7
huggingface/lighteval,2024-06,sq-b,ba_huggingface_lighteval__2024-06,12933,56,873,7100,134,2012,1914,221,1450,0.4,11,34,0,266,4,46,143,44,29,1.2,24.7
huggingface/lighteval,2024-07,sq-b,ba_huggingface_lighteval__2024-07,36973,57,882,8339,136,2021,1898,309,3378,0.3,13,34,0,356,4,138,141,44,29,0.5,10.3
huggingface/lighteval,2024-08,sq-c,ba_huggingface_lighteval__2024-08,37234,58,905,8509,140,2084,1988,319,3496,0.3,13,34,0,366,4,142,148,43,29,0.5,10.2
huggingface/lighteval,2024-09,sq-c,ba_huggingface_lighteval__2024-09,39345,72,988,9301,172,2253,2121,345,3672,0.3,14,34,0,393,5,145,167,47,29,0.3,11.5
huggingface/lighteval,2024-10,sq-c,ba_huggingface_lighteval__2024-10,45031,86,1053,10150,182,2447,2279,373,3844,0.3,14,35,0,422,5,156,183,49,29,0.6,11.8
huggingface/lighteval,2024-11,sq-b,ba_huggingface_lighteval__2024-11,45263,87,1056,10227,184,2459,2296,371,3834,0.3,13,35,0,419,5,155,181,49,29,0.5,11.9
huggingface/lighteval,2024-12,sq-a,ba_huggingface_lighteval__2024-12,43453,87,1056,10346,185,2447,2300,387,4019,0.3,13,35,0,435,5,154,193,51,32,1.1,12.4
huggingface/lighteval,2025-01,sq-a,ba_huggingface_lighteval__2025-01,45222,102,1153,11396,194,2779,2714,420,4270,0.3,13,36,0,469,5,173,205,53,33,1.5,13.1
huggingface/lighteval,2025-02,sq-b,ba_huggingface_lighteval__2025-02,46952,107,1234,12425,202,3038,3025,440,4470,0.3,15,37,0,492,7,174,222,55,34,1.8,13.3
huggingface/lighteval,2025-03,sq-b,ba_huggingface_lighteval__2025-03,47357,108,1257,12650,204,3095,3075,445,4536,0.3,15,37,0,497,7,176,224,55,35,1.9,13.4
huggingface/lighteval,2025-04,sq-a,ba_huggingface_lighteval__2025-04,47566,109,1262,12649,204,3090,3043,431,4545,0.3,14,37,0,482,7,181,206,57,31,1.8,13.3
huggingface/lighteval,2025-05,sq-a,ba_huggingface_lighteval__2025-05,49330,112,1303,13244,209,3222,3171,427,4586,0.3,16,37,0,480,9,183,208,48,32,2.0,13.4
huggingface/lighteval,2025-06,sq-b,ba_huggingface_lighteval__2025-06,48297,112,1255,12828,195,3054,2998,367,4123,0.3,4,37,0,408,0,165,171,43,29,1.3,14.2
huggingface/lighteval,2025-07,sq-c,ba_huggingface_lighteval__2025-07,48297,112,1255,12828,195,3054,2998,367,4123,0.3,4,37,0,408,0,165,171,43,29,1.3,14.2
huggingface/lighteval,2025-08,sq-b,ba_huggingface_lighteval__2025-08,50020,114,1295,13222,212,3153,3071,387,4617,0.3,100,37,0,524,96,176,184,40,28,7.0,14.4
huggingface/lighteval,2025-09,sq-a,ba_huggingface_lighteval__2025-09,52089,119,1552,15016,282,3680,3456,400,4687,0.3,4,56,0,460,0,176,207,47,30,6.9,15.3
huggingface/lighteval,2025-10,sq-c,ba_huggingface_lighteval__2025-10,44324,274,1554,15593,281,3676,3451,338,3898,0.3,4,56,0,398,0,112,206,50,30,1.8,21.6
huggingface/lighteval,2025-11,sq-c,ba_huggingface_lighteval__2025-11,44430,276,1498,15915,282,3709,3611,342,3885,0.3,4,56,0,402,0,107,207,54,34,1.9,21.7
huggingface/lighteval,2025-12,sq-b,ba_huggingface_lighteval__2025-12,44711,277,1507,16026,284,3734,3637,346,3905,0.3,4,56,0,406,0,107,210,55,34,1.9,21.6
huggingface/lighteval,2026-01,sq-b,ba_huggingface_lighteval__2026-01,45247,281,1527,16239,284,3785,3695,349,3928,0.3,5,56,0,410,0,108,210,58,34,1.9,21.6
huggingface/lighteval,2026-02,sq-b,ba_huggingface_lighteval__2026-02,45247,281,1527,16239,284,3785,3695,349,3928,0.3,5,56,0,410,0,108,210,58,34,1.9,21.6
huggingface/lighteval,2026-03,sq-a,ba_huggingface_lighteval__2026-03,45268,281,1527,16244,284,3785,3694,348,3921,0.3,5,56,0,409,0,107,210,58,34,1.9,21.6
huggingface/lighteval,2026-04,sq-b,ba_huggingface_lighteval__2026-04,45273,281,1528,16250,284,3786,3696,348,3921,0.3,5,56,0,409,0,107,210,58,34,1.9,21.6
huggingface/lighteval,2026-05,sq-a,ba_huggingface_lighteval__2026-05,47107,286,1594,16847,302,3945,3845,359,3983,0.3,5,56,0,420,0,109,218,59,34,1.8,21.2
huggingface/sentence-transformers,2024-04,sq-a,ba_huggingface_sentence-transformers__2024-04,7478,87,387,4975,87,1263,1473,89,824,0.4,8,13,0,110,1,50,35,24,0,3.2,28.4
huggingface/sentence-transformers,2024-05,sq-b,ba_huggingface_sentence-transformers__2024-05,9964,94,521,6378,104,1755,2050,120,1148,0.4,9,15,0,144,1,59,53,29,2,3.8,32.4
huggingface/sentence-transformers,2024-06,sq-a,ba_huggingface_sentence-transformers__2024-06,10187,94,532,6472,104,1795,2103,126,1191,0.4,11,16,0,153,3,66,54,28,2,3.9,32.0
huggingface/sentence-transformers,2024-07,sq-c,ba_huggingface_sentence-transformers__2024-07,10366,93,534,6683,104,1836,2169,130,1259,0.4,11,17,0,158,3,67,58,28,2,3.6,32.3
huggingface/sentence-transformers,2024-08,sq-a,ba_huggingface_sentence-transformers__2024-08,10586,94,544,6805,105,1869,2198,131,1269,0.4,11,17,0,159,3,67,59,28,2,4.4,32.3
huggingface/sentence-transformers,2024-09,sq-b,ba_huggingface_sentence-transformers__2024-09,10839,94,546,6941,105,1913,2282,141,1375,0.4,11,11,0,163,3,64,67,28,1,4.2,32.9
huggingface/sentence-transformers,2024-10,sq-b,ba_huggingface_sentence-transformers__2024-10,11775,97,577,7474,107,2109,2547,156,1595,0.5,12,11,0,179,3,73,69,32,2,4.3,32.2
huggingface/sentence-transformers,2024-11,sq-c,ba_huggingface_sentence-transformers__2024-11,12193,98,602,7714,109,2222,2697,165,1712,0.5,12,12,0,189,3,77,73,33,3,3.5,32.6
huggingface/sentence-transformers,2024-12,sq-b,ba_huggingface_sentence-transformers__2024-12,12251,98,606,7745,109,2240,2723,165,1718,0.5,12,12,0,189,3,77,73,33,3,3.5,32.6
huggingface/sentence-transformers,2025-01,sq-b,ba_huggingface_sentence-transformers__2025-01,12271,98,606,7759,109,2245,2728,164,1716,0.5,10,12,0,186,3,78,69,33,3,3.4,33.0
huggingface/sentence-transformers,2025-02,sq-b,ba_huggingface_sentence-transformers__2025-02,12288,98,606,7763,109,2248,2738,164,1726,0.5,10,12,0,186,3,78,69,33,3,3.4,33.1
huggingface/sentence-transformers,2025-03,sq-a,ba_huggingface_sentence-transformers__2025-03,14454,115,725,9066,143,2629,3086,176,1952,0.5,10,12,0,198,3,82,72,38,3,4.1,34.6
huggingface/sentence-transformers,2025-04,sq-b,ba_huggingface_sentence-transformers__2025-04,14750,115,736,9228,143,2695,3182,181,2034,0.5,10,12,0,203,3,85,74,38,3,4.4,34.7
huggingface/sentence-transformers,2025-05,sq-c,ba_huggingface_sentence-transformers__2025-05,15207,117,746,9377,147,2729,3204,171,1989,0.4,6,14,0,191,3,79,68,38,3,4.6,34.9
huggingface/sentence-transformers,2025-06,sq-c,ba_huggingface_sentence-transformers__2025-06,19585,154,959,11870,182,3472,4002,216,2623,0.4,17,15,0,248,13,91,93,47,4,6.5,37.6
huggingface/sentence-transformers,2025-07,sq-a,ba_huggingface_sentence-transformers__2025-07,19902,163,962,12039,182,3511,4045,218,2648,0.4,15,15,0,248,13,92,93,46,4,6.5,37.5
huggingface/sentence-transformers,2025-08,sq-b,ba_huggingface_sentence-transformers__2025-08,20009,167,964,12102,182,3534,4065,218,2625,0.4,15,13,0,246,13,91,92,46,4,6.4,37.5
huggingface/sentence-transformers,2025-09,sq-a,ba_huggingface_sentence-transformers__2025-09,20123,167,965,12174,182,3560,4112,223,2642,0.4,15,13,0,251,13,92,92,47,7,6.6,37.5
huggingface/sentence-transformers,2025-10,sq-a,ba_huggingface_sentence-transformers__2025-10,20138,167,965,12185,182,3565,4118,223,2642,0.4,15,13,0,251,13,92,92,47,7,6.6,37.4
huggingface/sentence-transformers,2025-11,sq-b,ba_huggingface_sentence-transformers__2025-11,20139,167,964,12191,182,3562,4116,222,2637,0.4,15,13,0,250,13,92,91,47,7,6.6,37.4
huggingface/sentence-transformers,2025-12,sq-c,ba_huggingface_sentence-transformers__2025-12,20389,167,970,12365,182,3617,4211,227,2702,0.4,15,13,0,255,13,94,94,47,7,6.9,37.6
huggingface/sentence-transformers,2026-01,sq-a,ba_huggingface_sentence-transformers__2026-01,20530,167,977,12466,182,3653,4258,227,2706,0.4,15,13,0,255,13,94,94,47,7,6.9,37.5
huggingface/sentence-transformers,2026-02,sq-c,ba_huggingface_sentence-transformers__2026-02,20923,169,983,12679,187,3713,4332,231,2753,0.4,16,13,0,260,13,98,96,47,6,6.5,38.0
huggingface/sentence-transformers,2026-03,sq-c,ba_huggingface_sentence-transformers__2026-03,21007,169,983,12742,187,3732,4361,232,2775,0.4,18,13,0,263,13,99,98,47,6,6.5,38.0
huggingface/sentence-transformers,2026-04,sq-c,ba_huggingface_sentence-transformers__2026-04,24010,182,1115,14597,209,4444,5324,229,3025,0.4,11,14,0,254,7,118,84,42,3,4.3,36.3
internetarchive/openlibrary,2024-05,sq-a,ba_internetarchive_openlibrary__2024-05,38859,251,3273,27426,571,8783,8538,803,5811,0.5,11,74,0,888,4,329,229,268,58,0.1,18.1
internetarchive/openlibrary,2024-06,sq-b,ba_internetarchive_openlibrary__2024-06,39158,256,3280,27490,577,8745,8513,801,5775,0.5,11,79,0,891,4,332,231,265,59,0.1,18.2
internetarchive/openlibrary,2024-07,sq-c,ba_internetarchive_openlibrary__2024-07,39454,257,3304,27695,582,8801,8587,804,5773,0.5,11,79,0,894,4,335,231,263,61,0.1,18.1
internetarchive/openlibrary,2024-08,sq-b,ba_internetarchive_openlibrary__2024-08,39712,257,3313,27817,584,8833,8653,802,5806,0.5,11,81,0,894,4,332,231,263,64,0.1,18.1
internetarchive/openlibrary,2024-09,sq-b,ba_internetarchive_openlibrary__2024-09,39822,258,3322,27840,587,8846,8616,785,5702,0.5,10,82,0,877,4,320,227,263,63,0.1,18.1
internetarchive/openlibrary,2024-10,sq-a,ba_internetarchive_openlibrary__2024-10,39414,255,3306,27625,585,8778,8538,779,5626,0.5,11,81,0,871,4,317,224,264,62,0.1,18.0
internetarchive/openlibrary,2024-11,sq-c,ba_internetarchive_openlibrary__2024-11,39418,255,3309,27600,586,8778,8527,774,5573,0.5,10,80,0,864,4,312,222,263,63,0.1,18.1
internetarchive/openlibrary,2024-12,sq-b,ba_internetarchive_openlibrary__2024-12,40034,255,3336,27875,589,8926,8692,777,5654,0.5,10,78,0,865,4,313,222,263,63,0.1,18.1
internetarchive/openlibrary,2025-01,sq-a,ba_internetarchive_openlibrary__2025-01,40333,256,3360,28028,591,9001,8733,778,5620,0.5,8,78,0,864,4,311,221,263,65,0.2,18.0
internetarchive/openlibrary,2025-02,sq-b,ba_internetarchive_openlibrary__2025-02,40341,254,3357,28000,591,8986,8695,773,5596,0.5,8,79,0,860,4,307,221,263,65,0.2,17.8
internetarchive/openlibrary,2025-03,sq-b,ba_internetarchive_openlibrary__2025-03,41085,259,3385,28308,597,9079,8797,781,5687,0.5,8,79,0,868,4,311,223,264,66,0.2,17.6
internetarchive/openlibrary,2025-04,sq-b,ba_internetarchive_openlibrary__2025-04,41413,260,3402,28474,605,9130,8838,785,5712,0.5,8,80,0,873,4,311,223,269,66,0.2,17.6
internetarchive/openlibrary,2025-05,sq-c,ba_internetarchive_openlibrary__2025-05,41813,262,3408,28561,606,9172,8876,777,5600,0.4,8,81,0,866,4,307,222,268,65,0.2,17.5
internetarchive/openlibrary,2025-06,sq-b,ba_internetarchive_openlibrary__2025-06,42594,270,3434,28904,607,9265,8972,787,5666,0.4,8,84,0,879,4,312,223,275,65,0.2,17.3
internetarchive/openlibrary,2025-07,sq-a,ba_internetarchive_openlibrary__2025-07,42827,272,3441,29055,607,9308,9027,742,5451,0.4,9,84,0,835,4,314,225,227,65,0.2,17.4
internetarchive/openlibrary,2025-08,sq-b,ba_internetarchive_openlibrary__2025-08,43290,273,3463,29214,610,9373,9088,748,5498,0.4,9,85,0,842,4,315,229,228,66,0.2,17.3
internetarchive/openlibrary,2025-09,sq-b,ba_internetarchive_openlibrary__2025-09,43380,273,3465,29267,614,9386,9114,750,5519,0.4,9,85,0,844,4,317,229,226,68,0.2,17.3
internetarchive/openlibrary,2025-10,sq-b,ba_internetarchive_openlibrary__2025-10,43829,276,3498,29495,624,9439,9127,766,5615,0.4,10,86,0,862,6,319,231,236,70,0.2,17.2
internetarchive/openlibrary,2025-11,sq-a,ba_internetarchive_openlibrary__2025-11,44376,276,3519,29707,630,9508,9204,771,5667,0.4,10,89,0,870,6,326,232,236,70,0.2,17.1
internetarchive/openlibrary,2025-12,sq-a,ba_internetarchive_openlibrary__2025-12,44569,278,3528,29806,636,9515,9210,766,5638,0.4,9,89,0,864,6,325,228,235,70,0.2,17.1
internetarchive/openlibrary,2026-01,sq-a,ba_internetarchive_openlibrary__2026-01,44257,277,3474,29307,630,9358,9000,737,5430,0.4,10,89,0,836,7,310,224,233,62,0.2,16.9
internetarchive/openlibrary,2026-02,sq-b,ba_internetarchive_openlibrary__2026-02,44506,281,3480,29432,636,9387,9041,728,5375,0.4,8,89,0,825,7,310,224,221,63,0.2,17.0
internetarchive/openlibrary,2026-03,sq-c,ba_internetarchive_openlibrary__2026-03,44924,282,3505,29631,647,9478,9100,751,5565,0.4,7,85,0,843,6,319,233,222,63,0.3,16.9
internetarchive/openlibrary,2026-04,sq-c,ba_internetarchive_openlibrary__2026-04,43090,280,3490,29735,643,9543,9203,750,5606,0.4,6,86,0,842,6,328,226,225,57,0.2,17.7
internetarchive/openlibrary,2026-05,sq-b,ba_internetarchive_openlibrary__2026-05,43424,282,3513,30249,661,9812,9460,773,5801,0.4,4,84,0,861,5,338,228,232,58,0.2,18.0
invoke-ai/InvokeAI,2024-06,sq-b,ba_invoke-ai_InvokeAI__2024-06,29395,295,1840,18385,704,4267,4010,635,3443,0.4,8,17,0,660,7,133,186,208,126,0.4,19.7
invoke-ai/InvokeAI,2024-07,sq-a,ba_invoke-ai_InvokeAI__2024-07,30906,312,1930,19311,729,4475,4178,659,3503,0.4,11,17,0,687,7,134,191,212,143,0.4,19.6
invoke-ai/InvokeAI,2024-08,sq-a,ba_invoke-ai_InvokeAI__2024-08,33162,342,2073,20691,800,4721,4352,705,3687,0.4,10,16,0,731,7,137,205,226,156,0.4,19.3
invoke-ai/InvokeAI,2024-09,sq-b,ba_invoke-ai_InvokeAI__2024-09,40058,429,2577,25552,901,5762,5236,809,4404,0.4,12,24,0,845,7,171,230,278,159,1.5,19.3
invoke-ai/InvokeAI,2024-10,sq-a,ba_invoke-ai_InvokeAI__2024-10,42564,454,2685,26877,935,6047,5481,851,4640,0.4,12,24,0,887,7,183,243,283,171,1.6,18.9
invoke-ai/InvokeAI,2024-11,sq-a,ba_invoke-ai_InvokeAI__2024-11,45693,468,2768,28319,962,6372,5886,885,4947,0.4,16,24,0,925,7,197,249,291,181,1.7,18.3
invoke-ai/InvokeAI,2024-12,sq-c,ba_invoke-ai_InvokeAI__2024-12,46198,482,2810,28716,974,6483,5965,891,4911,0.4,16,24,0,931,7,199,249,287,189,1.7,18.3
invoke-ai/InvokeAI,2025-01,sq-b,ba_invoke-ai_InvokeAI__2025-01,47122,491,2852,29216,995,6607,6108,897,4954,0.4,16,24,0,937,7,203,254,284,189,1.7,18.4
invoke-ai/InvokeAI,2025-02,sq-c,ba_invoke-ai_InvokeAI__2025-02,48359,495,2895,29747,1026,6780,6305,913,5082,0.4,16,24,0,953,7,210,255,289,192,2.0,18.3
invoke-ai/InvokeAI,2025-03,sq-b,ba_invoke-ai_InvokeAI__2025-03,49512,512,2976,30566,1067,6980,6478,952,5345,0.4,16,25,0,993,7,219,269,304,194,2.0,18.4
invoke-ai/InvokeAI,2025-04,sq-a,ba_invoke-ai_InvokeAI__2025-04,49199,511,2944,30268,1059,6907,6403,942,5254,0.4,18,24,0,984,7,220,259,299,199,2.3,18.3
invoke-ai/InvokeAI,2025-05,sq-c,ba_invoke-ai_InvokeAI__2025-05,50006,518,2992,30785,1075,7032,6558,964,5401,0.4,18,25,0,1007,8,224,268,308,199,2.2,18.2
invoke-ai/InvokeAI,2025-06,sq-b,ba_invoke-ai_InvokeAI__2025-06,50796,523,3022,31208,1085,7113,6634,991,5531,0.4,18,25,0,1034,8,226,271,328,201,2.3,18.1
invoke-ai/InvokeAI,2025-07,sq-c,ba_invoke-ai_InvokeAI__2025-07,50976,527,3039,31216,1088,7151,6658,1025,5704,0.4,18,25,0,1068,8,228,297,336,199,2.3,18.2
invoke-ai/InvokeAI,2025-08,sq-c,ba_invoke-ai_InvokeAI__2025-08,51795,532,3084,31692,1108,7256,6786,1102,5999,0.4,19,25,0,1146,8,236,311,392,199,2.2,18.1
invoke-ai/InvokeAI,2025-09,sq-c,ba_invoke-ai_InvokeAI__2025-09,52215,534,3097,31924,1113,7315,6863,1105,6049,0.4,20,25,0,1150,9,238,314,390,199,2.3,18.1
invoke-ai/InvokeAI,2025-10,sq-a,ba_invoke-ai_InvokeAI__2025-10,52657,548,3111,32043,1111,7312,6824,1141,6201,0.4,20,23,0,1184,10,232,296,441,205,2.4,18.1
invoke-ai/InvokeAI,2025-11,sq-c,ba_invoke-ai_InvokeAI__2025-11,52746,548,3122,32129,1112,7341,6851,1143,6216,0.4,20,23,0,1186,10,234,296,441,205,2.4,18.1
invoke-ai/InvokeAI,2025-12,sq-c,ba_invoke-ai_InvokeAI__2025-12,57025,577,3278,34614,1170,7953,7628,1207,6741,0.4,20,23,0,1250,10,255,307,472,206,2.5,18.4
invoke-ai/InvokeAI,2026-01,sq-c,ba_invoke-ai_InvokeAI__2026-01,60534,594,3384,36669,1197,8520,8558,1258,7599,0.4,20,23,0,1301,10,287,319,479,206,3.1,19.0
invoke-ai/InvokeAI,2026-02,sq-b,ba_invoke-ai_InvokeAI__2026-02,64611,614,3542,39571,1230,9425,9872,1342,8537,0.4,19,23,0,1384,10,322,343,505,204,3.2,19.3
invoke-ai/InvokeAI,2026-03,sq-a,ba_invoke-ai_InvokeAI__2026-03,65023,614,3559,39883,1234,9562,10063,1352,8675,0.4,19,23,0,1394,10,327,341,513,203,3.2,19.3
invoke-ai/InvokeAI,2026-04,sq-b,ba_invoke-ai_InvokeAI__2026-04,73690,660,3961,44776,1348,11048,11648,1500,9773,0.4,22,25,0,1547,9,362,392,583,201,3.1,18.7
invoke-ai/InvokeAI,2026-05,sq-a,ba_invoke-ai_InvokeAI__2026-05,76580,668,4100,46397,1368,11595,12196,1512,9948,0.4,29,25,0,1566,9,371,397,588,201,3.4,18.6
invoke-ai/InvokeAI,2026-06,sq-c,ba_invoke-ai_InvokeAI__2026-06,77758,675,4181,47093,1379,11815,12379,1522,9947,0.4,29,25,0,1576,9,374,399,593,201,3.3,18.6
iterative/datachain,2024-06,sq-c,ba_iterative_datachain__2024-06,,,,,,,,,,,,,,,,,,,,,
iterative/datachain,2024-07,sq-b,ba_iterative_datachain__2024-07,15091,94,1333,9196,217,2956,2470,81,831,0.2,3,4,0,88,6,35,26,6,15,0.4,14.8
iterative/datachain,2024-08,sq-a,ba_iterative_datachain__2024-08,15926,98,1435,9789,229,3196,2661,91,904,0.2,3,4,0,98,6,43,29,5,15,0.4,14.7
iterative/datachain,2024-09,sq-c,ba_iterative_datachain__2024-09,15266,98,1393,9554,217,3131,2614,93,880,0.2,2,3,0,98,6,41,28,6,17,0.4,15.3
iterative/datachain,2024-10,sq-a,ba_iterative_datachain__2024-10,15402,102,1394,9707,218,3159,2641,98,925,0.2,2,3,0,103,7,41,33,6,16,0.4,16.5
iterative/datachain,2024-11,sq-b,ba_iterative_datachain__2024-11,16756,118,1500,10379,234,3417,2837,101,993,0.2,2,3,0,106,7,42,38,6,13,0.4,17.8
iterative/datachain,2024-12,sq-c,ba_iterative_datachain__2024-12,17592,123,1528,10873,245,3573,2976,107,1023,0.2,3,4,0,114,7,47,40,7,13,0.2,18.2
iterative/datachain,2025-01,sq-a,ba_iterative_datachain__2025-01,18032,135,1578,11213,247,3666,3008,100,935,0.2,3,4,0,107,7,42,39,7,12,0.2,18.4
iterative/datachain,2025-02,sq-a,ba_iterative_datachain__2025-02,18568,138,1614,11555,257,3783,3120,103,965,0.2,3,4,0,110,7,44,40,7,12,0.1,19.4
iterative/datachain,2025-03,sq-c,ba_iterative_datachain__2025-03,19621,152,1675,12156,259,4001,3314,109,1060,0.2,3,4,0,116,7,47,43,7,12,0.1,19.5
iterative/datachain,2025-04,sq-a,ba_iterative_datachain__2025-04,19896,153,1688,12332,261,4057,3379,110,1064,0.2,3,4,0,117,7,47,44,7,12,0.1,19.8
iterative/datachain,2025-05,sq-b,ba_iterative_datachain__2025-05,20482,155,1724,12683,261,4192,3545,121,1158,0.2,3,4,0,128,7,50,49,10,12,0.1,20.4
iterative/datachain,2025-06,sq-a,ba_iterative_datachain__2025-06,21921,159,1824,13354,274,4410,3681,118,1156,0.2,3,4,0,125,7,51,45,10,12,0.1,20.5
iterative/datachain,2025-07,sq-b,ba_iterative_datachain__2025-07,22548,160,1846,13758,277,4528,3874,126,1296,0.2,3,4,0,133,7,56,48,10,12,0.1,21.4
iterative/datachain,2025-08,sq-b,ba_iterative_datachain__2025-08,23042,162,1859,13962,278,4589,3966,129,1334,0.2,3,4,0,136,7,57,50,10,12,0.1,21.6
iterative/datachain,2025-09,sq-a,ba_iterative_datachain__2025-09,24080,166,1949,14680,284,4852,4221,135,1451,0.2,3,6,0,144,7,65,50,10,12,0.1,21.5
iterative/datachain,2025-10,sq-a,ba_iterative_datachain__2025-10,24594,167,1989,15070,288,4979,4376,138,1493,0.2,3,6,0,147,6,66,53,11,11,0.1,21.5
iterative/datachain,2025-11,sq-a,ba_iterative_datachain__2025-11,24717,167,2005,15196,288,5045,4459,139,1516,0.2,3,4,0,146,6,68,51,10,11,0.1,21.5
iterative/datachain,2025-12,sq-c,ba_iterative_datachain__2025-12,25981,168,2059,15717,290,5208,4611,148,1592,0.2,3,4,0,155,6,70,56,12,11,0.1,21.2
iterative/datachain,2026-01,sq-c,ba_iterative_datachain__2026-01,26308,169,2077,15891,292,5268,4694,152,1632,0.2,3,4,0,159,6,72,57,13,11,0.1,21.3
iterative/datachain,2026-02,sq-c,ba_iterative_datachain__2026-02,27541,170,2140,16437,298,5418,4833,157,1727,0.2,2,4,0,163,6,73,59,13,12,0.2,21.5
iterative/datachain,2026-03,sq-c,ba_iterative_datachain__2026-03,28757,170,2207,17057,302,5654,5067,160,1725,0.2,2,4,0,166,6,80,55,14,11,0.3,21.4
iterative/datachain,2026-04,sq-b,ba_iterative_datachain__2026-04,32310,193,2375,19650,311,6462,6114,187,2154,0.2,3,6,0,196,7,99,63,16,11,0.4,20.8
iterative/datachain,2026-05,sq-a,ba_iterative_datachain__2026-05,33187,193,2424,20120,312,6672,6315,191,2202,0.2,3,4,0,198,7,99,65,17,10,0.5,20.7
iterative/datachain,2026-06,sq-b,ba_iterative_datachain__2026-06,34122,195,2506,20807,324,6922,6558,192,2217,0.2,3,4,0,199,7,100,65,17,10,0.4,20.9
janbjorge/pgqueuer,2024-06,sq-a,ba_janbjorge_pgqueuer__2024-06,1278,15,81,528,14,139,88,6,32,0.1,0,1,0,7,0,1,4,2,0,0.0,18.4
janbjorge/pgqueuer,2024-07,sq-b,ba_janbjorge_pgqueuer__2024-07,1389,17,88,571,14,144,91,5,19,0.0,0,1,0,6,0,1,3,2,0,0.0,17.9
janbjorge/pgqueuer,2024-08,sq-c,ba_janbjorge_pgqueuer__2024-08,1792,19,114,738,21,192,122,9,34,0.1,1,1,0,11,1,0,6,4,0,0.0,16.8
janbjorge/pgqueuer,2024-09,sq-b,ba_janbjorge_pgqueuer__2024-09,2081,20,143,914,27,236,133,10,39,0.1,2,1,0,13,1,0,7,5,0,0.0,34.1
janbjorge/pgqueuer,2024-10,sq-a,ba_janbjorge_pgqueuer__2024-10,2113,18,144,912,28,238,133,7,35,0.1,2,1,0,10,1,0,5,4,0,0.0,34.2
janbjorge/pgqueuer,2024-11,sq-b,ba_janbjorge_pgqueuer__2024-11,2859,23,187,1213,42,336,202,13,67,0.1,2,1,0,16,1,0,10,5,0,0.0,29.9
janbjorge/pgqueuer,2024-12,sq-a,ba_janbjorge_pgqueuer__2024-12,2897,24,209,1292,48,368,224,14,72,0.1,2,1,0,17,1,2,9,5,0,0.0,30.8
janbjorge/pgqueuer,2025-01,sq-b,ba_janbjorge_pgqueuer__2025-01,3307,26,232,1455,55,411,254,12,56,0.1,2,1,0,15,1,1,5,6,2,0.0,30.8
janbjorge/pgqueuer,2025-02,sq-b,ba_janbjorge_pgqueuer__2025-02,3412,26,237,1494,59,419,258,13,66,0.1,2,1,0,16,1,1,6,6,2,0.0,30.3
janbjorge/pgqueuer,2025-03,sq-a,ba_janbjorge_pgqueuer__2025-03,3385,26,236,1480,59,413,253,13,66,0.1,2,1,0,16,1,1,6,6,2,0.0,30.4
janbjorge/pgqueuer,2025-04,sq-c,ba_janbjorge_pgqueuer__2025-04,3720,27,257,1604,69,456,281,14,73,0.1,2,1,0,17,1,2,7,5,2,1.0,30.7
janbjorge/pgqueuer,2025-05,sq-c,ba_janbjorge_pgqueuer__2025-05,3878,28,271,1693,70,479,300,14,73,0.1,3,1,0,18,1,2,8,5,2,1.0,31.4
janbjorge/pgqueuer,2025-06,sq-b,ba_janbjorge_pgqueuer__2025-06,3956,28,277,1713,70,488,303,14,73,0.1,3,1,0,18,1,2,8,5,2,1.0,31.2
janbjorge/pgqueuer,2025-07,sq-b,ba_janbjorge_pgqueuer__2025-07,4385,29,305,1922,81,555,364,14,86,0.1,5,2,0,21,1,3,11,4,2,0.8,30.1
janbjorge/pgqueuer,2025-08,sq-b,ba_janbjorge_pgqueuer__2025-08,4390,29,306,1926,81,556,364,14,86,0.1,5,2,0,21,1,3,11,4,2,0.8,30.2
janbjorge/pgqueuer,2025-09,sq-b,ba_janbjorge_pgqueuer__2025-09,4402,29,306,1929,81,556,364,15,86,0.1,5,2,0,22,1,3,11,4,3,0.7,30.4
janbjorge/pgqueuer,2025-10,sq-a,ba_janbjorge_pgqueuer__2025-10,4537,30,322,2026,82,588,383,15,86,0.1,5,2,0,22,1,3,11,4,3,0.7,30.9
janbjorge/pgqueuer,2025-11,sq-a,ba_janbjorge_pgqueuer__2025-11,4557,30,320,2029,82,589,390,15,86,0.1,5,2,0,22,1,3,11,4,3,0.7,30.8
janbjorge/pgqueuer,2025-12,sq-b,ba_janbjorge_pgqueuer__2025-12,4570,30,321,2024,82,586,386,15,86,0.1,5,2,0,22,1,3,11,4,3,0.7,30.7
janbjorge/pgqueuer,2026-01,sq-c,ba_janbjorge_pgqueuer__2026-01,4570,30,321,2024,82,586,386,15,86,0.1,5,2,0,22,1,3,11,4,3,0.7,30.7
janbjorge/pgqueuer,2026-02,sq-c,ba_janbjorge_pgqueuer__2026-02,5875,74,414,2679,91,783,512,50,261,0.1,5,2,0,57,1,4,18,31,3,1.2,25.9
janbjorge/pgqueuer,2026-03,sq-c,ba_janbjorge_pgqueuer__2026-03,5985,75,417,2747,92,796,524,52,277,0.2,5,2,0,59,1,6,18,31,3,1.1,26.1
janbjorge/pgqueuer,2026-04,sq-b,ba_janbjorge_pgqueuer__2026-04,5989,62,452,2797,91,825,523,49,270,0.2,4,0,0,53,0,5,16,32,0,1.1,25.6
janbjorge/pgqueuer,2026-05,sq-a,ba_janbjorge_pgqueuer__2026-05,6012,62,453,2815,91,829,527,49,270,0.1,4,0,0,53,0,5,16,32,0,1.1,25.6
janbjorge/pgqueuer,2026-06,sq-a,ba_janbjorge_pgqueuer__2026-06,5945,60,444,2734,89,818,528,51,280,0.2,4,0,0,55,0,7,16,32,0,0.9,13.5
jbloomAus/SAELens,2024-07,sq-c,ba_jbloomAus_SAELens__2024-07,6007,38,231,2915,29,657,681,87,585,0.3,3,2,0,92,0,16,40,18,18,2.8,18.0
jbloomAus/SAELens,2024-08,sq-a,ba_jbloomAus_SAELens__2024-08,6200,39,240,3017,29,688,711,87,578,0.3,3,2,0,92,0,15,41,18,18,2.7,17.5
jbloomAus/SAELens,2024-09,sq-c,ba_jbloomAus_SAELens__2024-09,6426,38,247,3136,29,725,759,84,587,0.3,3,3,0,90,0,18,35,19,18,2.8,17.4
jbloomAus/SAELens,2024-10,sq-c,ba_jbloomAus_SAELens__2024-10,6832,39,258,3299,30,759,781,83,590,0.3,3,3,0,89,0,18,33,22,16,2.6,16.1
jbloomAus/SAELens,2024-11,sq-a,ba_jbloomAus_SAELens__2024-11,7355,39,298,3587,33,856,861,88,635,0.3,3,3,0,94,0,20,33,23,18,2.0,16.5
jbloomAus/SAELens,2024-12,sq-b,ba_jbloomAus_SAELens__2024-12,7399,39,301,3597,34,904,881,85,632,0.3,3,3,0,91,0,20,32,21,18,2.0,16.6
jbloomAus/SAELens,2025-01,sq-a,ba_jbloomAus_SAELens__2025-01,7468,39,303,3621,34,909,886,87,647,0.3,3,4,0,94,0,23,31,22,18,2.0,16.7
jbloomAus/SAELens,2025-02,sq-b,ba_jbloomAus_SAELens__2025-02,6964,35,275,3308,29,848,844,74,609,0.3,3,3,0,80,0,22,27,15,16,3.5,16.4
jbloomAus/SAELens,2025-03,sq-b,ba_jbloomAus_SAELens__2025-03,6980,35,275,3313,29,852,851,74,609,0.3,3,3,0,80,0,22,27,15,16,3.5,16.3
jbloomAus/SAELens,2025-04,sq-b,ba_jbloomAus_SAELens__2025-04,7171,36,286,3420,31,909,941,75,621,0.3,3,3,0,81,0,23,28,15,15,2.5,16.4
jbloomAus/SAELens,2025-05,sq-b,ba_jbloomAus_SAELens__2025-05,7173,36,285,3412,31,906,938,75,621,0.3,3,3,0,81,0,23,28,15,15,2.5,16.4
jbloomAus/SAELens,2025-06,sq-b,ba_jbloomAus_SAELens__2025-06,7173,36,285,3412,31,906,938,75,621,0.3,3,3,0,81,0,23,28,15,15,2.5,16.4
jbloomAus/SAELens,2025-07,sq-b,ba_jbloomAus_SAELens__2025-07,7828,46,384,3884,59,1002,920,69,576,0.2,3,3,0,75,0,20,26,20,9,1.0,17.1
jbloomAus/SAELens,2025-08,sq-a,ba_jbloomAus_SAELens__2025-08,8055,47,415,4034,65,1034,902,65,391,0.2,2,3,0,70,0,22,18,21,9,0.9,18.2
jbloomAus/SAELens,2025-09,sq-c,ba_jbloomAus_SAELens__2025-09,8150,47,418,4082,65,1051,921,67,395,0.2,1,3,0,71,0,22,17,23,9,0.9,18.2
jbloomAus/SAELens,2025-10,sq-c,ba_jbloomAus_SAELens__2025-10,8992,50,466,4570,71,1163,1010,77,431,0.2,1,5,0,83,0,26,16,32,9,0.8,19.1
jbloomAus/SAELens,2025-11,sq-b,ba_jbloomAus_SAELens__2025-11,8944,50,466,4562,71,1163,1010,77,431,0.2,1,5,0,83,0,26,16,32,9,0.8,19.2
jbloomAus/SAELens,2025-12,sq-b,ba_jbloomAus_SAELens__2025-12,9383,51,493,4827,77,1232,1071,86,463,0.2,2,5,0,93,0,29,17,35,12,0.5,19.7
jbloomAus/SAELens,2026-01,sq-a,ba_jbloomAus_SAELens__2026-01,10990,63,562,5810,86,1464,1292,95,531,0.2,2,7,0,104,0,34,21,37,12,0.4,23.3
jbloomAus/SAELens,2026-02,sq-a,ba_jbloomAus_SAELens__2026-02,13119,74,697,7072,116,1845,1636,103,624,0.2,2,8,0,113,0,37,24,39,13,0.5,24.5
jbloomAus/SAELens,2026-03,sq-a,ba_jbloomAus_SAELens__2026-03,13243,74,700,7121,116,1860,1650,103,631,0.2,2,8,0,113,0,37,24,39,13,0.5,24.6
jbloomAus/SAELens,2026-04,sq-a,ba_jbloomAus_SAELens__2026-04,13418,75,708,7212,117,1887,1677,104,640,0.2,2,9,0,115,0,39,24,39,13,0.5,24.8
jbloomAus/SAELens,2026-05,sq-a,ba_jbloomAus_SAELens__2026-05,14409,78,748,7673,124,2047,1836,107,687,0.2,2,9,0,118,0,40,25,40,13,0.8,24.3
jbloomAus/SAELens,2026-06,sq-c,ba_jbloomAus_SAELens__2026-06,14451,78,750,7668,125,2051,1836,107,687,0.2,2,9,0,118,0,40,25,40,13,0.8,24.2
jbloomAus/SAELens,2026-07,sq-b,ba_jbloomAus_SAELens__2026-07,14599,78,760,7747,125,2084,1867,107,690,0.2,2,9,0,118,0,40,25,40,13,0.7,24.1
joaovitoriasilva/endurain,2024-06,sq-b,ba_joaovitoriasilva_endurain__2024-06,4232,49,190,2010,26,429,434,175,1117,0.9,3,0,0,178,0,27,79,72,0,1.5,18.4
joaovitoriasilva/endurain,2024-07,sq-b,ba_joaovitoriasilva_endurain__2024-07,4889,60,204,2154,23,453,459,101,754,0.5,3,2,0,106,0,19,79,8,0,1.5,17.0
joaovitoriasilva/endurain,2024-08,sq-b,ba_joaovitoriasilva_endurain__2024-08,4963,60,209,2193,23,461,466,107,784,0.5,3,2,0,112,0,19,83,10,0,1.4,17.0
joaovitoriasilva/endurain,2024-09,sq-c,ba_joaovitoriasilva_endurain__2024-09,4967,61,209,2197,23,461,466,107,784,0.5,3,2,0,112,0,19,83,10,0,1.4,17.1
joaovitoriasilva/endurain,2024-10,sq-a,ba_joaovitoriasilva_endurain__2024-10,4967,61,209,2197,23,461,466,107,784,0.5,3,2,0,112,0,19,83,10,0,1.4,17.1
joaovitoriasilva/endurain,2024-11,sq-c,ba_joaovitoriasilva_endurain__2024-11,7714,100,318,3472,33,740,781,56,650,0.3,2,2,0,60,0,30,18,12,0,1.7,15.4
joaovitoriasilva/endurain,2024-12,sq-b,ba_joaovitoriasilva_endurain__2024-12,7898,101,320,3556,33,777,874,61,753,0.3,2,2,0,65,0,29,25,11,0,1.2,15.8
joaovitoriasilva/endurain,2025-01,sq-b,ba_joaovitoriasilva_endurain__2025-01,8509,107,351,3779,36,818,899,60,763,0.3,3,2,0,65,1,30,26,8,0,1.1,15.7
joaovitoriasilva/endurain,2025-02,sq-a,ba_joaovitoriasilva_endurain__2025-02,9641,124,379,4176,42,877,959,66,871,0.3,3,2,0,71,1,32,27,11,0,1.3,15.0
joaovitoriasilva/endurain,2025-03,sq-b,ba_joaovitoriasilva_endurain__2025-03,9641,124,379,4176,42,877,959,66,871,0.3,3,2,0,71,1,32,27,11,0,1.3,15.0
joaovitoriasilva/endurain,2025-04,sq-c,ba_joaovitoriasilva_endurain__2025-04,12031,151,422,4895,54,1074,1224,78,1080,0.3,4,3,0,85,1,41,30,13,0,1.8,13.6
joaovitoriasilva/endurain,2025-05,sq-c,ba_joaovitoriasilva_endurain__2025-05,13032,157,437,5242,56,1159,1366,97,1256,0.3,3,6,0,106,2,48,33,23,0,2.1,13.9
joaovitoriasilva/endurain,2025-06,sq-b,ba_joaovitoriasilva_endurain__2025-06,16482,179,485,6551,73,1522,1862,115,1533,0.3,5,6,0,126,2,59,37,28,0,2.9,13.9
joaovitoriasilva/endurain,2025-07,sq-a,ba_joaovitoriasilva_endurain__2025-07,19069,207,542,7507,64,1753,2202,131,1846,0.3,10,6,0,147,2,67,49,29,0,2.4,14.8
joaovitoriasilva/endurain,2025-08,sq-a,ba_joaovitoriasilva_endurain__2025-08,19207,207,541,7571,69,1761,2233,132,1884,0.3,10,6,0,148,2,68,49,29,0,2.4,15.6
joaovitoriasilva/endurain,2025-09,sq-b,ba_joaovitoriasilva_endurain__2025-09,20174,217,592,8071,84,1862,2316,138,1925,0.3,10,6,0,154,2,71,51,30,0,2.3,18.4
joaovitoriasilva/endurain,2025-10,sq-a,ba_joaovitoriasilva_endurain__2025-10,27285,252,754,11221,143,2388,3010,191,2196,0.3,9,7,0,207,1,102,54,50,0,1.9,23.8
joaovitoriasilva/endurain,2025-11,sq-c,ba_joaovitoriasilva_endurain__2025-11,37318,262,784,11674,154,2493,3157,190,2264,0.2,9,7,0,206,1,106,50,49,0,1.5,19.0
joaovitoriasilva/endurain,2025-12,sq-a,ba_joaovitoriasilva_endurain__2025-12,39755,279,849,12748,171,2721,3408,213,2381,0.2,9,6,0,228,1,110,61,56,0,1.4,21.6
joaovitoriasilva/endurain,2026-01,sq-a,ba_joaovitoriasilva_endurain__2026-01,42873,294,886,13231,201,2882,3513,306,2454,0.2,4,6,0,316,1,105,81,112,17,1.3,23.2
joaovitoriasilva/endurain,2026-02,sq-a,ba_joaovitoriasilva_endurain__2026-02,42973,294,887,13267,201,2900,3534,308,2469,0.2,4,7,0,319,1,106,82,113,17,1.3,23.2
joaovitoriasilva/endurain,2026-03,sq-b,ba_joaovitoriasilva_endurain__2026-03,42973,294,887,13267,201,2900,3534,308,2469,0.2,4,7,0,319,1,106,82,113,17,1.3,23.2
joaovitoriasilva/endurain,2026-04,sq-a,ba_joaovitoriasilva_endurain__2026-04,42944,294,886,13260,201,2899,3532,309,2474,0.2,4,7,0,320,1,106,83,113,17,1.3,23.2
joaovitoriasilva/endurain,2026-05,sq-c,ba_joaovitoriasilva_endurain__2026-05,54628,337,1252,16788,301,3648,3813,357,2133,0.1,2,7,0,366,1,110,79,176,0,0.4,28.2
joaovitoriasilva/endurain,2026-06,sq-a,ba_joaovitoriasilva_endurain__2026-06,51822,356,1489,17832,318,4019,3917,290,1982,0.1,2,6,0,298,1,103,25,169,0,0.3,31.5
jxxghp/MoviePilot,2024-07,sq-b,ba_jxxghp_MoviePilot__2024-07,33621,258,2247,25144,316,8379,10838,1036,8680,0.9,4,32,0,1072,2,344,357,361,8,2.6,27.0
jxxghp/MoviePilot,2024-08,sq-c,ba_jxxghp_MoviePilot__2024-08,34212,262,2286,25614,323,8527,11026,1053,8687,0.8,4,36,0,1093,2,352,367,364,8,2.8,27.1
jxxghp/MoviePilot,2024-09,sq-c,ba_jxxghp_MoviePilot__2024-09,35119,269,2380,26368,340,8807,11309,1088,8877,0.8,4,34,0,1126,2,355,375,386,8,3.0,27.6
jxxghp/MoviePilot,2024-10,sq-c,ba_jxxghp_MoviePilot__2024-10,36856,275,2499,27773,352,9261,11879,1133,9354,0.8,9,31,0,1173,2,369,385,411,6,2.6,27.9
jxxghp/MoviePilot,2024-11,sq-a,ba_jxxghp_MoviePilot__2024-11,38316,278,2561,28620,355,9609,12416,1153,9734,0.8,8,31,0,1192,2,381,382,421,6,2.9,27.9
jxxghp/MoviePilot,2024-12,sq-b,ba_jxxghp_MoviePilot__2024-12,39008,281,2647,29177,368,9806,12634,1115,9602,0.8,8,31,0,1154,2,334,386,426,6,2.5,28.1
jxxghp/MoviePilot,2025-01,sq-c,ba_jxxghp_MoviePilot__2025-01,39993,282,2719,29907,374,10042,12990,1134,9840,0.8,8,31,0,1173,2,342,389,434,6,2.5,28.1
jxxghp/MoviePilot,2025-02,sq-c,ba_jxxghp_MoviePilot__2025-02,41225,309,2844,30798,421,10290,13241,1165,10106,0.8,9,32,0,1206,3,355,382,460,6,2.4,28.0
jxxghp/MoviePilot,2025-03,sq-a,ba_jxxghp_MoviePilot__2025-03,43643,314,2969,32412,440,10842,13949,1166,10567,0.8,9,42,0,1217,4,383,389,435,6,2.5,27.6
jxxghp/MoviePilot,2025-04,sq-c,ba_jxxghp_MoviePilot__2025-04,43862,315,2986,32598,441,10911,14108,1167,10682,0.8,8,42,0,1217,3,380,391,437,6,2.5,27.6
jxxghp/MoviePilot,2025-05,sq-b,ba_jxxghp_MoviePilot__2025-05,45216,326,3124,33659,440,11230,14521,1164,10868,0.8,9,41,0,1214,3,382,386,439,4,2.3,27.6
jxxghp/MoviePilot,2025-06,sq-a,ba_jxxghp_MoviePilot__2025-06,47656,331,3216,35223,449,11688,15372,1159,11262,0.8,10,41,0,1210,3,395,377,432,3,2.5,27.5
jxxghp/MoviePilot,2025-07,sq-a,ba_jxxghp_MoviePilot__2025-07,54141,332,3890,40433,458,13528,17307,1228,12131,0.7,8,45,0,1281,4,434,388,451,4,3.3,28.3
jxxghp/MoviePilot,2025-08,sq-a,ba_jxxghp_MoviePilot__2025-08,57596,341,4143,42922,482,14297,18197,1260,12356,0.7,10,46,0,1316,7,450,395,460,4,3.7,28.3
jxxghp/MoviePilot,2025-09,sq-a,ba_jxxghp_MoviePilot__2025-09,57401,340,4149,43071,481,14382,18307,1256,12313,0.7,11,47,0,1314,7,454,396,452,5,3.7,28.5
jxxghp/MoviePilot,2025-10,sq-a,ba_jxxghp_MoviePilot__2025-10,58810,361,4233,44242,507,14685,18781,1297,12709,0.7,11,47,0,1355,5,480,405,460,5,3.6,28.2
jxxghp/MoviePilot,2025-11,sq-a,ba_jxxghp_MoviePilot__2025-11,62303,394,4341,46452,564,15306,19749,1337,13309,0.7,11,47,0,1395,5,501,415,469,5,3.5,27.5
jxxghp/MoviePilot,2025-12,sq-b,ba_jxxghp_MoviePilot__2025-12,64049,399,4436,47608,577,15686,20264,1360,13533,0.7,10,50,0,1420,4,510,421,479,6,3.4,27.3
jxxghp/MoviePilot,2026-01,sq-a,ba_jxxghp_MoviePilot__2026-01,65404,407,4525,48632,586,15999,20625,1380,13732,0.7,11,51,0,1442,4,519,423,489,7,3.4,27.4
jxxghp/MoviePilot,2026-02,sq-c,ba_jxxghp_MoviePilot__2026-02,68379,413,4712,50629,598,16839,21612,1414,14155,0.7,11,55,0,1480,4,537,439,493,7,3.3,27.0
jxxghp/MoviePilot,2026-03,sq-c,ba_jxxghp_MoviePilot__2026-03,75474,438,4963,53953,646,17975,22805,1463,14408,0.6,17,61,0,1541,5,560,457,512,7,3.1,25.8
jxxghp/MoviePilot,2026-04,sq-b,ba_jxxghp_MoviePilot__2026-04,96517,484,5844,65047,770,22408,27433,1614,16215,0.6,20,70,0,1704,6,672,480,539,7,2.7,22.3
jxxghp/MoviePilot,2026-05,sq-b,ba_jxxghp_MoviePilot__2026-05,121161,514,7002,78162,828,27904,33258,1848,18874,0.5,25,74,0,1947,5,777,536,622,7,2.4,20.4
jxxghp/MoviePilot,2026-06,sq-c,ba_jxxghp_MoviePilot__2026-06,137377,539,7848,88166,892,31808,37330,2026,20708,0.5,31,88,0,2145,10,852,585,691,7,2.4,19.9
jxxghp/MoviePilot,2026-07,sq-c,ba_jxxghp_MoviePilot__2026-07,149046,571,8456,94874,945,34630,39920,2120,21606,0.5,32,90,0,2242,12,874,601,748,7,2.4,19.9
keras-team/keras,2024-07,sq-a,ba_keras-team_keras__2024-07,85711,554,5674,50390,697,14629,14517,860,8138,0.3,20,16,0,896,3,253,398,134,108,7.0,29.2
keras-team/keras,2024-08,sq-c,ba_keras-team_keras__2024-08,86141,556,5756,50773,707,14735,14573,862,8145,0.3,20,16,0,898,3,254,397,135,109,7.0,29.2
keras-team/keras,2024-09,sq-c,ba_keras-team_keras__2024-09,88924,566,5963,52417,725,15282,15167,898,8450,0.3,22,16,0,936,5,270,407,146,108,6.9,28.9
keras-team/keras,2024-10,sq-c,ba_keras-team_keras__2024-10,90809,580,6072,53634,735,15550,15393,917,8597,0.3,23,16,0,956,6,277,408,159,106,6.7,29.1
keras-team/keras,2024-11,sq-c,ba_keras-team_keras__2024-11,92384,580,6204,54692,749,15847,15673,935,8788,0.3,23,16,0,974,6,284,411,170,103,6.6,29.1
keras-team/keras,2024-12,sq-a,ba_keras-team_keras__2024-12,96936,613,6681,57750,781,16701,16275,958,8946,0.3,31,16,0,1005,8,290,424,179,104,6.7,28.8
keras-team/keras,2025-01,sq-a,ba_keras-team_keras__2025-01,99139,624,6794,58995,791,17029,16665,960,9032,0.3,35,18,0,1013,8,292,422,183,108,6.9,28.5
keras-team/keras,2025-02,sq-a,ba_keras-team_keras__2025-02,100849,626,6858,59840,796,17276,16883,974,9142,0.3,36,18,0,1028,9,299,424,189,107,6.8,28.4
keras-team/keras,2025-03,sq-a,ba_keras-team_keras__2025-03,102587,629,6921,60745,802,17525,17134,985,9182,0.3,36,18,0,1039,9,299,430,194,107,6.9,28.3
keras-team/keras,2025-04,sq-a,ba_keras-team_keras__2025-04,103564,629,6957,61072,805,17630,17218,982,9168,0.3,36,18,0,1036,9,298,430,193,106,7.3,28.3
keras-team/keras,2025-05,sq-c,ba_keras-team_keras__2025-05,103960,630,7011,61411,813,17752,17300,981,9178,0.3,39,18,0,1038,12,297,429,194,106,7.2,28.3
keras-team/keras,2025-06,sq-a,ba_keras-team_keras__2025-06,104691,630,7016,61846,808,17877,17525,977,9288,0.3,40,18,0,1035,11,299,431,188,106,7.2,28.3
keras-team/keras,2025-07,sq-b,ba_keras-team_keras__2025-07,106146,632,7116,62909,820,18173,17837,985,9366,0.3,36,17,0,1038,7,300,433,192,106,7.2,28.4
keras-team/keras,2025-08,sq-a,ba_keras-team_keras__2025-08,108147,637,7215,64052,829,18459,18182,990,9510,0.3,36,19,0,1045,7,305,438,190,105,7.1,28.4
keras-team/keras,2025-09,sq-a,ba_keras-team_keras__2025-09,109446,637,7299,64925,834,18728,18440,996,9537,0.3,35,18,0,1049,6,308,436,195,104,7.2,28.4
keras-team/keras,2025-10,sq-b,ba_keras-team_keras__2025-10,111253,643,7422,66075,846,19077,18800,1032,9707,0.3,35,18,0,1085,6,314,442,220,103,7.0,28.4
keras-team/keras,2025-11,sq-b,ba_keras-team_keras__2025-11,111548,643,7444,66256,847,19144,18896,1033,9731,0.3,35,18,0,1086,6,315,442,220,103,7.0,28.4
keras-team/keras,2025-12,sq-c,ba_keras-team_keras__2025-12,114376,654,7578,68100,868,19586,19373,1072,9956,0.3,34,18,0,1124,6,318,448,249,103,7.0,28.3
keras-team/keras,2026-01,sq-b,ba_keras-team_keras__2026-01,117078,659,7684,69696,876,20034,19953,1093,10192,0.3,35,18,0,1146,7,331,451,254,103,7.0,28.4
keras-team/keras,2026-02,sq-b,ba_keras-team_keras__2026-02,120692,661,7864,72290,891,20624,20597,1113,10399,0.3,36,18,0,1167,8,334,457,265,103,6.9,28.2
keras-team/keras,2026-03,sq-a,ba_keras-team_keras__2026-03,124988,663,8009,74772,906,21246,21298,1238,10869,0.3,44,18,0,1300,8,348,471,373,100,6.9,27.9
keras-team/keras,2026-04,sq-c,ba_keras-team_keras__2026-04,129818,664,8135,77235,910,21874,22047,1312,11311,0.3,46,18,0,1376,8,360,477,438,93,6.8,27.4
keras-team/keras,2026-05,sq-a,ba_keras-team_keras__2026-05,131869,665,8250,78522,918,22378,22576,1334,11589,0.3,46,18,0,1398,8,371,486,441,92,6.9,27.4
keras-team/keras,2026-06,sq-c,ba_keras-team_keras__2026-06,132806,666,8290,79107,923,22559,22756,1336,11674,0.3,47,18,0,1401,8,377,485,441,90,7.0,27.3
keras-team/keras,2026-07,sq-b,ba_keras-team_keras__2026-07,134975,669,8391,80439,931,23034,23317,1363,11979,0.3,47,18,0,1428,8,391,488,452,89,6.9,27.3
kubeflow/pipelines,2024-07,sq-b,ba_kubeflow_pipelines__2024-07,112396,1295,4892,50494,608,12109,11933,2129,15308,0.5,28,88,0,2245,60,380,742,886,177,18.7,30.4
kubeflow/pipelines,2024-08,sq-b,ba_kubeflow_pipelines__2024-08,112424,1296,4894,50510,608,12111,11934,2128,15302,0.5,28,88,0,2244,60,379,742,886,177,18.7,30.4
kubeflow/pipelines,2024-09,sq-a,ba_kubeflow_pipelines__2024-09,112602,1299,4907,50609,608,12151,11973,2131,15343,0.5,28,88,0,2247,60,380,743,887,177,18.7,30.3
kubeflow/pipelines,2024-10,sq-b,ba_kubeflow_pipelines__2024-10,112899,1309,4949,50792,609,12195,11967,2137,15337,0.5,28,89,0,2254,60,381,743,891,179,18.7,30.3
kubeflow/pipelines,2024-11,sq-b,ba_kubeflow_pipelines__2024-11,99639,1188,4107,42527,473,9673,8874,1836,12840,0.4,26,74,0,1936,57,289,674,811,105,19.6,30.3
kubeflow/pipelines,2024-12,sq-c,ba_kubeflow_pipelines__2024-12,99756,1189,4111,42600,474,9689,8901,1840,12867,0.4,26,74,0,1940,57,289,674,815,105,19.6,30.3
kubeflow/pipelines,2025-01,sq-b,ba_kubeflow_pipelines__2025-01,99727,1190,4114,42590,474,9690,8887,1837,12838,0.4,26,74,0,1937,57,289,674,812,105,19.6,30.3
kubeflow/pipelines,2025-02,sq-a,ba_kubeflow_pipelines__2025-02,99911,1194,4126,42688,474,9720,8909,1842,12859,0.4,26,74,0,1942,57,290,674,816,105,19.6,30.3
kubeflow/pipelines,2025-03,sq-c,ba_kubeflow_pipelines__2025-03,99989,1194,4130,42758,474,9732,8922,1841,12860,0.4,26,74,0,1941,57,290,674,816,104,19.6,30.3
kubeflow/pipelines,2025-04,sq-c,ba_kubeflow_pipelines__2025-04,100137,1194,4136,42838,475,9749,8960,1842,12886,0.4,26,74,0,1942,57,291,674,816,104,19.5,30.3
kubeflow/pipelines,2025-05,sq-b,ba_kubeflow_pipelines__2025-05,100520,1201,4179,43115,475,9821,8996,1857,13010,0.4,26,74,0,1957,57,292,677,827,104,19.5,30.2
kubeflow/pipelines,2025-06,sq-b,ba_kubeflow_pipelines__2025-06,100676,1202,4189,43178,477,9840,9009,1860,13031,0.4,26,74,0,1960,57,292,677,831,103,19.5,30.2
kubeflow/pipelines,2025-07,sq-c,ba_kubeflow_pipelines__2025-07,101404,1209,4239,43605,478,9977,9107,1901,13153,0.4,26,74,0,2001,57,297,679,865,103,19.4,30.1
kubeflow/pipelines,2025-08,sq-b,ba_kubeflow_pipelines__2025-08,101693,1211,4245,43698,478,10024,9138,1906,13179,0.4,26,74,0,2006,57,298,682,866,103,19.5,30.1
kubeflow/pipelines,2025-09,sq-b,ba_kubeflow_pipelines__2025-09,74995,1012,3760,34394,449,8805,8103,1021,8647,0.4,18,35,0,1074,49,172,520,236,97,12.1,35.0
kubeflow/pipelines,2025-10,sq-c,ba_kubeflow_pipelines__2025-10,76169,1036,3813,34922,450,8935,8244,1041,8828,0.4,24,41,0,1106,49,181,534,245,97,11.9,34.8
kubeflow/pipelines,2025-11,sq-b,ba_kubeflow_pipelines__2025-11,75650,1032,3795,34849,448,8896,8271,1034,8820,0.4,19,44,0,1097,49,185,523,243,97,11.8,34.6
kubeflow/pipelines,2025-12,sq-c,ba_kubeflow_pipelines__2025-12,76647,1037,3824,35464,452,9058,8623,1045,9054,0.4,21,44,0,1110,49,191,530,244,96,11.6,34.5
kubeflow/pipelines,2026-01,sq-a,ba_kubeflow_pipelines__2026-01,76757,1042,3834,35539,453,9081,8644,1047,9064,0.4,21,44,0,1112,49,191,532,244,96,11.7,34.6
kubeflow/pipelines,2026-02,sq-c,ba_kubeflow_pipelines__2026-02,76638,1042,3834,35649,452,9096,8694,1052,9075,0.4,21,44,0,1117,49,192,532,248,96,11.5,34.6
kubeflow/pipelines,2026-03,sq-c,ba_kubeflow_pipelines__2026-03,76410,1043,3884,35962,454,9210,8779,1053,9026,0.4,21,44,0,1118,49,192,532,249,96,11.1,34.8
kubeflow/pipelines,2026-04,sq-a,ba_kubeflow_pipelines__2026-04,76593,1048,3898,36072,454,9242,8813,1054,9042,0.4,21,44,0,1119,49,193,533,248,96,11.0,34.8
kubeflow/pipelines,2026-05,sq-b,ba_kubeflow_pipelines__2026-05,77420,1060,3955,36612,457,9426,8971,1056,9067,0.4,21,44,0,1121,49,199,530,248,95,11.0,34.7
kubeflow/pipelines,2026-06,sq-a,ba_kubeflow_pipelines__2026-06,68979,978,3590,33386,332,8646,8306,900,7629,0.4,19,37,0,956,0,156,493,220,87,11.6,36.4
kubeflow/pipelines,2026-07,sq-b,ba_kubeflow_pipelines__2026-07,70863,985,3688,34579,339,9059,8757,922,7871,0.4,19,37,0,978,0,176,495,220,87,11.4,36.0
langbot-app/LangBot,2024-03,sq-c,ba_langbot-app_LangBot__2024-03,6193,158,423,4059,161,956,1152,173,1329,0.7,27,4,0,204,2,64,92,44,2,1.1,12.1
langbot-app/LangBot,2024-04,sq-b,ba_langbot-app_LangBot__2024-04,6191,158,423,4056,161,955,1151,174,1337,0.7,27,4,0,205,2,65,92,44,2,1.1,12.1
langbot-app/LangBot,2024-05,sq-c,ba_langbot-app_LangBot__2024-05,6484,165,442,4291,167,1027,1297,182,1442,0.7,26,9,0,217,2,71,94,47,3,1.6,13.4
langbot-app/LangBot,2024-06,sq-c,ba_langbot-app_LangBot__2024-06,6490,165,442,4301,167,1033,1311,183,1448,0.7,26,9,0,218,2,72,94,47,3,1.6,13.4
langbot-app/LangBot,2024-07,sq-c,ba_langbot-app_LangBot__2024-07,6909,177,477,4603,182,1104,1398,195,1500,0.7,26,9,0,230,2,75,99,51,3,1.5,13.1
langbot-app/LangBot,2024-08,sq-b,ba_langbot-app_LangBot__2024-08,6918,177,477,4612,182,1106,1401,195,1500,0.7,26,9,0,230,2,75,99,51,3,1.5,13.1
langbot-app/LangBot,2024-09,sq-a,ba_langbot-app_LangBot__2024-09,7023,178,484,4681,184,1124,1428,198,1535,0.7,30,9,0,237,2,75,104,53,3,1.8,13.3
langbot-app/LangBot,2024-10,sq-a,ba_langbot-app_LangBot__2024-10,7023,178,484,4681,184,1124,1428,198,1535,0.7,30,9,0,237,2,75,104,53,3,1.8,13.3
langbot-app/LangBot,2024-11,sq-b,ba_langbot-app_LangBot__2024-11,8767,209,672,5982,243,1464,1656,223,1599,0.6,27,14,0,264,2,84,110,65,3,1.2,14.0
langbot-app/LangBot,2024-12,sq-c,ba_langbot-app_LangBot__2024-12,9161,215,687,6196,247,1531,1752,227,1632,0.6,28,14,0,269,2,86,113,66,2,1.2,13.7
langbot-app/LangBot,2025-01,sq-c,ba_langbot-app_LangBot__2025-01,10249,224,769,6934,263,1703,1932,293,2122,0.7,31,16,0,340,2,94,147,95,2,1.1,14.4
langbot-app/LangBot,2025-02,sq-b,ba_langbot-app_LangBot__2025-02,12532,248,963,8554,302,2117,2349,367,2822,0.8,32,18,0,417,2,118,182,112,3,2.6,14.3
langbot-app/LangBot,2025-03,sq-b,ba_langbot-app_LangBot__2025-03,13035,252,997,8928,300,2229,2515,393,3080,0.8,32,16,0,441,2,121,196,119,3,3.1,13.9
langbot-app/LangBot,2025-04,sq-a,ba_langbot-app_LangBot__2025-04,14360,262,1100,9846,320,2493,2834,442,3577,0.8,38,16,0,496,3,134,217,139,3,5.5,14.0
langbot-app/LangBot,2025-05,sq-c,ba_langbot-app_LangBot__2025-05,15367,280,1239,10862,341,2792,3149,484,3817,0.8,46,16,0,546,4,134,241,149,18,5.0,14.1
langbot-app/LangBot,2025-06,sq-a,ba_langbot-app_LangBot__2025-06,15789,287,1262,11145,350,2851,3237,488,3899,0.8,47,16,0,551,4,139,244,146,18,4.9,13.9
langbot-app/LangBot,2025-07,sq-c,ba_langbot-app_LangBot__2025-07,17190,308,1383,12313,379,3157,3610,524,4289,0.8,49,16,0,589,4,146,275,144,20,5.6,15.5
langbot-app/LangBot,2025-08,sq-c,ba_langbot-app_LangBot__2025-08,18976,310,1423,13454,384,3586,4568,596,5406,0.9,50,18,0,664,6,168,311,158,21,7.6,15.5
langbot-app/LangBot,2025-09,sq-c,ba_langbot-app_LangBot__2025-09,18780,294,1339,13105,295,3515,4635,631,5800,1.0,49,22,0,702,4,163,355,167,13,9.8,14.4
langbot-app/LangBot,2025-10,sq-c,ba_langbot-app_LangBot__2025-10,19272,297,1370,13476,300,3632,4771,648,6031,1.0,52,22,0,722,4,162,375,168,13,9.5,15.0
langbot-app/LangBot,2025-11,sq-a,ba_langbot-app_LangBot__2025-11,21591,314,1512,15196,316,4065,5453,709,6752,1.0,52,22,0,783,4,182,410,175,12,9.7,15.5
langbot-app/LangBot,2025-12,sq-c,ba_langbot-app_LangBot__2025-12,23808,320,1620,16819,325,4528,6202,761,7660,1.1,60,25,0,846,4,202,452,176,12,9.5,16.2
langbot-app/LangBot,2026-01,sq-c,ba_langbot-app_LangBot__2026-01,26511,333,1719,18478,344,4982,6819,789,8123,1.0,60,27,0,876,4,213,466,181,12,8.7,15.9
langbot-app/LangBot,2026-02,sq-b,ba_langbot-app_LangBot__2026-02,28469,339,1780,19808,352,5429,7591,809,8603,1.0,68,32,0,909,4,231,478,184,12,8.3,15.7
langbot-app/LangBot,2026-03,sq-a,ba_langbot-app_LangBot__2026-03,32726,343,1969,22563,370,6316,8813,840,9117,0.9,78,37,0,955,7,249,485,199,15,7.4,15.7
linkml/linkml,2024-04,sq-c,ba_linkml_linkml__2024-04,17179,115,921,11517,187,4136,5978,654,5798,1.1,11,8,0,673,3,131,404,53,82,0.7,18.4
linkml/linkml,2024-05,sq-a,ba_linkml_linkml__2024-05,17482,116,931,11687,188,4200,6093,670,5940,1.1,11,8,0,689,3,133,409,60,84,0.7,18.2
linkml/linkml,2024-06,sq-c,ba_linkml_linkml__2024-06,17485,116,934,11716,188,4215,6124,672,5983,1.1,11,8,0,691,3,133,411,60,84,0.7,18.3
linkml/linkml,2024-07,sq-a,ba_linkml_linkml__2024-07,17740,119,957,11895,200,4253,6102,695,6036,1.1,11,8,0,714,3,132,432,65,82,0.7,18.9
linkml/linkml,2024-08,sq-a,ba_linkml_linkml__2024-08,18206,124,1028,12265,203,4360,6177,694,6091,1.1,11,8,0,713,3,131,433,63,83,0.8,19.4
linkml/linkml,2024-09,sq-b,ba_linkml_linkml__2024-09,18471,125,1046,12451,206,4445,6284,697,6127,1.1,11,8,0,716,3,131,435,65,82,0.8,19.5
linkml/linkml,2024-10,sq-c,ba_linkml_linkml__2024-10,18769,126,1055,12596,208,4486,6336,708,6207,1.1,11,8,0,727,3,131,439,71,83,0.8,19.4
linkml/linkml,2024-11,sq-a,ba_linkml_linkml__2024-11,18838,126,1059,12629,212,4490,6333,716,6244,1.1,13,8,0,737,3,131,447,73,83,0.8,19.5
linkml/linkml,2024-12,sq-a,ba_linkml_linkml__2024-12,18900,126,1060,12679,212,4507,6373,721,6369,1.1,13,8,0,742,3,132,451,73,83,0.8,19.4
linkml/linkml,2025-01,sq-c,ba_linkml_linkml__2025-01,18975,127,1066,12735,212,4521,6385,721,6369,1.1,13,8,0,742,3,132,452,72,83,0.7,19.5
linkml/linkml,2025-02,sq-a,ba_linkml_linkml__2025-02,19091,128,1073,12805,213,4536,6398,726,6390,1.1,13,9,0,748,3,132,458,72,83,0.7,19.4
linkml/linkml,2025-03,sq-a,ba_linkml_linkml__2025-03,19119,128,1074,12830,213,4542,6413,729,6402,1.1,11,9,0,749,3,132,459,72,83,0.7,19.5
linkml/linkml,2025-04,sq-b,ba_linkml_linkml__2025-04,19647,130,1101,13192,256,4591,6457,751,6620,1.1,11,10,0,772,3,144,462,78,85,1.0,19.4
linkml/linkml,2025-05,sq-a,ba_linkml_linkml__2025-05,20021,136,1127,13465,263,4674,6549,760,6738,1.1,12,11,0,783,3,145,477,74,84,0.9,19.6
linkml/linkml,2025-06,sq-b,ba_linkml_linkml__2025-06,20203,136,1132,13499,264,4689,6558,747,6703,1.1,12,11,0,770,3,144,464,74,85,0.9,19.6
linkml/linkml,2025-07,sq-c,ba_linkml_linkml__2025-07,19843,134,1111,13299,225,4700,6617,731,6574,1.1,12,10,0,753,3,132,460,74,84,0.7,19.7
linkml/linkml,2025-08,sq-c,ba_linkml_linkml__2025-08,19845,134,1111,13301,225,4700,6617,731,6574,1.1,12,10,0,753,3,132,460,74,84,0.7,19.7
linkml/linkml,2025-09,sq-a,ba_linkml_linkml__2025-09,21995,148,1263,14741,274,5210,7294,765,7001,1.1,11,11,0,787,3,142,477,80,85,0.6,19.5
linkml/linkml,2025-10,sq-a,ba_linkml_linkml__2025-10,22237,151,1282,14986,282,5303,7407,770,7041,1.1,11,11,0,792,3,144,479,79,87,0.6,19.4
linkml/linkml,2025-11,sq-b,ba_linkml_linkml__2025-11,22412,156,1308,15141,286,5352,7442,773,7067,1.1,11,11,0,795,3,144,481,80,87,0.6,19.6
linkml/linkml,2025-12,sq-a,ba_linkml_linkml__2025-12,36366,229,1873,23151,486,9152,11983,989,10496,1.0,15,25,0,1029,5,217,583,107,117,7.4,18.6
linkml/linkml,2026-01,sq-a,ba_linkml_linkml__2026-01,38043,231,1968,24414,494,9630,12674,1029,10930,1.0,15,25,0,1069,5,230,605,110,119,7.4,18.8
linkml/linkml,2026-02,sq-b,ba_linkml_linkml__2026-02,37454,225,1908,24007,496,9545,12589,990,10771,1.0,13,23,0,1026,5,230,573,105,113,6.8,19.3
linkml/linkml,2026-03,sq-a,ba_linkml_linkml__2026-03,38627,227,1952,24687,501,9820,13010,1003,11013,1.0,13,23,0,1039,5,234,581,108,111,6.6,19.7
linkml/linkml,2026-04,sq-b,ba_linkml_linkml__2026-04,40099,234,1992,25549,515,10141,13498,1012,11349,0.9,10,26,0,1048,3,241,584,109,111,6.0,19.7
litestar-org/litestar,2022-07,sq-a,ba_litestar-org_litestar__2022-07,5451,68,280,3100,107,926,960,30,300,0.2,0,2,0,32,0,14,11,7,0,0.0,18.0
litestar-org/litestar,2022-08,sq-c,ba_litestar-org_litestar__2022-08,6821,84,343,3833,119,1111,1107,32,344,0.2,0,2,0,34,0,15,12,7,0,0.0,30.3
litestar-org/litestar,2022-09,sq-b,ba_litestar-org_litestar__2022-09,8786,103,475,4914,164,1430,1335,41,371,0.1,1,2,0,44,1,19,17,7,0,0.2,32.9
litestar-org/litestar,2022-10,sq-c,ba_litestar-org_litestar__2022-10,10770,140,630,6120,207,1744,1541,50,403,0.1,1,0,0,51,1,29,17,3,1,0.0,34.0
litestar-org/litestar,2022-11,sq-b,ba_litestar-org_litestar__2022-11,13224,168,804,7636,243,2132,1854,56,491,0.1,1,0,0,57,1,30,18,7,1,0.0,34.9
litestar-org/litestar,2022-12,sq-a,ba_litestar-org_litestar__2022-12,14351,183,891,8493,259,2393,2146,65,605,0.1,3,0,0,68,1,35,21,10,1,0.0,34.5
litestar-org/litestar,2023-01,sq-b,ba_litestar-org_litestar__2023-01,15230,198,951,8903,281,2604,2317,61,564,0.1,2,0,0,63,1,39,16,5,2,0.0,34.4
litestar-org/litestar,2023-02,sq-a,ba_litestar-org_litestar__2023-02,15865,211,965,9406,272,2739,2451,42,457,0.1,2,1,0,45,1,19,16,7,2,0.0,32.7
litestar-org/litestar,2023-03,sq-a,ba_litestar-org_litestar__2023-03,19759,264,1090,11336,327,3075,2706,52,523,0.1,2,1,0,55,1,23,21,8,2,0.0,30.8
litestar-org/litestar,2023-04,sq-a,ba_litestar-org_litestar__2023-04,21228,294,1223,12347,354,3363,2908,58,592,0.1,2,1,0,61,1,22,27,11,0,0.0,30.2
litestar-org/litestar,2023-05,sq-a,ba_litestar-org_litestar__2023-05,22921,306,1393,13493,382,3775,3235,60,633,0.1,2,1,0,63,1,24,28,10,0,0.0,30.1
litestar-org/litestar,2023-06,sq-a,ba_litestar-org_litestar__2023-06,23419,314,1435,13823,384,3935,3366,59,659,0.1,2,1,0,62,1,25,28,8,0,0.1,30.2
litestar-org/litestar,2023-07,sq-c,ba_litestar-org_litestar__2023-07,24142,310,1437,13912,382,4017,3461,68,727,0.1,2,1,0,71,1,29,29,12,0,0.1,29.9
litestar-org/litestar,2023-08,sq-a,ba_litestar-org_litestar__2023-08,24319,311,1437,13973,380,4034,3494,65,726,0.1,2,1,0,68,1,32,24,11,0,0.1,29.6
litestar-org/litestar,2023-09,sq-a,ba_litestar-org_litestar__2023-09,22457,314,1306,12834,360,3702,3218,61,659,0.1,2,1,0,64,1,26,27,10,0,0.2,29.4
litestar-org/litestar,2023-10,sq-b,ba_litestar-org_litestar__2023-10,23580,321,1389,13467,374,3911,3392,67,711,0.1,2,1,0,70,1,29,29,10,1,0.5,28.9
litestar-org/litestar,2023-11,sq-c,ba_litestar-org_litestar__2023-11,24289,329,1413,13758,377,3996,3509,69,739,0.1,2,1,0,72,1,31,29,10,1,0.5,28.6
litestar-org/litestar,2023-12,sq-c,ba_litestar-org_litestar__2023-12,24481,336,1458,14021,389,4050,3529,68,720,0.1,2,1,0,71,1,29,29,11,1,0.5,28.8
litestar-org/litestar,2024-01,sq-c,ba_litestar-org_litestar__2024-01,25113,340,1522,14459,401,4188,3604,67,698,0.1,2,1,0,70,1,27,30,11,1,0.5,28.4
litestar-org/litestar,2024-02,sq-b,ba_litestar-org_litestar__2024-02,25728,350,1565,14843,409,4303,3698,70,741,0.1,2,1,0,73,1,26,33,12,1,0.5,28.3
litestar-org/litestar,2024-03,sq-c,ba_litestar-org_litestar__2024-03,25954,352,1578,14964,412,4351,3741,71,751,0.1,2,1,0,74,1,28,33,11,1,0.5,28.3
litestar-org/litestar,2024-04,sq-a,ba_litestar-org_litestar__2024-04,26890,361,1632,15417,428,4488,3856,73,779,0.1,2,1,0,76,1,29,33,12,1,0.5,28.3
litestar-org/litestar,2024-05,sq-b,ba_litestar-org_litestar__2024-05,26986,361,1637,15466,429,4500,3868,75,787,0.1,2,1,0,78,1,29,35,12,1,0.5,28.3
litestar-org/litestar,2024-06,sq-a,ba_litestar-org_litestar__2024-06,27083,361,1650,15531,428,4523,3890,76,788,0.1,2,1,0,79,1,29,35,13,1,0.5,28.3
litestar-org/litestar,2024-07,sq-b,ba_litestar-org_litestar__2024-07,27227,361,1650,15557,428,4526,3899,77,796,0.1,2,1,0,80,1,30,35,13,1,0.6,28.2
marcolivierarsenault/moonraker-home-assistant,2024-07,sq-a,ba_marcolivierarsenault_moonraker-home-assistant__2024-07,1820,12,85,886,23,197,169,14,126,0.2,0,4,0,18,0,5,4,9,0,0.0,6.0
marcolivierarsenault/moonraker-home-assistant,2024-08,sq-c,ba_marcolivierarsenault_moonraker-home-assistant__2024-08,1869,12,85,895,23,206,183,14,132,0.2,0,4,0,18,0,5,4,9,0,0.0,5.9
marcolivierarsenault/moonraker-home-assistant,2024-09,sq-c,ba_marcolivierarsenault_moonraker-home-assistant__2024-09,1872,12,85,895,23,208,183,13,127,0.2,0,4,0,17,0,5,3,9,0,0.0,5.9
marcolivierarsenault/moonraker-home-assistant,2024-10,sq-a,ba_marcolivierarsenault_moonraker-home-assistant__2024-10,1872,12,85,895,23,208,183,13,127,0.2,0,4,0,17,0,5,3,9,0,0.0,5.9
marcolivierarsenault/moonraker-home-assistant,2024-11,sq-b,ba_marcolivierarsenault_moonraker-home-assistant__2024-11,1873,12,85,896,23,208,183,13,127,0.2,0,4,0,17,0,5,3,9,0,0.0,5.9
marcolivierarsenault/moonraker-home-assistant,2024-12,sq-c,ba_marcolivierarsenault_moonraker-home-assistant__2024-12,1903,12,85,896,23,210,191,13,135,0.2,0,4,0,17,0,5,3,9,0,0.0,5.8
marcolivierarsenault/moonraker-home-assistant,2025-01,sq-c,ba_marcolivierarsenault_moonraker-home-assistant__2025-01,1903,12,85,896,23,210,191,13,135,0.2,0,4,0,17,0,5,3,9,0,0.0,5.8
marcolivierarsenault/moonraker-home-assistant,2025-02,sq-b,ba_marcolivierarsenault_moonraker-home-assistant__2025-02,2090,13,94,1019,25,245,236,14,155,0.2,0,4,0,18,0,6,3,9,0,0.0,5.7
marcolivierarsenault/moonraker-home-assistant,2025-03,sq-a,ba_marcolivierarsenault_moonraker-home-assistant__2025-03,2202,13,99,1077,26,257,257,16,181,0.3,0,4,0,20,0,8,3,9,0,0.0,5.7
marcolivierarsenault/moonraker-home-assistant,2025-04,sq-c,ba_marcolivierarsenault_moonraker-home-assistant__2025-04,2245,13,102,1105,27,262,258,16,178,0.3,0,4,0,20,0,8,3,9,0,0.0,5.8
marcolivierarsenault/moonraker-home-assistant,2025-05,sq-c,ba_marcolivierarsenault_moonraker-home-assistant__2025-05,2248,13,102,1105,27,264,260,16,178,0.3,0,4,0,20,0,8,3,9,0,0.0,5.8
marcolivierarsenault/moonraker-home-assistant,2025-06,sq-b,ba_marcolivierarsenault_moonraker-home-assistant__2025-06,2248,13,102,1105,27,264,260,16,178,0.3,0,4,0,20,0,8,3,9,0,0.0,5.8
marcolivierarsenault/moonraker-home-assistant,2025-07,sq-b,ba_marcolivierarsenault_moonraker-home-assistant__2025-07,2369,13,103,1127,27,273,270,15,175,0.2,0,4,0,19,0,7,3,9,0,0.0,5.8
marcolivierarsenault/moonraker-home-assistant,2025-08,sq-c,ba_marcolivierarsenault_moonraker-home-assistant__2025-08,2369,13,103,1127,27,273,270,15,175,0.2,0,4,0,19,0,7,3,9,0,0.0,5.8
marcolivierarsenault/moonraker-home-assistant,2025-09,sq-b,ba_marcolivierarsenault_moonraker-home-assistant__2025-09,2369,13,103,1127,27,273,270,15,175,0.2,0,4,0,19,0,7,3,9,0,0.0,5.8
marcolivierarsenault/moonraker-home-assistant,2025-10,sq-b,ba_marcolivierarsenault_moonraker-home-assistant__2025-10,2484,13,104,1198,27,301,329,16,214,0.3,0,4,0,20,0,9,2,9,0,0.0,5.5
marcolivierarsenault/moonraker-home-assistant,2025-11,sq-a,ba_marcolivierarsenault_moonraker-home-assistant__2025-11,2514,13,108,1267,27,323,375,17,251,0.3,0,4,0,21,0,10,2,9,0,0.0,5.6
marcolivierarsenault/moonraker-home-assistant,2025-12,sq-b,ba_marcolivierarsenault_moonraker-home-assistant__2025-12,2581,13,111,1351,27,353,417,18,267,0.3,0,4,0,22,0,11,2,9,0,0.0,5.5
marcolivierarsenault/moonraker-home-assistant,2026-01,sq-b,ba_marcolivierarsenault_moonraker-home-assistant__2026-01,2862,13,121,1548,28,419,502,18,303,0.4,0,4,0,22,0,12,2,8,0,0.0,5.5
marcolivierarsenault/moonraker-home-assistant,2026-02,sq-c,ba_marcolivierarsenault_moonraker-home-assistant__2026-02,2901,13,122,1576,28,433,515,18,303,0.3,0,4,0,22,0,12,2,8,0,0.0,5.5
marcolivierarsenault/moonraker-home-assistant,2026-03,sq-c,ba_marcolivierarsenault_moonraker-home-assistant__2026-03,2901,13,122,1576,28,433,515,18,303,0.3,0,4,0,22,0,12,2,8,0,0.0,5.5
marcolivierarsenault/moonraker-home-assistant,2026-04,sq-a,ba_marcolivierarsenault_moonraker-home-assistant__2026-04,2901,13,122,1576,28,433,515,18,303,0.3,0,4,0,22,0,12,2,8,0,0.0,5.5
marcolivierarsenault/moonraker-home-assistant,2026-05,sq-c,ba_marcolivierarsenault_moonraker-home-assistant__2026-05,2901,13,122,1576,28,433,515,18,303,0.3,0,4,0,22,0,12,2,8,0,0.0,5.5
marcolivierarsenault/moonraker-home-assistant,2026-06,sq-c,ba_marcolivierarsenault_moonraker-home-assistant__2026-06,2901,13,122,1576,28,433,515,18,303,0.3,0,4,0,22,0,12,2,8,0,0.0,5.5
marcolivierarsenault/moonraker-home-assistant,2026-07,sq-b,ba_marcolivierarsenault_moonraker-home-assistant__2026-07,2976,13,127,1618,28,446,528,18,305,0.3,0,4,0,22,0,12,2,8,0,0.0,5.6
meltano/meltano,2024-06,sq-b,ba_meltano_meltano__2024-06,17842,156,1367,11616,284,3025,2463,73,560,0.1,8,4,0,85,2,19,35,15,14,0.1,36.0
meltano/meltano,2024-07,sq-b,ba_meltano_meltano__2024-07,18088,156,1369,11696,285,3046,2492,77,581,0.1,8,5,0,90,2,20,36,17,15,0.1,35.1
meltano/meltano,2024-08,sq-b,ba_meltano_meltano__2024-08,18223,156,1371,11730,285,3058,2507,78,573,0.1,6,5,0,89,4,18,33,17,17,0.1,36.4
meltano/meltano,2024-09,sq-a,ba_meltano_meltano__2024-09,18255,156,1372,11740,285,3062,2512,78,573,0.1,6,5,0,89,4,18,33,17,17,0.1,36.3
meltano/meltano,2024-10,sq-a,ba_meltano_meltano__2024-10,18440,156,1372,11814,287,3081,2539,77,593,0.1,6,5,0,88,4,18,34,17,15,0.1,36.1
meltano/meltano,2024-11,sq-b,ba_meltano_meltano__2024-11,18617,157,1379,11872,288,3107,2551,77,588,0.1,6,5,0,88,4,18,33,17,16,0.1,35.7
meltano/meltano,2024-12,sq-b,ba_meltano_meltano__2024-12,18672,157,1382,11881,288,3112,2559,78,594,0.1,5,5,0,88,4,19,32,17,16,0.1,35.7
meltano/meltano,2025-01,sq-c,ba_meltano_meltano__2025-01,18772,157,1382,11911,289,3115,2569,78,594,0.1,5,5,0,88,4,19,32,17,16,0.1,35.6
meltano/meltano,2025-02,sq-a,ba_meltano_meltano__2025-02,18999,159,1395,11989,291,3131,2576,78,589,0.1,5,5,0,88,4,19,31,17,17,0.1,35.5
meltano/meltano,2025-03,sq-b,ba_meltano_meltano__2025-03,19020,159,1396,11992,292,3133,2573,77,588,0.1,5,5,0,87,4,19,31,16,17,0.1,35.5
meltano/meltano,2025-04,sq-b,ba_meltano_meltano__2025-04,19052,159,1396,11995,291,3133,2572,76,588,0.1,5,5,0,86,4,19,31,16,16,0.1,35.4
meltano/meltano,2025-05,sq-a,ba_meltano_meltano__2025-05,19090,160,1400,12017,294,3131,2568,76,589,0.1,5,5,0,86,4,20,31,15,16,0.1,35.3
meltano/meltano,2025-06,sq-c,ba_meltano_meltano__2025-06,19321,163,1409,12096,297,3153,2582,78,587,0.1,5,5,0,88,4,20,30,15,19,0.1,35.1
meltano/meltano,2025-07,sq-c,ba_meltano_meltano__2025-07,19679,164,1425,12313,298,3217,2647,81,618,0.1,5,5,0,91,4,25,28,15,19,0.1,35.1
meltano/meltano,2025-08,sq-a,ba_meltano_meltano__2025-08,19951,165,1425,12450,300,3240,2700,80,639,0.1,5,5,0,90,4,26,28,15,17,0.1,35.1
meltano/meltano,2025-09,sq-c,ba_meltano_meltano__2025-09,20861,175,1472,12939,313,3357,2771,81,650,0.1,5,5,0,91,4,25,29,18,15,0.1,34.7
meltano/meltano,2025-10,sq-a,ba_meltano_meltano__2025-10,21192,178,1502,13122,318,3416,2796,82,650,0.1,5,5,0,92,4,25,29,18,16,0.1,34.7
meltano/meltano,2025-11,sq-a,ba_meltano_meltano__2025-11,21214,178,1505,13150,318,3428,2819,84,657,0.1,5,5,0,94,4,26,29,18,17,0.1,34.7
meltano/meltano,2025-12,sq-a,ba_meltano_meltano__2025-12,21329,179,1508,13217,320,3441,2835,85,662,0.1,5,5,0,95,4,26,30,18,17,0.1,34.8
meltano/meltano,2026-01,sq-a,ba_meltano_meltano__2026-01,21451,180,1514,13275,320,3458,2847,84,656,0.1,7,5,0,96,4,25,32,18,17,0.1,34.8
meltano/meltano,2026-02,sq-a,ba_meltano_meltano__2026-02,21526,180,1524,13337,321,3481,2862,85,675,0.1,7,5,0,97,4,26,32,18,17,0.1,34.8
meltano/meltano,2026-03,sq-a,ba_meltano_meltano__2026-03,21576,180,1526,13364,321,3487,2869,85,675,0.1,7,5,0,97,4,26,32,18,17,0.1,34.7
meltano/meltano,2026-04,sq-a,ba_meltano_meltano__2026-04,21833,180,1545,13459,327,3521,2883,89,696,0.1,7,5,0,101,4,30,32,18,17,0.1,34.6
meltano/meltano,2026-05,sq-b,ba_meltano_meltano__2026-05,22073,180,1564,13609,329,3567,2921,88,697,0.1,7,5,0,100,4,29,32,18,17,0.1,34.5
meltano/meltano,2026-06,sq-c,ba_meltano_meltano__2026-06,22399,180,1566,13811,329,3629,3055,88,697,0.1,7,5,0,100,4,29,32,18,17,0.1,33.3
microsoft/AzureTRE,2024-01,sq-b,ba_microsoft_AzureTRE__2024-01,10670,209,641,7018,195,1478,1483,465,2760,0.9,94,4,0,563,80,84,46,348,5,0.5,5.6
microsoft/AzureTRE,2024-02,sq-a,ba_microsoft_AzureTRE__2024-02,10669,209,641,7017,195,1477,1482,465,2760,0.9,94,4,0,563,80,84,46,348,5,0.5,5.6
microsoft/AzureTRE,2024-03,sq-a,ba_microsoft_AzureTRE__2024-03,10675,209,641,7023,195,1477,1484,465,2760,0.9,94,4,0,563,80,84,46,348,5,0.5,5.6
microsoft/AzureTRE,2024-04,sq-c,ba_microsoft_AzureTRE__2024-04,10675,209,641,7023,195,1477,1484,465,2760,0.9,94,4,0,563,80,84,46,348,5,0.5,5.6
microsoft/AzureTRE,2024-05,sq-b,ba_microsoft_AzureTRE__2024-05,10682,209,641,7024,195,1477,1484,465,2760,0.9,94,4,0,563,80,84,46,348,5,0.5,5.6
microsoft/AzureTRE,2024-06,sq-b,ba_microsoft_AzureTRE__2024-06,10685,209,641,7026,195,1477,1484,465,2760,0.9,94,4,0,563,80,84,46,348,5,0.5,5.6
microsoft/AzureTRE,2024-07,sq-c,ba_microsoft_AzureTRE__2024-07,10686,209,641,7027,195,1477,1484,465,2760,0.9,94,4,0,563,80,84,46,348,5,0.5,5.6
microsoft/AzureTRE,2024-08,sq-c,ba_microsoft_AzureTRE__2024-08,10686,209,641,7027,195,1477,1484,465,2760,0.9,94,4,0,563,80,84,46,348,5,0.5,5.6
microsoft/AzureTRE,2024-09,sq-a,ba_microsoft_AzureTRE__2024-09,10687,209,641,7028,195,1477,1484,465,2760,0.9,94,4,0,563,80,84,46,348,5,0.5,5.6
microsoft/AzureTRE,2024-10,sq-a,ba_microsoft_AzureTRE__2024-10,10734,210,645,7055,197,1482,1494,469,2781,0.9,95,4,0,568,81,86,46,350,5,0.5,5.6
microsoft/AzureTRE,2024-11,sq-a,ba_microsoft_AzureTRE__2024-11,10741,210,646,7063,197,1485,1497,469,2781,0.9,95,4,0,568,81,86,46,350,5,0.5,5.6
microsoft/AzureTRE,2024-12,sq-b,ba_microsoft_AzureTRE__2024-12,10743,210,646,7060,197,1486,1497,469,2781,0.9,95,4,0,568,81,86,46,350,5,0.5,5.6
microsoft/AzureTRE,2025-01,sq-c,ba_microsoft_AzureTRE__2025-01,10743,210,646,7060,197,1486,1497,469,2781,0.9,95,4,0,568,81,86,46,350,5,0.5,5.6
microsoft/AzureTRE,2025-02,sq-c,ba_microsoft_AzureTRE__2025-02,10790,210,646,7102,197,1498,1512,473,2804,0.9,95,4,0,572,81,87,46,353,5,0.5,5.6
microsoft/AzureTRE,2025-03,sq-a,ba_microsoft_AzureTRE__2025-03,10787,210,646,7099,197,1498,1512,473,2804,0.9,95,4,0,572,81,87,46,353,5,0.5,5.6
microsoft/AzureTRE,2025-04,sq-b,ba_microsoft_AzureTRE__2025-04,11048,214,665,7282,207,1551,1553,489,2871,0.9,99,4,0,592,85,88,47,367,5,0.4,5.6
microsoft/AzureTRE,2025-05,sq-c,ba_microsoft_AzureTRE__2025-05,10999,215,666,7240,207,1551,1553,482,2836,0.9,99,4,0,585,85,88,47,360,5,0.4,5.6
microsoft/AzureTRE,2025-06,sq-c,ba_microsoft_AzureTRE__2025-06,11026,215,666,7267,207,1554,1559,482,2838,0.9,99,4,0,585,85,88,47,360,5,0.4,5.6
microsoft/AzureTRE,2025-07,sq-a,ba_microsoft_AzureTRE__2025-07,11100,215,669,7284,209,1533,1547,485,2850,0.9,101,4,0,590,87,86,47,365,5,0.4,5.6
microsoft/AzureTRE,2025-08,sq-c,ba_microsoft_AzureTRE__2025-08,11100,215,669,7284,209,1533,1547,485,2850,0.9,101,4,0,590,87,86,47,365,5,0.4,5.6
microsoft/AzureTRE,2025-09,sq-a,ba_microsoft_AzureTRE__2025-09,11201,215,672,7372,209,1564,1592,485,2853,0.8,101,4,0,590,87,86,47,365,5,0.4,5.6
microsoft/AzureTRE,2025-10,sq-a,ba_microsoft_AzureTRE__2025-10,11296,215,671,7416,209,1563,1592,492,2894,0.9,101,4,0,597,87,90,48,367,5,0.4,5.6
microsoft/AzureTRE,2025-11,sq-a,ba_microsoft_AzureTRE__2025-11,11302,215,671,7416,209,1562,1591,475,2809,0.8,101,4,0,580,87,73,48,367,5,0.4,5.6
microsoft/AzureTRE,2025-12,sq-a,ba_microsoft_AzureTRE__2025-12,11302,215,671,7416,209,1562,1591,475,2809,0.8,101,4,0,580,87,73,48,367,5,0.4,5.6
microsoft/AzureTRE,2026-01,sq-b,ba_microsoft_AzureTRE__2026-01,11311,215,671,7424,209,1562,1592,476,2815,0.8,101,4,0,581,87,74,48,367,5,0.4,5.6
microsoft/Olive,2024-06,sq-b,ba_microsoft_Olive__2024-06,26535,234,1488,17010,318,4898,5549,423,2523,0.3,6,4,0,433,5,116,152,57,103,2.2,17.8
microsoft/Olive,2024-07,sq-b,ba_microsoft_Olive__2024-07,26797,242,1516,17274,325,4960,5625,415,2592,0.3,5,4,0,424,5,113,151,56,99,2.3,18.0
microsoft/Olive,2024-08,sq-a,ba_microsoft_Olive__2024-08,28051,249,1555,17849,335,5076,5729,412,2614,0.3,6,4,0,422,5,112,150,57,98,2.2,17.6
microsoft/Olive,2024-09,sq-b,ba_microsoft_Olive__2024-09,28628,252,1578,18146,339,5184,5887,419,2731,0.3,7,4,0,430,5,118,152,58,97,2.2,17.5
microsoft/Olive,2024-10,sq-c,ba_microsoft_Olive__2024-10,29626,255,1614,18716,341,5431,6248,439,3017,0.3,5,4,0,448,5,128,154,58,103,2.1,17.4
microsoft/Olive,2024-11,sq-c,ba_microsoft_Olive__2024-11,30220,256,1630,19042,343,5537,6367,441,3020,0.3,5,4,0,450,5,129,149,61,106,2.1,17.4
microsoft/Olive,2024-12,sq-a,ba_microsoft_Olive__2024-12,30802,258,1682,19481,356,5713,6563,454,3109,0.3,5,4,0,463,5,137,150,61,110,2.1,17.4
microsoft/Olive,2025-01,sq-a,ba_microsoft_Olive__2025-01,35436,264,1786,20062,372,5912,6756,474,3279,0.3,5,5,0,484,7,141,160,69,107,1.8,16.1
microsoft/Olive,2025-02,sq-a,ba_microsoft_Olive__2025-02,35850,264,1808,20297,381,6012,6833,473,3299,0.3,5,5,0,483,7,142,164,69,101,1.9,16.1
microsoft/Olive,2025-03,sq-c,ba_microsoft_Olive__2025-03,37288,268,1876,21308,393,6327,7269,492,3566,0.3,7,5,0,504,7,158,167,69,103,1.8,16.2
microsoft/Olive,2025-04,sq-b,ba_microsoft_Olive__2025-04,38177,273,1905,21857,405,6472,7460,473,3604,0.3,8,5,0,486,7,157,162,59,101,1.8,16.1
microsoft/Olive,2025-05,sq-a,ba_microsoft_Olive__2025-05,39049,276,1971,22512,412,6674,7648,476,3656,0.3,8,5,0,489,7,158,162,61,101,1.8,16.3
microsoft/Olive,2025-06,sq-c,ba_microsoft_Olive__2025-06,39790,281,2014,23041,416,6826,7847,487,3735,0.3,8,5,0,500,7,163,164,62,104,1.8,16.5
microsoft/Olive,2025-07,sq-b,ba_microsoft_Olive__2025-07,42281,287,2176,24852,450,7405,8673,527,4208,0.3,8,5,0,540,7,182,169,69,113,2.0,17.0
microsoft/Olive,2025-08,sq-a,ba_microsoft_Olive__2025-08,37644,261,1928,21747,392,6449,7443,423,3574,0.3,6,6,0,435,7,154,126,45,103,1.0,16.6
microsoft/Olive,2025-09,sq-a,ba_microsoft_Olive__2025-09,38895,273,2008,22455,405,6672,7694,455,3768,0.3,6,6,0,467,7,167,138,45,110,1.2,17.0
microsoft/Olive,2025-10,sq-a,ba_microsoft_Olive__2025-10,39874,274,2034,23063,407,6849,7947,460,3853,0.3,6,6,0,472,7,173,137,45,110,2.0,16.8
microsoft/Olive,2025-11,sq-b,ba_microsoft_Olive__2025-11,41288,280,2081,23838,416,7124,8343,474,4113,0.3,6,6,0,486,7,183,142,46,108,2.0,16.9
microsoft/Olive,2025-12,sq-b,ba_microsoft_Olive__2025-12,42677,292,2153,24880,432,7414,8771,490,4375,0.3,6,11,0,507,7,191,154,47,108,2.0,17.6
microsoft/Olive,2026-01,sq-b,ba_microsoft_Olive__2026-01,45063,303,2238,26448,445,7777,9289,513,4769,0.4,7,11,0,531,8,202,168,47,106,2.0,18.1
microsoft/Olive,2026-02,sq-a,ba_microsoft_Olive__2026-02,45255,303,2247,26504,443,7859,9375,456,4513,0.3,5,11,0,472,6,205,109,47,105,1.5,18.2
microsoft/Olive,2026-03,sq-a,ba_microsoft_Olive__2026-03,46120,316,2348,27549,468,8209,9804,455,4554,0.3,8,10,0,473,6,210,110,41,106,1.4,19.6
microsoft/Olive,2026-04,sq-a,ba_microsoft_Olive__2026-04,50278,338,2468,30050,488,8914,10859,489,5164,0.3,13,13,0,515,6,241,118,47,103,1.5,19.2
microsoft/Olive,2026-05,sq-c,ba_microsoft_Olive__2026-05,53103,342,2593,31958,513,9519,11720,510,5600,0.4,14,15,0,539,6,258,125,47,103,1.7,19.1
microsoft/Olive,2026-06,sq-c,ba_microsoft_Olive__2026-06,56245,361,2690,33760,519,10089,12572,547,6193,0.4,14,16,0,577,7,284,129,53,104,1.9,19.1
microsoft/Qcodes,2024-05,sq-b,ba_microsoft_Qcodes__2024-05,59295,402,3450,32045,799,7456,6261,570,3286,0.2,8,8,0,586,0,111,144,267,64,4.6,26.5
microsoft/Qcodes,2024-06,sq-b,ba_microsoft_Qcodes__2024-06,60370,402,3458,32145,803,7470,6271,569,3290,0.2,8,8,0,585,0,111,143,267,64,4.7,26.2
microsoft/Qcodes,2024-07,sq-a,ba_microsoft_Qcodes__2024-07,60449,402,3458,32161,803,7473,6277,569,3290,0.2,8,8,0,585,0,111,143,267,64,4.7,26.2
microsoft/Qcodes,2024-08,sq-b,ba_microsoft_Qcodes__2024-08,61193,402,3468,32213,803,7487,6282,576,3354,0.2,8,8,0,592,0,116,145,267,64,5.4,26.0
microsoft/Qcodes,2024-09,sq-b,ba_microsoft_Qcodes__2024-09,61283,402,3469,32200,802,7489,6285,581,3420,0.2,8,8,0,597,0,115,148,270,64,5.4,26.0
microsoft/Qcodes,2024-10,sq-c,ba_microsoft_Qcodes__2024-10,61402,402,3469,32230,802,7495,6294,582,3426,0.2,8,8,0,598,0,115,149,270,64,5.4,26.6
microsoft/Qcodes,2024-11,sq-c,ba_microsoft_Qcodes__2024-11,61509,402,3481,32288,802,7517,6308,583,3426,0.2,8,8,0,599,0,115,149,271,64,5.4,26.6
microsoft/Qcodes,2024-12,sq-b,ba_microsoft_Qcodes__2024-12,61552,402,3481,32286,802,7517,6308,583,3426,0.2,8,8,0,599,0,115,148,272,64,5.4,26.6
microsoft/Qcodes,2025-01,sq-b,ba_microsoft_Qcodes__2025-01,61561,403,3481,32307,811,7521,6313,581,3416,0.2,8,8,0,597,0,115,148,270,64,5.4,26.6
microsoft/Qcodes,2025-02,sq-b,ba_microsoft_Qcodes__2025-02,61617,402,3483,32325,811,7524,6314,583,3430,0.2,8,8,0,599,0,117,148,270,64,5.4,26.6
microsoft/Qcodes,2025-03,sq-c,ba_microsoft_Qcodes__2025-03,61756,403,3489,32361,814,7534,6318,589,3501,0.2,8,8,0,605,0,122,149,270,64,5.4,26.6
microsoft/Qcodes,2025-04,sq-b,ba_microsoft_Qcodes__2025-04,61744,403,3496,32333,812,7536,6320,585,3495,0.2,8,8,0,601,0,122,147,268,64,5.2,26.6
microsoft/Qcodes,2025-05,sq-a,ba_microsoft_Qcodes__2025-05,61816,403,3496,32376,812,7536,6320,585,3495,0.2,8,8,0,601,0,122,147,268,64,5.2,26.6
microsoft/Qcodes,2025-06,sq-c,ba_microsoft_Qcodes__2025-06,60595,401,3423,31716,775,7381,6187,568,3381,0.2,8,8,0,584,0,119,145,253,67,3.2,26.7
microsoft/Qcodes,2025-07,sq-a,ba_microsoft_Qcodes__2025-07,60909,401,3443,31831,774,7398,6163,566,3373,0.2,8,8,0,582,0,118,145,253,66,3.1,26.6
microsoft/Qcodes,2025-08,sq-c,ba_microsoft_Qcodes__2025-08,61499,409,3481,32198,782,7520,6263,572,3429,0.2,8,8,0,588,0,120,147,255,66,3.1,26.8
microsoft/Qcodes,2025-09,sq-a,ba_microsoft_Qcodes__2025-09,62757,414,3553,32723,793,7675,6371,581,3451,0.2,8,8,0,597,0,127,147,255,68,3.1,26.8
microsoft/Qcodes,2025-10,sq-c,ba_microsoft_Qcodes__2025-10,62776,414,3553,32720,793,7676,6371,582,3453,0.2,8,8,0,598,0,128,147,255,68,3.1,26.8
microsoft/Qcodes,2025-11,sq-b,ba_microsoft_Qcodes__2025-11,62797,415,3552,32721,794,7674,6370,582,3453,0.2,8,8,0,598,0,128,147,255,68,3.1,26.8
microsoft/Qcodes,2025-12,sq-b,ba_microsoft_Qcodes__2025-12,62991,415,3592,32857,795,7736,6400,583,3461,0.2,8,8,0,599,0,128,147,255,69,3.1,26.8
microsoft/Qcodes,2026-01,sq-c,ba_microsoft_Qcodes__2026-01,63131,415,3601,32905,795,7751,6412,587,3483,0.2,8,8,0,603,0,129,149,256,69,3.1,26.8
microsoft/Qcodes,2026-02,sq-c,ba_microsoft_Qcodes__2026-02,63579,415,3607,32974,799,7765,6418,589,3485,0.2,8,8,0,605,0,129,151,256,69,2.9,26.6
microsoft/Qcodes,2026-03,sq-c,ba_microsoft_Qcodes__2026-03,64458,395,3611,33212,833,7821,6527,605,3559,0.2,8,8,0,621,0,133,149,258,81,3.1,26.4
microsoft/Qcodes,2026-04,sq-b,ba_microsoft_Qcodes__2026-04,64731,395,3637,33401,843,7849,6521,597,3544,0.2,10,8,0,615,2,135,149,260,69,2.8,26.4
microsoft/Qcodes,2026-05,sq-b,ba_microsoft_Qcodes__2026-05,63552,363,3602,32777,766,7812,6513,574,3422,0.2,10,8,0,592,2,134,150,237,69,2.0,26.3
microsoft/autogen,2023-11,sq-c,ba_microsoft_autogen__2023-11,7171,61,308,4692,36,1368,1992,132,1200,0.6,9,9,0,150,3,63,48,27,9,2.6,28.9
microsoft/autogen,2023-12,sq-b,ba_microsoft_autogen__2023-12,9196,73,408,5897,41,1690,2404,150,1431,0.5,7,11,0,168,3,69,51,35,10,2.4,29.1
microsoft/autogen,2024-01,sq-c,ba_microsoft_autogen__2024-01,11225,91,528,7232,53,2097,2906,167,1727,0.5,8,13,0,188,3,79,54,43,9,2.0,29.2
microsoft/autogen,2024-02,sq-a,ba_microsoft_autogen__2024-02,14185,116,726,9312,95,2710,3633,221,2148,0.5,12,16,0,249,6,99,72,56,16,1.7,28.5
microsoft/autogen,2024-03,sq-c,ba_microsoft_autogen__2024-03,17933,170,992,12112,149,3343,4294,271,2408,0.4,10,21,0,302,3,111,100,67,21,1.4,27.4
microsoft/autogen,2024-04,sq-b,ba_microsoft_autogen__2024-04,20183,184,1125,13597,163,3748,4779,312,2649,0.4,15,19,0,346,3,121,126,75,21,1.7,28.3
microsoft/autogen,2024-05,sq-b,ba_microsoft_autogen__2024-05,21257,198,1165,14245,181,3914,5045,341,2956,0.5,16,19,0,376,6,125,137,88,20,2.1,27.7
microsoft/autogen,2024-06,sq-a,ba_microsoft_autogen__2024-06,22450,204,1212,15036,185,4154,5463,389,3775,0.6,17,17,0,423,6,165,141,90,21,2.0,27.6
microsoft/autogen,2024-07,sq-c,ba_microsoft_autogen__2024-07,23391,207,1268,15659,192,4337,5714,407,4060,0.6,17,20,0,444,6,177,146,92,23,1.9,27.8
microsoft/autogen,2024-08,sq-b,ba_microsoft_autogen__2024-08,24258,210,1314,16160,199,4490,5938,437,4269,0.6,18,20,0,475,6,184,165,95,25,2.2,27.6
microsoft/autogen,2024-09,sq-c,ba_microsoft_autogen__2024-09,26529,226,1441,17810,234,4924,6567,494,4891,0.6,19,21,0,534,8,213,177,108,28,2.7,27.3
microsoft/autogen,2024-10,sq-c,ba_microsoft_autogen__2024-10,19310,221,1177,12071,319,3149,3802,386,2592,0.4,33,16,0,435,3,107,129,101,95,11.4,16.8
microsoft/autogen,2024-11,sq-b,ba_microsoft_autogen__2024-11,22027,257,1372,14111,350,3618,4173,492,3053,0.5,34,24,0,550,4,124,178,145,99,4.9,19.6
microsoft/autogen,2024-12,sq-b,ba_microsoft_autogen__2024-12,24121,281,1483,15493,418,3909,4493,504,3144,0.4,36,25,0,565,4,133,177,149,102,5.4,21.1
microsoft/autogen,2025-01,sq-c,ba_microsoft_autogen__2025-01,21422,269,1435,13736,378,3596,3913,383,2529,0.4,29,19,0,431,2,108,143,103,75,2.0,24.7
microsoft/autogen,2025-02,sq-b,ba_microsoft_autogen__2025-02,24339,287,1540,15204,416,3988,4528,406,2918,0.4,29,12,0,447,3,112,164,74,94,3.6,26.5
microsoft/autogen,2025-03,sq-a,ba_microsoft_autogen__2025-03,30397,340,1901,18945,493,4895,5375,451,3229,0.4,34,14,0,499,4,134,183,88,90,2.2,26.6
microsoft/autogen,2025-04,sq-b,ba_microsoft_autogen__2025-04,36459,383,2232,22740,611,6015,6850,547,4172,0.4,38,21,0,606,6,170,214,122,94,2.1,28.4
microsoft/autogen,2025-05,sq-c,ba_microsoft_autogen__2025-05,37328,386,2266,23105,618,6129,6961,560,4257,0.4,40,21,0,621,6,173,222,126,94,2.2,28.3
microsoft/autogen,2025-06,sq-c,ba_microsoft_autogen__2025-06,38966,393,2326,24020,645,6407,7399,576,4500,0.4,40,21,0,637,6,181,227,128,95,2.2,28.9
microsoft/autogen,2025-07,sq-a,ba_microsoft_autogen__2025-07,40965,404,2404,25255,662,6735,7985,594,4837,0.4,41,23,0,658,6,195,234,130,93,2.2,28.9
microsoft/autogen,2025-08,sq-a,ba_microsoft_autogen__2025-08,40887,404,2400,25187,663,6693,7930,593,4761,0.4,41,23,0,657,6,196,233,129,93,2.2,29.3
microsoft/autogen,2025-09,sq-b,ba_microsoft_autogen__2025-09,41020,405,2402,25288,665,6719,8014,592,4833,0.4,41,23,0,656,6,196,232,129,93,2.2,29.3
microsoft/autogen,2025-10,sq-c,ba_microsoft_autogen__2025-10,41314,410,2431,25475,677,6766,8038,593,4833,0.4,41,23,0,657,6,196,232,129,94,2.1,29.4
microsoft/autogen,2025-11,sq-c,ba_microsoft_autogen__2025-11,41314,410,2431,25475,677,6766,8038,593,4833,0.4,41,23,0,657,6,196,232,129,94,2.1,29.4
microsoft/lisa,2024-05,sq-a,ba_microsoft_lisa__2024-05,67678,361,4049,33476,784,9174,8448,683,7056,0.3,29,115,0,827,2,212,379,203,31,0.7,10.4
microsoft/lisa,2024-06,sq-a,ba_microsoft_lisa__2024-06,67871,362,4059,33582,787,9186,8455,685,7066,0.3,29,115,0,829,2,213,380,203,31,0.7,10.4
microsoft/lisa,2024-07,sq-a,ba_microsoft_lisa__2024-07,68137,362,4066,33696,787,9226,8513,686,7066,0.3,29,111,0,826,2,214,379,200,31,0.7,10.4
microsoft/lisa,2024-08,sq-c,ba_microsoft_lisa__2024-08,68955,364,4110,34054,796,9319,8593,692,7110,0.3,32,110,0,834,3,214,385,201,31,0.7,10.3
microsoft/lisa,2024-09,sq-b,ba_microsoft_lisa__2024-09,70669,374,4201,34959,825,9543,8798,698,7180,0.3,34,115,0,847,3,219,392,202,31,0.7,10.3
microsoft/lisa,2024-10,sq-b,ba_microsoft_lisa__2024-10,72072,379,4295,35582,853,9761,8981,711,7268,0.3,33,115,0,859,3,225,397,206,28,0.7,10.4
microsoft/lisa,2024-11,sq-b,ba_microsoft_lisa__2024-11,72551,380,4321,35831,856,9831,9047,717,7288,0.3,33,115,0,865,3,225,396,213,28,0.7,10.5
microsoft/lisa,2024-12,sq-b,ba_microsoft_lisa__2024-12,73032,380,4338,36026,857,9891,9114,726,7352,0.3,33,119,0,878,3,232,400,215,28,0.7,10.5
microsoft/lisa,2025-01,sq-a,ba_microsoft_lisa__2025-01,73819,383,4411,36525,873,10052,9232,735,7418,0.3,34,120,0,889,3,235,406,217,28,0.7,10.6
microsoft/lisa,2025-02,sq-b,ba_microsoft_lisa__2025-02,74698,386,4470,36895,884,10156,9318,747,7589,0.3,35,120,0,902,3,237,405,229,28,0.7,10.6
microsoft/lisa,2025-03,sq-c,ba_microsoft_lisa__2025-03,75416,387,4494,37234,890,10253,9469,749,7636,0.3,34,120,0,903,3,236,405,231,28,0.7,10.9
microsoft/lisa,2025-04,sq-b,ba_microsoft_lisa__2025-04,76207,390,4537,37624,897,10375,9608,755,7786,0.3,34,120,0,909,3,238,408,232,28,0.7,11.0
microsoft/lisa,2025-05,sq-b,ba_microsoft_lisa__2025-05,76527,390,4558,37804,900,10433,9665,754,7799,0.3,34,123,0,911,3,240,408,231,29,0.7,11.0
microsoft/lisa,2025-06,sq-b,ba_microsoft_lisa__2025-06,78099,396,4623,38422,906,10592,9815,753,7827,0.3,34,133,0,920,3,253,405,230,29,0.7,11.1
microsoft/lisa,2025-07,sq-a,ba_microsoft_lisa__2025-07,79043,397,4647,38892,909,10721,10017,763,7967,0.3,34,133,0,930,3,259,410,229,29,0.7,11.2
microsoft/lisa,2025-08,sq-b,ba_microsoft_lisa__2025-08,80080,400,4684,39397,915,10828,10164,754,8079,0.3,34,133,0,921,4,265,417,206,29,0.6,11.4
microsoft/lisa,2025-09,sq-b,ba_microsoft_lisa__2025-09,81301,401,4733,39945,917,10984,10349,761,8200,0.3,34,134,0,929,4,269,420,206,30,0.7,11.5
microsoft/lisa,2025-10,sq-c,ba_microsoft_lisa__2025-10,84162,406,4840,41368,929,11341,10756,796,8721,0.3,34,134,0,964,5,273,437,218,31,0.7,11.8
microsoft/lisa,2025-11,sq-b,ba_microsoft_lisa__2025-11,86271,421,4977,42489,954,11634,10971,815,8892,0.3,34,136,0,985,5,279,439,230,32,0.8,12.3
microsoft/lisa,2025-12,sq-b,ba_microsoft_lisa__2025-12,87813,425,5012,43147,958,11801,11191,813,8922,0.3,34,132,0,979,5,278,436,227,33,0.7,12.6
microsoft/lisa,2026-01,sq-b,ba_microsoft_lisa__2026-01,91387,432,5161,44940,979,12371,11881,827,9142,0.3,35,135,0,997,5,293,437,230,32,0.6,13.1
microsoft/lisa,2026-02,sq-a,ba_microsoft_lisa__2026-02,94663,442,5274,46515,999,12753,12333,853,9410,0.3,35,136,0,1024,5,309,446,232,32,0.6,13.4
microsoft/lisa,2026-03,sq-a,ba_microsoft_lisa__2026-03,97090,446,5357,47601,1006,13143,12793,858,9476,0.3,36,129,0,1023,5,307,446,233,32,0.6,13.3
microsoft/lisa,2026-04,sq-b,ba_microsoft_lisa__2026-04,100609,457,5487,49169,1032,13665,13349,871,9620,0.3,36,131,0,1038,5,314,452,235,32,0.6,13.1
microsoft/lisa,2026-05,sq-c,ba_microsoft_lisa__2026-05,102355,459,5558,49959,1034,13981,13645,876,9692,0.3,36,131,0,1043,5,321,452,234,31,0.6,13.1
microsoft/onnxscript,2024-01,sq-a,ba_microsoft_onnxscript__2024-01,28324,136,2533,15272,246,4125,2559,506,2982,0.4,8,0,0,514,1,134,96,182,101,4.3,42.5
microsoft/onnxscript,2024-02,sq-a,ba_microsoft_onnxscript__2024-02,28379,136,2536,15302,246,4134,2565,506,2982,0.4,8,0,0,514,1,134,96,182,101,4.2,42.4
microsoft/onnxscript,2024-03,sq-b,ba_microsoft_onnxscript__2024-03,28364,136,2535,15303,246,4134,2581,510,3001,0.4,8,0,0,518,1,136,95,182,104,4.2,42.5
microsoft/onnxscript,2024-04,sq-b,ba_microsoft_onnxscript__2024-04,38027,191,3469,21645,393,6171,4327,686,3770,0.3,9,0,0,695,1,180,129,191,194,4.3,38.8
microsoft/onnxscript,2024-05,sq-a,ba_microsoft_onnxscript__2024-05,38811,195,3506,22177,389,6360,4562,698,3866,0.3,9,0,0,707,1,188,128,193,197,4.2,38.8
microsoft/onnxscript,2024-06,sq-b,ba_microsoft_onnxscript__2024-06,41381,211,3628,23596,420,6765,4970,734,4171,0.3,10,0,0,744,2,198,137,215,192,4.5,37.8
microsoft/onnxscript,2024-07,sq-a,ba_microsoft_onnxscript__2024-07,42433,214,3695,24296,427,7018,5275,766,4326,0.3,9,0,0,775,1,203,149,215,207,4.7,37.4
microsoft/onnxscript,2024-08,sq-a,ba_microsoft_onnxscript__2024-08,42881,219,3721,24627,414,7114,5388,789,4504,0.4,11,0,0,800,1,205,168,214,212,4.7,37.4
microsoft/onnxscript,2024-09,sq-b,ba_microsoft_onnxscript__2024-09,43105,220,3733,24798,416,7194,5508,790,4565,0.4,13,0,0,803,1,207,169,214,212,4.6,37.4
microsoft/onnxscript,2024-10,sq-b,ba_microsoft_onnxscript__2024-10,43544,222,3750,24988,420,7245,5553,792,4525,0.3,13,0,0,805,1,209,166,214,215,4.5,37.3
microsoft/onnxscript,2024-11,sq-c,ba_microsoft_onnxscript__2024-11,45966,230,3883,25960,430,7493,5694,799,4618,0.3,13,0,0,812,1,212,170,215,214,4.7,38.5
microsoft/onnxscript,2024-12,sq-c,ba_microsoft_onnxscript__2024-12,46622,237,3941,26427,434,7599,5788,818,4735,0.3,14,0,0,832,1,215,185,215,216,4.7,38.2
microsoft/onnxscript,2025-01,sq-c,ba_microsoft_onnxscript__2025-01,45465,184,3935,26582,376,7682,5913,842,4868,0.4,14,0,0,856,1,215,206,217,217,4.8,38.8
microsoft/onnxscript,2025-02,sq-c,ba_microsoft_onnxscript__2025-02,44784,179,3903,26162,363,7620,5877,829,4870,0.4,12,0,0,841,1,215,205,216,204,4.3,39.0
microsoft/onnxscript,2025-03,sq-b,ba_microsoft_onnxscript__2025-03,45166,182,3918,26534,371,7687,5958,854,4949,0.4,12,0,0,866,1,218,209,241,197,4.0,38.9
microsoft/onnxscript,2025-04,sq-a,ba_microsoft_onnxscript__2025-04,45543,183,3902,26039,376,7510,5644,895,4917,0.4,12,0,0,907,1,212,202,300,192,4.1,39.8
microsoft/onnxscript,2025-05,sq-a,ba_microsoft_onnxscript__2025-05,41503,167,3398,23061,316,6398,4734,894,4906,0.4,12,0,0,906,1,198,246,293,168,4.5,40.0
microsoft/onnxscript,2025-06,sq-b,ba_microsoft_onnxscript__2025-06,43097,172,3431,23773,334,6450,4751,924,5262,0.4,13,0,0,937,2,202,277,288,168,4.4,39.2
microsoft/onnxscript,2025-07,sq-c,ba_microsoft_onnxscript__2025-07,41941,172,3252,22858,326,6052,4419,887,5174,0.4,12,0,0,899,2,182,289,278,148,4.6,39.6
microsoft/onnxscript,2025-08,sq-a,ba_microsoft_onnxscript__2025-08,43509,176,3305,23333,338,6175,4538,889,5262,0.4,12,0,0,901,2,187,293,270,149,4.5,39.5
microsoft/onnxscript,2025-09,sq-b,ba_microsoft_onnxscript__2025-09,43723,182,3313,23493,350,6182,4505,904,5235,0.4,12,0,0,916,2,182,289,296,147,4.6,39.4
microsoft/onnxscript,2025-10,sq-c,ba_microsoft_onnxscript__2025-10,43848,182,3319,23666,356,6271,4620,918,5325,0.4,13,0,0,931,2,184,288,313,144,4.3,39.4
microsoft/onnxscript,2025-11,sq-a,ba_microsoft_onnxscript__2025-11,44445,184,3343,24050,357,6385,4772,970,5479,0.4,13,0,0,983,2,186,292,350,153,4.4,39.2
microsoft/onnxscript,2025-12,sq-c,ba_microsoft_onnxscript__2025-12,44735,186,3330,24179,346,6405,4845,976,5541,0.4,14,0,0,990,3,185,297,350,155,4.6,39.1
microsoft/onnxscript,2026-01,sq-a,ba_microsoft_onnxscript__2026-01,44435,186,3307,23957,344,6318,4742,965,5496,0.4,14,0,0,979,3,184,293,352,147,4.7,39.1
microsoft/torchgeo,2024-07,sq-b,ba_microsoft_torchgeo__2024-07,23144,196,1040,14653,257,2994,2932,181,1148,0.2,2,6,0,189,0,67,39,69,14,8.2,37.8
microsoft/torchgeo,2024-08,sq-b,ba_microsoft_torchgeo__2024-08,24352,204,1062,15001,265,3056,2970,183,1209,0.2,4,6,0,193,2,66,40,73,12,8.0,37.1
microsoft/torchgeo,2024-09,sq-b,ba_microsoft_torchgeo__2024-09,24602,205,1072,15149,268,3091,3017,184,1214,0.2,4,6,0,194,2,67,40,73,12,7.9,37.1
microsoft/torchgeo,2024-10,sq-a,ba_microsoft_torchgeo__2024-10,26247,211,1127,15891,285,3233,3147,198,1271,0.2,4,6,0,208,2,72,42,79,13,7.4,36.9
microsoft/torchgeo,2024-11,sq-b,ba_microsoft_torchgeo__2024-11,26757,215,1140,16073,288,3273,3188,199,1276,0.2,2,6,0,207,0,72,42,80,13,7.4,36.7
microsoft/torchgeo,2024-12,sq-b,ba_microsoft_torchgeo__2024-12,26745,215,1140,16069,288,3273,3188,199,1276,0.2,2,6,0,207,0,72,42,80,13,7.4,36.7
microsoft/torchgeo,2025-01,sq-a,ba_microsoft_torchgeo__2025-01,27472,219,1172,16537,294,3380,3288,204,1305,0.2,2,6,0,212,0,76,42,81,13,7.1,36.6
microsoft/torchgeo,2025-02,sq-c,ba_microsoft_torchgeo__2025-02,28673,223,1202,17070,298,3489,3404,223,1424,0.2,2,6,0,231,0,93,43,81,14,7.0,36.3
microsoft/torchgeo,2025-03,sq-a,ba_microsoft_torchgeo__2025-03,32012,257,1303,18820,329,3791,3681,248,1652,0.2,4,6,0,258,0,102,49,93,14,7.4,36.2
microsoft/torchgeo,2025-04,sq-c,ba_microsoft_torchgeo__2025-04,32658,260,1332,19231,338,3853,3724,266,1747,0.2,4,8,0,278,0,108,54,102,14,7.5,36.3
microsoft/torchgeo,2025-05,sq-c,ba_microsoft_torchgeo__2025-05,33012,264,1342,19453,342,3870,3772,275,1835,0.2,4,8,0,287,0,111,55,107,14,7.5,36.3
microsoft/torchgeo,2025-06,sq-a,ba_microsoft_torchgeo__2025-06,33391,267,1358,19729,348,3908,3816,274,1820,0.2,4,8,0,286,0,111,56,105,14,7.6,36.3
microsoft/torchgeo,2025-07,sq-c,ba_microsoft_torchgeo__2025-07,33908,270,1365,19883,352,3944,3854,282,1889,0.2,4,8,0,294,0,112,57,111,14,7.7,36.2
microsoft/torchgeo,2025-08,sq-c,ba_microsoft_torchgeo__2025-08,34248,271,1367,19920,354,3947,3856,287,1926,0.2,4,8,0,299,0,116,57,112,14,7.7,36.0
microsoft/torchgeo,2025-09,sq-c,ba_microsoft_torchgeo__2025-09,34562,273,1380,20143,358,3998,3908,272,1851,0.2,4,8,0,284,0,116,57,97,14,7.6,36.0
microsoft/torchgeo,2025-10,sq-c,ba_microsoft_torchgeo__2025-10,34562,273,1380,20141,358,3999,3909,272,1851,0.2,4,8,0,284,0,116,57,97,14,7.6,36.0
microsoft/torchgeo,2025-11,sq-a,ba_microsoft_torchgeo__2025-11,35238,274,1404,20614,365,4099,4044,284,1929,0.2,4,8,0,296,0,124,59,100,13,7.2,36.0
microsoft/torchgeo,2025-12,sq-c,ba_microsoft_torchgeo__2025-12,35287,275,1407,20661,368,4107,4054,286,1943,0.2,4,8,0,298,0,124,59,102,13,7.2,36.0
microsoft/torchgeo,2026-01,sq-b,ba_microsoft_torchgeo__2026-01,33474,254,1409,19703,383,3954,3697,276,1885,0.2,4,7,0,287,0,123,52,99,13,6.8,37.5
microsoft/torchgeo,2026-02,sq-b,ba_microsoft_torchgeo__2026-02,34470,258,1444,20210,395,4031,3780,292,1996,0.2,4,7,0,303,0,130,55,101,17,6.9,37.5
microsoft/torchgeo,2026-03,sq-a,ba_microsoft_torchgeo__2026-03,34761,259,1452,20396,403,4062,3819,294,1992,0.2,4,7,0,305,1,131,55,101,17,6.8,37.5
microsoft/torchgeo,2026-04,sq-c,ba_microsoft_torchgeo__2026-04,34996,261,1462,20519,405,4086,3836,296,1999,0.2,4,7,0,307,1,131,55,103,17,6.7,37.5
microsoft/torchgeo,2026-05,sq-a,ba_microsoft_torchgeo__2026-05,35887,269,1516,21113,417,4199,3917,300,2020,0.2,4,7,0,311,1,132,58,103,17,6.8,37.7
microsoft/torchgeo,2026-06,sq-b,ba_microsoft_torchgeo__2026-06,36476,273,1559,21593,433,4281,3975,305,2043,0.2,4,7,0,316,1,134,60,103,18,6.7,37.8
microsoft/torchgeo,2026-07,sq-a,ba_microsoft_torchgeo__2026-07,37142,273,1559,21544,434,4268,3938,251,1759,0.2,0,6,0,257,1,131,45,62,18,6.5,37.4
mlco2/codecarbon,2024-05,sq-b,ba_mlco2_codecarbon__2024-05,9302,115,521,4162,135,888,579,258,1194,0.4,3,1,0,262,3,43,58,145,13,5.4,13.7
mlco2/codecarbon,2024-06,sq-a,ba_mlco2_codecarbon__2024-06,9345,112,520,4172,130,887,570,260,1203,0.4,3,1,0,264,3,46,58,144,13,5.4,13.9
mlco2/codecarbon,2024-07,sq-c,ba_mlco2_codecarbon__2024-07,9793,117,547,4387,144,925,588,276,1272,0.4,6,4,0,286,4,52,60,155,15,5.1,13.6
mlco2/codecarbon,2024-08,sq-a,ba_mlco2_codecarbon__2024-08,10634,122,590,4835,157,1036,706,308,1454,0.5,9,6,0,323,4,59,66,175,19,4.7,13.4
mlco2/codecarbon,2024-09,sq-c,ba_mlco2_codecarbon__2024-09,10968,124,613,5053,158,1088,752,313,1522,0.5,8,7,0,328,4,61,74,169,20,4.5,14.3
mlco2/codecarbon,2024-10,sq-a,ba_mlco2_codecarbon__2024-10,11414,126,626,5226,162,1120,780,323,1564,0.5,10,28,0,361,3,70,76,188,24,4.4,14.1
mlco2/codecarbon,2024-11,sq-a,ba_mlco2_codecarbon__2024-11,11518,126,629,5271,162,1138,805,329,1598,0.5,10,28,0,367,3,71,80,189,24,4.3,14.1
mlco2/codecarbon,2024-12,sq-b,ba_mlco2_codecarbon__2024-12,11507,126,632,5281,163,1137,805,330,1616,0.5,10,28,0,368,3,71,81,190,23,4.4,14.1
mlco2/codecarbon,2025-01,sq-b,ba_mlco2_codecarbon__2025-01,11709,127,642,5378,165,1158,821,339,1671,0.5,10,28,0,377,3,73,82,195,24,4.6,14.2
mlco2/codecarbon,2025-02,sq-c,ba_mlco2_codecarbon__2025-02,11709,127,642,5378,165,1158,821,339,1671,0.5,10,28,0,377,3,73,82,195,24,4.6,14.2
mlco2/codecarbon,2025-03,sq-c,ba_mlco2_codecarbon__2025-03,11695,127,641,5372,165,1157,821,337,1664,0.5,10,28,0,375,3,73,82,193,24,4.6,14.2
mlco2/codecarbon,2025-04,sq-a,ba_mlco2_codecarbon__2025-04,12041,128,653,5604,165,1210,908,339,1715,0.5,10,28,0,377,3,73,83,194,24,4.2,14.6
mlco2/codecarbon,2025-05,sq-b,ba_mlco2_codecarbon__2025-05,12451,131,667,5896,166,1268,1008,350,1798,0.5,10,28,0,388,3,84,83,194,24,4.0,14.8
mlco2/codecarbon,2025-06,sq-a,ba_mlco2_codecarbon__2025-06,12548,132,671,5960,167,1279,1020,349,1793,0.5,10,28,0,387,3,84,82,194,24,4.0,14.7
mlco2/codecarbon,2025-07,sq-c,ba_mlco2_codecarbon__2025-07,10585,120,620,5365,166,1168,921,260,1419,0.4,9,28,0,297,3,76,52,143,23,4.3,15.4
mlco2/codecarbon,2025-08,sq-c,ba_mlco2_codecarbon__2025-08,10590,120,620,5366,166,1168,921,260,1419,0.4,9,28,0,297,3,76,52,143,23,4.3,15.4
mlco2/codecarbon,2025-09,sq-b,ba_mlco2_codecarbon__2025-09,10608,120,620,5383,166,1173,938,261,1434,0.5,9,28,0,298,3,77,51,144,23,4.3,15.4
mlco2/codecarbon,2025-10,sq-b,ba_mlco2_codecarbon__2025-10,10730,122,626,5432,167,1180,938,262,1442,0.4,9,27,0,298,3,78,51,143,23,4.3,15.6
mlco2/codecarbon,2025-11,sq-c,ba_mlco2_codecarbon__2025-11,11272,122,652,5779,167,1290,1095,271,1469,0.4,9,27,0,307,3,80,52,150,22,4.1,15.6
mlco2/codecarbon,2025-12,sq-b,ba_mlco2_codecarbon__2025-12,11463,123,656,5855,167,1306,1116,270,1464,0.4,9,27,0,306,3,80,51,150,22,4.7,15.7
mlco2/codecarbon,2026-01,sq-a,ba_mlco2_codecarbon__2026-01,11694,124,676,5983,168,1340,1135,275,1490,0.4,8,27,0,310,3,81,52,152,22,4.6,16.1
mlco2/codecarbon,2026-02,sq-a,ba_mlco2_codecarbon__2026-02,11927,126,678,6181,169,1365,1205,283,1555,0.4,7,26,0,316,3,84,51,155,23,4.5,16.0
mlco2/codecarbon,2026-03,sq-c,ba_mlco2_codecarbon__2026-03,12912,133,744,6741,173,1538,1395,258,1494,0.4,7,26,0,291,3,62,52,155,19,4.1,16.1
mlco2/codecarbon,2026-04,sq-b,ba_mlco2_codecarbon__2026-04,13123,134,755,6912,173,1611,1486,265,1552,0.4,7,28,0,300,3,66,55,157,19,4.1,15.9
mlco2/codecarbon,2026-05,sq-a,ba_mlco2_codecarbon__2026-05,13207,134,755,6940,173,1618,1497,267,1570,0.4,7,28,0,302,3,68,55,157,19,4.0,15.9
mmschlk/shapiq,2024-03,sq-b,ba_mmschlk_shapiq__2024-03,2622,46,137,1718,21,410,462,54,284,0.4,0,0,0,54,5,9,5,28,7,0.0,41.8
mmschlk/shapiq,2024-04,sq-b,ba_mmschlk_shapiq__2024-04,8092,94,335,4069,76,940,1037,130,691,0.3,3,1,0,134,2,28,32,59,13,0.5,35.8
mmschlk/shapiq,2024-05,sq-c,ba_mmschlk_shapiq__2024-05,10518,110,396,5181,78,1190,1321,149,786,0.2,3,2,0,154,2,35,28,68,21,0.7,34.4
mmschlk/shapiq,2024-06,sq-a,ba_mmschlk_shapiq__2024-06,12619,119,449,6325,85,1474,1829,182,1038,0.3,3,2,0,187,2,56,37,76,16,0.6,31.7
mmschlk/shapiq,2024-07,sq-b,ba_mmschlk_shapiq__2024-07,12788,123,451,6386,85,1481,1834,181,1042,0.3,3,2,0,186,2,56,37,75,16,0.6,31.7
mmschlk/shapiq,2024-08,sq-b,ba_mmschlk_shapiq__2024-08,12880,124,455,6440,85,1485,1830,183,1052,0.3,3,2,0,188,2,56,37,77,16,0.6,31.7
mmschlk/shapiq,2024-09,sq-b,ba_mmschlk_shapiq__2024-09,12880,124,455,6440,85,1485,1830,183,1052,0.3,3,2,0,188,2,56,37,77,16,0.6,31.7
mmschlk/shapiq,2024-10,sq-c,ba_mmschlk_shapiq__2024-10,13075,125,466,6593,86,1528,1873,186,1074,0.3,3,2,0,191,2,57,37,78,17,0.5,32.2
mmschlk/shapiq,2024-11,sq-a,ba_mmschlk_shapiq__2024-11,12635,123,449,6341,86,1465,1759,174,1051,0.3,2,2,0,178,1,49,37,76,15,0.6,33.1
mmschlk/shapiq,2024-12,sq-b,ba_mmschlk_shapiq__2024-12,12996,126,464,6575,86,1515,1814,179,1075,0.3,3,2,0,184,1,50,38,78,17,0.5,33.2
mmschlk/shapiq,2025-01,sq-a,ba_mmschlk_shapiq__2025-01,13910,128,485,7119,88,1635,1971,196,1202,0.3,5,2,0,203,1,56,46,81,19,0.4,33.8
mmschlk/shapiq,2025-02,sq-b,ba_mmschlk_shapiq__2025-02,13880,128,488,7091,88,1641,1977,197,1208,0.3,5,2,0,204,1,57,46,81,19,0.4,33.8
mmschlk/shapiq,2025-03,sq-a,ba_mmschlk_shapiq__2025-03,14075,128,489,7128,90,1647,1994,191,1181,0.3,4,2,0,197,1,58,38,81,19,0.4,35.1
mmschlk/shapiq,2025-04,sq-a,ba_mmschlk_shapiq__2025-04,14613,128,489,7359,90,1668,2025,155,1010,0.2,4,2,0,161,1,60,38,43,19,0.4,34.3
mmschlk/shapiq,2025-05,sq-c,ba_mmschlk_shapiq__2025-05,14846,131,496,7520,92,1746,2014,133,953,0.2,3,2,0,138,1,55,39,39,4,0.4,37.8
mmschlk/shapiq,2025-06,sq-b,ba_mmschlk_shapiq__2025-06,15425,137,518,7906,93,1831,2088,133,983,0.2,3,2,0,138,1,55,39,39,4,0.4,37.9
mmschlk/shapiq,2025-07,sq-c,ba_mmschlk_shapiq__2025-07,16029,144,552,8243,97,1919,2164,140,1018,0.2,3,2,0,145,1,54,47,39,4,0.3,37.5
mmschlk/shapiq,2025-08,sq-b,ba_mmschlk_shapiq__2025-08,16029,144,552,8243,97,1919,2164,140,1018,0.2,3,2,0,145,1,54,47,39,4,0.3,37.5
mmschlk/shapiq,2025-09,sq-a,ba_mmschlk_shapiq__2025-09,16042,144,552,8256,97,1925,2176,140,1025,0.2,3,2,0,145,1,54,47,39,4,0.3,37.5
mmschlk/shapiq,2025-10,sq-a,ba_mmschlk_shapiq__2025-10,17029,158,594,8871,106,2031,2268,158,1037,0.2,2,2,0,162,1,56,45,48,12,0.3,37.5
mmschlk/shapiq,2025-11,sq-a,ba_mmschlk_shapiq__2025-11,17030,158,594,8872,106,2032,2269,158,1037,0.2,2,2,0,162,1,56,45,48,12,0.3,37.5
mmschlk/shapiq,2025-12,sq-b,ba_mmschlk_shapiq__2025-12,17034,158,594,8876,106,2034,2271,158,1037,0.2,2,2,0,162,1,56,45,48,12,0.3,37.5
mmschlk/shapiq,2026-01,sq-b,ba_mmschlk_shapiq__2026-01,17034,158,594,8876,106,2034,2271,158,1037,0.2,2,2,0,162,1,56,45,48,12,0.3,37.5
mmschlk/shapiq,2026-02,sq-b,ba_mmschlk_shapiq__2026-02,17034,158,594,8876,106,2034,2271,158,1037,0.2,2,2,0,162,1,56,45,48,12,0.3,37.5
mmschlk/shapiq,2026-03,sq-a,ba_mmschlk_shapiq__2026-03,19864,179,739,10419,139,2345,2579,188,1222,0.2,4,2,0,194,1,65,46,71,11,1.9,37.7
modal-labs/modal-examples,2023-04,sq-b,ba_modal-labs_modal-examples__2023-04,6732,82,321,3500,36,698,550,112,671,0.3,9,19,0,140,2,32,36,65,5,0.7,21.5
modal-labs/modal-examples,2023-05,sq-c,ba_modal-labs_modal-examples__2023-05,8243,96,404,4180,52,837,650,115,676,0.3,9,23,0,147,2,33,40,63,9,0.9,20.1
modal-labs/modal-examples,2023-06,sq-a,ba_modal-labs_modal-examples__2023-06,8493,99,419,4299,55,860,660,117,690,0.3,9,23,0,149,2,33,39,66,9,0.9,20.4
modal-labs/modal-examples,2023-07,sq-b,ba_modal-labs_modal-examples__2023-07,8700,100,429,4353,56,872,662,112,666,0.3,9,24,0,145,2,30,39,65,9,0.8,20.8
modal-labs/modal-examples,2023-08,sq-c,ba_modal-labs_modal-examples__2023-08,9054,104,458,4541,60,911,683,115,681,0.3,9,26,0,150,2,31,40,68,9,0.8,21.0
modal-labs/modal-examples,2023-09,sq-c,ba_modal-labs_modal-examples__2023-09,9051,104,459,4546,60,915,689,115,681,0.3,9,25,0,149,2,31,40,67,9,0.8,21.0
modal-labs/modal-examples,2023-10,sq-a,ba_modal-labs_modal-examples__2023-10,9171,105,460,4557,63,914,691,114,695,0.3,9,25,0,148,2,32,40,65,9,1.4,21.2
modal-labs/modal-examples,2023-11,sq-a,ba_modal-labs_modal-examples__2023-11,9552,111,483,4759,65,944,706,120,705,0.2,9,25,0,154,2,32,41,66,13,1.2,21.4
modal-labs/modal-examples,2023-12,sq-c,ba_modal-labs_modal-examples__2023-12,9883,114,505,4934,68,982,737,123,720,0.2,9,28,0,160,2,33,42,70,13,1.4,21.6
modal-labs/modal-examples,2024-01,sq-c,ba_modal-labs_modal-examples__2024-01,10004,114,505,5007,67,993,755,123,720,0.2,9,30,0,162,2,33,42,72,13,1.3,21.8
modal-labs/modal-examples,2024-02,sq-c,ba_modal-labs_modal-examples__2024-02,10186,117,509,5042,69,991,748,123,720,0.2,9,30,0,162,2,33,43,71,13,2.2,21.9
modal-labs/modal-examples,2024-03,sq-a,ba_modal-labs_modal-examples__2024-03,10764,122,535,5355,69,1059,826,134,786,0.2,8,27,0,169,0,37,53,70,9,6.6,20.9
modal-labs/modal-examples,2024-04,sq-a,ba_modal-labs_modal-examples__2024-04,11173,122,539,5447,70,1070,835,138,817,0.2,8,27,0,173,0,40,56,68,9,1.7,22.3
modal-labs/modal-examples,2024-05,sq-b,ba_modal-labs_modal-examples__2024-05,11902,130,583,5835,78,1145,889,143,868,0.2,10,65,0,218,2,75,59,72,10,2.8,22.1
modal-labs/modal-examples,2024-06,sq-c,ba_modal-labs_modal-examples__2024-06,11790,130,585,5848,79,1150,892,144,873,0.2,8,65,0,217,2,76,57,72,10,2.8,22.2
modal-labs/modal-examples,2024-07,sq-c,ba_modal-labs_modal-examples__2024-07,11962,132,596,5946,82,1172,929,145,919,0.3,8,53,0,206,1,57,59,79,10,1.7,22.8
modal-labs/modal-examples,2024-08,sq-a,ba_modal-labs_modal-examples__2024-08,12372,138,620,6150,88,1213,951,147,931,0.3,8,55,0,210,1,58,62,79,10,2.2,23.2
modal-labs/modal-examples,2024-09,sq-a,ba_modal-labs_modal-examples__2024-09,13229,147,669,6685,96,1291,1002,168,1042,0.3,9,57,0,234,1,61,70,92,10,2.4,23.6
modal-labs/modal-examples,2024-10,sq-a,ba_modal-labs_modal-examples__2024-10,14292,157,728,7241,103,1395,1066,183,1126,0.3,10,60,0,253,1,67,84,91,10,2.0,24.7
modal-labs/modal-examples,2024-11,sq-c,ba_modal-labs_modal-examples__2024-11,12661,144,613,6336,83,1206,943,168,1073,0.3,10,56,0,234,1,62,80,85,6,1.7,25.9
modal-labs/modal-examples,2024-12,sq-a,ba_modal-labs_modal-examples__2024-12,13309,146,629,6606,86,1244,983,159,1043,0.3,11,61,0,231,1,67,77,82,4,1.6,25.9
modal-labs/modal-examples,2025-01,sq-a,ba_modal-labs_modal-examples__2025-01,13840,150,646,6896,89,1288,1026,164,1111,0.3,11,65,0,240,1,69,84,82,4,1.5,26.9
modal-labs/modal-examples,2025-02,sq-a,ba_modal-labs_modal-examples__2025-02,13942,150,646,6932,89,1295,1039,161,1079,0.3,11,67,0,239,2,69,83,81,4,1.8,27.0
modal-labs/modal-examples,2025-03,sq-a,ba_modal-labs_modal-examples__2025-03,14298,155,666,7127,90,1335,1071,167,1125,0.3,11,70,0,248,2,71,89,82,4,1.7,26.9
modal-labs/modal-examples,2025-04,sq-a,ba_modal-labs_modal-examples__2025-04,14438,161,693,7478,93,1399,1156,172,1168,0.3,14,70,0,256,2,73,95,82,4,1.6,28.3
modelscope/evalscope,2024-05,sq-a,ba_modelscope_evalscope__2024-05,9772,106,554,6173,106,1536,1822,319,1918,0.7,13,15,0,347,13,73,132,87,42,2.8,23.1
modelscope/evalscope,2024-06,sq-c,ba_modelscope_evalscope__2024-06,9867,106,553,6265,106,1569,1877,315,1921,0.6,12,15,0,342,12,71,129,87,43,2.8,22.9
modelscope/evalscope,2024-07,sq-c,ba_modelscope_evalscope__2024-07,10473,118,590,6757,116,1688,2041,350,2145,0.7,13,15,0,378,13,80,138,101,46,2.6,22.8
modelscope/evalscope,2024-08,sq-a,ba_modelscope_evalscope__2024-08,10515,119,593,6801,117,1696,2050,349,2151,0.7,13,15,0,377,13,80,138,101,45,2.6,22.8
modelscope/evalscope,2024-09,sq-b,ba_modelscope_evalscope__2024-09,10703,121,603,6930,119,1729,2101,361,2198,0.7,13,15,0,389,13,81,141,106,48,2.6,22.6
modelscope/evalscope,2024-10,sq-c,ba_modelscope_evalscope__2024-10,14138,158,730,8332,179,2006,2363,393,2433,0.6,14,17,0,424,14,93,150,119,48,4.1,20.4
modelscope/evalscope,2024-11,sq-a,ba_modelscope_evalscope__2024-11,14373,166,763,8446,195,2036,2340,383,2313,0.5,7,18,0,408,9,91,145,115,48,4.0,19.9
modelscope/evalscope,2024-12,sq-b,ba_modelscope_evalscope__2024-12,12383,164,734,7633,174,1843,2045,306,1907,0.5,5,18,0,329,13,68,110,103,35,5.1,21.6
modelscope/evalscope,2025-01,sq-a,ba_modelscope_evalscope__2025-01,15542,185,945,8990,233,2166,2243,300,2016,0.4,3,44,0,347,9,74,131,93,40,3.5,18.7
modelscope/evalscope,2025-02,sq-b,ba_modelscope_evalscope__2025-02,16386,198,1016,9681,241,2401,2541,319,2332,0.5,3,43,0,365,9,82,146,94,34,3.9,18.5
modelscope/evalscope,2025-03,sq-c,ba_modelscope_evalscope__2025-03,18532,221,1126,11117,261,2801,3244,354,2578,0.5,4,43,0,401,8,95,162,103,33,4.5,18.4
modelscope/evalscope,2025-04,sq-b,ba_modelscope_evalscope__2025-04,30874,316,1940,19128,444,4677,4754,658,4261,0.5,10,57,0,725,8,154,270,256,37,9.2,18.2
modelscope/evalscope,2025-05,sq-c,ba_modelscope_evalscope__2025-05,31785,328,1986,19801,449,4855,4999,673,4417,0.5,10,57,0,740,8,162,277,257,36,9.0,18.1
modelscope/evalscope,2025-06,sq-b,ba_modelscope_evalscope__2025-06,33388,350,2064,20845,454,5122,5362,702,4881,0.5,10,59,0,771,8,165,303,259,36,8.6,18.4
modelscope/evalscope,2025-07,sq-a,ba_modelscope_evalscope__2025-07,33463,356,2064,20935,459,5128,5402,658,4645,0.5,12,63,0,733,8,157,295,242,31,8.8,18.7
modelscope/evalscope,2025-08,sq-a,ba_modelscope_evalscope__2025-08,35688,377,2142,22015,510,5338,5633,641,4623,0.4,12,67,0,720,8,166,279,243,24,7.3,18.4
modelscope/evalscope,2025-09,sq-c,ba_modelscope_evalscope__2025-09,41875,427,2448,25102,569,6108,6494,697,4896,0.4,12,94,0,803,8,186,315,264,30,16.1,18.0
modelscope/evalscope,2025-10,sq-a,ba_modelscope_evalscope__2025-10,50909,522,2817,30834,628,7783,9336,1182,8924,0.6,17,94,0,1293,9,280,439,535,30,14.2,17.1
modelscope/evalscope,2025-11,sq-c,ba_modelscope_evalscope__2025-11,58489,577,3272,35003,715,8929,10563,1259,9534,0.5,23,116,0,1398,10,309,481,568,30,14.7,17.4
modelscope/evalscope,2025-12,sq-a,ba_modelscope_evalscope__2025-12,64391,636,3552,38727,778,9892,11974,1362,11002,0.6,22,117,0,1501,9,339,529,594,30,13.4,17.4
modelscope/evalscope,2026-01,sq-a,ba_modelscope_evalscope__2026-01,71644,655,3723,41299,808,10732,13151,1418,11641,0.5,22,120,0,1560,9,369,550,602,30,12.6,16.9
modelscope/evalscope,2026-02,sq-c,ba_modelscope_evalscope__2026-02,72336,660,3758,41714,811,10878,13348,1424,11710,0.5,22,120,0,1566,9,372,550,605,30,12.5,16.8
modelscope/evalscope,2026-03,sq-a,ba_modelscope_evalscope__2026-03,74986,681,3848,43066,823,11263,13828,1534,12387,0.6,22,122,0,1678,9,390,559,691,29,12.0,17.0
modelscope/evalscope,2026-04,sq-c,ba_modelscope_evalscope__2026-04,77372,698,3993,44886,863,11869,14494,1570,12685,0.5,25,124,0,1719,10,404,575,701,29,11.4,18.0
modelscope/evalscope,2026-05,sq-c,ba_modelscope_evalscope__2026-05,88401,776,4537,51189,945,14074,16930,1625,13394,0.5,29,133,0,1787,12,437,598,711,29,10.8,18.7
nandyalu/trailarr,2024-05,sq-a,ba_nandyalu_trailarr__2024-05,2218,56,180,1592,54,378,286,38,87,0.1,0,1,0,39,0,3,9,20,7,0.0,36.5
nandyalu/trailarr,2024-06,sq-b,ba_nandyalu_trailarr__2024-06,3288,71,224,2241,58,508,443,64,222,0.2,1,6,0,71,0,11,24,26,10,0.9,30.5
nandyalu/trailarr,2024-07,sq-b,ba_nandyalu_trailarr__2024-07,3586,64,263,2458,60,561,451,72,189,0.2,3,6,0,81,2,9,21,41,8,0.9,28.7
nandyalu/trailarr,2024-08,sq-a,ba_nandyalu_trailarr__2024-08,4239,71,305,2886,56,668,538,101,270,0.2,3,6,0,110,2,10,33,57,8,10.7,28.9
nandyalu/trailarr,2024-09,sq-c,ba_nandyalu_trailarr__2024-09,4816,76,331,3286,59,778,688,116,355,0.2,3,8,0,127,2,13,44,62,6,6.2,28.3
nandyalu/trailarr,2024-10,sq-a,ba_nandyalu_trailarr__2024-10,4858,76,337,3329,60,788,692,115,349,0.2,3,7,0,125,2,12,43,62,6,6.1,28.6
nandyalu/trailarr,2024-11,sq-a,ba_nandyalu_trailarr__2024-11,4858,76,337,3329,60,788,692,115,349,0.2,3,7,0,125,2,12,43,62,6,6.1,28.6
nandyalu/trailarr,2024-12,sq-c,ba_nandyalu_trailarr__2024-12,5467,78,372,3734,62,879,779,118,435,0.3,3,9,0,130,2,14,51,62,1,5.5,29.1
nandyalu/trailarr,2025-01,sq-b,ba_nandyalu_trailarr__2025-01,5628,79,377,3847,62,903,804,125,544,0.3,3,2,0,130,2,7,58,62,1,5.3,29.6
nandyalu/trailarr,2025-02,sq-c,ba_nandyalu_trailarr__2025-02,6233,79,369,4236,63,1002,988,202,920,0.5,5,2,0,209,2,12,118,76,1,4.2,32.5
nandyalu/trailarr,2025-03,sq-b,ba_nandyalu_trailarr__2025-03,7020,94,393,4547,76,1052,1027,164,765,0.4,5,1,0,170,2,12,83,72,1,3.9,30.2
nandyalu/trailarr,2025-04,sq-b,ba_nandyalu_trailarr__2025-04,7020,94,393,4547,76,1052,1027,164,765,0.4,5,1,0,170,2,12,83,72,1,3.9,30.2
nandyalu/trailarr,2025-05,sq-c,ba_nandyalu_trailarr__2025-05,7704,106,437,4852,80,1109,1067,160,642,0.3,5,1,0,166,2,11,77,75,1,2.9,29.5
nandyalu/trailarr,2025-06,sq-a,ba_nandyalu_trailarr__2025-06,7704,106,437,4852,80,1109,1067,160,642,0.3,5,1,0,166,2,11,77,75,1,2.9,29.5
nandyalu/trailarr,2025-07,sq-a,ba_nandyalu_trailarr__2025-07,8864,117,492,5434,86,1233,1143,174,703,0.3,5,1,0,180,3,10,85,81,1,2.5,28.5
nandyalu/trailarr,2025-08,sq-c,ba_nandyalu_trailarr__2025-08,8863,117,487,5443,87,1262,1204,183,749,0.3,5,2,0,190,3,13,91,82,1,2.5,28.8
nandyalu/trailarr,2025-09,sq-b,ba_nandyalu_trailarr__2025-09,8863,117,487,5443,87,1262,1204,183,749,0.3,5,2,0,190,3,13,91,82,1,2.5,28.8
nandyalu/trailarr,2025-10,sq-b,ba_nandyalu_trailarr__2025-10,9029,119,491,5557,87,1288,1259,182,765,0.3,5,2,0,189,3,15,88,82,1,2.4,28.7
nandyalu/trailarr,2025-11,sq-c,ba_nandyalu_trailarr__2025-11,9411,135,499,5686,84,1333,1306,177,790,0.3,3,2,0,182,1,18,88,74,1,0.5,28.1
nandyalu/trailarr,2025-12,sq-b,ba_nandyalu_trailarr__2025-12,9553,136,506,5782,84,1363,1346,176,786,0.3,3,2,0,181,1,17,88,74,1,0.5,28.1
nandyalu/trailarr,2026-01,sq-b,ba_nandyalu_trailarr__2026-01,10216,149,540,6177,89,1470,1454,190,906,0.3,3,3,0,196,3,19,95,76,3,0.4,28.5
nandyalu/trailarr,2026-02,sq-c,ba_nandyalu_trailarr__2026-02,10998,159,566,6501,95,1522,1495,191,913,0.3,3,3,0,197,3,20,95,76,3,0.4,28.4
nandyalu/trailarr,2026-03,sq-b,ba_nandyalu_trailarr__2026-03,10998,159,566,6501,95,1522,1495,191,913,0.3,3,3,0,197,3,20,95,76,3,0.4,28.4
nandyalu/trailarr,2026-04,sq-c,ba_nandyalu_trailarr__2026-04,11174,161,558,6480,97,1534,1520,168,901,0.3,3,3,0,174,3,20,94,53,4,0.5,28.1
nandyalu/trailarr,2026-05,sq-b,ba_nandyalu_trailarr__2026-05,15108,192,758,8842,109,2234,2322,200,1180,0.3,3,11,0,214,5,39,109,59,2,0.4,25.2
opensanctions/opensanctions,2024-04,sq-b,ba_opensanctions_opensanctions__2024-04,24223,275,1132,18650,60,4620,5964,356,3243,0.4,7,13,0,376,0,142,151,55,28,1.2,8.7
opensanctions/opensanctions,2024-05,sq-c,ba_opensanctions_opensanctions__2024-05,26345,293,1225,20185,69,4997,6433,393,3534,0.4,10,14,0,417,0,155,174,60,28,1.1,9.0
opensanctions/opensanctions,2024-06,sq-b,ba_opensanctions_opensanctions__2024-06,27426,307,1287,20939,73,5200,6676,407,3633,0.4,10,17,0,434,0,162,175,68,29,1.0,8.8
opensanctions/opensanctions,2024-07,sq-c,ba_opensanctions_opensanctions__2024-07,29293,328,1365,22287,73,5474,6990,429,3873,0.4,11,18,0,458,0,168,187,73,30,1.1,9.6
opensanctions/opensanctions,2024-08,sq-c,ba_opensanctions_opensanctions__2024-08,30600,338,1418,23352,73,5719,7295,465,4137,0.5,11,18,0,494,0,168,219,77,30,0.9,9.7
opensanctions/opensanctions,2024-09,sq-a,ba_opensanctions_opensanctions__2024-09,32623,361,1498,24955,75,6088,7712,482,4327,0.4,12,18,0,512,0,181,221,80,30,0.9,9.7
opensanctions/opensanctions,2024-10,sq-b,ba_opensanctions_opensanctions__2024-10,34516,380,1552,26202,78,6399,8146,503,4594,0.4,13,17,0,533,0,193,230,79,31,0.8,9.8
opensanctions/opensanctions,2024-11,sq-b,ba_opensanctions_opensanctions__2024-11,36511,398,1635,27636,79,6730,8587,518,4873,0.4,15,20,0,553,1,199,243,80,30,0.9,9.6
opensanctions/opensanctions,2024-12,sq-c,ba_opensanctions_opensanctions__2024-12,37060,406,1612,28096,79,6786,8751,530,4955,0.4,15,21,0,566,1,208,246,81,30,1.0,9.5
opensanctions/opensanctions,2025-01,sq-c,ba_opensanctions_opensanctions__2025-01,37659,410,1626,28488,78,6869,8864,549,5127,0.5,15,21,0,585,1,211,256,86,31,1.0,9.7
opensanctions/opensanctions,2025-02,sq-b,ba_opensanctions_opensanctions__2025-02,38883,417,1673,29295,78,7099,9117,566,5282,0.5,15,22,0,603,1,215,258,89,40,0.9,9.9
opensanctions/opensanctions,2025-03,sq-a,ba_opensanctions_opensanctions__2025-03,38112,415,1622,28678,75,6936,8963,553,5357,0.5,14,21,0,588,1,214,252,90,31,0.9,9.8
opensanctions/opensanctions,2025-04,sq-c,ba_opensanctions_opensanctions__2025-04,39593,428,1684,29607,78,7174,9251,572,5486,0.5,15,21,0,608,1,219,254,96,38,0.9,9.8
opensanctions/opensanctions,2025-05,sq-b,ba_opensanctions_opensanctions__2025-05,39857,429,1681,29616,81,7184,9250,570,5464,0.5,16,21,0,607,1,216,261,92,37,0.9,9.9
opensanctions/opensanctions,2025-06,sq-b,ba_opensanctions_opensanctions__2025-06,40720,439,1723,30272,86,7356,9449,572,5518,0.5,16,21,0,609,1,223,257,92,36,0.9,9.9
opensanctions/opensanctions,2025-07,sq-b,ba_opensanctions_opensanctions__2025-07,41945,447,1773,30910,92,7511,9581,588,5679,0.5,14,27,0,629,1,234,261,94,39,1.0,10.0
opensanctions/opensanctions,2025-08,sq-b,ba_opensanctions_opensanctions__2025-08,43349,453,1821,31729,103,7677,9770,587,5714,0.4,14,28,0,629,1,235,263,95,35,1.6,10.2
opensanctions/opensanctions,2025-09,sq-b,ba_opensanctions_opensanctions__2025-09,44522,457,1858,32300,109,7842,9946,600,5767,0.4,14,28,0,642,1,235,270,98,38,1.6,10.4
opensanctions/opensanctions,2025-10,sq-b,ba_opensanctions_opensanctions__2025-10,45692,475,1883,33056,115,8004,10183,604,5812,0.4,15,29,0,648,2,235,268,104,39,1.1,10.3
opensanctions/opensanctions,2025-11,sq-c,ba_opensanctions_opensanctions__2025-11,46949,489,1927,33789,126,8184,10366,612,5878,0.4,14,30,0,656,3,236,267,111,39,1.0,10.2
opensanctions/opensanctions,2025-12,sq-c,ba_opensanctions_opensanctions__2025-12,47657,490,1940,34140,125,8274,10479,619,5936,0.4,10,30,0,659,3,239,263,113,41,1.0,10.3
opensanctions/opensanctions,2026-01,sq-b,ba_opensanctions_opensanctions__2026-01,48397,492,1960,34620,127,8402,10645,632,6027,0.4,10,32,0,674,3,247,263,118,43,1.0,10.4
opensanctions/opensanctions,2026-02,sq-c,ba_opensanctions_opensanctions__2026-02,49879,501,1999,35446,133,8631,10978,649,6177,0.4,10,35,0,694,3,255,269,119,48,0.9,10.8
opensanctions/opensanctions,2026-03,sq-a,ba_opensanctions_opensanctions__2026-03,50457,513,2018,35780,134,8746,11039,656,6205,0.4,10,33,0,699,3,254,279,116,47,0.8,11.1
opensanctions/opensanctions,2026-04,sq-c,ba_opensanctions_opensanctions__2026-04,51288,521,2045,36273,143,8865,11101,660,6203,0.4,10,33,0,703,3,255,278,116,51,0.7,11.2
openstreetmap-ng/openstreetmap-ng,2024-04,sq-a,ba_openstreetmap-ng_openstreetmap-ng__2024-04,13112,283,868,8823,206,2067,1990,188,881,0.2,69,9,0,266,59,51,48,10,98,0.8,15.1
openstreetmap-ng/openstreetmap-ng,2024-05,sq-b,ba_openstreetmap-ng_openstreetmap-ng__2024-05,14325,293,904,9381,219,2207,2160,183,1022,0.2,21,9,0,213,21,54,36,9,93,0.6,13.6
openstreetmap-ng/openstreetmap-ng,2024-06,sq-a,ba_openstreetmap-ng_openstreetmap-ng__2024-06,15089,294,931,9834,221,2319,2313,186,1132,0.3,21,8,0,215,21,60,37,9,88,0.4,13.3
openstreetmap-ng/openstreetmap-ng,2024-07,sq-c,ba_openstreetmap-ng_openstreetmap-ng__2024-07,15476,253,908,9746,217,2302,2224,169,908,0.2,19,7,0,195,17,53,32,15,78,0.4,13.1
openstreetmap-ng/openstreetmap-ng,2024-08,sq-b,ba_openstreetmap-ng_openstreetmap-ng__2024-08,15799,254,940,9899,220,2343,2223,168,893,0.2,19,9,0,196,17,55,32,15,77,0.4,13.2
openstreetmap-ng/openstreetmap-ng,2024-09,sq-a,ba_openstreetmap-ng_openstreetmap-ng__2024-09,15930,251,941,9975,219,2361,2244,169,878,0.2,19,9,0,197,17,55,30,17,78,0.4,13.0
openstreetmap-ng/openstreetmap-ng,2024-10,sq-c,ba_openstreetmap-ng_openstreetmap-ng__2024-10,17217,264,1002,10720,221,2551,2445,171,937,0.2,18,7,0,196,16,58,30,16,76,0.4,12.9
openstreetmap-ng/openstreetmap-ng,2024-11,sq-c,ba_openstreetmap-ng_openstreetmap-ng__2024-11,19547,290,1071,11901,263,2819,2717,191,1063,0.2,23,7,0,221,20,70,33,18,80,1.0,12.1
openstreetmap-ng/openstreetmap-ng,2024-12,sq-c,ba_openstreetmap-ng_openstreetmap-ng__2024-12,20857,289,1103,12295,262,2930,2842,197,1090,0.2,29,6,0,232,20,71,40,21,80,1.4,11.6
openstreetmap-ng/openstreetmap-ng,2025-01,sq-c,ba_openstreetmap-ng_openstreetmap-ng__2025-01,20972,291,1109,12329,262,2948,2851,196,1090,0.2,29,6,0,231,20,71,40,21,79,1.4,9.5
openstreetmap-ng/openstreetmap-ng,2025-02,sq-a,ba_openstreetmap-ng_openstreetmap-ng__2025-02,21338,289,1132,12428,253,3004,2900,200,1169,0.2,32,7,0,239,22,70,47,32,68,1.8,9.3
openstreetmap-ng/openstreetmap-ng,2025-03,sq-a,ba_openstreetmap-ng_openstreetmap-ng__2025-03,21462,276,1170,12298,248,3109,2912,227,1020,0.2,28,7,0,262,16,61,75,23,87,0.5,9.1
openstreetmap-ng/openstreetmap-ng,2025-04,sq-b,ba_openstreetmap-ng_openstreetmap-ng__2025-04,24133,281,1219,12744,255,3207,2962,242,1107,0.2,29,7,0,278,16,64,78,34,86,0.5,8.6
openstreetmap-ng/openstreetmap-ng,2025-05,sq-b,ba_openstreetmap-ng_openstreetmap-ng__2025-05,23565,276,1180,12416,246,3097,2849,239,1074,0.2,29,7,0,275,16,61,76,37,85,0.5,8.6
openstreetmap-ng/openstreetmap-ng,2025-06,sq-b,ba_openstreetmap-ng_openstreetmap-ng__2025-06,24192,277,1196,12621,249,3162,2913,255,1153,0.2,29,7,0,291,16,64,79,46,86,0.7,8.5
openstreetmap-ng/openstreetmap-ng,2025-07,sq-c,ba_openstreetmap-ng_openstreetmap-ng__2025-07,24483,278,1201,12734,250,3215,2974,253,1169,0.2,29,6,0,288,15,67,78,43,85,0.7,8.3
openstreetmap-ng/openstreetmap-ng,2025-08,sq-c,ba_openstreetmap-ng_openstreetmap-ng__2025-08,25882,287,1243,13395,259,3396,3202,261,1283,0.2,29,6,0,296,15,70,81,44,86,0.7,8.2
openstreetmap-ng/openstreetmap-ng,2025-09,sq-a,ba_openstreetmap-ng_openstreetmap-ng__2025-09,25882,287,1243,13395,259,3396,3202,261,1283,0.2,29,6,0,296,15,70,81,44,86,0.7,8.2
openstreetmap-ng/openstreetmap-ng,2025-10,sq-b,ba_openstreetmap-ng_openstreetmap-ng__2025-10,28372,300,1299,14336,268,3680,3522,286,1436,0.2,30,6,0,322,15,79,86,54,88,0.6,8.1
openstreetmap-ng/openstreetmap-ng,2025-11,sq-c,ba_openstreetmap-ng_openstreetmap-ng__2025-11,30096,318,1360,15233,285,3899,3785,293,1493,0.2,32,26,0,351,16,84,103,60,88,0.5,8.2
openstreetmap-ng/openstreetmap-ng,2025-12,sq-c,ba_openstreetmap-ng_openstreetmap-ng__2025-12,31510,323,1404,16039,298,4135,4095,320,1717,0.2,33,30,0,383,16,91,115,76,85,0.5,8.0
openstreetmap-ng/openstreetmap-ng,2026-01,sq-a,ba_openstreetmap-ng_openstreetmap-ng__2026-01,31510,323,1404,16039,298,4135,4095,320,1717,0.2,33,30,0,383,16,91,115,76,85,0.5,8.0
openstreetmap-ng/openstreetmap-ng,2026-02,sq-b,ba_openstreetmap-ng_openstreetmap-ng__2026-02,31510,323,1404,16039,298,4135,4095,320,1717,0.2,33,30,0,383,16,91,115,76,85,0.5,8.0
openstreetmap-ng/openstreetmap-ng,2026-03,sq-b,ba_openstreetmap-ng_openstreetmap-ng__2026-03,31510,323,1404,16039,298,4135,4095,320,1717,0.2,33,30,0,383,16,91,115,76,85,0.5,8.0
openstreetmap-ng/openstreetmap-ng,2026-04,sq-c,ba_openstreetmap-ng_openstreetmap-ng__2026-04,34016,322,1608,17617,333,4733,4721,338,2130,0.2,28,31,0,397,16,105,123,78,75,0.4,7.5
opsmill/infrahub,2024-07,sq-b,ba_opsmill_infrahub__2024-07,51651,527,2856,30039,1184,8924,9057,551,4199,0.3,7,38,0,596,6,204,163,171,52,2.7,6.2
opsmill/infrahub,2024-08,sq-b,ba_opsmill_infrahub__2024-08,51731,527,2868,30094,1184,8946,9081,551,4207,0.3,7,38,0,596,6,204,163,171,52,2.7,6.2
opsmill/infrahub,2024-09,sq-b,ba_opsmill_infrahub__2024-09,51149,522,2697,28832,1114,8418,8749,535,4200,0.3,7,29,0,571,5,184,150,168,64,2.2,5.2
opsmill/infrahub,2024-10,sq-a,ba_opsmill_infrahub__2024-10,54129,542,2799,29305,1227,8491,8327,480,3539,0.2,7,28,0,515,5,164,127,165,54,1.6,4.9
opsmill/infrahub,2024-11,sq-b,ba_opsmill_infrahub__2024-11,54384,544,2808,29425,1229,8556,8415,489,3615,0.2,7,28,0,524,5,170,129,166,54,1.5,4.9
opsmill/infrahub,2024-12,sq-a,ba_opsmill_infrahub__2024-12,57208,561,2965,30831,1224,8969,8736,512,3761,0.2,9,32,0,553,4,191,130,169,59,1.5,4.8
opsmill/infrahub,2025-01,sq-c,ba_opsmill_infrahub__2025-01,58016,567,3007,31182,1229,9081,8838,518,3820,0.2,9,33,0,560,4,194,127,180,55,1.4,4.8
opsmill/infrahub,2025-02,sq-a,ba_opsmill_infrahub__2025-02,58701,566,3015,31327,1229,9146,8949,524,3882,0.2,8,33,0,565,3,198,129,180,55,1.4,4.8
opsmill/infrahub,2025-03,sq-c,ba_opsmill_infrahub__2025-03,65991,630,3358,35171,1360,10357,10359,595,4537,0.2,6,36,0,637,1,246,155,179,56,1.5,5.0
opsmill/infrahub,2025-04,sq-c,ba_opsmill_infrahub__2025-04,67661,641,3454,36027,1380,10627,10606,600,4662,0.2,8,35,0,643,1,249,156,181,56,1.5,4.9
opsmill/infrahub,2025-05,sq-c,ba_opsmill_infrahub__2025-05,68938,643,3496,36532,1384,10763,10806,620,4844,0.2,9,36,0,665,2,254,170,182,57,1.4,4.9
opsmill/infrahub,2025-06,sq-a,ba_opsmill_infrahub__2025-06,72098,662,3631,37896,1449,11191,11285,641,5060,0.2,6,37,0,684,2,273,170,183,56,1.6,4.9
opsmill/infrahub,2025-07,sq-a,ba_opsmill_infrahub__2025-07,72653,666,3661,38225,1453,11281,11393,642,5078,0.2,6,37,0,685,2,275,169,183,56,1.6,5.0
opsmill/infrahub,2025-08,sq-a,ba_opsmill_infrahub__2025-08,74919,680,3779,39478,1518,11599,11715,659,5310,0.2,7,38,0,704,2,289,170,185,58,1.6,4.9
opsmill/infrahub,2025-09,sq-a,ba_opsmill_infrahub__2025-09,75366,680,3787,39653,1518,11643,11774,657,5333,0.2,7,38,0,702,2,290,170,185,55,1.6,5.0
opsmill/infrahub,2025-10,sq-b,ba_opsmill_infrahub__2025-10,75974,681,3812,39952,1524,11707,11859,663,5374,0.2,7,38,0,708,2,293,173,185,55,1.5,5.1
opsmill/infrahub,2025-11,sq-b,ba_opsmill_infrahub__2025-11,80060,715,3991,42119,1575,12338,12512,677,5483,0.2,7,38,0,722,2,301,176,189,54,1.7,5.1
opsmill/infrahub,2025-12,sq-c,ba_opsmill_infrahub__2025-12,80726,716,4019,42413,1586,12430,12602,677,5529,0.2,7,38,0,722,2,301,177,188,54,1.8,5.1
opsmill/infrahub,2026-01,sq-c,ba_opsmill_infrahub__2026-01,85184,735,4208,44324,1637,13090,13336,694,5741,0.2,7,38,0,739,2,323,172,190,52,1.7,5.6
opsmill/infrahub,2026-02,sq-c,ba_opsmill_infrahub__2026-02,85346,735,4215,44381,1637,13110,13358,696,5744,0.2,7,38,0,741,2,325,172,190,52,1.7,5.6
opsmill/infrahub,2026-03,sq-a,ba_opsmill_infrahub__2026-03,87705,757,4328,45629,1669,13466,13649,710,5861,0.2,7,37,0,754,3,325,169,208,49,1.7,6.1
opsmill/infrahub,2026-04,sq-a,ba_opsmill_infrahub__2026-04,90991,784,4487,47594,1725,13967,14204,754,6179,0.2,7,32,0,793,3,352,172,217,49,1.7,6.3
opsmill/infrahub,2026-05,sq-c,ba_opsmill_infrahub__2026-05,90962,785,4487,47430,1728,13950,14150,743,6090,0.2,7,31,0,781,3,343,171,216,48,1.6,7.2
opsmill/infrahub,2026-06,sq-b,ba_opsmill_infrahub__2026-06,98707,853,4864,51384,1910,15038,15115,782,6420,0.2,7,34,0,823,4,358,174,243,44,1.5,8.1
opsmill/infrahub,2026-07,sq-b,ba_opsmill_infrahub__2026-07,99132,854,4885,51623,1912,15115,15199,777,6416,0.2,7,34,0,818,4,358,169,243,44,1.5,8.2
owid/etl,2024-05,sq-c,ba_owid_etl__2024-05,161971,2947,7090,96097,216,15580,12935,2030,13600,0.3,36,50,0,2116,15,706,908,389,98,31.3,32.4
owid/etl,2024-06,sq-a,ba_owid_etl__2024-06,168499,3094,7379,100005,209,16058,13252,2087,14206,0.3,38,55,0,2180,15,768,911,391,95,31.5,32.5
owid/etl,2024-07,sq-c,ba_owid_etl__2024-07,178574,3321,7912,106680,218,17060,13934,2221,15013,0.3,43,55,0,2319,15,824,953,419,108,31.0,32.4
owid/etl,2024-08,sq-a,ba_owid_etl__2024-08,191573,3574,8441,114103,218,18308,15084,2399,16840,0.3,48,55,0,2502,15,929,992,453,113,30.4,32.3
owid/etl,2024-09,sq-c,ba_owid_etl__2024-09,196851,3695,8683,117636,220,18844,15614,2457,17264,0.3,50,55,0,2562,15,957,1010,457,123,30.7,32.3
owid/etl,2024-10,sq-c,ba_owid_etl__2024-10,207326,3852,9154,123991,230,19884,16542,2605,18230,0.3,53,70,0,2728,15,999,1086,488,140,31.4,32.1
owid/etl,2024-11,sq-a,ba_owid_etl__2024-11,195642,3650,8842,118448,231,19376,16480,2371,17094,0.3,51,72,0,2494,15,952,931,455,141,27.4,31.3
owid/etl,2024-12,sq-b,ba_owid_etl__2024-12,205005,3842,9283,124393,244,20346,17392,2492,17846,0.3,54,74,0,2620,15,981,1000,477,147,26.9,31.2
owid/etl,2025-01,sq-b,ba_owid_etl__2025-01,211463,4012,9611,128749,250,20967,17748,2578,18341,0.3,57,73,0,2708,17,1013,1035,494,149,27.8,31.2
owid/etl,2025-02,sq-a,ba_owid_etl__2025-02,221667,4213,10030,134665,259,21870,18515,2685,19187,0.3,61,75,0,2821,18,1055,1065,523,160,28.9,31.2
owid/etl,2025-03,sq-a,ba_owid_etl__2025-03,237216,4492,10615,143128,282,23297,20054,2854,20422,0.3,66,75,0,2995,18,1121,1114,569,173,32.3,31.2
owid/etl,2025-04,sq-a,ba_owid_etl__2025-04,253041,4608,10828,152407,282,24057,21247,3271,24533,0.3,67,75,0,3413,18,1332,1297,584,182,31.5,30.5
owid/etl,2025-05,sq-c,ba_owid_etl__2025-05,263783,4791,11310,158784,292,25214,22340,3346,25159,0.3,71,78,0,3495,20,1378,1277,609,211,31.5,30.6
owid/etl,2025-06,sq-b,ba_owid_etl__2025-06,273381,4921,11726,164489,312,26394,23601,3437,25895,0.3,74,78,0,3589,19,1415,1319,626,210,32.0,30.5
owid/etl,2025-07,sq-a,ba_owid_etl__2025-07,286145,5057,12153,171051,313,27493,24839,3572,27159,0.3,74,78,0,3724,19,1502,1354,632,217,34.2,30.4
owid/etl,2025-08,sq-a,ba_owid_etl__2025-08,297443,5169,12539,177342,326,28610,26228,3745,28743,0.3,76,79,0,3900,19,1604,1400,652,225,34.5,30.3
owid/etl,2025-09,sq-a,ba_owid_etl__2025-09,305009,5283,12839,182038,330,29586,27328,3834,29677,0.3,74,82,0,3990,19,1644,1435,668,224,34.4,30.3
owid/etl,2025-10,sq-a,ba_owid_etl__2025-10,315099,5407,13195,187715,332,30446,28155,3944,30664,0.3,75,82,0,4101,19,1688,1478,688,228,35.8,30.4
owid/etl,2025-11,sq-b,ba_owid_etl__2025-11,322226,5495,13427,192395,328,31487,29781,4018,32130,0.3,74,84,0,4176,18,1736,1493,702,227,35.8,30.4
owid/etl,2025-12,sq-c,ba_owid_etl__2025-12,331923,5591,13733,197567,336,32534,31147,4204,34294,0.3,75,84,0,4363,18,1839,1537,730,239,36.5,30.8
owid/etl,2026-01,sq-c,ba_owid_etl__2026-01,347901,5771,14362,207338,373,34698,34052,4248,36337,0.3,76,89,0,4413,18,1952,1461,747,235,37.0,30.8
owid/etl,2026-02,sq-b,ba_owid_etl__2026-02,364151,5992,14904,216923,389,36515,36174,4410,37938,0.3,76,90,0,4576,18,2040,1506,774,238,38.6,30.8
owid/etl,2026-03,sq-a,ba_owid_etl__2026-03,393910,7192,16345,238048,386,39102,37894,4568,39258,0.3,76,95,0,4739,17,2125,1533,819,245,38.1,30.7
owid/etl,2026-04,sq-c,ba_owid_etl__2026-04,403477,7309,16685,243285,388,39941,38545,4599,39937,0.3,79,92,0,4770,17,2160,1529,828,236,39.4,30.7
owid/etl,2026-05,sq-a,ba_owid_etl__2026-05,413189,7776,17267,249461,386,41098,39267,4647,40582,0.3,86,85,0,4818,17,2228,1486,859,228,39.3,30.8
panther-labs/panther-analysis,2024-03,sq-b,ba_panther-labs_panther-analysis__2024-03,13904,646,1720,9051,17,3531,2298,144,1596,0.4,0,7,0,151,0,45,53,45,8,1.8,11.5
panther-labs/panther-analysis,2024-04,sq-c,ba_panther-labs_panther-analysis__2024-04,14344,658,1753,9183,17,3571,2305,144,1596,0.4,1,7,0,152,1,45,53,45,8,1.7,12.6
panther-labs/panther-analysis,2024-05,sq-c,ba_panther-labs_panther-analysis__2024-05,14373,662,1761,9211,17,3579,2305,144,1596,0.4,1,7,0,152,1,45,53,45,8,1.7,12.6
panther-labs/panther-analysis,2024-06,sq-b,ba_panther-labs_panther-analysis__2024-06,14655,677,1799,9422,17,3660,2354,145,1597,0.4,1,7,0,153,1,45,54,45,8,1.7,12.6
panther-labs/panther-analysis,2024-07,sq-c,ba_panther-labs_panther-analysis__2024-07,14932,697,1844,9596,17,3732,2381,145,1595,0.4,1,7,0,153,1,45,54,45,8,1.6,12.5
panther-labs/panther-analysis,2024-08,sq-b,ba_panther-labs_panther-analysis__2024-08,15190,706,1886,9831,17,3803,2417,131,1105,0.2,1,7,0,139,1,45,58,28,7,1.6,12.5
panther-labs/panther-analysis,2024-09,sq-b,ba_panther-labs_panther-analysis__2024-09,15562,731,1973,10112,17,3915,2442,130,1098,0.2,1,7,0,138,1,45,57,28,7,1.7,12.2
panther-labs/panther-analysis,2024-10,sq-b,ba_panther-labs_panther-analysis__2024-10,14532,709,1877,9295,17,3736,2335,116,1012,0.2,1,8,0,125,1,40,50,28,6,1.2,11.7
panther-labs/panther-analysis,2024-11,sq-a,ba_panther-labs_panther-analysis__2024-11,15116,739,1957,9662,17,3875,2396,118,1037,0.2,1,8,0,127,1,40,52,28,6,2.0,11.5
panther-labs/panther-analysis,2024-12,sq-a,ba_panther-labs_panther-analysis__2024-12,15318,744,1983,9820,17,3931,2437,115,1007,0.2,1,7,0,123,1,39,49,28,6,2.0,11.5
panther-labs/panther-analysis,2025-01,sq-b,ba_panther-labs_panther-analysis__2025-01,16124,772,2134,10476,17,4167,2541,119,1044,0.2,1,7,0,127,1,41,51,28,6,2.8,12.1
panther-labs/panther-analysis,2025-02,sq-b,ba_panther-labs_panther-analysis__2025-02,16372,781,2164,10634,17,4228,2574,120,1074,0.2,1,7,0,128,1,41,51,29,6,2.8,11.9
panther-labs/panther-analysis,2025-03,sq-c,ba_panther-labs_panther-analysis__2025-03,16535,793,2148,10674,17,4265,2613,120,1052,0.2,1,7,0,128,1,40,52,29,6,2.0,11.5
panther-labs/panther-analysis,2025-04,sq-c,ba_panther-labs_panther-analysis__2025-04,16703,795,2172,10788,17,4315,2638,116,990,0.2,1,7,0,124,1,41,47,29,6,1.9,11.5
panther-labs/panther-analysis,2025-05,sq-c,ba_panther-labs_panther-analysis__2025-05,16735,795,2172,10815,17,4324,2649,116,991,0.2,1,7,0,124,1,41,47,29,6,1.8,11.5
panther-labs/panther-analysis,2025-06,sq-c,ba_panther-labs_panther-analysis__2025-06,16740,795,2172,10822,17,4327,2654,117,993,0.2,1,7,0,125,1,41,47,30,6,1.8,11.5
panther-labs/panther-analysis,2025-07,sq-c,ba_panther-labs_panther-analysis__2025-07,16991,803,2197,10961,17,4376,2690,122,1029,0.2,1,7,0,130,1,46,47,30,6,1.8,11.5
panther-labs/panther-analysis,2025-08,sq-a,ba_panther-labs_panther-analysis__2025-08,16597,810,2197,10581,14,4277,2586,126,1080,0.2,1,7,0,134,1,48,50,29,6,1.9,10.9
panther-labs/panther-analysis,2025-09,sq-a,ba_panther-labs_panther-analysis__2025-09,17447,824,2276,11218,16,4531,2832,134,1141,0.2,1,7,0,142,1,50,53,32,6,1.8,11.3
panther-labs/panther-analysis,2025-10,sq-a,ba_panther-labs_panther-analysis__2025-10,17972,844,2342,11506,16,4629,2861,133,1142,0.2,1,7,0,141,1,50,53,31,6,1.7,11.0
panther-labs/panther-analysis,2025-11,sq-c,ba_panther-labs_panther-analysis__2025-11,18556,861,2406,11886,16,4799,3000,135,1146,0.2,1,7,0,143,1,51,55,30,6,1.7,11.1
panther-labs/panther-analysis,2025-12,sq-b,ba_panther-labs_panther-analysis__2025-12,18969,873,2446,12115,16,4899,3068,137,1157,0.2,1,7,0,145,1,52,56,30,6,1.6,11.0
panther-labs/panther-analysis,2026-01,sq-c,ba_panther-labs_panther-analysis__2026-01,22050,961,2736,14096,16,5586,3557,159,1301,0.2,1,7,0,167,1,68,62,30,6,1.5,10.8
panther-labs/panther-analysis,2026-02,sq-c,ba_panther-labs_panther-analysis__2026-02,24438,1005,2981,15991,16,6503,4298,179,1401,0.2,1,7,0,187,1,74,73,33,6,1.6,11.8
panther-labs/panther-analysis,2026-03,sq-a,ba_panther-labs_panther-analysis__2026-03,26386,1065,3285,17457,14,7160,4682,180,1400,0.2,1,7,0,188,1,78,70,33,6,1.6,12.2
plastic-labs/honcho,2024-03,sq-a,ba_plastic-labs_honcho__2024-03,4671,34,269,2608,75,526,328,118,634,0.5,2,0,0,120,0,16,87,13,4,5.4,26.0
plastic-labs/honcho,2024-04,sq-a,ba_plastic-labs_honcho__2024-04,4685,33,271,2646,76,539,360,117,663,0.5,4,0,0,121,0,16,90,12,3,1.7,26.0
plastic-labs/honcho,2024-05,sq-a,ba_plastic-labs_honcho__2024-05,2330,17,102,1094,47,217,160,130,669,1.0,0,0,0,130,2,11,66,49,2,1.4,15.9
plastic-labs/honcho,2024-06,sq-b,ba_plastic-labs_honcho__2024-06,2609,18,104,1183,51,234,191,150,696,0.9,0,0,0,150,2,10,83,53,2,1.3,13.9
plastic-labs/honcho,2024-07,sq-b,ba_plastic-labs_honcho__2024-07,2603,18,104,1148,44,229,187,145,756,1.0,0,0,0,145,1,11,78,53,2,1.3,15.7
plastic-labs/honcho,2024-08,sq-a,ba_plastic-labs_honcho__2024-08,2671,20,107,1178,45,229,182,133,691,0.9,1,0,0,134,1,11,68,52,2,1.2,14.1
plastic-labs/honcho,2024-09,sq-b,ba_plastic-labs_honcho__2024-09,2731,20,114,1220,47,247,197,130,665,0.8,1,0,0,131,0,11,65,53,2,1.2,14.0
plastic-labs/honcho,2024-10,sq-c,ba_plastic-labs_honcho__2024-10,2471,20,120,1030,48,226,157,90,458,0.6,1,0,0,91,0,10,65,14,2,4.2,13.8
plastic-labs/honcho,2024-11,sq-c,ba_plastic-labs_honcho__2024-11,2647,20,122,1098,49,236,169,88,468,0.6,1,0,0,89,0,14,61,12,2,4.2,6.4
plastic-labs/honcho,2024-12,sq-a,ba_plastic-labs_honcho__2024-12,2881,20,133,1224,51,263,211,84,471,0.5,0,0,0,84,0,15,55,13,1,3.8,6.7
plastic-labs/honcho,2025-01,sq-a,ba_plastic-labs_honcho__2025-01,2881,20,133,1224,51,263,211,84,471,0.5,0,0,0,84,0,15,55,13,1,3.8,6.7
plastic-labs/honcho,2025-02,sq-b,ba_plastic-labs_honcho__2025-02,3036,22,138,1259,51,269,211,82,450,0.5,0,0,0,82,0,15,54,12,1,3.7,6.5
plastic-labs/honcho,2025-03,sq-c,ba_plastic-labs_honcho__2025-03,3187,23,141,1456,57,275,229,48,269,0.3,0,0,0,48,0,9,28,11,0,3.3,13.9
plastic-labs/honcho,2025-04,sq-a,ba_plastic-labs_honcho__2025-04,5082,32,181,2284,64,489,518,225,1263,0.8,0,0,0,225,0,31,44,150,0,3.0,17.4
plastic-labs/honcho,2025-05,sq-b,ba_plastic-labs_honcho__2025-05,5134,34,173,2375,64,518,571,214,1220,0.8,0,0,0,214,0,32,32,150,0,1.3,18.3
plastic-labs/honcho,2025-06,sq-c,ba_plastic-labs_honcho__2025-06,7235,46,279,3120,110,815,913,159,1014,0.5,0,0,0,159,0,28,25,104,2,1.8,27.1
plastic-labs/honcho,2025-07,sq-a,ba_plastic-labs_honcho__2025-07,9228,65,369,4327,121,1153,1343,156,1057,0.4,0,0,0,156,0,36,14,104,2,1.4,27.2
plastic-labs/honcho,2025-08,sq-a,ba_plastic-labs_honcho__2025-08,10409,71,418,4865,137,1322,1506,181,1233,0.4,0,0,0,181,0,39,20,120,2,2.8,27.6
plastic-labs/honcho,2025-09,sq-b,ba_plastic-labs_honcho__2025-09,11025,71,426,5046,135,1390,1606,185,1281,0.4,0,0,0,185,0,42,17,123,3,2.3,26.7
plastic-labs/honcho,2025-10,sq-b,ba_plastic-labs_honcho__2025-10,12928,84,507,6023,142,1667,1985,216,1635,0.4,1,0,0,217,0,46,35,130,6,4.2,26.2
plastic-labs/honcho,2025-11,sq-b,ba_plastic-labs_honcho__2025-11,13503,86,529,6321,145,1741,2078,217,1643,0.4,1,0,0,218,0,51,29,131,7,4.1,26.0
plastic-labs/honcho,2025-12,sq-c,ba_plastic-labs_honcho__2025-12,16056,91,629,7316,179,2116,2452,280,1984,0.4,1,0,0,281,0,54,58,162,7,4.8,27.7
plastic-labs/honcho,2026-01,sq-b,ba_plastic-labs_honcho__2026-01,24657,129,1038,11820,302,3370,3866,311,2781,0.4,4,0,0,315,0,83,56,167,9,2.2,24.7
plastic-labs/honcho,2026-02,sq-c,ba_plastic-labs_honcho__2026-02,25202,129,1056,12045,306,3424,3867,309,2721,0.4,4,0,0,313,0,83,56,166,8,2.1,24.6
plastic-labs/honcho,2026-03,sq-c,ba_plastic-labs_honcho__2026-03,25789,132,1083,12291,308,3485,3912,309,2722,0.4,4,0,0,313,0,83,56,166,8,2.1,24.4
polarsource/polar,2024-07,sq-b,ba_polarsource_polar__2024-07,41272,442,1859,18250,855,4363,3341,298,2894,0.2,4,3,0,305,4,50,128,104,19,0.9,4.6
polarsource/polar,2024-08,sq-b,ba_polarsource_polar__2024-08,42986,451,1927,18881,913,4510,3444,302,2912,0.2,7,3,0,312,8,55,128,100,21,0.9,4.7
polarsource/polar,2024-09,sq-c,ba_polarsource_polar__2024-09,43358,452,1948,19052,943,4526,3430,305,2927,0.2,7,5,0,317,8,59,129,100,21,1.0,4.7
polarsource/polar,2024-10,sq-c,ba_polarsource_polar__2024-10,44792,455,2018,19721,971,4689,3580,293,2762,0.2,7,2,0,302,9,63,118,96,16,0.9,4.7
polarsource/polar,2024-11,sq-c,ba_polarsource_polar__2024-11,47386,479,2116,20822,1059,4962,3837,277,2763,0.2,6,2,0,285,9,70,119,71,16,0.7,4.7
polarsource/polar,2024-12,sq-c,ba_polarsource_polar__2024-12,47260,509,2132,20847,1084,4887,3701,277,2732,0.2,5,2,0,284,9,69,117,72,17,0.6,4.6
polarsource/polar,2025-01,sq-a,ba_polarsource_polar__2025-01,51296,539,2313,22394,1160,5288,3986,285,2766,0.2,5,2,0,292,10,71,119,74,18,0.7,4.5
polarsource/polar,2025-02,sq-b,ba_polarsource_polar__2025-02,52161,545,2348,22729,1174,5368,4041,292,2821,0.2,5,2,0,299,10,73,125,74,17,0.8,4.5
polarsource/polar,2025-03,sq-c,ba_polarsource_polar__2025-03,55703,616,2531,24294,1239,5706,4281,362,3139,0.2,5,3,0,370,12,80,175,85,18,0.9,4.5
polarsource/polar,2025-04,sq-b,ba_polarsource_polar__2025-04,46226,556,2189,20448,1158,4626,3289,258,1690,0.1,5,2,0,265,10,62,111,68,14,0.6,4.7
polarsource/polar,2025-05,sq-c,ba_polarsource_polar__2025-05,48806,568,2310,21529,1214,4807,3388,271,1732,0.1,18,3,0,292,22,63,118,77,12,0.6,4.6
polarsource/polar,2025-06,sq-b,ba_polarsource_polar__2025-06,50558,593,2393,22322,1239,4965,3481,277,1763,0.1,14,6,0,297,18,67,119,81,12,0.6,4.5
polarsource/polar,2025-07,sq-c,ba_polarsource_polar__2025-07,54150,616,2551,23997,1295,5343,3785,351,2154,0.1,14,12,0,377,19,81,170,92,15,0.9,6.0
polarsource/polar,2025-08,sq-b,ba_polarsource_polar__2025-08,58263,622,2693,25458,1349,5742,4195,407,2598,0.1,14,9,0,430,18,93,200,106,13,0.9,6.1
polarsource/polar,2025-09,sq-b,ba_polarsource_polar__2025-09,63391,642,2876,27561,1430,6246,4696,466,3042,0.2,15,15,0,496,19,112,240,112,13,1.4,6.0
polarsource/polar,2025-10,sq-b,ba_polarsource_polar__2025-10,73981,687,3190,31765,1575,7242,5752,667,4431,0.2,17,15,0,699,19,176,340,148,16,2.1,6.4
polarsource/polar,2025-11,sq-a,ba_polarsource_polar__2025-11,79764,731,3326,34082,1635,7798,6442,733,5003,0.2,17,15,0,765,18,208,355,167,17,2.3,6.5
polarsource/polar,2025-12,sq-c,ba_polarsource_polar__2025-12,84012,766,3436,35754,1659,8195,6898,739,5152,0.2,18,17,0,774,18,222,362,156,16,2.4,6.7
polarsource/polar,2026-01,sq-b,ba_polarsource_polar__2026-01,94521,829,3806,40709,1759,9584,8674,809,6076,0.2,26,16,0,851,20,264,398,155,14,2.3,7.0
polarsource/polar,2026-02,sq-a,ba_polarsource_polar__2026-02,107696,889,4254,46921,1886,11351,10702,947,7575,0.2,26,23,0,996,19,341,459,164,13,2.7,7.1
polarsource/polar,2026-03,sq-a,ba_polarsource_polar__2026-03,115823,922,4529,50497,1937,12509,12118,1006,8575,0.2,27,27,0,1060,19,370,483,171,17,2.5,7.1
polarsource/polar,2026-04,sq-b,ba_polarsource_polar__2026-04,123309,974,4865,53545,2029,13261,12712,1048,9146,0.2,27,68,0,1143,19,388,535,187,14,2.0,7.0
polarsource/polar,2026-05,sq-c,ba_polarsource_polar__2026-05,132154,1007,5212,56927,2136,14171,13516,1096,9449,0.2,28,66,0,1190,21,411,537,206,15,1.8,7.2
polarsource/polar,2026-06,sq-c,ba_polarsource_polar__2026-06,164889,1142,6405,69110,2933,16696,15401,1171,10377,0.2,29,67,0,1267,21,481,530,219,16,3.8,10.0
polarsource/polar,2026-07,sq-c,ba_polarsource_polar__2026-07,185306,1260,7146,77576,3212,19030,17636,1253,11256,0.2,29,69,0,1351,22,522,564,228,15,3.8,10.8
port-labs/ocean,2024-05,sq-a,ba_port-labs_ocean__2024-05,14041,275,886,7971,295,1983,1766,77,480,0.1,8,3,0,88,4,21,33,28,2,0.0,9.3
port-labs/ocean,2024-06,sq-c,ba_port-labs_ocean__2024-06,14481,277,904,8198,307,2039,1833,79,484,0.1,7,3,0,89,2,21,35,29,2,0.0,9.1
port-labs/ocean,2024-07,sq-c,ba_port-labs_ocean__2024-07,15467,285,942,8694,335,2179,2008,88,544,0.1,7,3,0,98,2,26,37,31,2,0.3,8.7
port-labs/ocean,2024-08,sq-b,ba_port-labs_ocean__2024-08,16773,295,1019,9417,350,2374,2207,96,572,0.1,7,3,0,106,4,31,37,31,3,0.3,8.9
port-labs/ocean,2024-09,sq-c,ba_port-labs_ocean__2024-09,17837,310,1058,9879,381,2473,2330,106,615,0.1,8,7,0,121,5,30,45,38,3,0.3,8.9
port-labs/ocean,2024-10,sq-b,ba_port-labs_ocean__2024-10,18326,316,1089,10189,388,2562,2436,108,633,0.1,9,8,0,125,5,32,46,39,3,0.3,9.0
port-labs/ocean,2024-11,sq-c,ba_port-labs_ocean__2024-11,18844,317,1111,10450,393,2639,2526,111,647,0.1,12,8,0,131,7,32,47,42,3,0.5,8.9
port-labs/ocean,2024-12,sq-b,ba_port-labs_ocean__2024-12,19818,321,1160,10946,416,2805,2708,120,708,0.1,11,7,0,138,7,41,44,43,3,0.5,9.0
port-labs/ocean,2025-01,sq-b,ba_port-labs_ocean__2025-01,20934,331,1234,11563,443,2974,2859,130,755,0.1,13,7,0,150,7,42,48,50,3,0.5,9.3
port-labs/ocean,2025-02,sq-a,ba_port-labs_ocean__2025-02,21911,353,1317,12101,459,3123,2950,133,774,0.1,14,7,0,154,7,44,50,50,3,0.5,9.2
port-labs/ocean,2025-03,sq-b,ba_port-labs_ocean__2025-03,24443,400,1468,13681,508,3535,3358,149,893,0.1,17,7,0,173,8,48,59,55,3,0.4,9.5
port-labs/ocean,2025-04,sq-a,ba_port-labs_ocean__2025-04,26815,438,1610,15075,560,3921,3753,160,1005,0.1,15,7,0,182,6,55,60,58,3,0.4,9.4
port-labs/ocean,2025-05,sq-a,ba_port-labs_ocean__2025-05,29826,506,1834,17029,651,4376,4098,174,1062,0.1,17,9,0,200,6,62,66,63,3,0.4,9.9
port-labs/ocean,2025-06,sq-a,ba_port-labs_ocean__2025-06,32374,537,1959,18477,725,4665,4355,179,1103,0.1,18,10,0,207,6,64,70,64,3,0.3,9.7
port-labs/ocean,2025-07,sq-c,ba_port-labs_ocean__2025-07,36103,578,2139,20447,795,5126,4764,184,1118,0.1,18,10,0,212,6,66,70,68,2,1.0,9.4
port-labs/ocean,2025-08,sq-c,ba_port-labs_ocean__2025-08,38359,617,2295,21983,852,5505,5157,193,1217,0.1,20,11,0,224,6,73,74,69,2,0.9,9.8
port-labs/ocean,2025-09,sq-c,ba_port-labs_ocean__2025-09,41341,661,2481,23715,950,5957,5534,195,1250,0.1,20,11,0,226,6,76,75,67,2,0.6,10.0
port-labs/ocean,2025-10,sq-a,ba_port-labs_ocean__2025-10,46996,766,2756,26999,1109,6820,6610,226,1561,0.1,27,18,0,271,6,95,92,76,2,0.5,10.5
port-labs/ocean,2025-11,sq-b,ba_port-labs_ocean__2025-11,49865,801,2902,28470,1172,7212,6929,247,1707,0.1,28,18,0,293,7,101,100,83,2,0.4,10.9
port-labs/ocean,2025-12,sq-c,ba_port-labs_ocean__2025-12,50813,820,2930,28749,1197,7253,6950,248,1701,0.1,22,11,0,281,7,97,91,84,2,0.4,10.4
port-labs/ocean,2026-01,sq-b,ba_port-labs_ocean__2026-01,54065,884,3120,30688,1264,7714,7354,255,1762,0.1,28,12,0,295,12,102,93,86,2,0.4,10.7
port-labs/ocean,2026-02,sq-a,ba_port-labs_ocean__2026-02,58722,916,3328,32886,1344,8342,7977,264,1800,0.1,28,13,0,305,12,104,99,86,4,0.4,10.6
port-labs/ocean,2026-03,sq-b,ba_port-labs_ocean__2026-03,63097,948,3510,34807,1439,8897,8516,288,2136,0.1,28,13,0,329,12,112,107,94,4,1.6,10.5
port-labs/ocean,2026-04,sq-a,ba_port-labs_ocean__2026-04,66701,979,3604,36004,1598,9178,8753,297,2197,0.1,29,13,0,339,12,114,106,103,4,1.5,10.2
port-labs/ocean,2026-05,sq-c,ba_port-labs_ocean__2026-05,71336,1035,3834,38093,1751,9801,9307,304,2284,0.1,30,14,0,348,12,120,107,105,4,1.4,10.0
privacyidea/privacyidea,2024-04,sq-c,ba_privacyidea_privacyidea__2024-04,38135,219,2086,26729,283,6513,8449,1274,8750,0.8,13,49,0,1336,19,249,472,520,76,0.7,39.3
privacyidea/privacyidea,2024-05,sq-c,ba_privacyidea_privacyidea__2024-05,38228,221,2089,26798,283,6531,8476,1277,8765,0.8,13,49,0,1339,19,250,473,520,77,0.7,39.3
privacyidea/privacyidea,2024-06,sq-b,ba_privacyidea_privacyidea__2024-06,38407,222,2096,26924,283,6572,8555,1278,8839,0.8,13,49,0,1340,19,251,476,516,78,0.6,39.3
privacyidea/privacyidea,2024-07,sq-c,ba_privacyidea_privacyidea__2024-07,40446,229,2206,28475,294,6977,9110,1288,9105,0.8,14,49,0,1351,20,259,480,510,82,0.7,38.8
privacyidea/privacyidea,2024-08,sq-a,ba_privacyidea_privacyidea__2024-08,40621,229,2213,28621,295,7034,9205,1281,9164,0.8,14,49,0,1344,20,263,477,502,82,0.7,39.1
privacyidea/privacyidea,2024-09,sq-a,ba_privacyidea_privacyidea__2024-09,40645,229,2214,28650,295,7040,9219,1277,9144,0.7,14,49,0,1340,20,260,477,501,82,0.7,39.1
privacyidea/privacyidea,2024-10,sq-b,ba_privacyidea_privacyidea__2024-10,40689,230,2217,28698,294,7054,9244,1269,9130,0.7,13,49,0,1331,19,262,476,492,82,0.7,39.1
privacyidea/privacyidea,2024-11,sq-a,ba_privacyidea_privacyidea__2024-11,40695,230,2217,28703,294,7054,9246,1268,9132,0.7,13,49,0,1330,19,262,476,492,81,0.6,39.1
privacyidea/privacyidea,2024-12,sq-c,ba_privacyidea_privacyidea__2024-12,40887,230,2225,28835,295,7106,9329,1276,9262,0.8,13,49,0,1338,19,265,483,492,79,0.7,39.1
privacyidea/privacyidea,2025-01,sq-b,ba_privacyidea_privacyidea__2025-01,41319,237,2261,29318,298,7229,9502,1257,9126,0.7,15,49,0,1321,20,269,470,473,89,0.6,39.0
privacyidea/privacyidea,2025-02,sq-a,ba_privacyidea_privacyidea__2025-02,44089,252,2422,31486,310,7786,10391,1306,9776,0.7,15,49,0,1370,19,288,491,472,100,0.6,38.9
privacyidea/privacyidea,2025-03,sq-b,ba_privacyidea_privacyidea__2025-03,44130,254,2423,31507,311,7798,10439,1297,9788,0.7,14,49,0,1360,19,289,487,464,101,0.6,38.9
privacyidea/privacyidea,2025-04,sq-a,ba_privacyidea_privacyidea__2025-04,44242,254,2427,31588,312,7813,10471,1300,9759,0.7,14,51,0,1365,19,289,491,454,112,0.6,38.9
privacyidea/privacyidea,2025-05,sq-a,ba_privacyidea_privacyidea__2025-05,44849,257,2460,32079,317,7940,10649,1301,9869,0.7,19,51,0,1371,19,293,492,452,115,0.6,38.8
privacyidea/privacyidea,2025-06,sq-a,ba_privacyidea_privacyidea__2025-06,44782,257,2462,32083,317,7941,10644,1300,9888,0.7,19,51,0,1370,19,294,493,449,115,0.6,38.9
privacyidea/privacyidea,2025-07,sq-c,ba_privacyidea_privacyidea__2025-07,46485,283,2581,33705,326,8333,11191,1315,10117,0.7,21,52,0,1388,19,303,508,438,120,0.6,39.1
privacyidea/privacyidea,2025-08,sq-b,ba_privacyidea_privacyidea__2025-08,47054,284,2593,34209,328,8467,11393,1321,10234,0.7,22,53,0,1396,21,304,510,438,123,0.6,39.0
privacyidea/privacyidea,2025-09,sq-b,ba_privacyidea_privacyidea__2025-09,47212,284,2598,34333,329,8510,11477,1332,10350,0.7,22,53,0,1407,21,312,512,436,126,0.6,38.9
privacyidea/privacyidea,2025-10,sq-c,ba_privacyidea_privacyidea__2025-10,47289,284,2600,34409,331,8528,11515,1333,10387,0.7,21,54,0,1408,21,310,513,438,126,0.6,38.9
privacyidea/privacyidea,2025-11,sq-b,ba_privacyidea_privacyidea__2025-11,47560,285,2616,34584,331,8599,11639,1337,10450,0.7,21,54,0,1412,21,312,513,439,127,0.6,38.9
privacyidea/privacyidea,2025-12,sq-c,ba_privacyidea_privacyidea__2025-12,47556,285,2616,34580,331,8599,11639,1337,10450,0.7,21,54,0,1412,21,312,513,439,127,0.6,38.9
privacyidea/privacyidea,2026-01,sq-c,ba_privacyidea_privacyidea__2026-01,47899,286,2579,34473,331,8610,11713,1333,10439,0.7,23,54,0,1410,22,307,518,431,132,0.6,38.6
privacyidea/privacyidea,2026-02,sq-b,ba_privacyidea_privacyidea__2026-02,48322,286,2599,34853,333,8755,11901,1322,10455,0.7,23,51,0,1396,22,310,516,416,132,0.6,38.5
privacyidea/privacyidea,2026-03,sq-c,ba_privacyidea_privacyidea__2026-03,48781,288,2621,35168,337,8852,12004,1322,10468,0.7,23,51,0,1396,22,311,517,414,132,0.5,38.4
privacyidea/privacyidea,2026-04,sq-c,ba_privacyidea_privacyidea__2026-04,47618,290,2590,34554,328,8721,11814,1217,9814,0.7,22,50,0,1289,17,276,497,374,125,0.5,38.5
pydata/xarray,2024-07,sq-c,ba_pydata_xarray__2024-07,45748,132,3447,26490,310,8912,9072,764,5590,0.4,14,0,0,778,2,157,240,157,222,5.0,44.8
pydata/xarray,2024-08,sq-c,ba_pydata_xarray__2024-08,45987,132,3454,26577,310,8948,9114,770,5663,0.4,15,0,0,785,2,157,243,157,226,5.0,44.7
pydata/xarray,2024-09,sq-b,ba_pydata_xarray__2024-09,46528,132,3482,26826,312,9031,9225,785,5781,0.4,16,0,0,801,2,162,249,157,231,4.9,44.5
pydata/xarray,2024-10,sq-c,ba_pydata_xarray__2024-10,47641,130,3690,27478,312,9302,9306,795,5778,0.4,16,1,0,812,2,164,251,154,241,4.9,45.0
pydata/xarray,2024-11,sq-b,ba_pydata_xarray__2024-11,48630,132,3768,28000,321,9464,9435,787,5840,0.4,15,1,0,803,2,171,252,135,243,4.8,44.8
pydata/xarray,2024-12,sq-b,ba_pydata_xarray__2024-12,48698,132,3770,27996,321,9469,9432,787,5836,0.4,15,1,0,803,2,171,248,139,243,4.8,44.7
pydata/xarray,2025-01,sq-a,ba_pydata_xarray__2025-01,48981,133,3774,28118,321,9513,9498,786,5864,0.4,14,1,0,801,2,170,249,141,239,4.8,44.7
pydata/xarray,2025-02,sq-c,ba_pydata_xarray__2025-02,49346,136,3814,28345,324,9580,9533,794,5877,0.4,14,1,0,809,2,171,249,144,243,4.8,44.7
pydata/xarray,2025-03,sq-a,ba_pydata_xarray__2025-03,49766,143,3826,28594,324,9649,9649,808,6029,0.4,14,1,0,823,2,175,255,148,243,4.8,44.7
pydata/xarray,2025-04,sq-c,ba_pydata_xarray__2025-04,50309,144,3857,28893,328,9753,9777,778,6081,0.4,15,1,0,794,2,179,256,114,243,4.8,44.5
pydata/xarray,2025-05,sq-a,ba_pydata_xarray__2025-05,50849,146,3885,29179,335,9844,9777,761,5942,0.4,13,1,0,775,1,179,238,113,244,4.8,44.4
pydata/xarray,2025-06,sq-a,ba_pydata_xarray__2025-06,51118,147,3896,29273,335,9890,9823,757,5943,0.4,11,1,0,769,1,180,238,106,244,4.8,44.3
pydata/xarray,2025-07,sq-b,ba_pydata_xarray__2025-07,51303,148,3924,29398,340,9949,9853,751,5919,0.4,13,1,0,765,1,179,240,102,243,4.8,44.4
pydata/xarray,2025-08,sq-c,ba_pydata_xarray__2025-08,52028,147,3973,29667,340,10072,9979,768,6069,0.4,13,1,0,782,1,183,248,102,248,4.8,44.3
pydata/xarray,2025-09,sq-b,ba_pydata_xarray__2025-09,52316,147,3998,29893,348,10167,10089,768,6111,0.4,13,1,0,782,1,182,248,102,249,4.8,44.3
pydata/xarray,2025-10,sq-a,ba_pydata_xarray__2025-10,52644,147,4011,30078,349,10232,10174,768,6133,0.4,13,1,0,782,1,185,249,98,249,4.7,44.2
pydata/xarray,2025-11,sq-b,ba_pydata_xarray__2025-11,52800,148,4022,30148,350,10254,10190,766,6121,0.4,13,1,0,780,1,184,250,95,250,4.7,44.1
pydata/xarray,2025-12,sq-a,ba_pydata_xarray__2025-12,53067,148,4035,30306,350,10323,10277,771,6136,0.4,13,1,0,785,1,185,250,95,254,4.7,44.1
pydata/xarray,2026-01,sq-b,ba_pydata_xarray__2026-01,53392,149,4046,30483,352,10382,10355,773,6163,0.4,13,1,0,787,1,187,251,95,253,4.6,44.0
pydata/xarray,2026-02,sq-c,ba_pydata_xarray__2026-02,53403,149,4046,30493,352,10388,10360,774,6168,0.4,13,1,0,788,1,187,251,96,253,4.6,44.1
pydata/xarray,2026-03,sq-b,ba_pydata_xarray__2026-03,53982,149,4069,30766,353,10461,10430,789,6202,0.4,13,1,0,803,1,188,256,98,260,4.8,43.9
pydata/xarray,2026-04,sq-a,ba_pydata_xarray__2026-04,54122,149,4070,30837,353,10493,10492,792,6244,0.4,13,1,0,806,1,192,256,98,259,4.8,43.8
pydata/xarray,2026-05,sq-b,ba_pydata_xarray__2026-05,54128,149,4071,30842,353,10497,10497,792,6244,0.4,13,1,0,806,1,192,256,98,259,4.7,43.8
pydata/xarray,2026-06,sq-b,ba_pydata_xarray__2026-06,54559,150,4088,31054,353,10570,10601,798,6383,0.4,12,1,0,811,1,195,256,100,259,4.7,43.7
pydata/xarray,2026-07,sq-b,ba_pydata_xarray__2026-07,54341,150,4083,30960,353,10532,10533,784,6282,0.4,12,1,0,797,1,193,253,97,253,4.7,43.7
pypi/warehouse,2024-07,sq-b,ba_pypi_warehouse__2024-07,30402,256,1764,14276,410,3560,2882,389,2687,0.3,5,19,0,413,2,158,90,87,76,0.7,18.6
pypi/warehouse,2024-08,sq-a,ba_pypi_warehouse__2024-08,30825,262,1800,14513,416,3651,2950,396,2763,0.3,5,19,0,420,2,158,95,89,76,0.6,18.9
pypi/warehouse,2024-09,sq-c,ba_pypi_warehouse__2024-09,31595,269,1832,14863,428,3727,3005,399,2818,0.3,5,19,0,423,3,161,96,89,74,0.6,18.8
pypi/warehouse,2024-10,sq-b,ba_pypi_warehouse__2024-10,31673,270,1837,14911,429,3735,3006,400,2820,0.3,5,19,0,424,3,161,96,90,74,0.6,18.9
pypi/warehouse,2024-11,sq-b,ba_pypi_warehouse__2024-11,31885,271,1838,14981,429,3750,3048,401,2859,0.3,5,19,0,425,3,161,96,90,75,0.6,18.9
pypi/warehouse,2024-12,sq-a,ba_pypi_warehouse__2024-12,32177,272,1870,15134,432,3794,3053,403,2869,0.3,5,19,0,427,3,161,97,91,75,0.6,18.8
pypi/warehouse,2025-01,sq-b,ba_pypi_warehouse__2025-01,32764,272,1889,15310,438,3833,3061,410,2967,0.3,5,19,0,434,3,164,97,93,77,0.6,18.9
pypi/warehouse,2025-02,sq-c,ba_pypi_warehouse__2025-02,33208,273,1908,15464,446,3872,3097,413,3001,0.3,6,19,0,438,4,167,98,92,77,0.6,18.8
pypi/warehouse,2025-03,sq-c,ba_pypi_warehouse__2025-03,33963,277,1944,15709,455,3944,3152,429,3062,0.3,6,19,0,454,4,172,101,95,82,0.6,18.9
pypi/warehouse,2025-04,sq-b,ba_pypi_warehouse__2025-04,34363,277,1959,15858,460,3981,3176,430,3062,0.3,6,19,0,455,4,171,101,95,84,0.6,18.8
pypi/warehouse,2025-05,sq-c,ba_pypi_warehouse__2025-05,34402,277,1960,15876,460,3986,3185,429,3072,0.3,6,19,0,454,4,172,101,95,82,0.6,18.8
pypi/warehouse,2025-06,sq-a,ba_pypi_warehouse__2025-06,34469,277,1961,15902,460,3997,3197,427,3071,0.3,6,19,0,452,4,172,100,95,81,0.6,14.5
pypi/warehouse,2025-07,sq-c,ba_pypi_warehouse__2025-07,34653,278,1969,15995,461,4026,3229,423,3040,0.3,6,19,0,448,4,171,98,95,80,0.6,14.5
pypi/warehouse,2025-08,sq-c,ba_pypi_warehouse__2025-08,35565,280,1997,16425,467,4131,3362,431,3205,0.3,6,19,0,456,4,176,99,97,80,0.6,14.6
pypi/warehouse,2025-09,sq-a,ba_pypi_warehouse__2025-09,35939,281,2015,16599,470,4185,3407,433,3244,0.3,6,19,0,458,4,178,99,97,80,0.6,14.6
pypi/warehouse,2025-10,sq-b,ba_pypi_warehouse__2025-10,36451,282,2027,16823,473,4252,3484,438,3303,0.3,6,19,0,463,4,179,101,98,81,0.6,14.6
pypi/warehouse,2025-11,sq-a,ba_pypi_warehouse__2025-11,37046,282,2041,17002,476,4300,3533,444,3353,0.3,6,19,0,469,4,181,101,102,81,0.6,14.5
pypi/warehouse,2025-12,sq-b,ba_pypi_warehouse__2025-12,37166,282,2044,17060,480,4311,3546,442,3351,0.3,6,19,0,467,4,181,100,102,80,0.6,14.6
pypi/warehouse,2026-01,sq-c,ba_pypi_warehouse__2026-01,38224,286,2104,17679,486,4471,3698,446,3368,0.3,6,19,0,471,4,184,101,102,80,0.6,15.0
pypi/warehouse,2026-02,sq-b,ba_pypi_warehouse__2026-02,38592,285,2112,17789,488,4497,3723,448,3394,0.3,6,19,0,473,4,185,102,102,80,0.6,15.0
pypi/warehouse,2026-03,sq-c,ba_pypi_warehouse__2026-03,39408,287,2126,18146,490,4606,3860,445,3459,0.3,6,19,0,470,4,188,98,100,80,0.6,15.0
pypi/warehouse,2026-04,sq-b,ba_pypi_warehouse__2026-04,40022,291,2149,18395,496,4698,3863,364,3060,0.3,6,28,0,398,4,192,96,27,79,0.5,15.0
pypi/warehouse,2026-05,sq-a,ba_pypi_warehouse__2026-05,40411,290,2152,18530,497,4703,3867,354,3044,0.3,5,26,0,385,4,187,92,22,80,0.5,15.2
pypi/warehouse,2026-06,sq-a,ba_pypi_warehouse__2026-06,40443,290,2168,18593,495,4718,3857,352,3054,0.3,5,26,0,383,4,187,94,22,76,0.5,15.3
pypi/warehouse,2026-07,sq-a,ba_pypi_warehouse__2026-07,41121,291,2197,18910,496,4798,3931,354,3094,0.3,5,26,0,385,4,188,97,22,74,0.5,15.5
pythonitalia/pycon,2024-07,sq-b,ba_pythonitalia_pycon__2024-07,19354,468,965,9838,665,2089,1511,141,723,0.1,4,14,0,159,5,28,59,41,26,0.4,3.0
pythonitalia/pycon,2024-08,sq-b,ba_pythonitalia_pycon__2024-08,20136,481,1029,10284,690,2194,1562,147,760,0.1,4,14,0,165,5,29,62,43,26,0.3,2.8
pythonitalia/pycon,2024-09,sq-c,ba_pythonitalia_pycon__2024-09,20160,481,1019,10233,699,2170,1549,140,730,0.1,4,14,0,158,5,27,59,42,25,0.3,2.7
pythonitalia/pycon,2024-10,sq-b,ba_pythonitalia_pycon__2024-10,20554,487,1021,10293,706,2180,1560,156,825,0.1,4,13,0,173,5,42,60,41,25,0.3,2.7
pythonitalia/pycon,2024-11,sq-b,ba_pythonitalia_pycon__2024-11,20429,481,1013,10214,695,2168,1553,155,830,0.1,4,13,0,172,5,42,61,41,23,0.3,2.7
pythonitalia/pycon,2024-12,sq-b,ba_pythonitalia_pycon__2024-12,21409,500,1065,10634,729,2259,1575,152,797,0.1,4,15,0,171,5,43,60,42,21,0.3,2.5
pythonitalia/pycon,2025-01,sq-c,ba_pythonitalia_pycon__2025-01,21821,500,1092,10831,740,2304,1598,152,797,0.1,4,15,0,171,5,43,60,42,21,0.3,2.5
pythonitalia/pycon,2025-02,sq-c,ba_pythonitalia_pycon__2025-02,22077,504,1105,10958,743,2335,1620,156,818,0.1,4,15,0,175,5,44,63,42,21,0.3,2.4
pythonitalia/pycon,2025-03,sq-c,ba_pythonitalia_pycon__2025-03,22088,504,1105,10960,743,2335,1620,157,818,0.1,4,15,0,176,5,44,63,42,22,0.3,2.4
pythonitalia/pycon,2025-04,sq-a,ba_pythonitalia_pycon__2025-04,22129,504,1108,10970,743,2340,1622,157,818,0.1,4,15,0,176,5,44,63,42,22,0.3,2.4
pythonitalia/pycon,2025-05,sq-c,ba_pythonitalia_pycon__2025-05,22181,504,1111,10995,744,2348,1627,159,831,0.1,4,15,0,178,5,46,63,42,22,0.3,2.4
pythonitalia/pycon,2025-06,sq-c,ba_pythonitalia_pycon__2025-06,22316,505,1116,11072,746,2373,1660,161,851,0.1,4,15,0,180,5,47,64,42,22,0.3,2.4
pythonitalia/pycon,2025-07,sq-a,ba_pythonitalia_pycon__2025-07,22317,505,1116,11072,746,2373,1660,161,851,0.1,4,15,0,180,5,47,64,42,22,0.3,2.4
pythonitalia/pycon,2025-08,sq-c,ba_pythonitalia_pycon__2025-08,22335,505,1118,11080,746,2377,1665,164,868,0.1,4,15,0,183,5,48,66,42,22,0.3,2.4
pythonitalia/pycon,2025-09,sq-a,ba_pythonitalia_pycon__2025-09,22335,505,1118,11080,746,2377,1665,164,868,0.1,4,15,0,183,5,48,66,42,22,0.3,2.4
pythonitalia/pycon,2025-10,sq-b,ba_pythonitalia_pycon__2025-10,22335,505,1118,11080,746,2377,1665,164,868,0.1,4,15,0,183,5,48,66,42,22,0.3,2.4
pythonitalia/pycon,2025-11,sq-a,ba_pythonitalia_pycon__2025-11,22339,505,1118,11081,746,2379,1666,164,868,0.1,4,15,0,183,5,48,66,42,22,0.3,2.4
pythonitalia/pycon,2025-12,sq-c,ba_pythonitalia_pycon__2025-12,22360,505,1124,11112,753,2378,1665,164,880,0.1,4,15,0,183,5,48,67,41,22,0.3,2.5
pythonitalia/pycon,2026-01,sq-a,ba_pythonitalia_pycon__2026-01,22620,505,1152,11251,756,2427,1679,163,878,0.1,4,15,0,182,5,47,68,41,21,0.3,2.6
pythonitalia/pycon,2026-02,sq-b,ba_pythonitalia_pycon__2026-02,23667,513,1183,11725,762,2542,1813,164,925,0.1,4,47,0,215,5,49,99,41,21,0.4,2.9
pythonitalia/pycon,2026-03,sq-b,ba_pythonitalia_pycon__2026-03,23696,513,1185,11735,762,2546,1815,164,925,0.1,4,47,0,215,5,49,99,41,21,0.4,2.9
pythonitalia/pycon,2026-04,sq-b,ba_pythonitalia_pycon__2026-04,23791,513,1186,11759,761,2562,1834,165,931,0.1,4,47,0,216,5,50,99,41,21,0.4,2.9
pythonitalia/pycon,2026-05,sq-b,ba_pythonitalia_pycon__2026-05,23827,513,1189,11772,761,2567,1835,165,931,0.1,4,47,0,216,5,50,99,41,21,0.4,2.9
pythonitalia/pycon,2026-06,sq-a,ba_pythonitalia_pycon__2026-06,23674,506,1181,11692,751,2554,1830,165,931,0.1,4,47,0,216,5,50,99,41,21,0.4,2.9
pythonitalia/pycon,2026-07,sq-a,ba_pythonitalia_pycon__2026-07,23674,506,1181,11692,751,2554,1830,165,931,0.1,4,47,0,216,5,50,99,41,21,0.4,2.9
pyvista/pyvista,2024-04,sq-c,ba_pyvista_pyvista__2024-04,35886,150,3227,26804,298,7326,6900,369,4070,0.4,2,7,0,378,6,124,151,81,16,0.7,59.5
pyvista/pyvista,2024-05,sq-b,ba_pyvista_pyvista__2024-05,36852,150,3284,28492,308,7489,7105,364,4156,0.4,1,7,0,372,6,125,149,76,16,0.7,59.4
pyvista/pyvista,2024-06,sq-c,ba_pyvista_pyvista__2024-06,37428,151,3351,28850,315,7615,7203,367,4172,0.4,2,7,0,376,6,127,148,79,16,0.7,59.4
pyvista/pyvista,2024-07,sq-a,ba_pyvista_pyvista__2024-07,38523,151,3492,29556,325,7806,7292,374,4214,0.4,2,7,0,383,6,128,149,82,18,0.7,59.3
pyvista/pyvista,2024-08,sq-b,ba_pyvista_pyvista__2024-08,40281,152,3584,30200,332,8001,7423,365,4194,0.3,2,7,0,374,8,131,134,83,18,0.7,59.4
pyvista/pyvista,2024-09,sq-b,ba_pyvista_pyvista__2024-09,40944,152,3609,30631,333,8133,7648,368,4347,0.4,2,7,0,377,8,134,134,83,18,0.7,59.5
pyvista/pyvista,2024-10,sq-a,ba_pyvista_pyvista__2024-10,41187,152,3616,30733,333,8160,7687,368,4369,0.4,3,7,0,378,8,135,135,83,17,0.7,59.6
pyvista/pyvista,2024-11,sq-a,ba_pyvista_pyvista__2024-11,41838,153,3654,30977,333,8218,7735,368,4382,0.3,3,7,0,378,8,138,133,82,17,0.7,59.6
pyvista/pyvista,2024-12,sq-c,ba_pyvista_pyvista__2024-12,42946,153,3724,31495,349,8345,7853,378,4595,0.4,3,7,0,388,8,143,135,85,17,0.6,59.2
pyvista/pyvista,2025-01,sq-a,ba_pyvista_pyvista__2025-01,43536,154,3766,31957,350,8466,8038,382,4756,0.4,3,7,0,392,8,147,133,87,17,0.6,59.3
pyvista/pyvista,2025-02,sq-b,ba_pyvista_pyvista__2025-02,43949,155,3797,32227,353,8553,8094,382,4720,0.4,3,7,0,392,7,149,133,87,16,0.6,59.3
pyvista/pyvista,2025-03,sq-a,ba_pyvista_pyvista__2025-03,45746,157,3891,33635,357,8751,8351,401,4976,0.4,3,7,0,411,7,155,151,81,17,0.6,58.8
pyvista/pyvista,2025-04,sq-a,ba_pyvista_pyvista__2025-04,46391,159,3946,34047,371,8876,8478,409,5024,0.4,2,7,0,418,7,161,151,81,18,0.6,58.8
pyvista/pyvista,2025-05,sq-a,ba_pyvista_pyvista__2025-05,47885,159,3969,34387,396,8923,8510,413,5029,0.4,2,7,0,422,7,162,151,84,18,0.6,58.2
pyvista/pyvista,2025-06,sq-c,ba_pyvista_pyvista__2025-06,49849,160,3980,34727,399,8998,8653,412,5162,0.3,3,7,0,422,7,164,151,83,17,0.5,57.8
pyvista/pyvista,2025-07,sq-b,ba_pyvista_pyvista__2025-07,49862,160,3967,34850,404,8972,8479,391,4885,0.3,4,7,0,402,7,145,151,82,17,0.5,58.1
pyvista/pyvista,2025-08,sq-b,ba_pyvista_pyvista__2025-08,49765,159,3983,34792,407,8963,8385,388,4800,0.3,7,7,0,402,7,141,152,81,21,0.5,58.1
pyvista/pyvista,2025-09,sq-c,ba_pyvista_pyvista__2025-09,50031,161,3991,34922,407,8993,8427,389,4822,0.3,7,7,0,403,7,142,152,81,21,0.5,58.1
pyvista/pyvista,2025-10,sq-b,ba_pyvista_pyvista__2025-10,50813,167,4016,35328,410,9094,8605,396,4998,0.3,7,7,0,410,7,146,156,80,21,0.5,58.0
pyvista/pyvista,2025-11,sq-b,ba_pyvista_pyvista__2025-11,51358,170,4070,35825,451,9184,8646,404,5008,0.3,7,7,0,418,7,146,158,86,21,0.4,58.0
pyvista/pyvista,2025-12,sq-a,ba_pyvista_pyvista__2025-12,52197,170,4152,36579,461,9399,8901,426,5134,0.3,7,7,0,440,7,159,157,97,20,0.4,58.0
pyvista/pyvista,2026-01,sq-c,ba_pyvista_pyvista__2026-01,52533,170,4179,36793,462,9466,8951,413,5122,0.3,7,7,0,427,7,158,156,90,16,0.4,58.0
pyvista/pyvista,2026-02,sq-a,ba_pyvista_pyvista__2026-02,53523,172,4197,37232,465,9570,9135,415,5203,0.3,9,7,0,431,7,161,158,89,16,0.4,57.7
pyvista/pyvista,2026-03,sq-b,ba_pyvista_pyvista__2026-03,54141,173,4240,37702,474,9690,9290,416,5260,0.3,9,7,0,432,7,163,158,88,16,0.4,57.6
pyvista/pyvista,2026-04,sq-b,ba_pyvista_pyvista__2026-04,58439,185,4550,40516,501,10569,10067,435,5466,0.3,10,8,0,453,7,173,158,101,14,0.4,57.1
pyvista/pyvistaqt,2024-05,sq-b,ba_pyvista_pyvistaqt__2024-05,1530,9,110,1209,17,250,272,24,73,0.2,0,0,0,24,0,2,4,17,1,0.0,31.5
pyvista/pyvistaqt,2024-06,sq-b,ba_pyvista_pyvistaqt__2024-06,1525,9,110,1205,17,249,270,24,73,0.2,0,0,0,24,0,2,4,17,1,0.0,31.5
pyvista/pyvistaqt,2024-07,sq-c,ba_pyvista_pyvistaqt__2024-07,1525,9,110,1205,17,249,270,24,73,0.2,0,0,0,24,0,2,4,17,1,0.0,31.5
pyvista/pyvistaqt,2024-08,sq-b,ba_pyvista_pyvistaqt__2024-08,1525,9,110,1205,17,249,270,24,73,0.2,0,0,0,24,0,2,4,17,1,0.0,31.5
pyvista/pyvistaqt,2024-09,sq-b,ba_pyvista_pyvistaqt__2024-09,1525,9,110,1205,17,249,270,24,73,0.2,0,0,0,24,0,2,4,17,1,0.0,31.5
pyvista/pyvistaqt,2024-10,sq-c,ba_pyvista_pyvistaqt__2024-10,1525,9,110,1205,17,249,270,24,73,0.2,0,0,0,24,0,2,4,17,1,0.0,31.5
pyvista/pyvistaqt,2024-11,sq-b,ba_pyvista_pyvistaqt__2024-11,1525,9,110,1205,17,249,270,24,73,0.2,0,0,0,24,0,2,4,17,1,0.0,31.5
pyvista/pyvistaqt,2024-12,sq-c,ba_pyvista_pyvistaqt__2024-12,1525,9,110,1205,17,249,270,24,73,0.2,0,0,0,24,0,2,4,17,1,0.0,31.5
pyvista/pyvistaqt,2025-01,sq-b,ba_pyvista_pyvistaqt__2025-01,1525,9,110,1205,17,249,270,24,73,0.2,0,0,0,24,0,2,4,17,1,0.0,31.5
pyvista/pyvistaqt,2025-02,sq-b,ba_pyvista_pyvistaqt__2025-02,1525,9,110,1205,17,249,270,24,73,0.2,0,0,0,24,0,2,4,17,1,0.0,31.4
pyvista/pyvistaqt,2025-03,sq-c,ba_pyvista_pyvistaqt__2025-03,1525,9,110,1205,17,249,270,24,73,0.2,0,0,0,24,0,2,4,17,1,0.0,31.4
pyvista/pyvistaqt,2025-04,sq-a,ba_pyvista_pyvistaqt__2025-04,1525,9,110,1205,17,249,270,24,73,0.2,0,0,0,24,0,2,4,17,1,0.0,31.4
pyvista/pyvistaqt,2025-05,sq-b,ba_pyvista_pyvistaqt__2025-05,1495,9,110,1265,17,252,269,23,66,0.1,0,0,0,23,0,2,3,17,1,0.0,34.2
pyvista/pyvistaqt,2025-06,sq-c,ba_pyvista_pyvistaqt__2025-06,1495,9,110,1265,17,252,269,23,66,0.1,0,0,0,23,0,2,3,17,1,0.0,34.2
pyvista/pyvistaqt,2025-07,sq-b,ba_pyvista_pyvistaqt__2025-07,1495,9,110,1265,17,252,269,23,66,0.1,0,0,0,23,0,2,3,17,1,0.0,34.2
pyvista/pyvistaqt,2025-08,sq-c,ba_pyvista_pyvistaqt__2025-08,1453,9,110,1261,17,252,269,23,66,0.2,0,0,0,23,0,2,3,17,1,0.0,35.2
pyvista/pyvistaqt,2025-09,sq-c,ba_pyvista_pyvistaqt__2025-09,1453,9,110,1261,17,252,269,23,66,0.2,0,0,0,23,0,2,3,17,1,0.0,35.2
pyvista/pyvistaqt,2025-10,sq-a,ba_pyvista_pyvistaqt__2025-10,1448,9,110,1256,17,252,270,23,66,0.2,0,0,0,23,0,2,3,17,1,0.0,35.4
pyvista/pyvistaqt,2025-11,sq-b,ba_pyvista_pyvistaqt__2025-11,1448,9,110,1256,17,252,270,23,66,0.2,0,0,0,23,0,2,3,17,1,0.0,35.4
pyvista/pyvistaqt,2025-12,sq-b,ba_pyvista_pyvistaqt__2025-12,1448,9,110,1256,17,252,270,23,66,0.2,0,0,0,23,0,2,3,17,1,0.0,35.4
pyvista/pyvistaqt,2026-01,sq-a,ba_pyvista_pyvistaqt__2026-01,1448,9,110,1256,17,252,270,23,66,0.2,0,0,0,23,0,2,3,17,1,0.0,35.4
pyvista/pyvistaqt,2026-02,sq-b,ba_pyvista_pyvistaqt__2026-02,1458,9,110,1265,17,252,268,23,66,0.2,0,0,0,23,0,2,3,17,1,0.0,35.1
pyvista/pyvistaqt,2026-03,sq-b,ba_pyvista_pyvistaqt__2026-03,1458,9,110,1265,17,252,268,23,66,0.2,0,0,0,23,0,2,3,17,1,0.0,35.1
pyvista/pyvistaqt,2026-04,sq-a,ba_pyvista_pyvistaqt__2026-04,1471,8,110,1279,17,254,271,24,71,0.2,0,0,0,24,0,3,3,17,1,0.0,33.9
pyvista/pyvistaqt,2026-05,sq-c,ba_pyvista_pyvistaqt__2026-05,1478,8,110,1284,17,256,274,24,71,0.2,0,0,0,24,0,3,3,17,1,0.0,34.1
redis/redis-vl-python,2024-04,sq-c,ba_redis_redis-vl-python__2024-04,2741,38,261,1848,58,513,363,11,83,0.1,3,0,0,14,1,7,6,0,0,4.2,47.2
redis/redis-vl-python,2024-05,sq-c,ba_redis_redis-vl-python__2024-05,3004,42,287,2009,61,566,395,11,83,0.1,3,0,0,14,1,7,6,0,0,4.6,46.7
redis/redis-vl-python,2024-06,sq-b,ba_redis_redis-vl-python__2024-06,3341,44,304,2223,63,631,457,27,123,0.1,3,0,0,30,1,9,10,10,0,3.8,46.4
redis/redis-vl-python,2024-07,sq-a,ba_redis_redis-vl-python__2024-07,4443,53,400,2898,78,836,624,41,167,0.1,5,0,0,46,1,12,14,14,5,5.7,43.6
redis/redis-vl-python,2024-08,sq-b,ba_redis_redis-vl-python__2024-08,4577,54,407,2982,81,864,654,41,167,0.1,5,0,0,46,1,12,14,14,5,5.6,43.2
redis/redis-vl-python,2024-09,sq-b,ba_redis_redis-vl-python__2024-09,4750,56,416,3135,82,902,699,41,167,0.1,5,0,0,46,1,12,14,14,5,4.0,43.1
redis/redis-vl-python,2024-10,sq-c,ba_redis_redis-vl-python__2024-10,4880,57,413,3225,85,909,723,42,171,0.1,5,0,0,47,1,12,14,14,6,4.0,42.9
redis/redis-vl-python,2024-11,sq-a,ba_redis_redis-vl-python__2024-11,4895,57,413,3225,85,909,723,42,171,0.1,5,0,0,47,1,12,14,14,6,4.0,42.8
redis/redis-vl-python,2024-12,sq-a,ba_redis_redis-vl-python__2024-12,5009,58,418,3287,86,924,736,42,171,0.1,4,0,0,46,0,12,14,14,6,3.9,42.7
redis/redis-vl-python,2025-01,sq-c,ba_redis_redis-vl-python__2025-01,5335,60,435,3459,88,990,816,53,243,0.2,4,0,0,57,0,18,19,14,6,4.6,43.1
redis/redis-vl-python,2025-02,sq-c,ba_redis_redis-vl-python__2025-02,5548,60,447,3612,87,1025,866,41,230,0.1,0,0,0,41,0,15,12,8,6,4.9,42.4
redis/redis-vl-python,2025-03,sq-c,ba_redis_redis-vl-python__2025-03,5745,60,452,3718,87,1049,900,43,234,0.1,0,0,0,43,0,17,12,8,6,4.8,42.4
redis/redis-vl-python,2025-04,sq-b,ba_redis_redis-vl-python__2025-04,6772,69,526,4465,101,1253,1148,49,343,0.2,0,1,0,50,1,19,16,8,6,5.4,42.4
redis/redis-vl-python,2025-05,sq-a,ba_redis_redis-vl-python__2025-05,8082,84,614,5596,110,1558,1507,56,374,0.2,0,1,0,57,1,21,18,9,8,3.3,44.5
redis/redis-vl-python,2025-06,sq-b,ba_redis_redis-vl-python__2025-06,7915,77,588,5450,105,1526,1509,54,355,0.1,0,0,0,54,1,19,17,9,8,2.7,44.5
redis/redis-vl-python,2025-07,sq-a,ba_redis_redis-vl-python__2025-07,7915,77,588,5450,105,1526,1509,54,355,0.1,0,0,0,54,1,19,17,9,8,2.7,44.5
redis/redis-vl-python,2025-08,sq-b,ba_redis_redis-vl-python__2025-08,7917,77,588,5453,105,1528,1510,54,355,0.1,0,0,0,54,1,19,17,9,8,2.7,44.5
redis/redis-vl-python,2025-09,sq-c,ba_redis_redis-vl-python__2025-09,8317,78,604,5777,104,1649,1731,57,433,0.2,2,0,0,59,1,22,19,9,8,3.1,44.5
redis/redis-vl-python,2025-10,sq-a,ba_redis_redis-vl-python__2025-10,9038,80,646,6219,113,1797,1882,58,465,0.2,2,0,0,60,1,22,19,10,8,3.0,44.4
redis/redis-vl-python,2025-11,sq-b,ba_redis_redis-vl-python__2025-11,9365,80,666,6447,114,1885,1972,66,527,0.2,2,0,0,68,4,23,19,14,8,2.9,44.4
redis/redis-vl-python,2025-12,sq-c,ba_redis_redis-vl-python__2025-12,10053,86,704,6831,119,1999,2108,71,553,0.2,2,0,0,73,4,25,20,16,8,2.6,44.0
redis/redis-vl-python,2026-01,sq-a,ba_redis_redis-vl-python__2026-01,10088,86,706,6863,119,2005,2104,68,536,0.2,2,0,0,70,4,23,19,16,8,2.6,44.0
redis/redis-vl-python,2026-02,sq-b,ba_redis_redis-vl-python__2026-02,10205,87,715,6956,120,2033,2143,69,540,0.2,2,0,0,71,4,23,19,17,8,2.8,44.1
redis/redis-vl-python,2026-03,sq-b,ba_redis_redis-vl-python__2026-03,10263,87,722,6998,121,2040,2147,67,536,0.2,2,0,0,69,4,24,18,16,7,2.8,44.2
redis/redis-vl-python,2026-04,sq-a,ba_redis_redis-vl-python__2026-04,12526,97,851,8317,137,2483,2560,78,635,0.2,2,0,0,80,4,33,17,18,8,2.9,39.9
rommapp/romm,2024-06,sq-b,ba_rommapp_romm__2024-06,7323,110,359,3466,103,889,756,79,624,0.3,3,2,0,84,1,54,14,14,1,0.9,11.8
rommapp/romm,2024-07,sq-a,ba_rommapp_romm__2024-07,8410,122,413,3959,119,1002,858,51,433,0.2,7,0,0,58,1,30,13,13,1,1.1,11.9
rommapp/romm,2024-08,sq-b,ba_rommapp_romm__2024-08,8562,125,424,4071,121,1029,855,51,393,0.2,0,0,0,51,1,29,9,11,1,1.0,11.8
rommapp/romm,2024-09,sq-c,ba_rommapp_romm__2024-09,9004,128,436,4281,131,1091,938,55,427,0.2,0,0,0,55,1,31,9,12,2,1.0,11.8
rommapp/romm,2024-10,sq-c,ba_rommapp_romm__2024-10,9004,128,436,4281,131,1091,938,55,427,0.2,0,0,0,55,1,31,9,12,2,1.0,11.8
rommapp/romm,2024-11,sq-a,ba_rommapp_romm__2024-11,10168,134,460,4762,171,1157,997,50,400,0.1,0,0,0,50,1,28,5,12,4,0.9,12.0
rommapp/romm,2024-12,sq-b,ba_rommapp_romm__2024-12,10168,134,460,4762,171,1157,997,50,400,0.1,0,0,0,50,1,28,5,12,4,0.9,12.0
rommapp/romm,2025-01,sq-b,ba_rommapp_romm__2025-01,11839,145,501,5375,181,1325,1155,59,550,0.2,1,0,0,60,1,34,7,15,3,1.3,11.5
rommapp/romm,2025-02,sq-c,ba_rommapp_romm__2025-02,13595,149,558,5879,193,1514,1342,74,693,0.2,1,0,0,75,1,43,11,17,3,1.7,11.0
rommapp/romm,2025-03,sq-a,ba_rommapp_romm__2025-03,13787,149,585,5972,190,1555,1346,83,706,0.2,1,0,0,84,1,43,13,24,3,2.3,11.0
rommapp/romm,2025-04,sq-b,ba_rommapp_romm__2025-04,14479,152,604,6159,197,1600,1390,87,771,0.2,0,0,0,87,1,45,14,24,3,2.2,10.8
rommapp/romm,2025-05,sq-c,ba_rommapp_romm__2025-05,15697,156,640,6655,210,1725,1545,97,846,0.2,0,1,0,98,1,47,17,29,4,2.3,10.8
rommapp/romm,2025-06,sq-a,ba_rommapp_romm__2025-06,21261,174,693,7559,274,2019,1915,115,1099,0.2,0,1,0,116,1,66,17,26,6,1.3,8.5
rommapp/romm,2025-07,sq-c,ba_rommapp_romm__2025-07,26762,177,718,8035,277,2226,2157,119,1265,0.2,0,1,0,120,1,71,16,26,6,1.2,7.3
rommapp/romm,2025-08,sq-c,ba_rommapp_romm__2025-08,29044,186,759,9038,290,2361,2176,121,1255,0.1,1,1,0,123,1,69,20,28,5,1.0,7.2
rommapp/romm,2025-09,sq-a,ba_rommapp_romm__2025-09,31283,192,837,9908,307,2626,2441,130,1381,0.1,1,1,0,132,1,72,20,32,7,1.0,7.3
rommapp/romm,2025-10,sq-b,ba_rommapp_romm__2025-10,33498,198,897,10978,340,3049,2998,137,1710,0.2,1,1,0,139,1,79,20,32,7,1.1,7.7
rommapp/romm,2025-11,sq-c,ba_rommapp_romm__2025-11,34455,202,946,11502,345,3213,3166,142,1790,0.2,2,1,0,145,1,80,23,34,7,0.9,8.0
rommapp/romm,2025-12,sq-a,ba_rommapp_romm__2025-12,35707,209,980,11779,356,3298,3228,141,1777,0.2,2,1,0,144,1,80,23,35,5,0.9,8.3
rommapp/romm,2026-01,sq-c,ba_rommapp_romm__2026-01,37335,217,1016,12173,359,3409,3328,145,1802,0.2,2,1,0,148,1,84,23,35,5,0.8,8.3
rommapp/romm,2026-02,sq-a,ba_rommapp_romm__2026-02,38722,226,1059,12752,379,3569,3510,150,1881,0.2,2,1,0,153,1,88,23,36,5,0.8,8.2
rommapp/romm,2026-03,sq-a,ba_rommapp_romm__2026-03,41424,246,1142,13922,402,3971,4040,162,2174,0.2,5,1,0,168,4,98,22,40,4,0.8,7.9
rommapp/romm,2026-04,sq-b,ba_rommapp_romm__2026-04,46009,277,1278,15749,426,4512,4639,182,2441,0.2,4,1,0,187,5,116,22,39,5,0.7,7.9
rommapp/romm,2026-05,sq-a,ba_rommapp_romm__2026-05,47597,282,1343,16527,431,4765,4957,187,2571,0.2,4,1,0,192,5,120,23,39,5,0.7,8.2
rommapp/romm,2026-06,sq-c,ba_rommapp_romm__2026-06,54867,321,1626,19990,491,5793,6010,211,3001,0.2,4,97,0,312,5,133,126,43,5,0.7,9.4
sartography/spiff-arena,2023-01,sq-c,ba_sartography_spiff-arena__2023-01,10950,109,515,6696,158,1423,1605,148,1104,0.3,2,12,0,162,2,32,112,7,9,0.0,13.6
sartography/spiff-arena,2023-02,sq-a,ba_sartography_spiff-arena__2023-02,11471,112,566,6985,168,1543,1658,160,1141,0.3,2,12,0,174,2,40,110,11,11,0.0,13.8
sartography/spiff-arena,2023-03,sq-a,ba_sartography_spiff-arena__2023-03,12664,121,618,7627,190,1689,1814,169,1193,0.3,2,12,0,183,2,47,111,11,12,0.4,13.3
sartography/spiff-arena,2023-04,sq-a,ba_sartography_spiff-arena__2023-04,12749,128,691,8400,203,1884,2008,194,1386,0.4,1,12,0,207,2,46,123,12,24,0.4,14.1
sartography/spiff-arena,2023-05,sq-c,ba_sartography_spiff-arena__2023-05,13016,133,742,8214,225,1996,2108,192,1296,0.3,1,15,0,208,2,41,125,16,24,0.0,11.0
sartography/spiff-arena,2023-06,sq-a,ba_sartography_spiff-arena__2023-06,13321,137,761,8381,231,2052,2165,190,1309,0.3,1,15,0,206,2,43,122,13,26,0.0,10.7
sartography/spiff-arena,2023-07,sq-b,ba_sartography_spiff-arena__2023-07,13738,142,780,8638,234,2114,2277,196,1389,0.3,1,15,0,212,2,46,124,13,27,0.0,10.8
sartography/spiff-arena,2023-08,sq-b,ba_sartography_spiff-arena__2023-08,14308,147,808,8994,240,2196,2387,204,1489,0.3,1,16,0,221,2,52,126,13,28,0.0,10.5
sartography/spiff-arena,2023-09,sq-a,ba_sartography_spiff-arena__2023-09,15366,158,890,9643,260,2390,2535,220,1682,0.4,2,16,0,238,3,56,136,14,29,0.1,10.5
sartography/spiff-arena,2023-10,sq-b,ba_sartography_spiff-arena__2023-10,16020,166,922,10061,269,2503,2652,227,1757,0.4,2,16,0,245,3,59,141,14,28,0.1,10.5
sartography/spiff-arena,2023-11,sq-c,ba_sartography_spiff-arena__2023-11,16378,172,962,10275,276,2571,2699,239,1958,0.4,3,16,0,258,4,63,149,14,28,0.1,10.5
sartography/spiff-arena,2023-12,sq-b,ba_sartography_spiff-arena__2023-12,16659,184,1003,10690,284,2675,2791,252,2015,0.4,3,16,0,271,4,65,155,16,31,0.1,10.7
sartography/spiff-arena,2024-01,sq-c,ba_sartography_spiff-arena__2024-01,16870,186,1021,10811,284,2711,2801,251,1962,0.4,3,15,0,269,5,60,158,15,31,0.1,10.6
sartography/spiff-arena,2024-02,sq-a,ba_sartography_spiff-arena__2024-02,17418,188,1047,11113,286,2797,2900,259,1999,0.4,3,15,0,277,5,64,162,15,31,0.1,10.6
sartography/spiff-arena,2024-03,sq-b,ba_sartography_spiff-arena__2024-03,18255,195,1086,11629,293,2908,3020,268,2059,0.4,3,19,0,290,5,67,170,14,34,0.1,10.4
sartography/spiff-arena,2024-04,sq-a,ba_sartography_spiff-arena__2024-04,18564,199,1107,11813,294,2971,3082,271,2158,0.4,3,21,0,295,5,67,174,17,32,0.1,10.3
sartography/spiff-arena,2024-05,sq-c,ba_sartography_spiff-arena__2024-05,18769,200,1110,11935,297,2991,3121,277,2221,0.4,3,21,0,301,5,69,175,18,34,0.1,10.4
sartography/spiff-arena,2024-06,sq-c,ba_sartography_spiff-arena__2024-06,19134,203,1134,12167,308,3061,3171,280,2238,0.4,3,19,0,302,5,70,175,18,34,0.1,10.4
sartography/spiff-arena,2024-07,sq-c,ba_sartography_spiff-arena__2024-07,20045,206,1169,12687,319,3197,3355,294,2349,0.4,4,20,0,318,5,74,184,19,36,0.1,10.2
sartography/spiff-arena,2024-08,sq-a,ba_sartography_spiff-arena__2024-08,20161,206,1176,12751,319,3220,3380,295,2349,0.4,4,20,0,319,5,74,185,19,36,0.1,10.2
sartography/spiff-arena,2024-09,sq-c,ba_sartography_spiff-arena__2024-09,20162,206,1176,12752,319,3220,3380,295,2349,0.4,4,20,0,319,5,74,185,19,36,0.1,10.2
sartography/spiff-arena,2024-10,sq-c,ba_sartography_spiff-arena__2024-10,20201,209,1178,12773,320,3224,3382,295,2349,0.4,4,20,0,319,5,74,185,19,36,0.1,10.2
sartography/spiff-arena,2024-11,sq-a,ba_sartography_spiff-arena__2024-11,20227,209,1180,12792,320,3232,3389,295,2349,0.4,4,20,0,319,5,74,185,19,36,0.1,10.2
sartography/spiff-arena,2024-12,sq-a,ba_sartography_spiff-arena__2024-12,20344,210,1184,12880,320,3262,3436,298,2390,0.4,4,22,0,324,5,75,189,19,36,0.1,10.3
sartography/spiff-arena,2025-01,sq-a,ba_sartography_spiff-arena__2025-01,20383,210,1186,12899,320,3262,3442,299,2403,0.4,4,22,0,325,5,76,189,19,36,0.1,10.3
skypilot-org/skypilot,2024-06,sq-c,ba_skypilot-org_skypilot__2024-06,55513,246,2920,33344,260,8863,11088,910,6690,0.4,3,52,0,965,5,280,248,112,320,1.8,23.4
skypilot-org/skypilot,2024-07,sq-c,ba_skypilot-org_skypilot__2024-07,57058,246,2966,34085,265,9042,11423,936,6873,0.4,3,52,0,991,5,280,255,113,338,1.8,23.6
skypilot-org/skypilot,2024-08,sq-a,ba_skypilot-org_skypilot__2024-08,57660,247,2981,34307,269,9104,11545,946,7003,0.4,3,57,0,1006,5,285,258,117,341,1.7,23.5
skypilot-org/skypilot,2024-09,sq-b,ba_skypilot-org_skypilot__2024-09,58597,249,3013,34838,276,9270,11769,967,7084,0.4,3,57,0,1027,6,290,259,117,355,1.6,23.6
skypilot-org/skypilot,2024-10,sq-a,ba_skypilot-org_skypilot__2024-10,60165,253,3075,35673,278,9454,12075,962,7234,0.4,3,57,0,1022,6,296,257,119,344,1.6,23.4
skypilot-org/skypilot,2024-11,sq-c,ba_skypilot-org_skypilot__2024-11,61362,254,3118,36316,277,9630,12406,974,7405,0.4,3,58,0,1035,5,299,252,121,358,1.6,23.6
skypilot-org/skypilot,2024-12,sq-a,ba_skypilot-org_skypilot__2024-12,62776,258,3188,37128,281,9871,12725,1027,7793,0.4,4,57,0,1088,5,307,293,121,362,1.6,23.7
skypilot-org/skypilot,2025-01,sq-a,ba_skypilot-org_skypilot__2025-01,64705,267,3315,38320,287,10196,13092,1056,8003,0.4,3,55,0,1114,5,316,303,121,369,1.8,23.9
skypilot-org/skypilot,2025-02,sq-b,ba_skypilot-org_skypilot__2025-02,73294,321,3811,43616,368,11500,14622,1229,9018,0.4,8,66,0,1303,7,369,362,139,426,2.0,24.3
skypilot-org/skypilot,2025-03,sq-b,ba_skypilot-org_skypilot__2025-03,77533,331,3978,45983,390,12117,15507,1283,9577,0.4,13,66,0,1362,8,380,380,146,448,2.0,24.2
skypilot-org/skypilot,2025-04,sq-c,ba_skypilot-org_skypilot__2025-04,79808,337,4087,47235,403,12489,15970,1320,9914,0.4,14,67,0,1401,8,403,386,144,460,1.9,24.3
skypilot-org/skypilot,2025-05,sq-c,ba_skypilot-org_skypilot__2025-05,86041,350,4337,50822,434,13607,17657,1421,11160,0.4,17,71,0,1509,9,434,410,152,504,1.8,24.0
skypilot-org/skypilot,2025-06,sq-a,ba_skypilot-org_skypilot__2025-06,91684,375,4617,54230,476,14483,18768,1529,11883,0.4,18,83,0,1630,9,467,470,156,528,1.8,23.7
skypilot-org/skypilot,2025-07,sq-c,ba_skypilot-org_skypilot__2025-07,96056,395,4806,56804,505,15296,19878,1592,12488,0.4,18,85,0,1695,10,490,486,160,549,1.8,23.8
skypilot-org/skypilot,2025-08,sq-a,ba_skypilot-org_skypilot__2025-08,101896,419,5073,59944,529,16181,21114,1666,13182,0.4,20,84,0,1770,10,517,500,171,572,1.9,23.6
skypilot-org/skypilot,2025-09,sq-b,ba_skypilot-org_skypilot__2025-09,110339,441,5487,65000,565,17523,23007,1782,14334,0.4,29,92,0,1903,15,552,546,186,604,1.9,23.2
skypilot-org/skypilot,2025-10,sq-a,ba_skypilot-org_skypilot__2025-10,114292,460,5679,67451,585,18170,23832,1833,14915,0.4,30,91,0,1954,15,567,564,192,616,1.9,23.2
skypilot-org/skypilot,2025-11,sq-a,ba_skypilot-org_skypilot__2025-11,116819,474,5786,68862,589,18581,24388,1851,15182,0.4,29,90,0,1970,16,583,572,192,607,1.9,23.2
skypilot-org/skypilot,2025-12,sq-a,ba_skypilot-org_skypilot__2025-12,121638,499,6009,71730,608,19313,25516,1931,15862,0.4,36,95,0,2062,16,605,599,203,639,1.8,23.4
skypilot-org/skypilot,2026-01,sq-a,ba_skypilot-org_skypilot__2026-01,129780,521,6329,76365,640,20658,27426,1999,16989,0.4,42,132,0,2173,16,639,637,237,644,1.7,23.8
skypilot-org/skypilot,2026-02,sq-c,ba_skypilot-org_skypilot__2026-02,132723,531,6461,77884,653,21121,27969,2023,17215,0.4,42,133,0,2198,17,645,641,238,657,1.9,23.8
skypilot-org/skypilot,2026-03,sq-a,ba_skypilot-org_skypilot__2026-03,141147,557,6808,82724,683,22538,29913,2106,18404,0.4,42,132,0,2280,17,688,662,242,671,2.1,23.8
skypilot-org/skypilot,2026-04,sq-c,ba_skypilot-org_skypilot__2026-04,146300,575,7114,86009,717,23556,31260,2138,19184,0.4,42,135,0,2315,18,710,675,243,669,2.1,24.1
skypilot-org/skypilot,2026-05,sq-c,ba_skypilot-org_skypilot__2026-05,152181,587,7401,89592,728,24771,32822,2211,20055,0.4,44,146,0,2401,19,743,695,264,680,2.0,24.9
skypilot-org/skypilot,2026-06,sq-c,ba_skypilot-org_skypilot__2026-06,157339,606,7666,92743,762,25689,33952,2265,20743,0.4,45,155,0,2465,20,746,725,289,685,2.7,25.6
snakemake/snakemake,2023-08,sq-b,ba_snakemake_snakemake__2023-08,30750,95,2203,18314,306,6166,7225,631,5577,0.6,5,21,0,657,0,197,121,306,33,2.8,12.5
snakemake/snakemake,2023-09,sq-c,ba_snakemake_snakemake__2023-09,26840,98,2135,16402,316,5581,6279,529,4499,0.6,2,17,0,548,0,166,105,257,20,3.2,12.8
snakemake/snakemake,2023-10,sq-b,ba_snakemake_snakemake__2023-10,23348,99,1786,14067,291,4842,5603,424,3861,0.6,5,8,0,437,1,130,83,206,17,3.6,11.8
snakemake/snakemake,2023-11,sq-b,ba_snakemake_snakemake__2023-11,23680,99,1795,14189,291,4915,5694,431,3921,0.6,5,8,0,444,1,131,85,210,17,3.6,11.8
snakemake/snakemake,2023-12,sq-c,ba_snakemake_snakemake__2023-12,23824,99,1799,14252,289,4938,5723,443,3994,0.6,5,8,0,456,1,133,94,211,17,3.5,12.2
snakemake/snakemake,2024-01,sq-a,ba_snakemake_snakemake__2024-01,24187,99,1837,14486,293,5053,5886,445,4073,0.6,5,8,0,458,1,135,94,211,17,3.5,12.2
snakemake/snakemake,2024-02,sq-b,ba_snakemake_snakemake__2024-02,24445,103,1846,14611,296,5099,5950,439,4067,0.6,3,9,0,451,1,132,93,208,17,3.5,11.9
snakemake/snakemake,2024-03,sq-c,ba_snakemake_snakemake__2024-03,24655,104,1862,14749,296,5153,6046,445,4137,0.6,3,9,0,457,1,135,93,210,18,3.4,11.9
snakemake/snakemake,2024-04,sq-b,ba_snakemake_snakemake__2024-04,24814,104,1873,14832,296,5202,6096,448,4181,0.6,3,9,0,460,1,135,93,212,19,3.4,11.9
snakemake/snakemake,2024-05,sq-b,ba_snakemake_snakemake__2024-05,24895,104,1878,14867,297,5214,6107,447,4184,0.6,4,9,0,460,2,135,92,213,18,3.4,11.9
snakemake/snakemake,2024-06,sq-b,ba_snakemake_snakemake__2024-06,24977,107,1883,14919,298,5240,6135,436,4138,0.6,4,9,0,449,2,135,83,211,18,3.4,11.9
snakemake/snakemake,2024-07,sq-c,ba_snakemake_snakemake__2024-07,25065,107,1888,14962,299,5265,6166,438,4146,0.6,4,9,0,451,2,135,84,211,19,3.4,11.9
snakemake/snakemake,2024-08,sq-a,ba_snakemake_snakemake__2024-08,25363,108,1905,15113,304,5308,6210,437,4153,0.5,4,9,0,450,2,135,83,211,19,3.3,11.9
snakemake/snakemake,2024-09,sq-a,ba_snakemake_snakemake__2024-09,25454,108,1910,15179,304,5334,6254,439,4175,0.5,4,9,0,452,2,138,84,209,19,3.3,11.9
snakemake/snakemake,2024-10,sq-b,ba_snakemake_snakemake__2024-10,25735,108,1932,15361,307,5404,6352,442,4219,0.5,4,10,0,456,2,139,84,211,20,3.3,11.9
snakemake/snakemake,2024-11,sq-a,ba_snakemake_snakemake__2024-11,25885,108,1937,15461,307,5440,6417,446,4246,0.5,4,11,0,461,2,142,84,212,21,3.3,11.8
snakemake/snakemake,2024-12,sq-a,ba_snakemake_snakemake__2024-12,26097,115,1957,15624,309,5497,6497,454,4302,0.5,4,11,0,469,2,145,87,212,23,3.2,11.9
snakemake/snakemake,2025-01,sq-a,ba_snakemake_snakemake__2025-01,26121,115,1959,15640,310,5500,6505,454,4309,0.5,5,11,0,470,3,145,87,212,23,3.2,11.9
snakemake/snakemake,2025-02,sq-c,ba_snakemake_snakemake__2025-02,26239,115,1968,15703,311,5527,6540,455,4327,0.5,5,11,0,471,3,145,87,213,23,3.2,11.9
snakemake/snakemake,2025-03,sq-a,ba_snakemake_snakemake__2025-03,25441,117,1961,15101,312,5398,6290,447,4224,0.6,6,11,0,464,3,124,88,220,29,0.2,10.9
snakemake/snakemake,2025-04,sq-a,ba_snakemake_snakemake__2025-04,25537,118,1963,15133,312,5432,6352,444,4286,0.6,6,7,0,457,3,122,88,220,24,0.2,10.9
snakemake/snakemake,2025-05,sq-c,ba_snakemake_snakemake__2025-05,25633,118,1967,15186,312,5457,6382,444,4288,0.6,6,9,0,459,3,125,88,219,24,0.2,10.9
snakemake/snakemake,2025-06,sq-b,ba_snakemake_snakemake__2025-06,25663,118,1972,15221,312,5470,6395,444,4298,0.6,6,9,0,459,3,124,90,219,23,0.2,10.9
snakemake/snakemake,2025-07,sq-b,ba_snakemake_snakemake__2025-07,25700,118,1971,15235,311,5472,6402,442,4291,0.6,6,9,0,457,3,124,90,217,23,0.2,10.9
snakemake/snakemake,2025-08,sq-a,ba_snakemake_snakemake__2025-08,25867,121,1973,15303,315,5498,6437,444,4311,0.6,6,9,0,459,3,124,92,217,23,0.2,10.8
spcl/dace,2024-05,sq-a,ba_spcl_dace__2024-05,95850,393,5281,75748,833,24779,40522,4618,40504,1.4,77,6,0,4701,29,891,934,2623,224,4.9,20.3
spcl/dace,2024-06,sq-b,ba_spcl_dace__2024-06,96917,394,5342,76609,841,25054,41033,4643,40841,1.4,78,6,0,4727,30,909,933,2631,224,4.8,20.2
spcl/dace,2024-07,sq-b,ba_spcl_dace__2024-07,97525,394,5360,76867,846,25154,41210,4648,41041,1.4,80,6,0,4734,32,917,936,2623,226,4.8,20.1
spcl/dace,2024-08,sq-b,ba_spcl_dace__2024-08,97619,394,5367,76944,849,25171,41234,4651,41069,1.4,79,6,0,4736,32,919,936,2623,226,4.8,20.1
spcl/dace,2024-09,sq-a,ba_spcl_dace__2024-09,98294,394,5403,77495,850,25333,41511,4672,41274,1.4,72,7,0,4751,33,922,935,2636,225,4.9,20.2
spcl/dace,2024-10,sq-a,ba_spcl_dace__2024-10,99668,405,5463,78653,863,25741,42172,4724,41829,1.4,72,7,0,4803,33,938,952,2652,228,4.8,20.0
spcl/dace,2024-11,sq-b,ba_spcl_dace__2024-11,100368,405,5502,79207,867,25978,42564,4739,42119,1.4,72,7,0,4818,33,944,957,2654,230,4.7,20.0
spcl/dace,2024-12,sq-a,ba_spcl_dace__2024-12,101777,408,5580,80383,876,26529,43648,4796,43035,1.4,73,7,0,4876,35,964,979,2666,232,4.6,20.0
spcl/dace,2025-01,sq-b,ba_spcl_dace__2025-01,102201,409,5594,80717,877,26691,43965,4799,43281,1.4,73,7,0,4879,35,968,978,2666,232,4.6,20.0
spcl/dace,2025-02,sq-a,ba_spcl_dace__2025-02,102856,410,5619,81005,878,26789,44083,4827,43316,1.4,73,7,0,4907,35,969,988,2672,243,4.6,20.3
spcl/dace,2025-03,sq-b,ba_spcl_dace__2025-03,103006,410,5618,81067,878,26827,44150,4805,43361,1.4,73,7,0,4885,35,968,961,2678,243,4.6,20.3
spcl/dace,2025-04,sq-a,ba_spcl_dace__2025-04,102998,410,5618,81072,878,26829,44162,4805,43373,1.4,73,7,0,4885,35,968,961,2678,243,4.6,20.3
spcl/dace,2025-05,sq-c,ba_spcl_dace__2025-05,103524,412,5636,81510,880,27008,44431,4823,43569,1.4,73,7,0,4903,35,974,961,2689,244,4.6,20.3
spcl/dace,2025-06,sq-b,ba_spcl_dace__2025-06,103952,428,5635,81952,866,27134,44650,4823,43627,1.4,73,7,0,4903,35,977,949,2698,244,4.6,20.4
spcl/dace,2025-07,sq-a,ba_spcl_dace__2025-07,104943,433,5659,82657,870,27414,45250,4839,44174,1.4,73,7,0,4919,35,982,953,2698,251,4.5,20.5
spcl/dace,2025-08,sq-c,ba_spcl_dace__2025-08,105579,434,5677,83041,872,27574,45601,4856,44512,1.4,73,7,0,4936,35,993,956,2696,256,4.5,20.5
spcl/dace,2025-09,sq-c,ba_spcl_dace__2025-09,105847,435,5689,83271,874,27650,45784,4862,44674,1.4,73,7,0,4942,35,995,957,2699,256,4.5,20.5
spcl/dace,2025-10,sq-b,ba_spcl_dace__2025-10,106828,439,5748,84096,880,27974,46269,4916,45182,1.4,74,7,0,4997,36,1005,975,2721,260,4.5,20.6
spcl/dace,2025-11,sq-c,ba_spcl_dace__2025-11,107231,439,5769,84467,882,28097,46511,4932,45402,1.4,74,7,0,5013,36,1010,983,2726,258,4.5,20.7
spcl/dace,2025-12,sq-b,ba_spcl_dace__2025-12,116600,504,6199,91835,966,30265,49728,5254,47966,1.4,79,8,0,5341,38,1081,1073,2879,270,4.2,21.4
spcl/dace,2026-01,sq-c,ba_spcl_dace__2026-01,105828,472,5903,85133,959,28405,46283,4790,44174,1.4,72,8,0,4870,36,980,932,2685,237,4.2,22.0
spcl/dace,2026-02,sq-a,ba_spcl_dace__2026-02,106120,473,5933,85443,960,28541,46455,4794,44255,1.4,73,8,0,4875,37,982,935,2685,236,4.1,22.0
spcl/dace,2026-03,sq-b,ba_spcl_dace__2026-03,106150,473,5933,85470,960,28552,46482,4795,44284,1.4,73,8,0,4876,37,982,936,2685,236,4.1,22.0
spcl/dace,2026-04,sq-b,ba_spcl_dace__2026-04,106411,473,5960,85645,960,28701,46677,4806,44332,1.4,72,8,0,4886,36,988,939,2685,238,4.1,22.2
spcl/dace,2026-05,sq-c,ba_spcl_dace__2026-05,109258,476,6215,87980,992,29648,47859,4836,45037,1.4,76,8,0,4920,37,1002,939,2705,237,4.1,22.2
spylang/spy,2024-03,sq-b,ba_spylang_spy__2024-03,4287,54,511,3545,132,850,547,297,1533,1.2,0,0,0,297,0,4,104,189,0,0.0,21.0
spylang/spy,2024-04,sq-c,ba_spylang_spy__2024-04,4724,58,561,3850,139,938,615,329,1692,1.2,0,0,0,329,0,6,110,213,0,0.0,21.6
spylang/spy,2024-05,sq-c,ba_spylang_spy__2024-05,4773,59,567,3903,140,951,620,333,1717,1.2,0,0,0,333,0,5,112,216,0,0.0,22.7
spylang/spy,2024-06,sq-b,ba_spylang_spy__2024-06,4773,59,567,3903,140,951,620,333,1717,1.2,0,0,0,333,0,5,112,216,0,0.0,22.7
spylang/spy,2024-07,sq-c,ba_spylang_spy__2024-07,5265,60,621,4246,147,1047,677,374,1959,1.2,0,0,0,374,2,14,123,235,0,0.0,21.6
spylang/spy,2024-08,sq-a,ba_spylang_spy__2024-08,5589,63,674,4512,152,1124,713,394,2050,1.2,0,0,0,394,2,6,130,256,0,0.0,22.4
spylang/spy,2024-09,sq-b,ba_spylang_spy__2024-09,5809,63,696,4669,154,1159,737,393,2092,1.2,0,0,0,393,2,9,127,255,0,0.0,22.2
spylang/spy,2024-10,sq-b,ba_spylang_spy__2024-10,6343,68,752,5072,165,1254,821,428,2265,1.2,1,0,0,429,2,8,139,280,0,0.0,22.2
spylang/spy,2024-11,sq-a,ba_spylang_spy__2024-11,6706,70,792,5412,161,1340,900,449,2413,1.2,2,0,0,451,2,8,144,297,0,0.0,22.7
spylang/spy,2024-12,sq-b,ba_spylang_spy__2024-12,6808,71,792,5461,166,1369,946,393,2170,1.1,2,0,0,395,2,6,149,238,0,0.0,23.2
spylang/spy,2025-01,sq-c,ba_spylang_spy__2025-01,7151,73,816,5711,171,1419,991,408,2212,1.0,3,0,0,411,3,7,151,250,0,0.0,22.8
spylang/spy,2025-02,sq-b,ba_spylang_spy__2025-02,7307,74,835,5834,171,1458,1019,422,2323,1.1,2,0,0,424,2,8,158,256,0,0.0,22.8
spylang/spy,2025-03,sq-c,ba_spylang_spy__2025-03,8307,81,895,6534,181,1610,1181,456,2458,1.0,3,0,0,459,2,9,162,286,0,0.0,22.2
spylang/spy,2025-04,sq-c,ba_spylang_spy__2025-04,8730,83,961,6777,159,1708,1223,384,2259,0.9,3,0,0,387,2,10,112,263,0,0.0,21.7
spylang/spy,2025-05,sq-b,ba_spylang_spy__2025-05,8871,84,969,6912,152,1744,1242,383,2244,0.8,3,0,0,386,0,13,113,260,0,0.0,22.3
spylang/spy,2025-06,sq-c,ba_spylang_spy__2025-06,8813,85,973,6856,153,1755,1257,386,2269,0.9,3,0,0,389,0,13,115,261,0,0.0,22.5
spylang/spy,2025-07,sq-b,ba_spylang_spy__2025-07,9013,86,982,6999,155,1787,1307,365,2251,0.8,4,0,0,369,0,15,115,239,0,0.0,22.5
spylang/spy,2025-08,sq-b,ba_spylang_spy__2025-08,9385,88,1018,7296,157,1859,1388,437,2449,0.9,3,0,0,440,0,15,134,291,0,0.0,22.8
spylang/spy,2025-09,sq-c,ba_spylang_spy__2025-09,10234,90,1102,7919,174,2007,1516,497,2728,0.9,3,0,0,500,0,18,154,328,0,0.0,23.1
spylang/spy,2025-10,sq-b,ba_spylang_spy__2025-10,11200,96,1178,8558,188,2183,1699,547,2966,0.9,3,0,0,550,0,21,163,365,1,0.0,22.5
spylang/spy,2025-11,sq-c,ba_spylang_spy__2025-11,12160,98,1280,9271,196,2381,1858,568,3089,0.8,3,0,0,571,0,22,155,393,1,0.0,22.2
spylang/spy,2025-12,sq-a,ba_spylang_spy__2025-12,12793,99,1327,9697,202,2492,1969,642,3421,0.9,3,0,0,645,0,22,176,446,1,0.0,21.9
spylang/spy,2026-01,sq-a,ba_spylang_spy__2026-01,13323,114,1383,10175,225,2569,2014,668,3557,0.9,4,0,0,672,0,21,179,471,1,0.0,21.6
spylang/spy,2026-02,sq-c,ba_spylang_spy__2026-02,14103,116,1464,10740,234,2715,2123,732,3718,0.9,4,0,0,736,0,23,165,547,1,0.0,21.4
spylang/spy,2026-03,sq-b,ba_spylang_spy__2026-03,14942,120,1514,11288,251,2863,2285,752,3829,0.9,4,0,0,756,0,28,171,556,1,0.0,20.9
stanfordnlp/dspy,2024-05,sq-c,ba_stanfordnlp_dspy__2024-05,11459,144,813,8082,172,2265,2521,317,2105,0.6,8,34,0,359,3,76,166,61,53,1.7,19.5
stanfordnlp/dspy,2024-06,sq-c,ba_stanfordnlp_dspy__2024-06,13770,159,921,9624,212,2599,2939,395,2779,0.7,9,41,0,445,4,110,200,72,59,1.6,19.2
stanfordnlp/dspy,2024-07,sq-c,ba_stanfordnlp_dspy__2024-07,13848,164,905,9630,217,2627,3005,429,3017,0.7,11,38,0,478,4,109,236,73,56,2.3,19.6
stanfordnlp/dspy,2024-08,sq-b,ba_stanfordnlp_dspy__2024-08,14432,170,939,9994,226,2740,3140,436,3076,0.7,11,40,0,487,4,114,238,74,57,3.3,19.2
stanfordnlp/dspy,2024-09,sq-b,ba_stanfordnlp_dspy__2024-09,15141,170,998,10624,238,2934,3448,441,3175,0.7,9,38,0,488,4,116,235,76,57,3.0,19.4
stanfordnlp/dspy,2024-10,sq-c,ba_stanfordnlp_dspy__2024-10,16755,178,1126,11693,251,3251,3699,469,3265,0.6,10,34,0,513,4,121,236,82,70,3.6,19.6
stanfordnlp/dspy,2024-11,sq-c,ba_stanfordnlp_dspy__2024-11,18045,192,1233,12603,268,3495,3963,495,3371,0.6,11,34,0,540,4,127,245,78,86,2.3,19.6
stanfordnlp/dspy,2024-12,sq-c,ba_stanfordnlp_dspy__2024-12,11173,139,745,7775,168,2149,2298,370,2214,0.7,7,28,0,405,1,74,218,48,64,0.2,20.3
stanfordnlp/dspy,2025-01,sq-b,ba_stanfordnlp_dspy__2025-01,11534,140,759,7997,170,2206,2386,379,2309,0.7,7,29,0,415,1,78,223,50,63,0.2,20.4
stanfordnlp/dspy,2025-02,sq-a,ba_stanfordnlp_dspy__2025-02,12067,143,807,8425,179,2340,2470,356,2170,0.6,6,30,0,392,1,79,193,56,63,0.2,21.3
stanfordnlp/dspy,2025-03,sq-a,ba_stanfordnlp_dspy__2025-03,12507,142,834,8768,178,2437,2624,321,2091,0.6,6,34,0,361,1,79,171,57,53,0.8,21.9
stanfordnlp/dspy,2025-04,sq-a,ba_stanfordnlp_dspy__2025-04,13151,147,887,9287,181,2590,2839,321,2202,0.6,7,34,0,362,1,83,174,54,50,0.6,22.7
stanfordnlp/dspy,2025-05,sq-c,ba_stanfordnlp_dspy__2025-05,14737,153,956,10247,182,2883,3251,326,2355,0.5,9,34,0,369,3,81,183,25,77,0.6,21.9
stanfordnlp/dspy,2025-06,sq-c,ba_stanfordnlp_dspy__2025-06,13006,120,886,9245,146,2681,3040,267,2010,0.5,8,30,0,305,2,75,126,25,77,0.5,20.3
stanfordnlp/dspy,2025-07,sq-b,ba_stanfordnlp_dspy__2025-07,13103,122,896,9320,148,2707,3069,269,2021,0.5,8,30,0,307,2,75,128,25,77,0.5,20.7
stanfordnlp/dspy,2025-08,sq-c,ba_stanfordnlp_dspy__2025-08,13772,128,935,9839,158,2868,3298,281,2168,0.5,7,30,0,318,2,79,134,27,76,0.2,21.5
stanfordnlp/dspy,2025-09,sq-b,ba_stanfordnlp_dspy__2025-09,14522,133,983,10387,166,3053,3535,282,2249,0.5,7,30,0,319,2,83,132,27,75,0.3,22.7
stanfordnlp/dspy,2025-10,sq-c,ba_stanfordnlp_dspy__2025-10,14800,133,992,10533,166,3108,3628,288,2336,0.5,7,30,0,325,2,85,135,28,75,0.3,24.3
stanfordnlp/dspy,2025-11,sq-c,ba_stanfordnlp_dspy__2025-11,14850,135,995,10612,165,3178,3745,279,2245,0.5,7,30,0,316,2,86,129,28,71,0.3,25.0
stanfordnlp/dspy,2025-12,sq-a,ba_stanfordnlp_dspy__2025-12,15169,135,1003,10818,166,3259,3895,286,2330,0.5,7,30,0,323,2,92,128,28,73,0.3,24.9
stanfordnlp/dspy,2026-01,sq-a,ba_stanfordnlp_dspy__2026-01,16023,138,1072,11480,172,3458,4103,294,2405,0.5,7,30,0,331,2,95,130,30,74,0.3,25.2
stanfordnlp/dspy,2026-02,sq-a,ba_stanfordnlp_dspy__2026-02,16069,138,1073,11471,170,3446,4030,280,2333,0.5,7,31,0,318,2,91,131,30,64,0.3,26.2
stanfordnlp/dspy,2026-03,sq-b,ba_stanfordnlp_dspy__2026-03,16252,139,1095,11679,172,3498,4073,274,2306,0.5,7,31,0,312,2,89,126,30,65,0.3,27.9
stanfordnlp/dspy,2026-04,sq-c,ba_stanfordnlp_dspy__2026-04,16347,140,1100,11742,175,3515,4095,275,2316,0.5,7,31,0,313,2,90,126,30,65,0.3,27.8
stanfordnlp/dspy,2026-05,sq-a,ba_stanfordnlp_dspy__2026-05,19669,148,1386,14247,238,4617,5167,305,2599,0.4,7,31,0,343,2,105,131,30,75,0.2,26.7
tough-dev-school/education-backend,2024-03,sq-b,ba_tough-dev-school_education-backend__2024-03,8096,349,715,5517,395,1190,544,38,198,0.1,0,6,0,44,0,7,9,28,0,0.0,7.2
tough-dev-school/education-backend,2024-04,sq-a,ba_tough-dev-school_education-backend__2024-04,8216,351,734,5618,401,1226,558,39,203,0.1,0,6,0,45,0,7,10,28,0,0.0,7.1
tough-dev-school/education-backend,2024-05,sq-c,ba_tough-dev-school_education-backend__2024-05,8216,351,734,5618,401,1226,558,39,203,0.1,0,6,0,45,0,7,10,28,0,0.0,7.1
tough-dev-school/education-backend,2024-06,sq-b,ba_tough-dev-school_education-backend__2024-06,8256,351,737,5648,402,1232,565,39,203,0.1,0,6,0,45,0,7,10,28,0,0.0,7.1
tough-dev-school/education-backend,2024-07,sq-c,ba_tough-dev-school_education-backend__2024-07,8450,353,762,5803,415,1268,579,38,198,0.1,0,6,0,44,0,7,10,27,0,0.0,7.3
tough-dev-school/education-backend,2024-08,sq-b,ba_tough-dev-school_education-backend__2024-08,8702,365,792,5976,419,1316,598,32,183,0.1,0,8,0,40,0,7,12,21,0,0.0,7.1
tough-dev-school/education-backend,2024-09,sq-a,ba_tough-dev-school_education-backend__2024-09,8939,374,818,6177,426,1381,648,33,188,0.1,0,8,0,41,0,7,12,22,0,0.0,7.0
tough-dev-school/education-backend,2024-10,sq-a,ba_tough-dev-school_education-backend__2024-10,8953,376,819,6191,429,1381,648,33,188,0.1,0,8,0,41,0,7,12,22,0,0.0,7.0
tough-dev-school/education-backend,2024-11,sq-b,ba_tough-dev-school_education-backend__2024-11,8952,376,819,6190,429,1381,648,33,188,0.1,0,8,0,41,0,7,12,22,0,0.0,7.0
tough-dev-school/education-backend,2024-12,sq-c,ba_tough-dev-school_education-backend__2024-12,9005,379,824,6237,434,1388,652,33,188,0.1,0,8,0,41,0,7,12,22,0,0.0,7.0
tough-dev-school/education-backend,2025-01,sq-c,ba_tough-dev-school_education-backend__2025-01,9004,379,824,6236,434,1388,652,33,188,0.1,0,7,0,40,0,7,11,22,0,0.0,7.0
tough-dev-school/education-backend,2025-02,sq-b,ba_tough-dev-school_education-backend__2025-02,9007,379,824,6236,434,1388,652,33,188,0.1,0,7,0,40,0,7,11,22,0,0.0,7.0
tough-dev-school/education-backend,2025-03,sq-a,ba_tough-dev-school_education-backend__2025-03,9664,401,879,6692,455,1507,733,39,224,0.1,0,8,0,47,0,8,14,25,0,0.0,6.8
tough-dev-school/education-backend,2025-04,sq-a,ba_tough-dev-school_education-backend__2025-04,10541,430,936,7292,509,1613,794,37,211,0.1,1,8,0,46,0,8,11,27,0,0.0,6.5
tough-dev-school/education-backend,2025-05,sq-a,ba_tough-dev-school_education-backend__2025-05,10829,430,944,7418,516,1643,817,38,217,0.1,1,9,0,48,2,9,10,27,0,0.0,6.5
tough-dev-school/education-backend,2025-06,sq-b,ba_tough-dev-school_education-backend__2025-06,10987,437,954,7546,522,1664,833,38,216,0.1,1,9,0,48,2,8,10,28,0,0.0,6.4
tough-dev-school/education-backend,2025-07,sq-b,ba_tough-dev-school_education-backend__2025-07,11126,438,952,7559,524,1664,830,40,228,0.1,1,9,0,50,2,8,11,29,0,0.0,6.3
tough-dev-school/education-backend,2025-08,sq-c,ba_tough-dev-school_education-backend__2025-08,11410,443,973,7763,534,1721,875,39,223,0.1,1,8,0,48,0,9,11,28,0,0.0,6.4
tough-dev-school/education-backend,2025-09,sq-b,ba_tough-dev-school_education-backend__2025-09,11501,445,983,7834,537,1739,881,40,224,0.1,1,8,0,49,0,9,12,28,0,0.0,6.4
tough-dev-school/education-backend,2025-10,sq-c,ba_tough-dev-school_education-backend__2025-10,11565,446,1000,7905,535,1771,897,41,230,0.1,1,8,0,50,0,10,12,28,0,0.0,6.5
tough-dev-school/education-backend,2025-11,sq-a,ba_tough-dev-school_education-backend__2025-11,11900,456,1024,8111,546,1811,914,41,230,0.1,1,10,0,52,0,10,14,28,0,0.0,6.4
tough-dev-school/education-backend,2025-12,sq-c,ba_tough-dev-school_education-backend__2025-12,12039,461,1030,8172,547,1830,928,41,230,0.1,1,12,0,54,0,10,16,28,0,0.0,6.4
tough-dev-school/education-backend,2026-01,sq-c,ba_tough-dev-school_education-backend__2026-01,12343,464,1042,8340,559,1849,938,43,245,0.1,1,12,0,56,0,11,17,28,0,0.0,6.6
tough-dev-school/education-backend,2026-02,sq-b,ba_tough-dev-school_education-backend__2026-02,12384,465,1044,8354,560,1852,939,43,245,0.1,1,12,0,56,0,11,17,28,0,0.0,6.6
tough-dev-school/education-backend,2026-03,sq-a,ba_tough-dev-school_education-backend__2026-03,12384,465,1044,8354,560,1852,939,43,245,0.1,1,12,0,56,0,11,17,28,0,0.0,6.6
traceloop/openllmetry,2024-03,sq-b,ba_traceloop_openllmetry__2024-03,7751,116,533,4622,71,1292,1292,121,879,0.4,1,3,0,125,0,40,45,37,3,4.4,3.9
traceloop/openllmetry,2024-04,sq-c,ba_traceloop_openllmetry__2024-04,9584,149,622,5497,89,1544,1556,130,953,0.3,3,3,0,136,0,50,47,35,4,8.8,4.4
traceloop/openllmetry,2024-05,sq-b,ba_traceloop_openllmetry__2024-05,11299,165,699,6412,105,1781,1886,164,1146,0.3,3,3,0,170,0,55,74,37,4,7.5,4.2
traceloop/openllmetry,2024-06,sq-c,ba_traceloop_openllmetry__2024-06,12517,185,798,7272,118,2004,2128,171,1155,0.3,3,1,0,175,0,44,84,43,4,8.6,4.3
traceloop/openllmetry,2024-07,sq-a,ba_traceloop_openllmetry__2024-07,13016,182,804,7427,123,2060,2214,178,1205,0.3,5,1,0,184,0,48,86,46,4,8.3,4.2
traceloop/openllmetry,2024-08,sq-b,ba_traceloop_openllmetry__2024-08,13798,193,852,7900,130,2171,2312,180,1243,0.3,3,1,0,184,0,48,88,44,4,8.7,4.2
traceloop/openllmetry,2024-09,sq-b,ba_traceloop_openllmetry__2024-09,14514,201,894,8303,133,2289,2462,182,1278,0.3,3,1,0,186,0,50,86,42,8,8.3,4.2
traceloop/openllmetry,2024-10,sq-c,ba_traceloop_openllmetry__2024-10,15311,209,936,8735,139,2457,2608,210,1413,0.3,3,1,0,214,0,68,90,46,10,9.1,4.3
traceloop/openllmetry,2024-11,sq-b,ba_traceloop_openllmetry__2024-11,15488,209,952,8837,139,2496,2635,208,1412,0.3,3,1,0,212,0,68,89,45,10,8.5,4.3
traceloop/openllmetry,2024-12,sq-c,ba_traceloop_openllmetry__2024-12,15541,210,958,8867,141,2503,2647,210,1425,0.3,3,1,0,214,0,68,89,47,10,8.2,4.3
traceloop/openllmetry,2025-01,sq-b,ba_traceloop_openllmetry__2025-01,16020,221,998,9194,147,2594,2726,217,1483,0.3,3,1,0,221,0,69,93,49,10,7.7,4.7
traceloop/openllmetry,2025-02,sq-b,ba_traceloop_openllmetry__2025-02,16338,221,1013,9378,147,2648,2788,219,1524,0.3,3,1,0,223,0,73,93,49,8,7.9,4.6
traceloop/openllmetry,2025-03,sq-a,ba_traceloop_openllmetry__2025-03,17181,223,1041,9805,153,2780,2997,229,1585,0.3,3,1,0,233,0,77,93,50,13,6.6,4.5
traceloop/openllmetry,2025-04,sq-b,ba_traceloop_openllmetry__2025-04,17562,227,1080,10078,161,2863,3079,236,1637,0.3,3,1,0,240,0,81,95,51,13,6.5,4.5
traceloop/openllmetry,2025-05,sq-b,ba_traceloop_openllmetry__2025-05,18048,228,1101,10362,164,2944,3228,243,1737,0.3,4,1,0,248,0,86,98,51,13,6.4,4.5
traceloop/openllmetry,2025-06,sq-b,ba_traceloop_openllmetry__2025-06,18707,231,1120,10700,170,3062,3413,257,1873,0.3,4,1,0,262,0,98,100,51,13,6.4,4.6
traceloop/openllmetry,2025-07,sq-a,ba_traceloop_openllmetry__2025-07,24682,292,1364,14035,288,4073,4759,295,2336,0.3,6,1,0,302,1,114,120,47,20,11.7,5.3
traceloop/openllmetry,2025-08,sq-b,ba_traceloop_openllmetry__2025-08,28825,325,1538,16703,335,4770,5956,344,3587,0.4,6,1,0,351,1,130,152,49,19,12.3,6.4
traceloop/openllmetry,2025-09,sq-c,ba_traceloop_openllmetry__2025-09,30093,330,1600,17629,342,5030,6384,371,3880,0.4,7,3,0,381,1,150,155,53,22,12.4,6.8
traceloop/openllmetry,2025-10,sq-a,ba_traceloop_openllmetry__2025-10,30110,329,1599,17608,341,5058,6526,373,4039,0.4,7,3,0,383,1,152,154,54,22,12.2,6.8
traceloop/openllmetry,2025-11,sq-a,ba_traceloop_openllmetry__2025-11,32230,343,1676,18721,366,5331,6831,385,4184,0.4,9,3,0,397,1,159,158,54,25,13.1,7.3
traceloop/openllmetry,2025-12,sq-b,ba_traceloop_openllmetry__2025-12,36213,374,1826,20997,470,5869,7644,426,4677,0.4,16,14,0,456,1,180,178,72,25,12.0,9.2
traceloop/openllmetry,2026-01,sq-a,ba_traceloop_openllmetry__2026-01,38397,377,1901,22264,520,6221,8285,441,5177,0.4,18,14,0,473,1,190,183,74,25,11.2,9.5
traceloop/openllmetry,2026-02,sq-b,ba_traceloop_openllmetry__2026-02,39050,385,1941,22685,523,6323,8296,450,5073,0.4,19,14,0,483,1,192,186,79,25,11.3,9.7
traceloop/openllmetry,2026-03,sq-c,ba_traceloop_openllmetry__2026-03,40858,390,2066,24098,538,6764,8990,481,5501,0.4,19,14,0,514,1,211,197,81,24,10.7,10.1
tsukumijima/KonomiTV,2024-01,sq-c,ba_tsukumijima_KonomiTV__2024-01,11192,55,413,7266,112,2020,3583,575,5900,1.8,14,6,0,595,0,81,249,259,6,4.4,31.7
tsukumijima/KonomiTV,2024-02,sq-a,ba_tsukumijima_KonomiTV__2024-02,12429,58,448,7912,134,2206,3886,576,6159,1.7,14,6,0,596,0,81,288,219,8,5.0,32.0
tsukumijima/KonomiTV,2024-03,sq-c,ba_tsukumijima_KonomiTV__2024-03,12434,58,448,7917,134,2208,3891,577,6169,1.7,14,6,0,597,0,81,289,219,8,5.0,32.0
tsukumijima/KonomiTV,2024-04,sq-c,ba_tsukumijima_KonomiTV__2024-04,12473,58,447,8031,135,2207,3892,577,6169,1.6,14,6,0,597,0,81,289,219,8,5.3,31.6
tsukumijima/KonomiTV,2024-05,sq-c,ba_tsukumijima_KonomiTV__2024-05,12481,58,447,8041,135,2211,3896,577,6170,1.6,14,6,0,597,0,81,289,219,8,5.3,31.6
tsukumijima/KonomiTV,2024-06,sq-c,ba_tsukumijima_KonomiTV__2024-06,12601,59,448,8134,135,2230,3929,577,6180,1.6,14,6,0,597,0,81,289,219,8,5.2,31.5
tsukumijima/KonomiTV,2024-07,sq-c,ba_tsukumijima_KonomiTV__2024-07,12614,59,448,8141,135,2230,3931,577,6180,1.6,14,6,0,597,0,81,289,219,8,5.2,31.5
tsukumijima/KonomiTV,2024-08,sq-c,ba_tsukumijima_KonomiTV__2024-08,12984,63,454,8303,140,2275,4029,595,6298,1.6,13,6,0,614,0,87,295,224,8,4.7,31.3
tsukumijima/KonomiTV,2024-09,sq-c,ba_tsukumijima_KonomiTV__2024-09,13016,63,454,8329,140,2284,4051,595,6323,1.6,13,6,0,614,0,89,293,224,8,4.7,31.3
tsukumijima/KonomiTV,2024-10,sq-b,ba_tsukumijima_KonomiTV__2024-10,13034,63,454,8329,140,2284,4051,596,6328,1.6,13,6,0,615,0,89,293,225,8,5.0,31.3
tsukumijima/KonomiTV,2024-11,sq-a,ba_tsukumijima_KonomiTV__2024-11,13034,63,454,8329,140,2284,4051,596,6328,1.6,13,6,0,615,0,89,293,225,8,5.0,31.3
tsukumijima/KonomiTV,2024-12,sq-c,ba_tsukumijima_KonomiTV__2024-12,13051,63,454,8334,140,2284,4052,596,6329,1.6,13,6,0,615,0,89,293,225,8,5.2,31.3
tsukumijima/KonomiTV,2025-01,sq-a,ba_tsukumijima_KonomiTV__2025-01,13568,65,465,8617,143,2340,4128,594,6436,1.6,6,6,0,606,0,91,271,237,7,5.2,31.2
tsukumijima/KonomiTV,2025-02,sq-b,ba_tsukumijima_KonomiTV__2025-02,15234,68,508,9577,149,2569,4342,636,6752,1.5,9,8,0,653,0,102,293,254,4,3.9,31.0
tsukumijima/KonomiTV,2025-03,sq-c,ba_tsukumijima_KonomiTV__2025-03,15499,68,511,9763,147,2620,4488,640,6893,1.5,9,8,0,657,0,105,294,253,5,3.8,31.0
tsukumijima/KonomiTV,2025-04,sq-a,ba_tsukumijima_KonomiTV__2025-04,15880,68,521,9993,148,2757,4782,661,7228,1.5,9,8,0,678,1,110,298,263,6,3.7,31.1
tsukumijima/KonomiTV,2025-05,sq-b,ba_tsukumijima_KonomiTV__2025-05,15886,68,521,9993,148,2758,4783,661,7229,1.5,9,8,0,678,1,110,298,263,6,3.7,31.1
tsukumijima/KonomiTV,2025-06,sq-b,ba_tsukumijima_KonomiTV__2025-06,16012,68,524,10095,148,2795,4867,662,7315,1.5,9,8,0,679,1,109,301,262,6,3.6,31.1
tsukumijima/KonomiTV,2025-07,sq-a,ba_tsukumijima_KonomiTV__2025-07,16012,68,524,10095,148,2795,4867,662,7315,1.5,9,8,0,679,1,109,301,262,6,3.6,31.1
tsukumijima/KonomiTV,2025-08,sq-a,ba_tsukumijima_KonomiTV__2025-08,16290,68,538,10318,155,2848,5061,662,7494,1.5,10,8,0,680,1,112,302,260,5,3.8,31.0
tsukumijima/KonomiTV,2025-09,sq-b,ba_tsukumijima_KonomiTV__2025-09,16302,68,539,10330,155,2849,5064,663,7499,1.5,10,8,0,681,1,112,302,261,5,3.8,31.0
tsukumijima/KonomiTV,2025-10,sq-b,ba_tsukumijima_KonomiTV__2025-10,16749,68,546,10658,156,2953,5393,672,7915,1.6,10,8,0,690,1,114,307,263,5,3.9,30.8
tsukumijima/KonomiTV,2025-11,sq-c,ba_tsukumijima_KonomiTV__2025-11,16922,69,564,10805,156,3011,5459,684,8025,1.6,11,8,0,703,1,114,314,268,6,3.5,31.0
tsukumijima/KonomiTV,2025-12,sq-c,ba_tsukumijima_KonomiTV__2025-12,17299,69,566,11031,161,3088,5613,690,8191,1.6,11,8,0,709,1,117,316,269,6,3.4,30.9
tsukumijima/KonomiTV,2026-01,sq-c,ba_tsukumijima_KonomiTV__2026-01,17906,69,583,11400,165,3180,5742,707,8348,1.6,10,7,0,724,1,116,323,278,6,3.6,31.0
ucbepic/docetl,2024-07,sq-c,ba_ucbepic_docetl__2024-07,3313,22,142,1855,19,483,581,44,405,0.4,3,13,0,60,0,17,37,3,3,0.0,7.1
ucbepic/docetl,2024-08,sq-a,ba_ucbepic_docetl__2024-08,9263,43,281,4602,23,1188,1548,101,969,0.3,4,51,0,156,0,46,88,12,10,1.0,22.1
ucbepic/docetl,2024-09,sq-c,ba_ucbepic_docetl__2024-09,9191,31,259,4438,41,1234,1795,105,1197,0.4,5,52,0,162,1,46,86,14,15,1.4,23.1
ucbepic/docetl,2024-10,sq-b,ba_ucbepic_docetl__2024-10,10958,45,336,5519,58,1572,2271,148,1567,0.5,8,56,0,212,6,62,104,23,17,1.3,23.4
ucbepic/docetl,2024-11,sq-c,ba_ucbepic_docetl__2024-11,11728,47,366,6005,68,1700,2497,176,1829,0.5,13,53,0,242,5,69,120,31,17,1.7,22.6
ucbepic/docetl,2024-12,sq-c,ba_ucbepic_docetl__2024-12,12137,53,381,6283,70,1756,2591,189,1949,0.5,14,54,0,257,5,71,132,34,15,1.7,21.3
ucbepic/docetl,2025-01,sq-a,ba_ucbepic_docetl__2025-01,13399,58,413,6843,76,1926,2858,193,2140,0.5,10,52,0,255,3,67,135,33,17,1.4,21.3
ucbepic/docetl,2025-02,sq-c,ba_ucbepic_docetl__2025-02,14074,60,427,7078,78,1957,2926,199,2199,0.5,10,53,0,262,3,69,139,35,16,1.3,20.7
ucbepic/docetl,2025-03,sq-c,ba_ucbepic_docetl__2025-03,14138,60,428,7105,78,1965,2938,200,2227,0.5,10,53,0,263,3,69,140,35,16,1.3,20.7
ucbepic/docetl,2025-04,sq-a,ba_ucbepic_docetl__2025-04,15019,61,445,7618,80,2100,3133,215,2368,0.5,10,56,0,281,3,77,146,39,16,1.5,20.9
ucbepic/docetl,2025-05,sq-c,ba_ucbepic_docetl__2025-05,15565,63,457,7957,82,2193,3309,219,2450,0.5,10,57,0,286,3,82,145,40,16,1.4,20.9
ucbepic/docetl,2025-06,sq-b,ba_ucbepic_docetl__2025-06,15752,63,458,8015,82,2210,3343,221,2479,0.5,10,58,0,289,3,82,146,40,18,1.4,20.8
ucbepic/docetl,2025-07,sq-c,ba_ucbepic_docetl__2025-07,15884,63,469,7997,84,2174,3294,221,2443,0.5,10,58,0,289,3,82,145,41,18,1.5,20.9
ucbepic/docetl,2025-08,sq-a,ba_ucbepic_docetl__2025-08,16418,64,494,8402,86,2313,3477,226,2515,0.5,10,58,0,294,3,87,146,40,18,1.7,20.9
ucbepic/docetl,2025-09,sq-a,ba_ucbepic_docetl__2025-09,16501,64,499,8470,86,2342,3518,227,2530,0.5,10,59,0,296,3,88,147,40,18,1.5,21.0
ucbepic/docetl,2025-10,sq-a,ba_ucbepic_docetl__2025-10,16501,64,499,8470,86,2342,3518,227,2530,0.5,10,59,0,296,3,88,147,40,18,1.5,21.0
ucbepic/docetl,2025-11,sq-b,ba_ucbepic_docetl__2025-11,30800,114,911,14565,158,4051,5790,427,4864,0.5,13,60,0,500,3,179,237,62,19,2.5,19.1
ucbepic/docetl,2025-12,sq-b,ba_ucbepic_docetl__2025-12,33551,122,992,16015,170,4455,6373,458,5291,0.5,15,60,0,533,1,193,253,67,19,2.6,19.3
ucbepic/docetl,2026-01,sq-b,ba_ucbepic_docetl__2026-01,33551,122,992,16015,170,4455,6373,458,5291,0.5,15,60,0,533,1,193,253,67,19,2.6,19.3
ucbepic/docetl,2026-02,sq-b,ba_ucbepic_docetl__2026-02,33551,122,992,16015,170,4455,6373,458,5291,0.5,15,60,0,533,1,193,253,67,19,2.6,19.3
ucbepic/docetl,2026-03,sq-b,ba_ucbepic_docetl__2026-03,33623,122,994,16070,170,4473,6397,458,5291,0.5,15,60,0,533,1,193,253,67,19,2.6,19.3
ucbepic/docetl,2026-04,sq-b,ba_ucbepic_docetl__2026-04,33623,122,994,16070,170,4473,6397,458,5291,0.5,15,60,0,533,1,193,253,67,19,2.6,19.3
ucbepic/docetl,2026-05,sq-c,ba_ucbepic_docetl__2026-05,34245,126,1021,16537,177,4591,6649,467,5455,0.5,15,62,0,544,1,198,257,69,19,2.5,19.3
ucbepic/docetl,2026-06,sq-a,ba_ucbepic_docetl__2026-06,40070,147,1453,20038,216,5978,7812,493,5678,0.5,16,58,0,567,1,218,262,67,19,2.0,16.4
ucbepic/docetl,2026-07,sq-b,ba_ucbepic_docetl__2026-07,40070,147,1453,20038,216,5978,7812,493,5678,0.5,16,58,0,567,1,218,262,67,19,2.0,16.4
unclecode/crawl4ai,2024-05,sq-b,ba_unclecode_crawl4ai__2024-05,1708,15,110,1243,23,278,283,50,307,0.6,5,4,0,59,1,14,36,8,0,2.7,20.5
unclecode/crawl4ai,2024-06,sq-b,ba_unclecode_crawl4ai__2024-06,2521,16,138,1735,24,424,486,76,512,0.7,7,5,0,88,2,26,45,14,1,8.9,17.2
unclecode/crawl4ai,2024-07,sq-c,ba_unclecode_crawl4ai__2024-07,2693,17,148,1866,24,470,582,89,651,0.8,7,5,0,101,1,31,48,20,1,6.6,17.3
unclecode/crawl4ai,2024-08,sq-c,ba_unclecode_crawl4ai__2024-08,2707,17,148,1875,24,471,584,88,645,0.8,7,5,0,100,1,30,48,20,1,6.6,17.5
unclecode/crawl4ai,2024-09,sq-a,ba_unclecode_crawl4ai__2024-09,3794,20,221,2677,34,726,953,102,873,0.8,13,7,0,122,1,40,56,24,1,15.2,14.4
unclecode/crawl4ai,2024-10,sq-c,ba_unclecode_crawl4ai__2024-10,6331,29,314,4282,46,1270,1862,140,1655,0.9,19,11,0,170,2,51,85,27,5,15.2,14.5
unclecode/crawl4ai,2024-11,sq-b,ba_unclecode_crawl4ai__2024-11,7511,33,369,5114,62,1541,2305,182,2110,0.9,17,14,0,213,3,57,106,42,5,3.2,17.0
unclecode/crawl4ai,2024-12,sq-a,ba_unclecode_crawl4ai__2024-12,9928,41,521,6873,81,1991,2655,235,2220,0.7,28,22,0,285,5,70,148,57,5,14.6,29.0
unclecode/crawl4ai,2025-01,sq-a,ba_unclecode_crawl4ai__2025-01,14204,56,582,8240,113,2431,3397,279,3020,0.7,38,27,0,344,6,98,175,59,6,1.0,22.2
unclecode/crawl4ai,2025-02,sq-b,ba_unclecode_crawl4ai__2025-02,16983,68,783,9940,142,2968,3901,317,3319,0.7,39,32,0,388,5,105,187,81,10,1.0,21.7
unclecode/crawl4ai,2025-03,sq-b,ba_unclecode_crawl4ai__2025-03,22534,82,1011,14012,159,4150,5758,467,4834,0.7,86,32,0,585,6,163,295,110,11,2.5,24.6
unclecode/crawl4ai,2025-04,sq-c,ba_unclecode_crawl4ai__2025-04,20850,70,957,12650,155,3734,5102,424,4352,0.7,71,42,0,537,7,152,257,110,11,1.6,22.9
unclecode/crawl4ai,2025-05,sq-b,ba_unclecode_crawl4ai__2025-05,21178,72,970,12812,160,3757,5109,434,4402,0.7,72,42,0,548,8,155,258,116,11,1.7,23.0
unclecode/crawl4ai,2025-06,sq-b,ba_unclecode_crawl4ai__2025-06,21178,72,970,12812,160,3757,5109,434,4402,0.7,72,42,0,548,8,155,258,116,11,1.7,23.0
unclecode/crawl4ai,2025-07,sq-b,ba_unclecode_crawl4ai__2025-07,27172,80,1237,16774,200,5145,7221,549,5974,0.7,72,51,0,672,9,195,320,137,11,10.2,23.6
unclecode/crawl4ai,2025-08,sq-c,ba_unclecode_crawl4ai__2025-08,29604,83,1337,18060,212,5461,7783,600,6398,0.7,71,52,0,723,8,216,337,150,12,18.4,24.0
unclecode/crawl4ai,2025-09,sq-b,ba_unclecode_crawl4ai__2025-09,29604,83,1337,18060,212,5461,7783,600,6398,0.7,71,52,0,723,8,216,337,150,12,18.4,24.0
unclecode/crawl4ai,2025-10,sq-c,ba_unclecode_crawl4ai__2025-10,30401,85,1374,18647,221,5647,8029,634,6597,0.7,71,55,0,760,8,225,358,157,12,17.9,24.6
unclecode/crawl4ai,2025-11,sq-a,ba_unclecode_crawl4ai__2025-11,31478,88,1423,19460,223,5841,8295,696,6966,0.7,74,54,0,824,8,238,403,162,13,17.7,24.5
unclecode/crawl4ai,2025-12,sq-a,ba_unclecode_crawl4ai__2025-12,31537,88,1423,19478,221,5851,8316,688,6938,0.7,74,54,0,816,8,239,397,159,13,17.7,24.4
unclecode/crawl4ai,2026-01,sq-c,ba_unclecode_crawl4ai__2026-01,32636,89,1461,20215,224,6109,8799,710,7365,0.8,75,61,0,846,8,253,404,168,13,16.9,24.6
unclecode/crawl4ai,2026-02,sq-a,ba_unclecode_crawl4ai__2026-02,32636,89,1461,20215,224,6109,8799,710,7365,0.8,75,61,0,846,8,253,404,168,13,16.9,24.6
unclecode/crawl4ai,2026-03,sq-c,ba_unclecode_crawl4ai__2026-03,36132,93,1556,22257,227,6801,9956,740,8233,0.8,74,66,0,880,7,268,414,179,12,14.3,24.3
unclecode/crawl4ai,2026-04,sq-a,ba_unclecode_crawl4ai__2026-04,36200,93,1556,22309,227,6824,10014,741,8296,0.8,74,66,0,881,7,268,414,180,12,14.3,24.3
unclecode/crawl4ai,2026-05,sq-b,ba_unclecode_crawl4ai__2026-05,36208,93,1556,22311,227,6830,10021,740,8306,0.8,74,66,0,880,7,268,414,179,12,14.2,24.3
vacanza/holidays,2024-03,sq-b,ba_vacanza_holidays__2024-03,24364,186,1074,11271,570,2993,2533,185,2080,0.3,0,0,0,185,23,121,19,9,13,2.3,28.5
vacanza/holidays,2024-04,sq-b,ba_vacanza_holidays__2024-04,24794,187,1079,11600,574,3112,2774,197,2392,0.3,0,0,0,197,23,135,19,9,11,2.2,28.9
vacanza/holidays,2024-05,sq-b,ba_vacanza_holidays__2024-05,25328,190,1109,11866,581,3212,2850,208,2494,0.3,0,0,0,208,23,145,20,9,11,2.2,28.9
vacanza/holidays,2024-06,sq-b,ba_vacanza_holidays__2024-06,25473,192,1113,11938,587,3206,2841,209,2498,0.3,0,0,0,209,23,147,19,9,11,2.2,29.1
vacanza/holidays,2024-07,sq-c,ba_vacanza_holidays__2024-07,25484,192,1114,11948,587,3210,2844,209,2498,0.3,0,0,0,209,23,147,19,9,11,2.2,29.1
vacanza/holidays,2024-08,sq-b,ba_vacanza_holidays__2024-08,25628,194,1121,12071,593,3247,2885,211,2528,0.3,0,0,0,211,23,148,20,9,11,2.2,29.2
vacanza/holidays,2024-09,sq-c,ba_vacanza_holidays__2024-09,26346,196,1128,12171,603,3268,2880,210,2478,0.3,0,0,0,210,23,147,20,9,11,2.2,29.2
vacanza/holidays,2024-10,sq-b,ba_vacanza_holidays__2024-10,26744,199,1136,12310,614,3293,2900,211,2474,0.3,0,0,0,211,23,148,21,8,11,2.2,29.3
vacanza/holidays,2024-11,sq-a,ba_vacanza_holidays__2024-11,27419,201,1141,12427,618,3310,2927,213,2486,0.3,0,0,0,213,23,150,21,8,11,2.0,29.2
vacanza/holidays,2024-12,sq-a,ba_vacanza_holidays__2024-12,27579,202,1143,12443,623,3239,2912,210,2591,0.3,0,0,0,210,23,154,20,8,5,2.0,29.6
vacanza/holidays,2025-01,sq-b,ba_vacanza_holidays__2025-01,27959,204,1172,12648,630,3290,2943,206,2563,0.3,0,0,0,206,23,150,20,8,5,2.0,29.7
vacanza/holidays,2025-02,sq-c,ba_vacanza_holidays__2025-02,29548,209,1224,13153,648,3402,3021,202,2590,0.3,0,0,0,202,23,145,21,8,5,2.0,29.3
vacanza/holidays,2025-03,sq-b,ba_vacanza_holidays__2025-03,31224,212,1312,13753,657,3542,3095,210,2682,0.3,0,0,0,210,23,153,21,8,5,2.1,29.5
vacanza/holidays,2025-04,sq-c,ba_vacanza_holidays__2025-04,32618,222,1358,14488,698,3717,3253,211,2717,0.3,0,0,0,211,24,153,21,9,4,2.0,30.4
vacanza/holidays,2025-05,sq-a,ba_vacanza_holidays__2025-05,33863,228,1399,14951,724,3781,3291,210,2697,0.3,0,0,0,210,24,152,21,9,4,2.2,30.6
vacanza/holidays,2025-06,sq-b,ba_vacanza_holidays__2025-06,36413,246,1481,16273,789,4063,3610,223,2818,0.3,0,0,0,223,26,160,23,10,4,2.3,30.7
vacanza/holidays,2025-07,sq-a,ba_vacanza_holidays__2025-07,39152,283,1565,17745,921,4314,3812,229,2885,0.2,0,0,0,229,26,164,25,10,4,2.4,31.2
vacanza/holidays,2025-08,sq-c,ba_vacanza_holidays__2025-08,40144,297,1648,18746,966,4486,3926,234,2919,0.2,0,0,0,234,26,169,25,10,4,0.9,31.5
vacanza/holidays,2025-09,sq-a,ba_vacanza_holidays__2025-09,41019,307,1680,19246,1007,4521,3874,231,2799,0.2,0,0,0,231,26,166,25,10,4,1.1,31.7
vacanza/holidays,2025-10,sq-c,ba_vacanza_holidays__2025-10,41539,317,1737,19780,1033,4673,4007,233,2841,0.2,0,0,0,233,26,166,27,10,4,0.8,32.5
vacanza/holidays,2025-11,sq-c,ba_vacanza_holidays__2025-11,41662,317,1744,19772,1035,4643,3969,232,2850,0.2,0,0,0,232,26,165,27,10,4,0.7,32.7
vacanza/holidays,2025-12,sq-c,ba_vacanza_holidays__2025-12,42365,317,1759,19931,1036,4685,3995,229,2820,0.2,0,0,0,229,26,165,24,10,4,0.7,32.8
vacanza/holidays,2026-01,sq-a,ba_vacanza_holidays__2026-01,42761,318,1765,20082,1040,4735,4087,233,2895,0.2,0,0,0,233,26,169,24,10,4,0.7,32.9
vacanza/holidays,2026-02,sq-c,ba_vacanza_holidays__2026-02,43008,318,1768,20150,1041,4758,4112,231,2886,0.2,0,0,0,231,26,168,23,10,4,0.7,32.9
vacanza/holidays,2026-03,sq-c,ba_vacanza_holidays__2026-03,43436,321,1776,20371,1057,4801,4162,233,2913,0.2,0,0,0,233,26,170,23,10,4,0.6,32.9
vectara/vectara-ingest,2024-06,sq-a,ba_vectara_vectara-ingest__2024-06,3023,31,150,2475,33,598,901,81,735,0.8,3,6,0,90,0,20,42,28,0,0.7,15.5
vectara/vectara-ingest,2024-07,sq-b,ba_vectara_vectara-ingest__2024-07,3305,32,160,2674,34,660,979,89,775,0.8,3,7,0,99,0,23,46,30,0,0.7,14.8
vectara/vectara-ingest,2024-08,sq-b,ba_vectara_vectara-ingest__2024-08,3417,32,169,2773,36,686,1016,86,769,0.8,3,7,0,96,0,23,43,30,0,0.7,14.5
vectara/vectara-ingest,2024-09,sq-b,ba_vectara_vectara-ingest__2024-09,3543,32,174,2881,37,712,1050,88,782,0.7,4,7,0,99,1,25,43,30,0,0.6,14.3
vectara/vectara-ingest,2024-10,sq-a,ba_vectara_vectara-ingest__2024-10,3625,33,178,2928,38,732,1086,89,801,0.7,4,7,0,100,1,26,43,30,0,0.6,14.2
vectara/vectara-ingest,2024-11,sq-a,ba_vectara_vectara-ingest__2024-11,3770,33,182,3021,39,761,1138,90,836,0.7,3,8,0,101,0,27,45,29,0,0.6,13.7
vectara/vectara-ingest,2024-12,sq-c,ba_vectara_vectara-ingest__2024-12,4148,34,188,3244,41,828,1284,89,819,0.7,4,9,0,102,0,32,34,36,0,0.6,14.1
vectara/vectara-ingest,2025-01,sq-b,ba_vectara_vectara-ingest__2025-01,4662,36,210,3658,45,946,1463,97,960,0.7,5,10,0,112,1,38,35,38,0,0.5,14.8
vectara/vectara-ingest,2025-02,sq-c,ba_vectara_vectara-ingest__2025-02,5483,39,236,4293,48,1084,1704,116,1126,0.7,5,13,0,134,1,48,40,45,0,0.9,16.5
vectara/vectara-ingest,2025-03,sq-c,ba_vectara_vectara-ingest__2025-03,5828,40,249,4524,51,1135,1770,125,1251,0.7,5,16,0,146,1,50,45,50,0,0.9,16.6
vectara/vectara-ingest,2025-04,sq-a,ba_vectara_vectara-ingest__2025-04,5952,40,252,4608,51,1167,1833,125,1292,0.7,5,16,0,146,1,52,43,50,0,0.8,16.5
vectara/vectara-ingest,2025-05,sq-a,ba_vectara_vectara-ingest__2025-05,6218,41,264,4769,53,1215,1899,132,1330,0.7,6,16,0,154,2,53,46,53,0,0.8,16.0
vectara/vectara-ingest,2025-06,sq-c,ba_vectara_vectara-ingest__2025-06,6629,44,277,5087,53,1291,2038,143,1451,0.7,6,15,0,164,2,55,56,51,0,1.1,16.1
vectara/vectara-ingest,2025-07,sq-c,ba_vectara_vectara-ingest__2025-07,7522,51,338,5781,63,1456,2153,162,1485,0.7,5,15,0,182,2,56,68,56,0,0.6,18.1
vectara/vectara-ingest,2025-08,sq-c,ba_vectara_vectara-ingest__2025-08,8016,52,367,6217,64,1571,2287,170,1569,0.7,4,11,0,185,1,55,73,56,0,0.3,18.4
vectara/vectara-ingest,2025-09,sq-a,ba_vectara_vectara-ingest__2025-09,9504,55,415,7418,68,1947,3064,222,2308,0.8,2,10,0,234,1,80,97,56,0,0.8,19.3
vectara/vectara-ingest,2025-10,sq-b,ba_vectara_vectara-ingest__2025-10,11444,56,486,8950,70,2357,3802,279,2850,0.8,3,10,0,292,2,104,129,57,0,3.4,19.6
vectara/vectara-ingest,2025-11,sq-c,ba_vectara_vectara-ingest__2025-11,11687,56,490,9154,71,2436,3973,281,2962,0.8,3,10,0,294,2,106,130,56,0,3.4,19.9
vectara/vectara-ingest,2025-12,sq-c,ba_vectara_vectara-ingest__2025-12,11749,56,490,9176,71,2444,3983,283,2978,0.8,3,10,0,296,2,107,131,56,0,3.3,19.8
vectara/vectara-ingest,2026-01,sq-c,ba_vectara_vectara-ingest__2026-01,12835,57,529,9946,75,2652,4329,308,3208,0.8,3,15,0,326,2,120,147,57,0,3.3,21.0
vectara/vectara-ingest,2026-02,sq-c,ba_vectara_vectara-ingest__2026-02,13060,57,540,10127,75,2709,4400,313,3277,0.8,3,15,0,331,2,121,148,60,0,3.3,20.9
vectara/vectara-ingest,2026-03,sq-a,ba_vectara_vectara-ingest__2026-03,13479,57,550,10473,75,2814,4601,323,3401,0.8,3,15,0,341,2,128,150,61,0,3.2,20.7
vectara/vectara-ingest,2026-04,sq-c,ba_vectara_vectara-ingest__2026-04,14340,58,594,11164,80,3063,5038,339,3801,0.9,3,16,0,358,2,133,158,65,0,2.9,20.1
vectara/vectara-ingest,2026-05,sq-a,ba_vectara_vectara-ingest__2026-05,16312,62,660,12470,82,3532,5711,325,4011,0.8,2,16,0,343,1,133,151,58,0,2.6,21.2
vectara/vectara-ingest,2026-06,sq-c,ba_vectara_vectara-ingest__2026-06,16338,62,666,12492,83,3545,5699,324,4035,0.8,2,16,0,342,1,133,151,57,0,2.6,21.3
vespa-engine/pyvespa,2024-06,sq-c,ba_vespa-engine_pyvespa__2024-06,4349,18,318,2523,50,807,708,74,477,0.4,0,4,0,78,0,20,29,22,7,0.3,28.1
vespa-engine/pyvespa,2024-07,sq-b,ba_vespa-engine_pyvespa__2024-07,4445,19,320,2568,50,816,719,72,477,0.4,1,4,0,77,0,20,30,21,6,0.3,28.0
vespa-engine/pyvespa,2024-08,sq-c,ba_vespa-engine_pyvespa__2024-08,4692,19,328,2723,50,857,803,80,570,0.4,1,3,0,84,1,23,32,22,6,0.3,28.3
vespa-engine/pyvespa,2024-09,sq-b,ba_vespa-engine_pyvespa__2024-09,5245,22,375,3013,53,989,931,92,675,0.4,1,3,0,96,1,28,35,24,8,0.3,26.8
vespa-engine/pyvespa,2024-10,sq-b,ba_vespa-engine_pyvespa__2024-10,5285,22,376,3023,53,996,936,93,680,0.4,1,3,0,97,1,28,35,25,8,0.3,28.3
vespa-engine/pyvespa,2024-11,sq-a,ba_vespa-engine_pyvespa__2024-11,5290,23,376,3027,53,996,936,93,680,0.4,1,3,0,97,1,28,35,25,8,0.3,28.3
vespa-engine/pyvespa,2024-12,sq-a,ba_vespa-engine_pyvespa__2024-12,5340,23,378,3041,53,1000,940,93,682,0.4,1,3,0,97,1,29,34,25,8,0.3,28.2
vespa-engine/pyvespa,2025-01,sq-c,ba_vespa-engine_pyvespa__2025-01,6409,29,540,3871,61,1289,1134,115,827,0.4,1,3,0,119,1,37,35,38,8,0.2,39.3
vespa-engine/pyvespa,2025-02,sq-a,ba_vespa-engine_pyvespa__2025-02,6615,29,550,3979,62,1340,1210,115,880,0.4,1,3,0,119,1,39,35,38,6,0.5,39.3
vespa-engine/pyvespa,2025-03,sq-c,ba_vespa-engine_pyvespa__2025-03,6634,29,551,3988,62,1346,1220,115,885,0.4,1,3,0,119,1,39,35,38,6,0.5,42.9
vespa-engine/pyvespa,2025-04,sq-c,ba_vespa-engine_pyvespa__2025-04,6698,29,554,4040,62,1362,1247,120,952,0.5,2,4,0,126,1,41,39,39,6,0.5,42.7
vespa-engine/pyvespa,2025-05,sq-c,ba_vespa-engine_pyvespa__2025-05,6719,29,554,4044,62,1364,1249,120,952,0.5,2,4,0,126,1,41,39,39,6,0.3,42.7
vespa-engine/pyvespa,2025-06,sq-c,ba_vespa-engine_pyvespa__2025-06,7403,29,574,4416,67,1467,1429,129,1089,0.5,2,4,0,135,1,46,40,42,6,0.3,42.3
vespa-engine/pyvespa,2025-07,sq-a,ba_vespa-engine_pyvespa__2025-07,7469,29,579,4467,67,1488,1463,131,1099,0.5,2,4,0,137,1,47,41,42,6,0.7,42.6
vespa-engine/pyvespa,2025-08,sq-a,ba_vespa-engine_pyvespa__2025-08,7734,31,592,4603,70,1542,1528,135,1132,0.5,2,4,0,141,1,48,43,43,6,0.7,42.2
vespa-engine/pyvespa,2025-09,sq-b,ba_vespa-engine_pyvespa__2025-09,7759,32,593,4623,70,1545,1531,135,1132,0.5,2,4,0,141,1,48,43,43,6,0.7,42.2
vespa-engine/pyvespa,2025-10,sq-b,ba_vespa-engine_pyvespa__2025-10,7840,32,602,4674,70,1563,1531,135,1111,0.5,2,5,0,142,1,49,43,43,6,0.7,42.3
vespa-engine/pyvespa,2025-11,sq-b,ba_vespa-engine_pyvespa__2025-11,8849,35,648,5286,77,1720,1721,163,1293,0.5,2,5,0,170,1,56,61,46,6,0.8,42.3
vespa-engine/pyvespa,2025-12,sq-b,ba_vespa-engine_pyvespa__2025-12,9462,37,669,5563,79,1804,1820,169,1342,0.5,2,5,0,176,1,60,60,49,6,0.8,42.2
vespa-engine/pyvespa,2026-01,sq-c,ba_vespa-engine_pyvespa__2026-01,11206,42,733,6578,81,2069,2211,197,1656,0.5,2,3,0,202,1,72,67,55,7,0.7,40.2
vespa-engine/pyvespa,2026-02,sq-b,ba_vespa-engine_pyvespa__2026-02,11428,42,741,6711,81,2111,2277,202,1697,0.5,2,3,0,207,1,73,70,56,7,0.7,40.0
vespa-engine/pyvespa,2026-03,sq-a,ba_vespa-engine_pyvespa__2026-03,11481,42,748,6752,81,2126,2293,203,1697,0.5,2,3,0,208,1,73,70,56,8,0.7,40.2
vespa-engine/pyvespa,2026-04,sq-b,ba_vespa-engine_pyvespa__2026-04,11540,42,749,6788,81,2144,2313,203,1716,0.5,2,3,0,208,1,73,70,56,8,0.7,40.2
vespa-engine/pyvespa,2026-05,sq-c,ba_vespa-engine_pyvespa__2026-05,11615,42,751,6815,82,2158,2323,202,1718,0.5,2,3,0,207,1,73,70,56,7,0.6,40.3
vespa-engine/pyvespa,2026-06,sq-c,ba_vespa-engine_pyvespa__2026-06,11627,42,751,6821,82,2161,2326,202,1718,0.5,2,3,0,207,1,73,70,56,7,0.6,40.3
vllm-project/llm-compressor,2024-06,sq-b,ba_vllm-project_llm-compressor__2024-06,10770,129,752,6852,104,2108,2073,155,925,0.3,5,1,0,161,3,37,74,37,10,2.3,32.5
vllm-project/llm-compressor,2024-07,sq-b,ba_vllm-project_llm-compressor__2024-07,10987,129,754,6976,105,2166,2175,157,965,0.3,5,1,0,163,3,40,70,38,12,1.8,32.3
vllm-project/llm-compressor,2024-08,sq-a,ba_vllm-project_llm-compressor__2024-08,11160,130,765,7115,106,2196,2203,159,972,0.3,5,1,0,165,3,41,72,38,11,1.7,32.3
vllm-project/llm-compressor,2024-09,sq-c,ba_vllm-project_llm-compressor__2024-09,11374,131,761,7211,105,2223,2256,161,989,0.3,5,1,0,167,3,36,74,43,11,1.7,32.1
vllm-project/llm-compressor,2024-10,sq-a,ba_vllm-project_llm-compressor__2024-10,12096,139,812,7708,109,2351,2361,168,1016,0.3,6,1,0,175,4,36,80,42,13,1.7,32.2
vllm-project/llm-compressor,2024-11,sq-a,ba_vllm-project_llm-compressor__2024-11,12113,139,817,7729,110,2358,2366,168,1028,0.3,6,1,0,175,4,37,80,41,13,1.7,32.2
vllm-project/llm-compressor,2024-12,sq-a,ba_vllm-project_llm-compressor__2024-12,11884,141,805,7603,111,2306,2300,166,1050,0.3,6,1,0,173,4,36,81,39,13,1.7,32.3
vllm-project/llm-compressor,2025-01,sq-a,ba_vllm-project_llm-compressor__2025-01,13667,156,862,8635,128,2642,2743,204,1359,0.3,9,1,0,214,5,53,89,51,16,1.2,31.1
vllm-project/llm-compressor,2025-02,sq-c,ba_vllm-project_llm-compressor__2025-02,13884,158,831,8603,129,2654,2838,227,1509,0.4,10,0,0,237,5,59,86,65,22,3.1,30.3
vllm-project/llm-compressor,2025-03,sq-a,ba_vllm-project_llm-compressor__2025-03,12928,161,770,7966,126,2388,2506,213,1351,0.3,8,0,0,221,5,52,84,58,22,3.4,29.6
vllm-project/llm-compressor,2025-04,sq-c,ba_vllm-project_llm-compressor__2025-04,13060,160,781,8027,123,2407,2518,221,1365,0.3,8,0,0,229,5,49,86,60,29,3.4,30.1
vllm-project/llm-compressor,2025-05,sq-a,ba_vllm-project_llm-compressor__2025-05,11871,164,775,7432,118,2194,2167,186,1030,0.3,6,0,0,192,4,35,69,57,27,0.6,31.0
vllm-project/llm-compressor,2025-06,sq-b,ba_vllm-project_llm-compressor__2025-06,11962,166,770,7368,115,2177,2151,194,1121,0.3,6,0,0,200,4,45,69,55,27,0.6,30.7
vllm-project/llm-compressor,2025-07,sq-b,ba_vllm-project_llm-compressor__2025-07,12250,169,784,7565,117,2224,2196,194,1153,0.3,6,0,0,200,4,46,69,55,26,0.6,30.3
vllm-project/llm-compressor,2025-08,sq-a,ba_vllm-project_llm-compressor__2025-08,12729,176,810,7773,122,2305,2263,204,1174,0.3,4,0,0,208,4,47,71,58,28,0.8,30.1
vllm-project/llm-compressor,2025-09,sq-b,ba_vllm-project_llm-compressor__2025-09,12802,175,811,7839,122,2313,2276,207,1164,0.3,6,0,0,213,6,46,70,60,31,0.5,31.1
vllm-project/llm-compressor,2025-10,sq-c,ba_vllm-project_llm-compressor__2025-10,12975,179,827,7949,128,2326,2261,199,1109,0.3,6,0,0,205,5,41,71,59,29,0.8,31.4
vllm-project/llm-compressor,2025-11,sq-a,ba_vllm-project_llm-compressor__2025-11,13400,171,846,8251,126,2442,2475,204,1214,0.3,5,2,0,211,5,41,72,63,30,0.7,30.4
vllm-project/llm-compressor,2025-12,sq-b,ba_vllm-project_llm-compressor__2025-12,13969,177,869,8588,130,2532,2570,218,1261,0.3,6,2,0,226,5,43,75,73,30,1.1,30.1
vllm-project/llm-compressor,2026-01,sq-a,ba_vllm-project_llm-compressor__2026-01,14447,177,877,8839,132,2597,2679,224,1320,0.3,6,2,0,232,4,46,76,77,29,1.2,29.8
vllm-project/llm-compressor,2026-02,sq-b,ba_vllm-project_llm-compressor__2026-02,14457,182,861,8727,132,2547,2619,227,1369,0.3,5,2,0,234,4,49,75,76,30,1.2,29.9
vllm-project/llm-compressor,2026-03,sq-b,ba_vllm-project_llm-compressor__2026-03,14123,186,783,8651,127,2438,2609,225,1353,0.3,5,2,0,232,4,51,72,74,31,1.5,29.2
vllm-project/llm-compressor,2026-04,sq-a,ba_vllm-project_llm-compressor__2026-04,14886,189,829,9106,147,2519,2655,227,1404,0.3,5,2,0,234,4,52,77,71,30,1.1,29.5
vllm-project/llm-compressor,2026-05,sq-b,ba_vllm-project_llm-compressor__2026-05,14707,186,813,8964,147,2473,2638,232,1452,0.3,6,2,0,240,4,53,82,74,27,1.2,29.2
vllm-project/llm-compressor,2026-06,sq-b,ba_vllm-project_llm-compressor__2026-06,15189,187,821,9007,138,2529,2706,211,1488,0.3,6,2,0,219,3,58,69,63,26,0.6,28.7
vllm-project/vllm,2024-05,sq-b,ba_vllm-project_vllm__2024-05,44852,244,2622,24455,535,6202,5737,514,2903,0.2,22,15,0,551,4,131,110,230,76,7.2,18.7
vllm-project/vllm,2024-06,sq-c,ba_vllm-project_vllm__2024-06,55419,296,3277,30531,670,7751,7243,670,3734,0.2,27,14,0,711,4,176,153,278,100,8.0,18.5
vllm-project/vllm,2024-07,sq-a,ba_vllm-project_vllm__2024-07,69415,354,4155,38201,821,9804,9069,728,4468,0.2,37,14,0,779,5,190,170,300,114,7.6,17.7
vllm-project/vllm,2024-08,sq-c,ba_vllm-project_vllm__2024-08,83905,409,4953,46180,963,11967,11201,994,5998,0.2,44,19,0,1057,5,226,225,454,147,7.6,17.8
vllm-project/vllm,2024-09,sq-c,ba_vllm-project_vllm__2024-09,95251,445,5513,52155,1089,13632,13075,1162,7418,0.3,45,24,0,1231,5,265,283,511,167,8.3,17.5
vllm-project/vllm,2024-10,sq-a,ba_vllm-project_vllm__2024-10,107937,500,6105,58890,1224,15342,14949,1282,8763,0.3,52,25,0,1359,6,344,309,517,183,8.9,16.9
vllm-project/vllm,2024-11,sq-b,ba_vllm-project_vllm__2024-11,121137,542,6931,66927,1375,17569,17013,1489,9865,0.3,54,29,0,1572,8,401,357,563,243,9.1,17.0
vllm-project/vllm,2024-12,sq-b,ba_vllm-project_vllm__2024-12,130312,589,7512,72315,1502,19074,18472,1628,10583,0.3,68,52,0,1748,11,430,396,650,261,9.4,17.5
vllm-project/vllm,2025-01,sq-a,ba_vllm-project_vllm__2025-01,141624,626,8137,78262,1654,20732,20131,1806,11753,0.3,72,47,0,1925,13,433,433,763,283,8.6,17.5
vllm-project/vllm,2025-02,sq-a,ba_vllm-project_vllm__2025-02,155158,678,8967,85525,1812,22739,22025,2068,13263,0.3,75,46,0,2189,13,454,489,935,298,8.5,18.1
vllm-project/vllm,2025-03,sq-a,ba_vllm-project_vllm__2025-03,169182,722,9621,93136,1944,24827,24243,2225,14472,0.3,81,34,0,2340,16,487,519,1012,306,8.9,18.4
vllm-project/vllm,2025-04,sq-c,ba_vllm-project_vllm__2025-04,188251,787,10605,103659,2186,27540,27091,2531,16639,0.3,94,39,0,2664,24,541,614,1152,333,9.8,17.9
vllm-project/vllm,2025-05,sq-a,ba_vllm-project_vllm__2025-05,207049,848,11432,113151,2332,29976,29809,2775,18685,0.3,110,41,0,2926,27,620,662,1271,346,9.0,17.5
vllm-project/vllm,2025-06,sq-b,ba_vllm-project_vllm__2025-06,221814,894,12125,121108,2458,32082,32114,2957,19863,0.3,122,41,0,3120,28,644,699,1372,377,9.3,17.8
vllm-project/vllm,2025-07,sq-a,ba_vllm-project_vllm__2025-07,238205,898,12949,129845,2588,34761,35700,3225,22524,0.3,130,43,0,3398,36,717,757,1486,402,9.7,17.1
vllm-project/vllm,2025-08,sq-c,ba_vllm-project_vllm__2025-08,260835,978,13936,141662,2807,37933,39437,3564,25189,0.3,136,51,0,3751,32,804,864,1604,447,9.9,16.9
vllm-project/vllm,2025-09,sq-a,ba_vllm-project_vllm__2025-09,259987,1015,13520,141035,2759,37503,39560,3796,26171,0.3,123,41,0,3960,27,819,871,1818,425,9.1,16.5
vllm-project/vllm,2025-10,sq-c,ba_vllm-project_vllm__2025-10,300316,1088,14492,152243,2946,40694,43325,4135,28962,0.3,129,47,0,4311,31,907,948,1989,436,9.6,15.4
vllm-project/vllm,2025-11,sq-a,ba_vllm-project_vllm__2025-11,321673,1156,15437,162606,3089,43391,46157,4305,30218,0.3,145,54,0,4504,35,950,1005,2046,468,9.1,15.5
vllm-project/vllm,2025-12,sq-a,ba_vllm-project_vllm__2025-12,338778,1235,16282,171687,3239,46077,49138,4469,31365,0.3,154,57,0,4680,33,1006,1022,2144,475,8.7,15.5
vllm-project/vllm,2026-01,sq-c,ba_vllm-project_vllm__2026-01,367764,1361,17781,186994,3550,50145,53435,4711,33608,0.3,153,57,0,4921,25,1081,1032,2303,480,8.6,15.5
vllm-project/vllm,2026-02,sq-c,ba_vllm-project_vllm__2026-02,396938,1463,18867,202045,3760,54313,59001,5017,37262,0.3,167,56,0,5240,32,1175,1097,2464,472,9.1,15.7
vllm-project/vllm,2026-03,sq-a,ba_vllm-project_vllm__2026-03,423601,1567,20079,215088,3998,57855,62298,5343,39398,0.3,176,57,0,5576,32,1255,1173,2640,476,8.6,15.8
vllm-project/vllm,2026-04,sq-b,ba_vllm-project_vllm__2026-04,472522,1746,22221,240019,4381,64473,69428,5997,44057,0.3,221,64,0,6282,47,1366,1275,3083,511,8.5,15.9
vllm-project/vllm,2026-05,sq-c,ba_vllm-project_vllm__2026-05,512014,1883,23733,259133,4598,69730,75238,6684,48560,0.3,256,71,0,7011,49,1459,1368,3616,519,8.6,15.9
zauberzeug/nicegui,2024-03,sq-b,ba_zauberzeug_nicegui__2024-03,23611,440,1494,9761,215,2538,1508,83,587,0.1,6,23,0,112,1,43,36,31,1,16.2,12.0
zauberzeug/nicegui,2024-04,sq-a,ba_zauberzeug_nicegui__2024-04,24196,450,1544,10091,221,2618,1552,81,590,0.1,7,22,0,110,1,44,33,31,1,15.8,12.1
zauberzeug/nicegui,2024-05,sq-b,ba_zauberzeug_nicegui__2024-05,24799,456,1589,10401,226,2703,1610,86,611,0.1,7,22,0,115,1,45,33,35,1,15.8,12.3
zauberzeug/nicegui,2024-06,sq-c,ba_zauberzeug_nicegui__2024-06,25170,460,1624,10585,229,2760,1636,90,631,0.1,8,22,0,120,1,47,34,37,1,15.6,12.3
zauberzeug/nicegui,2024-07,sq-b,ba_zauberzeug_nicegui__2024-07,25331,460,1638,10657,230,2783,1650,93,646,0.1,8,22,0,123,1,47,37,37,1,15.5,12.3
zauberzeug/nicegui,2024-08,sq-c,ba_zauberzeug_nicegui__2024-08,26672,470,1712,11134,236,2951,1788,102,761,0.1,8,22,0,132,1,56,37,37,1,14.9,12.3
zauberzeug/nicegui,2024-09,sq-b,ba_zauberzeug_nicegui__2024-09,26858,470,1721,11229,238,2967,1797,106,791,0.1,8,23,0,137,1,60,38,37,1,14.8,12.3
zauberzeug/nicegui,2024-10,sq-a,ba_zauberzeug_nicegui__2024-10,27181,474,1730,11427,240,3003,1825,107,801,0.1,8,23,0,138,1,61,38,37,1,14.7,12.2
zauberzeug/nicegui,2024-11,sq-a,ba_zauberzeug_nicegui__2024-11,27483,473,1756,11547,240,3043,1851,109,820,0.1,8,23,0,140,1,61,37,40,1,14.6,12.3
zauberzeug/nicegui,2024-12,sq-b,ba_zauberzeug_nicegui__2024-12,27645,473,1771,11658,244,3088,1891,110,841,0.1,10,23,0,143,1,61,39,41,1,14.5,12.2
zauberzeug/nicegui,2025-01,sq-b,ba_zauberzeug_nicegui__2025-01,28317,480,1804,11890,248,3147,1936,113,856,0.1,10,23,0,146,1,61,41,42,1,14.2,12.2
zauberzeug/nicegui,2025-02,sq-c,ba_zauberzeug_nicegui__2025-02,28717,485,1824,12083,250,3202,1998,113,856,0.1,10,24,0,147,1,61,41,43,1,14.0,12.2
zauberzeug/nicegui,2025-03,sq-b,ba_zauberzeug_nicegui__2025-03,28919,487,1841,12184,253,3233,2023,115,879,0.1,10,24,0,149,1,63,41,43,1,13.8,12.4
zauberzeug/nicegui,2025-04,sq-c,ba_zauberzeug_nicegui__2025-04,29199,489,1868,12367,255,3280,2076,112,908,0.1,15,24,0,151,1,62,49,38,1,13.7,12.6
zauberzeug/nicegui,2025-05,sq-c,ba_zauberzeug_nicegui__2025-05,29689,491,1905,12566,258,3348,2113,114,932,0.1,15,17,0,146,1,61,51,32,1,13.4,12.6
zauberzeug/nicegui,2025-06,sq-c,ba_zauberzeug_nicegui__2025-06,29852,492,1914,12642,259,3376,2160,113,947,0.1,15,17,0,145,1,60,51,32,1,13.3,12.6
zauberzeug/nicegui,2025-07,sq-a,ba_zauberzeug_nicegui__2025-07,30548,504,1983,13216,267,3549,2320,126,1066,0.1,15,17,0,158,1,66,58,32,1,13.0,12.8
zauberzeug/nicegui,2025-08,sq-a,ba_zauberzeug_nicegui__2025-08,30731,504,1997,13338,270,3586,2346,128,1071,0.1,14,17,0,159,1,66,58,33,1,12.9,12.9
zauberzeug/nicegui,2025-09,sq-b,ba_zauberzeug_nicegui__2025-09,30764,504,2001,13356,270,3605,2357,129,1073,0.1,14,17,0,160,2,66,58,33,1,12.9,12.9
zauberzeug/nicegui,2025-10,sq-b,ba_zauberzeug_nicegui__2025-10,20534,355,1942,12612,281,3599,2404,130,1089,0.2,8,15,0,153,2,59,58,34,0,0.6,18.5
zauberzeug/nicegui,2025-11,sq-a,ba_zauberzeug_nicegui__2025-11,20903,361,1967,12784,286,3657,2439,136,1136,0.2,7,18,0,161,2,62,63,34,0,0.6,18.5
zauberzeug/nicegui,2025-12,sq-a,ba_zauberzeug_nicegui__2025-12,21060,361,1982,12866,288,3687,2455,136,1137,0.2,7,18,0,161,2,62,63,34,0,0.8,18.5
zauberzeug/nicegui,2026-01,sq-b,ba_zauberzeug_nicegui__2026-01,21946,368,2054,13346,295,3780,2508,153,1248,0.2,8,16,0,177,2,66,76,33,0,0.7,18.7
zauberzeug/nicegui,2026-02,sq-a,ba_zauberzeug_nicegui__2026-02,22200,369,2070,13435,296,3801,2509,153,1258,0.2,8,16,0,177,2,66,76,33,0,0.7,18.6
zauberzeug/nicegui,2026-03,sq-a,ba_zauberzeug_nicegui__2026-03,22628,388,2120,13885,302,3894,2576,148,1209,0.2,8,16,0,172,2,59,77,32,2,0.7,18.6
zfit/zfit,2024-05,sq-b,ba_zfit_zfit__2024-05,24549,123,2047,16792,382,4980,4569,634,3272,0.4,27,0,0,661,10,132,248,56,215,0.8,36.8
zfit/zfit,2024-06,sq-c,ba_zfit_zfit__2024-06,24667,123,2051,16886,384,5001,4619,637,3294,0.4,31,0,0,668,10,135,248,60,215,0.8,36.8
zfit/zfit,2024-07,sq-a,ba_zfit_zfit__2024-07,24702,123,2053,16910,384,5005,4623,637,3294,0.4,30,0,0,667,10,135,247,60,215,0.8,36.8
zfit/zfit,2024-08,sq-c,ba_zfit_zfit__2024-08,24702,123,2053,16910,384,5005,4623,630,3259,0.4,30,0,0,660,10,128,247,60,215,0.8,36.8
zfit/zfit,2024-09,sq-b,ba_zfit_zfit__2024-09,24702,123,2053,16910,384,5005,4623,630,3259,0.4,30,0,0,660,10,128,247,60,215,0.8,37.0
zfit/zfit,2024-10,sq-a,ba_zfit_zfit__2024-10,24941,123,2043,17011,385,5041,4710,610,3166,0.4,30,0,0,640,10,128,234,55,213,0.8,36.9
zfit/zfit,2024-11,sq-a,ba_zfit_zfit__2024-11,25284,124,2051,17244,389,5100,4802,610,3185,0.4,30,0,0,640,10,131,231,55,213,0.8,36.8
zfit/zfit,2024-12,sq-c,ba_zfit_zfit__2024-12,25283,124,2051,17243,389,5101,4803,610,3186,0.4,30,0,0,640,10,131,231,55,213,0.8,36.8
zfit/zfit,2025-01,sq-b,ba_zfit_zfit__2025-01,25284,124,2051,17249,389,5101,4803,610,3186,0.4,30,0,0,640,10,131,231,55,213,0.8,36.8
zfit/zfit,2025-02,sq-c,ba_zfit_zfit__2025-02,25420,124,2061,17330,390,5130,4841,612,3203,0.4,30,0,0,642,10,131,232,55,214,0.8,36.8
zfit/zfit,2025-03,sq-b,ba_zfit_zfit__2025-03,25449,124,2062,17359,390,5139,4858,567,3167,0.4,32,0,0,599,10,131,194,51,213,0.8,36.8
zfit/zfit,2025-04,sq-b,ba_zfit_zfit__2025-04,25449,124,2062,17359,390,5139,4858,567,3167,0.4,32,0,0,599,10,131,194,51,213,0.8,36.8
zfit/zfit,2025-05,sq-b,ba_zfit_zfit__2025-05,25800,123,2053,17711,383,5263,4991,584,3254,0.4,31,0,0,615,9,130,212,51,213,0.8,36.8
zfit/zfit,2025-06,sq-c,ba_zfit_zfit__2025-06,26001,124,2085,17911,384,5354,5106,578,3246,0.4,30,0,0,608,8,132,201,52,215,0.8,37.3
zfit/zfit,2025-07,sq-a,ba_zfit_zfit__2025-07,26237,125,2096,18095,386,5409,5169,575,3222,0.4,30,0,0,605,8,133,196,52,216,0.7,37.3
zfit/zfit,2025-08,sq-a,ba_zfit_zfit__2025-08,26280,125,2098,18108,388,5412,5169,575,3222,0.4,30,0,0,605,8,133,196,52,216,0.7,37.3
zfit/zfit,2025-09,sq-b,ba_zfit_zfit__2025-09,26280,125,2098,18108,388,5412,5169,575,3222,0.4,30,0,0,605,8,133,196,52,216,0.7,37.3
zfit/zfit,2025-10,sq-a,ba_zfit_zfit__2025-10,26280,125,2098,18108,388,5412,5169,575,3222,0.4,30,0,0,605,8,133,196,52,216,0.7,37.3
zfit/zfit,2025-11,sq-b,ba_zfit_zfit__2025-11,27973,134,2247,19490,418,5809,5631,576,3234,0.4,30,0,0,606,8,128,208,43,219,0.6,37.9
zfit/zfit,2025-12,sq-c,ba_zfit_zfit__2025-12,27974,134,2247,19489,418,5809,5631,576,3234,0.4,30,0,0,606,8,128,208,43,219,0.6,37.9
zfit/zfit,2026-01,sq-c,ba_zfit_zfit__2026-01,27989,134,2247,19501,418,5812,5637,576,3234,0.4,30,0,0,606,8,128,208,43,219,0.6,37.9
zfit/zfit,2026-02,sq-c,ba_zfit_zfit__2026-02,28086,134,2255,19588,418,5853,5700,575,3236,0.4,30,0,0,605,8,127,208,43,219,0.6,37.8
zfit/zfit,2026-03,sq-a,ba_zfit_zfit__2026-03,28086,134,2255,19588,418,5853,5700,575,3236,0.4,30,0,0,605,8,127,208,43,219,0.6,37.8
zfit/zfit,2026-04,sq-b,ba_zfit_zfit__2026-04,28086,134,2255,19588,418,5853,5700,575,3236,0.4,30,0,0,605,8,127,208,43,219,0.6,37.8
zfit/zfit,2026-05,sq-c,ba_zfit_zfit__2026-05,28086,134,2255,19588,418,5853,5700,575,3236,0.4,30,0,0,605,8,127,208,43,219,0.6,37.8
