repo,sha,month,offset,period,commit_date,author_date,author_name,author_email,committer_name,committer_email,parents,is_merge,files,insertions,deletions,scope_files,scope_insertions,scope_deletions,agent_files,llm_family,llm_tools,llm_signals,bot,is_revert,pr,subject,message
home-assistant/supervisor,1410a1b06eb14ecd05d5ee26eb5ba13836b37115,2024-01,-12,pre,2024-01-01T14:55:37+01:00,2024-01-01T14:55:37+01:00,dependabot[bot],49699333+dependabot[bot]@users.noreply.github.com,GitHub,noreply@github.com,1,0,1,1,1,0,0,0,,,,,dependabot,0,4792,Bump pytest from 7.4.3 to 7.4.4 (#4792),Bump pytest from 7.4.3 to 7.4.4 (#4792)
home-assistant/supervisor,06ab11cf87134a8f35f4e1a395c625e819bb867e,2024-01,-12,pre,2024-01-02T16:57:05+01:00,2024-01-02T16:57:05+01:00,dependabot[bot],49699333+dependabot[bot]@users.noreply.github.com,GitHub,noreply@github.com,1,0,1,1,1,0,0,0,,,,,dependabot,0,4793,Bump attrs from 23.1.0 to 23.2.0 (#4793),"Bump attrs from 23.1.0 to 23.2.0 (#4793)

Co-authored-by: dependabot[bot] <49699333+dependabot[bot]@users.noreply.github.com>"
home-assistant/supervisor,a7ab96ab129caef7f598ee22e70b3b3e5169272f,2024-01,-12,pre,2024-01-05T08:18:05+01:00,2024-01-05T08:18:05+01:00,dependabot[bot],49699333+dependabot[bot]@users.noreply.github.com,GitHub,noreply@github.com,1,0,1,1,1,0,0,0,,,,,dependabot,0,4799,Bump flake8 from 6.1.0 to 7.0.0 (#4799),"Bump flake8 from 6.1.0 to 7.0.0 (#4799)

Co-authored-by: dependabot[bot] <49699333+dependabot[bot]@users.noreply.github.com>"
home-assistant/supervisor,1b8acb5b60811b0559e89bcf828d82eff4a37967,2024-01,-12,pre,2024-01-05T08:19:40+01:00,2024-01-05T08:19:40+01:00,dependabot[bot],49699333+dependabot[bot]@users.noreply.github.com,GitHub,noreply@github.com,1,0,1,2,2,0,0,0,,,,,dependabot,0,4800,Bump home-assistant/builder from 2023.12.0 to 2024.01.0 (#4800),"Bump home-assistant/builder from 2023.12.0 to 2024.01.0 (#4800)

Co-authored-by: dependabot[bot] <49699333+dependabot[bot]@users.noreply.github.com>"
home-assistant/supervisor,242dd3e6269fbed8f0ef64f8dd69284aafe7b0aa,2024-01,-12,pre,2024-01-08T08:16:11+01:00,2024-01-08T08:16:11+01:00,dependabot[bot],49699333+dependabot[bot]@users.noreply.github.com,GitHub,noreply@github.com,1,0,1,1,1,0,0,0,,,,,dependabot,0,4804,Bump home-assistant/wheels from 2023.10.5 to 2024.01.0 (#4804),Bump home-assistant/wheels from 2023.10.5 to 2024.01.0 (#4804)
home-assistant/supervisor,54b9f23ec5e9c1c92c1c82be94ed7595ec9703ec,2024-01,-12,pre,2024-01-12T09:25:51+01:00,2024-01-12T09:25:51+01:00,dependabot[bot],49699333+dependabot[bot]@users.noreply.github.com,GitHub,noreply@github.com,1,0,1,15,15,0,0,0,,,,,dependabot,0,4813,Bump actions/cache from 3.3.2 to 3.3.3 (#4813),"Bump actions/cache from 3.3.2 to 3.3.3 (#4813)

Co-authored-by: dependabot[bot] <49699333+dependabot[bot]@users.noreply.github.com>"
home-assistant/supervisor,ddd195dfc6274b03a836aced82c08103ef34852f,2024-01,-12,pre,2024-01-12T09:29:34+01:00,2024-01-12T09:29:34+01:00,dependabot[bot],49699333+dependabot[bot]@users.noreply.github.com,GitHub,noreply@github.com,1,0,1,1,1,0,0,0,,,,,dependabot,0,4811,Bump sentry-sdk from 1.39.1 to 1.39.2 (#4811),"Bump sentry-sdk from 1.39.1 to 1.39.2 (#4811)

Co-authored-by: dependabot[bot] <49699333+dependabot[bot]@users.noreply.github.com>"
home-assistant/supervisor,0ae40cb51c73bba77de7b02500a1ac38b9fa16d1,2024-01,-12,pre,2024-01-12T09:31:31+01:00,2024-01-12T09:31:31+01:00,dependabot[bot],49699333+dependabot[bot]@users.noreply.github.com,GitHub,noreply@github.com,1,0,1,1,1,0,0,0,,,,,dependabot,0,4808,Bump gitpython from 3.1.40 to 3.1.41 (#4808),"Bump gitpython from 3.1.40 to 3.1.41 (#4808)

Co-authored-by: dependabot[bot] <49699333+dependabot[bot]@users.noreply.github.com>"
home-assistant/supervisor,57e65714b08c5821b7791fe901d8ca4867e562d2,2024-01,-12,pre,2024-01-12T09:35:09+01:00,2024-01-12T09:35:09+01:00,dependabot[bot],49699333+dependabot[bot]@users.noreply.github.com,GitHub,noreply@github.com,1,0,1,1,1,0,0,0,,,,,dependabot,0,4809,Bump actions/download-artifact from 4.1.0 to 4.1.1 (#4809),"Bump actions/download-artifact from 4.1.0 to 4.1.1 (#4809)

Co-authored-by: dependabot[bot] <49699333+dependabot[bot]@users.noreply.github.com>"
home-assistant/supervisor,2a29b801a43871f1698242c8c24a3016c823e932,2024-01,-12,pre,2024-01-12T09:52:44+01:00,2024-01-12T09:52:44+01:00,dependabot[bot],49699333+dependabot[bot]@users.noreply.github.com,GitHub,noreply@github.com,1,0,1,1,1,0,0,0,,,,,dependabot,0,4810,Bump jinja2 from 3.1.2 to 3.1.3 (#4810),"Bump jinja2 from 3.1.2 to 3.1.3 (#4810)

Co-authored-by: dependabot[bot] <49699333+dependabot[bot]@users.noreply.github.com>"
home-assistant/supervisor,2da27937a5483631d831c8614a045a9415fd60d4,2024-01,-12,pre,2024-01-13T16:35:07+01:00,2024-01-13T10:35:07-05:00,ue1fc990c4f6dfd9c,ue1fc990c4f6dfd9c@users.invalid,GitHub,noreply@github.com,1,0,17,64,66,6,25,14,,,,,,0,4815,Update python to 3.12 (#4815),"Update python to 3.12 (#4815)

* Update python to 3.12

* Fix tests and deprecations

* Fix other references to 3.11

* build.json doesn't exist"
home-assistant/supervisor,eb85be2770589ecf5c2877ff92843ee64afccf89,2024-01,-12,pre,2024-01-13T19:19:01+01:00,2024-01-13T08:19:01-10:00,u83254caa93d5a531,u83254caa93d5a531@users.invalid,GitHub,noreply@github.com,1,0,5,91,24,3,47,23,,,,,,0,4816,Improve json performance by porting core orjson utils (#4816),"Improve json performance by porting core orjson utils (#4816)

* Improve json performance by porting core orjson utils

* port relevant tests

* pylint

* add test for read_json_file

* add test for read_json_file

* remove workaround for core issue we do not have here

---------

Co-authored-by: uee50c2d28dcb940b <uee50c2d28dcb940b@users.invalid>"
home-assistant/supervisor,7101d47e2e9d82b6fc280c7135494a99136d9e80,2024-01,-12,pre,2024-01-14T11:13:21+01:00,2024-01-14T11:13:21+01:00,dependabot[bot],49699333+dependabot[bot]@users.noreply.github.com,GitHub,noreply@github.com,1,0,1,1,1,0,0,0,,,,,dependabot,0,4805,Bump getsentry/action-release from 1.6.0 to 1.7.0 (#4805),"Bump getsentry/action-release from 1.6.0 to 1.7.0 (#4805)

Co-authored-by: dependabot[bot] <49699333+dependabot[bot]@users.noreply.github.com>"
home-assistant/supervisor,9c625f93a599ec5ff60e5d158aed7ac32f997b96,2024-01,-12,pre,2024-01-14T11:20:35+01:00,2024-01-14T00:20:35-10:00,u83254caa93d5a531,u83254caa93d5a531@users.invalid,GitHub,noreply@github.com,1,0,2,2,1,0,0,0,,,,,,0,4817,Fix dirhash failing to import pkg_resources (#4817),Fix dirhash failing to import pkg_resources (#4817)
home-assistant/supervisor,51df986222122dd7ed1ce77e43bb1ef10b77de11,2024-01,-12,pre,2024-01-15T09:15:27+01:00,2024-01-15T09:15:27+01:00,dependabot[bot],49699333+dependabot[bot]@users.noreply.github.com,GitHub,noreply@github.com,1,0,1,1,1,0,0,0,,,,,dependabot,0,4818,Bump actions/upload-artifact from 4.0.0 to 4.1.0 (#4818),"Bump actions/upload-artifact from 4.0.0 to 4.1.0 (#4818)

Co-authored-by: dependabot[bot] <49699333+dependabot[bot]@users.noreply.github.com>"
home-assistant/supervisor,98c01fe1b39620dd9ad23bec63ed123cb9d88d5d,2024-01,-12,pre,2024-01-15T07:53:25-10:00,2024-01-15T18:53:25+01:00,ue9acf10ae3811d11,ue9acf10ae3811d11@users.invalid,GitHub,noreply@github.com,1,0,1,2,1,1,2,1,,,,,,0,4819,Fix add-on rebuild with ingress (#4819),Fix add-on rebuild with ingress (#4819)
home-assistant/supervisor,a6ce55d5b5c03c9fe518d4e35b4702c56fdd3099,2024-01,-12,pre,2024-01-17T07:24:40+01:00,2024-01-17T07:24:40+01:00,dependabot[bot],49699333+dependabot[bot]@users.noreply.github.com,GitHub,noreply@github.com,1,0,1,15,15,0,0,0,,,,,dependabot,0,4821,Bump actions/cache from 3.3.3 to 4.0.0 (#4821),Bump actions/cache from 3.3.3 to 4.0.0 (#4821)
home-assistant/supervisor,41b07da3994bdd4b48d7e753a3aa91a7c313e04b,2024-01,-12,pre,2024-01-17T08:20:06+01:00,2024-01-17T08:20:06+01:00,dependabot[bot],49699333+dependabot[bot]@users.noreply.github.com,GitHub,noreply@github.com,1,0,1,1,1,0,0,0,,,,,dependabot,0,4822,Bump dbus-fast from 2.21.0 to 2.21.1 (#4822),"Bump dbus-fast from 2.21.0 to 2.21.1 (#4822)

Co-authored-by: dependabot[bot] <49699333+dependabot[bot]@users.noreply.github.com>"
home-assistant/supervisor,67a0acffa2b836dc084a9add1a086c57c3841c44,2024-01,-12,pre,2024-01-19T07:38:07+01:00,2024-01-19T07:38:07+01:00,dependabot[bot],49699333+dependabot[bot]@users.noreply.github.com,GitHub,noreply@github.com,1,0,1,1,1,0,0,0,,,,,dependabot,0,4824,Bump actions/upload-artifact from 4.1.0 to 4.2.0 (#4824),Bump actions/upload-artifact from 4.1.0 to 4.2.0 (#4824)
home-assistant/supervisor,d3efd4c24b6ea31f9f58a6d0e3bbe9dedae3df6d,2024-01,-12,pre,2024-01-19T08:44:12+01:00,2024-01-19T08:44:12+01:00,dependabot[bot],49699333+dependabot[bot]@users.noreply.github.com,GitHub,noreply@github.com,1,0,1,1,1,0,0,0,,,,,dependabot,0,4825,Bump orjson from 3.9.10 to 3.9.12 (#4825),"Bump orjson from 3.9.10 to 3.9.12 (#4825)

Co-authored-by: dependabot[bot] <49699333+dependabot[bot]@users.noreply.github.com>"
home-assistant/supervisor,480b383782323532d06b1334fdb293bf26460316,2024-01,-12,pre,2024-01-22T12:09:15-05:00,2024-01-22T12:09:15-05:00,ue1fc990c4f6dfd9c,ue1fc990c4f6dfd9c@users.invalid,GitHub,noreply@github.com,1,0,24,1074,234,15,575,196,,,,,,0,4802,Add background option to backup APIs (#4802),"Add background option to backup APIs (#4802)

* Add background option to backup APIs

* Fix decorator tests

* Working error handling, initial test cases

* Change to schedule_job and always return job id

* Add tests

* Reorder call at/later args

* Validation errors return immediately in background

* None is invalid option for background

* Must pop the background option from body"
home-assistant/supervisor,f80c4c9565fc2af0cc97e060423cc5754b5371b1,2024-01,-12,pre,2024-01-23T17:34:43-10:00,2024-01-23T22:34:43-05:00,ue1fc990c4f6dfd9c,ue1fc990c4f6dfd9c@users.invalid,GitHub,noreply@github.com,1,0,1,1,1,1,1,1,,,,,,0,4833,Fix bootstrap log typo (#4833),Fix bootstrap log typo (#4833)
home-assistant/supervisor,d24543e1039c84d9c8c15aa66204568d98cf6f03,2024-01,-12,pre,2024-01-24T08:29:27+01:00,2024-01-24T08:29:27+01:00,dependabot[bot],49699333+dependabot[bot]@users.noreply.github.com,GitHub,noreply@github.com,1,0,1,1,1,0,0,0,,,,,dependabot,0,4835,Bump actions/upload-artifact from 4.2.0 to 4.3.0 (#4835),"Bump actions/upload-artifact from 4.2.0 to 4.3.0 (#4835)

Co-authored-by: dependabot[bot] <49699333+dependabot[bot]@users.noreply.github.com>"
home-assistant/supervisor,ddadbec7e385d1e2beaf3b32884725709760f12f,2024-01,-12,pre,2024-01-26T08:08:03+01:00,2024-01-26T02:08:03-05:00,ue1fc990c4f6dfd9c,ue1fc990c4f6dfd9c@users.invalid,GitHub,noreply@github.com,1,0,7,70,0,5,40,0,,,,,,0,4832,Addon devs can block auto update for breaking versions (#4832),Addon devs can block auto update for breaking versions (#4832)
home-assistant/supervisor,f5f7515744d4b5d8523cb3300c8e43acfc1047d8,2024-01,-12,pre,2024-01-28T20:36:45+01:00,2024-01-28T20:36:45+01:00,dependabot[bot],49699333+dependabot[bot]@users.noreply.github.com,GitHub,noreply@github.com,1,0,1,1,1,0,0,0,,,,,dependabot,0,4840,Bump codecov/codecov-action from 3.1.4 to 3.1.5 (#4840),"Bump codecov/codecov-action from 3.1.4 to 3.1.5 (#4840)

Co-authored-by: dependabot[bot] <49699333+dependabot[bot]@users.noreply.github.com>"
home-assistant/supervisor,9ccdb2ae3a3e8bbdf01c670fcb82f9e1000391ac,2024-01,-12,pre,2024-01-28T20:54:01+01:00,2024-01-28T20:54:01+01:00,dependabot[bot],49699333+dependabot[bot]@users.noreply.github.com,GitHub,noreply@github.com,1,0,1,1,1,0,0,0,,,,,dependabot,0,4837,Bump cryptography from 41.0.7 to 42.0.1 (#4837),"Bump cryptography from 41.0.7 to 42.0.1 (#4837)

Co-authored-by: dependabot[bot] <49699333+dependabot[bot]@users.noreply.github.com>"
home-assistant/supervisor,137fbe7acd27576930c929dd81f79b90c1d49bb8,2024-01,-12,pre,2024-01-29T08:28:43+01:00,2024-01-29T08:28:43+01:00,dependabot[bot],49699333+dependabot[bot]@users.noreply.github.com,GitHub,noreply@github.com,1,0,1,1,1,0,0,0,,,,,dependabot,0,4849,Bump coverage from 7.4.0 to 7.4.1 (#4849),Bump coverage from 7.4.0 to 7.4.1 (#4849)
home-assistant/supervisor,e190bb4c1ab01ceec54a574db08543c656fb5457,2024-01,-12,pre,2024-01-29T08:53:39+01:00,2024-01-29T08:53:39+01:00,dependabot[bot],49699333+dependabot[bot]@users.noreply.github.com,GitHub,noreply@github.com,1,0,1,1,1,0,0,0,,,,,dependabot,0,4846,Bump colorlog from 6.8.0 to 6.8.2 (#4846),"Bump colorlog from 6.8.0 to 6.8.2 (#4846)

Co-authored-by: dependabot[bot] <49699333+dependabot[bot]@users.noreply.github.com>"
home-assistant/supervisor,e846157c5290e267cf61b6d1003bd1da6d55d1a5,2024-01,-12,pre,2024-01-29T14:35:54-05:00,2024-01-29T14:35:54-05:00,dependabot[bot],49699333+dependabot[bot]@users.noreply.github.com,GitHub,noreply@github.com,1,0,1,1,1,0,0,0,,,,,dependabot,0,4848,Bump aiohttp from 3.9.1 to 3.9.2 (#4848),"Bump aiohttp from 3.9.1 to 3.9.2 (#4848)

Bumps [aiohttp](https://github.com/aio-libs/aiohttp) from 3.9.1 to 3.9.2.
- [Release notes](https://github.com/aio-libs/aiohttp/releases)
- [Changelog](https://github.com/aio-libs/aiohttp/blob/master/CHANGES.rst)
- [Commits](https://github.com/aio-libs/aiohttp/compare/v3.9.1...v3.9.2)

---
updated-dependencies:
- dependency-name: aiohttp
  dependency-type: direct:production
  update-type: version-update:semver-patch
...

Signed-off-by: dependabot[bot] <support@github.com>
Co-authored-by: dependabot[bot] <49699333+dependabot[bot]@users.noreply.github.com>"
home-assistant/supervisor,d1851fa607e547b4ee839cb0f56fa86d6772318a,2024-01,-12,pre,2024-01-29T10:25:43-10:00,2024-01-29T10:25:43-10:00,u83254caa93d5a531,u83254caa93d5a531@users.invalid,GitHub,noreply@github.com,1,0,2,10,2,1,9,2,,,,,,0,4843,Significantly speed up creating backups with isal via zlib-fast (#4843),Significantly speed up creating backups with isal via zlib-fast (#4843)
home-assistant/supervisor,6ed26cdd1f9263a66e67210fef58498754ce4afe,2024-01,-12,pre,2024-01-29T21:36:01-10:00,2024-01-29T21:36:01-10:00,dependabot[bot],49699333+dependabot[bot]@users.noreply.github.com,GitHub,noreply@github.com,1,0,1,1,1,0,0,0,,,,,dependabot,0,4855,Bump aiohttp from 3.9.2 to 3.9.3 (#4855),"Bump aiohttp from 3.9.2 to 3.9.3 (#4855)

Co-authored-by: dependabot[bot] <49699333+dependabot[bot]@users.noreply.github.com>"
home-assistant/supervisor,88d718271d9b2865e32343e5cd05b5b76ad93451,2024-01,-12,pre,2024-01-30T12:21:02+01:00,2024-01-30T06:21:02-05:00,ue1fc990c4f6dfd9c,ue1fc990c4f6dfd9c@users.invalid,GitHub,noreply@github.com,1,0,2,36,2,1,4,1,,,,,,0,4853,Fix serialization issue adding error to job (#4853),Fix serialization issue adding error to job (#4853)
home-assistant/supervisor,140b769a42156b476b92edc5eb8cbff3455c6bd0,2024-01,-12,pre,2024-01-30T08:58:28-05:00,2024-01-30T08:58:28-05:00,ue1fc990c4f6dfd9c,ue1fc990c4f6dfd9c@users.invalid,GitHub,noreply@github.com,1,0,6,50,0,5,35,0,,,,,,0,4838,Auto updates to new version delay for 24 hours (#4838),Auto updates to new version delay for 24 hours (#4838)
home-assistant/supervisor,375789b01927de699f2138bda3689c727e844eaa,2024-01,-12,pre,2024-01-30T09:00:27-05:00,2024-01-30T04:00:27-10:00,u83254caa93d5a531,u83254caa93d5a531@users.invalid,GitHub,noreply@github.com,1,0,2,15,7,2,15,7,,,,,,0,4854,Use orjson encoder for websocket messages (#4854),"Use orjson encoder for websocket messages (#4854)

I missed that these need to have dumps passed"
home-assistant/supervisor,aa91788a69b74d568e1db8549500a9a3604083db,2024-01,-12,pre,2024-01-31T08:09:52+01:00,2024-01-31T08:09:52+01:00,dependabot[bot],49699333+dependabot[bot]@users.noreply.github.com,GitHub,noreply@github.com,1,0,1,1,1,0,0,0,,,,,dependabot,0,4857,Bump codecov/codecov-action from 3.1.5 to 3.1.6 (#4857),"Bump codecov/codecov-action from 3.1.5 to 3.1.6 (#4857)

Co-authored-by: dependabot[bot] <49699333+dependabot[bot]@users.noreply.github.com>"
home-assistant/supervisor,366fc30e9d4d5e297281b323bb9ee92e1686e816,2024-01,-12,pre,2024-01-31T10:11:11-05:00,2024-01-31T10:11:11-05:00,dependabot[bot],49699333+dependabot[bot]@users.noreply.github.com,GitHub,noreply@github.com,1,0,1,1,1,0,0,0,,,,,dependabot,0,4858,Bump sentry-sdk from 1.39.2 to 1.40.0 (#4858),"Bump sentry-sdk from 1.39.2 to 1.40.0 (#4858)

Bumps [sentry-sdk](https://github.com/getsentry/sentry-python) from 1.39.2 to 1.40.0.
- [Release notes](https://github.com/getsentry/sentry-python/releases)
- [Changelog](https://github.com/getsentry/sentry-python/blob/master/CHANGELOG.md)
- [Commits](https://github.com/getsentry/sentry-python/compare/1.39.2...1.40.0)

---
updated-dependencies:
- dependency-name: sentry-sdk
  dependency-type: direct:production
  update-type: version-update:semver-minor
...

Signed-off-by: dependabot[bot] <support@github.com>
Co-authored-by: dependabot[bot] <49699333+dependabot[bot]@users.noreply.github.com>"
home-assistant/supervisor,7e205023797e57e3be7508b8440e4252b4ff8dc1,2024-01,-12,pre,2024-01-31T10:13:34-05:00,2024-01-31T10:13:34-05:00,dependabot[bot],49699333+dependabot[bot]@users.noreply.github.com,GitHub,noreply@github.com,1,0,1,1,1,0,0,0,,,,,dependabot,0,4859,Bump urllib3 from 2.1.0 to 2.2.0 (#4859),"Bump urllib3 from 2.1.0 to 2.2.0 (#4859)

Bumps [urllib3](https://github.com/urllib3/urllib3) from 2.1.0 to 2.2.0.
- [Release notes](https://github.com/urllib3/urllib3/releases)
- [Changelog](https://github.com/urllib3/urllib3/blob/main/CHANGES.rst)
- [Commits](https://github.com/urllib3/urllib3/compare/2.1.0...2.2.0)

---
updated-dependencies:
- dependency-name: urllib3
  dependency-type: direct:production
  update-type: version-update:semver-minor
...

Signed-off-by: dependabot[bot] <support@github.com>
Co-authored-by: dependabot[bot] <49699333+dependabot[bot]@users.noreply.github.com>"
home-assistant/supervisor,765265723ca12310dc36504e379302d01f76f7bf,2024-01,-12,pre,2024-01-31T10:17:24-05:00,2024-01-31T16:17:24+01:00,ue9acf10ae3811d11,ue9acf10ae3811d11@users.invalid,GitHub,noreply@github.com,1,0,1,4,1,1,4,1,,,,,,0,4861,Explicitly log when API requests timeout (#4861),"Explicitly log when API requests timeout (#4861)

Currently a timeout leads to a log entry which simply states:
""Error on call http://172.30.32.1:8123/api/core/state: "". From this,
it is not immeaditly clear what the problem is. This commit adds
a log entry which explicitly states that the request timed out."
home-assistant/supervisor,190894010c3e7b2b7c8377ecd48fccc4fa407cc6,2024-01,-12,pre,2024-01-31T11:41:21-05:00,2024-01-31T17:41:21+01:00,ue9acf10ae3811d11,ue9acf10ae3811d11@users.invalid,GitHub,noreply@github.com,1,0,2,26,15,1,14,9,,,,,,0,4862,Reset failed API call counter on successful API call (#4862),"Reset failed API call counter on successful API call (#4862)

* Reset failed API call counter on successful API call

Make sure to reset the failed API call counter after a successful
API call. While at it also update the log messages a bit to make it
clearer what the problem is exactly.

* Address pytest changes"
home-assistant/supervisor,b1b913777f5915c094b281c0874b326b22a8dc8a,2024-02,-11,pre,2024-02-01T08:53:35+01:00,2024-02-01T08:53:35+01:00,dependabot[bot],49699333+dependabot[bot]@users.noreply.github.com,GitHub,noreply@github.com,1,0,2,2,2,0,0,0,,,,,dependabot,0,4864,Bump sigstore/cosign-installer from 3.3.0 to 3.4.0 (#4864),"Bump sigstore/cosign-installer from 3.3.0 to 3.4.0 (#4864)

Co-authored-by: dependabot[bot] <49699333+dependabot[bot]@users.noreply.github.com>"
home-assistant/supervisor,1626e7460854b53e0669bf27ede8c5387f008b0f,2024-02,-11,pre,2024-02-02T08:50:38+01:00,2024-02-02T08:50:38+01:00,dependabot[bot],49699333+dependabot[bot]@users.noreply.github.com,GitHub,noreply@github.com,1,0,1,1,1,0,0,0,,,,,dependabot,0,4868,Bump release-drafter/release-drafter from 5.25.0 to 6.0.0 (#4868),"Bump release-drafter/release-drafter from 5.25.0 to 6.0.0 (#4868)

Co-authored-by: dependabot[bot] <49699333+dependabot[bot]@users.noreply.github.com>"
home-assistant/supervisor,1242030d4a8e1f848d0ce317c601565339e94811,2024-02,-11,pre,2024-02-02T08:50:53+01:00,2024-02-02T08:50:53+01:00,dependabot[bot],49699333+dependabot[bot]@users.noreply.github.com,GitHub,noreply@github.com,1,0,1,1,1,0,0,0,,,,,dependabot,0,4869,Bump codecov/codecov-action from 3.1.6 to 4.0.1 (#4869),"Bump codecov/codecov-action from 3.1.6 to 4.0.1 (#4869)

Co-authored-by: dependabot[bot] <49699333+dependabot[bot]@users.noreply.github.com>"
home-assistant/supervisor,c3d877bdd20cb8846f19491d5fa11ba815b65070,2024-02,-11,pre,2024-02-02T11:11:50+01:00,2024-02-02T11:11:50+01:00,dependabot[bot],49699333+dependabot[bot]@users.noreply.github.com,GitHub,noreply@github.com,1,0,1,1,1,0,0,0,,,,,dependabot,0,4860,Bump cryptography from 42.0.1 to 42.0.2 (#4860),"Bump cryptography from 42.0.1 to 42.0.2 (#4860)

Co-authored-by: dependabot[bot] <49699333+dependabot[bot]@users.noreply.github.com>"
home-assistant/supervisor,c36c041f5e9fb38ab0ad62b87043a399c0c6c544,2024-02,-11,pre,2024-02-05T08:45:23+01:00,2024-02-05T08:45:23+01:00,dependabot[bot],49699333+dependabot[bot]@users.noreply.github.com,GitHub,noreply@github.com,1,0,1,1,1,0,0,0,,,,,dependabot,0,4873,Bump orjson from 3.9.12 to 3.9.13 (#4873),"Bump orjson from 3.9.12 to 3.9.13 (#4873)

Co-authored-by: dependabot[bot] <49699333+dependabot[bot]@users.noreply.github.com>"
home-assistant/supervisor,1861d756e9f141b2f43941962cfa731942424f63,2024-02,-11,pre,2024-02-05T08:49:14+01:00,2024-02-05T08:49:14+01:00,dependabot[bot],49699333+dependabot[bot]@users.noreply.github.com,GitHub,noreply@github.com,1,0,1,1,1,0,0,0,,,,,dependabot,0,4874,Bump voluptuous from 0.14.1 to 0.14.2 (#4874),"Bump voluptuous from 0.14.1 to 0.14.2 (#4874)

Co-authored-by: dependabot[bot] <49699333+dependabot[bot]@users.noreply.github.com>"
home-assistant/supervisor,7fd6dce55ff3b5317ba87044b53f1bff87f38bbe,2024-02,-11,pre,2024-02-05T11:37:39-05:00,2024-02-05T11:37:39-05:00,ue1fc990c4f6dfd9c,ue1fc990c4f6dfd9c@users.invalid,GitHub,noreply@github.com,1,0,122,672,646,31,125,117,,,,,,0,4852,Migrate to Ruff for lint and format (#4852),"Migrate to Ruff for lint and format (#4852)

* Migrate to Ruff for lint and format

* Fix pylint issues

* DBus property sets into normal awaitable methods

* Fix tests relying on separate tasks in connect

* Fixes from feedback"
home-assistant/supervisor,4c573991d2d94321f6600a9716e764a1521b257e,2024-02,-11,pre,2024-02-05T16:24:53-05:00,2024-02-05T16:24:53-05:00,ue1fc990c4f6dfd9c,ue1fc990c4f6dfd9c@users.invalid,GitHub,noreply@github.com,1,0,11,341,27,6,55,10,,,,,,0,4872,Improve error handling when mounts fail (#4872),Improve error handling when mounts fail (#4872)
home-assistant/supervisor,060bba4dce250582f664aa12c2613aa475a8033a,2024-02,-11,pre,2024-02-06T08:59:06+01:00,2024-02-06T08:59:06+01:00,dependabot[bot],49699333+dependabot[bot]@users.noreply.github.com,GitHub,noreply@github.com,1,0,1,1,1,0,0,0,,,,,dependabot,0,4875,Bump actions/upload-artifact from 4.3.0 to 4.3.1 (#4875),"Bump actions/upload-artifact from 4.3.0 to 4.3.1 (#4875)

Bumps [actions/upload-artifact](https://github.com/actions/upload-artifact) from 4.3.0 to 4.3.1.
- [Release notes](https://github.com/actions/upload-artifact/releases)
- [Commits](https://github.com/actions/upload-artifact/compare/v4.3.0...v4.3.1)

---
updated-dependencies:
- dependency-name: actions/upload-artifact
  dependency-type: direct:production
  update-type: version-update:semver-patch
...

Signed-off-by: dependabot[bot] <support@github.com>
Co-authored-by: dependabot[bot] <49699333+dependabot[bot]@users.noreply.github.com>"
home-assistant/supervisor,5736da8ab7bc8b4165c2f8e327c3693f4af3cc56,2024-02,-11,pre,2024-02-06T08:59:19+01:00,2024-02-06T08:59:19+01:00,dependabot[bot],49699333+dependabot[bot]@users.noreply.github.com,GitHub,noreply@github.com,1,0,1,1,1,0,0,0,,,,,dependabot,0,4876,Bump actions/download-artifact from 4.1.1 to 4.1.2 (#4876),"Bump actions/download-artifact from 4.1.1 to 4.1.2 (#4876)

Bumps [actions/download-artifact](https://github.com/actions/download-artifact) from 4.1.1 to 4.1.2.
- [Release notes](https://github.com/actions/download-artifact/releases)
- [Commits](https://github.com/actions/download-artifact/compare/v4.1.1...v4.1.2)

---
updated-dependencies:
- dependency-name: actions/download-artifact
  dependency-type: direct:production
  update-type: version-update:semver-patch
...

Signed-off-by: dependabot[bot] <support@github.com>
Co-authored-by: dependabot[bot] <49699333+dependabot[bot]@users.noreply.github.com>"
home-assistant/supervisor,c8ff335ed7bb92b59254bd175cbbf953dca881d9,2024-02,-11,pre,2024-02-07T07:54:04+01:00,2024-02-07T07:54:04+01:00,dependabot[bot],49699333+dependabot[bot]@users.noreply.github.com,GitHub,noreply@github.com,1,0,1,1,1,0,0,0,,,,,dependabot,0,4878,Bump awesomeversion from 23.11.0 to 24.2.0 (#4878),"Bump awesomeversion from 23.11.0 to 24.2.0 (#4878)

Co-authored-by: dependabot[bot] <49699333+dependabot[bot]@users.noreply.github.com>"
home-assistant/supervisor,e1b7e515df3a9f882e46dbb51bbcb054208a2fe2,2024-02,-11,pre,2024-02-07T08:19:23+01:00,2024-02-07T08:19:23+01:00,dependabot[bot],49699333+dependabot[bot]@users.noreply.github.com,GitHub,noreply@github.com,1,0,1,1,1,0,0,0,,,,,dependabot,0,4879,Bump sentry-sdk from 1.40.0 to 1.40.1 (#4879),"Bump sentry-sdk from 1.40.0 to 1.40.1 (#4879)

Co-authored-by: dependabot[bot] <49699333+dependabot[bot]@users.noreply.github.com>"
home-assistant/supervisor,8a23a9eb1b3d644056cb139037ccc4d4ba471430,2024-02,-11,pre,2024-02-08T07:25:48+01:00,2024-02-08T07:25:48+01:00,dependabot[bot],49699333+dependabot[bot]@users.noreply.github.com,GitHub,noreply@github.com,1,0,1,1,1,0,0,0,,,,,dependabot,0,4880,Bump sentry-sdk from 1.40.1 to 1.40.2 (#4880),Bump sentry-sdk from 1.40.1 to 1.40.2 (#4880)
home-assistant/supervisor,9c82ce4103b3e533a551f267f9c9b9799c73f476,2024-02,-11,pre,2024-02-09T08:14:07+01:00,2024-02-09T08:14:07+01:00,dependabot[bot],49699333+dependabot[bot]@users.noreply.github.com,GitHub,noreply@github.com,1,0,1,1,1,0,0,0,,,,,dependabot,0,4881,Bump debugpy from 1.8.0 to 1.8.1 (#4881),"Bump debugpy from 1.8.0 to 1.8.1 (#4881)

Co-authored-by: dependabot[bot] <49699333+dependabot[bot]@users.noreply.github.com>"
home-assistant/supervisor,dca82ec0a1c0b6f57f20e33c9c1648a5a6d2308e,2024-02,-11,pre,2024-02-12T08:20:00+01:00,2024-02-12T08:20:00+01:00,dependabot[bot],49699333+dependabot[bot]@users.noreply.github.com,GitHub,noreply@github.com,1,0,1,1,1,0,0,0,,,,,dependabot,0,4886,Bump sentry-sdk from 1.40.2 to 1.40.3 (#4886),Bump sentry-sdk from 1.40.2 to 1.40.3 (#4886)
home-assistant/supervisor,06edb6f8a86ac391cb3da12d89e985364fa74f8c,2024-02,-11,pre,2024-02-12T08:20:35+01:00,2024-02-12T08:20:35+01:00,dependabot[bot],49699333+dependabot[bot]@users.noreply.github.com,GitHub,noreply@github.com,1,0,1,1,1,0,0,0,,,,,dependabot,0,4887,Bump pre-commit from 3.6.0 to 3.6.1 (#4887),Bump pre-commit from 3.6.0 to 3.6.1 (#4887)
home-assistant/supervisor,8e71d69a64d61948c606f08e73b6e30b5221765d,2024-02,-11,pre,2024-02-12T08:31:08+01:00,2024-02-12T08:31:08+01:00,dependabot[bot],49699333+dependabot[bot]@users.noreply.github.com,GitHub,noreply@github.com,1,0,1,1,1,0,0,0,,,,,dependabot,0,4885,Bump setuptools from 69.0.3 to 69.1.0 (#4885),Bump setuptools from 69.0.3 to 69.1.0 (#4885)
home-assistant/supervisor,b5bf270d2246525b920df5795b215cf9033c8cc0,2024-02,-11,pre,2024-02-12T17:32:54+01:00,2024-02-12T11:32:54-05:00,ue1fc990c4f6dfd9c,ue1fc990c4f6dfd9c@users.invalid,GitHub,noreply@github.com,1,0,12,320,103,4,88,51,,,,,,0,4882,Mount status checks look at connection (#4882),"Mount status checks look at connection (#4882)

* Mount status checks look at connection

* Fix tests and refactor to fixture

* Fix test"
home-assistant/supervisor,06a5dd31539f949c870c064f6a3a710fb2d2aad6,2024-02,-11,pre,2024-02-12T19:34:04+01:00,2024-02-12T12:34:04-06:00,u83254caa93d5a531,u83254caa93d5a531@users.invalid,GitHub,noreply@github.com,1,0,1,1,1,0,0,0,,,,,,0,4888,Bump securetar to 2024.2.0 (#4888),Bump securetar to 2024.2.0 (#4888)
home-assistant/supervisor,27c37b8b84ed1131b5ad2c108adcba1417dcc9cb,2024-02,-11,pre,2024-02-14T09:11:26+01:00,2024-02-14T09:11:26+01:00,dependabot[bot],49699333+dependabot[bot]@users.noreply.github.com,GitHub,noreply@github.com,1,0,2,2,2,0,0,0,,,,,dependabot,0,4877,Bump ruff from 0.1.14 to 0.2.1 (#4877),"Bump ruff from 0.1.14 to 0.2.1 (#4877)

* Bump ruff from 0.1.14 to 0.2.1

Bumps [ruff](https://github.com/astral-sh/ruff) from 0.1.14 to 0.2.1.
- [Release notes](https://github.com/astral-sh/ruff/releases)
- [Changelog](https://github.com/astral-sh/ruff/blob/main/CHANGELOG.md)
- [Commits](https://github.com/astral-sh/ruff/compare/v0.1.14...v0.2.1)

---
updated-dependencies:
- dependency-name: ruff
  dependency-type: direct:production
  update-type: version-update:semver-minor
...

Signed-off-by: dependabot[bot] <support@github.com>

* Update .pre-commit-config.yaml

---------

Signed-off-by: dependabot[bot] <support@github.com>
Co-authored-by: dependabot[bot] <49699333+dependabot[bot]@users.noreply.github.com>
Co-authored-by: uee50c2d28dcb940b <uee50c2d28dcb940b@users.invalid>"
home-assistant/supervisor,1f19f84eddab61aef597e2f2729e94890872b312,2024-02,-11,pre,2024-02-14T09:24:43+01:00,2024-02-14T02:24:43-06:00,u83254caa93d5a531,u83254caa93d5a531@users.invalid,GitHub,noreply@github.com,1,0,2,59,29,1,58,28,,,,,,0,4884,Create backups files without having to copy inner tarballs (#4884),"Create backups files without having to copy inner tarballs (#4884)

* Create backups files without having to copy inner tarballs

needs https://github.com/pvizeli/securetar/pull/33

* fix writing json

* fix writing json

* fixes

* fixes

* ensure cleaned up

* need ./

* fix type

* Bump securetar to 2024.2.0

changelog: https://github.com/pvizeli/securetar/compare/2023.12.0...2024.2.0

* backup file is now created sooner

* reorder so comment still makes sense"
home-assistant/supervisor,d79c575860f11fd58c7add92b53a928fe24243eb,2024-02,-11,pre,2024-02-14T09:24:52+01:00,2024-02-14T09:24:52+01:00,dependabot[bot],49699333+dependabot[bot]@users.noreply.github.com,GitHub,noreply@github.com,1,0,1,1,1,0,0,0,,,,,dependabot,0,4890,Bump orjson from 3.9.13 to 3.9.14 (#4890),"Bump orjson from 3.9.13 to 3.9.14 (#4890)

Bumps [orjson](https://github.com/ijl/orjson) from 3.9.13 to 3.9.14.
- [Release notes](https://github.com/ijl/orjson/releases)
- [Changelog](https://github.com/ijl/orjson/blob/master/CHANGELOG.md)
- [Commits](https://github.com/ijl/orjson/compare/3.9.13...3.9.14)

---
updated-dependencies:
- dependency-name: orjson
  dependency-type: direct:production
  update-type: version-update:semver-patch
...

Signed-off-by: dependabot[bot] <support@github.com>
Co-authored-by: dependabot[bot] <49699333+dependabot[bot]@users.noreply.github.com>"
home-assistant/supervisor,897cc36017447914d45003909ea2ff468c69f20d,2024-02,-11,pre,2024-02-14T09:24:58+01:00,2024-02-14T09:24:58+01:00,dependabot[bot],49699333+dependabot[bot]@users.noreply.github.com,GitHub,noreply@github.com,1,0,1,1,1,0,0,0,,,,,dependabot,0,4891,Bump sentry-sdk from 1.40.3 to 1.40.4 (#4891),"Bump sentry-sdk from 1.40.3 to 1.40.4 (#4891)

Bumps [sentry-sdk](https://github.com/getsentry/sentry-python) from 1.40.3 to 1.40.4.
- [Release notes](https://github.com/getsentry/sentry-python/releases)
- [Changelog](https://github.com/getsentry/sentry-python/blob/master/CHANGELOG.md)
- [Commits](https://github.com/getsentry/sentry-python/compare/1.40.3...1.40.4)

---
updated-dependencies:
- dependency-name: sentry-sdk
  dependency-type: direct:production
  update-type: version-update:semver-patch
...

Signed-off-by: dependabot[bot] <support@github.com>
Co-authored-by: dependabot[bot] <49699333+dependabot[bot]@users.noreply.github.com>"
home-assistant/supervisor,e32970f191838fce74895d7f9c7e3de1ae17e497,2024-02,-11,pre,2024-02-16T14:35:31+01:00,2024-02-16T14:35:31+01:00,ue9acf10ae3811d11,ue9acf10ae3811d11@users.invalid,GitHub,noreply@github.com,1,0,1,1,1,1,1,1,,,,,,0,4898,Fix new complaint by ruff 0.2.1 (#4898),Fix new complaint by ruff 0.2.1 (#4898)
home-assistant/supervisor,52e0c7e4842814ec37f95af5862d6a55fe6f1ee9,2024-02,-11,pre,2024-02-16T15:31:31+01:00,2024-02-16T15:31:31+01:00,dependabot[bot],49699333+dependabot[bot]@users.noreply.github.com,GitHub,noreply@github.com,1,0,1,1,1,0,0,0,,,,,dependabot,0,4894,Bump gitpython from 3.1.41 to 3.1.42 (#4894),"Bump gitpython from 3.1.41 to 3.1.42 (#4894)

Co-authored-by: dependabot[bot] <49699333+dependabot[bot]@users.noreply.github.com>"
home-assistant/supervisor,a71111b3788bc8818db9b104f205431fe2ec452c,2024-02,-11,pre,2024-02-16T15:40:54+01:00,2024-02-16T15:40:54+01:00,ue9acf10ae3811d11,ue9acf10ae3811d11@users.invalid,GitHub,noreply@github.com,1,0,2,6,2,2,6,2,,,,,,0,4897,Fix autoupdate time compare (#4897),"Fix autoupdate time compare (#4897)

* Fix autoupdate time compare

Make sure both timestamps are UTC, otherwise Python complains with:
TypeError: can't compare offset-naive and offset-aware datetimes

* Use correect attribute

---------

Co-authored-by: uee50c2d28dcb940b <uee50c2d28dcb940b@users.invalid>"
home-assistant/supervisor,fc4eb44a24aeef2e41d9fa2c01d1aa241b6bc801,2024-02,-11,pre,2024-02-16T22:10:43+01:00,2024-02-16T22:10:43+01:00,dependabot[bot],49699333+dependabot[bot]@users.noreply.github.com,GitHub,noreply@github.com,1,0,1,1,1,0,0,0,,,,,dependabot,0,4895,Bump cryptography from 42.0.2 to 42.0.3 (#4895),"Bump cryptography from 42.0.2 to 42.0.3 (#4895)

Bumps [cryptography](https://github.com/pyca/cryptography) from 42.0.2 to 42.0.3.
- [Changelog](https://github.com/pyca/cryptography/blob/main/CHANGELOG.rst)
- [Commits](https://github.com/pyca/cryptography/compare/42.0.2...42.0.3)

---
updated-dependencies:
- dependency-name: cryptography
  dependency-type: direct:production
  update-type: version-update:semver-patch
...

Signed-off-by: dependabot[bot] <support@github.com>
Co-authored-by: dependabot[bot] <49699333+dependabot[bot]@users.noreply.github.com>
Co-authored-by: u83254caa93d5a531 <u83254caa93d5a531@users.invalid>"
home-assistant/supervisor,90c035edd0d544c901ac33b02bb9ddc48140043e,2024-02,-11,pre,2024-02-19T07:52:18+01:00,2024-02-19T07:52:18+01:00,dependabot[bot],49699333+dependabot[bot]@users.noreply.github.com,GitHub,noreply@github.com,1,0,1,1,1,0,0,0,,,,,dependabot,0,4902,Bump pre-commit from 3.6.1 to 3.6.2 (#4902),Bump pre-commit from 3.6.1 to 3.6.2 (#4902)
home-assistant/supervisor,da052b074afa56be6a848d385e3a615d7b144c15,2024-02,-11,pre,2024-02-19T08:07:18+01:00,2024-02-19T08:07:18+01:00,dependabot[bot],49699333+dependabot[bot]@users.noreply.github.com,GitHub,noreply@github.com,1,0,1,1,1,0,0,0,,,,,dependabot,0,4903,Bump urllib3 from 2.2.0 to 2.2.1 (#4903),Bump urllib3 from 2.2.0 to 2.2.1 (#4903)
home-assistant/supervisor,5467aa399d25437299a8da61ae81b5aa693a8b47,2024-02,-11,pre,2024-02-19T10:37:44+01:00,2024-02-19T10:37:44+01:00,dependabot[bot],49699333+dependabot[bot]@users.noreply.github.com,GitHub,noreply@github.com,1,0,1,1,1,0,0,0,,,,,dependabot,0,4904,Bump ruff from 0.2.1 to 0.2.2 (#4904),"Bump ruff from 0.2.1 to 0.2.2 (#4904)

Bumps [ruff](https://github.com/astral-sh/ruff) from 0.2.1 to 0.2.2.
- [Release notes](https://github.com/astral-sh/ruff/releases)
- [Changelog](https://github.com/astral-sh/ruff/blob/main/CHANGELOG.md)
- [Commits](https://github.com/astral-sh/ruff/compare/v0.2.1...v0.2.2)

---
updated-dependencies:
- dependency-name: ruff
  dependency-type: direct:production
  update-type: version-update:semver-patch
...

Signed-off-by: dependabot[bot] <support@github.com>
Co-authored-by: dependabot[bot] <49699333+dependabot[bot]@users.noreply.github.com>"
home-assistant/supervisor,a598108c264d32535e368106b7dd8a0026ddf049,2024-02,-11,pre,2024-02-20T09:19:15+01:00,2024-02-20T09:19:15+01:00,dependabot[bot],49699333+dependabot[bot]@users.noreply.github.com,GitHub,noreply@github.com,1,0,1,1,1,0,0,0,,,,,dependabot,0,4905,Bump sentry-sdk from 1.40.4 to 1.40.5 (#4905),"Bump sentry-sdk from 1.40.4 to 1.40.5 (#4905)

Bumps [sentry-sdk](https://github.com/getsentry/sentry-python) from 1.40.4 to 1.40.5.
- [Release notes](https://github.com/getsentry/sentry-python/releases)
- [Changelog](https://github.com/getsentry/sentry-python/blob/master/CHANGELOG.md)
- [Commits](https://github.com/getsentry/sentry-python/compare/1.40.4...1.40.5)

---
updated-dependencies:
- dependency-name: sentry-sdk
  dependency-type: direct:production
  update-type: version-update:semver-patch
...

Signed-off-by: dependabot[bot] <support@github.com>
Co-authored-by: dependabot[bot] <49699333+dependabot[bot]@users.noreply.github.com>"
home-assistant/supervisor,c9de846d0e3081fce2740582348266808c33e209,2024-02,-11,pre,2024-02-21T11:36:29-05:00,2024-02-21T11:36:29-05:00,ue1fc990c4f6dfd9c,ue1fc990c4f6dfd9c@users.invalid,GitHub,noreply@github.com,1,0,1,5,2,1,5,2,,,,,,0,4908,Fix missing apis from addons with manager role (#4908),"Fix missing apis from addons with manager role (#4908)

* Allow mount control from addons with manager role

* Allow available_updates and refresh_updates too"
home-assistant/supervisor,5721b2353ad8af2eb33b53edd24835395194e0b2,2024-02,-11,pre,2024-02-26T10:14:50-05:00,2024-02-26T10:14:50-05:00,dependabot[bot],49699333+dependabot[bot]@users.noreply.github.com,GitHub,noreply@github.com,1,0,1,1,1,0,0,0,,,,,dependabot,0,4917,Bump cryptography from 42.0.3 to 42.0.5 (#4917),"Bump cryptography from 42.0.3 to 42.0.5 (#4917)

Bumps [cryptography](https://github.com/pyca/cryptography) from 42.0.3 to 42.0.5.
- [Changelog](https://github.com/pyca/cryptography/blob/main/CHANGELOG.rst)
- [Commits](https://github.com/pyca/cryptography/compare/42.0.3...42.0.5)

---
updated-dependencies:
- dependency-name: cryptography
  dependency-type: direct:production
  update-type: version-update:semver-patch
...

Signed-off-by: dependabot[bot] <support@github.com>
Co-authored-by: dependabot[bot] <49699333+dependabot[bot]@users.noreply.github.com>"
home-assistant/supervisor,e7f9f7504e873ed88130a41df53d7cd10a093f14,2024-02,-11,pre,2024-02-26T10:15:20-05:00,2024-02-26T10:15:20-05:00,dependabot[bot],49699333+dependabot[bot]@users.noreply.github.com,GitHub,noreply@github.com,1,0,1,1,1,0,0,0,,,,,dependabot,0,4918,Bump setuptools from 69.1.0 to 69.1.1 (#4918),"Bump setuptools from 69.1.0 to 69.1.1 (#4918)

Bumps [setuptools](https://github.com/pypa/setuptools) from 69.1.0 to 69.1.1.
- [Release notes](https://github.com/pypa/setuptools/releases)
- [Changelog](https://github.com/pypa/setuptools/blob/main/NEWS.rst)
- [Commits](https://github.com/pypa/setuptools/compare/v69.1.0...v69.1.1)

---
updated-dependencies:
- dependency-name: setuptools
  dependency-type: direct:production
  update-type: version-update:semver-patch
...

Signed-off-by: dependabot[bot] <support@github.com>
Co-authored-by: dependabot[bot] <49699333+dependabot[bot]@users.noreply.github.com>"
home-assistant/supervisor,df935ec423a5fc0593d3ca35ddfccade2c0cadee,2024-02,-11,pre,2024-02-26T10:18:02-05:00,2024-02-26T10:18:02-05:00,dependabot[bot],49699333+dependabot[bot]@users.noreply.github.com,GitHub,noreply@github.com,1,0,2,2,2,0,0,0,,,,,dependabot,0,4919,Bump typing-extensions from 4.9.0 to 4.10.0 (#4919),"Bump typing-extensions from 4.9.0 to 4.10.0 (#4919)

Bumps [typing-extensions](https://github.com/python/typing_extensions) from 4.9.0 to 4.10.0.
- [Release notes](https://github.com/python/typing_extensions/releases)
- [Changelog](https://github.com/python/typing_extensions/blob/main/CHANGELOG.md)
- [Commits](https://github.com/python/typing_extensions/commits)

---
updated-dependencies:
- dependency-name: typing-extensions
  dependency-type: direct:production
  update-type: version-update:semver-minor
...

Signed-off-by: dependabot[bot] <support@github.com>
Co-authored-by: dependabot[bot] <49699333+dependabot[bot]@users.noreply.github.com>"
home-assistant/supervisor,4344e14a9d0a4c6b62fc0bed888a8d1aff29edcd,2024-02,-11,pre,2024-02-26T10:18:32-05:00,2024-02-26T10:18:32-05:00,dependabot[bot],49699333+dependabot[bot]@users.noreply.github.com,GitHub,noreply@github.com,1,0,1,1,1,0,0,0,,,,,dependabot,0,4920,Bump coverage from 7.4.1 to 7.4.3 (#4920),"Bump coverage from 7.4.1 to 7.4.3 (#4920)

Bumps [coverage](https://github.com/nedbat/coveragepy) from 7.4.1 to 7.4.3.
- [Release notes](https://github.com/nedbat/coveragepy/releases)
- [Changelog](https://github.com/nedbat/coveragepy/blob/master/CHANGES.rst)
- [Commits](https://github.com/nedbat/coveragepy/compare/7.4.1...7.4.3)

---
updated-dependencies:
- dependency-name: coverage
  dependency-type: direct:production
  update-type: version-update:semver-patch
...

Signed-off-by: dependabot[bot] <support@github.com>
Co-authored-by: dependabot[bot] <49699333+dependabot[bot]@users.noreply.github.com>"
home-assistant/supervisor,cf4b29c425e9bff22beeb6381d6caa83434f6427,2024-02,-11,pre,2024-02-26T10:22:17-05:00,2024-02-26T10:22:17-05:00,dependabot[bot],49699333+dependabot[bot]@users.noreply.github.com,GitHub,noreply@github.com,1,0,1,1,1,0,0,0,,,,,dependabot,0,4922,Bump orjson from 3.9.14 to 3.9.15 (#4922),"Bump orjson from 3.9.14 to 3.9.15 (#4922)

Bumps [orjson](https://github.com/ijl/orjson) from 3.9.14 to 3.9.15.
- [Release notes](https://github.com/ijl/orjson/releases)
- [Changelog](https://github.com/ijl/orjson/blob/master/CHANGELOG.md)
- [Commits](https://github.com/ijl/orjson/compare/3.9.14...3.9.15)

---
updated-dependencies:
- dependency-name: orjson
  dependency-type: direct:production
  update-type: version-update:semver-patch
...

Signed-off-by: dependabot[bot] <support@github.com>
Co-authored-by: dependabot[bot] <49699333+dependabot[bot]@users.noreply.github.com>"
home-assistant/supervisor,f3fe40a19f0299f57b6aa091dacea232b3b61fc8,2024-02,-11,pre,2024-02-26T10:22:43-05:00,2024-02-26T10:22:43-05:00,dependabot[bot],49699333+dependabot[bot]@users.noreply.github.com,GitHub,noreply@github.com,1,0,1,1,1,0,0,0,,,,,dependabot,0,4923,Bump codecov/codecov-action from 4.0.1 to 4.0.2 (#4923),"Bump codecov/codecov-action from 4.0.1 to 4.0.2 (#4923)

Bumps [codecov/codecov-action](https://github.com/codecov/codecov-action) from 4.0.1 to 4.0.2.
- [Release notes](https://github.com/codecov/codecov-action/releases)
- [Changelog](https://github.com/codecov/codecov-action/blob/main/CHANGELOG.md)
- [Commits](https://github.com/codecov/codecov-action/compare/v4.0.1...v4.0.2)

---
updated-dependencies:
- dependency-name: codecov/codecov-action
  dependency-type: direct:production
  update-type: version-update:semver-patch
...

Signed-off-by: dependabot[bot] <support@github.com>
Co-authored-by: dependabot[bot] <49699333+dependabot[bot]@users.noreply.github.com>"
home-assistant/supervisor,91b48ad43296b470a461ec966b20befaa7d71690,2024-02,-11,pre,2024-02-26T11:02:23-05:00,2024-02-26T11:02:23-05:00,dependabot[bot],49699333+dependabot[bot]@users.noreply.github.com,GitHub,noreply@github.com,1,0,1,1,1,0,0,0,,,,,dependabot,0,4921,Bump pylint from 3.0.3 to 3.1.0 (#4921),"Bump pylint from 3.0.3 to 3.1.0 (#4921)

Bumps [pylint](https://github.com/pylint-dev/pylint) from 3.0.3 to 3.1.0.
- [Release notes](https://github.com/pylint-dev/pylint/releases)
- [Commits](https://github.com/pylint-dev/pylint/compare/v3.0.3...v3.1.0)

---
updated-dependencies:
- dependency-name: pylint
  dependency-type: direct:production
  update-type: version-update:semver-minor
...

Signed-off-by: dependabot[bot] <support@github.com>
Co-authored-by: dependabot[bot] <49699333+dependabot[bot]@users.noreply.github.com>"
home-assistant/supervisor,1ececaaaa215d843dcace35d8614e63a61979c25,2024-02,-11,pre,2024-02-26T10:47:47-10:00,2024-02-26T10:47:47-10:00,u83254caa93d5a531,u83254caa93d5a531@users.invalid,GitHub,noreply@github.com,1,0,1,1,1,0,0,0,,,,,,0,4925,Bump securetar to 2024.2.1 (#4925),Bump securetar to 2024.2.1 (#4925)
home-assistant/supervisor,d493ccde2888c3130b811c749ba2b5804e103d7e,2024-02,-11,pre,2024-02-27T09:57:44+01:00,2024-02-27T09:57:44+01:00,dependabot[bot],49699333+dependabot[bot]@users.noreply.github.com,GitHub,noreply@github.com,1,0,2,5,8,0,0,0,,,,,dependabot,0,4901,Bump pytest from 7.4.4 to 8.0.1 (#4901),"Bump pytest from 7.4.4 to 8.0.1 (#4901)

* Bump pytest from 7.4.4 to 8.0.1

Bumps [pytest](https://github.com/pytest-dev/pytest) from 7.4.4 to 8.0.1.
- [Release notes](https://github.com/pytest-dev/pytest/releases)
- [Changelog](https://github.com/pytest-dev/pytest/blob/main/CHANGELOG.rst)
- [Commits](https://github.com/pytest-dev/pytest/compare/7.4.4...8.0.1)

---
updated-dependencies:
- dependency-name: pytest
  dependency-type: direct:production
  update-type: version-update:semver-major
...

Signed-off-by: dependabot[bot] <support@github.com>

* Update pytest-asyncio to 0.23.5

* Set scope to function on fixture

* Unthrottle by patching last call to prevent carryover

---------

Signed-off-by: dependabot[bot] <support@github.com>
Co-authored-by: dependabot[bot] <49699333+dependabot[bot]@users.noreply.github.com>
Co-authored-by: ue9acf10ae3811d11 <ue9acf10ae3811d11@users.invalid>
Co-authored-by: ue1fc990c4f6dfd9c <ue1fc990c4f6dfd9c@users.invalid>"
home-assistant/supervisor,8884696a6c67253d736a3ddc8bd70c3ce557e587,2024-02,-11,pre,2024-02-27T09:58:21+01:00,2024-02-27T09:58:21+01:00,dependabot[bot],49699333+dependabot[bot]@users.noreply.github.com,GitHub,noreply@github.com,1,0,1,1,1,0,0,0,,,,,dependabot,0,4926,Bump actions/download-artifact from 4.1.2 to 4.1.3 (#4926),"Bump actions/download-artifact from 4.1.2 to 4.1.3 (#4926)

Bumps [actions/download-artifact](https://github.com/actions/download-artifact) from 4.1.2 to 4.1.3.
- [Release notes](https://github.com/actions/download-artifact/releases)
- [Commits](https://github.com/actions/download-artifact/compare/v4.1.2...v4.1.3)

---
updated-dependencies:
- dependency-name: actions/download-artifact
  dependency-type: direct:production
  update-type: version-update:semver-patch
...

Signed-off-by: dependabot[bot] <support@github.com>
Co-authored-by: dependabot[bot] <49699333+dependabot[bot]@users.noreply.github.com>"
home-assistant/supervisor,52d4bc660e2354215c06b23f925a86c0b664fe72,2024-02,-11,pre,2024-02-27T09:59:01+01:00,2024-02-27T09:59:01+01:00,dependabot[bot],49699333+dependabot[bot]@users.noreply.github.com,GitHub,noreply@github.com,1,0,1,1,1,0,0,0,,,,,dependabot,0,4927,Bump codecov/codecov-action from 4.0.2 to 4.1.0 (#4927),"Bump codecov/codecov-action from 4.0.2 to 4.1.0 (#4927)

Bumps [codecov/codecov-action](https://github.com/codecov/codecov-action) from 4.0.2 to 4.1.0.
- [Release notes](https://github.com/codecov/codecov-action/releases)
- [Changelog](https://github.com/codecov/codecov-action/blob/main/CHANGELOG.md)
- [Commits](https://github.com/codecov/codecov-action/compare/v4.0.2...v4.1.0)

---
updated-dependencies:
- dependency-name: codecov/codecov-action
  dependency-type: direct:production
  update-type: version-update:semver-minor
...

Signed-off-by: dependabot[bot] <support@github.com>
Co-authored-by: dependabot[bot] <49699333+dependabot[bot]@users.noreply.github.com>"
home-assistant/supervisor,d524778e4219b6a0619a7156807a15637201f4db,2024-02,-11,pre,2024-02-28T11:16:24+01:00,2024-02-28T11:16:24+01:00,dependabot[bot],49699333+dependabot[bot]@users.noreply.github.com,GitHub,noreply@github.com,1,0,1,1,1,0,0,0,,,,,dependabot,0,4930,Bump sentry-sdk from 1.40.5 to 1.40.6 (#4930),"Bump sentry-sdk from 1.40.5 to 1.40.6 (#4930)

Bumps [sentry-sdk](https://github.com/getsentry/sentry-python) from 1.40.5 to 1.40.6.
- [Release notes](https://github.com/getsentry/sentry-python/releases)
- [Changelog](https://github.com/getsentry/sentry-python/blob/master/CHANGELOG.md)
- [Commits](https://github.com/getsentry/sentry-python/compare/1.40.5...1.40.6)

---
updated-dependencies:
- dependency-name: sentry-sdk
  dependency-type: direct:production
  update-type: version-update:semver-patch
...

Signed-off-by: dependabot[bot] <support@github.com>
Co-authored-by: dependabot[bot] <49699333+dependabot[bot]@users.noreply.github.com>"
home-assistant/supervisor,9c75996c402e14769521486d348ae4d672b768fd,2024-02,-11,pre,2024-02-28T11:16:39+01:00,2024-02-28T11:16:39+01:00,dependabot[bot],49699333+dependabot[bot]@users.noreply.github.com,GitHub,noreply@github.com,1,0,1,1,1,0,0,0,,,,,dependabot,0,4931,Bump pytest from 8.0.1 to 8.0.2 (#4931),"Bump pytest from 8.0.1 to 8.0.2 (#4931)

Bumps [pytest](https://github.com/pytest-dev/pytest) from 8.0.1 to 8.0.2.
- [Release notes](https://github.com/pytest-dev/pytest/releases)
- [Changelog](https://github.com/pytest-dev/pytest/blob/main/CHANGELOG.rst)
- [Commits](https://github.com/pytest-dev/pytest/compare/8.0.1...8.0.2)

---
updated-dependencies:
- dependency-name: pytest
  dependency-type: direct:production
  update-type: version-update:semver-patch
...

Signed-off-by: dependabot[bot] <support@github.com>
Co-authored-by: dependabot[bot] <49699333+dependabot[bot]@users.noreply.github.com>"
home-assistant/supervisor,8b5c808e8c73653f1bb649c71653a0109b124266,2024-02,-11,pre,2024-02-28T13:30:37-05:00,2024-02-28T13:30:37-05:00,ue1fc990c4f6dfd9c,ue1fc990c4f6dfd9c@users.invalid,GitHub,noreply@github.com,1,0,7,247,15,5,60,5,,,,,,0,4912,Allow listing of HA users via admin CLI (#4912),"Allow listing of HA users via admin CLI (#4912)

* Allow listing of HA users via admin CLI

* Filter out system generated users and fields"
home-assistant/supervisor,5126820619cd6323af24e8cc15d38e867afb97ce,2024-02,-11,pre,2024-02-29T10:24:51-05:00,2024-02-29T10:24:51-05:00,ue1fc990c4f6dfd9c,ue1fc990c4f6dfd9c@users.invalid,GitHub,noreply@github.com,1,0,5,63,7,4,21,7,,,,,,0,4913,Allow removing addon config on uninstall (#4913),Allow removing addon config on uninstall (#4913)
home-assistant/supervisor,9d4848ee77c585722fba9f58db56a36612ba1db0,2024-02,-11,pre,2024-02-29T10:29:52-05:00,2024-02-29T10:29:52-05:00,ue1fc990c4f6dfd9c,ue1fc990c4f6dfd9c@users.invalid,GitHub,noreply@github.com,1,0,11,114,7,5,38,3,,,,,,0,4934,Add an admin only device wipe API (#4934),"Add an admin only device wipe API (#4934)

* Add an admin only device wipe API

* Fix pylint issue"
home-assistant/supervisor,98779a48b17e62644990f799cff30e5240e3b555,2024-02,-11,pre,2024-02-29T11:22:21-05:00,2024-02-29T11:22:21-05:00,ue1fc990c4f6dfd9c,ue1fc990c4f6dfd9c@users.invalid,GitHub,noreply@github.com,1,0,1,1,1,1,1,1,,,,,,0,4933,Fix check used for addon auto update (#4933),"Fix check used for addon auto update (#4933)

* Fix check used for addon auto update

* Move timedelta to other side

Co-authored-by: ue9acf10ae3811d11 <ue9acf10ae3811d11@users.invalid>

---------

Co-authored-by: ue9acf10ae3811d11 <ue9acf10ae3811d11@users.invalid>"
home-assistant/supervisor,e5ef6333e40291c69ce032c0b9fb1d6e1b8cf3cb,2024-03,-10,pre,2024-03-01T09:57:05+01:00,2024-03-01T09:57:05+01:00,dependabot[bot],49699333+dependabot[bot]@users.noreply.github.com,GitHub,noreply@github.com,1,0,1,13,13,0,0,0,,,,,dependabot,0,4936,Bump actions/cache from 4.0.0 to 4.0.1 (#4936),"Bump actions/cache from 4.0.0 to 4.0.1 (#4936)

Bumps [actions/cache](https://github.com/actions/cache) from 4.0.0 to 4.0.1.
- [Release notes](https://github.com/actions/cache/releases)
- [Changelog](https://github.com/actions/cache/blob/main/RELEASES.md)
- [Commits](https://github.com/actions/cache/compare/v4.0.0...v4.0.1)

---
updated-dependencies:
- dependency-name: actions/cache
  dependency-type: direct:production
  update-type: version-update:semver-patch
...

Signed-off-by: dependabot[bot] <support@github.com>
Co-authored-by: dependabot[bot] <49699333+dependabot[bot]@users.noreply.github.com>"
home-assistant/supervisor,9c4cdcd11fc78dc07d81134df4cf43ea0349e0a1,2024-03,-10,pre,2024-03-01T09:57:31+01:00,2024-03-01T09:57:31+01:00,dependabot[bot],49699333+dependabot[bot]@users.noreply.github.com,GitHub,noreply@github.com,1,0,1,1,1,0,0,0,,,,,dependabot,0,4935,Bump ruff from 0.2.2 to 0.3.0 (#4935),"Bump ruff from 0.2.2 to 0.3.0 (#4935)

Bumps [ruff](https://github.com/astral-sh/ruff) from 0.2.2 to 0.3.0.
- [Release notes](https://github.com/astral-sh/ruff/releases)
- [Changelog](https://github.com/astral-sh/ruff/blob/main/CHANGELOG.md)
- [Commits](https://github.com/astral-sh/ruff/compare/v0.2.2...v0.3.0)

---
updated-dependencies:
- dependency-name: ruff
  dependency-type: direct:production
  update-type: version-update:semver-minor
...

Signed-off-by: dependabot[bot] <support@github.com>
Co-authored-by: dependabot[bot] <49699333+dependabot[bot]@users.noreply.github.com>"
home-assistant/supervisor,ea5431ef2b680c82ea556439a8e5d17c90487f40,2024-03,-10,pre,2024-03-04T10:56:12+01:00,2024-03-04T10:56:12+01:00,dependabot[bot],49699333+dependabot[bot]@users.noreply.github.com,GitHub,noreply@github.com,1,0,1,1,1,0,0,0,,,,,dependabot,0,4940,Bump time-machine from 2.13.0 to 2.14.0 (#4940),"Bump time-machine from 2.13.0 to 2.14.0 (#4940)

Bumps [time-machine](https://github.com/adamchainz/time-machine) from 2.13.0 to 2.14.0.
- [Changelog](https://github.com/adamchainz/time-machine/blob/main/CHANGELOG.rst)
- [Commits](https://github.com/adamchainz/time-machine/compare/2.13.0...2.14.0)

---
updated-dependencies:
- dependency-name: time-machine
  dependency-type: direct:production
  update-type: version-update:semver-minor
...

Signed-off-by: dependabot[bot] <support@github.com>
Co-authored-by: dependabot[bot] <49699333+dependabot[bot]@users.noreply.github.com>"
home-assistant/supervisor,d5be0c34acfe2811b12f9fd8b6a44d06c3d9fffa,2024-03,-10,pre,2024-03-04T10:56:26+01:00,2024-03-04T10:56:26+01:00,dependabot[bot],49699333+dependabot[bot]@users.noreply.github.com,GitHub,noreply@github.com,1,0,1,1,1,0,0,0,,,,,dependabot,0,4939,Bump actions/download-artifact from 4.1.3 to 4.1.4 (#4939),"Bump actions/download-artifact from 4.1.3 to 4.1.4 (#4939)

Bumps [actions/download-artifact](https://github.com/actions/download-artifact) from 4.1.3 to 4.1.4.
- [Release notes](https://github.com/actions/download-artifact/releases)
- [Commits](https://github.com/actions/download-artifact/compare/v4.1.3...v4.1.4)

---
updated-dependencies:
- dependency-name: actions/download-artifact
  dependency-type: direct:production
  update-type: version-update:semver-patch
...

Signed-off-by: dependabot[bot] <support@github.com>
Co-authored-by: dependabot[bot] <49699333+dependabot[bot]@users.noreply.github.com>"
home-assistant/supervisor,3a2c3e2f84d84b6ae274c16ae3d6de76779c84ca,2024-03,-10,pre,2024-03-04T10:56:41+01:00,2024-03-04T10:56:41+01:00,dependabot[bot],49699333+dependabot[bot]@users.noreply.github.com,GitHub,noreply@github.com,1,0,1,1,1,0,0,0,,,,,dependabot,0,4941,Bump pytest from 8.0.2 to 8.1.0 (#4941),"Bump pytest from 8.0.2 to 8.1.0 (#4941)

Bumps [pytest](https://github.com/pytest-dev/pytest) from 8.0.2 to 8.1.0.
- [Release notes](https://github.com/pytest-dev/pytest/releases)
- [Changelog](https://github.com/pytest-dev/pytest/blob/main/CHANGELOG.rst)
- [Commits](https://github.com/pytest-dev/pytest/compare/8.0.2...8.1.0)

---
updated-dependencies:
- dependency-name: pytest
  dependency-type: direct:production
  update-type: version-update:semver-minor
...

Signed-off-by: dependabot[bot] <support@github.com>
Co-authored-by: dependabot[bot] <49699333+dependabot[bot]@users.noreply.github.com>"
home-assistant/supervisor,bb5e138134e8f0c2062f9ce51a06ec2d296f6987,2024-03,-10,pre,2024-03-04T10:31:27-05:00,2024-03-04T16:31:27+01:00,ue9acf10ae3811d11,ue9acf10ae3811d11@users.invalid,GitHub,noreply@github.com,1,0,1,7,2,1,7,2,,,,,,0,4942,Proxy WebSocket close messages as well (#4942),"Proxy WebSocket close messages as well (#4942)

We can ""proxy"" WebSocket close messages just as well as any
other WebSocket message. This avoids an error print in the Supervisor
logs whenever any one side of the connection closes."
home-assistant/supervisor,2c7b417e251f71b9af511d650a19beb98accfa49,2024-03,-10,pre,2024-03-04T11:09:17-05:00,2024-03-04T11:09:17-05:00,ue1fc990c4f6dfd9c,ue1fc990c4f6dfd9c@users.invalid,GitHub,noreply@github.com,1,0,3,11,4,2,10,3,,,,,,0,4943,APIForbidden should result in 403 status (#4943),APIForbidden should result in 403 status (#4943)
home-assistant/supervisor,202ebf6d4e0ee2f43c9170fccc94b18eba3ca2f6,2024-03,-10,pre,2024-03-04T11:14:51-05:00,2024-03-04T11:14:51-05:00,ue1fc990c4f6dfd9c,ue1fc990c4f6dfd9c@users.invalid,GitHub,noreply@github.com,1,0,2,40,4,1,10,3,,,,,,0,4938,Set core timeout from S6_SERVICES_GRACETIME (#4938),Set core timeout from S6_SERVICES_GRACETIME (#4938)
home-assistant/supervisor,74a58996269d6536a1efd71fb4de687484629e10,2024-03,-10,pre,2024-03-05T16:25:15+01:00,2024-03-05T10:25:15-05:00,ue1fc990c4f6dfd9c,ue1fc990c4f6dfd9c@users.invalid,GitHub,noreply@github.com,1,0,39,67,641,20,3,258,,,,,,0,4937,Remove discovery config validation from supervisor (#4937),"Remove discovery config validation from supervisor (#4937)

* Remove discovery config validation from supervisor

* Remove invalid test

* Change validation to require a dictionary for compatibility"
home-assistant/supervisor,d1b5b1734c55a856c6c9547d91b56f9947849ceb,2024-03,-10,pre,2024-03-07T09:13:37+01:00,2024-03-07T09:13:37+01:00,dependabot[bot],49699333+dependabot[bot]@users.noreply.github.com,GitHub,noreply@github.com,1,0,1,1,1,0,0,0,,,,,dependabot,0,4946,Bump ruff from 0.3.0 to 0.3.1 (#4946),"Bump ruff from 0.3.0 to 0.3.1 (#4946)

Bumps [ruff](https://github.com/astral-sh/ruff) from 0.3.0 to 0.3.1.
- [Release notes](https://github.com/astral-sh/ruff/releases)
- [Changelog](https://github.com/astral-sh/ruff/blob/main/CHANGELOG.md)
- [Commits](https://github.com/astral-sh/ruff/compare/v0.3.0...v0.3.1)

---
updated-dependencies:
- dependency-name: ruff
  dependency-type: direct:production
  update-type: version-update:semver-patch
...

Signed-off-by: dependabot[bot] <support@github.com>
Co-authored-by: dependabot[bot] <49699333+dependabot[bot]@users.noreply.github.com>"
home-assistant/supervisor,daea9f893c38946e862343404e9f14743fc20d69,2024-03,-10,pre,2024-03-08T11:45:20+01:00,2024-03-08T11:45:20+01:00,dependabot[bot],49699333+dependabot[bot]@users.noreply.github.com,GitHub,noreply@github.com,1,0,1,1,1,0,0,0,,,,,dependabot,0,4949,Bump pytest-timeout from 2.2.0 to 2.3.1 (#4949),"Bump pytest-timeout from 2.2.0 to 2.3.1 (#4949)

Co-authored-by: dependabot[bot] <49699333+dependabot[bot]@users.noreply.github.com>"
home-assistant/supervisor,53b8de6c1cf76815e2bf807f653ad6a9db831a0c,2024-03,-10,pre,2024-03-08T13:49:50+01:00,2024-03-08T13:49:50+01:00,dependabot[bot],49699333+dependabot[bot]@users.noreply.github.com,GitHub,noreply@github.com,1,0,1,1,1,0,0,0,,,,,dependabot,0,4950,Bump sentry-sdk from 1.40.6 to 1.41.0 (#4950),"Bump sentry-sdk from 1.40.6 to 1.41.0 (#4950)

Co-authored-by: dependabot[bot] <49699333+dependabot[bot]@users.noreply.github.com>"
home-assistant/supervisor,2e96b163962e236077c0658ffeea2fe41b8c5498,2024-03,-10,pre,2024-03-11T09:40:54+01:00,2024-03-11T09:40:54+01:00,dependabot[bot],49699333+dependabot[bot]@users.noreply.github.com,GitHub,noreply@github.com,1,0,1,1,1,0,0,0,,,,,dependabot,0,4952,Bump pytest from 8.1.0 to 8.1.1 (#4952),"Bump pytest from 8.1.0 to 8.1.1 (#4952)

Bumps [pytest](https://github.com/pytest-dev/pytest) from 8.1.0 to 8.1.1.
- [Release notes](https://github.com/pytest-dev/pytest/releases)
- [Changelog](https://github.com/pytest-dev/pytest/blob/main/CHANGELOG.rst)
- [Commits](https://github.com/pytest-dev/pytest/compare/8.1.0...8.1.1)

---
updated-dependencies:
- dependency-name: pytest
  dependency-type: direct:production
  update-type: version-update:semver-patch
...

Signed-off-by: dependabot[bot] <support@github.com>
Co-authored-by: dependabot[bot] <49699333+dependabot[bot]@users.noreply.github.com>"
home-assistant/supervisor,02c601181849b683ee7939f55ad7d763b8b6db3f,2024-03,-10,pre,2024-03-11T10:06:41+01:00,2024-03-11T10:06:41+01:00,dependabot[bot],49699333+dependabot[bot]@users.noreply.github.com,GitHub,noreply@github.com,1,0,1,1,1,0,0,0,,,,,dependabot,0,4951,Bump ruff from 0.3.1 to 0.3.2 (#4951),"Bump ruff from 0.3.1 to 0.3.2 (#4951)

Bumps [ruff](https://github.com/astral-sh/ruff) from 0.3.1 to 0.3.2.
- [Release notes](https://github.com/astral-sh/ruff/releases)
- [Changelog](https://github.com/astral-sh/ruff/blob/main/CHANGELOG.md)
- [Commits](https://github.com/astral-sh/ruff/compare/v0.3.1...v0.3.2)

---
updated-dependencies:
- dependency-name: ruff
  dependency-type: direct:production
  update-type: version-update:semver-patch
...

Signed-off-by: dependabot[bot] <support@github.com>
Co-authored-by: dependabot[bot] <49699333+dependabot[bot]@users.noreply.github.com>"
home-assistant/supervisor,9ca927dbe76dbd3e57b159366b9f03649a877b75,2024-03,-10,pre,2024-03-13T09:08:27+01:00,2024-03-13T04:08:27-04:00,ue1fc990c4f6dfd9c,ue1fc990c4f6dfd9c@users.invalid,GitHub,noreply@github.com,1,0,2,34,3,1,6,2,,,,,,0,4955,Watchdog does not start core before supervisor (#4955),Watchdog does not start core before supervisor (#4955)
home-assistant/supervisor,c1faed163a3dbf842251a8f2819ce2903ec996e8,2024-03,-10,pre,2024-03-13T10:37:12+01:00,2024-03-13T10:37:12+01:00,dependabot[bot],49699333+dependabot[bot]@users.noreply.github.com,GitHub,noreply@github.com,1,0,4,15,15,0,0,0,,,,,dependabot,0,4956,Bump actions/checkout from 4.1.1 to 4.1.2 (#4956),"Bump actions/checkout from 4.1.1 to 4.1.2 (#4956)

Co-authored-by: dependabot[bot] <49699333+dependabot[bot]@users.noreply.github.com>"
home-assistant/supervisor,36f997959a1f4d933e0ae1d56ac7add1062fd74d,2024-03,-10,pre,2024-03-14T09:05:38+01:00,2024-03-14T09:05:38+01:00,dependabot[bot],49699333+dependabot[bot]@users.noreply.github.com,GitHub,noreply@github.com,1,0,1,1,1,0,0,0,,,,,dependabot,0,4959,Bump sentry-sdk from 1.41.0 to 1.42.0 (#4959),"Bump sentry-sdk from 1.41.0 to 1.42.0 (#4959)

Bumps [sentry-sdk](https://github.com/getsentry/sentry-python) from 1.41.0 to 1.42.0.
- [Release notes](https://github.com/getsentry/sentry-python/releases)
- [Changelog](https://github.com/getsentry/sentry-python/blob/master/CHANGELOG.md)
- [Commits](https://github.com/getsentry/sentry-python/compare/1.41.0...1.42.0)

---
updated-dependencies:
- dependency-name: sentry-sdk
  dependency-type: direct:production
  update-type: version-update:semver-minor
...

Signed-off-by: dependabot[bot] <support@github.com>
Co-authored-by: dependabot[bot] <49699333+dependabot[bot]@users.noreply.github.com>"
home-assistant/supervisor,dd1e76be938f6fd3e1631bbce991e9a70d1417b9,2024-03,-10,pre,2024-03-14T09:06:03+01:00,2024-03-14T09:06:03+01:00,dependabot[bot],49699333+dependabot[bot]@users.noreply.github.com,GitHub,noreply@github.com,1,0,1,1,1,0,0,0,,,,,dependabot,0,4957,Bump docker/login-action from 3.0.0 to 3.1.0 (#4957),"Bump docker/login-action from 3.0.0 to 3.1.0 (#4957)

Bumps [docker/login-action](https://github.com/docker/login-action) from 3.0.0 to 3.1.0.
- [Release notes](https://github.com/docker/login-action/releases)
- [Commits](https://github.com/docker/login-action/compare/v3.0.0...v3.1.0)

---
updated-dependencies:
- dependency-name: docker/login-action
  dependency-type: direct:production
  update-type: version-update:semver-minor
...

Signed-off-by: dependabot[bot] <support@github.com>
Co-authored-by: dependabot[bot] <49699333+dependabot[bot]@users.noreply.github.com>"
home-assistant/supervisor,a8025e77b338557bf19cb610ecd72ac0c5648610,2024-03,-10,pre,2024-03-14T09:39:45+01:00,2024-03-14T09:39:45+01:00,dependabot[bot],49699333+dependabot[bot]@users.noreply.github.com,GitHub,noreply@github.com,1,0,1,1,1,0,0,0,,,,,dependabot,0,4958,Bump setuptools from 69.1.1 to 69.2.0 (#4958),"Bump setuptools from 69.1.1 to 69.2.0 (#4958)

Bumps [setuptools](https://github.com/pypa/setuptools) from 69.1.1 to 69.2.0.
- [Release notes](https://github.com/pypa/setuptools/releases)
- [Changelog](https://github.com/pypa/setuptools/blob/main/NEWS.rst)
- [Commits](https://github.com/pypa/setuptools/compare/v69.1.1...v69.2.0)

---
updated-dependencies:
- dependency-name: setuptools
  dependency-type: direct:production
  update-type: version-update:semver-minor
...

Signed-off-by: dependabot[bot] <support@github.com>
Co-authored-by: dependabot[bot] <49699333+dependabot[bot]@users.noreply.github.com>"
home-assistant/supervisor,c4143daceea5402580d7caffecdbd2389f3f8db7,2024-03,-10,pre,2024-03-15T08:38:29+01:00,2024-03-15T08:38:29+01:00,dependabot[bot],49699333+dependabot[bot]@users.noreply.github.com,GitHub,noreply@github.com,1,0,1,1,1,0,0,0,,,,,dependabot,0,4962,Bump coverage from 7.4.3 to 7.4.4 (#4962),Bump coverage from 7.4.3 to 7.4.4 (#4962)
home-assistant/supervisor,2148de45a007c4526a7930fe5db52795e94430df,2024-03,-10,pre,2024-03-15T10:36:37-04:00,2024-03-15T10:36:37-04:00,ue1fc990c4f6dfd9c,ue1fc990c4f6dfd9c@users.invalid,GitHub,noreply@github.com,1,0,11,315,10,7,204,5,,,,,,0,4945,Allow client to change boot slot via API (#4945),"Allow client to change boot slot via API (#4945)

* Allow client to change boot slot via API

* Wrap call to rauc in job that checks for OS

* Reboot after changing the active boot slot

* Add test cases and clean up

* BootName to BootSlot

* Fix test

* Rename boot_name to boot_slot

* Fix tests after field change"
home-assistant/supervisor,a8af04ff82298fe0f4af7c976f53ea152d80b521,2024-03,-10,pre,2024-03-15T16:43:26+01:00,2024-03-15T11:43:26-04:00,ue1fc990c4f6dfd9c,ue1fc990c4f6dfd9c@users.invalid,GitHub,noreply@github.com,1,0,10,157,35,7,125,32,,,,,,0,4944,Cache existence of addon paths (#4944),"Cache existence of addon paths (#4944)

* Cache existence of addon paths

* Always update submodules

* Switch to an always cached model

* Cache on store addon only

* Fix tests

* refresh_cache to refresh_path_cache

* Fix name change in test

* Move logic into StoreManager"
home-assistant/supervisor,b15a5c2c8796c343264063271aea23504aabd48a,2024-03,-10,pre,2024-03-15T17:50:01+01:00,2024-03-15T17:50:01+01:00,ue9acf10ae3811d11,ue9acf10ae3811d11@users.invalid,GitHub,noreply@github.com,1,0,1,4,2,1,4,2,,,,,,0,4954,Add full year and milliseconds to log timestamp (#4954),"Add full year and milliseconds to log timestamp (#4954)

This synchronizes log timestamps with how Home Assistant Core formats
them: Using the full 4 digit year and milliseconds precision.

See also https://github.com/home-assistant/core/pull/74518."
home-assistant/supervisor,3520a650997efa9c5666d4efb4e05e1ba954d70d,2024-03,-10,pre,2024-03-17T21:16:54-04:00,2024-03-18T01:16:54Z,uedef45479bcc8646,uedef45479bcc8646@users.invalid,GitHub,noreply@github.com,1,0,1,1,0,1,1,0,,,,,,0,4965,Restore lost continue statement (#4965),"Restore lost continue statement (#4965)

Commit 140b769a42156b476b92edc5eb8cbff3455c6bd0 separated the `continue` from its block, so this puts it back"
home-assistant/supervisor,5426bd439215debae5f877672a11338b63f786b3,2024-03,-10,pre,2024-03-18T08:29:33+01:00,2024-03-18T08:29:33+01:00,dependabot[bot],49699333+dependabot[bot]@users.noreply.github.com,GitHub,noreply@github.com,1,0,1,1,1,0,0,0,,,,,dependabot,0,4966,Bump ruff from 0.3.2 to 0.3.3 (#4966),"Bump ruff from 0.3.2 to 0.3.3 (#4966)

Bumps [ruff](https://github.com/astral-sh/ruff) from 0.3.2 to 0.3.3.
- [Release notes](https://github.com/astral-sh/ruff/releases)
- [Changelog](https://github.com/astral-sh/ruff/blob/main/CHANGELOG.md)
- [Commits](https://github.com/astral-sh/ruff/compare/v0.3.2...v0.3.3)

---
updated-dependencies:
- dependency-name: ruff
  dependency-type: direct:production
  update-type: version-update:semver-patch
...

Signed-off-by: dependabot[bot] <support@github.com>
Co-authored-by: dependabot[bot] <49699333+dependabot[bot]@users.noreply.github.com>"
home-assistant/supervisor,0e0fadd72da086f5f06f7baebfbf6b0d5c42c109,2024-03,-10,pre,2024-03-18T18:30:10+01:00,2024-03-18T13:30:10-04:00,ue1fc990c4f6dfd9c,ue1fc990c4f6dfd9c@users.invalid,GitHub,noreply@github.com,1,0,4,297,162,2,47,36,,,,,,0,4964,Fix some expected boot slot fields are optional (#4964),"Fix some expected boot slot fields are optional (#4964)

* Fix some expected boot slot fields are optional

* Move stuff around to make pylint happy"
home-assistant/supervisor,0814552b2ad5228d363a7913d3b711d3afb000c3,2024-03,-10,pre,2024-03-20T09:00:45+01:00,2024-03-20T09:00:45+01:00,uc99e7580c7a8e9ca,uc99e7580c7a8e9ca@users.invalid,GitHub,noreply@github.com,1,0,12,519,41,6,178,19,,,,,,0,4963,Use Journal Export Format for host (advanced) logs (#4963),"Use Journal Export Format for host (advanced) logs (#4963)

* Use Journal Export Format for host (advanced) logs

Add methods for handling Journal Export Format and use it for fetching
of host logs. This is foundation for colored streaming logs for other
endpoints as well.

* Make pylint happier - remove extra pass statement

* Rewrite journal gateway tests to mock ClientResponse's StreamReader

* Handle connection refused error when connecting to journal-gatewayd

* Use SYSTEMD_JOURNAL_GATEWAYD_SOCKET global path also for connection

* Use parsing algorithm suggested by @h2e420d87f773bcbc in review

* Fix timestamps in formatting, always use UTC for now

* Add tests for Accept header in host logs

* Apply suggestions from @h2e420d87f773bcbc

Co-authored-by: ue9acf10ae3811d11 <ue9acf10ae3811d11@users.invalid>

* Bail out of parsing earlier if field is not in required fields

* Fix parsing issue discovered in the wild and add test case

* Make verbose formatter more tolerant

* Use some bytes' native functions for some minor optimizations

* Move MalformedBinaryEntryError to exceptions module, add test for it

---------

Co-authored-by: ue9acf10ae3811d11 <ue9acf10ae3811d11@users.invalid>"
home-assistant/supervisor,138843591e85ce6e6217c5fbc187059602f5ba18,2024-03,-10,pre,2024-03-20T17:00:12+01:00,2024-03-20T12:00:12-04:00,ue1fc990c4f6dfd9c,ue1fc990c4f6dfd9c@users.invalid,GitHub,noreply@github.com,1,0,3,5,5,0,0,0,,,,,,0,4971,Bump cosign to `v2.2.3` and builder to `2024.03.5` (#4971),"Bump cosign to `v2.2.3` and builder to `2024.03.5` (#4971)

* Bump cosign to v2.2.3 and builder to 2024.03.4

* Bump builder to 2024.03.5

* Bump other builder action to 2024.03.5"
home-assistant/supervisor,92daba898fae335608508cbd344a34a56d16b3f7,2024-03,-10,pre,2024-03-20T17:16:45+01:00,2024-03-20T17:16:45+01:00,dependabot[bot],49699333+dependabot[bot]@users.noreply.github.com,GitHub,noreply@github.com,1,0,1,13,13,0,0,0,,,,,dependabot,0,4969,Bump actions/cache from 4.0.1 to 4.0.2 (#4969),"Bump actions/cache from 4.0.1 to 4.0.2 (#4969)

Bumps [actions/cache](https://github.com/actions/cache) from 4.0.1 to 4.0.2.
- [Release notes](https://github.com/actions/cache/releases)
- [Changelog](https://github.com/actions/cache/blob/main/RELEASES.md)
- [Commits](https://github.com/actions/cache/compare/v4.0.1...v4.0.2)

---
updated-dependencies:
- dependency-name: actions/cache
  dependency-type: direct:production
  update-type: version-update:semver-patch
...

Signed-off-by: dependabot[bot] <support@github.com>
Co-authored-by: dependabot[bot] <49699333+dependabot[bot]@users.noreply.github.com>"
home-assistant/supervisor,b6bc8b7b7c08a3db5e8ff55228c0b21432c2ddd4,2024-03,-10,pre,2024-03-20T22:49:15+01:00,2024-03-20T22:49:15+01:00,dependabot[bot],49699333+dependabot[bot]@users.noreply.github.com,GitHub,noreply@github.com,1,0,1,1,1,0,0,0,,,,,dependabot,0,4973,Bump sentry-sdk from 1.42.0 to 1.43.0 (#4973),"Bump sentry-sdk from 1.42.0 to 1.43.0 (#4973)

Bumps [sentry-sdk](https://github.com/getsentry/sentry-python) from 1.42.0 to 1.43.0.
- [Release notes](https://github.com/getsentry/sentry-python/releases)
- [Changelog](https://github.com/getsentry/sentry-python/blob/master/CHANGELOG.md)
- [Commits](https://github.com/getsentry/sentry-python/compare/1.42.0...1.43.0)

---
updated-dependencies:
- dependency-name: sentry-sdk
  dependency-type: direct:production
  update-type: version-update:semver-minor
...

Signed-off-by: dependabot[bot] <support@github.com>
Co-authored-by: dependabot[bot] <49699333+dependabot[bot]@users.noreply.github.com>"
home-assistant/supervisor,d685780a4a2db9e6d1f0825ee4b5b1bca2b2ae7a,2024-03,-10,pre,2024-03-21T15:58:53+01:00,2024-03-21T15:58:53+01:00,uc99e7580c7a8e9ca,uc99e7580c7a8e9ca@users.invalid,GitHub,noreply@github.com,1,0,1,5,3,1,5,3,,,,,,0,4974,Fix IncompleteReadError happening sometimes when reading Systemd logs (#4974),"Fix IncompleteReadError happening sometimes when reading Systemd logs (#4974)

Sometimes an empty line is returned from readuntil when EOF is reached,
which seems to be caused by a race of the EOF check in the loop and
later check in readuntil. With this fix, I am not able to reproduce the
issue anymore."
home-assistant/supervisor,90c971f9f1699bd4a7b70a73657c6bb31ab72abb,2024-03,-10,pre,2024-03-21T18:08:48+01:00,2024-03-21T13:08:48-04:00,ue1fc990c4f6dfd9c,ue1fc990c4f6dfd9c@users.invalid,GitHub,noreply@github.com,1,0,10,170,1,7,56,0,,,,,,0,4968,Unsupported if wrong image used on virtualization (#4968),"Unsupported if wrong image used on virtualization (#4968)

* Unsupported if wrong image used on virtualization

* Add generic-aarch64 as supported image

* Add virtualization field to API

* Change startup to setup in check"
home-assistant/supervisor,f89179fb03317705ce0949d5c52ef7f458710b5b,2024-03,-10,pre,2024-03-25T09:02:43+01:00,2024-03-25T09:02:43+01:00,dependabot[bot],49699333+dependabot[bot]@users.noreply.github.com,GitHub,noreply@github.com,1,0,1,1,1,0,0,0,,,,,dependabot,0,4979,Bump pre-commit from 3.6.2 to 3.7.0 (#4979),Bump pre-commit from 3.6.2 to 3.7.0 (#4979)
home-assistant/supervisor,b19273227bb33cca5441030776a40cb126ac6c96,2024-03,-10,pre,2024-03-25T09:45:36+01:00,2024-03-25T09:45:36+01:00,dependabot[bot],49699333+dependabot[bot]@users.noreply.github.com,GitHub,noreply@github.com,1,0,1,1,1,0,0,0,,,,,dependabot,0,4980,Bump pytest-cov from 4.1.0 to 5.0.0 (#4980),"Bump pytest-cov from 4.1.0 to 5.0.0 (#4980)

Co-authored-by: dependabot[bot] <49699333+dependabot[bot]@users.noreply.github.com>"
home-assistant/supervisor,31409f0c3214469eb23ecee44964656196cab4e0,2024-03,-10,pre,2024-03-25T09:47:47+01:00,2024-03-25T09:47:47+01:00,dependabot[bot],49699333+dependabot[bot]@users.noreply.github.com,GitHub,noreply@github.com,1,0,1,1,1,0,0,0,,,,,dependabot,0,4981,Bump time-machine from 2.14.0 to 2.14.1 (#4981),"Bump time-machine from 2.14.0 to 2.14.1 (#4981)

Co-authored-by: dependabot[bot] <49699333+dependabot[bot]@users.noreply.github.com>
Co-authored-by: uff52318a5888d1e4 <uff52318a5888d1e4@users.invalid>"
home-assistant/supervisor,975dc1bc11435e78adee7d444abfe74839696ebf,2024-03,-10,pre,2024-03-25T11:33:17+01:00,2024-03-25T11:33:17+01:00,dependabot[bot],49699333+dependabot[bot]@users.noreply.github.com,GitHub,noreply@github.com,1,0,1,1,1,0,0,0,,,,,dependabot,0,4975,Bump ruff from 0.3.3 to 0.3.4 (#4975),"Bump ruff from 0.3.3 to 0.3.4 (#4975)

Co-authored-by: dependabot[bot] <49699333+dependabot[bot]@users.noreply.github.com>"
home-assistant/supervisor,3730908881aafa20c3fb1961ddfd2ecb0e4c5de5,2024-03,-10,pre,2024-03-27T08:00:28+01:00,2024-03-27T08:00:28+01:00,dependabot[bot],49699333+dependabot[bot]@users.noreply.github.com,GitHub,noreply@github.com,1,0,2,9,9,0,0,0,,,,,dependabot,0,4983,Bump actions/setup-python from 5.0.0 to 5.1.0 (#4983),"Bump actions/setup-python from 5.0.0 to 5.1.0 (#4983)

Co-authored-by: dependabot[bot] <49699333+dependabot[bot]@users.noreply.github.com>"
home-assistant/supervisor,df167b94c2cbf5358c4b95cdd867ff0a64ec5819,2024-03,-10,pre,2024-03-27T08:33:54+01:00,2024-03-27T08:33:54+01:00,dependabot[bot],49699333+dependabot[bot]@users.noreply.github.com,GitHub,noreply@github.com,1,0,1,1,1,0,0,0,,,,,dependabot,0,4984,Bump codecov/codecov-action from 4.1.0 to 4.1.1 (#4984),"Bump codecov/codecov-action from 4.1.0 to 4.1.1 (#4984)

Co-authored-by: dependabot[bot] <49699333+dependabot[bot]@users.noreply.github.com>"
home-assistant/supervisor,25c326ec6c2d00965b0ec4028ce1c27d45f8e559,2024-03,-10,pre,2024-03-29T08:26:41+01:00,2024-03-29T08:26:41+01:00,dependabot[bot],49699333+dependabot[bot]@users.noreply.github.com,GitHub,noreply@github.com,1,0,1,1,1,0,0,0,,,,,dependabot,0,4990,Bump sentry-sdk from 1.43.0 to 1.44.0 (#4990),"Bump sentry-sdk from 1.43.0 to 1.44.0 (#4990)

Co-authored-by: dependabot[bot] <49699333+dependabot[bot]@users.noreply.github.com>"
home-assistant/supervisor,07619223b0458237734ae13557614c1a97d759ba,2024-04,-9,pre,2024-04-02T08:36:22+02:00,2024-04-02T08:36:22+02:00,dependabot[bot],49699333+dependabot[bot]@users.noreply.github.com,GitHub,noreply@github.com,1,0,1,1,1,0,0,0,,,,,dependabot,0,4992,Bump aiodns from 3.1.1 to 3.2.0 (#4992),"Bump aiodns from 3.1.1 to 3.2.0 (#4992)

Bumps [aiodns](https://github.com/saghul/aiodns) from 3.1.1 to 3.2.0.
- [Release notes](https://github.com/saghul/aiodns/releases)
- [Changelog](https://github.com/saghul/aiodns/blob/master/ChangeLog)
- [Commits](https://github.com/saghul/aiodns/compare/v3.1.1...v3.2.0)

---
updated-dependencies:
- dependency-name: aiodns
  dependency-type: direct:production
  update-type: version-update:semver-minor
...

Signed-off-by: dependabot[bot] <support@github.com>
Co-authored-by: dependabot[bot] <49699333+dependabot[bot]@users.noreply.github.com>"
home-assistant/supervisor,c78e077649e52056fa2f35ce480a64faa92245de,2024-04,-9,pre,2024-04-02T08:36:40+02:00,2024-04-02T08:36:40+02:00,dependabot[bot],49699333+dependabot[bot]@users.noreply.github.com,GitHub,noreply@github.com,1,0,1,1,1,0,0,0,,,,,dependabot,0,4993,Bump gitpython from 3.1.42 to 3.1.43 (#4993),"Bump gitpython from 3.1.42 to 3.1.43 (#4993)

Bumps [gitpython](https://github.com/gitpython-developers/GitPython) from 3.1.42 to 3.1.43.
- [Release notes](https://github.com/gitpython-developers/GitPython/releases)
- [Changelog](https://github.com/gitpython-developers/GitPython/blob/main/CHANGES)
- [Commits](https://github.com/gitpython-developers/GitPython/compare/3.1.42...3.1.43)

---
updated-dependencies:
- dependency-name: gitpython
  dependency-type: direct:production
  update-type: version-update:semver-patch
...

Signed-off-by: dependabot[bot] <support@github.com>
Co-authored-by: dependabot[bot] <49699333+dependabot[bot]@users.noreply.github.com>"
home-assistant/supervisor,ebd1f306061f5d074e46274933d4457e5b871aed,2024-04,-9,pre,2024-04-02T08:38:36+02:00,2024-04-02T08:38:36+02:00,dependabot[bot],49699333+dependabot[bot]@users.noreply.github.com,GitHub,noreply@github.com,1,0,1,1,1,0,0,0,,,,,dependabot,0,4994,Bump ruff from 0.3.4 to 0.3.5 (#4994),"Bump ruff from 0.3.4 to 0.3.5 (#4994)

Bumps [ruff](https://github.com/astral-sh/ruff) from 0.3.4 to 0.3.5.
- [Release notes](https://github.com/astral-sh/ruff/releases)
- [Changelog](https://github.com/astral-sh/ruff/blob/main/CHANGELOG.md)
- [Commits](https://github.com/astral-sh/ruff/compare/v0.3.4...v0.3.5)

---
updated-dependencies:
- dependency-name: ruff
  dependency-type: direct:production
  update-type: version-update:semver-patch
...

Signed-off-by: dependabot[bot] <support@github.com>
Co-authored-by: dependabot[bot] <49699333+dependabot[bot]@users.noreply.github.com>"
home-assistant/supervisor,d26058ac80e36c3b8c9f3b5aed71d5a7b72fae8f,2024-04,-9,pre,2024-04-02T12:25:32+02:00,2024-04-02T12:25:32+02:00,ue9acf10ae3811d11,ue9acf10ae3811d11@users.invalid,GitHub,noreply@github.com,1,0,1,5,5,0,0,0,,,,,,0,4995,Update base images to 3.12-alpine3.19 (#4995),Update base images to 3.12-alpine3.19 (#4995)
home-assistant/supervisor,a9265afd4c8ea0eade40fb8c4f6a392c9ffbc040,2024-04,-9,pre,2024-04-02T21:07:39+02:00,2024-04-02T21:07:39+02:00,ue9acf10ae3811d11,ue9acf10ae3811d11@users.invalid,GitHub,noreply@github.com,1,0,1,2,2,1,2,2,,,,,,0,4986,Format NetworkManager connection name correctly for VLANs (#4986),"Format NetworkManager connection name correctly for VLANs (#4986)

* Format NetworkManager connection name correctly for VLANs

Make sure NetworkManager connections are named correctly for VLANs
as well (<interface-name>.<vlan-id>).

* Avoid extending VLAN configuration name"
home-assistant/supervisor,906e400ab72e51067fb7f436d07bbd043b4508b8,2024-04,-9,pre,2024-04-02T21:07:53+02:00,2024-04-02T21:07:53+02:00,uc99e7580c7a8e9ca,uc99e7580c7a8e9ca@users.invalid,GitHub,noreply@github.com,1,0,5,17,8,1,1,0,,,,,,0,4997,Fix submounts of /dev being read-only with Docker 25+ (#4997),"Fix submounts of /dev being read-only with Docker 25+ (#4997)

As described in #4996, Docker 25+ changes made sub-mounts of the /dev
filesystem to be mounted read-only. Revert to the previous behavior by
adjusting the ReadOnlyNonRecursive option. Cleaner way would be to
upstream support for setting this option via Mount class arguments, so
this change is meant to be rather a hotfix for the issue. Even better
approach would be mounting /dev non-recursively, and taking care of
creating all necessary filesystems when creating containers in
Supervisor."
home-assistant/supervisor,be3f7a6c375d2f8e157de0e27c668cb281228d9f,2024-04,-9,pre,2024-04-04T08:43:36+02:00,2024-04-04T08:43:36+02:00,dependabot[bot],49699333+dependabot[bot]@users.noreply.github.com,GitHub,noreply@github.com,1,0,1,1,1,0,0,0,,,,,dependabot,0,4998,Bump codecov/codecov-action from 4.1.1 to 4.2.0 (#4998),"Bump codecov/codecov-action from 4.1.1 to 4.2.0 (#4998)

Bumps [codecov/codecov-action](https://github.com/codecov/codecov-action) from 4.1.1 to 4.2.0.
- [Release notes](https://github.com/codecov/codecov-action/releases)
- [Changelog](https://github.com/codecov/codecov-action/blob/main/CHANGELOG.md)
- [Commits](https://github.com/codecov/codecov-action/compare/v4.1.1...v4.2.0)

---
updated-dependencies:
- dependency-name: codecov/codecov-action
  dependency-type: direct:production
  update-type: version-update:semver-minor
...

Signed-off-by: dependabot[bot] <support@github.com>
Co-authored-by: dependabot[bot] <49699333+dependabot[bot]@users.noreply.github.com>"
home-assistant/supervisor,56a8a1b5a19bcf36c6fc373bc8888f32e5f087fa,2024-04,-9,pre,2024-04-04T09:12:48+02:00,2024-04-04T09:12:48+02:00,dependabot[bot],49699333+dependabot[bot]@users.noreply.github.com,GitHub,noreply@github.com,1,0,1,1,1,0,0,0,,,,,dependabot,0,4999,Bump sentry-sdk from 1.44.0 to 1.44.1 (#4999),"Bump sentry-sdk from 1.44.0 to 1.44.1 (#4999)

Bumps [sentry-sdk](https://github.com/getsentry/sentry-python) from 1.44.0 to 1.44.1.
- [Release notes](https://github.com/getsentry/sentry-python/releases)
- [Changelog](https://github.com/getsentry/sentry-python/blob/master/CHANGELOG.md)
- [Commits](https://github.com/getsentry/sentry-python/compare/1.44.0...1.44.1)

---
updated-dependencies:
- dependency-name: sentry-sdk
  dependency-type: direct:production
  update-type: version-update:semver-patch
...

Signed-off-by: dependabot[bot] <support@github.com>
Co-authored-by: dependabot[bot] <49699333+dependabot[bot]@users.noreply.github.com>"
home-assistant/supervisor,a894c4589eed3c3ac03370d9d74284c1a6f4086b,2024-04,-9,pre,2024-04-04T12:09:08+02:00,2024-04-04T12:09:08+02:00,uc99e7580c7a8e9ca,uc99e7580c7a8e9ca@users.invalid,GitHub,noreply@github.com,1,0,17,304,137,9,157,84,,,,,,0,4972,Use Systemd Journal API for all logs endpoints in API (#4972),"Use Systemd Journal API for all logs endpoints in API (#4972)

* Use Systemd Journal API for all logs endpoints in API

Replace all logs endpoints using container logs with wrapped
advanced_logs function, adding possibility to get logs from previous
boots and following the logs. Supervisor logs are an excetion where
Docker logs are still used - in case an exception is raised while
accessing the Systemd logs, they're used as fallback - otherwise we
wouldn't have an easy way to see what went wrong.

* Refactor testing of advanced logs endpoints to a common method

* Send error while fetching Supervisor logs to Sentry; minor cleanup

* Properly handle errors and use consistent content type in logs endpoints

* Replace api_process_custom with reworked api_process_raw per @hc20bc83ceb2d6693 suggestion"
home-assistant/supervisor,c3c17b2bc30f24a6940523fad743bf57321705de,2024-04,-9,pre,2024-04-05T09:40:57+02:00,2024-04-05T09:40:57+02:00,ue9acf10ae3811d11,ue9acf10ae3811d11@users.invalid,GitHub,noreply@github.com,1,0,1,5,0,1,5,0,,,,,,0,5000,Increase DNS timeout for CoreDNS users (#5000),"Increase DNS timeout for CoreDNS users (#5000)

* Increase DNS timeout for CoreDNS users

CoreDNS forward plug-in fails in ~6s, then fallback triggers.
However, the default timeout of glibc and musl is 5s. Increase
default timeout to make sure CoreDNS fallback is working
on first query.

* Pass option as list"
home-assistant/supervisor,f9aedadee60db23841df19c87b5aae2716729763,2024-04,-9,pre,2024-04-08T08:52:23+02:00,2024-04-08T08:52:23+02:00,dependabot[bot],49699333+dependabot[bot]@users.noreply.github.com,GitHub,noreply@github.com,1,0,2,2,2,0,0,0,,,,,dependabot,0,5002,Bump typing-extensions from 4.10.0 to 4.11.0 (#5002),"Bump typing-extensions from 4.10.0 to 4.11.0 (#5002)

Co-authored-by: dependabot[bot] <49699333+dependabot[bot]@users.noreply.github.com>"
home-assistant/supervisor,501c9579fb87f036c363fd70f0acfe3b70899ecd,2024-04,-9,pre,2024-04-08T10:06:44+02:00,2024-04-08T10:06:44+02:00,dependabot[bot],49699333+dependabot[bot]@users.noreply.github.com,GitHub,noreply@github.com,1,0,1,1,1,0,0,0,,,,,dependabot,0,5003,Bump pulsectl from 23.5.2 to 24.4.0 (#5003),"Bump pulsectl from 23.5.2 to 24.4.0 (#5003)

Bumps [pulsectl](https://github.com/mk-fg/python-pulse-control) from 23.5.2 to 24.4.0.
- [Changelog](https://github.com/mk-fg/python-pulse-control/blob/master/CHANGES.rst)
- [Commits](https://github.com/mk-fg/python-pulse-control/commits)

---
updated-dependencies:
- dependency-name: pulsectl
  dependency-type: direct:production
  update-type: version-update:semver-major
...

Signed-off-by: dependabot[bot] <support@github.com>
Co-authored-by: dependabot[bot] <49699333+dependabot[bot]@users.noreply.github.com>"
home-assistant/supervisor,97e9dfff3ffcc7502fccfe53980e4a9d3fb41bb9,2024-04,-9,pre,2024-04-10T09:26:36+02:00,2024-04-10T09:26:36+02:00,dependabot[bot],49699333+dependabot[bot]@users.noreply.github.com,GitHub,noreply@github.com,1,0,1,1,1,0,0,0,,,,,dependabot,0,5007,Bump codecov/codecov-action from 4.2.0 to 4.3.0 (#5007),"Bump codecov/codecov-action from 4.2.0 to 4.3.0 (#5007)

Bumps [codecov/codecov-action](https://github.com/codecov/codecov-action) from 4.2.0 to 4.3.0.
- [Release notes](https://github.com/codecov/codecov-action/releases)
- [Changelog](https://github.com/codecov/codecov-action/blob/main/CHANGELOG.md)
- [Commits](https://github.com/codecov/codecov-action/compare/v4.2.0...v4.3.0)

---
updated-dependencies:
- dependency-name: codecov/codecov-action
  dependency-type: direct:production
  update-type: version-update:semver-minor
...

Signed-off-by: dependabot[bot] <support@github.com>
Co-authored-by: dependabot[bot] <49699333+dependabot[bot]@users.noreply.github.com>"
home-assistant/supervisor,55ed63cc798ed53995c4ffb6d1e08de593992649,2024-04,-9,pre,2024-04-10T09:28:28+02:00,2024-04-10T09:28:28+02:00,dependabot[bot],49699333+dependabot[bot]@users.noreply.github.com,GitHub,noreply@github.com,1,0,1,1,1,0,0,0,,,,,dependabot,0,5006,Bump dirhash from 0.2.1 to 0.3.0 (#5006),"Bump dirhash from 0.2.1 to 0.3.0 (#5006)

Bumps [dirhash](https://github.com/andhus/dirhash-python) from 0.2.1 to 0.3.0.
- [Release notes](https://github.com/andhus/dirhash-python/releases)
- [Changelog](https://github.com/andhus/dirhash-python/blob/master/CHANGELOG.md)
- [Commits](https://github.com/andhus/dirhash-python/compare/v0.2.1...v0.3.0)

---
updated-dependencies:
- dependency-name: dirhash
  dependency-type: direct:production
  update-type: version-update:semver-minor
...

Signed-off-by: dependabot[bot] <support@github.com>
Co-authored-by: dependabot[bot] <49699333+dependabot[bot]@users.noreply.github.com>"
home-assistant/supervisor,50a2e8fde33f652b532bd37fc83fe83b3c3de1f9,2024-04,-9,pre,2024-04-10T10:25:22+02:00,2024-04-10T04:25:22-04:00,ue1fc990c4f6dfd9c,ue1fc990c4f6dfd9c@users.invalid,GitHub,noreply@github.com,1,0,28,640,238,19,268,231,,,,,,0,4991,Allow adoption of existing data disk (#4991),"Allow adoption of existing data disk (#4991)

* Allow adoption of existing data disk

* Fix existing tests

* Add test cases and fix image issues

* Fix addon build test

* Run checks during setup not startup

* Addon load mimics plugin and HA load for docker part

* Default image accessible in except"
home-assistant/supervisor,a0735f3585a6b0347df520b003af83baccf4449a,2024-04,-9,pre,2024-04-10T11:36:18+02:00,2024-04-10T05:36:18-04:00,ue1fc990c4f6dfd9c,ue1fc990c4f6dfd9c@users.invalid,GitHub,noreply@github.com,1,0,0,0,0,0,0,0,,,,,,0,4991,Allow adoption of existing data disk (#4991),"Allow adoption of existing data disk (#4991)

* Allow adoption of existing data disk

* Fix existing tests

* Add test cases and fix image issues

* Fix addon build test

* Run checks during setup not startup

* Addon load mimics plugin and HA load for docker part

* Default image accessible in except"
home-assistant/supervisor,22e50d56dbccd89212fd1fc65011cc3a37026cc3,2024-04,-9,pre,2024-04-11T08:55:50+02:00,2024-04-11T08:55:50+02:00,dependabot[bot],49699333+dependabot[bot]@users.noreply.github.com,GitHub,noreply@github.com,1,0,2,2,2,0,0,0,,,,,dependabot,0,5013,Bump sigstore/cosign-installer from 3.4.0 to 3.5.0 (#5013),"Bump sigstore/cosign-installer from 3.4.0 to 3.5.0 (#5013)

Bumps [sigstore/cosign-installer](https://github.com/sigstore/cosign-installer) from 3.4.0 to 3.5.0.
- [Release notes](https://github.com/sigstore/cosign-installer/releases)
- [Commits](https://github.com/sigstore/cosign-installer/compare/v3.4.0...v3.5.0)

---
updated-dependencies:
- dependency-name: sigstore/cosign-installer
  dependency-type: direct:production
  update-type: version-update:semver-minor
...

Signed-off-by: dependabot[bot] <support@github.com>
Co-authored-by: dependabot[bot] <49699333+dependabot[bot]@users.noreply.github.com>"
home-assistant/supervisor,8c3a520512563a1b0a94429a6e1e862eb789f0cc,2024-04,-9,pre,2024-04-11T08:56:48+02:00,2024-04-11T08:56:48+02:00,dependabot[bot],49699333+dependabot[bot]@users.noreply.github.com,GitHub,noreply@github.com,1,0,1,1,1,0,0,0,,,,,dependabot,0,5012,Bump sentry-sdk from 1.44.1 to 1.45.0 (#5012),"Bump sentry-sdk from 1.44.1 to 1.45.0 (#5012)

Bumps [sentry-sdk](https://github.com/getsentry/sentry-python) from 1.44.1 to 1.45.0.
- [Release notes](https://github.com/getsentry/sentry-python/releases)
- [Changelog](https://github.com/getsentry/sentry-python/blob/master/CHANGELOG.md)
- [Commits](https://github.com/getsentry/sentry-python/compare/1.44.1...1.45.0)

---
updated-dependencies:
- dependency-name: sentry-sdk
  dependency-type: direct:production
  update-type: version-update:semver-minor
...

Signed-off-by: dependabot[bot] <support@github.com>
Co-authored-by: dependabot[bot] <49699333+dependabot[bot]@users.noreply.github.com>"
home-assistant/supervisor,f0e2fb3f571a867cf638fc0620ba6142c0df8e0b,2024-04,-9,pre,2024-04-11T15:06:57+02:00,2024-04-11T09:06:57-04:00,ue1fc990c4f6dfd9c,ue1fc990c4f6dfd9c@users.invalid,GitHub,noreply@github.com,1,0,2,31,1,1,1,1,,,,,,0,5011,Addon load should not fail due to docker error (#5011),Addon load should not fail due to docker error (#5011)
home-assistant/supervisor,672a7621f93c0fb99eed1dd7fb06af81f518a1c0,2024-04,-9,pre,2024-04-11T13:53:19-04:00,2024-04-11T13:53:19-04:00,ue1fc990c4f6dfd9c,ue1fc990c4f6dfd9c@users.invalid,GitHub,noreply@github.com,1,0,12,329,49,5,91,8,,,,,,0,5010,Adopt a disabled data disk (#5010),Adopt a disabled data disk (#5010)
home-assistant/supervisor,7d384f6160982c176d2795e528bc01e9aead5fcc,2024-04,-9,pre,2024-04-12T08:45:52+02:00,2024-04-12T08:45:52+02:00,dependabot[bot],49699333+dependabot[bot]@users.noreply.github.com,GitHub,noreply@github.com,1,0,1,1,1,0,0,0,,,,,dependabot,0,5015,Bump ruff from 0.3.5 to 0.3.7 (#5015),"Bump ruff from 0.3.5 to 0.3.7 (#5015)

Co-authored-by: dependabot[bot] <49699333+dependabot[bot]@users.noreply.github.com>"
home-assistant/supervisor,4857c2e2439a187ead98c21bf29a8a325acaab47,2024-04,-9,pre,2024-04-12T08:51:07+02:00,2024-04-11T20:51:07-10:00,u83254caa93d5a531,u83254caa93d5a531@users.invalid,GitHub,noreply@github.com,1,0,1,1,1,0,0,0,,,,,,0,4899,Bump aiohttp to 3.9.4 (#4899),Bump aiohttp to 3.9.4 (#4899)
home-assistant/supervisor,dfd8fe84e02e799e2c0c97b80b54404d10d54d09,2024-04,-9,pre,2024-04-12T12:02:29+02:00,2024-04-12T06:02:29-04:00,ue1fc990c4f6dfd9c,ue1fc990c4f6dfd9c@users.invalid,GitHub,noreply@github.com,1,0,3,59,20,2,16,16,,,,,,0,5014,Mount manager reload mounts all failed mounts (#5014),"Mount manager reload mounts all failed mounts (#5014)

* Mount manager reload mounts all failed mounts

* Remove invalid part of mount manager reload test"
home-assistant/supervisor,b4a79bd0687ad15435d8d8e581d8f796b2859060,2024-04,-9,pre,2024-04-15T08:58:39+02:00,2024-04-15T08:58:39+02:00,dependabot[bot],49699333+dependabot[bot]@users.noreply.github.com,GitHub,noreply@github.com,1,0,1,1,1,0,0,0,,,,,dependabot,0,5018,Bump setuptools from 69.2.0 to 69.5.1 (#5018),Bump setuptools from 69.2.0 to 69.5.1 (#5018)
home-assistant/supervisor,06513e88c62131ebaa0d52662b9c8d7f62f8391c,2024-04,-9,pre,2024-04-17T08:54:56+02:00,2024-04-17T02:54:56-04:00,ue1fc990c4f6dfd9c,ue1fc990c4f6dfd9c@users.invalid,GitHub,noreply@github.com,1,0,5,47,3,4,24,3,,,,,,0,5017,Allow restarting core in safe mode (#5017),Allow restarting core in safe mode (#5017)
home-assistant/supervisor,f1cb9ca08edf9d64d27039cf5dc362b7f97141df,2024-04,-9,pre,2024-04-17T08:59:30+02:00,2024-04-17T08:59:30+02:00,dependabot[bot],49699333+dependabot[bot]@users.noreply.github.com,GitHub,noreply@github.com,1,0,1,1,1,0,0,0,,,,,dependabot,0,5019,Bump orjson from 3.9.15 to 3.10.1 (#5019),"Bump orjson from 3.9.15 to 3.10.1 (#5019)

Bumps [orjson](https://github.com/ijl/orjson) from 3.9.15 to 3.10.1.
- [Release notes](https://github.com/ijl/orjson/releases)
- [Changelog](https://github.com/ijl/orjson/blob/master/CHANGELOG.md)
- [Commits](https://github.com/ijl/orjson/compare/3.9.15...3.10.1)

---
updated-dependencies:
- dependency-name: orjson
  dependency-type: direct:production
  update-type: version-update:semver-minor
...

Signed-off-by: dependabot[bot] <support@github.com>
Co-authored-by: dependabot[bot] <49699333+dependabot[bot]@users.noreply.github.com>"
home-assistant/supervisor,b09230a884d93eff0f8baf7db60f39d061af2710,2024-04,-9,pre,2024-04-17T09:01:18+02:00,2024-04-17T09:01:18+02:00,dependabot[bot],49699333+dependabot[bot]@users.noreply.github.com,GitHub,noreply@github.com,1,0,1,1,1,0,0,0,,,,,dependabot,0,5020,Bump aiohttp from 3.9.4 to 3.9.5 (#5020),"Bump aiohttp from 3.9.4 to 3.9.5 (#5020)

Bumps [aiohttp](https://github.com/aio-libs/aiohttp) from 3.9.4 to 3.9.5.
- [Release notes](https://github.com/aio-libs/aiohttp/releases)
- [Changelog](https://github.com/aio-libs/aiohttp/blob/master/CHANGES.rst)
- [Commits](https://github.com/aio-libs/aiohttp/compare/v3.9.4...v3.9.5)

---
updated-dependencies:
- dependency-name: aiohttp
  dependency-type: direct:production
  update-type: version-update:semver-patch
...

Signed-off-by: dependabot[bot] <support@github.com>
Co-authored-by: dependabot[bot] <49699333+dependabot[bot]@users.noreply.github.com>"
home-assistant/supervisor,ba922a1aaa8df7e31cc3c9717d340a70056826dc,2024-04,-9,pre,2024-04-19T09:40:19+02:00,2024-04-19T09:40:19+02:00,dependabot[bot],49699333+dependabot[bot]@users.noreply.github.com,GitHub,noreply@github.com,1,0,1,1,1,0,0,0,,,,,dependabot,0,5027,Bump ruff from 0.3.7 to 0.4.0 (#5027),"Bump ruff from 0.3.7 to 0.4.0 (#5027)

Bumps [ruff](https://github.com/astral-sh/ruff) from 0.3.7 to 0.4.0.
- [Release notes](https://github.com/astral-sh/ruff/releases)
- [Changelog](https://github.com/astral-sh/ruff/blob/main/CHANGELOG.md)
- [Commits](https://github.com/astral-sh/ruff/compare/v0.3.7...v0.4.0)

---
updated-dependencies:
- dependency-name: ruff
  dependency-type: direct:production
  update-type: version-update:semver-minor
...

Signed-off-by: dependabot[bot] <support@github.com>
Co-authored-by: dependabot[bot] <49699333+dependabot[bot]@users.noreply.github.com>"
home-assistant/supervisor,a70e8cfe5841cc03cebe7e23936282b775cb3c4a,2024-04,-9,pre,2024-04-19T09:41:06+02:00,2024-04-19T09:41:06+02:00,dependabot[bot],49699333+dependabot[bot]@users.noreply.github.com,GitHub,noreply@github.com,1,0,1,1,1,0,0,0,,,,,dependabot,0,5026,Bump actions/download-artifact from 4.1.4 to 4.1.5 (#5026),"Bump actions/download-artifact from 4.1.4 to 4.1.5 (#5026)

Bumps [actions/download-artifact](https://github.com/actions/download-artifact) from 4.1.4 to 4.1.5.
- [Release notes](https://github.com/actions/download-artifact/releases)
- [Commits](https://github.com/actions/download-artifact/compare/v4.1.4...v4.1.5)

---
updated-dependencies:
- dependency-name: actions/download-artifact
  dependency-type: direct:production
  update-type: version-update:semver-patch
...

Signed-off-by: dependabot[bot] <support@github.com>
Co-authored-by: dependabot[bot] <49699333+dependabot[bot]@users.noreply.github.com>"
home-assistant/supervisor,ce16963c940b3fa69f632d3924eb763188bdfe5b,2024-04,-9,pre,2024-04-19T09:41:14+02:00,2024-04-19T09:41:14+02:00,dependabot[bot],49699333+dependabot[bot]@users.noreply.github.com,GitHub,noreply@github.com,1,0,1,1,1,0,0,0,,,,,dependabot,0,5025,Bump actions/upload-artifact from 4.3.1 to 4.3.2 (#5025),"Bump actions/upload-artifact from 4.3.1 to 4.3.2 (#5025)

Bumps [actions/upload-artifact](https://github.com/actions/upload-artifact) from 4.3.1 to 4.3.2.
- [Release notes](https://github.com/actions/upload-artifact/releases)
- [Commits](https://github.com/actions/upload-artifact/compare/v4.3.1...v4.3.2)

---
updated-dependencies:
- dependency-name: actions/upload-artifact
  dependency-type: direct:production
  update-type: version-update:semver-patch
...

Signed-off-by: dependabot[bot] <support@github.com>
Co-authored-by: dependabot[bot] <49699333+dependabot[bot]@users.noreply.github.com>"
home-assistant/supervisor,77bc46bc3708fbedbe30973d8367af05929ac7e1,2024-04,-9,pre,2024-04-22T08:50:53+02:00,2024-04-22T08:50:53+02:00,dependabot[bot],49699333+dependabot[bot]@users.noreply.github.com,GitHub,noreply@github.com,1,0,4,15,15,0,0,0,,,,,dependabot,0,5031,Bump actions/checkout from 4.1.2 to 4.1.3 (#5031),"Bump actions/checkout from 4.1.2 to 4.1.3 (#5031)

Co-authored-by: dependabot[bot] <49699333+dependabot[bot]@users.noreply.github.com>"
home-assistant/supervisor,1246e429c981324e772502627bf1ec9e3099c1d3,2024-04,-9,pre,2024-04-22T09:14:49+02:00,2024-04-22T09:14:49+02:00,dependabot[bot],49699333+dependabot[bot]@users.noreply.github.com,GitHub,noreply@github.com,1,0,1,1,1,0,0,0,,,,,dependabot,0,5032,Bump ruff from 0.4.0 to 0.4.1 (#5032),"Bump ruff from 0.4.0 to 0.4.1 (#5032)

Bumps [ruff](https://github.com/astral-sh/ruff) from 0.4.0 to 0.4.1.
- [Release notes](https://github.com/astral-sh/ruff/releases)
- [Changelog](https://github.com/astral-sh/ruff/blob/main/CHANGELOG.md)
- [Commits](https://github.com/astral-sh/ruff/compare/v0.4.0...v0.4.1)

---
updated-dependencies:
- dependency-name: ruff
  dependency-type: direct:production
  update-type: version-update:semver-patch
...

Signed-off-by: dependabot[bot] <support@github.com>
Co-authored-by: dependabot[bot] <49699333+dependabot[bot]@users.noreply.github.com>"
home-assistant/supervisor,18d9d32bcae45fb79ff35071237032956ee8fd5f,2024-04,-9,pre,2024-04-22T09:42:12+02:00,2024-04-22T09:42:12+02:00,uc99e7580c7a8e9ca,uc99e7580c7a8e9ca@users.invalid,GitHub,noreply@github.com,1,0,3,25,5,2,10,3,,,,,,0,5022,Fix Supervisor logs fallback (#5022),"Fix Supervisor logs fallback (#5022)

Supervisor logs fallback in get_supervisor_logs didn't work properly
because the exception was caught in api_process_raw instead. This was
not discovered in tests because the side effect raised OSError, which
isn't handled there.

To address that, I split the advanced_logs to two functions, one being a
wrapped API handler, one being plain function returning response without
any additional error handling. The tests now check for both cases of
errors (HassioError and random generic Python error).

Refs #5021"
home-assistant/supervisor,f18213361ae90dfdd2fd55c94bd0be9734905e9c,2024-04,-9,pre,2024-04-22T09:58:22+02:00,2024-04-22T03:58:22-04:00,ue1fc990c4f6dfd9c,ue1fc990c4f6dfd9c@users.invalid,GitHub,noreply@github.com,1,0,1,6,1,1,6,1,,,,,,0,5024,Add issues field to create full backup suggestion (#5024),Add issues field to create full backup suggestion (#5024)
home-assistant/supervisor,8d18d2d9c6ca6bc9348628532b053018ad9455c3,2024-04,-9,pre,2024-04-22T16:35:03+02:00,2024-04-22T10:35:03-04:00,ue1fc990c4f6dfd9c,ue1fc990c4f6dfd9c@users.invalid,GitHub,noreply@github.com,1,0,10,373,16,6,155,10,,,,,,0,5023,Use signals to recognize new disks immediately (#5023),"Use signals to recognize new disks immediately (#5023)

* Use signals to recognize new disks immediately

* Add test for disabled data disk issue

* Add mock of UDisks2 base service to test

* Apply suggestions from code review

* Shutdown manager first to avoid potential race conditions

* Update tests/dbus_service_mocks/udisks2.py

Co-authored-by: uc99e7580c7a8e9ca <uc99e7580c7a8e9ca@users.invalid>

---------

Co-authored-by: ue9acf10ae3811d11 <ue9acf10ae3811d11@users.invalid>
Co-authored-by: uc99e7580c7a8e9ca <uc99e7580c7a8e9ca@users.invalid>"
home-assistant/supervisor,136b2f402d2d96864b7804c70caa7d1093b37131,2024-04,-9,pre,2024-04-23T09:05:06+02:00,2024-04-23T09:05:06+02:00,dependabot[bot],49699333+dependabot[bot]@users.noreply.github.com,GitHub,noreply@github.com,1,0,1,1,1,0,0,0,,,,,dependabot,0,5036,Bump dirhash from 0.3.0 to 0.4.0 (#5036),"Bump dirhash from 0.3.0 to 0.4.0 (#5036)

Bumps [dirhash](https://github.com/andhus/dirhash-python) from 0.3.0 to 0.4.0.
- [Release notes](https://github.com/andhus/dirhash-python/releases)
- [Changelog](https://github.com/andhus/dirhash-python/blob/master/CHANGELOG.md)
- [Commits](https://github.com/andhus/dirhash-python/compare/v0.3.0...v0.4.0)

---
updated-dependencies:
- dependency-name: dirhash
  dependency-type: direct:production
  update-type: version-update:semver-minor
...

Signed-off-by: dependabot[bot] <support@github.com>
Co-authored-by: dependabot[bot] <49699333+dependabot[bot]@users.noreply.github.com>"
home-assistant/supervisor,e3cf2989c9652d2f881b9a0992fb3461fa434a1c,2024-04,-9,pre,2024-04-23T09:05:50+02:00,2024-04-23T09:05:50+02:00,dependabot[bot],49699333+dependabot[bot]@users.noreply.github.com,GitHub,noreply@github.com,1,0,1,1,1,0,0,0,,,,,dependabot,0,5035,Bump actions/upload-artifact from 4.3.2 to 4.3.3 (#5035),"Bump actions/upload-artifact from 4.3.2 to 4.3.3 (#5035)

Bumps [actions/upload-artifact](https://github.com/actions/upload-artifact) from 4.3.2 to 4.3.3.
- [Release notes](https://github.com/actions/upload-artifact/releases)
- [Commits](https://github.com/actions/upload-artifact/compare/v4.3.2...v4.3.3)

---
updated-dependencies:
- dependency-name: actions/upload-artifact
  dependency-type: direct:production
  update-type: version-update:semver-patch
...

Signed-off-by: dependabot[bot] <support@github.com>
Co-authored-by: dependabot[bot] <49699333+dependabot[bot]@users.noreply.github.com>"
home-assistant/supervisor,3fa910e68b5025174fbeb55612aa7d59f2caff91,2024-04,-9,pre,2024-04-23T09:06:04+02:00,2024-04-23T09:06:04+02:00,dependabot[bot],49699333+dependabot[bot]@users.noreply.github.com,GitHub,noreply@github.com,1,0,1,1,1,0,0,0,,,,,dependabot,0,5034,Bump actions/download-artifact from 4.1.5 to 4.1.6 (#5034),"Bump actions/download-artifact from 4.1.5 to 4.1.6 (#5034)

Bumps [actions/download-artifact](https://github.com/actions/download-artifact) from 4.1.5 to 4.1.6.
- [Release notes](https://github.com/actions/download-artifact/releases)
- [Commits](https://github.com/actions/download-artifact/compare/v4.1.5...v4.1.6)

---
updated-dependencies:
- dependency-name: actions/download-artifact
  dependency-type: direct:production
  update-type: version-update:semver-patch
...

Signed-off-by: dependabot[bot] <support@github.com>
Co-authored-by: dependabot[bot] <49699333+dependabot[bot]@users.noreply.github.com>"
home-assistant/supervisor,3f629c4d60ebe69a1ac188f4d132c41039bf2acd,2024-04,-9,pre,2024-04-24T09:52:18+02:00,2024-04-24T09:52:18+02:00,dependabot[bot],49699333+dependabot[bot]@users.noreply.github.com,GitHub,noreply@github.com,1,0,1,1,1,0,0,0,,,,,dependabot,0,5037,Bump coverage from 7.4.4 to 7.5.0 (#5037),"Bump coverage from 7.4.4 to 7.5.0 (#5037)

Co-authored-by: dependabot[bot] <49699333+dependabot[bot]@users.noreply.github.com>"
home-assistant/supervisor,d1b8ac1249e613ac1f45750dd682cd357ae0ae39,2024-04,-9,pre,2024-04-25T09:15:34+02:00,2024-04-25T09:15:34+02:00,dependabot[bot],49699333+dependabot[bot]@users.noreply.github.com,GitHub,noreply@github.com,1,0,4,15,15,0,0,0,,,,,dependabot,0,5038,Bump actions/checkout from 4.1.3 to 4.1.4 (#5038),"Bump actions/checkout from 4.1.3 to 4.1.4 (#5038)

Bumps [actions/checkout](https://github.com/actions/checkout) from 4.1.3 to 4.1.4.
- [Release notes](https://github.com/actions/checkout/releases)
- [Changelog](https://github.com/actions/checkout/blob/main/CHANGELOG.md)
- [Commits](https://github.com/actions/checkout/compare/v4.1.3...v4.1.4)

---
updated-dependencies:
- dependency-name: actions/checkout
  dependency-type: direct:production
  update-type: version-update:semver-patch
...

Signed-off-by: dependabot[bot] <support@github.com>
Co-authored-by: dependabot[bot] <49699333+dependabot[bot]@users.noreply.github.com>"
home-assistant/supervisor,ca8eeaa68c46a4af4e2a118cf2f156740f8d97f6,2024-04,-9,pre,2024-04-25T09:25:11+02:00,2024-04-25T09:25:11+02:00,dependabot[bot],49699333+dependabot[bot]@users.noreply.github.com,GitHub,noreply@github.com,1,0,1,1,1,0,0,0,,,,,dependabot,0,5039,Bump actions/download-artifact from 4.1.6 to 4.1.7 (#5039),"Bump actions/download-artifact from 4.1.6 to 4.1.7 (#5039)

Bumps [actions/download-artifact](https://github.com/actions/download-artifact) from 4.1.6 to 4.1.7.
- [Release notes](https://github.com/actions/download-artifact/releases)
- [Commits](https://github.com/actions/download-artifact/compare/v4.1.6...v4.1.7)

---
updated-dependencies:
- dependency-name: actions/download-artifact
  dependency-type: direct:production
  update-type: version-update:semver-patch
...

Signed-off-by: dependabot[bot] <support@github.com>
Co-authored-by: dependabot[bot] <49699333+dependabot[bot]@users.noreply.github.com>"
home-assistant/supervisor,2a622a929d48c1b82c9822d738d718450964ca0b,2024-04,-9,pre,2024-04-25T10:44:21+02:00,2024-04-25T10:44:21+02:00,uc99e7580c7a8e9ca,uc99e7580c7a8e9ca@users.invalid,GitHub,noreply@github.com,1,0,2,32,3,1,5,2,,,,,,0,5040,Limit reporting of errors in Supervisor logs fallback (#5040),"Limit reporting of errors in Supervisor logs fallback (#5040)

We do not need to capture HostNotSupported errors to Sentry. The only
possible code path this error might come from is where the Journal
Gateway Daemon socket is unavailable, which is already reported as an
""Unsupported system"" repair."
home-assistant/supervisor,798092af5e880932c93bc5351c6c8e4471bdafab,2024-04,-9,pre,2024-04-25T17:48:48+02:00,2024-04-25T17:48:48+02:00,u83254caa93d5a531,u83254caa93d5a531@users.invalid,GitHub,noreply@github.com,1,0,1,1,1,0,0,0,,,,,,1,5041,Revert orjson to 3.9.15 due to segmentation faults (#5041),"Revert orjson to 3.9.15 due to segmentation faults (#5041)

https://github.com/ijl/orjson/issues/479"
home-assistant/supervisor,90a37079f1634fbe54d70a76b55b3fef2f980990,2024-04,-9,pre,2024-04-26T10:07:04+02:00,2024-04-26T10:07:04+02:00,dependabot[bot],49699333+dependabot[bot]@users.noreply.github.com,GitHub,noreply@github.com,1,0,1,1,1,0,0,0,,,,,dependabot,0,5043,Bump ruff from 0.4.1 to 0.4.2 (#5043),"Bump ruff from 0.4.1 to 0.4.2 (#5043)

Co-authored-by: dependabot[bot] <49699333+dependabot[bot]@users.noreply.github.com>"
home-assistant/supervisor,16f8c75e9f3f8cf76c91ae2808251d8e54979f42,2024-04,-9,pre,2024-04-29T17:33:36+02:00,2024-04-29T17:33:36+02:00,dependabot[bot],49699333+dependabot[bot]@users.noreply.github.com,GitHub,noreply@github.com,1,0,1,1,1,0,0,0,,,,,dependabot,0,5047,Bump sentry-sdk from 1.45.0 to 2.0.1 (#5047),"Bump sentry-sdk from 1.45.0 to 2.0.1 (#5047)

Co-authored-by: dependabot[bot] <49699333+dependabot[bot]@users.noreply.github.com>"
home-assistant/supervisor,221292ad149550e7f5d194f1975bd7915d7a0603,2024-04,-9,pre,2024-04-29T16:24:58-04:00,2024-04-29T22:24:58+02:00,ue9acf10ae3811d11,ue9acf10ae3811d11@users.invalid,GitHub,noreply@github.com,1,0,1,1,1,1,1,1,,,,,,0,5033,Mark issues in FixupBase abstract (#5033),"Mark issues in FixupBase abstract (#5033)

Since #5024 all fixups have an associated issue. Generally, it is
generally better to have an issue for every fixup so that things
can be mapped to repairs in Core easily. Let's mark the issues property
as abstract to indicate subclasses are required to implement it."
home-assistant/supervisor,824037bb7d95bfb8b5dbbe26fdb6ed0024f2082a,2024-04,-9,pre,2024-04-30T15:46:44-04:00,2024-04-30T15:46:44-04:00,ue1fc990c4f6dfd9c,ue1fc990c4f6dfd9c@users.invalid,GitHub,noreply@github.com,1,0,1,1,1,0,0,0,,,,,,0,5048,Bump pytest-asyncio to 0.23.6 (#5048),Bump pytest-asyncio to 0.23.6 (#5048)
home-assistant/supervisor,f7738b77dee316992aa97e3d98a5c865a9d469e9,2024-04,-9,pre,2024-04-30T15:55:34-04:00,2024-04-30T15:55:34-04:00,dependabot[bot],49699333+dependabot[bot]@users.noreply.github.com,GitHub,noreply@github.com,1,0,1,1,1,0,0,0,,,,,dependabot,0,5046,Bump pytest from 8.1.1 to 8.2.0 (#5046),"Bump pytest from 8.1.1 to 8.2.0 (#5046)

Bumps [pytest](https://github.com/pytest-dev/pytest) from 8.1.1 to 8.2.0.
- [Release notes](https://github.com/pytest-dev/pytest/releases)
- [Changelog](https://github.com/pytest-dev/pytest/blob/main/CHANGELOG.rst)
- [Commits](https://github.com/pytest-dev/pytest/compare/8.1.1...8.2.0)

---
updated-dependencies:
- dependency-name: pytest
  dependency-type: direct:production
  update-type: version-update:semver-minor
...

Signed-off-by: dependabot[bot] <support@github.com>
Co-authored-by: dependabot[bot] <49699333+dependabot[bot]@users.noreply.github.com>"
home-assistant/supervisor,1ac506b391e42f46e2e6a720acd34ef8c7d14ff3,2024-05,-8,pre,2024-05-01T10:50:48+02:00,2024-05-01T04:50:48-04:00,ue1fc990c4f6dfd9c,ue1fc990c4f6dfd9c@users.invalid,GitHub,noreply@github.com,1,0,1,8,8,1,8,8,,,,,,0,5049,Skip udisks listener on failure to connect (#5049),Skip udisks listener on failure to connect (#5049)
home-assistant/supervisor,85be66d90d6baa5cb7065fe89690252559815c83,2024-05,-8,pre,2024-05-02T09:02:54+02:00,2024-05-02T09:02:54+02:00,dependabot[bot],49699333+dependabot[bot]@users.noreply.github.com,GitHub,noreply@github.com,1,0,1,1,1,0,0,0,,,,,dependabot,0,5054,Bump codecov/codecov-action from 4.3.0 to 4.3.1 (#5054),"Bump codecov/codecov-action from 4.3.0 to 4.3.1 (#5054)

Co-authored-by: dependabot[bot] <49699333+dependabot[bot]@users.noreply.github.com>"
home-assistant/supervisor,c00d6dfc76fe74279810a4705c0c0127bc7db56a,2024-05,-8,pre,2024-05-06T10:00:57+02:00,2024-05-06T10:00:57+02:00,dependabot[bot],49699333+dependabot[bot]@users.noreply.github.com,GitHub,noreply@github.com,1,0,1,1,1,0,0,0,,,,,dependabot,0,5058,Bump cryptography from 42.0.5 to 42.0.6 (#5058),Bump cryptography from 42.0.5 to 42.0.6 (#5058)
home-assistant/supervisor,fecfbd1a3e948df047fbd87c9d3418c6ab1ad7aa,2024-05,-8,pre,2024-05-06T11:12:49+02:00,2024-05-06T11:12:49+02:00,dependabot[bot],49699333+dependabot[bot]@users.noreply.github.com,GitHub,noreply@github.com,1,0,1,1,1,0,0,0,,,,,dependabot,0,5059,Bump coverage from 7.5.0 to 7.5.1 (#5059),"Bump coverage from 7.5.0 to 7.5.1 (#5059)

Bumps [coverage](https://github.com/nedbat/coveragepy) from 7.5.0 to 7.5.1.
- [Release notes](https://github.com/nedbat/coveragepy/releases)
- [Changelog](https://github.com/nedbat/coveragepy/blob/master/CHANGES.rst)
- [Commits](https://github.com/nedbat/coveragepy/compare/7.5.0...7.5.1)

---
updated-dependencies:
- dependency-name: coverage
  dependency-type: direct:production
  update-type: version-update:semver-patch
...

Signed-off-by: dependabot[bot] <support@github.com>
Co-authored-by: dependabot[bot] <49699333+dependabot[bot]@users.noreply.github.com>"
home-assistant/supervisor,e26e5440b61a53f5b4bea795fd450bf9fc3dfc85,2024-05,-8,pre,2024-05-06T11:13:04+02:00,2024-05-06T11:13:04+02:00,dependabot[bot],49699333+dependabot[bot]@users.noreply.github.com,GitHub,noreply@github.com,1,0,1,1,1,0,0,0,,,,,dependabot,0,5060,Bump ruff from 0.4.2 to 0.4.3 (#5060),"Bump ruff from 0.4.2 to 0.4.3 (#5060)

Bumps [ruff](https://github.com/astral-sh/ruff) from 0.4.2 to 0.4.3.
- [Release notes](https://github.com/astral-sh/ruff/releases)
- [Changelog](https://github.com/astral-sh/ruff/blob/main/CHANGELOG.md)
- [Commits](https://github.com/astral-sh/ruff/compare/v0.4.2...v0.4.3)

---
updated-dependencies:
- dependency-name: ruff
  dependency-type: direct:production
  update-type: version-update:semver-patch
...

Signed-off-by: dependabot[bot] <support@github.com>
Co-authored-by: dependabot[bot] <49699333+dependabot[bot]@users.noreply.github.com>"
home-assistant/supervisor,6356be4c5280a5758e6501617d8eb62ebcb5c195,2024-05,-8,pre,2024-05-06T11:14:01+02:00,2024-05-06T11:14:01+02:00,dependabot[bot],49699333+dependabot[bot]@users.noreply.github.com,GitHub,noreply@github.com,1,0,1,1,1,0,0,0,,,,,dependabot,0,5061,Bump jinja2 from 3.1.3 to 3.1.4 (#5061),"Bump jinja2 from 3.1.3 to 3.1.4 (#5061)

Bumps [jinja2](https://github.com/pallets/jinja) from 3.1.3 to 3.1.4.
- [Release notes](https://github.com/pallets/jinja/releases)
- [Changelog](https://github.com/pallets/jinja/blob/main/CHANGES.rst)
- [Commits](https://github.com/pallets/jinja/compare/3.1.3...3.1.4)

---
updated-dependencies:
- dependency-name: jinja2
  dependency-type: direct:production
  update-type: version-update:semver-patch
...

Signed-off-by: dependabot[bot] <support@github.com>
Co-authored-by: dependabot[bot] <49699333+dependabot[bot]@users.noreply.github.com>"
home-assistant/supervisor,71e91328f1c225d774ba9492e133147470427744,2024-05,-8,pre,2024-05-06T22:46:12+02:00,2024-05-06T22:46:12+02:00,dependabot[bot],49699333+dependabot[bot]@users.noreply.github.com,GitHub,noreply@github.com,1,0,1,1,1,0,0,0,,,,,dependabot,0,5057,Bump orjson from 3.9.15 to 3.10.3 (#5057),"Bump orjson from 3.9.15 to 3.10.3 (#5057)

Co-authored-by: dependabot[bot] <49699333+dependabot[bot]@users.noreply.github.com>"
home-assistant/supervisor,da8b938d5ba0839847a5decb05764563ad612b23,2024-05,-8,pre,2024-05-07T08:26:00+02:00,2024-05-07T08:26:00+02:00,dependabot[bot],49699333+dependabot[bot]@users.noreply.github.com,GitHub,noreply@github.com,1,0,4,15,15,0,0,0,,,,,dependabot,0,5065,Bump actions/checkout from 4.1.4 to 4.1.5 (#5065),Bump actions/checkout from 4.1.4 to 4.1.5 (#5065)
home-assistant/supervisor,a9c92cdec81265101c29e179826787d5d438c96b,2024-05,-8,pre,2024-05-07T09:23:56+02:00,2024-05-07T09:23:56+02:00,dependabot[bot],49699333+dependabot[bot]@users.noreply.github.com,GitHub,noreply@github.com,1,0,1,1,1,0,0,0,,,,,dependabot,0,5066,Bump cryptography from 42.0.6 to 42.0.7 (#5066),"Bump cryptography from 42.0.6 to 42.0.7 (#5066)

Co-authored-by: dependabot[bot] <49699333+dependabot[bot]@users.noreply.github.com>"
home-assistant/supervisor,1a700c301340e0aa4522ebaf807960904fdb26c5,2024-05,-8,pre,2024-05-07T10:17:12+02:00,2024-05-07T10:17:12+02:00,dependabot[bot],49699333+dependabot[bot]@users.noreply.github.com,GitHub,noreply@github.com,1,0,1,1,1,0,0,0,,,,,dependabot,0,5067,Bump sentry-sdk from 2.0.1 to 2.1.1 (#5067),"Bump sentry-sdk from 2.0.1 to 2.1.1 (#5067)

Bumps [sentry-sdk](https://github.com/getsentry/sentry-python) from 2.0.1 to 2.1.1.
- [Release notes](https://github.com/getsentry/sentry-python/releases)
- [Changelog](https://github.com/getsentry/sentry-python/blob/master/CHANGELOG.md)
- [Commits](https://github.com/getsentry/sentry-python/compare/2.0.1...2.1.1)

---
updated-dependencies:
- dependency-name: sentry-sdk
  dependency-type: direct:production
  update-type: version-update:semver-minor
...

Signed-off-by: dependabot[bot] <support@github.com>
Co-authored-by: dependabot[bot] <49699333+dependabot[bot]@users.noreply.github.com>"
home-assistant/supervisor,c05984ca49f6e53a115bfadb61673f5e8f58a07f,2024-05,-8,pre,2024-05-07T10:41:16+02:00,2024-05-07T04:41:16-04:00,ue1fc990c4f6dfd9c,ue1fc990c4f6dfd9c@users.invalid,GitHub,noreply@github.com,1,0,3,18,2,2,3,2,,,,,,0,5064,Fix no changelog API response (#5064),"Fix no changelog API response (#5064)

* Fix no changelog API response

* Add comment reasoning HTTP 200 for no changelog

Co-authored-by: ue9acf10ae3811d11 <ue9acf10ae3811d11@users.invalid>

* Apply suggestions from code review

Co-authored-by: uc99e7580c7a8e9ca <uc99e7580c7a8e9ca@users.invalid>

---------

Co-authored-by: uc99e7580c7a8e9ca <uc99e7580c7a8e9ca@users.invalid>
Co-authored-by: ue9acf10ae3811d11 <ue9acf10ae3811d11@users.invalid>"
home-assistant/supervisor,8ebc097ff41fea648b565a8d0dc4cddc7854a3fd,2024-05,-8,pre,2024-05-07T16:02:34+02:00,2024-05-07T16:02:34+02:00,ue9acf10ae3811d11,ue9acf10ae3811d11@users.invalid,GitHub,noreply@github.com,1,0,1,1,1,0,0,0,,,,,,1,5068,"Revert ""Bump orjson from 3.9.15 to 3.10.3 (#5057)"" (#5068)","Revert ""Bump orjson from 3.9.15 to 3.10.3 (#5057)"" (#5068)

This reverts commit 71e91328f1c225d774ba9492e133147470427744.

It is not proven that the segfaults seen in Core are resolved. Since
we are shipping a bugfix release, conservatively revert back to 3.9.15."
home-assistant/supervisor,998eb695838ce91cc8f4ed01f368d89f3566c291,2024-05,-8,pre,2024-05-10T12:48:09+02:00,2024-05-10T12:48:09+02:00,dependabot[bot],49699333+dependabot[bot]@users.noreply.github.com,GitHub,noreply@github.com,1,0,1,1,1,0,0,0,,,,,dependabot,0,5071,Bump dbus-fast from 2.21.1 to 2.21.2 (#5071),"Bump dbus-fast from 2.21.1 to 2.21.2 (#5071)

Bumps [dbus-fast](https://github.com/bluetooth-devices/dbus-fast) from 2.21.1 to 2.21.2.
- [Release notes](https://github.com/bluetooth-devices/dbus-fast/releases)
- [Changelog](https://github.com/Bluetooth-Devices/dbus-fast/blob/main/CHANGELOG.md)
- [Commits](https://github.com/bluetooth-devices/dbus-fast/compare/v2.21.1...v2.21.2)

---
updated-dependencies:
- dependency-name: dbus-fast
  dependency-type: direct:production
  update-type: version-update:semver-patch
...

Signed-off-by: dependabot[bot] <support@github.com>
Co-authored-by: dependabot[bot] <49699333+dependabot[bot]@users.noreply.github.com>"
home-assistant/supervisor,29b41b564ea315a7fdc35eb70563eaf8ce92e1f6,2024-05,-8,pre,2024-05-10T12:48:18+02:00,2024-05-10T12:48:18+02:00,dependabot[bot],49699333+dependabot[bot]@users.noreply.github.com,GitHub,noreply@github.com,1,0,1,1,1,0,0,0,,,,,dependabot,0,5072,Bump ruff from 0.4.3 to 0.4.4 (#5072),"Bump ruff from 0.4.3 to 0.4.4 (#5072)

Bumps [ruff](https://github.com/astral-sh/ruff) from 0.4.3 to 0.4.4.
- [Release notes](https://github.com/astral-sh/ruff/releases)
- [Changelog](https://github.com/astral-sh/ruff/blob/main/CHANGELOG.md)
- [Commits](https://github.com/astral-sh/ruff/compare/v0.4.3...v0.4.4)

---
updated-dependencies:
- dependency-name: ruff
  dependency-type: direct:production
  update-type: version-update:semver-patch
...

Signed-off-by: dependabot[bot] <support@github.com>
Co-authored-by: dependabot[bot] <49699333+dependabot[bot]@users.noreply.github.com>"
home-assistant/supervisor,4289be53f884e8a092ac54ab904fa8469a4a4bd1,2024-05,-8,pre,2024-05-13T09:14:14+02:00,2024-05-13T09:14:14+02:00,dependabot[bot],49699333+dependabot[bot]@users.noreply.github.com,GitHub,noreply@github.com,1,0,1,1,1,0,0,0,,,,,dependabot,0,5075,Bump pre-commit from 3.7.0 to 3.7.1 (#5075),"Bump pre-commit from 3.7.0 to 3.7.1 (#5075)

Co-authored-by: dependabot[bot] <49699333+dependabot[bot]@users.noreply.github.com>"
home-assistant/supervisor,420ecd064eb16b689bb1a8516a6158fddada0522,2024-05,-8,pre,2024-05-13T09:29:49+02:00,2024-05-13T09:29:49+02:00,dependabot[bot],49699333+dependabot[bot]@users.noreply.github.com,GitHub,noreply@github.com,1,0,1,1,1,0,0,0,,,,,dependabot,0,5074,Bump pyudev from 0.24.1 to 0.24.3 (#5074),"Bump pyudev from 0.24.1 to 0.24.3 (#5074)

Co-authored-by: dependabot[bot] <49699333+dependabot[bot]@users.noreply.github.com>"
home-assistant/supervisor,7898c3e4331e9725756c577b6db814618fb33873,2024-05,-8,pre,2024-05-14T10:11:19+02:00,2024-05-14T10:11:19+02:00,dependabot[bot],49699333+dependabot[bot]@users.noreply.github.com,GitHub,noreply@github.com,1,0,1,1,1,0,0,0,,,,,dependabot,0,5078,Bump pylint from 3.1.0 to 3.1.1 (#5078),"Bump pylint from 3.1.0 to 3.1.1 (#5078)

Co-authored-by: dependabot[bot] <49699333+dependabot[bot]@users.noreply.github.com>"
home-assistant/supervisor,6693b7c2e6230f894ab77231467f2b85d216080e,2024-05,-8,pre,2024-05-15T08:49:07+02:00,2024-05-15T08:49:07+02:00,dependabot[bot],49699333+dependabot[bot]@users.noreply.github.com,GitHub,noreply@github.com,1,0,1,1,1,0,0,0,,,,,dependabot,0,5080,Bump codecov/codecov-action from 4.3.1 to 4.4.0 (#5080),"Bump codecov/codecov-action from 4.3.1 to 4.4.0 (#5080)

Co-authored-by: dependabot[bot] <49699333+dependabot[bot]@users.noreply.github.com>"
home-assistant/supervisor,eac6070e128846ca6756b17e60d2144eed8e78fc,2024-05,-8,pre,2024-05-15T08:56:37+02:00,2024-05-15T08:56:37+02:00,ue9acf10ae3811d11,ue9acf10ae3811d11@users.invalid,GitHub,noreply@github.com,1,0,1,2,1,1,2,1,,,,,,0,5079,Don't process hardware events when landing page is running (#5079),Don't process hardware events when landing page is running (#5079)
home-assistant/supervisor,430aef68c6f74c057370f271654089deeb6cdf19,2024-05,-8,pre,2024-05-17T10:40:37+02:00,2024-05-17T10:40:37+02:00,dependabot[bot],49699333+dependabot[bot]@users.noreply.github.com,GitHub,noreply@github.com,1,0,4,15,15,0,0,0,,,,,dependabot,0,5086,Bump actions/checkout from 4.1.5 to 4.1.6 (#5086),"Bump actions/checkout from 4.1.5 to 4.1.6 (#5086)

Co-authored-by: dependabot[bot] <49699333+dependabot[bot]@users.noreply.github.com>"
home-assistant/supervisor,0d05a6eae3361e1cab72d65ff3f44c225d38fc3a,2024-05,-8,pre,2024-05-17T15:19:01+02:00,2024-05-17T15:19:01+02:00,dependabot[bot],49699333+dependabot[bot]@users.noreply.github.com,GitHub,noreply@github.com,1,0,1,1,1,0,0,0,,,,,dependabot,0,5085,Bump sentry-sdk from 2.1.1 to 2.2.0 (#5085),"Bump sentry-sdk from 2.1.1 to 2.2.0 (#5085)

Co-authored-by: dependabot[bot] <49699333+dependabot[bot]@users.noreply.github.com>"
home-assistant/supervisor,b384921ee0fbe36fba4e5ea8788e76bfbcd0617c,2024-05,-8,pre,2024-05-20T09:29:26+02:00,2024-05-20T09:29:26+02:00,dependabot[bot],49699333+dependabot[bot]@users.noreply.github.com,GitHub,noreply@github.com,1,0,1,1,1,0,0,0,,,,,dependabot,0,5089,Bump pytest from 8.2.0 to 8.2.1 (#5089),"Bump pytest from 8.2.0 to 8.2.1 (#5089)

Co-authored-by: dependabot[bot] <49699333+dependabot[bot]@users.noreply.github.com>"
home-assistant/supervisor,be6e39fed08ac106a66b19806ae3a8e26bbf03b0,2024-05,-8,pre,2024-05-20T09:30:42+02:00,2024-05-20T09:30:42+02:00,dependabot[bot],49699333+dependabot[bot]@users.noreply.github.com,GitHub,noreply@github.com,1,0,1,1,1,0,0,0,,,,,dependabot,0,5090,Bump pylint from 3.1.1 to 3.2.1 (#5090),"Bump pylint from 3.1.1 to 3.2.1 (#5090)

Co-authored-by: dependabot[bot] <49699333+dependabot[bot]@users.noreply.github.com>"
home-assistant/supervisor,c0c0c4b7addcfc3a4d4f2500c2608ec6200a5cce,2024-05,-8,pre,2024-05-21T09:02:01+02:00,2024-05-21T03:02:01-04:00,ue1fc990c4f6dfd9c,ue1fc990c4f6dfd9c@users.invalid,GitHub,noreply@github.com,1,0,2,88,3,1,13,3,,,,,,0,5082,Fix doc and changelog API response for orphaned addons (#5082),"Fix doc and changelog API response for orphaned addons (#5082)

* Fix doc and changelog API response for orphaned addons

* Use correct terminology in tests"
home-assistant/supervisor,9a1c517437ca0d1bbe16618f9b52a70ba9da7564,2024-05,-8,pre,2024-05-21T14:52:24+02:00,2024-05-21T14:52:24+02:00,ue9acf10ae3811d11,ue9acf10ae3811d11@users.invalid,GitHub,noreply@github.com,1,0,1,1,0,0,0,0,,,,,,0,5097,Pin Python requets package (#5097),"Pin Python requets package (#5097)

Make sure Python requests package is pinned to a known version. This is
required by docker-py for instance. This fixes current CI builds."
home-assistant/supervisor,9e3135e2de0f1ab7c951b29038a8c6b30d70e65e,2024-05,-8,pre,2024-05-21T17:05:00+02:00,2024-05-21T17:05:00+02:00,dependabot[bot],49699333+dependabot[bot]@users.noreply.github.com,GitHub,noreply@github.com,1,0,1,1,1,0,0,0,,,,,dependabot,0,5093,--- (#5093),"--- (#5093)

updated-dependencies:
- dependency-name: codecov/codecov-action
  dependency-type: direct:production
  update-type: version-update:semver-patch
...

Signed-off-by: dependabot[bot] <support@github.com>
Co-authored-by: dependabot[bot] <49699333+dependabot[bot]@users.noreply.github.com>"
home-assistant/supervisor,895117f857d9b06ee2e45be8ad793bcffef0a525,2024-05,-8,pre,2024-05-21T17:05:23+02:00,2024-05-21T17:05:23+02:00,dependabot[bot],49699333+dependabot[bot]@users.noreply.github.com,GitHub,noreply@github.com,1,0,1,1,1,0,0,0,,,,,dependabot,0,5094,--- (#5094),"--- (#5094)

updated-dependencies:
- dependency-name: pylint
  dependency-type: direct:production
  update-type: version-update:semver-patch
...

Signed-off-by: dependabot[bot] <support@github.com>
Co-authored-by: dependabot[bot] <49699333+dependabot[bot]@users.noreply.github.com>"
home-assistant/supervisor,3385c99f1fec43f0ef52b82e01f6540417cd87d7,2024-05,-8,pre,2024-05-21T17:06:19+02:00,2024-05-21T17:06:19+02:00,dependabot[bot],49699333+dependabot[bot]@users.noreply.github.com,GitHub,noreply@github.com,1,0,1,1,1,0,0,0,,,,,dependabot,0,5095,--- (#5095),"--- (#5095)

updated-dependencies:
- dependency-name: dbus-fast
  dependency-type: direct:production
  update-type: version-update:semver-patch
...

Signed-off-by: dependabot[bot] <support@github.com>
Co-authored-by: dependabot[bot] <49699333+dependabot[bot]@users.noreply.github.com>"
home-assistant/supervisor,05c7b6c6395236bd6f9bc2f9d324ec323ec37b39,2024-05,-8,pre,2024-05-22T08:16:31+02:00,2024-05-22T08:16:31+02:00,dependabot[bot],49699333+dependabot[bot]@users.noreply.github.com,GitHub,noreply@github.com,1,0,1,1,1,0,0,0,,,,,dependabot,0,5101,Bump sentry-sdk from 2.2.0 to 2.2.1 (#5101),"Bump sentry-sdk from 2.2.0 to 2.2.1 (#5101)

Co-authored-by: dependabot[bot] <49699333+dependabot[bot]@users.noreply.github.com>"
home-assistant/supervisor,043af7284742ace1beab300439e640be3dfca5d6,2024-05,-8,pre,2024-05-22T09:33:26+02:00,2024-05-22T09:33:26+02:00,dependabot[bot],49699333+dependabot[bot]@users.noreply.github.com,GitHub,noreply@github.com,1,0,1,1,1,0,0,0,,,,,dependabot,0,5100,Bump setuptools from 69.5.1 to 70.0.0 (#5100),"Bump setuptools from 69.5.1 to 70.0.0 (#5100)

Co-authored-by: dependabot[bot] <49699333+dependabot[bot]@users.noreply.github.com>"
home-assistant/supervisor,eca99b69db21e3835d3442db2ce96b75c5d69869,2024-05,-8,pre,2024-05-22T11:54:02+02:00,2024-05-22T05:54:02-04:00,ue1fc990c4f6dfd9c,ue1fc990c4f6dfd9c@users.invalid,GitHub,noreply@github.com,1,0,2,34,1,1,8,1,,,,,,0,5051,Max retries for auto applying addon image fixup (#5051),"Max retries for auto applying addon image fixup (#5051)

* Max retries for auto applying addon image fixup

* Update supervisor/resolution/fixups/addon_execute_repair.py

Co-authored-by: ue9acf10ae3811d11 <ue9acf10ae3811d11@users.invalid>

---------

Co-authored-by: ue9acf10ae3811d11 <ue9acf10ae3811d11@users.invalid>"
home-assistant/supervisor,c4bc1e3824661dd4697e0edb87c9f82e6fd4a744,2024-05,-8,pre,2024-05-23T08:33:52+02:00,2024-05-23T08:33:52+02:00,dependabot[bot],49699333+dependabot[bot]@users.noreply.github.com,GitHub,noreply@github.com,1,0,1,1,1,0,0,0,,,,,dependabot,0,5103,Bump ruff from 0.4.4 to 0.4.5 (#5103),"Bump ruff from 0.4.4 to 0.4.5 (#5103)

Co-authored-by: dependabot[bot] <49699333+dependabot[bot]@users.noreply.github.com>"
home-assistant/supervisor,f150a19c0f77ce3f5223ed563420b38128d2307e,2024-05,-8,pre,2024-05-23T09:36:59+02:00,2024-05-23T03:36:59-04:00,ue1fc990c4f6dfd9c,ue1fc990c4f6dfd9c@users.invalid,GitHub,noreply@github.com,1,0,5,273,0,3,97,0,,,,,,0,5084,Create issue for detached addons (#5084),"Create issue for detached addons (#5084)

* Create issue for detached addons

* Separate issues into missing and removed"
home-assistant/supervisor,1dc769076f13c1005f92afdd767a5085e86b7ee7,2024-05,-8,pre,2024-05-24T08:25:53+02:00,2024-05-24T08:25:53+02:00,dependabot[bot],49699333+dependabot[bot]@users.noreply.github.com,GitHub,noreply@github.com,1,0,1,1,1,0,0,0,,,,,dependabot,0,5108,Bump sentry-sdk from 2.2.1 to 2.3.1 (#5108),"Bump sentry-sdk from 2.2.1 to 2.3.1 (#5108)

Co-authored-by: dependabot[bot] <49699333+dependabot[bot]@users.noreply.github.com>"
home-assistant/supervisor,b59347b3d36477cf3b8c2be36cfdbbfcc0bd075c,2024-05,-8,pre,2024-05-24T08:32:48+02:00,2024-05-24T08:32:48+02:00,dependabot[bot],49699333+dependabot[bot]@users.noreply.github.com,GitHub,noreply@github.com,1,0,2,2,2,0,0,0,,,,,dependabot,0,5107,Bump typing-extensions from 4.11.0 to 4.12.0 (#5107),"Bump typing-extensions from 4.11.0 to 4.12.0 (#5107)

Co-authored-by: dependabot[bot] <49699333+dependabot[bot]@users.noreply.github.com>"
home-assistant/supervisor,ddff02f73b0e2e5cc1dbbd4c952e1074a8897d64,2024-05,-8,pre,2024-05-24T08:52:21+02:00,2024-05-24T08:52:21+02:00,dependabot[bot],49699333+dependabot[bot]@users.noreply.github.com,GitHub,noreply@github.com,1,0,1,1,1,0,0,0,,,,,dependabot,0,5106,Bump docker from 7.0.0 to 7.1.0 (#5106),"Bump docker from 7.0.0 to 7.1.0 (#5106)

Bumps [docker](https://github.com/docker/docker-py) from 7.0.0 to 7.1.0.
- [Release notes](https://github.com/docker/docker-py/releases)
- [Commits](https://github.com/docker/docker-py/compare/7.0.0...7.1.0)

---
updated-dependencies:
- dependency-name: docker
  dependency-type: direct:production
  update-type: version-update:semver-minor
...

Signed-off-by: dependabot[bot] <support@github.com>
Co-authored-by: dependabot[bot] <49699333+dependabot[bot]@users.noreply.github.com>"
home-assistant/supervisor,3cd617e68f07799dce6bc480196dd532ac5aa374,2024-05,-8,pre,2024-05-24T09:33:15+02:00,2024-05-24T09:33:15+02:00,dependabot[bot],49699333+dependabot[bot]@users.noreply.github.com,GitHub,noreply@github.com,1,0,1,1,1,0,0,0,,,,,dependabot,0,5099,--- (#5099),"--- (#5099)

updated-dependencies:
- dependency-name: requests
  dependency-type: direct:production
  update-type: version-update:semver-minor
...

Signed-off-by: dependabot[bot] <support@github.com>
Co-authored-by: dependabot[bot] <49699333+dependabot[bot]@users.noreply.github.com>"
home-assistant/supervisor,4e5b75fe19b54824e6783dd63a9d3852bb043cd8,2024-05,-8,pre,2024-05-27T08:37:29+02:00,2024-05-27T08:37:29+02:00,dependabot[bot],49699333+dependabot[bot]@users.noreply.github.com,GitHub,noreply@github.com,1,0,1,1,1,0,0,0,,,,,dependabot,0,5109,Bump coverage from 7.5.1 to 7.5.2 (#5109),"Bump coverage from 7.5.1 to 7.5.2 (#5109)

Co-authored-by: dependabot[bot] <49699333+dependabot[bot]@users.noreply.github.com>"
home-assistant/supervisor,45c72c426e5625b70638f5191bf74625a38b3b6b,2024-05,-8,pre,2024-05-29T08:26:10+02:00,2024-05-29T08:26:10+02:00,dependabot[bot],49699333+dependabot[bot]@users.noreply.github.com,GitHub,noreply@github.com,1,0,1,1,1,0,0,0,,,,,dependabot,0,5112,Bump coverage from 7.5.2 to 7.5.3 (#5112),"Bump coverage from 7.5.2 to 7.5.3 (#5112)

Co-authored-by: dependabot[bot] <49699333+dependabot[bot]@users.noreply.github.com>"
home-assistant/supervisor,a9ea90096b693f93e872a2d8bf7cb348fb39c208,2024-05,-8,pre,2024-05-29T08:26:23+02:00,2024-05-29T08:26:23+02:00,dependabot[bot],49699333+dependabot[bot]@users.noreply.github.com,GitHub,noreply@github.com,1,0,1,1,1,0,0,0,,,,,dependabot,0,5113,Bump ruff from 0.4.5 to 0.4.6 (#5113),"Bump ruff from 0.4.5 to 0.4.6 (#5113)

Co-authored-by: dependabot[bot] <49699333+dependabot[bot]@users.noreply.github.com>"
home-assistant/supervisor,974c882b9a399a248574753382223e8f41b80080,2024-05,-8,pre,2024-05-29T08:50:25+02:00,2024-05-29T08:50:25+02:00,dependabot[bot],49699333+dependabot[bot]@users.noreply.github.com,GitHub,noreply@github.com,1,0,1,1,1,0,0,0,,,,,dependabot,0,5114,Bump docker/login-action from 3.1.0 to 3.2.0 (#5114),"Bump docker/login-action from 3.1.0 to 3.2.0 (#5114)

Co-authored-by: dependabot[bot] <49699333+dependabot[bot]@users.noreply.github.com>"
home-assistant/supervisor,5f5754e860e0829355f565ee477629ba48872b4f,2024-05,-8,pre,2024-05-29T15:33:15-04:00,2024-05-29T20:33:15+01:00,uc74726a070296125,uc74726a070296125@users.invalid,GitHub,noreply@github.com,1,0,1,7,1,1,7,1,,,,,,0,5088,Add Exception handling when processing udev devices (#5088),"Add Exception handling when processing udev devices (#5088)

* Add Exception handling to UDEV reading and parsing

Khadas VIM4 UDEV returns something that python crapps its pants about. The exception just allows it to continue.

* Add an exception print

Added an exception print for the times things go bad.

* Split exception handling

The exception is not fatal when parsing error happens on one node. print it and continue.

* cleanups

* swapped functions

device.device_node   function bails very badly!  It raises no exceptions to the top but complains and errors

* Update supervisor/hardware/manager.py

Co-authored-by: ue9acf10ae3811d11 <ue9acf10ae3811d11@users.invalid>

* Update supervisor/hardware/manager.py

---------

Co-authored-by: ue9acf10ae3811d11 <ue9acf10ae3811d11@users.invalid>
Co-authored-by: uee50c2d28dcb940b <uee50c2d28dcb940b@users.invalid>"
home-assistant/supervisor,8d18f3e66eca74e89776cece053e36ffbfdb97a8,2024-05,-8,pre,2024-05-30T08:52:20+02:00,2024-05-30T08:52:20+02:00,dependabot[bot],49699333+dependabot[bot]@users.noreply.github.com,GitHub,noreply@github.com,1,0,1,1,1,0,0,0,,,,,dependabot,0,5115,Bump requests from 2.32.2 to 2.32.3 (#5115),"Bump requests from 2.32.2 to 2.32.3 (#5115)

Co-authored-by: dependabot[bot] <49699333+dependabot[bot]@users.noreply.github.com>"
home-assistant/supervisor,fbd70013a896cf583b1f05e778620377c5d3f558,2024-06,-7,pre,2024-06-03T09:54:10+02:00,2024-06-03T09:54:10+02:00,dependabot[bot],49699333+dependabot[bot]@users.noreply.github.com,GitHub,noreply@github.com,1,0,2,2,2,0,0,0,,,,,dependabot,0,5117,Bump typing-extensions from 4.12.0 to 4.12.1 (#5117),"Bump typing-extensions from 4.12.0 to 4.12.1 (#5117)

Co-authored-by: dependabot[bot] <49699333+dependabot[bot]@users.noreply.github.com>"
home-assistant/supervisor,9fd2c91c5519bbb0be5d5159e94e05358d8dfb91,2024-06,-7,pre,2024-06-03T10:29:23+02:00,2024-06-03T10:29:23+02:00,dependabot[bot],49699333+dependabot[bot]@users.noreply.github.com,GitHub,noreply@github.com,1,0,1,1,1,0,0,0,,,,,dependabot,0,5116,Bump ruff from 0.4.6 to 0.4.7 (#5116),"Bump ruff from 0.4.6 to 0.4.7 (#5116)

Co-authored-by: dependabot[bot] <49699333+dependabot[bot]@users.noreply.github.com>"
home-assistant/supervisor,e57de4a3c1712ca1a6244b8cac6226c679a29152,2024-06,-7,pre,2024-06-03T10:38:34-04:00,2024-06-03T10:38:34-04:00,ue1fc990c4f6dfd9c,ue1fc990c4f6dfd9c@users.invalid,GitHub,noreply@github.com,1,0,5,96,2,2,54,1,,,,,,0,5105,Add uninstall addon suggestion to detached_addon_removed (#5105),Add uninstall addon suggestion to detached_addon_removed (#5105)
home-assistant/supervisor,c4452a85b4cabaabdeb35f548cd4cf3b7c850f66,2024-06,-7,pre,2024-06-04T16:17:43+02:00,2024-06-04T10:17:43-04:00,ue1fc990c4f6dfd9c,ue1fc990c4f6dfd9c@users.invalid,GitHub,noreply@github.com,1,0,3,38,4,2,1,4,,,,,,0,5111,Fix addon in wrong state after restore (#5111),"Fix addon in wrong state after restore (#5111)

* Fix addon in wrong state after restore

* Do not stop docker monitor for a shutdown"
home-assistant/supervisor,4200622f43cf47662a3d7cdf2cdf8cafdf08c0d9,2024-06,-7,pre,2024-06-05T08:43:01+02:00,2024-06-05T08:43:01+02:00,dependabot[bot],49699333+dependabot[bot]@users.noreply.github.com,GitHub,noreply@github.com,1,0,1,1,1,0,0,0,,,,,dependabot,0,5122,Bump pytest from 8.2.1 to 8.2.2 (#5122),"Bump pytest from 8.2.1 to 8.2.2 (#5122)

Co-authored-by: dependabot[bot] <49699333+dependabot[bot]@users.noreply.github.com>"
home-assistant/supervisor,8a5c813cddb963d59d9d8d6fd713d5de5dba2f81,2024-06,-7,pre,2024-06-05T15:37:41-04:00,2024-06-05T15:37:41-04:00,dependabot[bot],49699333+dependabot[bot]@users.noreply.github.com,GitHub,noreply@github.com,1,0,1,1,1,0,0,0,,,,,dependabot,0,5123,Bump sentry-sdk from 2.3.1 to 2.4.0 (#5123),"Bump sentry-sdk from 2.3.1 to 2.4.0 (#5123)

Bumps [sentry-sdk](https://github.com/getsentry/sentry-python) from 2.3.1 to 2.4.0.
- [Release notes](https://github.com/getsentry/sentry-python/releases)
- [Changelog](https://github.com/getsentry/sentry-python/blob/master/CHANGELOG.md)
- [Commits](https://github.com/getsentry/sentry-python/compare/2.3.1...2.4.0)

---
updated-dependencies:
- dependency-name: sentry-sdk
  dependency-type: direct:production
  update-type: version-update:semver-minor
...

Signed-off-by: dependabot[bot] <support@github.com>
Co-authored-by: dependabot[bot] <49699333+dependabot[bot]@users.noreply.github.com>"
home-assistant/supervisor,09166e38674bfe069488f16c7744b18ed1a4d0e9,2024-06,-7,pre,2024-06-05T15:38:13-04:00,2024-06-05T15:38:13-04:00,dependabot[bot],49699333+dependabot[bot]@users.noreply.github.com,GitHub,noreply@github.com,1,0,1,1,1,0,0,0,,,,,dependabot,0,5121,Bump cryptography from 42.0.7 to 42.0.8 (#5121),"Bump cryptography from 42.0.7 to 42.0.8 (#5121)

Bumps [cryptography](https://github.com/pyca/cryptography) from 42.0.7 to 42.0.8.
- [Changelog](https://github.com/pyca/cryptography/blob/main/CHANGELOG.rst)
- [Commits](https://github.com/pyca/cryptography/compare/42.0.7...42.0.8)

---
updated-dependencies:
- dependency-name: cryptography
  dependency-type: direct:production
  update-type: version-update:semver-patch
...

Signed-off-by: dependabot[bot] <support@github.com>
Co-authored-by: dependabot[bot] <49699333+dependabot[bot]@users.noreply.github.com>"
home-assistant/supervisor,ab78d87304275bf5ded22e1a359d5f6addddf21a,2024-06,-7,pre,2024-06-05T15:44:07-04:00,2024-06-05T15:44:07-04:00,ue1fc990c4f6dfd9c,ue1fc990c4f6dfd9c@users.invalid,GitHub,noreply@github.com,1,0,3,42,3,2,15,3,,,,,,0,5120,Add safe mode option to core rebuild (#5120),"Add safe mode option to core rebuild (#5120)

* Add safe mode option to core rebuild

* Adding logging for increased traceability"
home-assistant/supervisor,5eac8c7780ac6e00ee86fe962ff39ce7d01c45c0,2024-06,-7,pre,2024-06-06T08:37:25+02:00,2024-06-06T08:37:25+02:00,dependabot[bot],49699333+dependabot[bot]@users.noreply.github.com,GitHub,noreply@github.com,1,0,1,1,1,0,0,0,,,,,dependabot,0,5125,Bump ruff from 0.4.7 to 0.4.8 (#5125),"Bump ruff from 0.4.7 to 0.4.8 (#5125)

Bumps [ruff](https://github.com/astral-sh/ruff) from 0.4.7 to 0.4.8.
- [Release notes](https://github.com/astral-sh/ruff/releases)
- [Changelog](https://github.com/astral-sh/ruff/blob/main/CHANGELOG.md)
- [Commits](https://github.com/astral-sh/ruff/compare/v0.4.7...v0.4.8)

---
updated-dependencies:
- dependency-name: ruff
  dependency-type: direct:production
  update-type: version-update:semver-patch
...

Signed-off-by: dependabot[bot] <support@github.com>
Co-authored-by: dependabot[bot] <49699333+dependabot[bot]@users.noreply.github.com>"
home-assistant/supervisor,4cbede1bc8fd4ac60fe249a09a19a148e6d8d65a,2024-06,-7,pre,2024-06-07T09:01:27+02:00,2024-06-07T09:01:27+02:00,dependabot[bot],49699333+dependabot[bot]@users.noreply.github.com,GitHub,noreply@github.com,1,0,1,1,1,0,0,0,,,,,dependabot,0,5127,Bump pylint from 3.2.2 to 3.2.3 (#5127),"Bump pylint from 3.2.2 to 3.2.3 (#5127)

Co-authored-by: dependabot[bot] <49699333+dependabot[bot]@users.noreply.github.com>"
home-assistant/supervisor,c51ceb000f92dbe4a6210a57d55e7089acb101b5,2024-06,-7,pre,2024-06-07T09:19:18+02:00,2024-06-07T09:19:18+02:00,dependabot[bot],49699333+dependabot[bot]@users.noreply.github.com,GitHub,noreply@github.com,1,0,1,1,1,0,0,0,,,,,dependabot,0,5126,Bump sentry-sdk from 2.4.0 to 2.5.0 (#5126),"Bump sentry-sdk from 2.4.0 to 2.5.0 (#5126)

Co-authored-by: dependabot[bot] <49699333+dependabot[bot]@users.noreply.github.com>"
home-assistant/supervisor,547f42439de8e3c04c4324237b4002bb2e1a4a73,2024-06,-7,pre,2024-06-10T08:49:42+02:00,2024-06-10T08:49:42+02:00,dependabot[bot],49699333+dependabot[bot]@users.noreply.github.com,GitHub,noreply@github.com,1,0,2,2,2,0,0,0,,,,,dependabot,0,5129,Bump typing-extensions from 4.12.1 to 4.12.2 (#5129),"Bump typing-extensions from 4.12.1 to 4.12.2 (#5129)

Co-authored-by: dependabot[bot] <49699333+dependabot[bot]@users.noreply.github.com>"
home-assistant/supervisor,b684c8673eec0201c3c942211a781ce5eab63495,2024-06,-7,pre,2024-06-10T09:01:06+02:00,2024-06-10T09:01:06+02:00,dependabot[bot],49699333+dependabot[bot]@users.noreply.github.com,GitHub,noreply@github.com,1,0,1,1,1,0,0,0,,,,,dependabot,0,5130,Bump sentry-sdk from 2.5.0 to 2.5.1 (#5130),"Bump sentry-sdk from 2.5.0 to 2.5.1 (#5130)

Bumps [sentry-sdk](https://github.com/getsentry/sentry-python) from 2.5.0 to 2.5.1.
- [Release notes](https://github.com/getsentry/sentry-python/releases)
- [Changelog](https://github.com/getsentry/sentry-python/blob/master/CHANGELOG.md)
- [Commits](https://github.com/getsentry/sentry-python/compare/2.5.0...2.5.1)

---
updated-dependencies:
- dependency-name: sentry-sdk
  dependency-type: direct:production
  update-type: version-update:semver-patch
...

Signed-off-by: dependabot[bot] <support@github.com>
Co-authored-by: dependabot[bot] <49699333+dependabot[bot]@users.noreply.github.com>"
home-assistant/supervisor,252e1e2ac06219170da8c04157f28a2ec0bbdb4d,2024-06,-7,pre,2024-06-13T09:17:05+02:00,2024-06-13T09:17:05+02:00,dependabot[bot],49699333+dependabot[bot]@users.noreply.github.com,GitHub,noreply@github.com,1,0,4,15,15,0,0,0,,,,,dependabot,0,5134,Bump actions/checkout from 4.1.6 to 4.1.7 (#5134),"Bump actions/checkout from 4.1.6 to 4.1.7 (#5134)

Bumps [actions/checkout](https://github.com/actions/checkout) from 4.1.6 to 4.1.7.
- [Release notes](https://github.com/actions/checkout/releases)
- [Changelog](https://github.com/actions/checkout/blob/main/CHANGELOG.md)
- [Commits](https://github.com/actions/checkout/compare/v4.1.6...v4.1.7)

---
updated-dependencies:
- dependency-name: actions/checkout
  dependency-type: direct:production
  update-type: version-update:semver-patch
...

Signed-off-by: dependabot[bot] <support@github.com>
Co-authored-by: dependabot[bot] <49699333+dependabot[bot]@users.noreply.github.com>"
home-assistant/supervisor,07c22f4a60120619d7b27437d1e2d8089d525880,2024-06,-7,pre,2024-06-14T09:27:41+02:00,2024-06-14T09:27:41+02:00,dependabot[bot],49699333+dependabot[bot]@users.noreply.github.com,GitHub,noreply@github.com,1,0,1,1,1,0,0,0,,,,,dependabot,0,5136,Bump codecov/codecov-action from 4.4.1 to 4.5.0 (#5136),"Bump codecov/codecov-action from 4.4.1 to 4.5.0 (#5136)

Co-authored-by: dependabot[bot] <49699333+dependabot[bot]@users.noreply.github.com>"
home-assistant/supervisor,6b4fd9b6b85b92ffe9648b4a0189fac4ed294f30,2024-06,-7,pre,2024-06-17T09:05:58+02:00,2024-06-17T09:05:58+02:00,dependabot[bot],49699333+dependabot[bot]@users.noreply.github.com,GitHub,noreply@github.com,1,0,1,1,1,0,0,0,,,,,dependabot,0,5137,Bump ruff from 0.4.8 to 0.4.9 (#5137),"Bump ruff from 0.4.8 to 0.4.9 (#5137)

Bumps [ruff](https://github.com/astral-sh/ruff) from 0.4.8 to 0.4.9.
- [Release notes](https://github.com/astral-sh/ruff/releases)
- [Changelog](https://github.com/astral-sh/ruff/blob/main/CHANGELOG.md)
- [Commits](https://github.com/astral-sh/ruff/compare/v0.4.8...v0.4.9)

---
updated-dependencies:
- dependency-name: ruff
  dependency-type: direct:production
  update-type: version-update:semver-patch
...

Signed-off-by: dependabot[bot] <support@github.com>
Co-authored-by: dependabot[bot] <49699333+dependabot[bot]@users.noreply.github.com>"
home-assistant/supervisor,12c4d9da87be00e729d1f571f0d3d2fb9f45479d,2024-06,-7,pre,2024-06-18T07:52:04+02:00,2024-06-18T07:52:04+02:00,dependabot[bot],49699333+dependabot[bot]@users.noreply.github.com,GitHub,noreply@github.com,1,0,1,1,1,0,0,0,,,,,dependabot,0,5138,Bump urllib3 from 2.2.1 to 2.2.2 (#5138),"Bump urllib3 from 2.2.1 to 2.2.2 (#5138)

Co-authored-by: dependabot[bot] <49699333+dependabot[bot]@users.noreply.github.com>"
home-assistant/supervisor,bbfd899564da723a247d0dd12332e099f11c319d,2024-06,-7,pre,2024-06-20T09:11:45+02:00,2024-06-20T09:11:45+02:00,dependabot[bot],49699333+dependabot[bot]@users.noreply.github.com,GitHub,noreply@github.com,1,0,1,1,1,0,0,0,,,,,dependabot,0,5139,Bump setuptools from 70.0.0 to 70.1.0 (#5139),"Bump setuptools from 70.0.0 to 70.1.0 (#5139)

Co-authored-by: dependabot[bot] <49699333+dependabot[bot]@users.noreply.github.com>"
home-assistant/supervisor,918fcb7d62e7e5711bb80240d77c0e18eb264a81,2024-06,-7,pre,2024-06-20T11:39:26+02:00,2024-06-20T11:39:26+02:00,dependabot[bot],49699333+dependabot[bot]@users.noreply.github.com,GitHub,noreply@github.com,1,0,1,1,1,0,0,0,,,,,dependabot,0,5140,Bump sentry-sdk from 2.5.1 to 2.6.0 (#5140),"Bump sentry-sdk from 2.5.1 to 2.6.0 (#5140)

Co-authored-by: dependabot[bot] <49699333+dependabot[bot]@users.noreply.github.com>"
home-assistant/supervisor,1bb814b793333bd0fda61f115b69c1270355fedd,2024-06,-7,pre,2024-06-20T21:50:29+02:00,2024-06-20T15:50:29-04:00,ue1fc990c4f6dfd9c,ue1fc990c4f6dfd9c@users.invalid,GitHub,noreply@github.com,1,0,2,53,25,1,29,18,,,,,,0,5124,Home Assistant watchdog attempts safe mode after max fails (#5124),"Home Assistant watchdog attempts safe mode after max fails (#5124)

* Home Assistant watchdog attempts safe mode after max fails

* Remove duplicate line

* Refactor and logging change from feedback

* Update supervisor/misc/tasks.py

* Fix log text check in test

---------

Co-authored-by: ue9acf10ae3811d11 <ue9acf10ae3811d11@users.invalid>"
home-assistant/supervisor,4829eb8ae19a304a85a775b4496574b5e7e55d48,2024-06,-7,pre,2024-06-20T21:50:45+02:00,2024-06-20T15:50:45-04:00,ue1fc990c4f6dfd9c,ue1fc990c4f6dfd9c@users.invalid,GitHub,noreply@github.com,1,0,1,1,1,1,1,1,,,,,,0,5141,Await uninstall of addon in fixup (#5141),Await uninstall of addon in fixup (#5141)
home-assistant/supervisor,b0cdb91d5eb0ae6348c142027a52519939fc5d2a,2024-06,-7,pre,2024-06-21T08:54:46+02:00,2024-06-21T08:54:46+02:00,ue9acf10ae3811d11,ue9acf10ae3811d11@users.invalid,GitHub,noreply@github.com,1,0,1,1,1,1,1,1,,,,,,0,5142,Fix uninstall of add-on on fixup (#5142),Fix uninstall of add-on on fixup (#5142)
home-assistant/supervisor,ca7f3e8acb318445d21429ca89e83c79123a84dc,2024-06,-7,pre,2024-06-21T09:27:10+02:00,2024-06-21T09:27:10+02:00,dependabot[bot],49699333+dependabot[bot]@users.noreply.github.com,GitHub,noreply@github.com,1,0,1,1,1,0,0,0,,,,,dependabot,0,5143,Bump ruff from 0.4.9 to 0.4.10 (#5143),"Bump ruff from 0.4.9 to 0.4.10 (#5143)

Co-authored-by: dependabot[bot] <49699333+dependabot[bot]@users.noreply.github.com>"
home-assistant/supervisor,c37b5effd7c8d8d27dad8e1428d31cf4b474e05b,2024-06,-7,pre,2024-06-21T12:17:21+02:00,2024-06-21T12:17:21+02:00,uee50c2d28dcb940b,uee50c2d28dcb940b@users.invalid,GitHub,noreply@github.com,1,0,5,31,9,1,2,0,,,,,,0,5128,Add music assistant to the builtin repositories (#5128),"Add music assistant to the builtin repositories (#5128)

* Add music assistant to the builtin repositories

* Fix tests

* Fix tests some more

---------

Co-authored-by: ue9acf10ae3811d11 <ue9acf10ae3811d11@users.invalid>"
home-assistant/supervisor,5a838ecfe7124db7c0d0bab994a0497440ed0c4e,2024-06,-7,pre,2024-06-24T08:36:04+02:00,2024-06-24T08:36:04+02:00,dependabot[bot],49699333+dependabot[bot]@users.noreply.github.com,GitHub,noreply@github.com,1,0,1,1,1,0,0,0,,,,,dependabot,0,5148,Bump voluptuous from 0.14.2 to 0.15.0 (#5148),"Bump voluptuous from 0.14.2 to 0.15.0 (#5148)

Co-authored-by: dependabot[bot] <49699333+dependabot[bot]@users.noreply.github.com>"
home-assistant/supervisor,0064d93d75a192e7d9845fd72176671c5a864960,2024-06,-7,pre,2024-06-24T08:40:15+02:00,2024-06-24T08:40:15+02:00,dependabot[bot],49699333+dependabot[bot]@users.noreply.github.com,GitHub,noreply@github.com,1,0,1,1,1,0,0,0,,,,,dependabot,0,5149,Bump dirhash from 0.4.0 to 0.4.1 (#5149),"Bump dirhash from 0.4.0 to 0.4.1 (#5149)

Co-authored-by: dependabot[bot] <49699333+dependabot[bot]@users.noreply.github.com>"
home-assistant/supervisor,5e1d764eb30c43c27498e230db2eec5dc502137b,2024-06,-7,pre,2024-06-24T08:41:30+02:00,2024-06-24T08:41:30+02:00,dependabot[bot],49699333+dependabot[bot]@users.noreply.github.com,GitHub,noreply@github.com,1,0,1,1,1,0,0,0,,,,,dependabot,0,5150,Bump coverage from 7.5.3 to 7.5.4 (#5150),"Bump coverage from 7.5.3 to 7.5.4 (#5150)

Co-authored-by: dependabot[bot] <49699333+dependabot[bot]@users.noreply.github.com>"
home-assistant/supervisor,49bc0624af0cff88647e17e1b9bc67db03089ad9,2024-06,-7,pre,2024-06-24T15:47:58-04:00,2024-06-24T15:47:58-04:00,ue1fc990c4f6dfd9c,ue1fc990c4f6dfd9c@users.invalid,GitHub,noreply@github.com,1,0,3,4,0,1,1,0,,,,,,0,5147,Ignore dns-data field in network settings update (#5147),Ignore dns-data field in network settings update (#5147)
home-assistant/supervisor,bd8047ae9ceffa5c522254f3178cd5ca994fad07,2024-06,-7,pre,2024-06-25T08:25:24+02:00,2024-06-25T08:25:24+02:00,dependabot[bot],49699333+dependabot[bot]@users.noreply.github.com,GitHub,noreply@github.com,1,0,1,1,1,0,0,0,,,,,dependabot,0,5153,Bump awesomeversion from 24.2.0 to 24.6.0 (#5153),"Bump awesomeversion from 24.2.0 to 24.6.0 (#5153)

Co-authored-by: dependabot[bot] <49699333+dependabot[bot]@users.noreply.github.com>"
home-assistant/supervisor,ffb4e2d6d767c6f4c1eef108da4952ca5e38c59b,2024-06,-7,pre,2024-06-25T08:37:10+02:00,2024-06-25T02:37:10-04:00,ue1fc990c4f6dfd9c,ue1fc990c4f6dfd9c@users.invalid,GitHub,noreply@github.com,1,0,1,5,5,0,0,0,,,,,,0,5151,Bump Supervisor to Alpine 3.20 (#5151),Bump Supervisor to Alpine 3.20 (#5151)
home-assistant/supervisor,7fa15b334ad2971b2aef41b8083bfadcaac662bf,2024-06,-7,pre,2024-06-26T08:35:34+02:00,2024-06-26T08:35:34+02:00,dependabot[bot],49699333+dependabot[bot]@users.noreply.github.com,GitHub,noreply@github.com,1,0,1,1,1,0,0,0,,,,,dependabot,0,5156,Bump setuptools from 70.1.0 to 70.1.1 (#5156),"Bump setuptools from 70.1.0 to 70.1.1 (#5156)

Co-authored-by: dependabot[bot] <49699333+dependabot[bot]@users.noreply.github.com>"
home-assistant/supervisor,d06edb2dd6a9861227795806b906b91383bb39a5,2024-06,-7,pre,2024-06-26T08:50:33+02:00,2024-06-26T08:50:33+02:00,dependabot[bot],49699333+dependabot[bot]@users.noreply.github.com,GitHub,noreply@github.com,1,0,1,1,1,0,0,0,,,,,dependabot,0,5158,Bump debugpy from 1.8.1 to 1.8.2 (#5158),"Bump debugpy from 1.8.1 to 1.8.2 (#5158)

Co-authored-by: dependabot[bot] <49699333+dependabot[bot]@users.noreply.github.com>"
home-assistant/supervisor,f2d7be3aacd78f4093d77ee1cda17f988a0b2916,2024-06,-7,pre,2024-06-26T09:26:21+02:00,2024-06-26T09:26:21+02:00,dependabot[bot],49699333+dependabot[bot]@users.noreply.github.com,GitHub,noreply@github.com,1,0,1,1,1,0,0,0,,,,,dependabot,0,5159,Bump dbus-fast from 2.21.3 to 2.22.1 (#5159),"Bump dbus-fast from 2.21.3 to 2.22.1 (#5159)

Co-authored-by: dependabot[bot] <49699333+dependabot[bot]@users.noreply.github.com>"
home-assistant/supervisor,1c4d2e8dec4e390d818d353fed83de7caacc84fb,2024-06,-7,pre,2024-06-27T08:48:44+02:00,2024-06-27T08:48:44+02:00,dependabot[bot],49699333+dependabot[bot]@users.noreply.github.com,GitHub,noreply@github.com,1,0,1,1,1,0,0,0,,,,,dependabot,0,5162,Bump voluptuous from 0.15.0 to 0.15.1 (#5162),"Bump voluptuous from 0.15.0 to 0.15.1 (#5162)

Bumps [voluptuous](https://github.com/alecthomas/voluptuous) from 0.15.0 to 0.15.1.
- [Release notes](https://github.com/alecthomas/voluptuous/releases)
- [Changelog](https://github.com/alecthomas/voluptuous/blob/master/CHANGELOG.md)
- [Commits](https://github.com/alecthomas/voluptuous/compare/0.15.0...0.15.1)

---
updated-dependencies:
- dependency-name: voluptuous
  dependency-type: direct:production
  update-type: version-update:semver-patch
...

Signed-off-by: dependabot[bot] <support@github.com>
Co-authored-by: dependabot[bot] <49699333+dependabot[bot]@users.noreply.github.com>"
home-assistant/supervisor,134dad735708f87cf3f82b9231eb3c062f868819,2024-06,-7,pre,2024-06-27T09:04:42+02:00,2024-06-27T09:04:42+02:00,dependabot[bot],49699333+dependabot[bot]@users.noreply.github.com,GitHub,noreply@github.com,1,0,1,1,1,0,0,0,,,,,dependabot,0,5161,Bump sentry-sdk from 2.6.0 to 2.7.0 (#5161),"Bump sentry-sdk from 2.6.0 to 2.7.0 (#5161)

Bumps [sentry-sdk](https://github.com/getsentry/sentry-python) from 2.6.0 to 2.7.0.
- [Release notes](https://github.com/getsentry/sentry-python/releases)
- [Changelog](https://github.com/getsentry/sentry-python/blob/master/CHANGELOG.md)
- [Commits](https://github.com/getsentry/sentry-python/compare/2.6.0...2.7.0)

---
updated-dependencies:
- dependency-name: sentry-sdk
  dependency-type: direct:production
  update-type: version-update:semver-minor
...

Signed-off-by: dependabot[bot] <support@github.com>
Co-authored-by: dependabot[bot] <49699333+dependabot[bot]@users.noreply.github.com>"
home-assistant/supervisor,eae97ba3f4ca33f96f1f16c531e1a49e9bc4d401,2024-06,-7,pre,2024-06-27T09:05:11+02:00,2024-06-27T09:05:11+02:00,dependabot[bot],49699333+dependabot[bot]@users.noreply.github.com,GitHub,noreply@github.com,1,0,1,1,1,0,0,0,,,,,dependabot,0,5160,Bump pylint from 3.2.3 to 3.2.4 (#5160),"Bump pylint from 3.2.3 to 3.2.4 (#5160)

Bumps [pylint](https://github.com/pylint-dev/pylint) from 3.2.3 to 3.2.4.
- [Release notes](https://github.com/pylint-dev/pylint/releases)
- [Commits](https://github.com/pylint-dev/pylint/compare/v3.2.3...v3.2.4)

---
updated-dependencies:
- dependency-name: pylint
  dependency-type: direct:production
  update-type: version-update:semver-patch
...

Signed-off-by: dependabot[bot] <support@github.com>
Co-authored-by: dependabot[bot] <49699333+dependabot[bot]@users.noreply.github.com>"
home-assistant/supervisor,13783f0d4a58146c510f05b651ee4830e3f26c31,2024-06,-7,pre,2024-06-28T08:39:34+02:00,2024-06-28T08:39:34+02:00,dependabot[bot],49699333+dependabot[bot]@users.noreply.github.com,GitHub,noreply@github.com,1,0,1,1,1,0,0,0,,,,,dependabot,0,5163,Bump ruff from 0.4.10 to 0.5.0 (#5163),"Bump ruff from 0.4.10 to 0.5.0 (#5163)

Co-authored-by: dependabot[bot] <49699333+dependabot[bot]@users.noreply.github.com>"
home-assistant/supervisor,3caad67f61d3ccb9b66e3d5f43ba1008a8a0a280,2024-06,-7,pre,2024-06-30T15:27:42+02:00,2024-06-30T15:27:42+02:00,dependabot[bot],49699333+dependabot[bot]@users.noreply.github.com,GitHub,noreply@github.com,1,0,1,1,1,0,0,0,,,,,dependabot,0,5164,Bump sentry-sdk from 2.7.0 to 2.7.1 (#5164),"Bump sentry-sdk from 2.7.0 to 2.7.1 (#5164)

Co-authored-by: dependabot[bot] <49699333+dependabot[bot]@users.noreply.github.com>"
home-assistant/supervisor,00bc13c049ec39d19b41f06425d0e6987ee24bf4,2024-07,-6,pre,2024-07-01T08:43:39+02:00,2024-07-01T08:43:39+02:00,dependabot[bot],49699333+dependabot[bot]@users.noreply.github.com,GitHub,noreply@github.com,1,0,1,1,1,0,0,0,,,,,dependabot,0,5166,Bump pylint from 3.2.4 to 3.2.5 (#5166),"Bump pylint from 3.2.4 to 3.2.5 (#5166)

Co-authored-by: dependabot[bot] <49699333+dependabot[bot]@users.noreply.github.com>"
home-assistant/supervisor,130efd340c312657c699e3bdcd66a55eb51a0db6,2024-07,-6,pre,2024-07-01T08:47:00+02:00,2024-07-01T08:47:00+02:00,dependabot[bot],49699333+dependabot[bot]@users.noreply.github.com,GitHub,noreply@github.com,1,0,1,1,1,0,0,0,,,,,dependabot,0,5165,Bump time-machine from 2.14.1 to 2.14.2 (#5165),"Bump time-machine from 2.14.1 to 2.14.2 (#5165)

Co-authored-by: dependabot[bot] <49699333+dependabot[bot]@users.noreply.github.com>"
home-assistant/supervisor,50dc09d1a992fb99ec499b75e21522132c06b3da,2024-07,-6,pre,2024-07-02T09:29:38+02:00,2024-07-02T09:29:38+02:00,dependabot[bot],49699333+dependabot[bot]@users.noreply.github.com,GitHub,noreply@github.com,1,0,1,1,1,0,0,0,,,,,dependabot,0,5167,Bump setuptools from 70.1.1 to 70.2.0 (#5167),"Bump setuptools from 70.1.1 to 70.2.0 (#5167)

Bumps [setuptools](https://github.com/pypa/setuptools) from 70.1.1 to 70.2.0.
- [Release notes](https://github.com/pypa/setuptools/releases)
- [Changelog](https://github.com/pypa/setuptools/blob/main/NEWS.rst)
- [Commits](https://github.com/pypa/setuptools/compare/v70.1.1...v70.2.0)

---
updated-dependencies:
- dependency-name: setuptools
  dependency-type: direct:production
  update-type: version-update:semver-minor
...

Signed-off-by: dependabot[bot] <support@github.com>
Co-authored-by: dependabot[bot] <49699333+dependabot[bot]@users.noreply.github.com>"
home-assistant/supervisor,1a1ee50d9dc7ed0d34960d253c381cc45abcb681,2024-07,-6,pre,2024-07-03T09:57:11+02:00,2024-07-03T09:57:11+02:00,dependabot[bot],49699333+dependabot[bot]@users.noreply.github.com,GitHub,noreply@github.com,1,0,1,1,1,0,0,0,,,,,dependabot,0,5168,Bump voluptuous from 0.15.1 to 0.15.2 (#5168),"Bump voluptuous from 0.15.1 to 0.15.2 (#5168)

Co-authored-by: dependabot[bot] <49699333+dependabot[bot]@users.noreply.github.com>"
home-assistant/supervisor,02bdc4b555f0bee035f7584dcf0f1c39b0dfb269,2024-07,-6,pre,2024-07-03T11:51:16-04:00,2024-07-03T11:51:16-04:00,ue1fc990c4f6dfd9c,ue1fc990c4f6dfd9c@users.invalid,GitHub,noreply@github.com,1,0,2,20,11,0,0,0,,,,,,0,5152,Use uv instead of pip in Supervisor (#5152),"Use uv instead of pip in Supervisor (#5152)

* Migrate supervisor image from pip to uv

* Set python paths

* Put in i386 conditional to match core

* Semicolons within if statements"
home-assistant/supervisor,2f11c9c9e3c63e1e46d329f6a64c1aedd1ef5b38,2024-07,-6,pre,2024-07-08T08:34:07+02:00,2024-07-08T08:34:07+02:00,dependabot[bot],49699333+dependabot[bot]@users.noreply.github.com,GitHub,noreply@github.com,1,0,1,1,1,0,0,0,,,,,dependabot,0,5173,Bump actions/upload-artifact from 4.3.3 to 4.3.4 (#5173),Bump actions/upload-artifact from 4.3.3 to 4.3.4 (#5173)
home-assistant/supervisor,1882d448ea56cae8c828f4d99a09fbdb630da00b,2024-07,-6,pre,2024-07-08T08:35:57+02:00,2024-07-08T08:35:57+02:00,dependabot[bot],49699333+dependabot[bot]@users.noreply.github.com,GitHub,noreply@github.com,1,0,1,1,1,0,0,0,,,,,dependabot,0,5174,Bump actions/download-artifact from 4.1.7 to 4.1.8 (#5174),Bump actions/download-artifact from 4.1.7 to 4.1.8 (#5174)
home-assistant/supervisor,c9c9451c36024f09dd6fddc2f7921d58756e776c,2024-07,-6,pre,2024-07-08T08:39:34+02:00,2024-07-08T08:39:34+02:00,dependabot[bot],49699333+dependabot[bot]@users.noreply.github.com,GitHub,noreply@github.com,1,0,1,1,1,0,0,0,,,,,dependabot,0,5176,Bump ruff from 0.5.0 to 0.5.1 (#5176),Bump ruff from 0.5.0 to 0.5.1 (#5176)
home-assistant/supervisor,6b73bf5c285aabfc8eb8b92822503ac069cf5f21,2024-07,-6,pre,2024-07-08T08:41:48+02:00,2024-07-08T08:41:48+02:00,dependabot[bot],49699333+dependabot[bot]@users.noreply.github.com,GitHub,noreply@github.com,1,0,1,1,1,0,0,0,,,,,dependabot,0,5175,Bump aiohttp-fast-url-dispatcher from 0.3.0 to 0.3.1 (#5175),Bump aiohttp-fast-url-dispatcher from 0.3.0 to 0.3.1 (#5175)
home-assistant/supervisor,1a22d83895ae8ea05f58a8181332647e2a5b9c2c,2024-07,-6,pre,2024-07-09T08:27:46+02:00,2024-07-09T08:27:46+02:00,dependabot[bot],49699333+dependabot[bot]@users.noreply.github.com,GitHub,noreply@github.com,1,0,1,1,1,0,0,0,,,,,dependabot,0,5179,Bump sentry-sdk from 2.7.1 to 2.8.0 (#5179),"Bump sentry-sdk from 2.7.1 to 2.8.0 (#5179)

Co-authored-by: dependabot[bot] <49699333+dependabot[bot]@users.noreply.github.com>"
home-assistant/supervisor,d4ba46a8464550ad812cfced5531a5432b5fee4f,2024-07,-6,pre,2024-07-09T08:29:09+02:00,2024-07-09T08:29:09+02:00,dependabot[bot],49699333+dependabot[bot]@users.noreply.github.com,GitHub,noreply@github.com,1,0,1,1,1,0,0,0,,,,,dependabot,0,5178,Bump home-assistant/wheels from 2024.01.0 to 2024.07.1 (#5178),"Bump home-assistant/wheels from 2024.01.0 to 2024.07.1 (#5178)

Co-authored-by: dependabot[bot] <49699333+dependabot[bot]@users.noreply.github.com>"
home-assistant/supervisor,94987c04b8717f55a7276203edfea5d3ae07f874,2024-07,-6,pre,2024-07-10T08:37:23+02:00,2024-07-10T08:37:23+02:00,dependabot[bot],49699333+dependabot[bot]@users.noreply.github.com,GitHub,noreply@github.com,1,0,1,1,1,0,0,0,,,,,dependabot,0,5181,Bump setuptools from 70.2.0 to 70.3.0 (#5181),"Bump setuptools from 70.2.0 to 70.3.0 (#5181)

Co-authored-by: dependabot[bot] <49699333+dependabot[bot]@users.noreply.github.com>"
home-assistant/supervisor,cbe21303c448bc062ef8603852cf164107ee6c9c,2024-07,-6,pre,2024-07-11T08:17:35+02:00,2024-07-11T08:17:35+02:00,dependabot[bot],49699333+dependabot[bot]@users.noreply.github.com,GitHub,noreply@github.com,1,0,2,9,9,0,0,0,,,,,dependabot,0,5182,Bump actions/setup-python from 5.1.0 to 5.1.1 (#5182),"Bump actions/setup-python from 5.1.0 to 5.1.1 (#5182)

Bumps [actions/setup-python](https://github.com/actions/setup-python) from 5.1.0 to 5.1.1.
- [Release notes](https://github.com/actions/setup-python/releases)
- [Commits](https://github.com/actions/setup-python/compare/v5.1.0...v5.1.1)

---
updated-dependencies:
- dependency-name: actions/setup-python
  dependency-type: direct:production
  update-type: version-update:semver-patch
...

Signed-off-by: dependabot[bot] <support@github.com>
Co-authored-by: dependabot[bot] <49699333+dependabot[bot]@users.noreply.github.com>"
home-assistant/supervisor,928f32bb4f1e551a2b286128ae905a2049884c72,2024-07,-6,pre,2024-07-11T08:57:33+02:00,2024-07-11T08:57:33+02:00,dependabot[bot],49699333+dependabot[bot]@users.noreply.github.com,GitHub,noreply@github.com,1,0,1,1,1,0,0,0,,,,,dependabot,0,5183,Bump sentry-sdk from 2.8.0 to 2.9.0 (#5183),"Bump sentry-sdk from 2.8.0 to 2.9.0 (#5183)

Co-authored-by: dependabot[bot] <49699333+dependabot[bot]@users.noreply.github.com>"
home-assistant/supervisor,d2183fa12b5d9c953dea3621c4e361ce6e40cc08,2024-07,-6,pre,2024-07-12T10:25:20+02:00,2024-07-12T10:25:20+02:00,dependabot[bot],49699333+dependabot[bot]@users.noreply.github.com,GitHub,noreply@github.com,1,0,1,1,1,0,0,0,,,,,dependabot,0,5185,Bump coverage from 7.5.4 to 7.6.0 (#5185),"Bump coverage from 7.5.4 to 7.6.0 (#5185)

Bumps [coverage](https://github.com/nedbat/coveragepy) from 7.5.4 to 7.6.0.
- [Release notes](https://github.com/nedbat/coveragepy/releases)
- [Changelog](https://github.com/nedbat/coveragepy/blob/master/CHANGES.rst)
- [Commits](https://github.com/nedbat/coveragepy/compare/7.5.4...7.6.0)

---
updated-dependencies:
- dependency-name: coverage
  dependency-type: direct:production
  update-type: version-update:semver-minor
...

Signed-off-by: dependabot[bot] <support@github.com>
Co-authored-by: dependabot[bot] <49699333+dependabot[bot]@users.noreply.github.com>"
home-assistant/supervisor,aa7f4aafeb76252b9b53989bfbce23b10f217f8f,2024-07,-6,pre,2024-07-12T10:26:45+02:00,2024-07-12T04:26:45-04:00,ue1fc990c4f6dfd9c,ue1fc990c4f6dfd9c@users.invalid,GitHub,noreply@github.com,1,0,1,5,2,0,0,0,,,,,,0,5170,Migrate supervisor devcontainer from pip to uv (#5170),Migrate supervisor devcontainer from pip to uv (#5170)
home-assistant/supervisor,eac167067eda600704739f7def6efdd3722f2a9d,2024-07,-6,pre,2024-07-18T08:43:59+02:00,2024-07-18T02:43:59-04:00,ue1fc990c4f6dfd9c,ue1fc990c4f6dfd9c@users.invalid,GitHub,noreply@github.com,1,0,1,3,0,1,3,0,,,,,,0,5189,Ignore false positive no-member error (#5189),Ignore false positive no-member error (#5189)
home-assistant/supervisor,8ac8ecb17e95b5a072fc0811597604e3e618d09a,2024-07,-6,pre,2024-07-18T08:51:36+02:00,2024-07-18T08:51:36+02:00,dependabot[bot],49699333+dependabot[bot]@users.noreply.github.com,GitHub,noreply@github.com,1,0,1,1,1,0,0,0,,,,,dependabot,0,5190,Bump setuptools from 70.3.0 to 71.0.1 (#5190),"Bump setuptools from 70.3.0 to 71.0.1 (#5190)

Co-authored-by: dependabot[bot] <49699333+dependabot[bot]@users.noreply.github.com>"
home-assistant/supervisor,458c493a745f212ab9f20efdcbd40c22c6495e44,2024-07,-6,pre,2024-07-18T08:52:23+02:00,2024-07-18T08:52:23+02:00,dependabot[bot],49699333+dependabot[bot]@users.noreply.github.com,GitHub,noreply@github.com,1,0,1,1,1,0,0,0,,,,,dependabot,0,5186,Bump ruff from 0.5.1 to 0.5.2 (#5186),"Bump ruff from 0.5.1 to 0.5.2 (#5186)

Co-authored-by: dependabot[bot] <49699333+dependabot[bot]@users.noreply.github.com>"
home-assistant/supervisor,54afd6e1c88df946892a623fa3b82f2c2bcfb0bf,2024-07,-6,pre,2024-07-19T09:06:43+02:00,2024-07-19T09:06:43+02:00,dependabot[bot],49699333+dependabot[bot]@users.noreply.github.com,GitHub,noreply@github.com,1,0,1,1,1,0,0,0,,,,,dependabot,0,5193,Bump setuptools from 71.0.1 to 71.0.3 (#5193),"Bump setuptools from 71.0.1 to 71.0.3 (#5193)

Co-authored-by: dependabot[bot] <49699333+dependabot[bot]@users.noreply.github.com>"
home-assistant/supervisor,1ff0432f4de4199470eee782067a29d0141507d6,2024-07,-6,pre,2024-07-19T09:07:06+02:00,2024-07-19T09:07:06+02:00,dependabot[bot],49699333+dependabot[bot]@users.noreply.github.com,GitHub,noreply@github.com,1,0,1,1,1,0,0,0,,,,,dependabot,0,5192,Bump ruff from 0.5.2 to 0.5.3 (#5192),"Bump ruff from 0.5.2 to 0.5.3 (#5192)

Co-authored-by: dependabot[bot] <49699333+dependabot[bot]@users.noreply.github.com>"
home-assistant/supervisor,a42d71dcefc94b52f0c88d1eb79a312660a4b941,2024-07,-6,pre,2024-07-19T09:09:13+02:00,2024-07-19T03:09:13-04:00,ue1fc990c4f6dfd9c,ue1fc990c4f6dfd9c@users.invalid,GitHub,noreply@github.com,1,0,1,2,3,0,0,0,,,,,,0,5191,Small cleanup to pyproject.toml (#5191),Small cleanup to pyproject.toml (#5191)
home-assistant/supervisor,77e7bf51b72b8e94f183f0bf6d4e37c118c08b82,2024-07,-6,pre,2024-07-19T12:36:25+02:00,2024-07-19T20:36:25+10:00,u00733b8c33d193ab,u00733b8c33d193ab@users.invalid,GitHub,noreply@github.com,1,0,1,1,1,1,1,1,,,,,,0,5184,Only read wifi strength from active connections. (#5184),Only read wifi strength from active connections. (#5184)
home-assistant/supervisor,2c2f04ba85c1c9c59583afe76a2a35f34917a146,2024-07,-6,pre,2024-07-22T09:45:31+02:00,2024-07-22T09:45:31+02:00,dependabot[bot],49699333+dependabot[bot]@users.noreply.github.com,GitHub,noreply@github.com,1,0,1,1,1,0,0,0,,,,,dependabot,0,5200,Bump setuptools from 71.0.3 to 71.1.0 (#5200),"Bump setuptools from 71.0.3 to 71.1.0 (#5200)

Bumps [setuptools](https://github.com/pypa/setuptools) from 71.0.3 to 71.1.0.
- [Release notes](https://github.com/pypa/setuptools/releases)
- [Changelog](https://github.com/pypa/setuptools/blob/main/NEWS.rst)
- [Commits](https://github.com/pypa/setuptools/compare/v71.0.3...v71.1.0)

---
updated-dependencies:
- dependency-name: setuptools
  dependency-type: direct:production
  update-type: version-update:semver-minor
...

Signed-off-by: dependabot[bot] <support@github.com>
Co-authored-by: dependabot[bot] <49699333+dependabot[bot]@users.noreply.github.com>"
home-assistant/supervisor,c1545b5b78820464ecab4231d1477fb08f90ef7d,2024-07,-6,pre,2024-07-22T09:45:47+02:00,2024-07-22T09:45:47+02:00,dependabot[bot],49699333+dependabot[bot]@users.noreply.github.com,GitHub,noreply@github.com,1,0,1,1,1,0,0,0,,,,,dependabot,0,5196,Bump ruff from 0.5.3 to 0.5.4 (#5196),"Bump ruff from 0.5.3 to 0.5.4 (#5196)

Bumps [ruff](https://github.com/astral-sh/ruff) from 0.5.3 to 0.5.4.
- [Release notes](https://github.com/astral-sh/ruff/releases)
- [Changelog](https://github.com/astral-sh/ruff/blob/main/CHANGELOG.md)
- [Commits](https://github.com/astral-sh/ruff/compare/0.5.3...0.5.4)

---
updated-dependencies:
- dependency-name: ruff
  dependency-type: direct:production
  update-type: version-update:semver-patch
...

Signed-off-by: dependabot[bot] <support@github.com>
Co-authored-by: dependabot[bot] <49699333+dependabot[bot]@users.noreply.github.com>"
home-assistant/supervisor,b2ad1ceea3967d7047185f2bb21f969e82247d2f,2024-07,-6,pre,2024-07-22T10:03:25+02:00,2024-07-22T10:03:25+02:00,dependabot[bot],49699333+dependabot[bot]@users.noreply.github.com,GitHub,noreply@github.com,1,0,1,1,1,0,0,0,,,,,dependabot,0,5188,Bump sentry-sdk from 2.9.0 to 2.10.0 (#5188),"Bump sentry-sdk from 2.9.0 to 2.10.0 (#5188)

Co-authored-by: dependabot[bot] <49699333+dependabot[bot]@users.noreply.github.com>"
home-assistant/supervisor,19b62dd0d44a7215355e733973674f1094fc5d75,2024-07,-6,pre,2024-07-22T10:04:13+02:00,2024-07-22T10:04:13+02:00,dependabot[bot],49699333+dependabot[bot]@users.noreply.github.com,GitHub,noreply@github.com,1,0,1,1,1,0,0,0,,,,,dependabot,0,5197,Bump pytest from 8.2.2 to 8.3.1 (#5197),"Bump pytest from 8.2.2 to 8.3.1 (#5197)

Co-authored-by: dependabot[bot] <49699333+dependabot[bot]@users.noreply.github.com>"
home-assistant/supervisor,eb37655598810853ac13c4a6aea256f8de0d13ce,2024-07,-6,pre,2024-07-22T10:07:15+02:00,2024-07-22T10:07:15+02:00,dependabot[bot],49699333+dependabot[bot]@users.noreply.github.com,GitHub,noreply@github.com,1,0,1,1,1,0,0,0,,,,,dependabot,0,5198,Bump pylint from 3.2.5 to 3.2.6 (#5198),"Bump pylint from 3.2.5 to 3.2.6 (#5198)

Bumps [pylint](https://github.com/pylint-dev/pylint) from 3.2.5 to 3.2.6.
- [Release notes](https://github.com/pylint-dev/pylint/releases)
- [Commits](https://github.com/pylint-dev/pylint/compare/v3.2.5...v3.2.6)

---
updated-dependencies:
- dependency-name: pylint
  dependency-type: direct:production
  update-type: version-update:semver-patch
...

Signed-off-by: dependabot[bot] <support@github.com>
Co-authored-by: dependabot[bot] <49699333+dependabot[bot]@users.noreply.github.com>"
home-assistant/supervisor,627d67f9d0651bccf3905bc8a12de1aefb284128,2024-07,-6,pre,2024-07-22T11:59:07+02:00,2024-07-22T11:59:07+02:00,dependabot[bot],49699333+dependabot[bot]@users.noreply.github.com,GitHub,noreply@github.com,1,0,1,1,1,0,0,0,,,,,dependabot,0,5199,Bump cryptography from 42.0.8 to 43.0.0 (#5199),"Bump cryptography from 42.0.8 to 43.0.0 (#5199)

Co-authored-by: dependabot[bot] <49699333+dependabot[bot]@users.noreply.github.com>"
home-assistant/supervisor,4ea7133fa817432f29bc4dec5c4e0fb5e392713b,2024-07,-6,pre,2024-07-23T09:22:20+02:00,2024-07-23T09:22:20+02:00,dependabot[bot],49699333+dependabot[bot]@users.noreply.github.com,GitHub,noreply@github.com,1,0,1,1,1,0,0,0,,,,,dependabot,0,5201,Bump docker/login-action from 3.2.0 to 3.3.0 (#5201),"Bump docker/login-action from 3.2.0 to 3.3.0 (#5201)

Co-authored-by: dependabot[bot] <49699333+dependabot[bot]@users.noreply.github.com>"
home-assistant/supervisor,4ab4350c58eb312275a018eb4e9b05676326c2df,2024-07,-6,pre,2024-07-23T15:27:16-04:00,2024-07-23T21:27:16+02:00,uabcf51a9a8c35bfa,uabcf51a9a8c35bfa@users.invalid,GitHub,noreply@github.com,1,0,4,67,5,2,26,4,,,,,,0,5202,Add support for offline DB migration (#5202),"Add support for offline DB migration (#5202)

* Add support for offline DB migration

* Format code"
home-assistant/supervisor,5ee7d166876b27783d3ae5ab25fc6ea1589801dc,2024-07,-6,pre,2024-07-25T13:45:38+02:00,2024-07-25T07:45:38-04:00,ue1fc990c4f6dfd9c,ue1fc990c4f6dfd9c@users.invalid,GitHub,noreply@github.com,1,0,6,98,53,5,20,5,,,,,,0,5204,Add hard-coded image fallback for plugins for offline start (#5204),Add hard-coded image fallback for plugins for offline start (#5204)
home-assistant/supervisor,591b9a4d8769137759eb3e494c2333dea2d19da9,2024-07,-6,pre,2024-07-25T17:08:43+02:00,2024-07-25T11:08:43-04:00,ue1fc990c4f6dfd9c,ue1fc990c4f6dfd9c@users.invalid,GitHub,noreply@github.com,1,0,5,192,83,3,34,12,,,,,,0,5203,Stop backup if pre backup failed in Core (#5203),"Stop backup if pre backup failed in Core (#5203)

* Stop backup if pre backup failed in Core

* Fix API tests

* Partial backup in ci since there's no Home assistant

* Add ssl folder to partial backup

* Allow backups when Home Assistant is not running

* Undo change to skip db test"
home-assistant/supervisor,0bbd15bfda83d51331559f5bf0f7b3df95953dc1,2024-07,-6,pre,2024-07-25T17:14:45+02:00,2024-07-25T11:14:45-04:00,ue1fc990c4f6dfd9c,ue1fc990c4f6dfd9c@users.invalid,GitHub,noreply@github.com,1,0,6,155,10,4,68,9,,,,,,0,5205,Restrict stopping core during migrations with force option (#5205),Restrict stopping core during migrations with force option (#5205)
home-assistant/supervisor,44ce8de71f404ed636c723258cd9b8087ac9ac8b,2024-07,-6,pre,2024-07-29T11:08:13+02:00,2024-07-29T11:08:13+02:00,dependabot[bot],49699333+dependabot[bot]@users.noreply.github.com,GitHub,noreply@github.com,1,0,1,1,1,0,0,0,,,,,dependabot,0,5211,Bump setuptools from 71.1.0 to 72.0.0 (#5211),"Bump setuptools from 71.1.0 to 72.0.0 (#5211)

Co-authored-by: dependabot[bot] <49699333+dependabot[bot]@users.noreply.github.com>"
home-assistant/supervisor,3e9b1938c66f125fea00fdc1fb021a241a012c45,2024-07,-6,pre,2024-07-29T11:26:14+02:00,2024-07-29T11:26:14+02:00,dependabot[bot],49699333+dependabot[bot]@users.noreply.github.com,GitHub,noreply@github.com,1,0,1,1,1,0,0,0,,,,,dependabot,0,5207,Bump pytest from 8.3.1 to 8.3.2 (#5207),"Bump pytest from 8.3.1 to 8.3.2 (#5207)

Bumps [pytest](https://github.com/pytest-dev/pytest) from 8.3.1 to 8.3.2.
- [Release notes](https://github.com/pytest-dev/pytest/releases)
- [Changelog](https://github.com/pytest-dev/pytest/blob/main/CHANGELOG.rst)
- [Commits](https://github.com/pytest-dev/pytest/compare/8.3.1...8.3.2)

---
updated-dependencies:
- dependency-name: pytest
  dependency-type: direct:production
  update-type: version-update:semver-patch
...

Signed-off-by: dependabot[bot] <support@github.com>
Co-authored-by: dependabot[bot] <49699333+dependabot[bot]@users.noreply.github.com>"
home-assistant/supervisor,d6560c51ee0845a59b33507ce321f3de6f625dd7,2024-07,-6,pre,2024-07-29T11:39:50+02:00,2024-07-29T11:39:50+02:00,dependabot[bot],49699333+dependabot[bot]@users.noreply.github.com,GitHub,noreply@github.com,1,0,1,1,1,0,0,0,,,,,dependabot,0,5210,Bump pre-commit from 3.7.1 to 3.8.0 (#5210),"Bump pre-commit from 3.7.1 to 3.8.0 (#5210)

Co-authored-by: dependabot[bot] <49699333+dependabot[bot]@users.noreply.github.com>"
home-assistant/supervisor,640b7d46e378c1b623d06bd95a92a296e9cfd975,2024-07,-6,pre,2024-07-29T12:01:43+02:00,2024-07-29T12:01:43+02:00,dependabot[bot],49699333+dependabot[bot]@users.noreply.github.com,GitHub,noreply@github.com,1,0,1,1,1,0,0,0,,,,,dependabot,0,5208,Bump ruff from 0.5.4 to 0.5.5 (#5208),"Bump ruff from 0.5.4 to 0.5.5 (#5208)

Co-authored-by: dependabot[bot] <49699333+dependabot[bot]@users.noreply.github.com>"
home-assistant/supervisor,01ba591bc99878fc1d0b93419973d70f2853c00d,2024-07,-6,pre,2024-07-30T10:12:58+02:00,2024-07-30T10:12:58+02:00,dependabot[bot],49699333+dependabot[bot]@users.noreply.github.com,GitHub,noreply@github.com,1,0,1,1,1,0,0,0,,,,,dependabot,0,5212,Bump setuptools from 72.0.0 to 72.1.0 (#5212),"Bump setuptools from 72.0.0 to 72.1.0 (#5212)

Co-authored-by: dependabot[bot] <49699333+dependabot[bot]@users.noreply.github.com>"
home-assistant/supervisor,3dea7fc4e8d40b473b53313ab2f0228117635f8d,2024-08,-5,pre,2024-08-05T08:36:00+02:00,2024-08-05T08:36:00+02:00,dependabot[bot],49699333+dependabot[bot]@users.noreply.github.com,GitHub,noreply@github.com,1,0,1,1,1,0,0,0,,,,,dependabot,0,5217,Bump actions/upload-artifact from 4.3.4 to 4.3.5 (#5217),Bump actions/upload-artifact from 4.3.4 to 4.3.5 (#5217)
home-assistant/supervisor,e2ca357774b33dbb0ed93ec45fa53b148d67e24c,2024-08,-5,pre,2024-08-05T09:37:40+02:00,2024-08-05T09:37:40+02:00,dependabot[bot],49699333+dependabot[bot]@users.noreply.github.com,GitHub,noreply@github.com,1,0,1,1,1,0,0,0,,,,,dependabot,0,5223,Bump dirhash from 0.4.1 to 0.5.0 (#5223),"Bump dirhash from 0.4.1 to 0.5.0 (#5223)

Bumps [dirhash](https://github.com/andhus/dirhash-python) from 0.4.1 to 0.5.0.
- [Release notes](https://github.com/andhus/dirhash-python/releases)
- [Changelog](https://github.com/andhus/dirhash-python/blob/master/CHANGELOG.md)
- [Commits](https://github.com/andhus/dirhash-python/compare/v0.4.1...v0.5.0)

---
updated-dependencies:
- dependency-name: dirhash
  dependency-type: direct:production
  update-type: version-update:semver-minor
...

Signed-off-by: dependabot[bot] <support@github.com>
Co-authored-by: dependabot[bot] <49699333+dependabot[bot]@users.noreply.github.com>"
home-assistant/supervisor,185cd362fbd84b595c458af1af7a6f87096cfd76,2024-08,-5,pre,2024-08-05T09:38:06+02:00,2024-08-05T09:38:06+02:00,dependabot[bot],49699333+dependabot[bot]@users.noreply.github.com,GitHub,noreply@github.com,1,0,1,1,1,0,0,0,,,,,dependabot,0,5222,Bump coverage from 7.6.0 to 7.6.1 (#5222),"Bump coverage from 7.6.0 to 7.6.1 (#5222)

Bumps [coverage](https://github.com/nedbat/coveragepy) from 7.6.0 to 7.6.1.
- [Release notes](https://github.com/nedbat/coveragepy/releases)
- [Changelog](https://github.com/nedbat/coveragepy/blob/master/CHANGES.rst)
- [Commits](https://github.com/nedbat/coveragepy/compare/7.6.0...7.6.1)

---
updated-dependencies:
- dependency-name: coverage
  dependency-type: direct:production
  update-type: version-update:semver-patch
...

Signed-off-by: dependabot[bot] <support@github.com>
Co-authored-by: dependabot[bot] <49699333+dependabot[bot]@users.noreply.github.com>"
home-assistant/supervisor,61034dfa7bd97d88ade894a24609c2b180225197,2024-08,-5,pre,2024-08-05T09:41:21+02:00,2024-08-05T09:41:21+02:00,dependabot[bot],49699333+dependabot[bot]@users.noreply.github.com,GitHub,noreply@github.com,1,0,1,1,1,0,0,0,,,,,dependabot,0,5219,Bump attrs from 23.2.0 to 24.1.0 (#5219),"Bump attrs from 23.2.0 to 24.1.0 (#5219)

Bumps [attrs](https://github.com/sponsors/hynek) from 23.2.0 to 24.1.0.
- [Commits](https://github.com/sponsors/hynek/commits)

---
updated-dependencies:
- dependency-name: attrs
  dependency-type: direct:production
  update-type: version-update:semver-major
...

Signed-off-by: dependabot[bot] <support@github.com>
Co-authored-by: dependabot[bot] <49699333+dependabot[bot]@users.noreply.github.com>"
home-assistant/supervisor,17ee234be40119eae446a5113ff3806e2f864b53,2024-08,-5,pre,2024-08-05T17:02:11+02:00,2024-08-05T11:02:11-04:00,ue1fc990c4f6dfd9c,ue1fc990c4f6dfd9c@users.invalid,GitHub,noreply@github.com,1,0,2,51,13,1,6,6,,,,,,0,5224,Fix resp may be undefined end_backup issue (#5224),Fix resp may be undefined end_backup issue (#5224)
home-assistant/supervisor,bdd81ce3a9731c235e832bce86bffbfcd178468a,2024-08,-5,pre,2024-08-06T08:38:52+02:00,2024-08-06T08:38:52+02:00,dependabot[bot],49699333+dependabot[bot]@users.noreply.github.com,GitHub,noreply@github.com,1,0,1,1,1,0,0,0,,,,,dependabot,0,5225,Bump debugpy from 1.8.2 to 1.8.5 (#5225),"Bump debugpy from 1.8.2 to 1.8.5 (#5225)

Bumps [debugpy](https://github.com/microsoft/debugpy) from 1.8.2 to 1.8.5.
- [Release notes](https://github.com/microsoft/debugpy/releases)
- [Commits](https://github.com/microsoft/debugpy/compare/v1.8.2...v1.8.5)

---
updated-dependencies:
- dependency-name: debugpy
  dependency-type: direct:production
  update-type: version-update:semver-patch
...

Signed-off-by: dependabot[bot] <support@github.com>
Co-authored-by: dependabot[bot] <49699333+dependabot[bot]@users.noreply.github.com>"
home-assistant/supervisor,10c69dcdae522775ed42483588b8ea61ba78ef5e,2024-08,-5,pre,2024-08-06T09:10:52+02:00,2024-08-06T09:10:52+02:00,dependabot[bot],49699333+dependabot[bot]@users.noreply.github.com,GitHub,noreply@github.com,1,0,1,1,1,0,0,0,,,,,dependabot,0,5221,Bump ruff from 0.5.5 to 0.5.6 (#5221),"Bump ruff from 0.5.5 to 0.5.6 (#5221)

Bumps [ruff](https://github.com/astral-sh/ruff) from 0.5.5 to 0.5.6.
- [Release notes](https://github.com/astral-sh/ruff/releases)
- [Changelog](https://github.com/astral-sh/ruff/blob/main/CHANGELOG.md)
- [Commits](https://github.com/astral-sh/ruff/compare/0.5.5...0.5.6)

---
updated-dependencies:
- dependency-name: ruff
  dependency-type: direct:production
  update-type: version-update:semver-patch
...

Signed-off-by: dependabot[bot] <support@github.com>
Co-authored-by: dependabot[bot] <49699333+dependabot[bot]@users.noreply.github.com>"
home-assistant/supervisor,5f3d8519544983742f5fdd6e368b4a7faa5d867f,2024-08,-5,pre,2024-08-07T09:05:38+02:00,2024-08-07T09:05:38+02:00,dependabot[bot],49699333+dependabot[bot]@users.noreply.github.com,GitHub,noreply@github.com,1,0,1,1,1,0,0,0,,,,,dependabot,0,5232,Bump actions/upload-artifact from 4.3.5 to 4.3.6 (#5232),"Bump actions/upload-artifact from 4.3.5 to 4.3.6 (#5232)

Co-authored-by: dependabot[bot] <49699333+dependabot[bot]@users.noreply.github.com>"
home-assistant/supervisor,c95df56e8db545e1ebb8959164a341579ad8f8f8,2024-08,-5,pre,2024-08-07T15:37:30+02:00,2024-08-07T09:37:30-04:00,ue1fc990c4f6dfd9c,ue1fc990c4f6dfd9c@users.invalid,GitHub,noreply@github.com,1,0,1,14,1,1,14,1,,,,,,0,5227,Suppress SyntaxWarning from CPE until fixed (#5227),Suppress SyntaxWarning from CPE until fixed (#5227)
home-assistant/supervisor,bf0c714ea41471fe3ad446bf01ad42f500df3fb9,2024-08,-5,pre,2024-08-07T15:38:43+02:00,2024-08-07T15:38:43+02:00,dependabot[bot],49699333+dependabot[bot]@users.noreply.github.com,GitHub,noreply@github.com,1,0,1,1,1,0,0,0,,,,,dependabot,0,5231,Bump attrs from 24.1.0 to 24.2.0 (#5231),"Bump attrs from 24.1.0 to 24.2.0 (#5231)

Bumps [attrs](https://github.com/sponsors/hynek) from 24.1.0 to 24.2.0.
- [Commits](https://github.com/sponsors/hynek/commits)

---
updated-dependencies:
- dependency-name: attrs
  dependency-type: direct:production
  update-type: version-update:semver-minor
...

Signed-off-by: dependabot[bot] <support@github.com>
Co-authored-by: dependabot[bot] <49699333+dependabot[bot]@users.noreply.github.com>"
home-assistant/supervisor,70f675ac82b6eea041f1cba2af13f291ad9caba8,2024-08,-5,pre,2024-08-08T08:53:54+02:00,2024-08-08T08:53:54+02:00,dependabot[bot],49699333+dependabot[bot]@users.noreply.github.com,GitHub,noreply@github.com,1,0,2,2,2,0,0,0,,,,,dependabot,0,5234,Bump sigstore/cosign-installer from 3.5.0 to 3.6.0 (#5234),"Bump sigstore/cosign-installer from 3.5.0 to 3.6.0 (#5234)

Co-authored-by: dependabot[bot] <49699333+dependabot[bot]@users.noreply.github.com>"
home-assistant/supervisor,5b462358720f7ce3ee6b56ee7c9652b89d2ff256,2024-08,-5,pre,2024-08-08T09:05:56+02:00,2024-08-08T09:05:56+02:00,dependabot[bot],49699333+dependabot[bot]@users.noreply.github.com,GitHub,noreply@github.com,1,0,1,1,1,0,0,0,,,,,dependabot,0,5229,Bump time-machine from 2.14.2 to 2.15.0 (#5229),"Bump time-machine from 2.14.2 to 2.15.0 (#5229)

Co-authored-by: dependabot[bot] <49699333+dependabot[bot]@users.noreply.github.com>"
home-assistant/supervisor,cb85e5e4642ae522cca139f1bd5c8825289240d6,2024-08,-5,pre,2024-08-09T10:41:30+02:00,2024-08-09T10:41:30+02:00,dependabot[bot],49699333+dependabot[bot]@users.noreply.github.com,GitHub,noreply@github.com,1,0,1,1,1,0,0,0,,,,,dependabot,0,5237,Bump ruff from 0.5.6 to 0.5.7 (#5237),"Bump ruff from 0.5.6 to 0.5.7 (#5237)

Bumps [ruff](https://github.com/astral-sh/ruff) from 0.5.6 to 0.5.7.
- [Release notes](https://github.com/astral-sh/ruff/releases)
- [Changelog](https://github.com/astral-sh/ruff/blob/main/CHANGELOG.md)
- [Commits](https://github.com/astral-sh/ruff/compare/0.5.6...0.5.7)

---
updated-dependencies:
- dependency-name: ruff
  dependency-type: direct:production
  update-type: version-update:semver-patch
...

Signed-off-by: dependabot[bot] <support@github.com>
Co-authored-by: dependabot[bot] <49699333+dependabot[bot]@users.noreply.github.com>"
home-assistant/supervisor,4c3f60c44b7c891781474da8dddd50f93ba0d058,2024-08,-5,pre,2024-08-09T10:44:29+02:00,2024-08-09T03:44:29-05:00,u83254caa93d5a531,u83254caa93d5a531@users.invalid,GitHub,noreply@github.com,1,0,2,1,4,1,0,2,,,,,,0,5236,"Bump aiohttp to 3.10.2, drop aiohttp-fast-url-dispatcher (#5236)","Bump aiohttp to 3.10.2, drop aiohttp-fast-url-dispatcher (#5236)

aiohttp-fast-url-dispatcher is not needed for 3.10.x

changelog: https://github.com/aio-libs/aiohttp/compare/v3.9.5...v3.10.2"
home-assistant/supervisor,218ba3601ed6a4f390479d134b8e3567563ec14a,2024-08,-5,pre,2024-08-09T11:12:27+02:00,2024-08-09T11:12:27+02:00,dependabot[bot],49699333+dependabot[bot]@users.noreply.github.com,GitHub,noreply@github.com,1,0,1,1,1,0,0,0,,,,,dependabot,0,5169,Bump orjson from 3.9.15 to 3.10.6 (#5169),"Bump orjson from 3.9.15 to 3.10.6 (#5169)

Bumps [orjson](https://github.com/ijl/orjson) from 3.9.15 to 3.10.6.
- [Release notes](https://github.com/ijl/orjson/releases)
- [Changelog](https://github.com/ijl/orjson/blob/master/CHANGELOG.md)
- [Commits](https://github.com/ijl/orjson/compare/3.9.15...3.10.6)

---
updated-dependencies:
- dependency-name: orjson
  dependency-type: direct:production
  update-type: version-update:semver-minor
...

Signed-off-by: dependabot[bot] <support@github.com>
Co-authored-by: dependabot[bot] <49699333+dependabot[bot]@users.noreply.github.com>"
home-assistant/supervisor,2f2fecddf2c2fab3454e6ec55e073a0eb2572661,2024-08,-5,pre,2024-08-09T12:15:48+02:00,2024-08-09T12:15:48+02:00,dependabot[bot],49699333+dependabot[bot]@users.noreply.github.com,GitHub,noreply@github.com,1,0,1,1,1,0,0,0,,,,,dependabot,0,5230,Bump pyyaml from 6.0.1 to 6.0.2 (#5230),"Bump pyyaml from 6.0.1 to 6.0.2 (#5230)

Bumps [pyyaml](https://github.com/yaml/pyyaml) from 6.0.1 to 6.0.2.
- [Release notes](https://github.com/yaml/pyyaml/releases)
- [Changelog](https://github.com/yaml/pyyaml/blob/main/CHANGES)
- [Commits](https://github.com/yaml/pyyaml/compare/6.0.1...6.0.2)

---
updated-dependencies:
- dependency-name: pyyaml
  dependency-type: direct:production
  update-type: version-update:semver-patch
...

Signed-off-by: dependabot[bot] <support@github.com>
Co-authored-by: dependabot[bot] <49699333+dependabot[bot]@users.noreply.github.com>"
home-assistant/supervisor,5d6738ced808a7965a02723cb019069f8c4a687f,2024-08,-5,pre,2024-08-12T09:05:42+02:00,2024-08-12T09:05:42+02:00,dependabot[bot],49699333+dependabot[bot]@users.noreply.github.com,GitHub,noreply@github.com,1,0,1,1,1,0,0,0,,,,,dependabot,0,5240,Bump aiohttp from 3.10.2 to 3.10.3 (#5240),"Bump aiohttp from 3.10.2 to 3.10.3 (#5240)

Co-authored-by: dependabot[bot] <49699333+dependabot[bot]@users.noreply.github.com>"
home-assistant/supervisor,eb3986bea233828c2371e97e985f53e8837fe8e9,2024-08,-5,pre,2024-08-13T15:14:42+02:00,2024-08-13T09:14:42-04:00,ue1fc990c4f6dfd9c,ue1fc990c4f6dfd9c@users.invalid,GitHub,noreply@github.com,1,0,8,159,7,6,79,0,,,,,,0,5145,Allow core to mark addons as system managed (#5145),"Allow core to mark addons as system managed (#5145)

* Allow core to mark addons as system managed

* System managed options only settable by Home Assistant"
home-assistant/supervisor,21ae2c2e54a390e43bdc6e8032a999c1eadfd06c,2024-08,-5,pre,2024-08-13T16:09:20+02:00,2024-08-13T16:09:20+02:00,dependabot[bot],49699333+dependabot[bot]@users.noreply.github.com,GitHub,noreply@github.com,1,0,1,1,1,0,0,0,,,,,dependabot,0,5243,Bump cpe from 1.2.1 to 1.3.0 (#5243),"Bump cpe from 1.2.1 to 1.3.0 (#5243)

Bumps [cpe](https://github.com/nilp0inter/cpe) from 1.2.1 to 1.3.0.
- [Release notes](https://github.com/nilp0inter/cpe/releases)
- [Changelog](https://github.com/nilp0inter/cpe/blob/develop/NEWS.txt)
- [Commits](https://github.com/nilp0inter/cpe/compare/v1.2.1...v1.3.0)

---
updated-dependencies:
- dependency-name: cpe
  dependency-type: direct:production
  update-type: version-update:semver-minor
...

Signed-off-by: dependabot[bot] <support@github.com>
Co-authored-by: dependabot[bot] <49699333+dependabot[bot]@users.noreply.github.com>"
home-assistant/supervisor,f6faa1840945425840a585dee36acd3d251fa887,2024-08,-5,pre,2024-08-13T20:53:56+02:00,2024-08-13T20:53:56+02:00,ue9acf10ae3811d11,ue9acf10ae3811d11@users.invalid,GitHub,noreply@github.com,1,0,304,1173,617,172,176,3,,,,,,0,5242,Bump pre-commit ruff to 0.5.7 and reformat (#5242),"Bump pre-commit ruff to 0.5.7 and reformat (#5242)

It seems that the codebase is not formatted with the latest ruff
version. This PR reformats the codebase with ruff 0.5.7."
home-assistant/supervisor,3e67fc12c5dbe1fbe7843f083a9c9eb6e5cf4707,2024-08,-5,pre,2024-08-14T11:01:30+02:00,2024-08-14T11:01:30+02:00,dependabot[bot],49699333+dependabot[bot]@users.noreply.github.com,GitHub,noreply@github.com,1,0,1,1,1,0,0,0,,,,,dependabot,0,5247,Bump setuptools from 72.1.0 to 72.2.0 (#5247),"Bump setuptools from 72.1.0 to 72.2.0 (#5247)

Bumps [setuptools](https://github.com/pypa/setuptools) from 72.1.0 to 72.2.0.
- [Release notes](https://github.com/pypa/setuptools/releases)
- [Changelog](https://github.com/pypa/setuptools/blob/main/NEWS.rst)
- [Commits](https://github.com/pypa/setuptools/compare/v72.1.0...v72.2.0)

---
updated-dependencies:
- dependency-name: setuptools
  dependency-type: direct:production
  update-type: version-update:semver-minor
...

Signed-off-by: dependabot[bot] <support@github.com>
Co-authored-by: dependabot[bot] <49699333+dependabot[bot]@users.noreply.github.com>"
home-assistant/supervisor,ca3a2937d016859276a04462a3ed298a0fb09059,2024-08,-5,pre,2024-08-15T09:31:33+02:00,2024-08-15T09:31:33+02:00,dependabot[bot],49699333+dependabot[bot]@users.noreply.github.com,GitHub,noreply@github.com,1,0,1,2,2,0,0,0,,,,,dependabot,0,5250,Bump home-assistant/builder from 2024.03.5 to 2024.08.1 (#5250),"Bump home-assistant/builder from 2024.03.5 to 2024.08.1 (#5250)

Co-authored-by: dependabot[bot] <49699333+dependabot[bot]@users.noreply.github.com>"
home-assistant/supervisor,cbec55828983e6e32897ea9f9c239fabf7928987,2024-08,-5,pre,2024-08-16T08:40:24+02:00,2024-08-16T08:40:24+02:00,dependabot[bot],49699333+dependabot[bot]@users.noreply.github.com,GitHub,noreply@github.com,1,0,1,1,1,0,0,0,,,,,dependabot,0,5252,Bump ruff from 0.5.7 to 0.6.0 (#5252),"Bump ruff from 0.5.7 to 0.6.0 (#5252)

Bumps [ruff](https://github.com/astral-sh/ruff) from 0.5.7 to 0.6.0.
- [Release notes](https://github.com/astral-sh/ruff/releases)
- [Changelog](https://github.com/astral-sh/ruff/blob/main/CHANGELOG.md)
- [Commits](https://github.com/astral-sh/ruff/compare/0.5.7...0.6.0)

---
updated-dependencies:
- dependency-name: ruff
  dependency-type: direct:production
  update-type: version-update:semver-minor
...

Signed-off-by: dependabot[bot] <support@github.com>
Co-authored-by: dependabot[bot] <49699333+dependabot[bot]@users.noreply.github.com>"
home-assistant/supervisor,cfd28dbb5c2e11a83ace8785ba59dd1a070eec52,2024-08,-5,pre,2024-08-19T13:38:08+02:00,2024-08-19T13:38:08+02:00,dependabot[bot],49699333+dependabot[bot]@users.noreply.github.com,GitHub,noreply@github.com,1,0,1,1,1,0,0,0,,,,,dependabot,0,5253,Bump aiohttp from 3.10.3 to 3.10.4 (#5253),"Bump aiohttp from 3.10.3 to 3.10.4 (#5253)

Bumps [aiohttp](https://github.com/aio-libs/aiohttp) from 3.10.3 to 3.10.4.
- [Release notes](https://github.com/aio-libs/aiohttp/releases)
- [Changelog](https://github.com/aio-libs/aiohttp/blob/master/CHANGES.rst)
- [Commits](https://github.com/aio-libs/aiohttp/compare/v3.10.3...v3.10.4)

---
updated-dependencies:
- dependency-name: aiohttp
  dependency-type: direct:production
  update-type: version-update:semver-patch
...

Signed-off-by: dependabot[bot] <support@github.com>
Co-authored-by: dependabot[bot] <49699333+dependabot[bot]@users.noreply.github.com>"
home-assistant/supervisor,1ff53e185373e5aa3434ce6a32f217a422e2c0b6,2024-08,-5,pre,2024-08-19T14:02:32+02:00,2024-08-19T14:02:32+02:00,dependabot[bot],49699333+dependabot[bot]@users.noreply.github.com,GitHub,noreply@github.com,1,0,1,1,1,0,0,0,,,,,dependabot,0,5254,Bump ruff from 0.6.0 to 0.6.1 (#5254),"Bump ruff from 0.6.0 to 0.6.1 (#5254)

Bumps [ruff](https://github.com/astral-sh/ruff) from 0.6.0 to 0.6.1.
- [Release notes](https://github.com/astral-sh/ruff/releases)
- [Changelog](https://github.com/astral-sh/ruff/blob/main/CHANGELOG.md)
- [Commits](https://github.com/astral-sh/ruff/compare/0.6.0...0.6.1)

---
updated-dependencies:
- dependency-name: ruff
  dependency-type: direct:production
  update-type: version-update:semver-patch
...

Signed-off-by: dependabot[bot] <support@github.com>
Co-authored-by: dependabot[bot] <49699333+dependabot[bot]@users.noreply.github.com>"
home-assistant/supervisor,362edb9a61be6f8b428ee3f445ff04346d67517a,2024-08,-5,pre,2024-08-20T11:22:42+02:00,2024-08-20T11:22:42+02:00,dependabot[bot],49699333+dependabot[bot]@users.noreply.github.com,GitHub,noreply@github.com,1,0,1,1,1,0,0,0,,,,,dependabot,0,5256,Bump setuptools from 72.2.0 to 73.0.0 (#5256),"Bump setuptools from 72.2.0 to 73.0.0 (#5256)

Bumps [setuptools](https://github.com/pypa/setuptools) from 72.2.0 to 73.0.0.
- [Release notes](https://github.com/pypa/setuptools/releases)
- [Changelog](https://github.com/pypa/setuptools/blob/main/NEWS.rst)
- [Commits](https://github.com/pypa/setuptools/compare/v72.2.0...v73.0.0)

---
updated-dependencies:
- dependency-name: setuptools
  dependency-type: direct:production
  update-type: version-update:semver-major
...

Signed-off-by: dependabot[bot] <support@github.com>
Co-authored-by: dependabot[bot] <49699333+dependabot[bot]@users.noreply.github.com>"
home-assistant/supervisor,8438448843a51ed91b9ae466060e4cb3e11c1f28,2024-08,-5,pre,2024-08-20T11:23:27+02:00,2024-08-20T11:23:27+02:00,dependabot[bot],49699333+dependabot[bot]@users.noreply.github.com,GitHub,noreply@github.com,1,0,1,1,1,0,0,0,,,,,dependabot,0,5255,Bump aiohttp from 3.10.4 to 3.10.5 (#5255),"Bump aiohttp from 3.10.4 to 3.10.5 (#5255)

Bumps [aiohttp](https://github.com/aio-libs/aiohttp) from 3.10.4 to 3.10.5.
- [Release notes](https://github.com/aio-libs/aiohttp/releases)
- [Changelog](https://github.com/aio-libs/aiohttp/blob/master/CHANGES.rst)
- [Commits](https://github.com/aio-libs/aiohttp/compare/v3.10.4...v3.10.5)

---
updated-dependencies:
- dependency-name: aiohttp
  dependency-type: direct:production
  update-type: version-update:semver-patch
...

Signed-off-by: dependabot[bot] <support@github.com>
Co-authored-by: dependabot[bot] <49699333+dependabot[bot]@users.noreply.github.com>"
home-assistant/supervisor,8ab396d77c77606393b925dede574f11390cbc28,2024-08,-5,pre,2024-08-20T17:55:53+02:00,2024-08-20T17:55:53+02:00,ue9acf10ae3811d11,ue9acf10ae3811d11@users.invalid,GitHub,noreply@github.com,1,0,6,61,15,5,46,9,,,,,,0,5245,Improve and extend error handling on D-Bus connect (#5245),"Improve and extend error handling on D-Bus connect (#5245)

* Improve and extend error handling on D-Bus connect

Avoid initializing the Supervisor board since it does not support the
Properties interface (see https://github.com/home-assistant/os-agent/issues/206).

This prevents the following somewhat confusing warning:
  No OS-Agent support on the host. Some Host functions have been disabled.

The OS Agent is actually installed on the host, it is just a single
object which caused issues. No functionalty was actually lost, as the
Supervisor board object has no features currently, and all other
interfaces got properly initialized still (thanks to gather()).

Print warnings more fine graned so it is clear which object exactly
causes an issue. Also print a log message on the lowest layer when an
error occures on calling D-Bus. This allows to easier track the actual
D-Bus error source.

Fixes: #5241

* Fix tests

* Use local variable

* Avoid stack trace when board support fails to load

* Fix tests

* Use override mechanism to disable Properties support

Instead of disable loading of Supervised entirly override initialization
to prevent loading the Properties interface.

* Revert ""Fix tests""

This reverts commit 1e3c491ace2ebef60945c45573acd8d4464ea83e."
home-assistant/supervisor,e6c9704505f40080153c7e77ba7b75ea5657c390,2024-08,-5,pre,2024-08-21T09:38:59+02:00,2024-08-21T09:38:59+02:00,dependabot[bot],49699333+dependabot[bot]@users.noreply.github.com,GitHub,noreply@github.com,1,0,1,2,2,0,0,0,,,,,dependabot,0,5260,Bump home-assistant/builder from 2024.08.1 to 2024.08.2 (#5260),"Bump home-assistant/builder from 2024.08.1 to 2024.08.2 (#5260)

Bumps [home-assistant/builder](https://github.com/home-assistant/builder) from 2024.08.1 to 2024.08.2.
- [Release notes](https://github.com/home-assistant/builder/releases)
- [Commits](https://github.com/home-assistant/builder/compare/2024.08.1...2024.08.2)

---
updated-dependencies:
- dependency-name: home-assistant/builder
  dependency-type: direct:production
...

Signed-off-by: dependabot[bot] <support@github.com>
Co-authored-by: dependabot[bot] <49699333+dependabot[bot]@users.noreply.github.com>"
home-assistant/supervisor,12d26b05afe38bab2bbd012301bcb4aabddbcc92,2024-08,-5,pre,2024-08-21T09:50:02+02:00,2024-08-21T09:50:02+02:00,dependabot[bot],49699333+dependabot[bot]@users.noreply.github.com,GitHub,noreply@github.com,1,0,1,1,1,0,0,0,,,,,dependabot,0,5261,Bump setuptools from 73.0.0 to 73.0.1 (#5261),"Bump setuptools from 73.0.0 to 73.0.1 (#5261)

Bumps [setuptools](https://github.com/pypa/setuptools) from 73.0.0 to 73.0.1.
- [Release notes](https://github.com/pypa/setuptools/releases)
- [Changelog](https://github.com/pypa/setuptools/blob/main/NEWS.rst)
- [Commits](https://github.com/pypa/setuptools/compare/v73.0.0...v73.0.1)

---
updated-dependencies:
- dependency-name: setuptools
  dependency-type: direct:production
  update-type: version-update:semver-patch
...

Signed-off-by: dependabot[bot] <support@github.com>
Co-authored-by: dependabot[bot] <49699333+dependabot[bot]@users.noreply.github.com>"
home-assistant/supervisor,986b92aee439695937c7457e9a4fa116fd80fb50,2024-08,-5,pre,2024-08-21T11:14:57+02:00,2024-08-21T05:14:57-04:00,ue1fc990c4f6dfd9c,ue1fc990c4f6dfd9c@users.invalid,GitHub,noreply@github.com,1,0,4,56,7,3,19,7,,,,,,0,5259,Keep shared images on addon uninstall (#5259),"Keep shared images on addon uninstall (#5259)

* Keep shared images on addon uninstall

* Add missing step for mocking new addon in store"
home-assistant/supervisor,51173646257036dae1b421168421c84121972635,2024-08,-5,pre,2024-08-21T14:30:12-04:00,2024-08-21T20:30:12+02:00,ue9acf10ae3811d11,ue9acf10ae3811d11@users.invalid,GitHub,noreply@github.com,1,0,3,3,3,0,0,0,,,,,,0,5263,Bump cosign to v2.4.0 (#5263),"Bump cosign to v2.4.0 (#5263)

Follow the builder bump of 2024.08.2 and use cosign v2.4.0 for
Supervisor too."
home-assistant/supervisor,1ba621be60e65105533a1cceeecccfebad0197d7,2024-08,-5,pre,2024-08-22T08:08:55+02:00,2024-08-22T08:08:55+02:00,ue9acf10ae3811d11,ue9acf10ae3811d11@users.invalid,GitHub,noreply@github.com,1,0,9,305,131,6,266,122,,,,,,0,5262,Use separate data structure for IP configuration (#5262),"Use separate data structure for IP configuration (#5262)

* Use separate data structure for IP configuration

So far we use the same IpConfig data structure to represent the users
IP setting and the currently applied IP configuration.

This commit separates the two in IpConfig (for the currently applied
IP configuration) and IpSetting (representing the user provided IP
setting).

* Use custom string constants for connection settings

Use separate string constants for all connection settings. This makes
it easier to search where a particular NetworkManager connection
setting is used.

* Use Python typing for IpAddress in IpProperties

* Address pytest issue"
home-assistant/supervisor,53fa0fe215d87429ca51b8d9d2301f6a865fa42f,2024-08,-5,pre,2024-08-22T10:00:50+02:00,2024-08-22T10:00:50+02:00,dependabot[bot],49699333+dependabot[bot]@users.noreply.github.com,GitHub,noreply@github.com,1,0,1,1,1,0,0,0,,,,,dependabot,0,5264,Bump dbus-fast from 2.22.1 to 2.23.0 (#5264),"Bump dbus-fast from 2.22.1 to 2.23.0 (#5264)

Bumps [dbus-fast](https://github.com/bluetooth-devices/dbus-fast) from 2.22.1 to 2.23.0.
- [Release notes](https://github.com/bluetooth-devices/dbus-fast/releases)
- [Changelog](https://github.com/Bluetooth-Devices/dbus-fast/blob/main/CHANGELOG.md)
- [Commits](https://github.com/bluetooth-devices/dbus-fast/compare/v2.22.1...v2.23.0)

---
updated-dependencies:
- dependency-name: dbus-fast
  dependency-type: direct:production
  update-type: version-update:semver-minor
...

Signed-off-by: dependabot[bot] <support@github.com>
Co-authored-by: dependabot[bot] <49699333+dependabot[bot]@users.noreply.github.com>"
home-assistant/supervisor,7366673eeaca5d3db3417bbed127d3ef33ec54fe,2024-08,-5,pre,2024-08-22T10:04:32+02:00,2024-08-22T10:04:32+02:00,dependabot[bot],49699333+dependabot[bot]@users.noreply.github.com,GitHub,noreply@github.com,1,0,3,8,13,1,5,10,,,,,dependabot,0,5246,Bump sentry-sdk from 2.10.0 to 2.13.0 (#5246),"Bump sentry-sdk from 2.10.0 to 2.13.0 (#5246)

* Bump sentry-sdk from 2.10.0 to 2.13.0

Bumps [sentry-sdk](https://github.com/getsentry/sentry-python) from 2.10.0 to 2.13.0.
- [Release notes](https://github.com/getsentry/sentry-python/releases)
- [Changelog](https://github.com/getsentry/sentry-python/blob/master/CHANGELOG.md)
- [Commits](https://github.com/getsentry/sentry-python/compare/2.10.0...2.13.0)

---
updated-dependencies:
- dependency-name: sentry-sdk
  dependency-type: direct:production
  update-type: version-update:semver-minor
...

Signed-off-by: dependabot[bot] <support@github.com>

* Replace deprecated apis with new ones

---------

Signed-off-by: dependabot[bot] <support@github.com>
Co-authored-by: dependabot[bot] <49699333+dependabot[bot]@users.noreply.github.com>
Co-authored-by: ue1fc990c4f6dfd9c <ue1fc990c4f6dfd9c@users.invalid>"
home-assistant/supervisor,695a23a45464497d3c79a039bd5e055d464ee8d9,2024-08,-5,pre,2024-08-22T19:04:34+02:00,2024-08-22T19:04:34+02:00,ue9acf10ae3811d11,ue9acf10ae3811d11@users.invalid,GitHub,noreply@github.com,1,0,2,23,14,0,0,0,,,,,,0,5265,Minimize D-Bus requirements for tests (#5265),"Minimize D-Bus requirements for tests (#5265)

This PR minimizes the D-Bus requirements for tests. It does this by
using dbus-daemon directly instead of dbus-launch. The latter is meant
for graphical applications and therefor has X11 dependencies. It also
leaves the D-Bus daemon running after the tests are done. This will
accumulate dbus-daemon processes over time which is not ideal.

I've also considered using dbus-run-session since it is meant to launch
processes with a private D-Bus session. For Python tests one could
launch it like so:
dbus-run-session -- python3 -m pytest ...

Then `DBUS_SESSION_BUS_ADDRESS` would be used automatically by the
`MessageBus` class. However, to keep the current behavior of the tests,
launching the D-Bus daemon manually is the better option."
home-assistant/supervisor,2a0312318dd9aa3574c3a911519d848b0aeb5f1f,2024-08,-5,pre,2024-08-23T16:16:08+02:00,2024-08-23T16:16:08+02:00,ue9acf10ae3811d11,ue9acf10ae3811d11@users.invalid,GitHub,noreply@github.com,1,0,2,3,3,2,3,3,,,,,,0,5267,Use single quotes in f-strings (#5267),"Use single quotes in f-strings (#5267)

Instead of using double quotes in f-strings use single quotes. This
works with Python 3.11 too. We don't use Python 3.11 anymore, but is
useful when running pytest on Debian bookworm natively, which comes
with Python 3.11."
home-assistant/supervisor,306f63c75b348193bd2538671731308792ea81ea,2024-08,-5,pre,2024-08-24T06:54:34+02:00,2024-08-24T06:54:34+02:00,dependabot[bot],49699333+dependabot[bot]@users.noreply.github.com,GitHub,noreply@github.com,1,0,1,1,1,0,0,0,,,,,dependabot,0,5269,Bump ruff from 0.6.1 to 0.6.2 (#5269),Bump ruff from 0.6.1 to 0.6.2 (#5269)
home-assistant/supervisor,f16a4ce3ef46533b699bccd52bca795846a21910,2024-08,-5,pre,2024-08-27T08:49:11+02:00,2024-08-27T08:49:11+02:00,dependabot[bot],49699333+dependabot[bot]@users.noreply.github.com,GitHub,noreply@github.com,1,0,1,1,1,0,0,0,,,,,dependabot,0,5273,Bump pulsectl from 24.4.0 to 24.8.0 (#5273),"Bump pulsectl from 24.4.0 to 24.8.0 (#5273)

Bumps [pulsectl](https://github.com/mk-fg/python-pulse-control) from 24.4.0 to 24.8.0.
- [Changelog](https://github.com/mk-fg/python-pulse-control/blob/master/CHANGES.rst)
- [Commits](https://github.com/mk-fg/python-pulse-control/commits)

---
updated-dependencies:
- dependency-name: pulsectl
  dependency-type: direct:production
  update-type: version-update:semver-minor
...

Signed-off-by: dependabot[bot] <support@github.com>
Co-authored-by: dependabot[bot] <49699333+dependabot[bot]@users.noreply.github.com>"
home-assistant/supervisor,91a8fae9b5f2441d138d762ba799e33fb7ff2c10,2024-08,-5,pre,2024-08-27T08:49:24+02:00,2024-08-27T08:49:24+02:00,dependabot[bot],49699333+dependabot[bot]@users.noreply.github.com,GitHub,noreply@github.com,1,0,1,1,1,0,0,0,,,,,dependabot,0,5274,Bump dbus-fast from 2.23.0 to 2.24.0 (#5274),"Bump dbus-fast from 2.23.0 to 2.24.0 (#5274)

Bumps [dbus-fast](https://github.com/bluetooth-devices/dbus-fast) from 2.23.0 to 2.24.0.
- [Release notes](https://github.com/bluetooth-devices/dbus-fast/releases)
- [Changelog](https://github.com/Bluetooth-Devices/dbus-fast/blob/main/CHANGELOG.md)
- [Commits](https://github.com/bluetooth-devices/dbus-fast/compare/v2.23.0...v2.24.0)

---
updated-dependencies:
- dependency-name: dbus-fast
  dependency-type: direct:production
  update-type: version-update:semver-minor
...

Signed-off-by: dependabot[bot] <support@github.com>
Co-authored-by: dependabot[bot] <49699333+dependabot[bot]@users.noreply.github.com>"
home-assistant/supervisor,0177cd95281337f541eb51d8e830a6ead48c98ef,2024-08,-5,pre,2024-08-27T17:59:52+02:00,2024-08-27T11:59:52-04:00,ue1fc990c4f6dfd9c,ue1fc990c4f6dfd9c@users.invalid,GitHub,noreply@github.com,1,0,10,78,6,6,39,5,,,,,,0,5272,Add `manual_only` option to addon boot config (#5272),"Add `manual_only` option to addon boot config (#5272)

* Add manual_forced option to addon boot config

* Include client library in pull request template

* Add boot_config to api output so frontend can use it

* `manual_forced` to `manual_only`"
home-assistant/supervisor,5770cafea99472bdb2befbb08191bb0ba0635013,2024-08,-5,pre,2024-08-28T09:32:19+02:00,2024-08-28T09:32:19+02:00,dependabot[bot],49699333+dependabot[bot]@users.noreply.github.com,GitHub,noreply@github.com,1,0,1,1,1,0,0,0,,,,,dependabot,0,5277,Bump setuptools from 73.0.1 to 74.0.0 (#5277),"Bump setuptools from 73.0.1 to 74.0.0 (#5277)

Bumps [setuptools](https://github.com/pypa/setuptools) from 73.0.1 to 74.0.0.
- [Release notes](https://github.com/pypa/setuptools/releases)
- [Changelog](https://github.com/pypa/setuptools/blob/main/NEWS.rst)
- [Commits](https://github.com/pypa/setuptools/compare/v73.0.1...v74.0.0)

---
updated-dependencies:
- dependency-name: setuptools
  dependency-type: direct:production
  update-type: version-update:semver-major
...

Signed-off-by: dependabot[bot] <support@github.com>
Co-authored-by: dependabot[bot] <49699333+dependabot[bot]@users.noreply.github.com>"
home-assistant/supervisor,65d97ca92456bb37133029b4fe0740fb3b82a7bf,2024-08,-5,pre,2024-08-30T10:11:57+02:00,2024-08-30T10:11:57+02:00,dependabot[bot],49699333+dependabot[bot]@users.noreply.github.com,GitHub,noreply@github.com,1,0,2,9,9,0,0,0,,,,,dependabot,0,5281,Bump actions/setup-python from 5.1.1 to 5.2.0 (#5281),"Bump actions/setup-python from 5.1.1 to 5.2.0 (#5281)

Bumps [actions/setup-python](https://github.com/actions/setup-python) from 5.1.1 to 5.2.0.
- [Release notes](https://github.com/actions/setup-python/releases)
- [Commits](https://github.com/actions/setup-python/compare/v5.1.1...v5.2.0)

---
updated-dependencies:
- dependency-name: actions/setup-python
  dependency-type: direct:production
  update-type: version-update:semver-minor
...

Signed-off-by: dependabot[bot] <support@github.com>
Co-authored-by: dependabot[bot] <49699333+dependabot[bot]@users.noreply.github.com>"
home-assistant/supervisor,d63e78cf34225d4c8a415e8cf8059c050eb9f27f,2024-08,-5,pre,2024-08-30T10:12:50+02:00,2024-08-30T10:12:50+02:00,dependabot[bot],49699333+dependabot[bot]@users.noreply.github.com,GitHub,noreply@github.com,1,0,1,1,1,0,0,0,,,,,dependabot,0,5279,Bump deepmerge from 1.1.1 to 2.0 (#5279),"Bump deepmerge from 1.1.1 to 2.0 (#5279)

Bumps [deepmerge](https://github.com/toumorokoshi/deepmerge) from 1.1.1 to 2.0.
- [Release notes](https://github.com/toumorokoshi/deepmerge/releases)
- [Commits](https://github.com/toumorokoshi/deepmerge/compare/v1.1.1...v2.0)

---
updated-dependencies:
- dependency-name: deepmerge
  dependency-type: direct:production
  update-type: version-update:semver-major
...

Signed-off-by: dependabot[bot] <support@github.com>
Co-authored-by: dependabot[bot] <49699333+dependabot[bot]@users.noreply.github.com>"
home-assistant/supervisor,12f8ccdf0231a90036f44852b5a9f0c45da5a2fc,2024-08,-5,pre,2024-08-30T10:13:08+02:00,2024-08-30T10:13:08+02:00,dependabot[bot],49699333+dependabot[bot]@users.noreply.github.com,GitHub,noreply@github.com,1,0,1,1,1,0,0,0,,,,,dependabot,0,5280,Bump ruff from 0.6.2 to 0.6.3 (#5280),"Bump ruff from 0.6.2 to 0.6.3 (#5280)

Bumps [ruff](https://github.com/astral-sh/ruff) from 0.6.2 to 0.6.3.
- [Release notes](https://github.com/astral-sh/ruff/releases)
- [Changelog](https://github.com/astral-sh/ruff/blob/main/CHANGELOG.md)
- [Commits](https://github.com/astral-sh/ruff/compare/0.6.2...0.6.3)

---
updated-dependencies:
- dependency-name: ruff
  dependency-type: direct:production
  update-type: version-update:semver-patch
...

Signed-off-by: dependabot[bot] <support@github.com>
Co-authored-by: dependabot[bot] <49699333+dependabot[bot]@users.noreply.github.com>"
home-assistant/supervisor,08f10c96ef0a2c6de3141b1f3de7488219aac04d,2024-08,-5,pre,2024-08-30T15:18:44+02:00,2024-08-30T15:18:44+02:00,uc99e7580c7a8e9ca,uc99e7580c7a8e9ca@users.invalid,GitHub,noreply@github.com,1,0,1,11,3,1,11,3,,,,,,0,5276,Persist currently selected slot on successful boot (#5276),"Persist currently selected slot on successful boot (#5276)

When boot slot is selected manually in GRUB, the system boots into this
slot and marks it as good. However, the boot order is not changed, so in
the next boot (after an explicit or unexpected reboot) HAOS returns to
the version in the other slot. This might be confusing because if the
system has been running for some time, the user can forget they have
changed the boot slot to fix issue they had.

This gets more confusing if the ""other"" boot slot is selected manually
three times in a row. Let's say we have ORDER=""A B"". This means that
every time GRUB starts, it wants to boot slot A. If the slot B is
selected instead, only A_TRY is incremented, system boots into slot B
and marks slot B as good (B_OK=1, B_TRY=0). On another boot, this
repeats, yet A_TRY is incremented again. Until it reaches 3, the slot A
would be always chosen automatically, only after that it would boot to
slot B, presuming slot A is dead. The ORDER variable will be still
unchanged though.

This commit only makes sure that when the system is marked as healthy,
the slot is both marked as good AND active, updating the ORDER variable
as well. Because the X_TRY counter is incremented by GRUB, if we want
the other slot not to be marked as bad, we need to adjust the logic in
OS's grub.cfg as well, because Supervisor can't know whether it's
apppropriate to change other slot's state or not.

I also took the courtesy to adjust the logging a bit, to include the
stack trace in the error log if marking the slot fails somehow."
home-assistant/supervisor,2be84e1282e0e1a7440dd3c02293859d312e0334,2024-08,-5,pre,2024-08-30T15:29:13+02:00,2024-08-30T09:29:13-04:00,ue1fc990c4f6dfd9c,ue1fc990c4f6dfd9c@users.invalid,GitHub,noreply@github.com,1,0,8,147,7,3,43,5,,,,,,0,5268,Keep shared images on update (#5268),"Keep shared images on update (#5268)

* Test stub for keeping shared images after update

* Keep shared images on addon update

* ImageNotFound should only skip the one image not all

* Fix tests and nonetype error

* Normalize logic between two cleanup methods"
home-assistant/supervisor,c0e35376f3a53e8a89cb3a5696512228e0e8e92a,2024-08,-5,pre,2024-08-30T16:07:04+02:00,2024-08-30T16:07:04+02:00,ue9acf10ae3811d11,ue9acf10ae3811d11@users.invalid,GitHub,noreply@github.com,1,0,13,375,132,0,0,0,,,,,,0,5278,Improve connection settings tests (#5278),"Improve connection settings tests (#5278)

* Improve connection settings fixture

Make the connection settings fixture behave more closely to the actual
NetworkManager. The behavior has been tested with NetworkManager 1.42.4
(Debian 12) and 1.44.2 (HAOS 13.1). This likely behaves similar in older
versions too.

* Introduce separate skeleton and settings for wireless

Instead of having a combined network settings object which has
Ethernet and Wirless settings, create a separate settings object for
wireless.

* Handle addresses/address-data property like NetworkManager

* Address ruff check

* Improve network API test

Add a test which changes from ""static"" to ""auto"". Validate that settings
are updated accordingly. Specifically, today this does clear the DNS
setting (by not providing the property).

* ruff format

* ruff check

* Complete TEST_INTERFACE rename

* Add partial network update as test case"
home-assistant/supervisor,00d217b5f7c1fc84c813d7b4511eee756d8006b1,2024-08,-5,pre,2024-08-30T18:20:20+02:00,2024-08-30T18:20:20+02:00,ue9acf10ae3811d11,ue9acf10ae3811d11@users.invalid,GitHub,noreply@github.com,1,0,2,36,7,1,16,7,,,,,,0,5282,Make IPv4 and IPv6 parse errors raise an API error (#5282),"Make IPv4 and IPv6 parse errors raise an API error (#5282)

* Make IPv4 and IPv6 parse errors raise an API error

Currently, IP address parsing errors lead to an execption which is not
handled by the `api_validate()` call. By using concrete IPv4 and IPv6
types and `vol.Coerce()` parsing errors are properly handled.

* ruff format

* ruff check"
home-assistant/supervisor,5fbcaa8eddaeb79e145938daf488b5d2a1aee7e4,2024-09,-4,pre,2024-09-02T09:51:35+02:00,2024-09-02T09:51:35+02:00,dependabot[bot],49699333+dependabot[bot]@users.noreply.github.com,GitHub,noreply@github.com,1,0,1,1,1,0,0,0,,,,,dependabot,0,5285,Bump pylint from 3.2.6 to 3.2.7 (#5285),"Bump pylint from 3.2.6 to 3.2.7 (#5285)

Bumps [pylint](https://github.com/pylint-dev/pylint) from 3.2.6 to 3.2.7.
- [Release notes](https://github.com/pylint-dev/pylint/releases)
- [Commits](https://github.com/pylint-dev/pylint/compare/v3.2.6...v3.2.7)

---
updated-dependencies:
- dependency-name: pylint
  dependency-type: direct:production
  update-type: version-update:semver-patch
...

Signed-off-by: dependabot[bot] <support@github.com>
Co-authored-by: dependabot[bot] <49699333+dependabot[bot]@users.noreply.github.com>"
home-assistant/supervisor,6c1203e4bfcdd49e87398088577fc99850fa01b0,2024-09,-4,pre,2024-09-04T08:42:43+02:00,2024-09-04T08:42:43+02:00,dependabot[bot],49699333+dependabot[bot]@users.noreply.github.com,GitHub,noreply@github.com,1,0,1,1,1,0,0,0,,,,,dependabot,0,5289,Bump cryptography from 43.0.0 to 43.0.1 (#5289),"Bump cryptography from 43.0.0 to 43.0.1 (#5289)

Bumps [cryptography](https://github.com/pyca/cryptography) from 43.0.0 to 43.0.1.
- [Changelog](https://github.com/pyca/cryptography/blob/main/CHANGELOG.rst)
- [Commits](https://github.com/pyca/cryptography/compare/43.0.0...43.0.1)

---
updated-dependencies:
- dependency-name: cryptography
  dependency-type: direct:production
...

Signed-off-by: dependabot[bot] <support@github.com>
Co-authored-by: dependabot[bot] <49699333+dependabot[bot]@users.noreply.github.com>"
home-assistant/supervisor,05e0c7c3ab949ec26c98f5dc98c4d8cf52ee3c0c,2024-09,-4,pre,2024-09-04T16:11:37+02:00,2024-09-04T16:11:37+02:00,uc99e7580c7a8e9ca,uc99e7580c7a8e9ca@users.invalid,GitHub,noreply@github.com,1,0,2,51,2,1,6,2,,,,,,0,5287,"Add ""lines"" and ""verbose"" query parameters for advanced logs (#5287)","Add ""lines"" and ""verbose"" query parameters for advanced logs (#5287)

Since headers are clumsy considering the Core proxy between the frontend
and Supervisor, add a way to adjust number of lines and verbose log
format using query parameters as well. If both query parameters and
headers are supplied, prefer the former, as it's more prominent when
reading through the request logs."
home-assistant/supervisor,f5b996b66c4984fcddd37d5a9af91effd7009b5a,2024-09,-4,pre,2024-09-05T09:19:13+02:00,2024-09-05T09:19:13+02:00,ue9acf10ae3811d11,ue9acf10ae3811d11@users.invalid,GitHub,noreply@github.com,1,0,7,129,87,4,108,77,,,,,,0,5283,Make network API replace IP/WiFi settings (#5283),"Make network API replace IP/WiFi settings (#5283)

* Allow to set user DNS through API with auto mode

Currently it is only possible to set DNS servers when in static mode.
However, there are use cases to set DNS servers when in auto mode as
well, e.g. if no local DNS server is provided by the DHCP, or the provided
DNS turns out to be non-working.

* Fix use separate data structure for IP configuration fallout

Make sure gateway is correctly converted to the internal IP
representation. Fix type info.

* Overwrite WiFi settings completely too

* Add test for DNS configuration

* Run ruff format

* ruff format

* Use schema validation as source for API defaults

Instead of using replace() simply set the API defaults in the API
schema.

* Revert ""Use schema validation as source for API defaults""

This reverts commit 885506fd37395eb6cea9c787ee23349dac780b75.

* Use explicit dataclass initialization

This avoid the unnecessary replaces from before. It also makes it more
obvious that this part of the API doesn't patch existing settings."
home-assistant/supervisor,e130ebad1f8f7b513376a4d038ca48a0cb3ba828,2024-09,-4,pre,2024-09-05T09:19:37+02:00,2024-09-05T09:19:37+02:00,dependabot[bot],49699333+dependabot[bot]@users.noreply.github.com,GitHub,noreply@github.com,1,0,1,1,1,0,0,0,,,,,dependabot,0,5291,Bump setuptools from 74.0.0 to 74.1.2 (#5291),"Bump setuptools from 74.0.0 to 74.1.2 (#5291)

Bumps [setuptools](https://github.com/pypa/setuptools) from 74.0.0 to 74.1.2.
- [Release notes](https://github.com/pypa/setuptools/releases)
- [Changelog](https://github.com/pypa/setuptools/blob/main/NEWS.rst)
- [Commits](https://github.com/pypa/setuptools/compare/v74.0.0...v74.1.2)

---
updated-dependencies:
- dependency-name: setuptools
  dependency-type: direct:production
  update-type: version-update:semver-minor
...

Signed-off-by: dependabot[bot] <support@github.com>
Co-authored-by: dependabot[bot] <49699333+dependabot[bot]@users.noreply.github.com>"
home-assistant/supervisor,a359b9a3d50db757784e6679ce39d6dd0fbf0327,2024-09,-4,pre,2024-09-05T10:38:27+02:00,2024-09-05T10:38:27+02:00,dependabot[bot],49699333+dependabot[bot]@users.noreply.github.com,GitHub,noreply@github.com,1,0,1,2,1,0,0,0,,,,,dependabot,0,5284,Bump actions/upload-artifact from 4.3.6 to 4.4.0 (#5284),"Bump actions/upload-artifact from 4.3.6 to 4.4.0 (#5284)

* Bump actions/upload-artifact from 4.3.6 to 4.4.0

Bumps [actions/upload-artifact](https://github.com/actions/upload-artifact) from 4.3.6 to 4.4.0.
- [Release notes](https://github.com/actions/upload-artifact/releases)
- [Commits](https://github.com/actions/upload-artifact/compare/v4.3.6...v4.4.0)

---
updated-dependencies:
- dependency-name: actions/upload-artifact
  dependency-type: direct:production
  update-type: version-update:semver-minor
...

Signed-off-by: dependabot[bot] <support@github.com>

* Explicitly include hidden files

---------

Signed-off-by: dependabot[bot] <support@github.com>
Co-authored-by: dependabot[bot] <49699333+dependabot[bot]@users.noreply.github.com>
Co-authored-by: ue9acf10ae3811d11 <ue9acf10ae3811d11@users.invalid>"
home-assistant/supervisor,bb8f91e39a4238160b0dbba5e54c330d3ad09de8,2024-09,-4,pre,2024-09-05T10:42:45+02:00,2024-09-05T10:42:45+02:00,dependabot[bot],49699333+dependabot[bot]@users.noreply.github.com,GitHub,noreply@github.com,1,0,1,1,1,0,0,0,,,,,dependabot,0,5238,Bump orjson from 3.9.15 to 3.10.7 (#5238),"Bump orjson from 3.9.15 to 3.10.7 (#5238)

Bumps [orjson](https://github.com/ijl/orjson) from 3.9.15 to 3.10.7.
- [Release notes](https://github.com/ijl/orjson/releases)
- [Changelog](https://github.com/ijl/orjson/blob/master/CHANGELOG.md)
- [Commits](https://github.com/ijl/orjson/compare/3.9.15...3.10.7)

---
updated-dependencies:
- dependency-name: orjson
  dependency-type: direct:production
  update-type: version-update:semver-minor
...

Signed-off-by: dependabot[bot] <support@github.com>
Co-authored-by: dependabot[bot] <49699333+dependabot[bot]@users.noreply.github.com>"
home-assistant/supervisor,8310c426f09b60887498729da19b543d912a1d20,2024-09,-4,pre,2024-09-09T09:09:39+02:00,2024-09-09T09:09:39+02:00,dependabot[bot],49699333+dependabot[bot]@users.noreply.github.com,GitHub,noreply@github.com,1,0,1,1,1,0,0,0,,,,,dependabot,0,5295,Bump dbus-fast from 2.24.0 to 2.24.2 (#5295),"Bump dbus-fast from 2.24.0 to 2.24.2 (#5295)

Bumps [dbus-fast](https://github.com/bluetooth-devices/dbus-fast) from 2.24.0 to 2.24.2.
- [Release notes](https://github.com/bluetooth-devices/dbus-fast/releases)
- [Changelog](https://github.com/Bluetooth-Devices/dbus-fast/blob/main/CHANGELOG.md)
- [Commits](https://github.com/bluetooth-devices/dbus-fast/compare/v2.24.0...v2.24.2)

---
updated-dependencies:
- dependency-name: dbus-fast
  dependency-type: direct:production
  update-type: version-update:semver-patch
...

Signed-off-by: dependabot[bot] <support@github.com>
Co-authored-by: dependabot[bot] <49699333+dependabot[bot]@users.noreply.github.com>"
home-assistant/supervisor,c7c39da7c627f4b609bedec54fbd314190f78532,2024-09,-4,pre,2024-09-09T09:09:51+02:00,2024-09-09T09:09:51+02:00,dependabot[bot],49699333+dependabot[bot]@users.noreply.github.com,GitHub,noreply@github.com,1,0,1,1,1,0,0,0,,,,,dependabot,0,5294,Bump ruff from 0.6.3 to 0.6.4 (#5294),"Bump ruff from 0.6.3 to 0.6.4 (#5294)

Bumps [ruff](https://github.com/astral-sh/ruff) from 0.6.3 to 0.6.4.
- [Release notes](https://github.com/astral-sh/ruff/releases)
- [Changelog](https://github.com/astral-sh/ruff/blob/main/CHANGELOG.md)
- [Commits](https://github.com/astral-sh/ruff/compare/0.6.3...0.6.4)

---
updated-dependencies:
- dependency-name: ruff
  dependency-type: direct:production
  update-type: version-update:semver-patch
...

Signed-off-by: dependabot[bot] <support@github.com>
Co-authored-by: dependabot[bot] <49699333+dependabot[bot]@users.noreply.github.com>"
home-assistant/supervisor,131af90469cc28d1e8fd17c6165a25f056470dfd,2024-09,-4,pre,2024-09-10T12:55:35+02:00,2024-09-10T12:55:35+02:00,dependabot[bot],49699333+dependabot[bot]@users.noreply.github.com,GitHub,noreply@github.com,1,0,1,1,1,0,0,0,,,,,dependabot,0,5296,Bump sentry-sdk from 2.13.0 to 2.14.0 (#5296),"Bump sentry-sdk from 2.13.0 to 2.14.0 (#5296)

Bumps [sentry-sdk](https://github.com/getsentry/sentry-python) from 2.13.0 to 2.14.0.
- [Release notes](https://github.com/getsentry/sentry-python/releases)
- [Changelog](https://github.com/getsentry/sentry-python/blob/master/CHANGELOG.md)
- [Commits](https://github.com/getsentry/sentry-python/compare/2.13.0...2.14.0)

---
updated-dependencies:
- dependency-name: sentry-sdk
  dependency-type: direct:production
  update-type: version-update:semver-minor
...

Signed-off-by: dependabot[bot] <support@github.com>
Co-authored-by: dependabot[bot] <49699333+dependabot[bot]@users.noreply.github.com>"
home-assistant/supervisor,549dddcb119be4b66d2c99e2b6057bf974c0c136,2024-09,-4,pre,2024-09-11T09:19:44+02:00,2024-09-11T09:19:44+02:00,dependabot[bot],49699333+dependabot[bot]@users.noreply.github.com,GitHub,noreply@github.com,1,0,1,1,1,0,0,0,,,,,dependabot,0,5297,Bump pytest from 8.3.2 to 8.3.3 (#5297),Bump pytest from 8.3.2 to 8.3.3 (#5297)
home-assistant/supervisor,1ca22799d1c38e9e3e0e0bb14ebc2fc4c809458f,2024-09,-4,pre,2024-09-11T17:53:36+02:00,2024-09-11T17:53:36+02:00,ue9acf10ae3811d11,ue9acf10ae3811d11@users.invalid,GitHub,noreply@github.com,1,0,4,48,6,2,10,5,,,,,,0,5293,Improve WiFi settings error handling (#5293),"Improve WiFi settings error handling (#5293)

* Improve WiFi settings error handling

Currently, the frontend potentially provides no WiFi settings dictionary
but still tries to update other (IP address) settings on the interface.
This leads to a stack trace since network manager is not able to fetch
the WiFi settings from the settings dictionary. Simply fill out what
we can and let NetworkManager provide an error.

Also allow to disable a network interface which has no configuration.
This avoids an error when switching to auto and back to disabled then
press save on a new wireless network interface.

* Add debug message when already disabled

* Add pytest for incomplete WiFi settings as psoted by frontend

Simulate the frontend posting no WiFi settings. Make sure the Supervisor
handles this gracefully."
home-assistant/supervisor,68b2c38c7c9901caa6ea77d1cfd3662fca46defc,2024-09,-4,pre,2024-09-13T10:50:19+02:00,2024-09-13T10:50:19+02:00,dependabot[bot],49699333+dependabot[bot]@users.noreply.github.com,GitHub,noreply@github.com,1,0,1,1,1,0,0,0,,,,,dependabot,0,5299,Bump urllib3 from 2.2.2 to 2.2.3 (#5299),"Bump urllib3 from 2.2.2 to 2.2.3 (#5299)

Bumps [urllib3](https://github.com/urllib3/urllib3) from 2.2.2 to 2.2.3.
- [Release notes](https://github.com/urllib3/urllib3/releases)
- [Changelog](https://github.com/urllib3/urllib3/blob/main/CHANGES.rst)
- [Commits](https://github.com/urllib3/urllib3/compare/2.2.2...2.2.3)

---
updated-dependencies:
- dependency-name: urllib3
  dependency-type: direct:production
  update-type: version-update:semver-patch
...

Signed-off-by: dependabot[bot] <support@github.com>
Co-authored-by: dependabot[bot] <49699333+dependabot[bot]@users.noreply.github.com>"
home-assistant/supervisor,2ec33c6ef39f5e3af5543cab982858baed519b81,2024-09,-4,pre,2024-09-16T08:57:28+02:00,2024-09-16T08:57:28+02:00,dependabot[bot],49699333+dependabot[bot]@users.noreply.github.com,GitHub,noreply@github.com,1,0,1,1,1,0,0,0,,,,,dependabot,0,5302,Bump setuptools from 74.1.2 to 75.0.0 (#5302),"Bump setuptools from 74.1.2 to 75.0.0 (#5302)

Co-authored-by: dependabot[bot] <49699333+dependabot[bot]@users.noreply.github.com>"
home-assistant/supervisor,b81413c8b23f6b3c35a81574d3c4e15b5b5c71f3,2024-09,-4,pre,2024-09-16T10:52:19+02:00,2024-09-16T10:52:19+02:00,dependabot[bot],49699333+dependabot[bot]@users.noreply.github.com,GitHub,noreply@github.com,1,0,1,1,1,0,0,0,,,,,dependabot,0,5301,Bump ruff from 0.6.4 to 0.6.5 (#5301),"Bump ruff from 0.6.4 to 0.6.5 (#5301)

Bumps [ruff](https://github.com/astral-sh/ruff) from 0.6.4 to 0.6.5.
- [Release notes](https://github.com/astral-sh/ruff/releases)
- [Changelog](https://github.com/astral-sh/ruff/blob/main/CHANGELOG.md)
- [Commits](https://github.com/astral-sh/ruff/compare/0.6.4...0.6.5)

---
updated-dependencies:
- dependency-name: ruff
  dependency-type: direct:production
  update-type: version-update:semver-patch
...

Signed-off-by: dependabot[bot] <support@github.com>
Co-authored-by: dependabot[bot] <49699333+dependabot[bot]@users.noreply.github.com>"
home-assistant/supervisor,51ab138bb18cdb6f2318c724582cd3ce63350756,2024-09,-4,pre,2024-09-17T09:20:42+02:00,2024-09-17T09:20:42+02:00,dependabot[bot],49699333+dependabot[bot]@users.noreply.github.com,GitHub,noreply@github.com,1,0,1,1,1,0,0,0,,,,,dependabot,0,5303,Bump setuptools from 75.0.0 to 75.1.0 (#5303),"Bump setuptools from 75.0.0 to 75.1.0 (#5303)

Bumps [setuptools](https://github.com/pypa/setuptools) from 75.0.0 to 75.1.0.
- [Release notes](https://github.com/pypa/setuptools/releases)
- [Changelog](https://github.com/pypa/setuptools/blob/main/NEWS.rst)
- [Commits](https://github.com/pypa/setuptools/compare/v75.0.0...v75.1.0)

---
updated-dependencies:
- dependency-name: setuptools
  dependency-type: direct:production
  update-type: version-update:semver-minor
...

Signed-off-by: dependabot[bot] <support@github.com>
Co-authored-by: dependabot[bot] <49699333+dependabot[bot]@users.noreply.github.com>"
home-assistant/supervisor,d4b67f194605643738492a5775e34e6f67ca65e0,2024-09,-4,pre,2024-09-20T09:40:55+02:00,2024-09-20T09:40:55+02:00,dependabot[bot],49699333+dependabot[bot]@users.noreply.github.com,GitHub,noreply@github.com,1,0,1,1,1,0,0,0,,,,,dependabot,0,5305,Bump ruff from 0.6.5 to 0.6.6 (#5305),Bump ruff from 0.6.5 to 0.6.6 (#5305)
home-assistant/supervisor,77733829d796cd841aeff30298b8a4b0be2fa8ab,2024-09,-4,pre,2024-09-23T09:46:50+02:00,2024-09-23T09:46:50+02:00,dependabot[bot],49699333+dependabot[bot]@users.noreply.github.com,GitHub,noreply@github.com,1,0,1,1,1,0,0,0,,,,,dependabot,0,5307,Bump ruff from 0.6.6 to 0.6.7 (#5307),"Bump ruff from 0.6.6 to 0.6.7 (#5307)

Co-authored-by: dependabot[bot] <49699333+dependabot[bot]@users.noreply.github.com>"
home-assistant/supervisor,8a70ba841da2332dcfb3f3773c4ddcef4eb1a23c,2024-09,-4,pre,2024-09-24T22:28:00+02:00,2024-09-24T15:28:00-05:00,u83254caa93d5a531,u83254caa93d5a531@users.invalid,GitHub,noreply@github.com,1,0,1,1,1,0,0,0,,,,,,0,5308,Bump aiohttp to 3.10.6 (#5308),Bump aiohttp to 3.10.6 (#5308)
home-assistant/supervisor,75784480ab5d16b064731860dabc3af034d8f848,2024-09,-4,pre,2024-09-25T17:57:55+02:00,2024-09-25T17:57:55+02:00,dependabot[bot],49699333+dependabot[bot]@users.noreply.github.com,GitHub,noreply@github.com,1,0,2,4,1,0,0,0,,,,,dependabot,0,5306,Bump pylint from 3.2.7 to 3.3.0 (#5306),"Bump pylint from 3.2.7 to 3.3.0 (#5306)

* Bump pylint from 3.2.7 to 3.3.0

Bumps [pylint](https://github.com/pylint-dev/pylint) from 3.2.7 to 3.3.0.
- [Release notes](https://github.com/pylint-dev/pylint/releases)
- [Commits](https://github.com/pylint-dev/pylint/compare/v3.2.7...v3.3.0)

---
updated-dependencies:
- dependency-name: pylint
  dependency-type: direct:production
  update-type: version-update:semver-minor
...

Signed-off-by: dependabot[bot] <support@github.com>

* Set positional arguments limit to 10

This makes the current codebase pass with pylint 3.3.0 while still
warning in case many positional arguments are used.

* Move to design section

---------

Signed-off-by: dependabot[bot] <support@github.com>
Co-authored-by: dependabot[bot] <49699333+dependabot[bot]@users.noreply.github.com>
Co-authored-by: ue9acf10ae3811d11 <ue9acf10ae3811d11@users.invalid>"
home-assistant/supervisor,70e2de372dc4e4e329c88c51c3049b65337bcbf0,2024-09,-4,pre,2024-09-25T17:58:41+02:00,2024-09-25T17:58:41+02:00,dependabot[bot],49699333+dependabot[bot]@users.noreply.github.com,GitHub,noreply@github.com,1,0,1,1,1,0,0,0,,,,,dependabot,0,5309,Bump debugpy from 1.8.5 to 1.8.6 (#5309),"Bump debugpy from 1.8.5 to 1.8.6 (#5309)

Bumps [debugpy](https://github.com/microsoft/debugpy) from 1.8.5 to 1.8.6.
- [Release notes](https://github.com/microsoft/debugpy/releases)
- [Commits](https://github.com/microsoft/debugpy/compare/v1.8.5...v1.8.6)

---
updated-dependencies:
- dependency-name: debugpy
  dependency-type: direct:production
  update-type: version-update:semver-patch
...

Signed-off-by: dependabot[bot] <support@github.com>
Co-authored-by: dependabot[bot] <49699333+dependabot[bot]@users.noreply.github.com>"
home-assistant/supervisor,48430dfa283b715c7637d024f63fb8ea3a9bd96b,2024-09,-4,pre,2024-09-26T09:13:00+02:00,2024-09-26T09:13:00+02:00,dependabot[bot],49699333+dependabot[bot]@users.noreply.github.com,GitHub,noreply@github.com,1,0,1,1,1,0,0,0,,,,,dependabot,0,5311,Bump pylint from 3.3.0 to 3.3.1 (#5311),"Bump pylint from 3.3.0 to 3.3.1 (#5311)

Bumps [pylint](https://github.com/pylint-dev/pylint) from 3.3.0 to 3.3.1.
- [Release notes](https://github.com/pylint-dev/pylint/releases)
- [Commits](https://github.com/pylint-dev/pylint/compare/v3.3.0...v3.3.1)

---
updated-dependencies:
- dependency-name: pylint
  dependency-type: direct:production
  update-type: version-update:semver-patch
...

Signed-off-by: dependabot[bot] <support@github.com>
Co-authored-by: dependabot[bot] <49699333+dependabot[bot]@users.noreply.github.com>"
home-assistant/supervisor,c65329442a1b211c9857969b69ec1a9222d6ca0c,2024-09,-4,pre,2024-09-26T09:13:30+02:00,2024-09-26T09:13:30+02:00,dependabot[bot],49699333+dependabot[bot]@users.noreply.github.com,GitHub,noreply@github.com,1,0,4,15,15,0,0,0,,,,,dependabot,0,5310,Bump actions/checkout from 4.1.7 to 4.2.0 (#5310),"Bump actions/checkout from 4.1.7 to 4.2.0 (#5310)

Bumps [actions/checkout](https://github.com/actions/checkout) from 4.1.7 to 4.2.0.
- [Release notes](https://github.com/actions/checkout/releases)
- [Changelog](https://github.com/actions/checkout/blob/main/CHANGELOG.md)
- [Commits](https://github.com/actions/checkout/compare/v4.1.7...v4.2.0)

---
updated-dependencies:
- dependency-name: actions/checkout
  dependency-type: direct:production
  update-type: version-update:semver-minor
...

Signed-off-by: dependabot[bot] <support@github.com>
Co-authored-by: dependabot[bot] <49699333+dependabot[bot]@users.noreply.github.com>"
home-assistant/supervisor,d09460a97170f239f0247f3a87692b39d45b09f6,2024-09,-4,pre,2024-09-27T09:22:38+02:00,2024-09-27T09:22:38+02:00,dependabot[bot],49699333+dependabot[bot]@users.noreply.github.com,GitHub,noreply@github.com,1,0,1,1,1,0,0,0,,,,,dependabot,0,5312,Bump ruff from 0.6.7 to 0.6.8 (#5312),"Bump ruff from 0.6.7 to 0.6.8 (#5312)

Bumps [ruff](https://github.com/astral-sh/ruff) from 0.6.7 to 0.6.8.
- [Release notes](https://github.com/astral-sh/ruff/releases)
- [Changelog](https://github.com/astral-sh/ruff/blob/main/CHANGELOG.md)
- [Commits](https://github.com/astral-sh/ruff/compare/0.6.7...0.6.8)

---
updated-dependencies:
- dependency-name: ruff
  dependency-type: direct:production
  update-type: version-update:semver-patch
...

Signed-off-by: dependabot[bot] <support@github.com>
Co-authored-by: dependabot[bot] <49699333+dependabot[bot]@users.noreply.github.com>"
home-assistant/supervisor,3af565267b7de03b2ad77b4510602234341fd715,2024-09,-4,pre,2024-09-30T08:40:31+02:00,2024-09-30T01:40:31-05:00,u83254caa93d5a531,u83254caa93d5a531@users.invalid,GitHub,noreply@github.com,1,0,1,1,1,0,0,0,,,,,,0,5314,Bump aiohttp to 3.10.8 (#5314),Bump aiohttp to 3.10.8 (#5314)
home-assistant/supervisor,1a67fe8a83a8e8e09ce5f0731e439a5152cf6c83,2024-09,-4,pre,2024-09-30T08:41:18+02:00,2024-09-30T02:41:18-04:00,u330d12d73644818a,u330d12d73644818a@users.invalid,GitHub,noreply@github.com,1,0,1,1,0,1,1,0,,,,,,0,5313,Exclude Text-to-Speech cache from backups (#5313),Exclude Text-to-Speech cache from backups (#5313)
home-assistant/supervisor,eae2c9e221b58bb9a296e364ad91c0de350f7df8,2024-09,-4,pre,2024-09-30T18:42:08+02:00,2024-09-30T17:42:08+01:00,u446deb941361c686,u446deb941361c686@users.invalid,GitHub,noreply@github.com,1,0,1,2,0,0,0,0,,,,,,0,5316,Add OHF logo to README (#5316),Add OHF logo to README (#5316)
home-assistant/supervisor,9935eac146963a1de09ece57c5a9945aacd615d2,2024-10,-3,pre,2024-10-02T08:25:59+02:00,2024-10-02T08:25:59+02:00,dependabot[bot],49699333+dependabot[bot]@users.noreply.github.com,GitHub,noreply@github.com,1,0,1,1,1,0,0,0,,,,,dependabot,0,5318,Bump codecov/codecov-action from 4.5.0 to 4.6.0 (#5318),"Bump codecov/codecov-action from 4.5.0 to 4.6.0 (#5318)

Co-authored-by: dependabot[bot] <49699333+dependabot[bot]@users.noreply.github.com>"
home-assistant/supervisor,911f9d661fab9401fc4f4527f3313204698a8985,2024-10,-3,pre,2024-10-02T09:55:24+02:00,2024-10-02T09:55:24+02:00,dependabot[bot],49699333+dependabot[bot]@users.noreply.github.com,GitHub,noreply@github.com,1,0,1,1,1,0,0,0,,,,,dependabot,0,5319,Bump sentry-sdk from 2.14.0 to 2.15.0 (#5319),"Bump sentry-sdk from 2.14.0 to 2.15.0 (#5319)

Co-authored-by: dependabot[bot] <49699333+dependabot[bot]@users.noreply.github.com>"
home-assistant/supervisor,f530db98ff8fea1225d43a86c0c88a949a1b5227,2024-10,-3,pre,2024-10-03T18:08:19+02:00,2024-10-03T18:08:19+02:00,dependabot[bot],49699333+dependabot[bot]@users.noreply.github.com,GitHub,noreply@github.com,1,0,2,2,14,1,1,13,,,,,dependabot,0,5320,Bump cpe from 1.3.0 to 1.3.1 (#5320),"Bump cpe from 1.3.0 to 1.3.1 (#5320)

* Bump cpe from 1.3.0 to 1.3.1

Bumps [cpe](https://github.com/nilp0inter/cpe) from 1.3.0 to 1.3.1.
- [Release notes](https://github.com/nilp0inter/cpe/releases)
- [Changelog](https://github.com/nilp0inter/cpe/blob/main/NEWS.txt)
- [Commits](https://github.com/nilp0inter/cpe/compare/v1.3.0...v1.3.1)

---
updated-dependencies:
- dependency-name: cpe
  dependency-type: direct:production
  update-type: version-update:semver-patch
...

Signed-off-by: dependabot[bot] <support@github.com>

* Revert ""Suppress SyntaxWarning from CPE until fixed (#5227)""

This reverts commit c95df56e8db545e1ebb8959164a341579ad8f8f8.

---------

Signed-off-by: dependabot[bot] <support@github.com>
Co-authored-by: dependabot[bot] <49699333+dependabot[bot]@users.noreply.github.com>
Co-authored-by: ue9acf10ae3811d11 <ue9acf10ae3811d11@users.invalid>"
home-assistant/supervisor,ee5ded29acd739aea5e53a7bb4f1197203d5aa85,2024-10,-3,pre,2024-10-03T18:17:13+02:00,2024-10-03T18:17:13+02:00,ue9acf10ae3811d11,ue9acf10ae3811d11@users.invalid,GitHub,noreply@github.com,1,0,1,6,2,1,6,2,,,,,,0,5321,Allow Supervisor token authentication from landing page (#5321),"Allow Supervisor token authentication from landing page (#5321)

The landing page provides the Supervisor token as authentication, so
consider the landingpage as new enough too."
home-assistant/supervisor,333377024689532829d366c4026846d772e19d14,2024-10,-3,pre,2024-10-07T08:37:08+02:00,2024-10-07T08:37:08+02:00,dependabot[bot],49699333+dependabot[bot]@users.noreply.github.com,GitHub,noreply@github.com,1,0,2,2,2,0,0,0,,,,,dependabot,0,5324,Bump sigstore/cosign-installer from 3.6.0 to 3.7.0 (#5324),"Bump sigstore/cosign-installer from 3.6.0 to 3.7.0 (#5324)

Co-authored-by: dependabot[bot] <49699333+dependabot[bot]@users.noreply.github.com>"
home-assistant/supervisor,f254af83269fdb1db2e83e394449b2573ca776e8,2024-10,-3,pre,2024-10-07T08:40:52+02:00,2024-10-07T08:40:52+02:00,dependabot[bot],49699333+dependabot[bot]@users.noreply.github.com,GitHub,noreply@github.com,1,0,1,13,13,0,0,0,,,,,dependabot,0,5323,Bump actions/cache from 4.0.2 to 4.1.0 (#5323),"Bump actions/cache from 4.0.2 to 4.1.0 (#5323)

Co-authored-by: dependabot[bot] <49699333+dependabot[bot]@users.noreply.github.com>"
home-assistant/supervisor,0582f6fd39d8da6a90feb229d9864417436329c3,2024-10,-3,pre,2024-10-07T08:45:43+02:00,2024-10-07T08:45:43+02:00,dependabot[bot],49699333+dependabot[bot]@users.noreply.github.com,GitHub,noreply@github.com,1,0,1,1,1,0,0,0,,,,,dependabot,0,5325,Bump pre-commit from 3.8.0 to 4.0.0 (#5325),"Bump pre-commit from 3.8.0 to 4.0.0 (#5325)

Co-authored-by: dependabot[bot] <49699333+dependabot[bot]@users.noreply.github.com>"
home-assistant/supervisor,e4d4da601cd1db682eac47af8d9c73f211e82596,2024-10,-3,pre,2024-10-07T09:01:00+02:00,2024-10-07T09:01:00+02:00,dependabot[bot],49699333+dependabot[bot]@users.noreply.github.com,GitHub,noreply@github.com,1,0,1,1,1,0,0,0,,,,,dependabot,0,5327,Bump aiohttp from 3.10.8 to 3.10.9 (#5327),"Bump aiohttp from 3.10.8 to 3.10.9 (#5327)

Co-authored-by: dependabot[bot] <49699333+dependabot[bot]@users.noreply.github.com>"
home-assistant/supervisor,ea95f8374245bd0adae3a0a5ffcba4e8138d2b2a,2024-10,-3,pre,2024-10-07T09:18:12+02:00,2024-10-07T09:18:12+02:00,dependabot[bot],49699333+dependabot[bot]@users.noreply.github.com,GitHub,noreply@github.com,1,0,1,1,1,0,0,0,,,,,dependabot,0,5328,Bump dbus-fast from 2.24.2 to 2.24.3 (#5328),"Bump dbus-fast from 2.24.2 to 2.24.3 (#5328)

Co-authored-by: dependabot[bot] <49699333+dependabot[bot]@users.noreply.github.com>"
home-assistant/supervisor,12ca2fb624d95ffa7961b6018f6627954f65bbf8,2024-10,-3,pre,2024-10-07T09:22:50+02:00,2024-10-07T09:22:50+02:00,dependabot[bot],49699333+dependabot[bot]@users.noreply.github.com,GitHub,noreply@github.com,1,0,1,1,1,0,0,0,,,,,dependabot,0,5326,Bump ruff from 0.6.8 to 0.6.9 (#5326),"Bump ruff from 0.6.8 to 0.6.9 (#5326)

Co-authored-by: dependabot[bot] <49699333+dependabot[bot]@users.noreply.github.com>"
home-assistant/supervisor,af590202c382087846f6f31af2285e71a4b8ce2f,2024-10,-3,pre,2024-10-08T09:04:36+02:00,2024-10-08T09:04:36+02:00,dependabot[bot],49699333+dependabot[bot]@users.noreply.github.com,GitHub,noreply@github.com,1,0,1,1,1,0,0,0,,,,,dependabot,0,5330,Bump actions/upload-artifact from 4.4.0 to 4.4.1 (#5330),"Bump actions/upload-artifact from 4.4.0 to 4.4.1 (#5330)

Co-authored-by: dependabot[bot] <49699333+dependabot[bot]@users.noreply.github.com>"
home-assistant/supervisor,1ee01b1d5e00cf9625464c39ef5fd4b2186b60c0,2024-10,-3,pre,2024-10-08T09:04:52+02:00,2024-10-08T09:04:52+02:00,dependabot[bot],49699333+dependabot[bot]@users.noreply.github.com,GitHub,noreply@github.com,1,0,4,15,15,0,0,0,,,,,dependabot,0,5329,Bump actions/checkout from 4.2.0 to 4.2.1 (#5329),"Bump actions/checkout from 4.2.0 to 4.2.1 (#5329)

Co-authored-by: dependabot[bot] <49699333+dependabot[bot]@users.noreply.github.com>"
home-assistant/supervisor,d64618600d61b26325ceaa3135aca495d0743232,2024-10,-3,pre,2024-10-09T09:26:23+02:00,2024-10-09T09:26:23+02:00,dependabot[bot],49699333+dependabot[bot]@users.noreply.github.com,GitHub,noreply@github.com,1,0,1,1,1,0,0,0,,,,,dependabot,0,5339,Bump actions/upload-artifact from 4.4.1 to 4.4.2 (#5339),"Bump actions/upload-artifact from 4.4.1 to 4.4.2 (#5339)

Co-authored-by: dependabot[bot] <49699333+dependabot[bot]@users.noreply.github.com>"
home-assistant/supervisor,5b313db49d20914f58a62c822d5cb450cb45f003,2024-10,-3,pre,2024-10-09T09:27:57+02:00,2024-10-09T09:27:57+02:00,dependabot[bot],49699333+dependabot[bot]@users.noreply.github.com,GitHub,noreply@github.com,1,0,1,1,1,0,0,0,,,,,dependabot,0,5336,Bump time-machine from 2.15.0 to 2.16.0 (#5336),"Bump time-machine from 2.15.0 to 2.16.0 (#5336)

Co-authored-by: dependabot[bot] <49699333+dependabot[bot]@users.noreply.github.com>"
home-assistant/supervisor,409447d6ca6231da295729bb20925e80c13804ce,2024-10,-3,pre,2024-10-09T11:19:02+02:00,2024-10-09T11:19:02+02:00,dependabot[bot],49699333+dependabot[bot]@users.noreply.github.com,GitHub,noreply@github.com,1,0,1,13,13,0,0,0,,,,,dependabot,0,5340,Bump actions/cache from 4.1.0 to 4.1.1 (#5340),"Bump actions/cache from 4.1.0 to 4.1.1 (#5340)

Bumps [actions/cache](https://github.com/actions/cache) from 4.1.0 to 4.1.1.
- [Release notes](https://github.com/actions/cache/releases)
- [Changelog](https://github.com/actions/cache/blob/main/RELEASES.md)
- [Commits](https://github.com/actions/cache/compare/v4.1.0...v4.1.1)

---
updated-dependencies:
- dependency-name: actions/cache
  dependency-type: direct:production
  update-type: version-update:semver-patch
...

Signed-off-by: dependabot[bot] <support@github.com>
Co-authored-by: dependabot[bot] <49699333+dependabot[bot]@users.noreply.github.com>"
home-assistant/supervisor,42279461e01decaced6fdd5b9049ce3054b191bc,2024-10,-3,pre,2024-10-09T11:19:31+02:00,2024-10-09T11:19:31+02:00,dependabot[bot],49699333+dependabot[bot]@users.noreply.github.com,GitHub,noreply@github.com,1,0,1,1,1,0,0,0,,,,,dependabot,0,5337,Bump pre-commit from 4.0.0 to 4.0.1 (#5337),"Bump pre-commit from 4.0.0 to 4.0.1 (#5337)

Bumps [pre-commit](https://github.com/pre-commit/pre-commit) from 4.0.0 to 4.0.1.
- [Release notes](https://github.com/pre-commit/pre-commit/releases)
- [Changelog](https://github.com/pre-commit/pre-commit/blob/main/CHANGELOG.md)
- [Commits](https://github.com/pre-commit/pre-commit/compare/v4.0.0...v4.0.1)

---
updated-dependencies:
- dependency-name: pre-commit
  dependency-type: direct:production
  update-type: version-update:semver-patch
...

Signed-off-by: dependabot[bot] <support@github.com>
Co-authored-by: dependabot[bot] <49699333+dependabot[bot]@users.noreply.github.com>"
home-assistant/supervisor,8601f5c49afd419754759517df986c1734596b1a,2024-10,-3,pre,2024-10-09T11:19:47+02:00,2024-10-09T11:19:47+02:00,dependabot[bot],49699333+dependabot[bot]@users.noreply.github.com,GitHub,noreply@github.com,1,0,1,1,1,0,0,0,,,,,dependabot,0,5338,Bump sentry-sdk from 2.15.0 to 2.16.0 (#5338),"Bump sentry-sdk from 2.15.0 to 2.16.0 (#5338)

Bumps [sentry-sdk](https://github.com/getsentry/sentry-python) from 2.15.0 to 2.16.0.
- [Release notes](https://github.com/getsentry/sentry-python/releases)
- [Changelog](https://github.com/getsentry/sentry-python/blob/master/CHANGELOG.md)
- [Commits](https://github.com/getsentry/sentry-python/compare/2.15.0...2.16.0)

---
updated-dependencies:
- dependency-name: sentry-sdk
  dependency-type: direct:production
  update-type: version-update:semver-minor
...

Signed-off-by: dependabot[bot] <support@github.com>
Co-authored-by: dependabot[bot] <49699333+dependabot[bot]@users.noreply.github.com>"
home-assistant/supervisor,e2b25fe7cede5e8c94f7a054c12f1c979d76b9a1,2024-10,-3,pre,2024-10-09T12:18:45+02:00,2024-10-09T06:18:45-04:00,ua153bfaecf32d7a4,ua153bfaecf32d7a4@users.invalid,GitHub,noreply@github.com,1,0,1,1,1,1,1,1,,,,,,0,5335,Drop support for Debian 11 Bullseye (#5335),Drop support for Debian 11 Bullseye (#5335)
home-assistant/supervisor,2968a5717cf59fb948d65caf93c2da74b8820507,2024-10,-3,pre,2024-10-09T20:16:36+02:00,2024-10-09T20:16:36+02:00,ue9acf10ae3811d11,ue9acf10ae3811d11@users.invalid,GitHub,noreply@github.com,1,0,2,29,0,1,11,0,,,,,,0,5331,Update DNS plug-in on network change (#5331),"Update DNS plug-in on network change (#5331)

* Update DNS plug-in on network change

Restart the DNS plug-in when the primary network changes network
changes. This makes sure any potential host OS DNS configuration
changes get picked up by the DNS plug-in as well.

* Add a test case

---------

Co-authored-by: ue1fc990c4f6dfd9c <ue1fc990c4f6dfd9c@users.invalid>"
home-assistant/supervisor,e0d79853698a09ae29c4afbd08940661ca5cb797,2024-10,-3,pre,2024-10-09T20:27:18+02:00,2024-10-09T20:27:18+02:00,uc99e7580c7a8e9ca,uc99e7580c7a8e9ca@users.invalid,GitHub,noreply@github.com,1,0,3,19,8,1,15,4,,,,,,0,5334,Fix number of lines returned with host logs' query argument (#5334),"Fix number of lines returned with host logs' query argument (#5334)

If no cursor is specified and negative num_skip is used, we're pointing
one record back from the last one, so host logs always returned 101
lines as the default. This was also the case of the lines query argument
that used the number directly as num_skip. Instead of doing that, point
N-1 records to the back and then get N records. Handle 1 record and
invalid numbers silently to avoid the need for error handling in
unpractical edge cases."
home-assistant/supervisor,9f3767b23d846df7052b34e9eb629e7c4b77ecac,2024-10,-3,pre,2024-10-09T20:27:29+02:00,2024-10-09T20:27:29+02:00,uc99e7580c7a8e9ca,uc99e7580c7a8e9ca@users.invalid,GitHub,noreply@github.com,1,0,4,58,20,2,15,8,,,,,,0,5333,Return cursor of the first host logs entry via headers (#5333),"Return cursor of the first host logs entry via headers (#5333)

* Return cursor of the first host logs entry via headers

Return first entry's cursor via custom `X-First-Cursor` header that can
be consumed by the client and used for continual requesting of the
historic logs. Once the first fetch returns data, the cursor can be
supplied as the first argument to the Range header in another call,
fetching accurate slice of the journal with the previous log entries
using the `Range: entries=cursor[[:num_skip]:num_entries]` syntax.

Let's say we fetch logs with the Range header `entries=:-19:20` (to
fetch very last 20 lines of the logs, see below why not
`entries:-20:20`) and we get `cursor50` as the reply (the actual value
will be much more complex and with no guaranteed format). To fetch
previous slice of the logs, we use `entries=cursor50:-20:20`, which
would return 20 lines previous to `cursor50` and `cursor30` in the
cursor header. This way we can go all the way back to the history.

One problem with the cursor is that it's not possible to determine when
the negative num_skip points beyond the first log entry. In that case
the client either needs to know what the first entry is (via
`entries=:0:1`) or can iterate naively and stop once two subsequent
requests return the same first cursor.

Another caveat, even though it's unlikely it will be hit in real usage,
is that it's not possible to fetch the last line only - if no cursor is
provided, negative num_skip argument is needed, and in that case we're
pointing one record back from the current cursor, which is the previous
record. The least we can return without knowing any cursor is thus
`entries=:-1:2` (where the `2` can be omitted, however with
`entries=:-1:1` we would lose the last line). This also explains why
different `num_skip` and `num_entries` must be used for the first fetch.

* Fix typo (fallback->callback)

* Refactor journal_logs_reader to always return the cursor

* Update tests for new cursor handling"
home-assistant/supervisor,1504278223a8d852d3b11de25f676fa8d6501a70,2024-10,-3,pre,2024-10-09T21:41:46+02:00,2024-10-09T21:41:46+02:00,ue9acf10ae3811d11,ue9acf10ae3811d11@users.invalid,GitHub,noreply@github.com,1,0,2,15,5,2,15,5,,,,,,0,5332,Recreate aiohttp session on connectivity check (#5332),"Recreate aiohttp session on connectivity check (#5332)

It seems to actually get a proper connectivity check run, we need a new
vanilla ClientSession() object."
home-assistant/supervisor,6539f0df6f6e47a9ce3f547788607fecb87aa9e1,2024-10,-3,pre,2024-10-10T09:46:18+02:00,2024-10-10T09:46:18+02:00,dependabot[bot],49699333+dependabot[bot]@users.noreply.github.com,GitHub,noreply@github.com,1,0,1,1,1,0,0,0,,,,,dependabot,0,5343,Bump actions/upload-artifact from 4.4.2 to 4.4.3 (#5343),"Bump actions/upload-artifact from 4.4.2 to 4.4.3 (#5343)

Bumps [actions/upload-artifact](https://github.com/actions/upload-artifact) from 4.4.2 to 4.4.3.
- [Release notes](https://github.com/actions/upload-artifact/releases)
- [Commits](https://github.com/actions/upload-artifact/compare/v4.4.2...v4.4.3)

---
updated-dependencies:
- dependency-name: actions/upload-artifact
  dependency-type: direct:production
  update-type: version-update:semver-patch
...

Signed-off-by: dependabot[bot] <support@github.com>
Co-authored-by: dependabot[bot] <49699333+dependabot[bot]@users.noreply.github.com>"
home-assistant/supervisor,d5f33de8086053f71cba93c5f4eeac4d47a6c552,2024-10,-3,pre,2024-10-10T09:46:41+02:00,2024-10-10T09:46:41+02:00,dependabot[bot],49699333+dependabot[bot]@users.noreply.github.com,GitHub,noreply@github.com,1,0,1,1,1,0,0,0,,,,,dependabot,0,5344,Bump coverage from 7.6.1 to 7.6.2 (#5344),"Bump coverage from 7.6.1 to 7.6.2 (#5344)

Bumps [coverage](https://github.com/nedbat/coveragepy) from 7.6.1 to 7.6.2.
- [Release notes](https://github.com/nedbat/coveragepy/releases)
- [Changelog](https://github.com/nedbat/coveragepy/blob/master/CHANGES.rst)
- [Commits](https://github.com/nedbat/coveragepy/compare/7.6.1...7.6.2)

---
updated-dependencies:
- dependency-name: coverage
  dependency-type: direct:production
  update-type: version-update:semver-patch
...

Signed-off-by: dependabot[bot] <support@github.com>
Co-authored-by: dependabot[bot] <49699333+dependabot[bot]@users.noreply.github.com>"
home-assistant/supervisor,180a7c3990692c01b9e7043e7d59fa823036177c,2024-10,-3,pre,2024-10-10T22:57:16+02:00,2024-10-10T22:57:16+02:00,ue9acf10ae3811d11,ue9acf10ae3811d11@users.invalid,GitHub,noreply@github.com,1,0,4,42,6,1,1,1,,,,,,0,5342,Throttle connectivity check on connectivity issue (#5342),"Throttle connectivity check on connectivity issue (#5342)

* Throttle connectivity check on connectivity issue

If Supervisor detects a connectivity issue, currenlty every function
which requires internet get delayed by 10s due to the connectivity
check. This especially slows down initial startup when there are
connectivity issues. It is unlikely to resolve immeaditly, so throttle
the connectivity check to check every 30s.

* Fix pytest

* Reset throttle in test and refactor helper

* CodeRabbit suggestion

---------

Co-authored-by: ue1fc990c4f6dfd9c <ue1fc990c4f6dfd9c@users.invalid>"
home-assistant/supervisor,334484de7fefc6e0e2758ec4e084474d7f4faf12,2024-10,-3,pre,2024-10-11T10:12:26+02:00,2024-10-11T10:12:26+02:00,dependabot[bot],49699333+dependabot[bot]@users.noreply.github.com,GitHub,noreply@github.com,1,0,1,1,1,0,0,0,,,,,dependabot,0,5346,Bump debugpy from 1.8.6 to 1.8.7 (#5346),"Bump debugpy from 1.8.6 to 1.8.7 (#5346)

Co-authored-by: dependabot[bot] <49699333+dependabot[bot]@users.noreply.github.com>"
home-assistant/supervisor,22e50b4acea82ad741c51dba75ed53b5a75c167e,2024-10,-3,pre,2024-10-11T10:31:09+02:00,2024-10-11T10:31:09+02:00,dependabot[bot],49699333+dependabot[bot]@users.noreply.github.com,GitHub,noreply@github.com,1,0,1,1,1,0,0,0,,,,,dependabot,0,5345,Bump aiohttp from 3.10.9 to 3.10.10 (#5345),"Bump aiohttp from 3.10.9 to 3.10.10 (#5345)

Co-authored-by: dependabot[bot] <49699333+dependabot[bot]@users.noreply.github.com>"
home-assistant/supervisor,e2ada420016c049f502f7ce9bc0402161fe04177,2024-10,-3,pre,2024-10-11T19:54:53+02:00,2024-10-11T19:54:53+02:00,ue9acf10ae3811d11,ue9acf10ae3811d11@users.invalid,GitHub,noreply@github.com,1,0,3,9,5,1,4,2,,,,,,0,5347,Fix log follow mode without range header (#5347),Fix log follow mode without range header (#5347)
home-assistant/supervisor,95c638991d06ce1a22aeeec4fcdb56fe4ce99efa,2024-10,-3,pre,2024-10-14T08:16:23+02:00,2024-10-14T08:16:23+02:00,dependabot[bot],49699333+dependabot[bot]@users.noreply.github.com,GitHub,noreply@github.com,1,0,1,1,1,0,0,0,,,,,dependabot,0,5351,Bump coverage from 7.6.2 to 7.6.3 (#5351),Bump coverage from 7.6.2 to 7.6.3 (#5351)
home-assistant/supervisor,cc9a931baa8c41cab959730c0c33f490c20d4f84,2024-10,-3,pre,2024-10-16T09:04:24+02:00,2024-10-16T09:04:24+02:00,uc99e7580c7a8e9ca,uc99e7580c7a8e9ca@users.invalid,GitHub,noreply@github.com,1,0,2,12,0,1,1,0,,,,,,0,5354,Fix Supervisor log fallback for the /follow endpoint (#5354),"Fix Supervisor log fallback for the /follow endpoint (#5354)

When an error occurs when streaming Supervisor logs, the fallback method
receives the follow kwarg as well, which is invalid for the Docker log
handler:

 TypeError: APISupervisor.logs() got an unexpected keyword argument 'follow'

The exception is still printed to the logs but with all the extra noise
caused by this error. Removing the argument makes the stack trace more
comprehensible and the fallback actually works as desired."
home-assistant/supervisor,96df335b3634b4aa5f743439cf94c36adcd125d0,2024-10,-3,pre,2024-10-17T08:29:15+02:00,2024-10-17T08:29:15+02:00,dependabot[bot],49699333+dependabot[bot]@users.noreply.github.com,GitHub,noreply@github.com,1,0,1,1,1,0,0,0,,,,,dependabot,0,5357,Bump setuptools from 75.1.0 to 75.2.0 (#5357),"Bump setuptools from 75.1.0 to 75.2.0 (#5357)

Co-authored-by: dependabot[bot] <49699333+dependabot[bot]@users.noreply.github.com>"
home-assistant/supervisor,f47d0d2867210b31c2faefc3529cf5e4496dd2df,2024-10,-3,pre,2024-10-18T08:39:06+02:00,2024-10-18T08:39:06+02:00,dependabot[bot],49699333+dependabot[bot]@users.noreply.github.com,GitHub,noreply@github.com,1,0,1,1,1,0,0,0,,,,,dependabot,0,5360,Bump sentry-sdk from 2.16.0 to 2.17.0 (#5360),"Bump sentry-sdk from 2.16.0 to 2.17.0 (#5360)

Co-authored-by: dependabot[bot] <49699333+dependabot[bot]@users.noreply.github.com>"
home-assistant/supervisor,c6488c1ee34a0a05ccedb07a2018a335ba344ea6,2024-10,-3,pre,2024-10-18T08:41:51+02:00,2024-10-18T08:41:51+02:00,dependabot[bot],49699333+dependabot[bot]@users.noreply.github.com,GitHub,noreply@github.com,1,0,1,1,1,0,0,0,,,,,dependabot,0,5359,Bump ruff from 0.6.9 to 0.7.0 (#5359),"Bump ruff from 0.6.9 to 0.7.0 (#5359)

Co-authored-by: dependabot[bot] <49699333+dependabot[bot]@users.noreply.github.com>"
home-assistant/supervisor,f5a026cdd87f39fd0630662defa24561ac0902f3,2024-10,-3,pre,2024-10-21T09:02:50+02:00,2024-10-21T09:02:50+02:00,dependabot[bot],49699333+dependabot[bot]@users.noreply.github.com,GitHub,noreply@github.com,1,0,1,1,1,0,0,0,,,,,dependabot,0,5364,Bump cryptography from 43.0.1 to 43.0.3 (#5364),"Bump cryptography from 43.0.1 to 43.0.3 (#5364)

Co-authored-by: dependabot[bot] <49699333+dependabot[bot]@users.noreply.github.com>"
home-assistant/supervisor,fcac17f335cae7dc8ffe01fa2e140cf60af3e7f7,2024-10,-3,pre,2024-10-21T09:04:55+02:00,2024-10-21T09:04:55+02:00,dependabot[bot],49699333+dependabot[bot]@users.noreply.github.com,GitHub,noreply@github.com,1,0,1,1,1,0,0,0,,,,,dependabot,0,5365,Bump coverage from 7.6.3 to 7.6.4 (#5365),"Bump coverage from 7.6.3 to 7.6.4 (#5365)

Co-authored-by: dependabot[bot] <49699333+dependabot[bot]@users.noreply.github.com>"
home-assistant/supervisor,6f196c9deae1c9c03a12fe2162ac9cb3362983fe,2024-10,-3,pre,2024-10-21T10:11:22+02:00,2024-10-21T10:11:22+02:00,uc99e7580c7a8e9ca,uc99e7580c7a8e9ca@users.invalid,GitHub,noreply@github.com,1,0,1,5,2,1,5,2,,,,,,0,5358,Suppress ClientConnectionResetError when returning logs (#5358),"Suppress ClientConnectionResetError when returning logs (#5358)

When client requests (or more often follows) some busy logs and closes
the connection while the StreamWriter tries to write into it, an
exception is raised. This should be harmless, and unless there's another
way to handle this gracefully (I'm not aware of), then it should be safe
to ignore the exception in this context."
home-assistant/supervisor,9c99bf368ff19b00dd7b41a3b22d5d1494148b71,2024-10,-3,pre,2024-10-23T08:40:18+02:00,2024-10-23T08:40:18+02:00,dependabot[bot],49699333+dependabot[bot]@users.noreply.github.com,GitHub,noreply@github.com,1,0,1,13,13,0,0,0,,,,,dependabot,0,5366,Bump actions/cache from 4.1.1 to 4.1.2 (#5366),"Bump actions/cache from 4.1.1 to 4.1.2 (#5366)

Co-authored-by: dependabot[bot] <49699333+dependabot[bot]@users.noreply.github.com>"
home-assistant/supervisor,09d3edf5266e79c4a75595d7b50838a63042edd0,2024-10,-3,pre,2024-10-24T08:19:46+02:00,2024-10-24T08:19:46+02:00,dependabot[bot],49699333+dependabot[bot]@users.noreply.github.com,GitHub,noreply@github.com,1,0,4,15,15,0,0,0,,,,,dependabot,0,5370,Bump actions/checkout from 4.2.1 to 4.2.2 (#5370),Bump actions/checkout from 4.2.1 to 4.2.2 (#5370)
home-assistant/supervisor,c7487e004d0b2683cb41394a78464fc0b8c72307,2024-10,-3,pre,2024-10-25T14:53:08+02:00,2024-10-25T14:53:08+02:00,dependabot[bot],49699333+dependabot[bot]@users.noreply.github.com,GitHub,noreply@github.com,1,0,2,9,9,0,0,0,,,,,dependabot,0,5372,Bump actions/setup-python from 5.2.0 to 5.3.0 (#5372),"Bump actions/setup-python from 5.2.0 to 5.3.0 (#5372)

Co-authored-by: dependabot[bot] <49699333+dependabot[bot]@users.noreply.github.com>"
home-assistant/supervisor,8f2269d871ca8962cd6845060663283030190c28,2024-10,-3,pre,2024-10-25T15:20:45+02:00,2024-10-25T15:20:45+02:00,dependabot[bot],49699333+dependabot[bot]@users.noreply.github.com,GitHub,noreply@github.com,1,0,1,1,1,0,0,0,,,,,dependabot,0,5371,Bump ruff from 0.7.0 to 0.7.1 (#5371),"Bump ruff from 0.7.0 to 0.7.1 (#5371)

Co-authored-by: dependabot[bot] <49699333+dependabot[bot]@users.noreply.github.com>"
home-assistant/supervisor,0714d7845a9ac182331713d7fbd70514a43fd8e7,2024-10,-3,pre,2024-10-30T08:29:57-04:00,2024-10-30T13:29:57+01:00,u508f4d8dafd12ae8,u508f4d8dafd12ae8@users.invalid,GitHub,noreply@github.com,1,0,3122,3703,501815,0,0,0,,,,,,0,5374,Bump frontend 2024.10.29 (#5374),"Bump frontend 2024.10.29 (#5374)

* Bump frontend 2024.10

* Bump frontend 2024.10.29"
home-assistant/supervisor,dcaf2653b8dbbad82bee5a51d1653489a2a2b658,2024-10,-3,pre,2024-10-30T10:46:47-04:00,2024-10-30T10:46:47-04:00,dependabot[bot],49699333+dependabot[bot]@users.noreply.github.com,GitHub,noreply@github.com,1,0,1,1,1,0,0,0,,,,,dependabot,0,5377,Bump colorlog from 6.8.2 to 6.9.0 (#5377),"Bump colorlog from 6.8.2 to 6.9.0 (#5377)

Bumps [colorlog](https://github.com/borntyping/python-colorlog) from 6.8.2 to 6.9.0.
- [Release notes](https://github.com/borntyping/python-colorlog/releases)
- [Commits](https://github.com/borntyping/python-colorlog/compare/v6.8.2...v6.9.0)

---
updated-dependencies:
- dependency-name: colorlog
  dependency-type: direct:production
  update-type: version-update:semver-minor
...

Signed-off-by: dependabot[bot] <support@github.com>
Co-authored-by: dependabot[bot] <49699333+dependabot[bot]@users.noreply.github.com>"
home-assistant/supervisor,93472ed6dd3ec0969fd60acdc07b253771bb1559,2024-10,-3,pre,2024-10-30T10:47:19-04:00,2024-10-30T10:47:19-04:00,dependabot[bot],49699333+dependabot[bot]@users.noreply.github.com,GitHub,noreply@github.com,1,0,1,1,1,0,0,0,,,,,dependabot,0,5378,Bump pytest-cov from 5.0.0 to 6.0.0 (#5378),"Bump pytest-cov from 5.0.0 to 6.0.0 (#5378)

Bumps [pytest-cov](https://github.com/pytest-dev/pytest-cov) from 5.0.0 to 6.0.0.
- [Changelog](https://github.com/pytest-dev/pytest-cov/blob/master/CHANGELOG.rst)
- [Commits](https://github.com/pytest-dev/pytest-cov/compare/v5.0.0...v6.0.0)

---
updated-dependencies:
- dependency-name: pytest-cov
  dependency-type: direct:production
  update-type: version-update:semver-major
...

Signed-off-by: dependabot[bot] <support@github.com>
Co-authored-by: dependabot[bot] <49699333+dependabot[bot]@users.noreply.github.com>"
home-assistant/supervisor,1a278f2590c7eba9fc41e33ef8e4efa56fb3132b,2024-10,-3,pre,2024-10-30T10:47:46-04:00,2024-10-30T10:47:46-04:00,dependabot[bot],49699333+dependabot[bot]@users.noreply.github.com,GitHub,noreply@github.com,1,0,1,1,1,0,0,0,,,,,dependabot,0,5379,Bump setuptools from 75.2.0 to 75.3.0 (#5379),"Bump setuptools from 75.2.0 to 75.3.0 (#5379)

Bumps [setuptools](https://github.com/pypa/setuptools) from 75.2.0 to 75.3.0.
- [Release notes](https://github.com/pypa/setuptools/releases)
- [Changelog](https://github.com/pypa/setuptools/blob/main/NEWS.rst)
- [Commits](https://github.com/pypa/setuptools/compare/v75.2.0...v75.3.0)

---
updated-dependencies:
- dependency-name: setuptools
  dependency-type: direct:production
  update-type: version-update:semver-minor
...

Signed-off-by: dependabot[bot] <support@github.com>
Co-authored-by: dependabot[bot] <49699333+dependabot[bot]@users.noreply.github.com>"
home-assistant/supervisor,9a07ff7fc4699d722474244f43fd5cdb5cc2d5ce,2024-10,-3,pre,2024-10-30T12:12:43-04:00,2024-10-30T12:12:43-04:00,ue1fc990c4f6dfd9c,ue1fc990c4f6dfd9c@users.invalid,GitHub,noreply@github.com,1,0,3,148,4,1,12,2,,,,,,0,5375,Update supervisor immediately on new version (#5375),"Update supervisor immediately on new version (#5375)

* Update supervisor immediately on new version

* Switch reload updater task"
home-assistant/supervisor,93f4b24e72bc2b7ab21dffb2b77857c7070eb7ab,2024-11,-2,pre,2024-11-04T09:00:36+01:00,2024-11-04T09:00:36+01:00,dependabot[bot],49699333+dependabot[bot]@users.noreply.github.com,GitHub,noreply@github.com,1,0,1,1,1,0,0,0,,,,,dependabot,0,5386,Bump ruff from 0.7.1 to 0.7.2 (#5386),Bump ruff from 0.7.1 to 0.7.2 (#5386)
home-assistant/supervisor,81066aab83f3f236c8eab98a90e339acd2f3b64b,2024-11,-2,pre,2024-11-04T08:21:27Z,2024-11-04T09:21:27+01:00,u508f4d8dafd12ae8,u508f4d8dafd12ae8@users.invalid,GitHub,noreply@github.com,1,0,1566,923,971,0,0,0,,,,,,0,5383,Bump frontend 2024.11.04 (#5383),"Bump frontend 2024.11.04 (#5383)

* Bump frontend 2024.10.31

* Bump frontend 2024.11.04"
home-assistant/supervisor,2525467a2e349909c250e73d59add1dc9a2f7581,2024-11,-2,pre,2024-11-04T08:23:15Z,2024-11-04T08:23:15Z,dependabot[bot],49699333+dependabot[bot]@users.noreply.github.com,GitHub,noreply@github.com,1,0,1,1,1,0,0,0,,,,,dependabot,0,5388,Bump pulsectl from 24.8.0 to 24.11.0 (#5388),"Bump pulsectl from 24.8.0 to 24.11.0 (#5388)

Bumps [pulsectl](https://github.com/mk-fg/python-pulse-control) from 24.8.0 to 24.11.0.
- [Changelog](https://github.com/mk-fg/python-pulse-control/blob/master/CHANGES.rst)
- [Commits](https://github.com/mk-fg/python-pulse-control/commits)

---
updated-dependencies:
- dependency-name: pulsectl
  dependency-type: direct:production
  update-type: version-update:semver-minor
...

Signed-off-by: dependabot[bot] <support@github.com>
Co-authored-by: dependabot[bot] <49699333+dependabot[bot]@users.noreply.github.com>"
home-assistant/supervisor,ac5ce4cc9e4f48192fa7c9d7f4145ca16a4c9af1,2024-11,-2,pre,2024-11-04T12:07:37-05:00,2024-11-04T18:07:37+01:00,u508f4d8dafd12ae8,u508f4d8dafd12ae8@users.invalid,GitHub,noreply@github.com,1,0,208,43,43,0,0,0,,,,,,0,5390,Bump frontend 2024.11.04.2 (#5390),Bump frontend 2024.11.04.2 (#5390)
home-assistant/supervisor,55e58d39d91c33933f6bb45eb4843f569f712e2d,2024-11,-2,pre,2024-11-05T08:01:46+01:00,2024-11-05T02:01:46-05:00,ue1fc990c4f6dfd9c,ue1fc990c4f6dfd9c@users.invalid,GitHub,noreply@github.com,1,0,4,71,24,1,23,7,,,,,,0,5391,Add fallback for boot IDs query (#5391),Add fallback for boot IDs query (#5391)
home-assistant/supervisor,dd8abf738e380b2eaadde04f74133f454a90934f,2024-11,-2,pre,2024-11-05T08:15:18+01:00,2024-11-05T08:15:18+01:00,dependabot[bot],49699333+dependabot[bot]@users.noreply.github.com,GitHub,noreply@github.com,1,0,1,1,1,0,0,0,,,,,dependabot,0,5392,Bump sentry-sdk from 2.17.0 to 2.18.0 (#5392),"Bump sentry-sdk from 2.17.0 to 2.18.0 (#5392)

Bumps [sentry-sdk](https://github.com/getsentry/sentry-python) from 2.17.0 to 2.18.0.
- [Release notes](https://github.com/getsentry/sentry-python/releases)
- [Changelog](https://github.com/getsentry/sentry-python/blob/master/CHANGELOG.md)
- [Commits](https://github.com/getsentry/sentry-python/compare/2.17.0...2.18.0)

---
updated-dependencies:
- dependency-name: sentry-sdk
  dependency-type: direct:production
  update-type: version-update:semver-minor
...

Signed-off-by: dependabot[bot] <support@github.com>
Co-authored-by: dependabot[bot] <49699333+dependabot[bot]@users.noreply.github.com>"
home-assistant/supervisor,54817ef5626cdfe73e5c14b5dd05dd1fecd757b3,2024-11,-2,pre,2024-11-06T11:21:22+01:00,2024-11-06T11:21:22+01:00,u508f4d8dafd12ae8,u508f4d8dafd12ae8@users.invalid,GitHub,noreply@github.com,1,0,596,561,472,0,0,0,,,,,,0,5393,Bump frontend 2024.11.06 (#5393),Bump frontend 2024.11.06 (#5393)
home-assistant/supervisor,b29bc23487dfeba7ef2fc5964bf822ea2233e159,2024-11,-2,pre,2024-11-06T14:13:30+01:00,2024-11-06T14:13:30+01:00,u508f4d8dafd12ae8,u508f4d8dafd12ae8@users.invalid,GitHub,noreply@github.com,1,0,232,89,89,0,0,0,,,,,,0,5394,Bump frontend 2024.11.06.1 (#5394),Bump frontend 2024.11.06.1 (#5394)
home-assistant/supervisor,473662e56de3b2c082818bec54b1847aedee5111,2024-11,-2,pre,2024-11-07T16:46:32+01:00,2024-11-07T16:46:32+01:00,u508f4d8dafd12ae8,u508f4d8dafd12ae8@users.invalid,GitHub,noreply@github.com,1,0,544,375,375,0,0,0,,,,,,0,5399,Bump frontend 2024.11.07 (#5399),Bump frontend 2024.11.07 (#5399)
home-assistant/supervisor,e1e5d3a8f25dc3eb1e1d2fd708a3b4f700c8553c,2024-11,-2,pre,2024-11-07T13:39:15-05:00,2024-11-07T13:39:15-05:00,ue1fc990c4f6dfd9c,ue1fc990c4f6dfd9c@users.invalid,GitHub,noreply@github.com,1,0,12,381,23,7,163,15,,,,,,0,5397,Create addon boot failed issue for repair (#5397),"Create addon boot failed issue for repair (#5397)

* Create addon boot failed issue for repair

* MDont make new objects for contains checks"
home-assistant/supervisor,e3488b8a08a27d6c480949571c3758a729be60dc,2024-11,-2,pre,2024-11-08T08:43:41+01:00,2024-11-08T08:43:41+01:00,dependabot[bot],49699333+dependabot[bot]@users.noreply.github.com,GitHub,noreply@github.com,1,0,1,1,1,0,0,0,,,,,dependabot,0,5400,Bump debugpy from 1.8.7 to 1.8.8 (#5400),"Bump debugpy from 1.8.7 to 1.8.8 (#5400)

Co-authored-by: dependabot[bot] <49699333+dependabot[bot]@users.noreply.github.com>"
home-assistant/supervisor,fd056f38406fb1f8a4dc64e12428ca3148480615,2024-11,-2,pre,2024-11-11T07:21:31+01:00,2024-11-11T07:21:31+01:00,dependabot[bot],49699333+dependabot[bot]@users.noreply.github.com,GitHub,noreply@github.com,1,0,1,1,1,0,0,0,,,,,dependabot,0,5402,Update wheel requirement from ~=0.40.0 to ~=0.45.0 (#5402),Update wheel requirement from ~=0.40.0 to ~=0.45.0 (#5402)
home-assistant/supervisor,c033d5ce8d55f18623830d67baa95ebb5194189d,2024-11,-2,pre,2024-11-11T08:12:22+01:00,2024-11-11T08:12:22+01:00,dependabot[bot],49699333+dependabot[bot]@users.noreply.github.com,GitHub,noreply@github.com,1,0,1,1,1,0,0,0,,,,,dependabot,0,5404,Bump home-assistant/wheels from 2024.07.1 to 2024.11.0 (#5404),Bump home-assistant/wheels from 2024.07.1 to 2024.11.0 (#5404)
home-assistant/supervisor,67c2f8eb839a837bbc04ddf1722a39a2a8d8e27a,2024-11,-2,pre,2024-11-11T08:13:57+01:00,2024-11-11T08:13:57+01:00,dependabot[bot],49699333+dependabot[bot]@users.noreply.github.com,GitHub,noreply@github.com,1,0,1,1,1,0,0,0,,,,,dependabot,0,5403,Bump ruff from 0.7.2 to 0.7.3 (#5403),Bump ruff from 0.7.2 to 0.7.3 (#5403)
home-assistant/supervisor,9f414ee9da533e235e7fc6d046f0b096a5c8561d,2024-11,-2,pre,2024-11-12T07:13:53+01:00,2024-11-12T07:13:53+01:00,dependabot[bot],49699333+dependabot[bot]@users.noreply.github.com,GitHub,noreply@github.com,1,0,2,2,2,0,0,0,,,,,dependabot,0,5411,Bump setuptools from 75.3.0 to 75.4.0 (#5411),Bump setuptools from 75.3.0 to 75.4.0 (#5411)
home-assistant/supervisor,687d7652a04b49490cf5bd9c4b029ea89eb88baa,2024-11,-2,pre,2024-11-13T19:28:02+01:00,2024-11-13T12:28:02-06:00,u83254caa93d5a531,u83254caa93d5a531@users.invalid,GitHub,noreply@github.com,1,0,1,1,1,0,0,0,,,,,,0,5414,Bump aiohttp to 3.10.11 (#5414),Bump aiohttp to 3.10.11 (#5414)
home-assistant/supervisor,a8e7bb670e83a0c0b7019cfb4e9e529ca7382b3f,2024-11,-2,pre,2024-11-14T09:41:47+01:00,2024-11-14T03:41:47-05:00,ue1fc990c4f6dfd9c,ue1fc990c4f6dfd9c@users.invalid,GitHub,noreply@github.com,1,0,2,5,12,2,5,12,,,,,,0,5412,Remove unhealthy after failed update on startup (#5412),Remove unhealthy after failed update on startup (#5412)
home-assistant/supervisor,756a5f8836f179f70715eeee3bbcccd270a019a4,2024-11,-2,pre,2024-11-14T09:42:03+01:00,2024-11-14T03:42:03-05:00,ue1fc990c4f6dfd9c,ue1fc990c4f6dfd9c@users.invalid,GitHub,noreply@github.com,1,0,1,1,1,1,1,1,,,,,,0,5413,Increase time between update checks (#5413),Increase time between update checks (#5413)
home-assistant/supervisor,ca3e6da94305d2f692d473bab107723de42272b0,2024-11,-2,pre,2024-11-14T09:43:19-05:00,2024-11-14T09:43:19-05:00,dependabot[bot],49699333+dependabot[bot]@users.noreply.github.com,GitHub,noreply@github.com,1,0,2,2,2,0,0,0,,,,,dependabot,0,5417,Bump setuptools from 75.4.0 to 75.5.0 (#5417),"Bump setuptools from 75.4.0 to 75.5.0 (#5417)

Bumps [setuptools](https://github.com/pypa/setuptools) from 75.4.0 to 75.5.0.
- [Release notes](https://github.com/pypa/setuptools/releases)
- [Changelog](https://github.com/pypa/setuptools/blob/main/NEWS.rst)
- [Commits](https://github.com/pypa/setuptools/compare/v75.4.0...v75.5.0)

---
updated-dependencies:
- dependency-name: setuptools
  dependency-type: direct:production
  update-type: version-update:semver-minor
...

Signed-off-by: dependabot[bot] <support@github.com>
Co-authored-by: dependabot[bot] <49699333+dependabot[bot]@users.noreply.github.com>"
home-assistant/supervisor,5394cff29665204e43f81820a8344317d63fa1d5,2024-11,-2,pre,2024-11-15T09:40:59+01:00,2024-11-15T09:40:59+01:00,dependabot[bot],49699333+dependabot[bot]@users.noreply.github.com,GitHub,noreply@github.com,1,0,1,1,1,0,0,0,,,,,dependabot,0,5422,Bump codecov/codecov-action from 4.6.0 to 5.0.0 (#5422),"Bump codecov/codecov-action from 4.6.0 to 5.0.0 (#5422)

Co-authored-by: dependabot[bot] <49699333+dependabot[bot]@users.noreply.github.com>"
home-assistant/supervisor,93a0ae4030a535b108ab2e7e320fe01f21448430,2024-11,-2,pre,2024-11-15T09:44:08+01:00,2024-11-15T09:44:08+01:00,dependabot[bot],49699333+dependabot[bot]@users.noreply.github.com,GitHub,noreply@github.com,1,0,1,1,1,0,0,0,,,,,dependabot,0,5424,Bump coverage from 7.6.4 to 7.6.5 (#5424),"Bump coverage from 7.6.4 to 7.6.5 (#5424)

Co-authored-by: dependabot[bot] <49699333+dependabot[bot]@users.noreply.github.com>"
home-assistant/supervisor,fefb83558a43ef58b560313c5dfe878db101e8df,2024-11,-2,pre,2024-11-15T10:33:11+01:00,2024-11-15T10:33:11+01:00,dependabot[bot],49699333+dependabot[bot]@users.noreply.github.com,GitHub,noreply@github.com,1,0,1,1,1,0,0,0,,,,,dependabot,0,5421,Bump aiohttp from 3.10.11 to 3.11.2 (#5421),"Bump aiohttp from 3.10.11 to 3.11.2 (#5421)

Co-authored-by: dependabot[bot] <49699333+dependabot[bot]@users.noreply.github.com>"
home-assistant/supervisor,ed34348c8091a1d2aad1c4659998bedbb1a024b7,2024-11,-2,pre,2024-11-18T07:59:39+01:00,2024-11-18T07:59:39+01:00,dependabot[bot],49699333+dependabot[bot]@users.noreply.github.com,GitHub,noreply@github.com,1,0,1,1,1,0,0,0,,,,,dependabot,0,5429,Bump coverage from 7.6.5 to 7.6.7 (#5429),Bump coverage from 7.6.5 to 7.6.7 (#5429)
home-assistant/supervisor,12d7496cd108b7c732b9c089bbc4a3dd75c175e9,2024-11,-2,pre,2024-11-18T08:55:35+01:00,2024-11-18T08:55:35+01:00,dependabot[bot],49699333+dependabot[bot]@users.noreply.github.com,GitHub,noreply@github.com,1,0,1,1,1,0,0,0,,,,,dependabot,0,5427,Bump codecov/codecov-action from 5.0.0 to 5.0.2 (#5427),"Bump codecov/codecov-action from 5.0.0 to 5.0.2 (#5427)

Co-authored-by: dependabot[bot] <49699333+dependabot[bot]@users.noreply.github.com>"
home-assistant/supervisor,0843971e959c5f4e8bc100d56193fbafe70d8b34,2024-11,-2,pre,2024-11-18T08:56:01+01:00,2024-11-18T08:56:01+01:00,dependabot[bot],49699333+dependabot[bot]@users.noreply.github.com,GitHub,noreply@github.com,1,0,1,1,1,0,0,0,,,,,dependabot,0,5430,Bump dbus-fast from 2.24.3 to 2.24.4 (#5430),"Bump dbus-fast from 2.24.3 to 2.24.4 (#5430)

Co-authored-by: dependabot[bot] <49699333+dependabot[bot]@users.noreply.github.com>"
home-assistant/supervisor,3b6c5d5d33b7b6e65fb05c1ec8ed6a7ac11b5920,2024-11,-2,pre,2024-11-18T08:57:09+01:00,2024-11-18T08:57:09+01:00,dependabot[bot],49699333+dependabot[bot]@users.noreply.github.com,GitHub,noreply@github.com,1,0,1,1,1,0,0,0,,,,,dependabot,0,5428,Bump ruff from 0.7.3 to 0.7.4 (#5428),"Bump ruff from 0.7.3 to 0.7.4 (#5428)

Co-authored-by: dependabot[bot] <49699333+dependabot[bot]@users.noreply.github.com>"
home-assistant/supervisor,4e0de93096dc69c257056b36eff0c19b47006850,2024-11,-2,pre,2024-11-19T08:26:46+01:00,2024-11-19T08:26:46+01:00,dependabot[bot],49699333+dependabot[bot]@users.noreply.github.com,GitHub,noreply@github.com,1,0,1,1,1,0,0,0,,,,,dependabot,0,5434,Bump aiohttp from 3.11.2 to 3.11.4 (#5434),"Bump aiohttp from 3.11.2 to 3.11.4 (#5434)

Co-authored-by: dependabot[bot] <49699333+dependabot[bot]@users.noreply.github.com>"
home-assistant/supervisor,209cddc843423481f570cf8180ba5a0323ae356e,2024-11,-2,pre,2024-11-20T08:45:11+01:00,2024-11-20T08:45:11+01:00,dependabot[bot],49699333+dependabot[bot]@users.noreply.github.com,GitHub,noreply@github.com,1,0,1,1,1,0,0,0,,,,,dependabot,0,5437,Bump codecov/codecov-action from 5.0.2 to 5.0.4 (#5437),"Bump codecov/codecov-action from 5.0.2 to 5.0.4 (#5437)

Co-authored-by: dependabot[bot] <49699333+dependabot[bot]@users.noreply.github.com>"
home-assistant/supervisor,0f1fed525cfa88e6c5991ae3b83a9d192da555a3,2024-11,-2,pre,2024-11-20T09:06:59+01:00,2024-11-20T09:06:59+01:00,dependabot[bot],49699333+dependabot[bot]@users.noreply.github.com,GitHub,noreply@github.com,1,0,1,1,1,0,0,0,,,,,dependabot,0,5436,Bump aiohttp from 3.11.4 to 3.11.6 (#5436),"Bump aiohttp from 3.11.4 to 3.11.6 (#5436)

Co-authored-by: dependabot[bot] <49699333+dependabot[bot]@users.noreply.github.com>"
home-assistant/supervisor,0a663b5c27e7a3e757f26dc2bcc8a521058c6a50,2024-11,-2,pre,2024-11-21T08:06:37+01:00,2024-11-21T08:06:37+01:00,dependabot[bot],49699333+dependabot[bot]@users.noreply.github.com,GitHub,noreply@github.com,1,0,1,1,1,0,0,0,,,,,dependabot,0,5441,Bump codecov/codecov-action from 5.0.4 to 5.0.7 (#5441),"Bump codecov/codecov-action from 5.0.4 to 5.0.7 (#5441)

Co-authored-by: dependabot[bot] <49699333+dependabot[bot]@users.noreply.github.com>"
home-assistant/supervisor,a45d507bee8ddcaebabe67184fa98cfdfad2b778,2024-11,-2,pre,2024-11-21T08:12:18+01:00,2024-11-21T08:12:18+01:00,dependabot[bot],49699333+dependabot[bot]@users.noreply.github.com,GitHub,noreply@github.com,1,0,2,2,2,0,0,0,,,,,dependabot,0,5440,Bump setuptools from 75.5.0 to 75.6.0 (#5440),"Bump setuptools from 75.5.0 to 75.6.0 (#5440)

Co-authored-by: dependabot[bot] <49699333+dependabot[bot]@users.noreply.github.com>"
home-assistant/supervisor,5519f6a53b942fae91d56bcff8d2ecc231c314f2,2024-11,-2,pre,2024-11-21T18:14:20-05:00,2024-11-21T18:14:20-05:00,ue1fc990c4f6dfd9c,ue1fc990c4f6dfd9c@users.invalid,GitHub,noreply@github.com,1,0,28,675,89,20,346,78,,,,,,0,5438,Add support for cloud backups in Core (#5438),"Add support for cloud backups in Core (#5438)

* Add support for cloud backups in Core

* Test cases and small fixes identified

* Add test for partial reload no file failure"
home-assistant/supervisor,29117bb90b823e5aa372519fca3ddba348021194,2024-11,-2,pre,2024-11-22T08:43:26+01:00,2024-11-22T08:43:26+01:00,dependabot[bot],49699333+dependabot[bot]@users.noreply.github.com,GitHub,noreply@github.com,1,0,1,1,1,0,0,0,,,,,dependabot,0,5445,Bump securetar from 2024.2.1 to 2024.11.0 (#5445),"Bump securetar from 2024.2.1 to 2024.11.0 (#5445)

Co-authored-by: dependabot[bot] <49699333+dependabot[bot]@users.noreply.github.com>"
home-assistant/supervisor,56f3d384d62ad41e512afe6b655e8cf400b7539e,2024-11,-2,pre,2024-11-22T08:43:45+01:00,2024-11-22T08:43:45+01:00,dependabot[bot],49699333+dependabot[bot]@users.noreply.github.com,GitHub,noreply@github.com,1,0,1,1,1,0,0,0,,,,,dependabot,0,5442,Bump aiohttp from 3.11.6 to 3.11.7 (#5442),"Bump aiohttp from 3.11.6 to 3.11.7 (#5442)

Co-authored-by: dependabot[bot] <49699333+dependabot[bot]@users.noreply.github.com>"
home-assistant/supervisor,0b5b5f7fd48b57cf38747797a11c038e5d223005,2024-11,-2,pre,2024-11-22T08:52:40+01:00,2024-11-22T08:52:40+01:00,dependabot[bot],49699333+dependabot[bot]@users.noreply.github.com,GitHub,noreply@github.com,1,0,1,1,1,0,0,0,,,,,dependabot,0,5443,Bump sentry-sdk from 2.18.0 to 2.19.0 (#5443),"Bump sentry-sdk from 2.18.0 to 2.19.0 (#5443)

Co-authored-by: dependabot[bot] <49699333+dependabot[bot]@users.noreply.github.com>"
home-assistant/supervisor,7a55f58a5f820c9fdcf81b91fc4f51d8d2ddcb72,2024-11,-2,pre,2024-11-22T08:55:42+01:00,2024-11-22T08:55:42+01:00,dependabot[bot],49699333+dependabot[bot]@users.noreply.github.com,GitHub,noreply@github.com,1,0,1,1,1,0,0,0,,,,,dependabot,0,5444,Bump debugpy from 1.8.8 to 1.8.9 (#5444),"Bump debugpy from 1.8.8 to 1.8.9 (#5444)

Co-authored-by: dependabot[bot] <49699333+dependabot[bot]@users.noreply.github.com>"
home-assistant/supervisor,d11d59dd92195efc54344f2af0b7ed69624e1302,2024-11,-2,pre,2024-11-22T09:54:21-05:00,2024-11-22T09:54:21-05:00,ue1fc990c4f6dfd9c,ue1fc990c4f6dfd9c@users.invalid,GitHub,noreply@github.com,1,0,1,3,1,1,3,1,,,,,,0,5446,Add null check on user path in mounts (#5446),Add null check on user path in mounts (#5446)
home-assistant/supervisor,ec7241c0fd2341a07afdcec4716a927787b20775,2024-11,-2,pre,2024-11-25T08:51:31+01:00,2024-11-25T08:51:31+01:00,dependabot[bot],49699333+dependabot[bot]@users.noreply.github.com,GitHub,noreply@github.com,1,0,1,1,1,0,0,0,,,,,dependabot,0,5450,Bump ruff from 0.7.4 to 0.8.0 (#5450),"Bump ruff from 0.7.4 to 0.8.0 (#5450)

Bumps [ruff](https://github.com/astral-sh/ruff) from 0.7.4 to 0.8.0.
- [Release notes](https://github.com/astral-sh/ruff/releases)
- [Changelog](https://github.com/astral-sh/ruff/blob/main/CHANGELOG.md)
- [Commits](https://github.com/astral-sh/ruff/compare/0.7.4...0.8.0)

---
updated-dependencies:
- dependency-name: ruff
  dependency-type: direct:production
  update-type: version-update:semver-minor
...

Signed-off-by: dependabot[bot] <support@github.com>
Co-authored-by: dependabot[bot] <49699333+dependabot[bot]@users.noreply.github.com>"
home-assistant/supervisor,42e704d563955d40c6c19020f22140fc1d7a4543,2024-11,-2,pre,2024-11-26T00:47:00+01:00,2024-11-25T18:47:00-05:00,ue1fc990c4f6dfd9c,ue1fc990c4f6dfd9c@users.invalid,GitHub,noreply@github.com,1,0,1,4,2,0,0,0,,,,,,0,5453,Fix flaky backup test (#5453),Fix flaky backup test (#5453)
home-assistant/supervisor,11ca772ada22e818660c0e37cc39c0820df1843f,2024-11,-2,pre,2024-11-26T09:08:12+01:00,2024-11-26T03:08:12-05:00,ue1fc990c4f6dfd9c,ue1fc990c4f6dfd9c@users.invalid,GitHub,noreply@github.com,1,0,2,3,3,1,1,1,,,,,,0,5452,Disable backup complete ws message (#5452),Disable backup complete ws message (#5452)
home-assistant/supervisor,28299affef36cb48fefe29a2e7816f9efed42afb,2024-11,-2,pre,2024-11-28T07:35:49+01:00,2024-11-28T07:35:49+01:00,dependabot[bot],49699333+dependabot[bot]@users.noreply.github.com,GitHub,noreply@github.com,1,0,1,1,1,0,0,0,,,,,dependabot,0,5457,Bump aiohttp from 3.11.7 to 3.11.8 (#5457),Bump aiohttp from 3.11.7 to 3.11.8 (#5457)
home-assistant/supervisor,3a904383afce0498df4d4dd2fa277ff4232200f9,2024-12,-1,pre,2024-12-01T16:47:50-06:00,2024-12-01T16:47:50-06:00,dependabot[bot],49699333+dependabot[bot]@users.noreply.github.com,GitHub,noreply@github.com,1,0,1,1,1,0,0,0,,,,,dependabot,0,5459,Bump ruff from 0.8.0 to 0.8.1 (#5459),"Bump ruff from 0.8.0 to 0.8.1 (#5459)

Co-authored-by: dependabot[bot] <49699333+dependabot[bot]@users.noreply.github.com>"
home-assistant/supervisor,623c532c9ea6cb3ff4970463fda6c8d8b9e20100,2024-12,-1,pre,2024-12-02T08:05:04+01:00,2024-12-02T08:05:04+01:00,dependabot[bot],49699333+dependabot[bot]@users.noreply.github.com,GitHub,noreply@github.com,1,0,1,1,1,0,0,0,,,,,dependabot,0,5460,Bump pylint from 3.3.1 to 3.3.2 (#5460),Bump pylint from 3.3.1 to 3.3.2 (#5460)
home-assistant/supervisor,8fe1cfbb206f8dbe1bbfee679054495421d46800,2024-12,-1,pre,2024-12-02T08:41:58+01:00,2024-12-02T08:41:58+01:00,dependabot[bot],49699333+dependabot[bot]@users.noreply.github.com,GitHub,noreply@github.com,1,0,1,1,1,0,0,0,,,,,dependabot,0,5451,Bump coverage from 7.6.7 to 7.6.8 (#5451),Bump coverage from 7.6.7 to 7.6.8 (#5451)
home-assistant/supervisor,4195c0fb331241897c44a0adaed7e314b5258978,2024-12,-1,pre,2024-12-02T08:42:13+01:00,2024-12-02T08:42:13+01:00,dependabot[bot],49699333+dependabot[bot]@users.noreply.github.com,GitHub,noreply@github.com,1,0,1,1,1,0,0,0,,,,,dependabot,0,5462,Bump pytest from 8.3.3 to 8.3.4 (#5462),Bump pytest from 8.3.3 to 8.3.4 (#5462)
home-assistant/supervisor,7af4b174303ced52cb4fddcd8a5549b565e3bb00,2024-12,-1,pre,2024-12-02T13:15:27+01:00,2024-12-02T13:15:27+01:00,dependabot[bot],49699333+dependabot[bot]@users.noreply.github.com,GitHub,noreply@github.com,1,0,1,1,1,0,0,0,,,,,dependabot,0,5456,Bump cryptography from 43.0.3 to 44.0.0 (#5456),"Bump cryptography from 43.0.3 to 44.0.0 (#5456)

Co-authored-by: dependabot[bot] <49699333+dependabot[bot]@users.noreply.github.com>"
home-assistant/supervisor,9b52fee0a3e63d88c75a860f935294b195b5b4c4,2024-12,-1,pre,2024-12-02T14:43:08+01:00,2024-12-02T14:43:08+01:00,dependabot[bot],49699333+dependabot[bot]@users.noreply.github.com,GitHub,noreply@github.com,1,0,1,1,1,0,0,0,,,,,dependabot,0,5461,Bump aiohttp from 3.11.8 to 3.11.9 (#5461),"Bump aiohttp from 3.11.8 to 3.11.9 (#5461)

Co-authored-by: dependabot[bot] <49699333+dependabot[bot]@users.noreply.github.com>"
home-assistant/supervisor,6e32144e9a07c46b8105bfbd5b91adec091aa9e5,2024-12,-1,pre,2024-12-05T00:07:04-05:00,2024-12-05T00:07:04-05:00,ue1fc990c4f6dfd9c,ue1fc990c4f6dfd9c@users.invalid,GitHub,noreply@github.com,1,0,22,587,335,15,338,180,,,,,,0,5464,Fix and extend cloud backup support (#5464),"Fix and extend cloud backup support (#5464)

* Fix and extend cloud backup support

* Clean up task for cloud backup and remove by location

* Args to kwargs on backup methods

* Fix backup remove error test and typing clean up"
home-assistant/supervisor,5e780293c78ac6596f013269a494a43f5e4546be,2024-12,-1,pre,2024-12-05T23:44:19-05:00,2024-12-05T22:44:19-06:00,u83254caa93d5a531,u83254caa93d5a531@users.invalid,GitHub,noreply@github.com,1,0,1,1,1,0,0,0,,,,,,0,5466,Bump aiohttp to 3.11.10 (#5466),"Bump aiohttp to 3.11.10 (#5466)

changelog: https://github.com/aio-libs/aiohttp/compare/v3.11.9...v3.11.10"
home-assistant/supervisor,b68caecbcef5b276b6663a8bff1f71d84eeb8c13,2024-12,-1,pre,2024-12-06T08:22:16+01:00,2024-12-06T08:22:16+01:00,dependabot[bot],49699333+dependabot[bot]@users.noreply.github.com,GitHub,noreply@github.com,1,0,1,13,13,0,0,0,,,,,dependabot,0,5469,Bump actions/cache from 4.1.2 to 4.2.0 (#5469),Bump actions/cache from 4.1.2 to 4.2.0 (#5469)
home-assistant/supervisor,3201061ada2e54a2be8b84f15beca19cd2ac5f06,2024-12,-1,pre,2024-12-06T08:22:42+01:00,2024-12-06T08:22:42+01:00,dependabot[bot],49699333+dependabot[bot]@users.noreply.github.com,GitHub,noreply@github.com,1,0,1,1,1,0,0,0,,,,,dependabot,0,5470,Bump codecov/codecov-action from 5.0.7 to 5.1.1 (#5470),Bump codecov/codecov-action from 5.0.7 to 5.1.1 (#5470)
home-assistant/supervisor,8115fd98bc690c78e0a27305c3a3f32acd1b906f,2024-12,-1,pre,2024-12-06T11:51:11-06:00,2024-12-06T11:51:11-06:00,dependabot[bot],49699333+dependabot[bot]@users.noreply.github.com,GitHub,noreply@github.com,1,0,1,1,1,0,0,0,,,,,dependabot,0,5468,Bump ruff from 0.8.1 to 0.8.2 (#5468),"Bump ruff from 0.8.1 to 0.8.2 (#5468)

Co-authored-by: dependabot[bot] <49699333+dependabot[bot]@users.noreply.github.com>"
home-assistant/supervisor,ae60e947f3ada71f008e08d8e0de43388cc7a79a,2024-12,-1,pre,2024-12-06T11:51:27-06:00,2024-12-06T11:51:27-06:00,dependabot[bot],49699333+dependabot[bot]@users.noreply.github.com,GitHub,noreply@github.com,1,0,1,1,1,0,0,0,,,,,dependabot,0,5467,Bump sentry-sdk from 2.19.0 to 2.19.1 (#5467),"Bump sentry-sdk from 2.19.0 to 2.19.1 (#5467)

Co-authored-by: dependabot[bot] <49699333+dependabot[bot]@users.noreply.github.com>"
home-assistant/supervisor,5a22599b9325ae0b9dcd8e5ec8b0298e51bd99b7,2024-12,-1,pre,2024-12-06T21:19:14+01:00,2024-12-06T21:19:14+01:00,dependabot[bot],49699333+dependabot[bot]@users.noreply.github.com,GitHub,noreply@github.com,1,0,1,1,1,0,0,0,,,,,dependabot,0,5449,Bump orjson from 3.10.7 to 3.10.12 (#5449),"Bump orjson from 3.10.7 to 3.10.12 (#5449)

Co-authored-by: dependabot[bot] <49699333+dependabot[bot]@users.noreply.github.com>"
home-assistant/supervisor,d44e995aed60fc39c789529f70e79f17380a60a4,2024-12,-1,pre,2024-12-07T10:27:23+01:00,2024-12-07T04:27:23-05:00,ue1fc990c4f6dfd9c,ue1fc990c4f6dfd9c@users.invalid,GitHub,noreply@github.com,1,0,5,53,6,3,12,2,,,,,,0,5473,Add size in bytes to backups (#5473),Add size in bytes to backups (#5473)
home-assistant/supervisor,3bf3bffabf5d8663ebf92296a26f0d4c5476797c,2024-12,-1,pre,2024-12-09T08:17:26+01:00,2024-12-09T08:17:26+01:00,dependabot[bot],49699333+dependabot[bot]@users.noreply.github.com,GitHub,noreply@github.com,1,0,1,1,1,0,0,0,,,,,dependabot,0,5475,Bump coverage from 7.6.8 to 7.6.9 (#5475),"Bump coverage from 7.6.8 to 7.6.9 (#5475)

Co-authored-by: dependabot[bot] <49699333+dependabot[bot]@users.noreply.github.com>"
home-assistant/supervisor,9008009727e5aa3980594db62d76a3d730d7962a,2024-12,-1,pre,2024-12-09T08:27:33+01:00,2024-12-09T08:27:33+01:00,dependabot[bot],49699333+dependabot[bot]@users.noreply.github.com,GitHub,noreply@github.com,1,0,1,1,1,0,0,0,,,,,dependabot,0,5476,Bump sentry-sdk from 2.19.1 to 2.19.2 (#5476),"Bump sentry-sdk from 2.19.1 to 2.19.2 (#5476)

Co-authored-by: dependabot[bot] <49699333+dependabot[bot]@users.noreply.github.com>"
home-assistant/supervisor,1f893117cc1fab8582d2e3815ce6c00566c7f15d,2024-12,-1,pre,2024-12-09T10:03:49+01:00,2024-12-09T04:03:49-05:00,ue1fc990c4f6dfd9c,ue1fc990c4f6dfd9c@users.invalid,GitHub,noreply@github.com,1,0,2,33,2,1,2,2,,,,,,0,5472,Fix backup consolidate and upload duplicate (#5472),Fix backup consolidate and upload duplicate (#5472)
home-assistant/supervisor,829193fe841a44581bf1cecf0c888f0758ff072c,2024-12,-1,pre,2024-12-09T15:09:54+01:00,2024-12-09T09:09:54-05:00,ue1fc990c4f6dfd9c,ue1fc990c4f6dfd9c@users.invalid,GitHub,noreply@github.com,1,0,8,341,11,5,101,8,,,,,,0,5419,Support CGroup v2 on Supervised with manual restarts (#5419),Support CGroup v2 on Supervised with manual restarts (#5419)
home-assistant/supervisor,045454b5975b4a63a9ed29557e27b8c450765495,2024-12,-1,pre,2024-12-10T08:24:28+01:00,2024-12-10T08:24:28+01:00,dependabot[bot],49699333+dependabot[bot]@users.noreply.github.com,GitHub,noreply@github.com,1,0,1,1,1,0,0,0,,,,,dependabot,0,5478,Bump ciso8601 from 2.3.1 to 2.3.2 (#5478),"Bump ciso8601 from 2.3.1 to 2.3.2 (#5478)

Co-authored-by: dependabot[bot] <49699333+dependabot[bot]@users.noreply.github.com>"
home-assistant/supervisor,774aef74e8abb145a3a6cf4e21a0e8cba5f8acfe,2024-12,-1,pre,2024-12-10T22:30:07+01:00,2024-12-10T16:30:07-05:00,ue1fc990c4f6dfd9c,ue1fc990c4f6dfd9c@users.invalid,GitHub,noreply@github.com,1,0,3,26,2,2,8,2,,,,,,0,5479,Backup not found returns 404 instead of 400 (#5479),Backup not found returns 404 instead of 400 (#5479)
home-assistant/supervisor,02ceb713eae7027869b2288c5aedb967298a61fe,2024-12,-1,pre,2024-12-12T19:44:40+01:00,2024-12-12T13:44:40-05:00,ue1fc990c4f6dfd9c,ue1fc990c4f6dfd9c@users.invalid,GitHub,noreply@github.com,1,0,3,90,10,1,24,4,,,,,,0,5482,Add location to backup download and remove APIs (#5482),Add location to backup download and remove APIs (#5482)
home-assistant/supervisor,7ab5555087e8046f81be6ec47527f70d196ce3f7,2024-12,-1,pre,2024-12-13T09:22:18+01:00,2024-12-13T09:22:18+01:00,dependabot[bot],49699333+dependabot[bot]@users.noreply.github.com,GitHub,noreply@github.com,1,0,1,1,1,0,0,0,,,,,dependabot,0,5483,Bump ruff from 0.8.2 to 0.8.3 (#5483),"Bump ruff from 0.8.2 to 0.8.3 (#5483)

Co-authored-by: dependabot[bot] <49699333+dependabot[bot]@users.noreply.github.com>"
home-assistant/supervisor,5e6bef71897ba899389bd685124b8c5b78725f8f,2024-12,-1,pre,2024-12-16T07:27:26+01:00,2024-12-16T07:27:26+01:00,dependabot[bot],49699333+dependabot[bot]@users.noreply.github.com,GitHub,noreply@github.com,1,0,1,1,1,0,0,0,,,,,dependabot,0,5488,Bump debugpy from 1.8.9 to 1.8.11 (#5488),Bump debugpy from 1.8.9 to 1.8.11 (#5488)
home-assistant/supervisor,90590ae2def02ec89b09e4244cf67cae4916614a,2024-12,-1,pre,2024-12-16T18:25:58+01:00,2024-12-16T12:25:58-05:00,ue1fc990c4f6dfd9c,ue1fc990c4f6dfd9c@users.invalid,GitHub,noreply@github.com,1,0,2,49,41,1,8,1,,,,,,0,5490,Add all addons flag to partial backups (#5490),Add all addons flag to partial backups (#5490)
home-assistant/supervisor,de688687882d86beff10d01c8c0d393a336ba0ef,2024-12,-1,pre,2024-12-17T11:09:32+01:00,2024-12-17T05:09:32-05:00,ue1fc990c4f6dfd9c,ue1fc990c4f6dfd9c@users.invalid,GitHub,noreply@github.com,1,0,5,124,46,3,76,45,,,,,,0,5491,Restore backup from specific location (#5491),Restore backup from specific location (#5491)
home-assistant/supervisor,d8101ddba8ba093aa89289f08a00cbe35b05a8ed,2024-12,-1,pre,2024-12-17T11:18:32+01:00,2024-12-17T05:18:32-05:00,ue1fc990c4f6dfd9c,ue1fc990c4f6dfd9c@users.invalid,GitHub,noreply@github.com,1,0,18,376,141,9,96,80,,,,,,0,5480,Use status 404 in more places when appropriate (#5480),Use status 404 in more places when appropriate (#5480)
home-assistant/supervisor,031ad0dbe61a86a2af57a74ce61cee4bef28c4d9,2024-12,-1,pre,2024-12-17T14:11:40+01:00,2024-12-17T14:11:40+01:00,dependabot[bot],49699333+dependabot[bot]@users.noreply.github.com,GitHub,noreply@github.com,1,0,1,1,1,0,0,0,,,,,dependabot,0,5492,Bump attrs from 24.2.0 to 24.3.0 (#5492),"Bump attrs from 24.2.0 to 24.3.0 (#5492)

Bumps [attrs](https://github.com/sponsors/hynek) from 24.2.0 to 24.3.0.
- [Commits](https://github.com/sponsors/hynek/commits)

---
updated-dependencies:
- dependency-name: attrs
  dependency-type: direct:production
  update-type: version-update:semver-minor
...

Signed-off-by: dependabot[bot] <support@github.com>
Co-authored-by: dependabot[bot] <49699333+dependabot[bot]@users.noreply.github.com>"
home-assistant/supervisor,ca6ae7f4ce129b6d51f72ea04fc3bb5692659b88,2024-12,-1,pre,2024-12-18T07:45:01+01:00,2024-12-18T07:45:01+01:00,dependabot[bot],49699333+dependabot[bot]@users.noreply.github.com,GitHub,noreply@github.com,1,0,1,1,1,0,0,0,,,,,dependabot,0,5494,Bump actions/upload-artifact from 4.4.3 to 4.5.0 (#5494),Bump actions/upload-artifact from 4.4.3 to 4.5.0 (#5494)
home-assistant/supervisor,3c1920e4e1b4324eb926dffa66ff562c9429b6d2,2024-12,-1,pre,2024-12-18T15:54:40+01:00,2024-12-18T15:54:40+01:00,ue9acf10ae3811d11,ue9acf10ae3811d11@users.invalid,GitHub,noreply@github.com,1,0,3308,2368,2431,0,0,0,,,,,,0,5495,Bump frontend to 20241127.8 release (#5495),Bump frontend to 20241127.8 release (#5495)
home-assistant/supervisor,c5b85b28312c1563b30bed8c980254d138143383,2024-12,-1,pre,2024-12-18T23:14:36+01:00,2024-12-18T12:14:36-10:00,u83254caa93d5a531,u83254caa93d5a531@users.invalid,GitHub,noreply@github.com,1,0,1,1,1,0,0,0,,,,,,0,5498,Bump aiohttp to 3.11.11 (#5498),"Bump aiohttp to 3.11.11 (#5498)

changelog: https://github.com/aio-libs/aiohttp/compare/v3.11.10...v3.11.11

https://github.com/aio-libs/aiohttp/releases/tag/v3.11.11"
home-assistant/supervisor,a631dea01af4694f9e232d97bb58b71e8b27ea7a,2024-12,-1,pre,2024-12-19T18:40:22+01:00,2024-12-19T18:40:22+01:00,dependabot[bot],49699333+dependabot[bot]@users.noreply.github.com,GitHub,noreply@github.com,1,0,1,1,1,0,0,0,,,,,dependabot,0,5499,Bump codecov/codecov-action from 5.1.1 to 5.1.2 (#5499),"Bump codecov/codecov-action from 5.1.1 to 5.1.2 (#5499)

Bumps [codecov/codecov-action](https://github.com/codecov/codecov-action) from 5.1.1 to 5.1.2.
- [Release notes](https://github.com/codecov/codecov-action/releases)
- [Changelog](https://github.com/codecov/codecov-action/blob/main/CHANGELOG.md)
- [Commits](https://github.com/codecov/codecov-action/compare/v5.1.1...v5.1.2)

---
updated-dependencies:
- dependency-name: codecov/codecov-action
  dependency-type: direct:production
  update-type: version-update:semver-patch
...

Signed-off-by: dependabot[bot] <support@github.com>
Co-authored-by: dependabot[bot] <49699333+dependabot[bot]@users.noreply.github.com>"
home-assistant/supervisor,5993818c168e30933edcdbe58190863176a2e344,2024-12,-1,pre,2024-12-20T10:23:28+01:00,2024-12-20T10:23:28+01:00,dependabot[bot],49699333+dependabot[bot]@users.noreply.github.com,GitHub,noreply@github.com,1,0,1,1,1,0,0,0,,,,,dependabot,0,5500,Bump ruff from 0.8.3 to 0.8.4 (#5500),"Bump ruff from 0.8.3 to 0.8.4 (#5500)

Co-authored-by: dependabot[bot] <49699333+dependabot[bot]@users.noreply.github.com>"
home-assistant/supervisor,53ccc5249a7ff07bdddeabd576681872404eccf6,2024-12,-1,pre,2024-12-23T12:27:49+01:00,2024-12-23T12:27:49+01:00,ue9acf10ae3811d11,ue9acf10ae3811d11@users.invalid,GitHub,noreply@github.com,1,0,1,1,0,0,0,0,,,,,,0,5506,Add astroid to pytest requirements (#5506),Add astroid to pytest requirements (#5506)
home-assistant/supervisor,dfe9e94f87f0643543598d2add38c5d7c282762a,2024-12,-1,pre,2024-12-23T12:40:38+01:00,2024-12-23T12:40:38+01:00,dependabot[bot],49699333+dependabot[bot]@users.noreply.github.com,GitHub,noreply@github.com,1,0,1,1,1,0,0,0,,,,,dependabot,0,5503,Bump jinja2 from 3.1.4 to 3.1.5 (#5503),"Bump jinja2 from 3.1.4 to 3.1.5 (#5503)

Bumps [jinja2](https://github.com/pallets/jinja) from 3.1.4 to 3.1.5.
- [Release notes](https://github.com/pallets/jinja/releases)
- [Changelog](https://github.com/pallets/jinja/blob/main/CHANGES.rst)
- [Commits](https://github.com/pallets/jinja/compare/3.1.4...3.1.5)

---
updated-dependencies:
- dependency-name: jinja2
  dependency-type: direct:production
  update-type: version-update:semver-patch
...

Signed-off-by: dependabot[bot] <support@github.com>
Co-authored-by: dependabot[bot] <49699333+dependabot[bot]@users.noreply.github.com>"
home-assistant/supervisor,b44e6d8cd330aa76eb9cc907292d3235d6d89861,2024-12,-1,pre,2024-12-23T12:40:52+01:00,2024-12-23T12:40:52+01:00,dependabot[bot],49699333+dependabot[bot]@users.noreply.github.com,GitHub,noreply@github.com,1,0,1,1,1,0,0,0,,,,,dependabot,0,5504,Bump urllib3 from 2.2.3 to 2.3.0 (#5504),"Bump urllib3 from 2.2.3 to 2.3.0 (#5504)

Bumps [urllib3](https://github.com/urllib3/urllib3) from 2.2.3 to 2.3.0.
- [Release notes](https://github.com/urllib3/urllib3/releases)
- [Changelog](https://github.com/urllib3/urllib3/blob/main/CHANGES.rst)
- [Commits](https://github.com/urllib3/urllib3/compare/2.2.3...2.3.0)

---
updated-dependencies:
- dependency-name: urllib3
  dependency-type: direct:production
  update-type: version-update:semver-minor
...

Signed-off-by: dependabot[bot] <support@github.com>
Co-authored-by: dependabot[bot] <49699333+dependabot[bot]@users.noreply.github.com>"
home-assistant/supervisor,0f77021bccc9e138057cb74c1f223ac0a142543e,2024-12,-1,pre,2024-12-23T14:26:07+01:00,2024-12-23T14:26:07+01:00,dependabot[bot],49699333+dependabot[bot]@users.noreply.github.com,GitHub,noreply@github.com,1,0,2,5,1,0,0,0,,,,,dependabot,0,5507,Bump astroid from 3.3.6 to 3.3.7 (#5507),"Bump astroid from 3.3.6 to 3.3.7 (#5507)

Co-authored-by: dependabot[bot] <49699333+dependabot[bot]@users.noreply.github.com>
Co-authored-by: ue9acf10ae3811d11 <ue9acf10ae3811d11@users.invalid>"
home-assistant/supervisor,d0b7cc8ab34917303349cdc406c0d61163dce233,2024-12,-1,pre,2024-12-24T08:18:42+01:00,2024-12-24T08:18:42+01:00,dependabot[bot],49699333+dependabot[bot]@users.noreply.github.com,GitHub,noreply@github.com,1,0,1,1,1,0,0,0,,,,,dependabot,0,5510,Bump astroid from 3.3.7 to 3.3.8 (#5510),Bump astroid from 3.3.7 to 3.3.8 (#5510)
home-assistant/supervisor,b6c2259bd7618bdc552e5f3dd7b243f8d9ab4f4b,2024-12,-1,pre,2024-12-24T09:00:09+01:00,2024-12-24T09:00:09+01:00,dependabot[bot],49699333+dependabot[bot]@users.noreply.github.com,GitHub,noreply@github.com,1,0,1,1,1,0,0,0,,,,,dependabot,0,5511,Bump pylint from 3.3.2 to 3.3.3 (#5511),"Bump pylint from 3.3.2 to 3.3.3 (#5511)

Co-authored-by: dependabot[bot] <49699333+dependabot[bot]@users.noreply.github.com>"
home-assistant/supervisor,c06fb069ab45a329ff242af0c9439396cf1761bf,2024-12,-1,pre,2024-12-27T08:03:29+01:00,2024-12-27T08:03:29+01:00,dependabot[bot],49699333+dependabot[bot]@users.noreply.github.com,GitHub,noreply@github.com,1,0,1,1,1,0,0,0,,,,,dependabot,0,5513,Bump coverage from 7.6.9 to 7.6.10 (#5513),Bump coverage from 7.6.9 to 7.6.10 (#5513)
home-assistant/supervisor,c7cf1e7593645dbbe00ee183c7341e21cdd50348,2024-12,-1,pre,2024-12-30T09:28:16+01:00,2024-12-30T09:28:16+01:00,dependabot[bot],49699333+dependabot[bot]@users.noreply.github.com,GitHub,noreply@github.com,1,0,1,1,1,0,0,0,,,,,dependabot,0,5512,Bump pulsectl from 24.11.0 to 24.12.0 (#5512),"Bump pulsectl from 24.11.0 to 24.12.0 (#5512)

Bumps [pulsectl](https://github.com/mk-fg/python-pulse-control) from 24.11.0 to 24.12.0.
- [Changelog](https://github.com/mk-fg/python-pulse-control/blob/master/CHANGES.rst)
- [Commits](https://github.com/mk-fg/python-pulse-control/compare/24.11.0...24.12.0)

---
updated-dependencies:
- dependency-name: pulsectl
  dependency-type: direct:production
  update-type: version-update:semver-minor
...

Signed-off-by: dependabot[bot] <support@github.com>
Co-authored-by: dependabot[bot] <49699333+dependabot[bot]@users.noreply.github.com>"
home-assistant/supervisor,dbd37d657515aca26eeabe5a3cdb239128b34a41,2024-12,-1,pre,2024-12-30T11:16:25+01:00,2024-12-30T11:16:25+01:00,dependabot[bot],49699333+dependabot[bot]@users.noreply.github.com,GitHub,noreply@github.com,1,0,1,1,1,0,0,0,,,,,dependabot,0,5514,Bump orjson from 3.10.12 to 3.10.13 (#5514),"Bump orjson from 3.10.12 to 3.10.13 (#5514)

Bumps [orjson](https://github.com/ijl/orjson) from 3.10.12 to 3.10.13.
- [Release notes](https://github.com/ijl/orjson/releases)
- [Changelog](https://github.com/ijl/orjson/blob/master/CHANGELOG.md)
- [Commits](https://github.com/ijl/orjson/compare/3.10.12...3.10.13)

---
updated-dependencies:
- dependency-name: orjson
  dependency-type: direct:production
  update-type: version-update:semver-patch
...

Signed-off-by: dependabot[bot] <support@github.com>
Co-authored-by: dependabot[bot] <49699333+dependabot[bot]@users.noreply.github.com>"
home-assistant/supervisor,578383411cb339bf5a8eff6d8d1c4f41d3c1bc1d,2024-12,-1,pre,2024-12-30T14:18:11+01:00,2024-12-30T14:18:11+01:00,ue9acf10ae3811d11,ue9acf10ae3811d11@users.invalid,GitHub,noreply@github.com,1,0,1,3,2,1,3,2,,,,,,0,5515,Fix backup remove for alternate locations (#5515),"Fix backup remove for alternate locations (#5515)

Currently the API converts backup locations on network mounts to
the Supervisor's Mount representation. However, the locations stored
in the backup representations is a dictionary with the location
string as key.

Make sure to use the backup location string to validate the remove
requests. This fixes removing backups from network storage mounts."
home-assistant/supervisor,e72c5a037b590e4f7147990a46d6426db88a541c,2024-12,-1,pre,2024-12-31T13:16:04+01:00,2024-12-31T13:16:04+01:00,ue9acf10ae3811d11,ue9acf10ae3811d11@users.invalid,GitHub,noreply@github.com,1,0,1,0,57,1,0,57,,,,,,0,5517,Drop dead folder restore code (#5517),"Drop dead folder restore code (#5517)

The inner function _folder_restore has been converted to a Job with
PR #4802. The inner function is no longer used. Drop this dead code."
home-assistant/supervisor,61b37877becf314617e0aa1aa7fd28ec0d89bdbb,2024-12,-1,pre,2024-12-31T13:16:18+01:00,2024-12-31T13:16:18+01:00,ue9acf10ae3811d11,ue9acf10ae3811d11@users.invalid,GitHub,noreply@github.com,1,0,1,7,2,1,7,2,,,,,,0,5518,Avoid lingering tasks when using background backup tasks (#5518),"Avoid lingering tasks when using background backup tasks (#5518)

When a backup tasks is run in background, but actually has an error
early the secondary event task to release the callee is lingering around
still, ultimately leading to a ""Task was destroyed but it is pending!""
asyncio error.

Make sure we cancel the event task in case the backup returns early."
home-assistant/supervisor,c2f6e319f202bf76a1ec1a3d8bc3a6d97b4df56c,2024-12,-1,pre,2024-12-31T13:58:12+01:00,2024-12-31T13:58:12+01:00,ue9acf10ae3811d11,ue9acf10ae3811d11@users.invalid,GitHub,noreply@github.com,1,0,4,70,16,2,60,13,,,,,,0,5519,Check password early on backup restore (#5519),"Check password early on backup restore (#5519)

Introduce a validate password method which only peaks into the archive
to validate the password before starting the actual restore process.
This makes sure that a wrong password returns an error even when
restoring the backup in background."
home-assistant/supervisor,e3af04701af5f7b578bc58c7725db6db6d6c931a,2025-01,0,m0,2025-01-03T09:54:05+01:00,2025-01-03T09:54:05+01:00,dependabot[bot],49699333+dependabot[bot]@users.noreply.github.com,GitHub,noreply@github.com,1,0,1,1,1,0,0,0,,,,,dependabot,0,5523,Bump gitpython from 3.1.43 to 3.1.44 (#5523),"Bump gitpython from 3.1.43 to 3.1.44 (#5523)

Co-authored-by: dependabot[bot] <49699333+dependabot[bot]@users.noreply.github.com>"
home-assistant/supervisor,c62358d851769a4723683fb035a245963d24751d,2025-01,0,m0,2025-01-03T10:19:05+01:00,2025-01-03T10:19:05+01:00,dependabot[bot],49699333+dependabot[bot]@users.noreply.github.com,GitHub,noreply@github.com,1,0,1,1,1,0,0,0,,,,,dependabot,0,5522,Bump ruff from 0.8.4 to 0.8.5 (#5522),"Bump ruff from 0.8.4 to 0.8.5 (#5522)

Co-authored-by: dependabot[bot] <49699333+dependabot[bot]@users.noreply.github.com>"
home-assistant/supervisor,d2631bf39860c4419dec916046e89296bc090b74,2025-01,0,m0,2025-01-06T08:12:21+01:00,2025-01-06T08:12:21+01:00,dependabot[bot],49699333+dependabot[bot]@users.noreply.github.com,GitHub,noreply@github.com,1,0,2,2,2,0,0,0,,,,,dependabot,0,5529,Bump setuptools from 75.6.0 to 75.7.0 (#5529),Bump setuptools from 75.6.0 to 75.7.0 (#5529)
home-assistant/supervisor,74b009ccd7423f4a53e2fa74a72ae4aa15947146,2025-01,0,m0,2025-01-06T12:18:44+01:00,2025-01-06T12:18:44+01:00,dependabot[bot],49699333+dependabot[bot]@users.noreply.github.com,GitHub,noreply@github.com,1,0,1,1,1,0,0,0,,,,,dependabot,0,5528,Bump ruff from 0.8.5 to 0.8.6 (#5528),"Bump ruff from 0.8.5 to 0.8.6 (#5528)

Co-authored-by: dependabot[bot] <49699333+dependabot[bot]@users.noreply.github.com>"
home-assistant/supervisor,c418e0ea76ab177e450ea0032168b820273f731e,2025-01,0,m0,2025-01-11T12:33:30+01:00,2025-01-11T12:33:30+01:00,dependabot[bot],49699333+dependabot[bot]@users.noreply.github.com,GitHub,noreply@github.com,1,0,2,2,2,0,0,0,,,,,dependabot,0,5536,Bump setuptools from 75.7.0 to 75.8.0 (#5536),Bump setuptools from 75.7.0 to 75.8.0 (#5536)
home-assistant/supervisor,18251ae8ae1e8bcb36d0abe4e986beccdac3f636,2025-01,0,m0,2025-01-11T13:06:45+01:00,2025-01-11T13:06:45+01:00,dependabot[bot],49699333+dependabot[bot]@users.noreply.github.com,GitHub,noreply@github.com,1,0,1,1,1,0,0,0,,,,,dependabot,0,5538,Bump ruff from 0.8.6 to 0.9.0 (#5538),Bump ruff from 0.8.6 to 0.9.0 (#5538)
home-assistant/supervisor,65b39661a6fb2ef49c8ef66ff12a6d1c821b69bc,2025-01,0,m0,2025-01-11T13:27:24+01:00,2025-01-11T13:27:24+01:00,dependabot[bot],49699333+dependabot[bot]@users.noreply.github.com,GitHub,noreply@github.com,1,0,1,1,1,0,0,0,,,,,dependabot,0,5535,Bump getsentry/action-release from 1.7.0 to 1.8.0 (#5535),"Bump getsentry/action-release from 1.7.0 to 1.8.0 (#5535)

Co-authored-by: dependabot[bot] <49699333+dependabot[bot]@users.noreply.github.com>"
home-assistant/supervisor,96900b1f1b29a566667613a966cfed457b7ea307,2025-01,0,m0,2025-01-11T13:28:31+01:00,2025-01-11T13:28:31+01:00,dependabot[bot],49699333+dependabot[bot]@users.noreply.github.com,GitHub,noreply@github.com,1,0,1,1,1,0,0,0,,,,,dependabot,0,5534,Bump actions/upload-artifact from 4.5.0 to 4.6.0 (#5534),"Bump actions/upload-artifact from 4.5.0 to 4.6.0 (#5534)

Co-authored-by: dependabot[bot] <49699333+dependabot[bot]@users.noreply.github.com>"
home-assistant/supervisor,3a71ea7003348d884f6e0bb7065d704e2cff26e4,2025-01,0,m0,2025-01-13T11:38:12+01:00,2025-01-13T11:38:12+01:00,dependabot[bot],49699333+dependabot[bot]@users.noreply.github.com,GitHub,noreply@github.com,1,0,1,1,1,0,0,0,,,,,dependabot,0,5542,Bump ruff from 0.9.0 to 0.9.1 (#5542),"Bump ruff from 0.9.0 to 0.9.1 (#5542)

Bumps [ruff](https://github.com/astral-sh/ruff) from 0.9.0 to 0.9.1.
- [Release notes](https://github.com/astral-sh/ruff/releases)
- [Changelog](https://github.com/astral-sh/ruff/blob/main/CHANGELOG.md)
- [Commits](https://github.com/astral-sh/ruff/compare/0.9.0...0.9.1)

---
updated-dependencies:
- dependency-name: ruff
  dependency-type: direct:production
  update-type: version-update:semver-patch
...

Signed-off-by: dependabot[bot] <support@github.com>
Co-authored-by: dependabot[bot] <49699333+dependabot[bot]@users.noreply.github.com>"
home-assistant/supervisor,5928a31fc45f9df7e058b0da82f8e3fa0c3b915b,2025-01,0,m0,2025-01-13T11:38:46+01:00,2025-01-13T11:38:46+01:00,dependabot[bot],49699333+dependabot[bot]@users.noreply.github.com,GitHub,noreply@github.com,1,0,1,1,1,0,0,0,,,,,dependabot,0,5532,Bump dbus-fast from 2.24.4 to 2.28.0 (#5532),"Bump dbus-fast from 2.24.4 to 2.28.0 (#5532)

Bumps [dbus-fast](https://github.com/bluetooth-devices/dbus-fast) from 2.24.4 to 2.28.0.
- [Release notes](https://github.com/bluetooth-devices/dbus-fast/releases)
- [Changelog](https://github.com/Bluetooth-Devices/dbus-fast/blob/main/CHANGELOG.md)
- [Commits](https://github.com/bluetooth-devices/dbus-fast/compare/v2.24.4...v2.28.0)

---
updated-dependencies:
- dependency-name: dbus-fast
  dependency-type: direct:production
  update-type: version-update:semver-minor
...

Signed-off-by: dependabot[bot] <support@github.com>
Co-authored-by: dependabot[bot] <49699333+dependabot[bot]@users.noreply.github.com>"
home-assistant/supervisor,b07236b54427d2ea5492952358ab47c1fa16a4ac,2025-01,0,m0,2025-01-13T12:35:54+01:00,2025-01-13T12:35:54+01:00,u508f4d8dafd12ae8,u508f4d8dafd12ae8@users.invalid,GitHub,noreply@github.com,1,0,5,75,32,0,0,0,,,,,,0,5501,Add frontend auto update workflow (#5501),"Add frontend auto update workflow (#5501)

* Remove git submodule

* Add frontend auto update workflow

* Update .github/workflows/update_frontend.yml

Co-authored-by: ue9acf10ae3811d11 <ue9acf10ae3811d11@users.invalid>

---------

Co-authored-by: ue9acf10ae3811d11 <ue9acf10ae3811d11@users.invalid>"
home-assistant/supervisor,bd156ebb536a42b941a821149dcdcb2904de75cd,2025-01,0,m0,2025-01-14T10:42:41+01:00,2025-01-14T10:42:41+01:00,ue9acf10ae3811d11,ue9acf10ae3811d11@users.invalid,GitHub,noreply@github.com,1,0,3,3,0,3,3,0,,,,,,0,5544,Add X-Accel-Buffering to disable buffers in proxies (#5544),Add X-Accel-Buffering to disable buffers in proxies (#5544)
home-assistant/supervisor,f02d67ee47a755d07125e47ef1858bfb13815b56,2025-01,0,m0,2025-01-14T11:28:36+01:00,2025-01-14T11:28:36+01:00,ue6cc0248047ba857,ue6cc0248047ba857@users.invalid,GitHub,noreply@github.com,1,0,2,2,0,2,2,0,,,,,,0,5426,Add support for CAP_CHECKPOINT_RESTORE privileges (#5426),Add support for CAP_CHECKPOINT_RESTORE privileges (#5426)
home-assistant/supervisor,6183b9719c74fc54c1bf0675b83d05a2413cd437,2025-01,0,m0,2025-01-15T09:54:07+01:00,2025-01-15T09:54:07+01:00,dependabot[bot],49699333+dependabot[bot]@users.noreply.github.com,GitHub,noreply@github.com,1,0,1,1,1,0,0,0,,,,,dependabot,0,5549,Bump sentry-sdk from 2.19.2 to 2.20.0 (#5549),"Bump sentry-sdk from 2.19.2 to 2.20.0 (#5549)

Bumps [sentry-sdk](https://github.com/getsentry/sentry-python) from 2.19.2 to 2.20.0.
- [Release notes](https://github.com/getsentry/sentry-python/releases)
- [Changelog](https://github.com/getsentry/sentry-python/blob/master/CHANGELOG.md)
- [Commits](https://github.com/getsentry/sentry-python/compare/2.19.2...2.20.0)

---
updated-dependencies:
- dependency-name: sentry-sdk
  dependency-type: direct:production
  update-type: version-update:semver-minor
...

Signed-off-by: dependabot[bot] <support@github.com>
Co-authored-by: dependabot[bot] <49699333+dependabot[bot]@users.noreply.github.com>"
home-assistant/supervisor,d4c047bd01c8f6d876e11033b4b2d700a1adc4ed,2025-01,0,m0,2025-01-15T09:56:32+01:00,2025-01-15T09:56:32+01:00,ue9acf10ae3811d11,ue9acf10ae3811d11@users.invalid,GitHub,noreply@github.com,1,0,1,32,0,1,32,0,,,,,,0,5547,Add tun to static device list in hardware manager (#5547),"Add tun to static device list in hardware manager (#5547)

Some devices are provided by kernel modules which potentially get loaded
later at startup. Those are not listed by udev, and hence add-ons do
not get permissions for these types of devices as long as the kernel
module is not loaded.

Typically, such devices are created by the kmod-static-nodes.service
systemd service. Ideally, we would read the output of that service and
add those specifically. However, there are very few devices which
use static nodes, and we actually only really interested in tun. So
let's simply add this static node in case udev does not list it already."
home-assistant/supervisor,5d4894a1ba9d9373e2a6f46c2fc251814cd8cd5c,2025-01,0,m0,2025-01-16T09:51:03+01:00,2025-01-16T09:51:03+01:00,dependabot[bot],49699333+dependabot[bot]@users.noreply.github.com,GitHub,noreply@github.com,1,0,1,1,1,0,0,0,,,,,dependabot,0,5552,Bump getsentry/action-release from 1.8.0 to 1.9.0 (#5552),"Bump getsentry/action-release from 1.8.0 to 1.9.0 (#5552)

Bumps [getsentry/action-release](https://github.com/getsentry/action-release) from 1.8.0 to 1.9.0.
- [Release notes](https://github.com/getsentry/action-release/releases)
- [Changelog](https://github.com/getsentry/action-release/blob/master/docs/publishing-a-release.md)
- [Commits](https://github.com/getsentry/action-release/compare/v1.8.0...v1.9.0)

---
updated-dependencies:
- dependency-name: getsentry/action-release
  dependency-type: direct:production
  update-type: version-update:semver-minor
...

Signed-off-by: dependabot[bot] <support@github.com>
Co-authored-by: dependabot[bot] <49699333+dependabot[bot]@users.noreply.github.com>"
home-assistant/supervisor,da6bdfa7953807081e181e46b801e425a08b20f4,2025-01,0,m0,2025-01-16T09:51:29+01:00,2025-01-16T09:51:29+01:00,dependabot[bot],49699333+dependabot[bot]@users.noreply.github.com,GitHub,noreply@github.com,1,0,1,1,1,0,0,0,,,,,dependabot,0,5551,Bump dbus-fast from 2.28.0 to 2.29.0 (#5551),"Bump dbus-fast from 2.28.0 to 2.29.0 (#5551)

Bumps [dbus-fast](https://github.com/bluetooth-devices/dbus-fast) from 2.28.0 to 2.29.0.
- [Release notes](https://github.com/bluetooth-devices/dbus-fast/releases)
- [Changelog](https://github.com/Bluetooth-Devices/dbus-fast/blob/main/CHANGELOG.md)
- [Commits](https://github.com/bluetooth-devices/dbus-fast/compare/v2.28.0...v2.29.0)

---
updated-dependencies:
- dependency-name: dbus-fast
  dependency-type: direct:production
  update-type: version-update:semver-minor
...

Signed-off-by: dependabot[bot] <support@github.com>
Co-authored-by: dependabot[bot] <49699333+dependabot[bot]@users.noreply.github.com>"
home-assistant/supervisor,600bf91c4f7e04d0cc93d9511e944b2a50dfbeec,2025-01,0,m0,2025-01-16T09:51:44+01:00,2025-01-16T03:51:44-05:00,ue1fc990c4f6dfd9c,ue1fc990c4f6dfd9c@users.invalid,GitHub,noreply@github.com,1,0,6,125,15,2,19,5,,,,,,0,5545,Sort jobs by creation in API (#5545),"Sort jobs by creation in API (#5545)

* Sort jobs by creation in API

* Fix tests missing new field

* Fix sorting logic around child jobs"
home-assistant/supervisor,b2aece82085eb5fbde046a2c6a4df446af7c5c98,2025-01,0,m0,2025-01-16T11:35:48+01:00,2025-01-16T11:35:48+01:00,ue9acf10ae3811d11,ue9acf10ae3811d11@users.invalid,GitHub,noreply@github.com,1,0,1,1,1,0,0,0,,,,,,1,5554,"Revert ""Bump orjson from 3.10.12 to 3.10.13 (#5514)"" (#5554)","Revert ""Bump orjson from 3.10.12 to 3.10.13 (#5514)"" (#5554)

This reverts commit dbd37d657515aca26eeabe5a3cdb239128b34a41."
home-assistant/supervisor,89a215cc1f51db8082b40dcdfc150043a0287669,2025-01,0,m0,2025-01-16T12:51:16+01:00,2025-01-16T12:51:16+01:00,ue9acf10ae3811d11,ue9acf10ae3811d11@users.invalid,GitHub,noreply@github.com,1,0,1,1,1,0,0,0,,,,,,1,5555,"Revert ""Bump dbus-fast from 2.28.0 to 2.29.0 (#5551)"" (#5555)","Revert ""Bump dbus-fast from 2.28.0 to 2.29.0 (#5551)"" (#5555)

This reverts commit da6bdfa7953807081e181e46b801e425a08b20f4."
home-assistant/supervisor,0073227785dd456089bc0bdc6a345f5b102b07d2,2025-01,0,m0,2025-01-16T18:15:06+01:00,2025-01-16T12:15:06-05:00,ue1fc990c4f6dfd9c,ue1fc990c4f6dfd9c@users.invalid,GitHub,noreply@github.com,1,0,9,102,35,7,43,28,,,,,,0,5548,Add env on core restart due to restore (#5548),"Add env on core restart due to restore (#5548)

* Add env on core restart due to restore

* Move is_restore to backup manager"
home-assistant/supervisor,12fd61142d7459fa0c33cf29a35ea0b713523172,2025-01,0,m0,2025-01-16T18:16:47+01:00,2025-01-16T12:16:47-05:00,uad95597649185acd,uad95597649185acd@users.invalid,GitHub,noreply@github.com,1,0,1,3,0,1,3,0,,,,,,0,5447,Trigger rescan on device remove (#5447),Trigger rescan on device remove (#5447)
home-assistant/supervisor,ce75c85e657f2b6e2a45fa2339131bfefa9213be,2025-01,0,m0,2025-01-17T07:42:59+01:00,2025-01-17T07:42:59+01:00,dependabot[bot],49699333+dependabot[bot]@users.noreply.github.com,GitHub,noreply@github.com,1,0,1,1,1,0,0,0,,,,,dependabot,0,5559,Bump debugpy from 1.8.11 to 1.8.12 (#5559),Bump debugpy from 1.8.11 to 1.8.12 (#5559)
home-assistant/supervisor,52d5df6778522883b7579ab2f13097bce5b18e0e,2025-01,0,m0,2025-01-17T08:28:19+01:00,2025-01-17T08:28:19+01:00,dependabot[bot],49699333+dependabot[bot]@users.noreply.github.com,GitHub,noreply@github.com,1,0,1,1,1,0,0,0,,,,,dependabot,0,5558,Bump ruff from 0.9.1 to 0.9.2 (#5558),"Bump ruff from 0.9.1 to 0.9.2 (#5558)

Co-authored-by: dependabot[bot] <49699333+dependabot[bot]@users.noreply.github.com>"
home-assistant/supervisor,463f196472ce084e13bbe0a6bc4f73c083be7727,2025-01,0,m0,2025-01-17T11:18:55+01:00,2025-01-17T11:18:55+01:00,dependabot[bot],49699333+dependabot[bot]@users.noreply.github.com,GitHub,noreply@github.com,1,0,5,84,10,3,57,9,,,,,dependabot,0,5553,Bump securetar from 2024.11.0 to 2025.1.3 (#5553),"Bump securetar from 2024.11.0 to 2025.1.3 (#5553)

* Bump securetar from 2024.11.0 to 2025.1.3

Bumps [securetar](https://github.com/pvizeli/securetar) from 2024.11.0 to 2025.1.3.
- [Release notes](https://github.com/pvizeli/securetar/releases)
- [Commits](https://github.com/pvizeli/securetar/compare/2024.11.0...2025.1.3)

---
updated-dependencies:
- dependency-name: securetar
  dependency-type: direct:production
  update-type: version-update:semver-major
...

Signed-off-by: dependabot[bot] <support@github.com>

* Use file_filter and add test for addon backup_exclude

---------

Signed-off-by: dependabot[bot] <support@github.com>
Co-authored-by: dependabot[bot] <49699333+dependabot[bot]@users.noreply.github.com>
Co-authored-by: ue1fc990c4f6dfd9c <ue1fc990c4f6dfd9c@users.invalid>"
home-assistant/supervisor,0d3acd1aca2742a8f6a8959be882d953bb652636,2025-01,0,m0,2025-01-20T08:09:23+01:00,2025-01-20T08:09:23+01:00,dependabot[bot],49699333+dependabot[bot]@users.noreply.github.com,GitHub,noreply@github.com,1,0,1,1,1,0,0,0,,,,,dependabot,0,5563,Bump release-drafter/release-drafter from 6.0.0 to 6.1.0 (#5563),Bump release-drafter/release-drafter from 6.0.0 to 6.1.0 (#5563)
home-assistant/supervisor,5f165a79ba186e2d326a409e6d665b43708bc9f0,2025-01,0,m0,2025-01-21T07:39:51+01:00,2025-01-21T07:39:51+01:00,dependabot[bot],49699333+dependabot[bot]@users.noreply.github.com,GitHub,noreply@github.com,1,0,1,1,1,0,0,0,,,,,dependabot,0,5565,Bump actions/stale from 9.0.0 to 9.1.0 (#5565),Bump actions/stale from 9.0.0 to 9.1.0 (#5565)
home-assistant/supervisor,fff3bfd01eb6abbff2f2c640c6388768d8cdfe0e,2025-01,0,m0,2025-01-21T07:40:07+01:00,2025-01-21T07:40:07+01:00,dependabot[bot],49699333+dependabot[bot]@users.noreply.github.com,GitHub,noreply@github.com,1,0,1,1,1,0,0,0,,,,,dependabot,0,5566,Bump pre-commit from 4.0.1 to 4.1.0 (#5566),Bump pre-commit from 4.0.1 to 4.1.0 (#5566)
home-assistant/supervisor,b7412b0679f77f459efc3b06641b6775db594817,2025-01,0,m0,2025-01-21T11:57:30+01:00,2025-01-21T11:57:30+01:00,ue9acf10ae3811d11,ue9acf10ae3811d11@users.invalid,GitHub,noreply@github.com,1,0,13,31,33,2,3,3,,,,,,0,5564,Update Python to 3.13 (#5564),"Update Python to 3.13 (#5564)

* Bump Supervisor to Python 3.13

* Update ruff configuration to 0.9.1

Adjust pyproject.toml for ruff 0.9.1. Also make sure that latest version
of ruff is used in pre-commit.

* Set default configuration for pytest-asyncio

* Run ruff check

* Drop deprecated decorator no_type_check_decorator

The upstream PR (https://github.com/python/cpython/issues/106309) says
this never got really implemented by type checkers.

* Bump devcontainer to latest release"
home-assistant/supervisor,805017eabf9a780f07aabebb1ce9008bebde467c,2025-01,0,m0,2025-01-21T12:06:41+01:00,2025-01-21T12:06:41+01:00,dependabot[bot],49699333+dependabot[bot]@users.noreply.github.com,GitHub,noreply@github.com,1,0,1,1,1,0,0,0,,,,,dependabot,0,5562,Bump dbus-fast from 2.28.0 to 2.30.2 (#5562),"Bump dbus-fast from 2.28.0 to 2.30.2 (#5562)

Bumps [dbus-fast](https://github.com/bluetooth-devices/dbus-fast) from 2.28.0 to 2.30.2.
- [Release notes](https://github.com/bluetooth-devices/dbus-fast/releases)
- [Changelog](https://github.com/Bluetooth-Devices/dbus-fast/blob/main/CHANGELOG.md)
- [Commits](https://github.com/bluetooth-devices/dbus-fast/compare/v2.28.0...v2.30.2)

---
updated-dependencies:
- dependency-name: dbus-fast
  dependency-type: direct:production
  update-type: version-update:semver-minor
...

Signed-off-by: dependabot[bot] <support@github.com>
Co-authored-by: dependabot[bot] <49699333+dependabot[bot]@users.noreply.github.com>"
home-assistant/supervisor,a545b680b347c994ffd168abc237f30a64e550cd,2025-01,0,m0,2025-01-23T08:52:49+01:00,2025-01-23T08:52:49+01:00,dependabot[bot],49699333+dependabot[bot]@users.noreply.github.com,GitHub,noreply@github.com,1,0,1,1,1,0,0,0,,,,,dependabot,0,5571,Bump codecov/codecov-action from 5.1.2 to 5.2.0 (#5571),"Bump codecov/codecov-action from 5.1.2 to 5.2.0 (#5571)

Co-authored-by: dependabot[bot] <49699333+dependabot[bot]@users.noreply.github.com>"
home-assistant/supervisor,088832c2530fafe633d24f4a59c6ab01f61c3d79,2025-01,0,m0,2025-01-23T15:24:47+01:00,2025-01-23T15:24:47+01:00,ue9acf10ae3811d11,ue9acf10ae3811d11@users.invalid,GitHub,noreply@github.com,1,0,3,41,5,2,19,5,,,,,,0,5567,Extend backup API with file name field (#5567),"Extend backup API with file name field (#5567)

* Extend backup API with file name field

Allow to specify a backup file name when creating a backup. This allows
for user friendly backup file names. If none is specified, the current
behavior remains (backup file name is the backup slug).

* Check passed file name using regex

* Use custom filename on download only if backup file name is backup slug

* ruff format

* Remove path from location for download file name"
home-assistant/supervisor,61a2101d8ae77fbe75553cc4646d89423534bfc3,2025-01,0,m0,2025-01-23T15:05:35-05:00,2025-01-23T15:05:35-05:00,ue1fc990c4f6dfd9c,ue1fc990c4f6dfd9c@users.invalid,GitHub,noreply@github.com,1,0,9,230,42,4,104,22,,,,,,0,5569,Backup protected status can vary per location (#5569),"Backup protected status can vary per location (#5569)

* Backup protected status can vary per location

* Fix test_backup_remove_error test

* Update supervisor/backups/backup.py

* Add Docker registry configuration to backup metadata

* Make use of backup location fixture

* Address pylint

---------

Co-authored-by: ue9acf10ae3811d11 <ue9acf10ae3811d11@users.invalid>"
home-assistant/supervisor,a10afc45b1a60c4ed8933a160d3e9c947b179bc2,2025-01,0,m0,2025-01-24T07:30:28+01:00,2025-01-24T07:30:28+01:00,dependabot[bot],49699333+dependabot[bot]@users.noreply.github.com,GitHub,noreply@github.com,1,0,1,1,1,0,0,0,,,,,dependabot,0,5574,Bump ruff from 0.9.2 to 0.9.3 (#5574),Bump ruff from 0.9.2 to 0.9.3 (#5574)
home-assistant/supervisor,1f7df73964677a6812bda44be154dad7945173fc,2025-01,0,m0,2025-01-24T08:34:05+01:00,2025-01-24T08:34:05+01:00,dependabot[bot],49699333+dependabot[bot]@users.noreply.github.com,GitHub,noreply@github.com,1,0,1,1,1,0,0,0,,,,,dependabot,0,5575,Bump codecov/codecov-action from 5.2.0 to 5.3.0 (#5575),"Bump codecov/codecov-action from 5.2.0 to 5.3.0 (#5575)

Co-authored-by: dependabot[bot] <49699333+dependabot[bot]@users.noreply.github.com>"
home-assistant/supervisor,8e185a8413cfb471f9430af827ea9d3dda128080,2025-01,0,m0,2025-01-24T08:34:21+01:00,2025-01-24T08:34:21+01:00,dependabot[bot],49699333+dependabot[bot]@users.noreply.github.com,GitHub,noreply@github.com,1,0,1,1,1,0,0,0,,,,,dependabot,0,5573,Bump pytest-aiohttp from 1.0.5 to 1.1.0 (#5573),"Bump pytest-aiohttp from 1.0.5 to 1.1.0 (#5573)

Co-authored-by: dependabot[bot] <49699333+dependabot[bot]@users.noreply.github.com>"
home-assistant/supervisor,690f1c07a7204e5ae1e781287e6c24fb55ac0693,2025-01,0,m0,2025-01-24T09:59:50+01:00,2025-01-24T09:59:50+01:00,ue9acf10ae3811d11,ue9acf10ae3811d11@users.invalid,GitHub,noreply@github.com,1,0,5,6,6,2,2,2,,,,,,0,5572,Use version which is treated CalVer by AwesomeVersion (#5572),"Use version which is treated CalVer by AwesomeVersion (#5572)

* Use version which is treated CalVer by AwesomeVersion

The current dev version `99.9.9dev` is treated as unkown version type
by AwesomeVersion. This prevents the version from comparing with
actual Supervisor versions, e.g. from an exsiting backup file.

Make the development version a valid CalVer version so development
versions can handle non-development backups.

* Bump to year 9999"
home-assistant/supervisor,44bd787276d711c44cf52ead732a317a5bffe81a,2025-01,0,m0,2025-01-27T09:07:21+01:00,2025-01-27T09:07:21+01:00,dependabot[bot],49699333+dependabot[bot]@users.noreply.github.com,GitHub,noreply@github.com,1,0,1,1,1,0,0,0,,,,,dependabot,0,5579,Bump attrs from 24.3.0 to 25.1.0 (#5579),"Bump attrs from 24.3.0 to 25.1.0 (#5579)

Bumps [attrs](https://github.com/sponsors/hynek) from 24.3.0 to 25.1.0.
- [Commits](https://github.com/sponsors/hynek/commits)

---
updated-dependencies:
- dependency-name: attrs
  dependency-type: direct:production
  update-type: version-update:semver-major
...

Signed-off-by: dependabot[bot] <support@github.com>
Co-authored-by: dependabot[bot] <49699333+dependabot[bot]@users.noreply.github.com>"
home-assistant/supervisor,2a8d2d2b489845c4e6258b3cc1ac6a2ab634745c,2025-01,0,m0,2025-01-27T09:07:39+01:00,2025-01-27T09:07:39+01:00,dependabot[bot],49699333+dependabot[bot]@users.noreply.github.com,GitHub,noreply@github.com,1,0,1,1,1,0,0,0,,,,,dependabot,0,5580,Bump codecov/codecov-action from 5.3.0 to 5.3.1 (#5580),"Bump codecov/codecov-action from 5.3.0 to 5.3.1 (#5580)

Bumps [codecov/codecov-action](https://github.com/codecov/codecov-action) from 5.3.0 to 5.3.1.
- [Release notes](https://github.com/codecov/codecov-action/releases)
- [Changelog](https://github.com/codecov/codecov-action/blob/main/CHANGELOG.md)
- [Commits](https://github.com/codecov/codecov-action/compare/v5.3.0...v5.3.1)

---
updated-dependencies:
- dependency-name: codecov/codecov-action
  dependency-type: direct:production
  update-type: version-update:semver-patch
...

Signed-off-by: dependabot[bot] <support@github.com>
Co-authored-by: dependabot[bot] <49699333+dependabot[bot]@users.noreply.github.com>"
home-assistant/supervisor,1b0aa30881312cbc875c2556a4c3eb484a4575fd,2025-01,0,m0,2025-01-27T10:01:29+01:00,2025-01-27T10:01:29+01:00,ue9acf10ae3811d11,ue9acf10ae3811d11@users.invalid,GitHub,noreply@github.com,1,0,3,58,4,2,21,4,,,,,,0,5568,Extend backup upload API with file name parameter (#5568),"Extend backup upload API with file name parameter (#5568)

* Extend backup upload API with file name parameter

Add a query parameter which allows to specify the file name on upload.
All locations will store the backup with the same file name.

* ruff format

* Update tests to cover bad filename

* Fix ruff check error

* Drop unnecessary logging"
home-assistant/supervisor,8ff9c08e82b7721b29846a9d0244b7d987de4859,2025-01,0,m0,2025-01-27T13:57:59+01:00,2025-01-27T13:57:59+01:00,ue9acf10ae3811d11,ue9acf10ae3811d11@users.invalid,GitHub,noreply@github.com,1,0,1,11,5,1,11,5,,,,,,0,5576,Support systemd-journal-gatewayd using a TCP socket (#5576),Support systemd-journal-gatewayd using a TCP socket (#5576)
home-assistant/supervisor,67a27cae4035932c0490d0463a2f8180cbfe3eec,2025-01,0,m0,2025-01-28T11:35:28+01:00,2025-01-28T11:35:28+01:00,dependabot[bot],49699333+dependabot[bot]@users.noreply.github.com,GitHub,noreply@github.com,1,0,1,1,1,0,0,0,,,,,dependabot,0,5582,Bump securetar from 2025.1.3 to 2025.1.4 (#5582),"Bump securetar from 2025.1.3 to 2025.1.4 (#5582)

Bumps [securetar](https://github.com/pvizeli/securetar) from 2025.1.3 to 2025.1.4.
- [Release notes](https://github.com/pvizeli/securetar/releases)
- [Commits](https://github.com/pvizeli/securetar/compare/2025.1.3...2025.1.4)

---
updated-dependencies:
- dependency-name: securetar
  dependency-type: direct:production
  update-type: version-update:semver-patch
...

Signed-off-by: dependabot[bot] <support@github.com>
Co-authored-by: dependabot[bot] <49699333+dependabot[bot]@users.noreply.github.com>"
home-assistant/supervisor,257e2ceb82c8bdb08cf32fa3cf91f865351e4faf,2025-01,0,m0,2025-01-28T11:36:24+01:00,2025-01-28T11:36:24+01:00,dependabot[bot],49699333+dependabot[bot]@users.noreply.github.com,GitHub,noreply@github.com,1,0,2,9,9,0,0,0,,,,,dependabot,0,5583,Bump actions/setup-python from 5.3.0 to 5.4.0 (#5583),"Bump actions/setup-python from 5.3.0 to 5.4.0 (#5583)

Bumps [actions/setup-python](https://github.com/actions/setup-python) from 5.3.0 to 5.4.0.
- [Release notes](https://github.com/actions/setup-python/releases)
- [Commits](https://github.com/actions/setup-python/compare/v5.3.0...v5.4.0)

---
updated-dependencies:
- dependency-name: actions/setup-python
  dependency-type: direct:production
  update-type: version-update:semver-minor
...

Signed-off-by: dependabot[bot] <support@github.com>
Co-authored-by: dependabot[bot] <49699333+dependabot[bot]@users.noreply.github.com>"
home-assistant/supervisor,c8f1b222c07939b68c699e9f6813f0dd2bb0b3cd,2025-01,0,m0,2025-01-28T11:41:51+01:00,2025-01-28T05:41:51-05:00,ue1fc990c4f6dfd9c,ue1fc990c4f6dfd9c@users.invalid,GitHub,noreply@github.com,1,0,4,105,59,3,58,45,,,,,,0,5581,Add sizes per location and support .local (#5581),Add sizes per location and support .local (#5581)
home-assistant/supervisor,8b897ba537f5e4d8d97f8ca0833237d55ec002a4,2025-01,0,m0,2025-01-28T18:30:37+01:00,2025-01-28T12:30:37-05:00,ue1fc990c4f6dfd9c,ue1fc990c4f6dfd9c@users.invalid,GitHub,noreply@github.com,1,0,2,47,4,1,10,4,,,,,,0,5585,Fix bug when uploading backup to a mount (#5585),Fix bug when uploading backup to a mount (#5585)
home-assistant/supervisor,d1d8446480ccc79d23423fa6c28d9752c14dd578,2025-01,0,m0,2025-01-29T08:17:18+01:00,2025-01-29T08:17:18+01:00,dependabot[bot],49699333+dependabot[bot]@users.noreply.github.com,GitHub,noreply@github.com,1,0,1,1,1,0,0,0,,,,,dependabot,0,5586,Bump pylint from 3.3.3 to 3.3.4 (#5586),Bump pylint from 3.3.3 to 3.3.4 (#5586)
home-assistant/supervisor,05b648629fbdec52d05a90bcbacfa43be908da1f,2025-01,0,m0,2025-01-31T08:27:43+01:00,2025-01-31T08:27:43+01:00,dependabot[bot],49699333+dependabot[bot]@users.noreply.github.com,GitHub,noreply@github.com,1,0,1,1,1,0,0,0,,,,,dependabot,0,5592,Bump ruff from 0.9.3 to 0.9.4 (#5592),"Bump ruff from 0.9.3 to 0.9.4 (#5592)

Bumps [ruff](https://github.com/astral-sh/ruff) from 0.9.3 to 0.9.4.
- [Release notes](https://github.com/astral-sh/ruff/releases)
- [Changelog](https://github.com/astral-sh/ruff/blob/main/CHANGELOG.md)
- [Commits](https://github.com/astral-sh/ruff/compare/0.9.3...0.9.4)

---
updated-dependencies:
- dependency-name: ruff
  dependency-type: direct:production
  update-type: version-update:semver-patch
...

Signed-off-by: dependabot[bot] <support@github.com>
Co-authored-by: dependabot[bot] <49699333+dependabot[bot]@users.noreply.github.com>"
home-assistant/supervisor,28a87db515acf8fc2eb07f977bb3baa1f8785288,2025-01,0,m0,2025-01-31T11:30:43+01:00,2025-01-31T11:30:43+01:00,ue9acf10ae3811d11,ue9acf10ae3811d11@users.invalid,GitHub,noreply@github.com,1,0,1,9,12,0,0,0,,,,,,0,5594,Avoid test failure by not checking exact size of backup (#5594),"Avoid test failure by not checking exact size of backup (#5594)

* Avoid test failure by not checking exact size of backup

This is a workaround for the fact that the backup size is not exactly
the same every time. This is due to the fact that the inner gziped tar
file can vary in size due to difference in json file (key order) and
potentially also different field values (UUID, backup slug).

It seems that sorting the keys makes the actual difference today, but
this has runtime overhead and might not catch all cases.

Simply check if size property is there and a number bigger than 0
instead.

* Fix pytest"
home-assistant/supervisor,1aabca9489d33e069db1bf2d4c739050ba385b6c,2025-01,0,m0,2025-01-31T11:55:05+01:00,2025-01-31T11:55:05+01:00,uc99e7580c7a8e9ca,uc99e7580c7a8e9ca@users.invalid,GitHub,noreply@github.com,1,0,1,23,19,1,23,19,,,,,,0,5591,Make sure the oldest boot ID is included in the boot list (#5591),"Make sure the oldest boot ID is included in the boot list (#5591)

If the system is running for a long time, or the logging is particularly
chatty, the Systemd journal message we use to detect boot will be
rotated out of the journal. Currently we only handled it if there was
one boot, but we usually always missed the oldest boot if there were
more boots.

Adjust the method for getting boot IDs to always get the very first log
line in the journal instead of the last one, and make sure its boot ID
is included in the list."
home-assistant/supervisor,30cbb039d01b64f6a322a4e1a91181c74be5790f,2025-01,0,m0,2025-01-31T14:27:24+01:00,2025-01-31T14:27:24+01:00,ue9acf10ae3811d11,ue9acf10ae3811d11@users.invalid,GitHub,noreply@github.com,1,0,9,114,24,7,57,21,,,,,,0,5590,Handle non-existing backup file (#5590),"Handle non-existing backup file (#5590)

* Make the API return 404 for non-existing backup files

* Introduce BackupFileNotFoundError exception

* Return 404 on full restore as well

* Fix remaining API tests

* Improve error handling in delete

* Fix pytest

* Fix tests and change error handling to agreed logic

---------

Co-authored-by: ue1fc990c4f6dfd9c <ue1fc990c4f6dfd9c@users.invalid>"
home-assistant/supervisor,9491b1ff8914911b8e61b7b3def7c1a6bd9b6783,2025-01,0,m0,2025-01-31T12:10:47-05:00,2025-01-31T18:10:47+01:00,ue9acf10ae3811d11,ue9acf10ae3811d11@users.invalid,GitHub,noreply@github.com,1,0,4,42,51,2,13,10,,B,coderabbit,identity,,0,5595,Avoid reordering add-on repositories on Backup load (#5595),"Avoid reordering add-on repositories on Backup load (#5595)

* Avoid reordering add-on repositories on Backup load

The `ensure_builtin_repositories` function uses a set to deduplicate
items, which sometimes led to a change of order in elements. This is
problematic when deduplicating Backups.

Simply avoid mangling the list of add-on repositories on load. Instead
rely on `update_repositories` which uses the same function to ensure
built-in repositories when loading the store configuration and restoring
a backup file.

* Update tests

* ruff format

* ruff check

* ruff check fixes

* ruff format

* Update tests/store/test_validate.py

Co-authored-by: coderabbitai[bot] <136622811+coderabbitai[bot]@users.noreply.github.com>

* Simplify test

---------

Co-authored-by: coderabbitai[bot] <136622811+coderabbitai[bot]@users.noreply.github.com>"
home-assistant/supervisor,be98e0c0f430e1c324c9da10c420d0348d61700f,2025-02,1,post,2025-02-03T09:29:59+01:00,2025-02-03T09:29:59+01:00,dependabot[bot],49699333+dependabot[bot]@users.noreply.github.com,GitHub,noreply@github.com,1,0,1,1,1,0,0,0,,,,,dependabot,0,5598,Bump dbus-fast from 2.30.2 to 2.32.0 (#5598),"Bump dbus-fast from 2.30.2 to 2.32.0 (#5598)

Bumps [dbus-fast](https://github.com/bluetooth-devices/dbus-fast) from 2.30.2 to 2.32.0.
- [Release notes](https://github.com/bluetooth-devices/dbus-fast/releases)
- [Changelog](https://github.com/Bluetooth-Devices/dbus-fast/blob/main/CHANGELOG.md)
- [Commits](https://github.com/bluetooth-devices/dbus-fast/compare/v2.30.2...v2.32.0)

---
updated-dependencies:
- dependency-name: dbus-fast
  dependency-type: direct:production
  update-type: version-update:semver-minor
...

Signed-off-by: dependabot[bot] <support@github.com>
Co-authored-by: dependabot[bot] <49699333+dependabot[bot]@users.noreply.github.com>"
home-assistant/supervisor,7f39538231f3b18c12b67c9c1444ab1db0764a02,2025-02,1,post,2025-02-03T13:46:57+01:00,2025-02-03T07:46:57-05:00,ue1fc990c4f6dfd9c,ue1fc990c4f6dfd9c@users.invalid,GitHub,noreply@github.com,1,0,6,117,22,3,25,12,,,,,,0,5596,Update cache if a backup file is missing (#5596),"Update cache if a backup file is missing (#5596)

* Update cache if a backup file is missing

* Remove references to single file reload"
home-assistant/supervisor,4c04f364a3bd265842bbc765fed7a7c2e7e00fa2,2025-02,1,post,2025-02-03T13:47:12+01:00,2025-02-03T07:47:12-05:00,ue1fc990c4f6dfd9c,ue1fc990c4f6dfd9c@users.invalid,GitHub,noreply@github.com,1,0,2,84,10,1,6,3,,,,,,0,5597,Use full match in homeassistant backup excludes (#5597),Use full match in homeassistant backup excludes (#5597)
home-assistant/supervisor,58df65541cef07206a7c28310a27b8f4a7d2d708,2025-02,1,post,2025-02-04T11:23:05+01:00,2025-02-04T11:23:05+01:00,ue9acf10ae3811d11,ue9acf10ae3811d11@users.invalid,GitHub,noreply@github.com,1,0,7,125,30,2,14,10,,,,,,0,5599,Handle non-existing file in Backup password check too (#5599),"Handle non-existing file in Backup password check too (#5599)

* Handle non-existing file in Backup password check too

Make sure we handle a non-existing backup file also when validating
the password.

* Update supervisor/backups/manager.py

Co-authored-by: ue1fc990c4f6dfd9c <ue1fc990c4f6dfd9c@users.invalid>

* Add test case and fix password check when multiple locations

* Mock default backup unprotected by default

Instead of setting the protected property which we might not use
everywhere, simply mock the default backup to be unprotected.

* Fix mock of protected backup

* Introduce test for validate_password

Testing showed that validate_password doesn't return anything. Extend
tests to cover this case and fix the actual code.

---------

Co-authored-by: ue1fc990c4f6dfd9c <ue1fc990c4f6dfd9c@users.invalid>"
home-assistant/supervisor,9164d35615ec6390e4cf321bda78f60fbf5b6d36,2025-02,1,post,2025-02-04T17:53:22+01:00,2025-02-04T17:53:22+01:00,ue9acf10ae3811d11,ue9acf10ae3811d11@users.invalid,GitHub,noreply@github.com,1,0,2,68,4,1,5,3,,,,,,0,5600,Fix restoring unencrypted backup in corner case (#5600),"Fix restoring unencrypted backup in corner case (#5600)

* Fix restoring unencrypted backup in corner case

If a backup has a encrypted and unencrypted location, and the encrypted
location is beeing restored first, the encryption key is still cached.
When the user restores the unencrypted backup next, it will fail because
the Supervisor tries to use encryption key still.

* Add integration test for restoring backups with and without encryption

* Rename _validate_location_password to _set_location_password

* Reload backup metadata from restore location

* Revert ""Reload backup metadata from restore location""

This reverts commit 9b47a1cfe9a2682a0908e08cd143373744084fb7.

* Make pytest work/punt the ball on docker config restore issue

* Address pylint error"
home-assistant/supervisor,01382e774eca29088b7baa88d13ee700c80ebd7e,2025-02,1,post,2025-02-05T09:16:40+01:00,2025-02-05T09:16:40+01:00,dependabot[bot],49699333+dependabot[bot]@users.noreply.github.com,GitHub,noreply@github.com,1,0,2,2,2,0,0,0,,,,,dependabot,0,5604,Bump sigstore/cosign-installer from 3.7.0 to 3.8.0 (#5604),"Bump sigstore/cosign-installer from 3.7.0 to 3.8.0 (#5604)

Bumps [sigstore/cosign-installer](https://github.com/sigstore/cosign-installer) from 3.7.0 to 3.8.0.
- [Release notes](https://github.com/sigstore/cosign-installer/releases)
- [Commits](https://github.com/sigstore/cosign-installer/compare/v3.7.0...v3.8.0)

---
updated-dependencies:
- dependency-name: sigstore/cosign-installer
  dependency-type: direct:production
  update-type: version-update:semver-minor
...

Signed-off-by: dependabot[bot] <support@github.com>
Co-authored-by: dependabot[bot] <49699333+dependabot[bot]@users.noreply.github.com>"
home-assistant/supervisor,129a37a1f439b53126bdd888921cb21aabcc811c,2025-02,1,post,2025-02-05T14:24:37+01:00,2025-02-05T08:24:37-05:00,ue1fc990c4f6dfd9c,ue1fc990c4f6dfd9c@users.invalid,GitHub,noreply@github.com,1,0,2,81,17,1,32,17,,,,,,0,5602,Prevent race condition with location reload and backups list (#5602),Prevent race condition with location reload and backups list (#5602)
home-assistant/supervisor,6e7fac5493fb219b543de877318477b032a77fc4,2025-02,1,post,2025-02-06T09:28:19+01:00,2025-02-06T09:28:19+01:00,dependabot[bot],49699333+dependabot[bot]@users.noreply.github.com,GitHub,noreply@github.com,1,0,1,1,1,0,0,0,,,,,dependabot,0,5607,Bump dbus-fast from 2.32.0 to 2.33.0 (#5607),"Bump dbus-fast from 2.32.0 to 2.33.0 (#5607)

Bumps [dbus-fast](https://github.com/bluetooth-devices/dbus-fast) from 2.32.0 to 2.33.0.
- [Release notes](https://github.com/bluetooth-devices/dbus-fast/releases)
- [Changelog](https://github.com/Bluetooth-Devices/dbus-fast/blob/main/CHANGELOG.md)
- [Commits](https://github.com/bluetooth-devices/dbus-fast/compare/v2.32.0...v2.33.0)

---
updated-dependencies:
- dependency-name: dbus-fast
  dependency-type: direct:production
  update-type: version-update:semver-minor
...

Signed-off-by: dependabot[bot] <support@github.com>
Co-authored-by: dependabot[bot] <49699333+dependabot[bot]@users.noreply.github.com>"
home-assistant/supervisor,9a8e52d1fc0a97fff3b4737789badd6c487a7ee1,2025-02,1,post,2025-02-06T09:37:03+01:00,2025-02-06T09:37:03+01:00,dependabot[bot],49699333+dependabot[bot]@users.noreply.github.com,GitHub,noreply@github.com,1,0,1,1,1,0,0,0,,,,,dependabot,0,5608,Bump aiohttp from 3.11.11 to 3.11.12 (#5608),"Bump aiohttp from 3.11.11 to 3.11.12 (#5608)

---
updated-dependencies:
- dependency-name: aiohttp
  dependency-type: direct:production
  update-type: version-update:semver-patch
...

Signed-off-by: dependabot[bot] <support@github.com>
Co-authored-by: dependabot[bot] <49699333+dependabot[bot]@users.noreply.github.com>"
home-assistant/supervisor,d254937590deb8097d7a220d80eac452651a8379,2025-02,1,post,2025-02-06T11:15:56+01:00,2025-02-06T11:15:56+01:00,ue9acf10ae3811d11,ue9acf10ae3811d11@users.invalid,GitHub,noreply@github.com,1,0,4,2,96,3,0,64,,,,,,0,5605,Drop Docker config from Supervisor backup (#5605),"Drop Docker config from Supervisor backup (#5605)

* Drop Docker config from Supervisor backup

The Docker config is part of the main backup metadata. Because we
consolidate encrypted and unencrypted backups today, this leads to
potential bugs when restoring a backup.

* Drop obsolete encrypt/decrypt functions

* Drop unused Backup Job stage"
home-assistant/supervisor,207804406211a61918aa3753220a4bfb29e1eced,2025-02,1,post,2025-02-06T17:34:18+01:00,2025-02-06T17:34:18+01:00,github-actions[bot],41898282+github-actions[bot]@users.noreply.github.com,GitHub,noreply@github.com,1,0,3889,4318,2610,0,0,0,,,,,github-actions,0,5543,Autoupdate frontend to version 20250205.0 (#5543),"Autoupdate frontend to version 20250205.0 (#5543)

Co-authored-by: github-actions[bot] <41898282+github-actions[bot]@users.noreply.github.com>"
home-assistant/supervisor,7348745049511252eb29a21267f51842adc6325c,2025-02,1,post,2025-02-06T18:17:46+01:00,2025-02-06T18:17:46+01:00,ue9acf10ae3811d11,ue9acf10ae3811d11@users.invalid,GitHub,noreply@github.com,1,0,2,8,7,1,4,3,,,,,,0,5609,Print the exact reason if the WebSocket event to Core fails (#5609),"Print the exact reason if the WebSocket event to Core fails (#5609)

* Print the exact reason if the WebSocket event to Core fails

* Improve error at backup end too, fix tests

* Fix text

* Address ruff check issue"
home-assistant/supervisor,ef0352ecd69aadebb2159543352d975880305c77,2025-02,1,post,2025-02-07T09:18:45+01:00,2025-02-07T09:18:45+01:00,dependabot[bot],49699333+dependabot[bot]@users.noreply.github.com,GitHub,noreply@github.com,1,0,1,1,1,0,0,0,,,,,dependabot,0,5612,Bump ruff from 0.9.4 to 0.9.5 (#5612),Bump ruff from 0.9.4 to 0.9.5 (#5612)
home-assistant/supervisor,ff7086c0d08898a45a98e4c3583d9257d1b9ca4f,2025-02,1,post,2025-02-07T11:30:45+01:00,2025-02-07T11:30:45+01:00,dependabot[bot],49699333+dependabot[bot]@users.noreply.github.com,GitHub,noreply@github.com,1,0,1,1,1,0,0,0,,,,,dependabot,0,5611,Bump getsentry/action-release from 1.9.0 to 1.10.1 (#5611),"Bump getsentry/action-release from 1.9.0 to 1.10.1 (#5611)

Bumps [getsentry/action-release](https://github.com/getsentry/action-release) from 1.9.0 to 1.10.1.
- [Release notes](https://github.com/getsentry/action-release/releases)
- [Changelog](https://github.com/getsentry/action-release/blob/master/CHANGELOG.md)
- [Commits](https://github.com/getsentry/action-release/compare/v1.9.0...v1.10.1)

---
updated-dependencies:
- dependency-name: getsentry/action-release
  dependency-type: direct:production
  update-type: version-update:semver-minor
...

Signed-off-by: dependabot[bot] <support@github.com>
Co-authored-by: dependabot[bot] <49699333+dependabot[bot]@users.noreply.github.com>"
home-assistant/supervisor,de592a6ef49f682cc13cef972cd0e607e9667fbf,2025-02,1,post,2025-02-10T07:57:14+01:00,2025-02-10T07:57:14+01:00,dependabot[bot],49699333+dependabot[bot]@users.noreply.github.com,GitHub,noreply@github.com,1,0,1,1,1,0,0,0,,,,,dependabot,0,5614,Bump coverage from 7.6.10 to 7.6.11 (#5614),Bump coverage from 7.6.10 to 7.6.11 (#5614)
home-assistant/supervisor,7aed0c1b0d6e7df8b1e9348dd63d06f809d4b599,2025-02,1,post,2025-02-10T07:57:30+01:00,2025-02-10T07:57:30+01:00,dependabot[bot],49699333+dependabot[bot]@users.noreply.github.com,GitHub,noreply@github.com,1,0,1,1,1,0,0,0,,,,,dependabot,0,5615,Bump getsentry/action-release from 1.10.1 to 1.10.2 (#5615),Bump getsentry/action-release from 1.10.1 to 1.10.2 (#5615)
home-assistant/supervisor,63a4cee770e99bbc7359aa59aa3921d5fa17394f,2025-02,1,post,2025-02-11T07:48:02+01:00,2025-02-11T07:48:02+01:00,dependabot[bot],49699333+dependabot[bot]@users.noreply.github.com,GitHub,noreply@github.com,1,0,1,1,1,0,0,0,,,,,dependabot,0,5618,Bump ruff from 0.9.5 to 0.9.6 (#5618),Bump ruff from 0.9.5 to 0.9.6 (#5618)
home-assistant/supervisor,fa6949f4e4c78ccc879c8bdaed554982c9eda78a,2025-02,1,post,2025-02-11T11:39:24+01:00,2025-02-11T11:39:24+01:00,dependabot[bot],49699333+dependabot[bot]@users.noreply.github.com,GitHub,noreply@github.com,1,0,1,1,1,0,0,0,,,,,dependabot,0,5619,Bump getsentry/action-release from 1.10.2 to 1.10.4 (#5619),"Bump getsentry/action-release from 1.10.2 to 1.10.4 (#5619)

Bumps [getsentry/action-release](https://github.com/getsentry/action-release) from 1.10.2 to 1.10.4.
- [Release notes](https://github.com/getsentry/action-release/releases)
- [Changelog](https://github.com/getsentry/action-release/blob/master/CHANGELOG.md)
- [Commits](https://github.com/getsentry/action-release/compare/v1.10.2...v1.10.4)

---
updated-dependencies:
- dependency-name: getsentry/action-release
  dependency-type: direct:production
  update-type: version-update:semver-patch
...

Signed-off-by: dependabot[bot] <support@github.com>
Co-authored-by: dependabot[bot] <49699333+dependabot[bot]@users.noreply.github.com>"
home-assistant/supervisor,52cc17fa3fa0809ee89423a07ad5961f24d0db33,2025-02,1,post,2025-02-11T13:22:33+01:00,2025-02-11T07:22:33-05:00,ue1fc990c4f6dfd9c,ue1fc990c4f6dfd9c@users.invalid,GitHub,noreply@github.com,1,0,13,121,36,5,34,6,,,,,,0,5603,Delay initial version fetch until there is connectivity (#5603),"Delay initial version fetch until there is connectivity (#5603)

* Delay inital version fetch until there is connectivity

* Add test

* Only mock get not whole websession object

* drive delayed fetch off of supervisor connectivity not host

* Fix test to not rely on sleep guessing to track tasks

* Use fixture to remove job throttle temporarily"
home-assistant/supervisor,5cd7f6fd8469945efcd952e3b4d8f3a6e61dcec7,2025-02,1,post,2025-02-12T08:04:09+01:00,2025-02-12T08:04:09+01:00,dependabot[bot],49699333+dependabot[bot]@users.noreply.github.com,GitHub,noreply@github.com,1,0,1,1,1,0,0,0,,,,,dependabot,0,5622,Bump coverage from 7.6.11 to 7.6.12 (#5622),Bump coverage from 7.6.11 to 7.6.12 (#5622)
home-assistant/supervisor,1475dcb50b4cdb9337ba662dcdf15ce6377ad2b7,2025-02,1,post,2025-02-12T13:43:01+01:00,2025-02-12T13:43:01+01:00,dependabot[bot],49699333+dependabot[bot]@users.noreply.github.com,GitHub,noreply@github.com,1,0,1,1,1,0,0,0,,,,,dependabot,0,5621,Bump cryptography from 44.0.0 to 44.0.1 (#5621),"Bump cryptography from 44.0.0 to 44.0.1 (#5621)

Bumps [cryptography](https://github.com/pyca/cryptography) from 44.0.0 to 44.0.1.
- [Changelog](https://github.com/pyca/cryptography/blob/main/CHANGELOG.rst)
- [Commits](https://github.com/pyca/cryptography/compare/44.0.0...44.0.1)

---
updated-dependencies:
- dependency-name: cryptography
  dependency-type: direct:production
...

Signed-off-by: dependabot[bot] <support@github.com>
Co-authored-by: dependabot[bot] <49699333+dependabot[bot]@users.noreply.github.com>
Co-authored-by: uff52318a5888d1e4 <uff52318a5888d1e4@users.invalid>"
home-assistant/supervisor,ed5a0b511ead31c543ce8fe88c2bf769cf3e3947,2025-02,1,post,2025-02-13T10:32:49+01:00,2025-02-13T10:32:49+01:00,dependabot[bot],49699333+dependabot[bot]@users.noreply.github.com,GitHub,noreply@github.com,1,0,1,1,1,0,0,0,,,,,dependabot,0,5625,Bump sentry-sdk from 2.20.0 to 2.21.0 (#5625),"Bump sentry-sdk from 2.20.0 to 2.21.0 (#5625)

Bumps [sentry-sdk](https://github.com/getsentry/sentry-python) from 2.20.0 to 2.21.0.
- [Release notes](https://github.com/getsentry/sentry-python/releases)
- [Changelog](https://github.com/getsentry/sentry-python/blob/master/CHANGELOG.md)
- [Commits](https://github.com/getsentry/sentry-python/compare/2.20.0...2.21.0)

---
updated-dependencies:
- dependency-name: sentry-sdk
  dependency-type: direct:production
  update-type: version-update:semver-minor
...

Signed-off-by: dependabot[bot] <support@github.com>
Co-authored-by: dependabot[bot] <49699333+dependabot[bot]@users.noreply.github.com>"
home-assistant/supervisor,2cb2a481845484feac0611998c0ffde49aa8be5b,2025-02,1,post,2025-02-14T11:05:21+01:00,2025-02-14T11:05:21+01:00,dependabot[bot],49699333+dependabot[bot]@users.noreply.github.com,GitHub,noreply@github.com,1,0,1,1,1,0,0,0,,,,,dependabot,0,5628,Bump securetar from 2025.1.4 to 2025.2.0 (#5628),"Bump securetar from 2025.1.4 to 2025.2.0 (#5628)

Bumps [securetar](https://github.com/pvizeli/securetar) from 2025.1.4 to 2025.2.0.
- [Release notes](https://github.com/pvizeli/securetar/releases)
- [Commits](https://github.com/pvizeli/securetar/compare/2025.1.4...2025.2.0)

---
updated-dependencies:
- dependency-name: securetar
  dependency-type: direct:production
  update-type: version-update:semver-minor
...

Signed-off-by: dependabot[bot] <support@github.com>
Co-authored-by: dependabot[bot] <49699333+dependabot[bot]@users.noreply.github.com>"
home-assistant/supervisor,9b2dbd634dcaff1bd4aced0ab076a52cea110339,2025-02,1,post,2025-02-14T13:12:56+01:00,2025-02-14T13:12:56+01:00,ue9acf10ae3811d11,ue9acf10ae3811d11@users.invalid,GitHub,noreply@github.com,1,0,1,4,2,1,4,2,,,,,,0,5630,Avoid exception when handling closed WebSocket connection (#5630),"Avoid exception when handling closed WebSocket connection (#5630)

When delivering multiple messages to Core, and the first fails with a
connection error, the second message will also fail with the same error.
But at this point the connection is already clsoed, which leads to an
exception in the exception handler. Avoid this compunding error by
checking if the connection is still exists before trying to close.

Fixes: #5629"
home-assistant/supervisor,4c108eea6411df12e9292e4171c1ca2c8d8b129f,2025-02,1,post,2025-02-14T18:19:35+01:00,2025-02-14T18:19:35+01:00,ue9acf10ae3811d11,ue9acf10ae3811d11@users.invalid,GitHub,noreply@github.com,1,0,6,49,41,2,17,21,,,,,,0,5632,Always validate Backup before restoring (#5632),"Always validate Backup before restoring (#5632)

* Validate Backup always before restoring

Since #5519 we check the encryption password early in restore case.
This has the side effect that we check the file existance early too.
However, in the non-encryption case, the file is not checked early.

This PR changes the behavior to always validate the backup file before
restoring, ensuring both encryption and non-encryption cases are
handled consistently.

In particular, the last case of test_restore_immediate_errors actually
validates that behavior. That test should actually have failed so far.
But it seems that because we validate the backup shortly after freeze
anyways, the exception still got raised early enough.

A simply `await asyncio.sleep(10)` right after the freeze makes the
test case fail. With this change, the test works consistently.

* Address pylint

* Fix backup_manager tests

* Drop warning message"
home-assistant/supervisor,3bc55c054a104a46d06812922c6730fb37255c21,2025-02,1,post,2025-02-18T12:28:17+01:00,2025-02-18T12:28:17+01:00,dependabot[bot],49699333+dependabot[bot]@users.noreply.github.com,GitHub,noreply@github.com,1,0,1,1,1,0,0,0,,,,,dependabot,0,5638,Bump sentry-sdk from 2.21.0 to 2.22.0 (#5638),"Bump sentry-sdk from 2.21.0 to 2.22.0 (#5638)

Bumps [sentry-sdk](https://github.com/getsentry/sentry-python) from 2.21.0 to 2.22.0.
- [Release notes](https://github.com/getsentry/sentry-python/releases)
- [Changelog](https://github.com/getsentry/sentry-python/blob/master/CHANGELOG.md)
- [Commits](https://github.com/getsentry/sentry-python/compare/2.21.0...2.22.0)

---
updated-dependencies:
- dependency-name: sentry-sdk
  dependency-type: direct:production
  update-type: version-update:semver-minor
...

Signed-off-by: dependabot[bot] <support@github.com>
Co-authored-by: dependabot[bot] <49699333+dependabot[bot]@users.noreply.github.com>"
home-assistant/supervisor,249464e92867332b7bb658e6ae74fbe5eaafb817,2025-02,1,post,2025-02-18T18:44:37+01:00,2025-02-18T18:44:37+01:00,uc99e7580c7a8e9ca,uc99e7580c7a8e9ca@users.invalid,GitHub,noreply@github.com,1,0,1,2,2,0,0,0,,,,,,0,5640,Generate Python bytecode for site-packages during build (#5640),"Generate Python bytecode for site-packages during build (#5640)

Since transition from pip to uv in #5152, Supervisor container doesn't
contain bytecode for site-packages anymore, and because our AppArmor
profile denies mkdir operations, the compiled *.pyc files are never
created. Enable uv --compile option to opt for the same behavior as pip
had, to fix of the AA errors and the potential penalty of compilation on
every import."
home-assistant/supervisor,ad5827d33fcdb448b156edbd492c482df90c2930,2025-02,1,post,2025-02-18T19:26:36+01:00,2025-02-18T19:26:36+01:00,ucc3afc0d8aeb651b,ucc3afc0d8aeb651b@users.invalid,GitHub,noreply@github.com,1,0,1,3,3,0,0,0,,,,,,0,5641,Bump uv to 0.6.1 (#5641),"Bump uv to 0.6.1 (#5641)

* Bump uv to 0.6.0

* Bump uv to 0.6.1"
home-assistant/supervisor,4054749eb24e3bcf99ae210aac3447cba424a1ba,2025-02,1,post,2025-02-18T14:54:23-05:00,2025-02-18T20:54:23+01:00,ucc3afc0d8aeb651b,ucc3afc0d8aeb651b@users.invalid,GitHub,noreply@github.com,1,0,1,1,1,0,0,0,,,,,,0,5642,Use uv to install supervisor (#5642),Use uv to install supervisor (#5642)
home-assistant/supervisor,606db3585cb07a7e04a309fbfd540403da1a4e86,2025-02,1,post,2025-02-18T20:59:09+01:00,2025-02-18T20:59:09+01:00,ue9acf10ae3811d11,ue9acf10ae3811d11@users.invalid,GitHub,noreply@github.com,1,0,7,223,194,6,219,185,,,,,,0,5634,Remove I/O in event loop for backup create and restore operations (#5634),"Remove I/O in event loop for backup create and restore operations (#5634)

* Remove I/O from backup create() function

* Move mount check into exectutor thread

* Remove I/O from backup open() function

* Remove I/O from _folder_save()

* Refactor remove_folder and remove_folder_with_excludes

Make remove_folder and remove_folder_with_excludes synchronous
functions which need to be run in an executor thread to be safely used
in asyncio. This makes them better composable with other I/O operations
like checking for file existence etc.

* Fix logger typo

* Use return values for functions running in an exectutor

* Move location check into a separate function

* Fix extract"
home-assistant/supervisor,5f8e41b441991f0d4c15fcd5f482dfd008c7cb00,2025-02,1,post,2025-02-19T09:12:36+01:00,2025-02-19T09:12:36+01:00,ue9acf10ae3811d11,ue9acf10ae3811d11@users.invalid,GitHub,noreply@github.com,1,0,1,1,1,1,1,1,,,,,,0,5644,Capture errors correctly while copying backups (#5644),"Capture errors correctly while copying backups (#5644)

Make sure we correctly capture errors while copying backups by using
the current job instance."
home-assistant/supervisor,37bc703bbb3d0afe1a397cca579a335f72216cbf,2025-02,1,post,2025-02-19T10:45:22+01:00,2025-02-19T10:45:22+01:00,ue9acf10ae3811d11,ue9acf10ae3811d11@users.invalid,GitHub,noreply@github.com,1,0,1,4,3,0,0,0,,,,,,0,5646,Disable uv cache when creating container image (#5646),"Disable uv cache when creating container image (#5646)

We don't intent to run uv again, so the cache is not really useful.
The cache directory size is around 80MB, however, the files are mostly
hardlinks to the original files in `/usr/local/lib/python3.13/site-packages`
so the actual saving is much smaller."
home-assistant/supervisor,34939cfe521d2b096f66206597722d5c8e148b6e,2025-02,1,post,2025-02-19T16:00:17+01:00,2025-02-19T16:00:17+01:00,ue9acf10ae3811d11,ue9acf10ae3811d11@users.invalid,GitHub,noreply@github.com,1,0,11,102,75,7,46,39,,,,,,0,5647,"Remove I/O in event loop for backup load, import and remove (#5647)","Remove I/O in event loop for backup load, import and remove (#5647)

* Avoid IO in event loop when removing backup

* Refactor backup size calculation

Currently size is lazy loaded when required via properties. This
however is blocking the async event loop.

Backup sizes don't change. Instead of lazy loading the size of a backup
simply determine it on loading/after creation.

* Fix tests for backup size change

* Avoid IO in event loop when loading backups

* Avoid IO in event loop when importing a backup"
home-assistant/supervisor,c8cc6fe00377dd2c57936c6e31043faa6bd4aa52,2025-02,1,post,2025-02-19T20:11:37+01:00,2025-02-19T20:11:37+01:00,ue9acf10ae3811d11,ue9acf10ae3811d11@users.invalid,GitHub,noreply@github.com,1,0,1,27,31,1,27,31,,,,,,0,5648,Remove I/O in event loop for Home Assistant Core backup (#5648),"Remove I/O in event loop for Home Assistant Core backup (#5648)

* Remove I/O in event loop for Home Assistant Core backup

The Home Assistant Core backup still contains some I/O in the event
loop. Move all I/O into the executor.

* Update supervisor/homeassistant/module.py

Co-authored-by: ue1fc990c4f6dfd9c <ue1fc990c4f6dfd9c@users.invalid>

---------

Co-authored-by: ue1fc990c4f6dfd9c <ue1fc990c4f6dfd9c@users.invalid>"
home-assistant/supervisor,cda6325be4c26023be8ea6f90a0ac9cb0b6592da,2025-02,1,post,2025-02-20T09:07:48+01:00,2025-02-20T09:07:48+01:00,dependabot[bot],49699333+dependabot[bot]@users.noreply.github.com,GitHub,noreply@github.com,1,0,1,13,13,0,0,0,,,,,dependabot,0,5650,Bump actions/cache from 4.2.0 to 4.2.1 (#5650),Bump actions/cache from 4.2.0 to 4.2.1 (#5650)
home-assistant/supervisor,997a51fc428ef7d6775da26b26016e2cf96f4f03,2025-02,1,post,2025-02-21T00:24:36+01:00,2025-02-21T00:24:36+01:00,ue9acf10ae3811d11,ue9acf10ae3811d11@users.invalid,GitHub,noreply@github.com,1,0,4,101,81,3,98,78,,,,,,0,5649,Remove I/O in event loop for add-on backup and restore (#5649),"Remove I/O in event loop for add-on backup and restore (#5649)

* Remove I/O in event loop for add-on backup and restore

Remove I/O in event loop for add-on backup and restore operations. On
backup, this moves the add-on shutdown before metadata is stored in the
backup, which slightly lenghens the time the add-on is actually stopped.

However, the biggest contributor here is likely adding the image
itself if it is a local backup. However, since that is the minority of
cases, I've opted for simplicity over optimizing for this case.

* Use partial to explicitly bind arguments"
home-assistant/supervisor,616f1903b77cdcfa1c0a7eb1b8252020e7f70775,2025-02,1,post,2025-02-21T14:50:51+01:00,2025-02-21T14:50:51+01:00,dependabot[bot],49699333+dependabot[bot]@users.noreply.github.com,GitHub,noreply@github.com,1,0,1,1,1,0,0,0,,,,,dependabot,0,5653,Bump ruff from 0.9.6 to 0.9.7 (#5653),Bump ruff from 0.9.6 to 0.9.7 (#5653)
home-assistant/supervisor,1f6cdc30184411bceadc16e8e1de9cbf1c3ddc68,2025-02,1,post,2025-02-21T19:36:11+01:00,2025-02-21T19:36:11+01:00,dependabot[bot],49699333+dependabot[bot]@users.noreply.github.com,GitHub,noreply@github.com,1,0,2,2,2,0,0,0,,,,,dependabot,0,5654,Bump sigstore/cosign-installer from 3.8.0 to 3.8.1 (#5654),"Bump sigstore/cosign-installer from 3.8.0 to 3.8.1 (#5654)

Co-authored-by: dependabot[bot] <49699333+dependabot[bot]@users.noreply.github.com>"
home-assistant/supervisor,d8f792950b370e9e9554a6ddbddb3727c455a71a,2025-02,1,post,2025-02-22T21:44:20+01:00,2025-02-22T21:44:20+01:00,github-actions[bot],41898282+github-actions[bot]@users.noreply.github.com,GitHub,noreply@github.com,1,0,564,325,325,0,0,0,,,,,github-actions,0,5616,Autoupdate frontend to version 20250221.0 (#5616),"Autoupdate frontend to version 20250221.0 (#5616)

Co-authored-by: github-actions[bot] <41898282+github-actions[bot]@users.noreply.github.com>"
home-assistant/supervisor,392dd9f9048a5c0ff1193d575d8d4d1fe437130a,2025-02,1,post,2025-02-24T08:31:37+01:00,2025-02-24T08:31:37+01:00,dependabot[bot],49699333+dependabot[bot]@users.noreply.github.com,GitHub,noreply@github.com,1,0,1,1,1,0,0,0,,,,,dependabot,0,5658,Bump zlib-fast from 0.2.0 to 0.2.1 (#5658),Bump zlib-fast from 0.2.0 to 0.2.1 (#5658)
home-assistant/supervisor,c35746c3e1fc37bd553b120d0add38abacbbfb10,2025-02,1,post,2025-02-24T08:33:31+01:00,2025-02-24T08:33:31+01:00,dependabot[bot],49699333+dependabot[bot]@users.noreply.github.com,GitHub,noreply@github.com,1,0,1,1,1,0,0,0,,,,,dependabot,0,5659,Bump actions/upload-artifact from 4.6.0 to 4.6.1 (#5659),Bump actions/upload-artifact from 4.6.0 to 4.6.1 (#5659)
home-assistant/supervisor,32936e5de0f619c1e007343c20537dfb23114aeb,2025-02,1,post,2025-02-24T12:30:39+01:00,2025-02-24T12:30:39+01:00,ue9acf10ae3811d11,ue9acf10ae3811d11@users.invalid,GitHub,noreply@github.com,1,0,1,4,3,1,4,3,,,,,,0,5660,Handle non-zero subprocess exits (#5660),"Handle non-zero subprocess exits (#5660)

With PR #5634 (which had the goal to remove I/O in event loop for backup
operations) the semantics of `remove_folder` changed slightly: Non-zero
exits of subprocesses were no longer handled, but lead to a
CalledProcessError.

Now to restore the semantics of `remove_folder` we should simply log an
error. However, this semantic change actually uncovered a potential
problem in deployed systems: There are 34 users on beta channel which
regularly seem to run `FixupStoreExecuteReset`, and with the semantic
change we see those errors in Sentry.

An obvious problem could be no storage. But in a quick test that would
not execute the repair in first place since the fixup has the job
condition `FREE_SPACE` set. So the problem is likely elsewhere.

With this change, we log the stderr of find, while still raising the
exception. With that we should get more context in Sentry to see what
could be the underlying error."
home-assistant/supervisor,ce8b107f1ea0c22c976676e84a761c5870783874,2025-02,1,post,2025-02-24T21:34:23+01:00,2025-02-24T21:34:23+01:00,ue9acf10ae3811d11,ue9acf10ae3811d11@users.invalid,GitHub,noreply@github.com,1,0,3,64,4,2,26,3,,,,,,0,5662,Handle OS errors on backup create (#5662),"Handle OS errors on backup create (#5662)

* Handle permission error on backup create

Make sure we handle (write) permission errors when creating a backup.

* Introduce BackupFileExistError and BackupPermissionError exceptions

* Make error messages a bit more uniform

* Drop use of exclusive mode

SecureTar does not handle exclusive mode nicely. Drop use of it for now."
home-assistant/supervisor,802ee25a8ba4b10c40f16f33c49420bd199812e0,2025-02,1,post,2025-02-25T08:48:07+01:00,2025-02-25T08:48:07+01:00,ue9acf10ae3811d11,ue9acf10ae3811d11@users.invalid,GitHub,noreply@github.com,1,0,1,1,1,0,0,0,,,,,,0,5667,Build Python wheels for Python 3.13 (#5667),Build Python wheels for Python 3.13 (#5667)
home-assistant/supervisor,da8c6cf1117e1b3d9522a293912376f5d455b389,2025-02,1,post,2025-02-25T09:02:09+01:00,2025-02-25T08:57:11+01:00,ue9acf10ae3811d11,ue9acf10ae3811d11@users.invalid,ue9acf10ae3811d11,ue9acf10ae3811d11@users.invalid,1,0,2,5,3,2,5,3,,,,,,0,,Fix add-on store reset,"Fix add-on store reset

Make sure that add-on store resets do not delete the root folder. This
is important so that successive reset attempts do not fail (the
directory passed to `remove_folder` must exist, otherwise find fails
with an non-zero exit code).

While at it, handle find errors properly and report errors as critical."
home-assistant/supervisor,5733db94aa98ea3665bb7d2cfb56ffa0bbddbadb,2025-02,1,post,2025-02-25T09:10:27+01:00,2025-02-25T09:10:27+01:00,ue9acf10ae3811d11,ue9acf10ae3811d11@users.invalid,ue9acf10ae3811d11,ue9acf10ae3811d11@users.invalid,1,0,2,3,5,2,3,5,,,,,,1,,"Revert ""Fix add-on store reset""","Revert ""Fix add-on store reset""

This reverts commit da8c6cf1117e1b3d9522a293912376f5d455b389."
home-assistant/supervisor,0acef4a6e6264bdf8c706eb5286beca7b1b107a2,2025-02,1,post,2025-02-25T09:15:24+01:00,2025-02-25T09:15:24+01:00,dependabot[bot],49699333+dependabot[bot]@users.noreply.github.com,GitHub,noreply@github.com,1,0,1,1,1,0,0,0,,,,,dependabot,0,5666,Bump dbus-fast from 2.33.0 to 2.34.0 (#5666),"Bump dbus-fast from 2.33.0 to 2.34.0 (#5666)

Co-authored-by: dependabot[bot] <49699333+dependabot[bot]@users.noreply.github.com>"
home-assistant/supervisor,a8d2743f563a80913bdc61b85c7d561a389ae418,2025-02,1,post,2025-02-25T11:36:35+01:00,2025-02-25T11:36:35+01:00,ue9acf10ae3811d11,ue9acf10ae3811d11@users.invalid,GitHub,noreply@github.com,1,0,1,2,1,0,0,0,,,,,,0,5670,Define CPU architecture to fix armhf builds (#5670),Define CPU architecture to fix armhf builds (#5670)
home-assistant/supervisor,644ec45ded3c843048869a6419c9f01d0695f337,2025-02,1,post,2025-02-25T12:02:45+01:00,2025-02-25T12:02:45+01:00,dependabot[bot],49699333+dependabot[bot]@users.noreply.github.com,GitHub,noreply@github.com,1,0,1,1,1,0,0,0,,,,,dependabot,0,5665,Bump aiohttp from 3.11.12 to 3.11.13 (#5665),"Bump aiohttp from 3.11.12 to 3.11.13 (#5665)

---
updated-dependencies:
- dependency-name: aiohttp
  dependency-type: direct:production
  update-type: version-update:semver-patch
...

Signed-off-by: dependabot[bot] <support@github.com>
Co-authored-by: dependabot[bot] <49699333+dependabot[bot]@users.noreply.github.com>"
home-assistant/supervisor,15e8940c7fb489bcc08556c104d7701cefa2fb6f,2025-02,1,post,2025-02-25T17:11:23+01:00,2025-02-25T17:11:23+01:00,ue9acf10ae3811d11,ue9acf10ae3811d11@users.invalid,GitHub,noreply@github.com,1,0,4,25,11,4,25,11,,,,,,0,5664,Improve D-Bus timeout error handling (#5664),"Improve D-Bus timeout error handling (#5664)

* Improve D-Bus timeout error handling

Typically D-Bus timeouts are related to systemd activation timing out
after 25s. The current dbus-fast timeout of 10s is well below that
so we never get the actual D-Bus error. This increases the dbus-fast
timeout to 30s, which will make sure we wait long enought to get the
actual D-Bus error from the broker.

Note that this should not slow down a typical system, since we tried
three times each waiting for 10s. With the new error handling typically
we'll end up waiting 25s and then receive the actual D-Bus error. There
is no point in waiting for multiple D-Bus/systemd caused timeouts.

* Create D-Bus TimedOut exception"
home-assistant/supervisor,42e78408a713123a32765d661ac8096e437f1ddd,2025-02,1,post,2025-02-25T17:11:34+01:00,2025-02-25T17:11:34+01:00,ue9acf10ae3811d11,ue9acf10ae3811d11@users.invalid,GitHub,noreply@github.com,1,0,3,9,4,2,5,3,,,,,,0,5669,Fix add-on store reset (#5669),"Fix add-on store reset (#5669)

Make sure that add-on store resets do not delete the root folder. This
is important so that successive reset attempts do not fail (the
directory passed to `remove_folder` must exist, otherwise find fails
with an non-zero exit code).

While at it, handle find errors properly and report errors as critical."
home-assistant/supervisor,6db11a8ade0f42f3a1a284d96b6611ec8a332491,2025-02,1,post,2025-02-26T08:46:38+01:00,2025-02-26T08:46:38+01:00,dependabot[bot],49699333+dependabot[bot]@users.noreply.github.com,GitHub,noreply@github.com,1,0,1,2,2,0,0,0,,,,,dependabot,0,5674,Bump home-assistant/builder from 2024.08.2 to 2025.02.0 (#5674),"Bump home-assistant/builder from 2024.08.2 to 2025.02.0 (#5674)

Co-authored-by: dependabot[bot] <49699333+dependabot[bot]@users.noreply.github.com>"
home-assistant/supervisor,ddbde93a6d4fe5dfc17edc5b46fd1ed4297177e5,2025-02,1,post,2025-02-26T08:51:16+01:00,2025-02-26T08:51:16+01:00,dependabot[bot],49699333+dependabot[bot]@users.noreply.github.com,GitHub,noreply@github.com,1,0,1,1,1,0,0,0,,,,,dependabot,0,5676,Bump setuptools from 75.8.0 to 75.8.1 (#5676),"Bump setuptools from 75.8.0 to 75.8.1 (#5676)

Co-authored-by: dependabot[bot] <49699333+dependabot[bot]@users.noreply.github.com>"
home-assistant/supervisor,3bd732147ce89cadc75d0eca64c0684708a2dec5,2025-02,1,post,2025-02-26T08:51:39+01:00,2025-02-26T08:51:39+01:00,dependabot[bot],49699333+dependabot[bot]@users.noreply.github.com,GitHub,noreply@github.com,1,0,1,1,1,0,0,0,,,,,dependabot,0,5675,Bump actions/download-artifact from 4.1.8 to 4.1.9 (#5675),"Bump actions/download-artifact from 4.1.8 to 4.1.9 (#5675)

Co-authored-by: dependabot[bot] <49699333+dependabot[bot]@users.noreply.github.com>"
home-assistant/supervisor,c315a158168fa7e4883a77f379e7cf5a067f9fec,2025-02,1,post,2025-02-26T09:30:22-05:00,2025-02-26T09:30:22-05:00,dependabot[bot],49699333+dependabot[bot]@users.noreply.github.com,GitHub,noreply@github.com,1,0,4,7,7,3,6,6,,,,,dependabot,0,5671,Bump securetar from 2025.2.0 to 2025.2.1 (#5671),"Bump securetar from 2025.2.0 to 2025.2.1 (#5671)

* Bump securetar from 2025.2.0 to 2025.2.1

Bumps [securetar](https://github.com/pvizeli/securetar) from 2025.2.0 to 2025.2.1.
- [Release notes](https://github.com/pvizeli/securetar/releases)
- [Commits](https://github.com/pvizeli/securetar/compare/2025.2.0...2025.2.1)

---
updated-dependencies:
- dependency-name: securetar
  dependency-type: direct:production
  update-type: version-update:semver-patch
...

Signed-off-by: dependabot[bot] <support@github.com>

* Handle new AddFileError where atomic_contents_add is used

---------

Signed-off-by: dependabot[bot] <support@github.com>
Co-authored-by: dependabot[bot] <49699333+dependabot[bot]@users.noreply.github.com>
Co-authored-by: ue9acf10ae3811d11 <ue9acf10ae3811d11@users.invalid>"
home-assistant/supervisor,ae266e1692ed5bacdd8e26381aa2bdddf574fd28,2025-02,1,post,2025-02-26T13:10:40-05:00,2025-02-26T19:10:40+01:00,ue9acf10ae3811d11,ue9acf10ae3811d11@users.invalid,GitHub,noreply@github.com,1,0,1,2,2,1,2,2,,,,,,0,5672,Improve Supervisor restart detection message (#5672),"Improve Supervisor restart detection message (#5672)

The word ""reboot"" is usually used when a operating system is restarted.
The current log message could be interpreted that the Supervisor
detected an operating system reboot.

Use restart to make it clear that the Supervisor detected a restart of
itself."
home-assistant/supervisor,31193abb7bdb2807c2ee551728d2198d6c5526aa,2025-02,1,post,2025-02-26T19:11:11+01:00,2025-02-26T13:11:11-05:00,ue1fc990c4f6dfd9c,ue1fc990c4f6dfd9c@users.invalid,GitHub,noreply@github.com,1,0,48,297,279,33,220,165,,,,,,0,5652,FileConfiguration uses executor for I/O (#5652),"FileConfiguration uses executor for I/O (#5652)

* FileConfiguration uses executor for I/O

* Fix credentials tests

* Remove migrate_system_env as its very deprecated"
home-assistant/supervisor,ff111253d55358d99625b396cfc861a4d4c9442e,2025-02,1,post,2025-02-27T09:04:03+01:00,2025-02-27T09:04:03+01:00,dependabot[bot],49699333+dependabot[bot]@users.noreply.github.com,GitHub,noreply@github.com,1,0,1,1,1,0,0,0,,,,,dependabot,0,5679,Bump setuptools from 75.8.1 to 75.8.2 (#5679),"Bump setuptools from 75.8.1 to 75.8.2 (#5679)

Bumps [setuptools](https://github.com/pypa/setuptools) from 75.8.1 to 75.8.2.
- [Release notes](https://github.com/pypa/setuptools/releases)
- [Changelog](https://github.com/pypa/setuptools/blob/main/NEWS.rst)
- [Commits](https://github.com/pypa/setuptools/compare/v75.8.1...v75.8.2)

---
updated-dependencies:
- dependency-name: setuptools
  dependency-type: direct:production
  update-type: version-update:semver-patch
...

Signed-off-by: dependabot[bot] <support@github.com>
Co-authored-by: dependabot[bot] <49699333+dependabot[bot]@users.noreply.github.com>"
home-assistant/supervisor,ddee79d20979119760884c5bbe4ab861222119b5,2025-02,1,post,2025-02-27T09:04:24+01:00,2025-02-27T09:04:24+01:00,dependabot[bot],49699333+dependabot[bot]@users.noreply.github.com,GitHub,noreply@github.com,1,0,1,1,1,0,0,0,,,,,dependabot,0,5680,Bump codecov/codecov-action from 5.3.1 to 5.4.0 (#5680),"Bump codecov/codecov-action from 5.3.1 to 5.4.0 (#5680)

Bumps [codecov/codecov-action](https://github.com/codecov/codecov-action) from 5.3.1 to 5.4.0.
- [Release notes](https://github.com/codecov/codecov-action/releases)
- [Changelog](https://github.com/codecov/codecov-action/blob/main/CHANGELOG.md)
- [Commits](https://github.com/codecov/codecov-action/compare/v5.3.1...v5.4.0)

---
updated-dependencies:
- dependency-name: codecov/codecov-action
  dependency-type: direct:production
  update-type: version-update:semver-minor
...

Signed-off-by: dependabot[bot] <support@github.com>
Co-authored-by: dependabot[bot] <49699333+dependabot[bot]@users.noreply.github.com>"
home-assistant/supervisor,39f5b91f123bc08724506bc611478a1767adc2a7,2025-02,1,post,2025-02-27T15:38:57+01:00,2025-02-27T15:38:57+01:00,ue9acf10ae3811d11,ue9acf10ae3811d11@users.invalid,GitHub,noreply@github.com,1,0,17,34,34,17,34,34,,,,,,0,5683,Use await for all FileConfiguration calls (#5683),"Use await for all FileConfiguration calls (#5683)

Some calls got missed in PR #5652. Update all calls to await the
save_data() coroutine."
home-assistant/supervisor,0ad559adcd27dff78efedafd7303052e78d0bd2d,2025-02,1,post,2025-02-27T15:45:11+01:00,2025-02-27T15:45:11+01:00,ue9acf10ae3811d11,ue9acf10ae3811d11@users.invalid,GitHub,noreply@github.com,1,0,4,41,32,3,40,28,,,,,,0,5682,Add more context to Sentry reports early during startup (#5682),"Add more context to Sentry reports early during startup (#5682)

* Initialize machine information before Sentry

* Set user and machine for all reports

Now that we initialize machine earlier we can report user and machine
for all events, even before Supervisor is completely initialized.

Also use the new tag format which is a dictionary.

Note that it seems that with the current Sentry SDK version the
AioHttpIntegration no longer sets the URL as a tag. So sanitation is
no longer reuqired.

* Update pytests"
home-assistant/supervisor,c5d4ebcd48c5d23197c6b03baf85540837d9d545,2025-02,1,post,2025-02-27T15:54:51+01:00,2025-02-27T15:54:51+01:00,ue9acf10ae3811d11,ue9acf10ae3811d11@users.invalid,GitHub,noreply@github.com,1,0,3,124,39,1,33,16,,,,,,0,5681,Correctly handle aiohttp requests in Sentry reporting (#5681),"Correctly handle aiohttp requests in Sentry reporting (#5681)

* Correctly handle aiohttp requests

The request header seems to be a dictionary in current Sentry SDK.
The previous code actually failed with an exception when trying to
unpack the header. However, it seems that Exceptions are not handled
or printed in this filter function, so those issues were simply
swallowed.

The new code has been tested to correctly sanitize and report issues
during aiohttp requests.

* Fix pytests"
home-assistant/supervisor,151d4bdd73a3ae4b3b81543b703316604f03b255,2025-02,1,post,2025-02-27T17:58:55+01:00,2025-02-27T11:58:55-05:00,ue1fc990c4f6dfd9c,ue1fc990c4f6dfd9c@users.invalid,GitHub,noreply@github.com,1,0,4,82,43,4,82,43,,,,,,0,5673,Temporary directory to executor (#5673),"Temporary directory to executor (#5673)

* Move temporary directory usage to executor

* Use temp_folder.name in Path constructor"
home-assistant/supervisor,dfed251c7aeb03e5f19574f67f5015f774ac3f1c,2025-02,1,post,2025-02-28T09:33:00+01:00,2025-02-28T09:33:00+01:00,dependabot[bot],49699333+dependabot[bot]@users.noreply.github.com,GitHub,noreply@github.com,1,0,1,1,1,0,0,0,,,,,dependabot,0,5689,Bump ruff from 0.9.7 to 0.9.8 (#5689),"Bump ruff from 0.9.7 to 0.9.8 (#5689)

Bumps [ruff](https://github.com/astral-sh/ruff) from 0.9.7 to 0.9.8.
- [Release notes](https://github.com/astral-sh/ruff/releases)
- [Changelog](https://github.com/astral-sh/ruff/blob/main/CHANGELOG.md)
- [Commits](https://github.com/astral-sh/ruff/compare/0.9.7...0.9.8)

---
updated-dependencies:
- dependency-name: ruff
  dependency-type: direct:production
  update-type: version-update:semver-patch
...

Signed-off-by: dependabot[bot] <support@github.com>
Co-authored-by: dependabot[bot] <49699333+dependabot[bot]@users.noreply.github.com>"
home-assistant/supervisor,2274de969f791e9c580e9ca92c812855f857be00,2025-02,1,post,2025-02-28T09:56:59+01:00,2025-02-28T03:56:59-05:00,ue1fc990c4f6dfd9c,ue1fc990c4f6dfd9c@users.invalid,GitHub,noreply@github.com,1,0,10,136,76,9,95,42,,,,,,0,5678,File open calls to executor (#5678),File open calls to executor (#5678)
home-assistant/supervisor,362bd8fd2114b08fc6f56395381a3dd568a7e8f5,2025-02,1,post,2025-02-28T09:57:11+01:00,2025-02-28T09:57:11+01:00,ue9acf10ae3811d11,ue9acf10ae3811d11@users.invalid,GitHub,noreply@github.com,1,0,1,4,1,1,4,1,,,,,,0,5685,Enable Sentry asyncio integration (#5685),"Enable Sentry asyncio integration (#5685)

Enable the Sentry asyncio integration. This makes sure that exception
in non-awaited tasks get reported to sentry.

While at it, use partial instead of lambda for the filter function."
home-assistant/supervisor,a8cc3ae6effe1da1fdd9a2c90a1e3a4a6d86c528,2025-02,1,post,2025-02-28T10:21:43+01:00,2025-02-28T10:21:43+01:00,dependabot[bot],49699333+dependabot[bot]@users.noreply.github.com,GitHub,noreply@github.com,1,0,1,13,13,0,0,0,,,,,dependabot,0,5690,Bump actions/cache from 4.2.1 to 4.2.2 (#5690),"Bump actions/cache from 4.2.1 to 4.2.2 (#5690)

Bumps [actions/cache](https://github.com/actions/cache) from 4.2.1 to 4.2.2.
- [Release notes](https://github.com/actions/cache/releases)
- [Changelog](https://github.com/actions/cache/blob/main/RELEASES.md)
- [Commits](https://github.com/actions/cache/compare/v4.2.1...v4.2.2)

---
updated-dependencies:
- dependency-name: actions/cache
  dependency-type: direct:production
  update-type: version-update:semver-patch
...

Signed-off-by: dependabot[bot] <support@github.com>
Co-authored-by: dependabot[bot] <49699333+dependabot[bot]@users.noreply.github.com>"
home-assistant/supervisor,cf5a0dc5483150673b9d75f86e4abd381b275c82,2025-02,1,post,2025-02-28T11:57:30+01:00,2025-02-28T11:57:30+01:00,ue9acf10ae3811d11,ue9acf10ae3811d11@users.invalid,GitHub,noreply@github.com,1,0,1,18,12,0,0,0,,,,,,0,5691,Add body with update information to frontend update prs (#5691),"Add body with update information to frontend update prs (#5691)

Overwrite the default body with useful version update information and
a link to the new release.

Also rename the title and use lower caps for local shell variables."
home-assistant/supervisor,f4d69f1811525e5d011e2b25624dbed94485b909,2025-02,1,post,2025-02-28T12:59:20+01:00,2025-02-28T12:59:20+01:00,ue9acf10ae3811d11,ue9acf10ae3811d11@users.invalid,GitHub,noreply@github.com,1,0,1,7,5,0,0,0,,,,,,0,5692,Make advanced logs error test work in all test environments (#5692),"Make advanced logs error test work in all test environments (#5692)

When developing/testing in a Supervised environment, the
systemd-journal-gatewayd socket is actually available. Mock the
socket Path file to make the test independent of the pytest
environment."
home-assistant/supervisor,77523f7bec77fe6879bdcadbee60667b8acb0ba7,2025-02,1,post,2025-02-28T13:13:11+01:00,2025-02-28T13:13:11+01:00,ue9acf10ae3811d11,ue9acf10ae3811d11@users.invalid,GitHub,noreply@github.com,1,0,1,1,2,0,0,0,,,,,,0,5694,Avoid space in update link of frontend update PR (#5694),"Avoid space in update link of frontend update PR (#5694)

A newline is converted to a space as per YAML folding rules. The space
breaks markdown parsing of the link. Use a single line for the target
version link."
home-assistant/supervisor,53d97ce0c6a0606e9b422b58ab8facce0b8722a1,2025-02,1,post,2025-02-28T09:34:35-05:00,2025-02-28T15:34:35+01:00,ue9acf10ae3811d11,ue9acf10ae3811d11@users.invalid,GitHub,noreply@github.com,1,0,1,4,3,1,4,3,,,,,,0,5695,Improve plug-in update error message (#5695),"Improve plug-in update error message (#5695)

The current error message does not share any information about the
underlying problem why updating failed. Print the error to the logs."
home-assistant/supervisor,8030b346e0fb02b0b0f799d76e16e7040954de86,2025-02,1,post,2025-02-28T16:59:22+01:00,2025-02-28T16:59:22+01:00,ue9acf10ae3811d11,ue9acf10ae3811d11@users.invalid,GitHub,noreply@github.com,1,0,7,49,50,5,48,46,,,,,,0,5696,"Load resolution evaluation, check and fixups early (#5696)","Load resolution evaluation, check and fixups early (#5696)

* Load resolution evaluation, check and fixups early

Before #5652, these modules were loaded in the constructor, hence early
in `initialize_coresys()`. Moving them late actually exposed an issue
where NetworkManager connectivity setter couldn't get the
`connectivity_check` evaluation, leading to an exception early in
bootstrap.

Technically, it might be safe to load the resolution modules only in
`Core.connect()`, however then we'd have to load them separately for
pytest. Let's go conservative and load them the same place where they
got loaded before #5652.

* Load resolution modules in a single executor call

* Fix pytest"
home-assistant/supervisor,696dcf6149840f1217ab4c04406280d42219eee9,2025-02,1,post,2025-02-28T18:01:55+01:00,2025-02-28T18:01:55+01:00,ue9acf10ae3811d11,ue9acf10ae3811d11@users.invalid,GitHub,noreply@github.com,1,0,8,86,74,1,22,19,,B,coderabbit,identity,,0,5686,Initialize Supervisor Core state in constructor (#5686),"Initialize Supervisor Core state in constructor (#5686)

* Initialize Supervisor Core state in constructor

Make sure the Supervisor Core state is set to a value early on. This
makes sure that the state is always of type CoreState, and makes sure
that any use of the state can rely on it being an actual value from the
CoreState enum.

This fixes Sentry filter during early startup, where the state
previously was None. Because of that, the Sentry filter tried to
collect more Context, which lead to an exception and not reporting
errors.

* Fix pytest

It seems that with initializing the state early, the pytest actually
runs a system evaluation with:
Starting system evaluation with state initialize

Before it did that with:
Starting system evaluation with state None

It detects that the container runs as privileged, and declares the
system as unhealthy.

It is unclear to me why coresys.core.healthy was checked in this
context, it doesn't seem useful. Just remove the check, and validate
the state through the getter instead.

* Update supervisor/core.py

Co-authored-by: coderabbitai[bot] <136622811+coderabbitai[bot]@users.noreply.github.com>

* Make sure Supervisor container is privileged in pytest

With the Supervisor Core state being valid now, some evaluations
now actually run when loading the resolution center. This leads to
Supervisor getting declared unhealthy due to not running in a privileged
container under pytest.

Fake the host container to be privileged to make evaluations not
causing the system to be declared unhealthy under pytest.

* Avoid writing actual Supervisor run state file

With the Supervisor Core state being valid from the very start, we end
up writing a state everytime.

Instead of actually writing a state file, simply validate the the
necessary calls are being made. This is more conform to typical unit
tests and avoids writing a file for every test.

* Extend WebSocket client fixture and use it consistently

Extend the ha_ws_client WebSocket client fixture to set Supervisor Core
into run state and clear all pending messages.

Currently only some tests use the ha_ws_client WebSocket client fixture.
Use it consistently for all tests.

---------

Co-authored-by: coderabbitai[bot] <136622811+coderabbitai[bot]@users.noreply.github.com>"
home-assistant/supervisor,176e5111805b574ae34e042067645216eb3955a7,2025-02,1,post,2025-02-28T21:28:40+01:00,2025-02-28T21:28:40+01:00,ue9acf10ae3811d11,ue9acf10ae3811d11@users.invalid,GitHub,noreply@github.com,1,0,1,10,0,1,10,0,,,,,,0,5697,Capture warnings and report to sentry (#5697),"Capture warnings and report to sentry (#5697)

By default, warnings are simply printed to stderr. This makes them
easy to miss in the log. Capture warnings and user Python logger to log
them with warning level.

Also, if the message is an instance of Exception (which it typically
is), report the warning to Sentry. This is e.g. useful for asyncio
RuntimeWarning warnings ""coroutine was never awaited""."
home-assistant/supervisor,fcb3e2eb55f1929b09392d05ec54a72999d758d1,2025-03,2,post,2025-03-01T13:06:44+01:00,2025-03-01T13:06:44+01:00,ue9acf10ae3811d11,ue9acf10ae3811d11@users.invalid,GitHub,noreply@github.com,1,0,1,6,5,0,0,0,,,,,,0,5700,Update Supervisor bug form (#5700),"Update Supervisor bug form (#5700)

Update Supervisor bug form to reflect today's naming in the frontend."
home-assistant/supervisor,12c951f62dbed66dab15f9ae2f9b5e73265b079b,2025-03,2,post,2025-03-01T16:00:49+01:00,2025-03-01T16:00:49+01:00,ue9acf10ae3811d11,ue9acf10ae3811d11@users.invalid,GitHub,noreply@github.com,1,0,1,0,3,0,0,0,,,,,,0,5702,Fix tests in devcontainer by removing resolution center (#5702),"Fix tests in devcontainer by removing resolution center (#5702)

Since #5696 we don't need to load the resolution center early. In fact,
with #5686 this is even problematic for pytests in devcontainer, since
the Supervisor Core state is valid and this causes AppArmor evaluations
to run (and fail).

Actually, #5696 removed the resolution center. #5686 brought it
accidentally back. This was seemingly a merge error."
home-assistant/supervisor,86133f8ecd6a7f757cd407621d215261d7b89c67,2025-03,2,post,2025-03-01T16:02:43+01:00,2025-03-01T10:02:43-05:00,ue1fc990c4f6dfd9c,ue1fc990c4f6dfd9c@users.invalid,GitHub,noreply@github.com,1,0,47,205,167,43,200,156,,,,,,0,5688,Move `read_text` to executor (#5688),"Move `read_text` to executor (#5688)

* Move read_text to executor

* Fix issues found by coderabbit

* formated to formatted

* switch to async_capture_exception

* Find and replace got one too many

* Update patch mock to async_capture_exception

* Drop Sentry capture from format_message

The error handling got introduced in #2052, however, #2100 essentially
makes sure there will never be a byte object passed to this function.
And even if, the Sentry aiohttp plug-in will properly catch such an
exception.

---------

Co-authored-by: ue9acf10ae3811d11 <ue9acf10ae3811d11@users.invalid>"
home-assistant/supervisor,d42ec12ae8a67add740bd0e59f2a9730667ee028,2025-03,2,post,2025-03-01T16:17:07+01:00,2025-03-01T16:17:07+01:00,ue9acf10ae3811d11,ue9acf10ae3811d11@users.invalid,GitHub,noreply@github.com,1,0,2,30,16,1,1,1,,,,,,0,5701,Fix cloning of add-on store repository (#5701),"Fix cloning of add-on store repository (#5701)

* Fix cloning of add-on store repository

Since #5669, the add-on store reset no longer deletes the root
directory. However, if the root directory is not present, the current
code no longer invokes cloning, instead tries to load the git
repository directly.

With this change, the code clones whenever there is no .git directory,
which works for both cases.

* Fix pytest"
home-assistant/supervisor,5b18fb6b12ca9b77084130f9628327ddb913384b,2025-03,2,post,2025-03-01T10:46:11-05:00,2025-03-01T10:46:11-05:00,ue1fc990c4f6dfd9c,ue1fc990c4f6dfd9c@users.invalid,GitHub,noreply@github.com,1,0,1,8,4,1,8,4,,,,,,0,5703,No executor task in sentry call when not initialized (#5703),No executor task in sentry call when not initialized (#5703)
home-assistant/supervisor,4634ef82c64eccb576109beeabf967003e36c3bd,2025-03,2,post,2025-03-03T07:15:55+01:00,2025-03-03T07:15:55+01:00,dependabot[bot],49699333+dependabot[bot]@users.noreply.github.com,GitHub,noreply@github.com,1,0,1,1,1,0,0,0,,,,,dependabot,0,5708,Bump home-assistant/wheels from 2024.11.0 to 2025.02.0 (#5708),Bump home-assistant/wheels from 2024.11.0 to 2025.02.0 (#5708)
home-assistant/supervisor,debcafa962284a5e82c18b7a2f3ff505698bff92,2025-03,2,post,2025-03-03T08:13:55+01:00,2025-03-03T08:13:55+01:00,dependabot[bot],49699333+dependabot[bot]@users.noreply.github.com,GitHub,noreply@github.com,1,0,1,1,1,0,0,0,,,,,dependabot,0,5711,Bump ruff from 0.9.8 to 0.9.9 (#5711),Bump ruff from 0.9.8 to 0.9.9 (#5711)
home-assistant/supervisor,84b265a2e01abf690e4ec5e34640bbc153c770cd,2025-03,2,post,2025-03-03T08:25:11+01:00,2025-03-03T08:25:11+01:00,dependabot[bot],49699333+dependabot[bot]@users.noreply.github.com,GitHub,noreply@github.com,1,0,1,1,1,0,0,0,,,,,dependabot,0,5710,Bump pytest from 8.3.4 to 8.3.5 (#5710),Bump pytest from 8.3.4 to 8.3.5 (#5710)
home-assistant/supervisor,fa7626f83ac626ca33c4154874630c7014f49c4d,2025-03,2,post,2025-03-03T13:48:42+01:00,2025-03-03T13:48:42+01:00,dependabot[bot],49699333+dependabot[bot]@users.noreply.github.com,GitHub,noreply@github.com,1,0,1,1,1,0,0,0,,,,,dependabot,0,5709,Bump cryptography from 44.0.1 to 44.0.2 (#5709),"Bump cryptography from 44.0.1 to 44.0.2 (#5709)

Bumps [cryptography](https://github.com/pyca/cryptography) from 44.0.1 to 44.0.2.
- [Changelog](https://github.com/pyca/cryptography/blob/main/CHANGELOG.rst)
- [Commits](https://github.com/pyca/cryptography/compare/44.0.1...44.0.2)

---
updated-dependencies:
- dependency-name: cryptography
  dependency-type: direct:production
  update-type: version-update:semver-patch
...

Signed-off-by: dependabot[bot] <support@github.com>
Co-authored-by: dependabot[bot] <49699333+dependabot[bot]@users.noreply.github.com>"
home-assistant/supervisor,a7c6699f6ac8efa57947fee746785ae9cd274f84,2025-03,2,post,2025-03-03T13:51:40+01:00,2025-03-03T13:51:40+01:00,uc99e7580c7a8e9ca,uc99e7580c7a8e9ca@users.invalid,GitHub,noreply@github.com,1,0,1,14,9,1,14,9,,,,,,0,5715,Only log all ClientConnectionResets when returning logs (#5715),"Only log all ClientConnectionResets when returning logs (#5715)

* Suppress all ClientConnectionReset when returning logs

In #5358 we started suppressing ClientConnectionReset when logs are
returned from the Journal Gateway and the client ends connection
unexpectedly. The connection can be closed also when the headers are
returned, so ignore also that error.

Refs #5606

* Log ClientConnectionResetError as DEBUG instead of suppressing it"
home-assistant/supervisor,9a3702bc1a0b3c479b88caa948539c53ba67d36e,2025-03,2,post,2025-03-03T19:01:47+01:00,2025-03-03T19:01:47+01:00,ue9acf10ae3811d11,ue9acf10ae3811d11@users.invalid,GitHub,noreply@github.com,1,0,2,4,4,2,4,4,,,,,,0,5716,Avoid loading add-on store repositories too early (#5716),"Avoid loading add-on store repositories too early (#5716)

When initially loading the store manager, update_repositories makes
sure that all repositories are actually present. If they are for some
reason corrupted or content is missing, we currently still trying
to load them which leads to an unnecessary warning:

```
2025-03-03 11:55:54.324 WARNING (SyncWorker_1) [supervisor.store.data] No repository information exists at /data/addons/git/a0d7b954
...
2025-03-03 11:55:54.343 INFO (MainThread) [supervisor.store.git] Cloning add-on https://github.com/hassio-addons/repository repository
```

Since update_repositories always loads the data, simply remove the
superfluous earlier loading attempt.

While at it, also improve the cloning/update log messages to make it
clear what repository is cloned/updated."
home-assistant/supervisor,f8bab20728bbfa5cbadde30627c2d9ea247123fb,2025-03,2,post,2025-03-03T20:14:39+01:00,2025-03-03T20:14:39+01:00,ue9acf10ae3811d11,ue9acf10ae3811d11@users.invalid,GitHub,noreply@github.com,1,0,3,57,7,1,18,7,,,,,,0,5712,Replace non-unicode characters for add-on static files (#5712),"Replace non-unicode characters for add-on static files (#5712)

* Replace non-unicode characters for add-on static files

Add-on documentation and changelog get read and returned as text file.
However, in case the original author used non-unicode characters, or
the file corrupted, loading currently fails with an UnicodeDecodeError.

Let's just use the built-in replace error handling of Python, so they
appear for the user as  non-unicode characters by replacing them with
the official unicode replacement character ""�"".

* Remove superflous parameter for binary files

* ruff format

* Add pytests"
home-assistant/supervisor,1355ef192d470b69026d101186c2bd3fc235bea7,2025-03,2,post,2025-03-03T23:10:59+01:00,2025-03-03T23:10:59+01:00,ue9acf10ae3811d11,ue9acf10ae3811d11@users.invalid,GitHub,noreply@github.com,1,0,1,10,1,1,10,1,,,,,,0,5718,Exclude non-Supervisor Server Error codes from Sentry reporting (#5718),"Exclude non-Supervisor Server Error codes from Sentry reporting (#5718)

* Exclude non-Supervisor Server Error codes from Sentry reporting

Exclude status codes 502 Bad Gateway and 503 Service Unavailable from
Sentry aiohttp integration. These are returned by Supervisor itself
when acting as a proxy for Home Assistant Core. These aren't errors of
Supervisor.

* ruff check"
home-assistant/supervisor,fdd96ae21c5fb2ede79b90865c31fe5a9c301fd2,2025-03,2,post,2025-03-03T18:49:24-05:00,2025-03-04T00:49:24+01:00,ue9acf10ae3811d11,ue9acf10ae3811d11@users.invalid,GitHub,noreply@github.com,1,0,1,1,1,1,1,1,,,,,,0,5719,Fix add-on repair log message (#5719),Fix add-on repair log message (#5719)
home-assistant/supervisor,8fb66bcf18228b97205d92d612e97054ca23cc21,2025-03,2,post,2025-03-04T10:08:44+01:00,2025-03-04T10:08:44+01:00,uc99e7580c7a8e9ca,uc99e7580c7a8e9ca@users.invalid,GitHub,noreply@github.com,1,0,1,1,0,1,1,0,,,,,,0,5722,Stop streaming logs when client closes connection (#5722),"Stop streaming logs when client closes connection (#5722)

When connection is closed by the client, the journal_logs_reader
generator still returns new lines, trying to write each one of them to
the closed transport. With debug logging enabled, this can end up in an
endless loop. To fix that, break out of the loop immediately after the
connection is reset."
home-assistant/supervisor,c01d788c4ccc541e9df9bcaa9d91d61a60d21201,2025-03,2,post,2025-03-04T11:44:44+01:00,2025-03-04T11:44:44+01:00,dependabot[bot],49699333+dependabot[bot]@users.noreply.github.com,GitHub,noreply@github.com,1,0,1,1,1,0,0,0,,,,,dependabot,0,5721,Bump getsentry/action-release from 1.10.4 to 3.0.0 (#5721),"Bump getsentry/action-release from 1.10.4 to 3.0.0 (#5721)

Bumps [getsentry/action-release](https://github.com/getsentry/action-release) from 1.10.4 to 3.0.0.
- [Release notes](https://github.com/getsentry/action-release/releases)
- [Changelog](https://github.com/getsentry/action-release/blob/master/CHANGELOG.md)
- [Commits](https://github.com/getsentry/action-release/compare/v1.10.4...v3.0.0)

---
updated-dependencies:
- dependency-name: getsentry/action-release
  dependency-type: direct:production
  update-type: version-update:semver-major
...

Signed-off-by: dependabot[bot] <support@github.com>
Co-authored-by: dependabot[bot] <49699333+dependabot[bot]@users.noreply.github.com>"
home-assistant/supervisor,582b128ad998fad4fc766f7308970c9b40abda43,2025-03,2,post,2025-03-04T11:45:44+01:00,2025-03-04T05:45:44-05:00,ue1fc990c4f6dfd9c,ue1fc990c4f6dfd9c@users.invalid,GitHub,noreply@github.com,1,0,15,102,67,12,89,53,,,,,,0,5698,Finish migrating read_text to executor (#5698),"Finish migrating read_text to executor (#5698)

* Move read_text to executor

* switch to async_capture_exception

* Finish moving read_text to executor

* Cover read_bytes and some write_text calls as well

* Fix await issues

* Fix format_message"
home-assistant/supervisor,76e916a07e659c9259aeb95a02052af6f59f5091,2025-03,2,post,2025-03-04T16:11:25+01:00,2025-03-04T16:11:25+01:00,ue9acf10ae3811d11,ue9acf10ae3811d11@users.invalid,GitHub,noreply@github.com,1,0,1,4,2,1,4,2,,,,,,0,5723,Make sure to close file stream after backup upload (#5723),"Make sure to close file stream after backup upload (#5723)

* Make sure to close file stream after backup upload

Currently the file stream does not get closed before importing the file
stream. It seems the test case didn't catch that, presumably because
it is a race condition if the bytes get flushed to disk or not.

Properly close the stream before continue handling the file.

* Close file stream in executor

* Add comment about closing twice is fine"
home-assistant/supervisor,324b05997093a8f3df32e0787cd7e5e8ee21c8c0,2025-03,2,post,2025-03-04T17:49:53+01:00,2025-03-04T11:49:53-05:00,ue1fc990c4f6dfd9c,ue1fc990c4f6dfd9c@users.invalid,GitHub,noreply@github.com,1,0,57,288,274,2,31,25,,,,,,0,5720,Move write of core state to executor (#5720),Move write of core state to executor (#5720)
home-assistant/supervisor,26024053ede93f96d8b9ee1d1f9d3bfb7634d081,2025-03,2,post,2025-03-04T21:09:46+01:00,2025-03-04T21:09:46+01:00,ue9acf10ae3811d11,ue9acf10ae3811d11@users.invalid,GitHub,noreply@github.com,1,0,1,7,0,1,7,0,,,,,,0,5717,Fix add-on store repository getting removed without internet (#5717),"Fix add-on store repository getting removed without internet (#5717)

* Fix add-on store repository getting removed without internet

Currently, when a git command error happens in `pull()`, we declare
the repository as corrupt. Subsequent system autofix runs then execute
the reset resolution, which essentially removes the git repository from
the system.

In situations where the Internet fails right between the last
Supervisor connectivity check and the add-on store repository update
(the connectivity checks are throttled to once every 10 minutes while
connectivity is considered good), or if the outage is only partial
(e.g. reaching connectivity check works but the store repository is not
reachable), this leads to a git command error which declares the
repository as corrupt just as well, and ultimately leads to the removal
of the add-on store repository from the local system.

Run a git ls-remote first, which is used as an extra connectivity check.
This will also avoid removing the repository if Internet connectivity
works but the git provider is temporary down or not reachable.

That said, it will also fail if the repository is no longer present.
But this case needs extra handling anyways.

* Run git ls-remote in executor"
home-assistant/supervisor,767f4350909491554fabf44ff3fd4799f93ac8b7,2025-03,2,post,2025-03-05T09:05:23+01:00,2025-03-05T03:05:23-05:00,ue1fc990c4f6dfd9c,ue1fc990c4f6dfd9c@users.invalid,GitHub,noreply@github.com,1,0,1,1,1,1,1,1,,,,,,0,5725,Call core post init (#5725),Call core post init (#5725)
home-assistant/supervisor,5aba616ba4df42137071f16894288b9dcd555a5a,2025-03,2,post,2025-03-05T09:05:52+01:00,2025-03-05T09:05:52+01:00,dependabot[bot],49699333+dependabot[bot]@users.noreply.github.com,GitHub,noreply@github.com,1,0,1,1,1,0,0,0,,,,,dependabot,0,5727,Bump debugpy from 1.8.12 to 1.8.13 (#5727),"Bump debugpy from 1.8.12 to 1.8.13 (#5727)

Bumps [debugpy](https://github.com/microsoft/debugpy) from 1.8.12 to 1.8.13.
- [Release notes](https://github.com/microsoft/debugpy/releases)
- [Commits](https://github.com/microsoft/debugpy/compare/v1.8.12...v1.8.13)

---
updated-dependencies:
- dependency-name: debugpy
  dependency-type: direct:production
  update-type: version-update:semver-patch
...

Signed-off-by: dependabot[bot] <support@github.com>
Co-authored-by: dependabot[bot] <49699333+dependabot[bot]@users.noreply.github.com>"
home-assistant/supervisor,5d06ebe4306c53558368af8c820cf2d37b0001cc,2025-03,2,post,2025-03-05T09:06:01+01:00,2025-03-05T09:06:01+01:00,dependabot[bot],49699333+dependabot[bot]@users.noreply.github.com,GitHub,noreply@github.com,1,0,1,1,1,0,0,0,,,,,dependabot,0,5728,Bump dbus-fast from 2.34.0 to 2.35.1 (#5728),"Bump dbus-fast from 2.34.0 to 2.35.1 (#5728)

Bumps [dbus-fast](https://github.com/bluetooth-devices/dbus-fast) from 2.34.0 to 2.35.1.
- [Release notes](https://github.com/bluetooth-devices/dbus-fast/releases)
- [Changelog](https://github.com/Bluetooth-Devices/dbus-fast/blob/main/CHANGELOG.md)
- [Commits](https://github.com/bluetooth-devices/dbus-fast/compare/v2.34.0...v2.35.1)

---
updated-dependencies:
- dependency-name: dbus-fast
  dependency-type: direct:production
  update-type: version-update:semver-minor
...

Signed-off-by: dependabot[bot] <support@github.com>
Co-authored-by: dependabot[bot] <49699333+dependabot[bot]@users.noreply.github.com>"
home-assistant/supervisor,c7e3d86e2d88dbaf9dfde6fe6dae3d2141969fee,2025-03,2,post,2025-03-05T12:31:30+01:00,2025-03-05T12:31:30+01:00,ue9acf10ae3811d11,ue9acf10ae3811d11@users.invalid,GitHub,noreply@github.com,1,0,1,3,2,1,3,2,,,,,,1,5729,"Revert ""Enable Sentry asyncio integration (#5685)"" (#5729)","Revert ""Enable Sentry asyncio integration (#5685)"" (#5729)

This essentially reverts PR #5685.

The Sentry `AsyncioIntegration` replaces the asyncio task factory with
its instrumentalized version, which reports all execeptions which
aren't handled *within* a task to Sentry.

However, we quite often run tasks and handle exceptions outside, e.g.
this commen pattern (example from `MountManager` `reload()``):

```python
results = await asyncio.gather(
    *[mount.update() for mount in mounts], return_exceptions=True
)
... create resolution issues from results with exceptions ...
```

Here, asyncio.gather() uses ensure_future(), which converts the
co-routines to tasks. These Sentry instrumented tasks will then report
exceptions to Sentry, even though we handle exceptions gracefully.

So the `AsyncioIntegration` doesn't work for our use case, and causes
unnecessary noise in Sentry. Disable it again."
home-assistant/supervisor,65b172931435d89ee86bf125cfd0faf66f1fbfd6,2025-03,2,post,2025-03-06T09:44:59+01:00,2025-03-06T09:44:59+01:00,dependabot[bot],49699333+dependabot[bot]@users.noreply.github.com,GitHub,noreply@github.com,1,0,1,1,1,0,0,0,,,,,dependabot,0,5732,Bump jinja2 from 3.1.5 to 3.1.6 (#5732),"Bump jinja2 from 3.1.5 to 3.1.6 (#5732)

Bumps [jinja2](https://github.com/pallets/jinja) from 3.1.5 to 3.1.6.
- [Release notes](https://github.com/pallets/jinja/releases)
- [Changelog](https://github.com/pallets/jinja/blob/main/CHANGES.rst)
- [Commits](https://github.com/pallets/jinja/compare/3.1.5...3.1.6)

---
updated-dependencies:
- dependency-name: jinja2
  dependency-type: direct:production
...

Signed-off-by: dependabot[bot] <support@github.com>
Co-authored-by: dependabot[bot] <49699333+dependabot[bot]@users.noreply.github.com>"
home-assistant/supervisor,1fb4d1cc11a52af0f29636c0008f94487fec0c45,2025-03,2,post,2025-03-06T12:21:13+01:00,2025-03-06T12:21:13+01:00,dependabot[bot],49699333+dependabot[bot]@users.noreply.github.com,GitHub,noreply@github.com,1,0,1,1,1,0,0,0,,,,,dependabot,0,5733,Bump dbus-fast from 2.35.1 to 2.37.0 (#5733),"Bump dbus-fast from 2.35.1 to 2.37.0 (#5733)

Bumps [dbus-fast](https://github.com/bluetooth-devices/dbus-fast) from 2.35.1 to 2.37.0.
- [Release notes](https://github.com/bluetooth-devices/dbus-fast/releases)
- [Changelog](https://github.com/Bluetooth-Devices/dbus-fast/blob/main/CHANGELOG.md)
- [Commits](https://github.com/bluetooth-devices/dbus-fast/compare/v2.35.1...v2.37.0)

---
updated-dependencies:
- dependency-name: dbus-fast
  dependency-type: direct:production
  update-type: version-update:semver-minor
...

Signed-off-by: dependabot[bot] <support@github.com>
Co-authored-by: dependabot[bot] <49699333+dependabot[bot]@users.noreply.github.com>"
home-assistant/supervisor,6ef4f3cc67aeca46d5d3c547b88b193b3040a4bb,2025-03,2,post,2025-03-06T16:40:13-05:00,2025-03-06T16:40:13-05:00,ue1fc990c4f6dfd9c,ue1fc990c4f6dfd9c@users.invalid,GitHub,noreply@github.com,1,0,45,370,147,27,261,113,,,,,,0,5731,Add blockbuster library and find I/O from unit tests (#5731),"Add blockbuster library and find I/O from unit tests (#5731)

* Add blockbuster library and find I/O from unit tests

* Fix lint and test issue

* Fixes from feedback

* Avoid modifying webapp object in executor

* Split su options validation and only validate timezone on change"
home-assistant/supervisor,a2b8df0a6a0aac235c11bf45df1854bdf56a4cd7,2025-03,2,post,2025-03-06T23:45:48+01:00,2025-03-06T23:45:48+01:00,ue9acf10ae3811d11,ue9acf10ae3811d11@users.invalid,GitHub,noreply@github.com,1,0,2,16,2,1,1,2,,,,,,0,5734,Use Sentry helper function to report warnings (#5734),"Use Sentry helper function to report warnings (#5734)

* Use Sentry helper function to report warnings

Don't use Sentry directly but the existing helper function.

* Add pytest that Sentry is by default off

* Address ruff

* Address ruff"
home-assistant/supervisor,23e03a95f411a3c64e6c258315687a4df35ac40e,2025-03,2,post,2025-03-07T13:12:33+01:00,2025-03-07T13:12:33+01:00,dependabot[bot],49699333+dependabot[bot]@users.noreply.github.com,GitHub,noreply@github.com,1,0,1,1,1,0,0,0,,,,,dependabot,0,5737,Bump getsentry/action-release from 3.0.0 to 3.1.0 (#5737),"Bump getsentry/action-release from 3.0.0 to 3.1.0 (#5737)

Bumps [getsentry/action-release](https://github.com/getsentry/action-release) from 3.0.0 to 3.1.0.
- [Release notes](https://github.com/getsentry/action-release/releases)
- [Changelog](https://github.com/getsentry/action-release/blob/master/CHANGELOG.md)
- [Commits](https://github.com/getsentry/action-release/compare/v3.0.0...v3.1.0)

---
updated-dependencies:
- dependency-name: getsentry/action-release
  dependency-type: direct:production
  update-type: version-update:semver-minor
...

Signed-off-by: dependabot[bot] <support@github.com>
Co-authored-by: dependabot[bot] <49699333+dependabot[bot]@users.noreply.github.com>"
home-assistant/supervisor,e1c9c8b7861f039fbb79aeebabb34ffaa088531a,2025-03,2,post,2025-03-07T13:29:24+01:00,2025-03-07T07:29:24-05:00,ue1fc990c4f6dfd9c,ue1fc990c4f6dfd9c@users.invalid,GitHub,noreply@github.com,1,0,16,139,70,6,63,22,,,,,,0,5735,Finish out effort of adding and enabling blockbuster in tests (#5735),"Finish out effort of adding and enabling blockbuster in tests (#5735)

* Finish out effort of adding and enabling blockbuster

* Skip getting addon file size until securetar fixed

* Fix test for devcontainer and blocking I/O

* Fix docker fixture and load_config to post_init"
home-assistant/supervisor,b31e3ce2344d9d60b0466eedbcf09cdc1a9a00f7,2025-03,2,post,2025-03-10T09:12:38+01:00,2025-03-10T09:12:38+01:00,dependabot[bot],49699333+dependabot[bot]@users.noreply.github.com,GitHub,noreply@github.com,1,0,2,2,2,0,0,0,,,,,dependabot,0,5740,Bump setuptools from 75.8.2 to 76.0.0 (#5740),"Bump setuptools from 75.8.2 to 76.0.0 (#5740)

Bumps [setuptools](https://github.com/pypa/setuptools) from 75.8.2 to 76.0.0.
- [Release notes](https://github.com/pypa/setuptools/releases)
- [Changelog](https://github.com/pypa/setuptools/blob/main/NEWS.rst)
- [Commits](https://github.com/pypa/setuptools/compare/v75.8.2...v76.0.0)

---
updated-dependencies:
- dependency-name: setuptools
  dependency-type: direct:production
  update-type: version-update:semver-major
...

Signed-off-by: dependabot[bot] <support@github.com>
Co-authored-by: dependabot[bot] <49699333+dependabot[bot]@users.noreply.github.com>"
home-assistant/supervisor,ac27e3ac0db4748005caef59a0d112bcc8b7cfa4,2025-03,2,post,2025-03-10T09:15:24+01:00,2025-03-10T09:15:24+01:00,dependabot[bot],49699333+dependabot[bot]@users.noreply.github.com,GitHub,noreply@github.com,1,0,1,1,1,0,0,0,,,,,dependabot,0,5741,Bump ruff from 0.9.9 to 0.9.10 (#5741),"Bump ruff from 0.9.9 to 0.9.10 (#5741)

Bumps [ruff](https://github.com/astral-sh/ruff) from 0.9.9 to 0.9.10.
- [Release notes](https://github.com/astral-sh/ruff/releases)
- [Changelog](https://github.com/astral-sh/ruff/blob/main/CHANGELOG.md)
- [Commits](https://github.com/astral-sh/ruff/compare/0.9.9...0.9.10)

---
updated-dependencies:
- dependency-name: ruff
  dependency-type: direct:production
  update-type: version-update:semver-patch
...

Signed-off-by: dependabot[bot] <support@github.com>
Co-authored-by: dependabot[bot] <49699333+dependabot[bot]@users.noreply.github.com>"
home-assistant/supervisor,20ea71f7ff6bc8553f037bde5601adb4fe23d844,2025-03,2,post,2025-03-10T10:53:54+01:00,2025-03-10T10:53:54+01:00,dependabot[bot],49699333+dependabot[bot]@users.noreply.github.com,GitHub,noreply@github.com,1,0,1,1,1,0,0,0,,,,,dependabot,0,5742,Bump astroid from 3.3.8 to 3.3.9 (#5742),"Bump astroid from 3.3.8 to 3.3.9 (#5742)

Bumps [astroid](https://github.com/pylint-dev/astroid) from 3.3.8 to 3.3.9.
- [Release notes](https://github.com/pylint-dev/astroid/releases)
- [Changelog](https://github.com/pylint-dev/astroid/blob/main/ChangeLog)
- [Commits](https://github.com/pylint-dev/astroid/compare/v3.3.8...v3.3.9)

---
updated-dependencies:
- dependency-name: astroid
  dependency-type: direct:production
  update-type: version-update:semver-patch
...

Signed-off-by: dependabot[bot] <support@github.com>
Co-authored-by: dependabot[bot] <49699333+dependabot[bot]@users.noreply.github.com>"
home-assistant/supervisor,34752466d55ff6748509aa47a4576a767db11c60,2025-03,2,post,2025-03-12T10:10:27+01:00,2025-03-12T10:10:27+01:00,u508f4d8dafd12ae8,u508f4d8dafd12ae8@users.invalid,GitHub,noreply@github.com,1,0,1,3,0,0,0,0,,,,,,0,5743,Remove release assets tarball on frontend update (#5743),"Remove release assets tarball on frontend update (#5743)

* Remove release assets tarball on frontend update

* Fix path to the removed tarball

---------

Co-authored-by: uc99e7580c7a8e9ca <uc99e7580c7a8e9ca@users.invalid>"
home-assistant/supervisor,5facf4e7901ef54988714672694b2799b729a320,2025-03,2,post,2025-03-12T15:21:10-04:00,2025-03-12T15:21:10-04:00,ue1fc990c4f6dfd9c,ue1fc990c4f6dfd9c@users.invalid,GitHub,noreply@github.com,1,0,2,31,16,1,1,1,,,,,,0,5747,Fix logging error for invalid password for backup (#5747),"Fix logging error for invalid password for backup (#5747)

* Fix logging error for invalid password for backup

* Improved test"
home-assistant/supervisor,c54ff06e0f4afd50481435be5afb00990c8271b4,2025-03,2,post,2025-03-13T16:41:48+01:00,2025-03-13T16:41:48+01:00,dependabot[bot],49699333+dependabot[bot]@users.noreply.github.com,GitHub,noreply@github.com,1,0,1,1,1,0,0,0,,,,,dependabot,0,5748,Bump attrs from 25.1.0 to 25.2.0 (#5748),"Bump attrs from 25.1.0 to 25.2.0 (#5748)

Bumps [attrs](https://github.com/sponsors/hynek) from 25.1.0 to 25.2.0.
- [Commits](https://github.com/sponsors/hynek/commits)

---
updated-dependencies:
- dependency-name: attrs
  dependency-type: direct:production
  update-type: version-update:semver-minor
...

Signed-off-by: dependabot[bot] <support@github.com>
Co-authored-by: dependabot[bot] <49699333+dependabot[bot]@users.noreply.github.com>"
home-assistant/supervisor,1efe01c21ffaf8c71cbbb11e21d27c86a3585e3b,2025-03,2,post,2025-03-13T14:36:35-04:00,2025-03-13T14:36:35-04:00,dependabot[bot],49699333+dependabot[bot]@users.noreply.github.com,GitHub,noreply@github.com,1,0,1,1,1,0,0,0,,,,,dependabot,0,5736,Bump dbus-fast from 2.37.0 to 2.39.3 (#5736),"Bump dbus-fast from 2.37.0 to 2.39.3 (#5736)

Bumps [dbus-fast](https://github.com/bluetooth-devices/dbus-fast) from 2.37.0 to 2.39.3.
- [Release notes](https://github.com/bluetooth-devices/dbus-fast/releases)
- [Changelog](https://github.com/Bluetooth-Devices/dbus-fast/blob/main/CHANGELOG.md)
- [Commits](https://github.com/bluetooth-devices/dbus-fast/compare/v2.37.0...v2.39.3)

---
updated-dependencies:
- dependency-name: dbus-fast
  dependency-type: direct:production
  update-type: version-update:semver-minor
...

Signed-off-by: dependabot[bot] <support@github.com>
Co-authored-by: dependabot[bot] <49699333+dependabot[bot]@users.noreply.github.com>"
home-assistant/supervisor,c91a815cca830a9f7a51ea3ba9623fe74d11c11f,2025-03,2,post,2025-03-14T09:45:04+01:00,2025-03-14T09:45:04+01:00,dependabot[bot],49699333+dependabot[bot]@users.noreply.github.com,GitHub,noreply@github.com,1,0,1,1,1,0,0,0,,,,,dependabot,0,5750,Bump attrs from 25.2.0 to 25.3.0 (#5750),"Bump attrs from 25.2.0 to 25.3.0 (#5750)

Bumps [attrs](https://github.com/sponsors/hynek) from 25.2.0 to 25.3.0.
- [Commits](https://github.com/sponsors/hynek/commits)

---
updated-dependencies:
- dependency-name: attrs
  dependency-type: direct:production
  update-type: version-update:semver-minor
...

Signed-off-by: dependabot[bot] <support@github.com>
Co-authored-by: dependabot[bot] <49699333+dependabot[bot]@users.noreply.github.com>"
home-assistant/supervisor,f5f6e8b659af20b4edfaacee49239532b256753d,2025-03,2,post,2025-03-14T09:50:13+01:00,2025-03-14T09:50:13+01:00,dependabot[bot],49699333+dependabot[bot]@users.noreply.github.com,GitHub,noreply@github.com,1,0,1,1,1,0,0,0,,,,,dependabot,0,5751,Bump ruff from 0.9.10 to 0.10.0 (#5751),"Bump ruff from 0.9.10 to 0.10.0 (#5751)

Bumps [ruff](https://github.com/astral-sh/ruff) from 0.9.10 to 0.10.0.
- [Release notes](https://github.com/astral-sh/ruff/releases)
- [Changelog](https://github.com/astral-sh/ruff/blob/main/CHANGELOG.md)
- [Commits](https://github.com/astral-sh/ruff/compare/0.9.10...0.10.0)

---
updated-dependencies:
- dependency-name: ruff
  dependency-type: direct:production
  update-type: version-update:semver-minor
...

Signed-off-by: dependabot[bot] <support@github.com>
Co-authored-by: dependabot[bot] <49699333+dependabot[bot]@users.noreply.github.com>"
home-assistant/supervisor,78c6868ad3c2bcfe194d5cfa4ee933c3c0e0c847,2025-03,2,post,2025-03-14T10:06:44+01:00,2025-03-14T10:06:44+01:00,dependabot[bot],49699333+dependabot[bot]@users.noreply.github.com,GitHub,noreply@github.com,1,0,1,1,1,0,0,0,,,,,dependabot,0,5752,Bump dbus-fast from 2.39.3 to 2.39.5 (#5752),"Bump dbus-fast from 2.39.3 to 2.39.5 (#5752)

Bumps [dbus-fast](https://github.com/bluetooth-devices/dbus-fast) from 2.39.3 to 2.39.5.
- [Release notes](https://github.com/bluetooth-devices/dbus-fast/releases)
- [Changelog](https://github.com/Bluetooth-Devices/dbus-fast/blob/main/CHANGELOG.md)
- [Commits](https://github.com/bluetooth-devices/dbus-fast/compare/v2.39.3...v2.39.5)

---
updated-dependencies:
- dependency-name: dbus-fast
  dependency-type: direct:production
  update-type: version-update:semver-patch
...

Signed-off-by: dependabot[bot] <support@github.com>
Co-authored-by: dependabot[bot] <49699333+dependabot[bot]@users.noreply.github.com>"
home-assistant/supervisor,cc74831113d81ff2c5c28db040a39192dadfd375,2025-03,2,post,2025-03-14T11:18:52+01:00,2025-03-14T06:18:52-04:00,ue1fc990c4f6dfd9c,ue1fc990c4f6dfd9c@users.invalid,GitHub,noreply@github.com,1,0,1,1,1,1,1,1,,,,,,0,5749,Fix none error in mapping wireless fields (#5749),Fix none error in mapping wireless fields (#5749)
home-assistant/supervisor,632e56934799ab058b03165f026eba5004dcc62b,2025-03,2,post,2025-03-16T20:40:23-10:00,2025-03-16T20:40:23-10:00,dependabot[bot],49699333+dependabot[bot]@users.noreply.github.com,GitHub,noreply@github.com,1,0,1,1,1,0,0,0,,,,,dependabot,0,5756,Bump dbus-fast from 2.39.5 to 2.39.6 (#5756),"Bump dbus-fast from 2.39.5 to 2.39.6 (#5756)

Bumps [dbus-fast](https://github.com/bluetooth-devices/dbus-fast) from 2.39.5 to 2.39.6.
- [Release notes](https://github.com/bluetooth-devices/dbus-fast/releases)
- [Changelog](https://github.com/Bluetooth-Devices/dbus-fast/blob/main/CHANGELOG.md)
- [Commits](https://github.com/bluetooth-devices/dbus-fast/compare/v2.39.5...v2.39.6)

---
updated-dependencies:
- dependency-name: dbus-fast
  dependency-type: direct:production
  update-type: version-update:semver-patch
...

Signed-off-by: dependabot[bot] <support@github.com>
Co-authored-by: dependabot[bot] <49699333+dependabot[bot]@users.noreply.github.com>"
home-assistant/supervisor,3ee639b1334b4b3792e88a683ce9d8d2d3c50468,2025-03,2,post,2025-03-16T20:40:31-10:00,2025-03-16T20:40:31-10:00,dependabot[bot],49699333+dependabot[bot]@users.noreply.github.com,GitHub,noreply@github.com,1,0,1,1,1,0,0,0,,,,,dependabot,0,5754,Bump aiohttp from 3.11.13 to 3.11.14 (#5754),"Bump aiohttp from 3.11.13 to 3.11.14 (#5754)

---
updated-dependencies:
- dependency-name: aiohttp
  dependency-type: direct:production
  update-type: version-update:semver-patch
...

Signed-off-by: dependabot[bot] <support@github.com>
Co-authored-by: dependabot[bot] <49699333+dependabot[bot]@users.noreply.github.com>"
home-assistant/supervisor,de615bfc1d9213216a028a53d0a1721e56dda574,2025-03,2,post,2025-03-17T08:12:38+01:00,2025-03-17T08:12:38+01:00,dependabot[bot],49699333+dependabot[bot]@users.noreply.github.com,GitHub,noreply@github.com,1,0,1,1,1,0,0,0,,,,,dependabot,0,5758,Bump docker/login-action from 3.3.0 to 3.4.0 (#5758),Bump docker/login-action from 3.3.0 to 3.4.0 (#5758)
home-assistant/supervisor,6a9269c0529f4e880ffd15cbcce1781e1d932d36,2025-03,2,post,2025-03-17T08:28:29+01:00,2025-03-17T08:28:29+01:00,dependabot[bot],49699333+dependabot[bot]@users.noreply.github.com,GitHub,noreply@github.com,1,0,1,1,1,0,0,0,,,,,dependabot,0,5757,Bump ruff from 0.10.0 to 0.11.0 (#5757),Bump ruff from 0.10.0 to 0.11.0 (#5757)
home-assistant/supervisor,ac5f9dcb59da5121df3f6eda0123b06d8453abaa,2025-03,2,post,2025-03-17T08:40:30+01:00,2025-03-17T08:40:30+01:00,dependabot[bot],49699333+dependabot[bot]@users.noreply.github.com,GitHub,noreply@github.com,1,0,1,1,1,0,0,0,,,,,dependabot,0,5755,Bump coverage from 7.6.12 to 7.7.0 (#5755),Bump coverage from 7.6.12 to 7.7.0 (#5755)
home-assistant/supervisor,37c077205ad51eb4d08f7a1b1c9d8cc98c8060c0,2025-03,2,post,2025-03-18T12:01:03+01:00,2025-03-18T12:01:03+01:00,dependabot[bot],49699333+dependabot[bot]@users.noreply.github.com,GitHub,noreply@github.com,1,0,2,2,2,0,0,0,,,,,dependabot,0,5761,Bump setuptools from 76.0.0 to 76.1.0 (#5761),"Bump setuptools from 76.0.0 to 76.1.0 (#5761)

Bumps [setuptools](https://github.com/pypa/setuptools) from 76.0.0 to 76.1.0.
- [Release notes](https://github.com/pypa/setuptools/releases)
- [Changelog](https://github.com/pypa/setuptools/blob/main/NEWS.rst)
- [Commits](https://github.com/pypa/setuptools/compare/v76.0.0...v76.1.0)

---
updated-dependencies:
- dependency-name: setuptools
  dependency-type: direct:production
  update-type: version-update:semver-minor
...

Signed-off-by: dependabot[bot] <support@github.com>
Co-authored-by: dependabot[bot] <49699333+dependabot[bot]@users.noreply.github.com>"
home-assistant/supervisor,99088ad880db55ee71a671007783273127c08713,2025-03,2,post,2025-03-18T13:43:53+01:00,2025-03-18T13:43:53+01:00,dependabot[bot],49699333+dependabot[bot]@users.noreply.github.com,GitHub,noreply@github.com,1,0,1,1,1,0,0,0,,,,,dependabot,0,5760,Bump sentry-sdk from 2.22.0 to 2.23.1 (#5760),"Bump sentry-sdk from 2.22.0 to 2.23.1 (#5760)

Bumps [sentry-sdk](https://github.com/getsentry/sentry-python) from 2.22.0 to 2.23.1.
- [Release notes](https://github.com/getsentry/sentry-python/releases)
- [Changelog](https://github.com/getsentry/sentry-python/blob/master/CHANGELOG.md)
- [Commits](https://github.com/getsentry/sentry-python/compare/2.22.0...2.23.1)

---
updated-dependencies:
- dependency-name: sentry-sdk
  dependency-type: direct:production
  update-type: version-update:semver-minor
...

Signed-off-by: dependabot[bot] <support@github.com>
Co-authored-by: dependabot[bot] <49699333+dependabot[bot]@users.noreply.github.com>"
home-assistant/supervisor,40c83f4c1eed9a9c74242032cc6222dd862752b3,2025-03,2,post,2025-03-19T07:34:25+01:00,2025-03-19T07:34:25+01:00,dependabot[bot],49699333+dependabot[bot]@users.noreply.github.com,GitHub,noreply@github.com,1,0,1,1,1,0,0,0,,,,,dependabot,0,5763,Bump actions/download-artifact from 4.1.9 to 4.2.0 (#5763),Bump actions/download-artifact from 4.1.9 to 4.2.0 (#5763)
home-assistant/supervisor,525d0fd8ea74352cc1d43f6e71fec742f180e1a8,2025-03,2,post,2025-03-19T08:27:43+01:00,2025-03-19T08:27:43+01:00,dependabot[bot],49699333+dependabot[bot]@users.noreply.github.com,GitHub,noreply@github.com,1,0,1,1,1,0,0,0,,,,,dependabot,0,5765,Bump pre-commit from 4.1.0 to 4.2.0 (#5765),Bump pre-commit from 4.1.0 to 4.2.0 (#5765)
home-assistant/supervisor,52290b485bf5a8300ff639f3c5c8200146ef0bfd,2025-03,2,post,2025-03-20T08:19:33+01:00,2025-03-20T08:19:33+01:00,dependabot[bot],49699333+dependabot[bot]@users.noreply.github.com,GitHub,noreply@github.com,1,0,1,13,13,0,0,0,,,,,dependabot,0,5768,Bump actions/cache from 4.2.2 to 4.2.3 (#5768),Bump actions/cache from 4.2.2 to 4.2.3 (#5768)
home-assistant/supervisor,8a45e0fd85a8eea865af537f12a6d03d2f36a253,2025-03,2,post,2025-03-20T11:08:57+01:00,2025-03-20T11:08:57+01:00,dependabot[bot],49699333+dependabot[bot]@users.noreply.github.com,GitHub,noreply@github.com,1,0,1,1,1,0,0,0,,,,,dependabot,0,5764,Bump blockbuster from 1.5.23 to 1.5.24 (#5764),"Bump blockbuster from 1.5.23 to 1.5.24 (#5764)

Bumps [blockbuster](https://github.com/cbornet/blockbuster) from 1.5.23 to 1.5.24.
- [Release notes](https://github.com/cbornet/blockbuster/releases)
- [Commits](https://github.com/cbornet/blockbuster/commits)

---
updated-dependencies:
- dependency-name: blockbuster
  dependency-type: direct:production
  update-type: version-update:semver-patch
...

Signed-off-by: dependabot[bot] <support@github.com>
Co-authored-by: dependabot[bot] <49699333+dependabot[bot]@users.noreply.github.com>"
home-assistant/supervisor,a7f139d3e195dc2b505f91c7b6c7396cbb7813e3,2025-03,2,post,2025-03-20T11:31:11+01:00,2025-03-20T11:31:11+01:00,dependabot[bot],49699333+dependabot[bot]@users.noreply.github.com,GitHub,noreply@github.com,1,0,2,2,2,0,0,0,,,,,dependabot,0,5766,Bump setuptools from 76.1.0 to 77.0.1 (#5766),"Bump setuptools from 76.1.0 to 77.0.1 (#5766)

Bumps [setuptools](https://github.com/pypa/setuptools) from 76.1.0 to 77.0.1.
- [Release notes](https://github.com/pypa/setuptools/releases)
- [Changelog](https://github.com/pypa/setuptools/blob/main/NEWS.rst)
- [Commits](https://github.com/pypa/setuptools/compare/v76.1.0...v77.0.1)

---
updated-dependencies:
- dependency-name: setuptools
  dependency-type: direct:production
  update-type: version-update:semver-major
...

Signed-off-by: dependabot[bot] <support@github.com>
Co-authored-by: dependabot[bot] <49699333+dependabot[bot]@users.noreply.github.com>"
home-assistant/supervisor,fd2c7c3cc3e28741219dfcdc395af5c7cce276fe,2025-03,2,post,2025-03-21T07:38:27+01:00,2025-03-21T07:38:27+01:00,dependabot[bot],49699333+dependabot[bot]@users.noreply.github.com,GitHub,noreply@github.com,1,0,1,1,1,0,0,0,,,,,dependabot,0,5775,Bump getsentry/action-release from 3.1.0 to 3.1.1 (#5775),Bump getsentry/action-release from 3.1.0 to 3.1.1 (#5775)
home-assistant/supervisor,bd772bb28a35621ddca92608970a9757ed72bd9b,2025-03,2,post,2025-03-21T20:59:17+01:00,2025-03-21T20:59:17+01:00,dependabot[bot],49699333+dependabot[bot]@users.noreply.github.com,GitHub,noreply@github.com,1,0,1,1,1,0,0,0,,,,,dependabot,0,5773,Bump pylint from 3.3.4 to 3.3.6 (#5773),"Bump pylint from 3.3.4 to 3.3.6 (#5773)

Bumps [pylint](https://github.com/pylint-dev/pylint) from 3.3.4 to 3.3.6.
- [Release notes](https://github.com/pylint-dev/pylint/releases)
- [Commits](https://github.com/pylint-dev/pylint/compare/v3.3.4...v3.3.6)

---
updated-dependencies:
- dependency-name: pylint
  dependency-type: direct:production
  update-type: version-update:semver-patch
...

Signed-off-by: dependabot[bot] <support@github.com>
Co-authored-by: dependabot[bot] <49699333+dependabot[bot]@users.noreply.github.com>"
home-assistant/supervisor,84bc72d4856a21e7444cbfedda7ef4b6c7c85565,2025-03,2,post,2025-03-21T21:01:54+01:00,2025-03-21T21:01:54+01:00,dependabot[bot],49699333+dependabot[bot]@users.noreply.github.com,GitHub,noreply@github.com,1,0,1,1,1,0,0,0,,,,,dependabot,0,5771,Bump ruff from 0.11.0 to 0.11.1 (#5771),"Bump ruff from 0.11.0 to 0.11.1 (#5771)

Bumps [ruff](https://github.com/astral-sh/ruff) from 0.11.0 to 0.11.1.
- [Release notes](https://github.com/astral-sh/ruff/releases)
- [Changelog](https://github.com/astral-sh/ruff/blob/main/CHANGELOG.md)
- [Commits](https://github.com/astral-sh/ruff/compare/0.11.0...0.11.1)

---
updated-dependencies:
- dependency-name: ruff
  dependency-type: direct:production
  update-type: version-update:semver-patch
...

Signed-off-by: dependabot[bot] <support@github.com>
Co-authored-by: dependabot[bot] <49699333+dependabot[bot]@users.noreply.github.com>"
home-assistant/supervisor,52b02d123530dc281663fc29f5d062a212d59fd0,2025-03,2,post,2025-03-21T21:07:23+01:00,2025-03-21T21:07:23+01:00,dependabot[bot],49699333+dependabot[bot]@users.noreply.github.com,GitHub,noreply@github.com,1,0,1,1,1,0,0,0,,,,,dependabot,0,5767,Bump actions/upload-artifact from 4.6.1 to 4.6.2 (#5767),"Bump actions/upload-artifact from 4.6.1 to 4.6.2 (#5767)

Bumps [actions/upload-artifact](https://github.com/actions/upload-artifact) from 4.6.1 to 4.6.2.
- [Release notes](https://github.com/actions/upload-artifact/releases)
- [Commits](https://github.com/actions/upload-artifact/compare/v4.6.1...v4.6.2)

---
updated-dependencies:
- dependency-name: actions/upload-artifact
  dependency-type: direct:production
  update-type: version-update:semver-patch
...

Signed-off-by: dependabot[bot] <support@github.com>
Co-authored-by: dependabot[bot] <49699333+dependabot[bot]@users.noreply.github.com>"
home-assistant/supervisor,9afb50242ba15f1f5f37033545f0763c5144be80,2025-03,2,post,2025-03-21T21:27:44+01:00,2025-03-21T21:27:44+01:00,dependabot[bot],49699333+dependabot[bot]@users.noreply.github.com,GitHub,noreply@github.com,1,0,1,1,1,0,0,0,,,,,dependabot,0,5772,Bump setuptools from 77.0.1 to 77.0.3 (#5772),"Bump setuptools from 77.0.1 to 77.0.3 (#5772)

Bumps [setuptools](https://github.com/pypa/setuptools) from 77.0.1 to 77.0.3.
- [Release notes](https://github.com/pypa/setuptools/releases)
- [Changelog](https://github.com/pypa/setuptools/blob/main/NEWS.rst)
- [Commits](https://github.com/pypa/setuptools/compare/v77.0.1...v77.0.3)

---
updated-dependencies:
- dependency-name: setuptools
  dependency-type: direct:production
  update-type: version-update:semver-patch
...

Signed-off-by: dependabot[bot] <support@github.com>
Co-authored-by: dependabot[bot] <49699333+dependabot[bot]@users.noreply.github.com>
Co-authored-by: uff52318a5888d1e4 <uff52318a5888d1e4@users.invalid>"
home-assistant/supervisor,d7e3dc41ff57d28737b900cda2233bf5c35223df,2025-03,2,post,2025-03-21T21:28:03+01:00,2025-03-21T21:28:03+01:00,dependabot[bot],49699333+dependabot[bot]@users.noreply.github.com,GitHub,noreply@github.com,1,0,1,1,1,0,0,0,,,,,dependabot,0,5769,Bump actions/download-artifact from 4.2.0 to 4.2.1 (#5769),"Bump actions/download-artifact from 4.2.0 to 4.2.1 (#5769)

Bumps [actions/download-artifact](https://github.com/actions/download-artifact) from 4.2.0 to 4.2.1.
- [Release notes](https://github.com/actions/download-artifact/releases)
- [Commits](https://github.com/actions/download-artifact/compare/v4.2.0...v4.2.1)

---
updated-dependencies:
- dependency-name: actions/download-artifact
  dependency-type: direct:production
  update-type: version-update:semver-patch
...

Signed-off-by: dependabot[bot] <support@github.com>
Co-authored-by: dependabot[bot] <49699333+dependabot[bot]@users.noreply.github.com>
Co-authored-by: uff52318a5888d1e4 <uff52318a5888d1e4@users.invalid>"
home-assistant/supervisor,cfdefbf0435886948c8712b5a73bda3a632a1e30,2025-03,2,post,2025-03-21T21:43:41+01:00,2025-03-21T21:43:41+01:00,dependabot[bot],49699333+dependabot[bot]@users.noreply.github.com,GitHub,noreply@github.com,1,0,1,2,2,0,0,0,,,,,dependabot,0,5774,Bump home-assistant/builder from 2025.02.0 to 2025.03.0 (#5774),"Bump home-assistant/builder from 2025.02.0 to 2025.03.0 (#5774)

Bumps [home-assistant/builder](https://github.com/home-assistant/builder) from 2025.02.0 to 2025.03.0.
- [Release notes](https://github.com/home-assistant/builder/releases)
- [Commits](https://github.com/home-assistant/builder/compare/2025.02.0...2025.03.0)

---
updated-dependencies:
- dependency-name: home-assistant/builder
  dependency-type: direct:production
...

Signed-off-by: dependabot[bot] <support@github.com>
Co-authored-by: dependabot[bot] <49699333+dependabot[bot]@users.noreply.github.com>"
home-assistant/supervisor,6a2d7bad03d9e4c1ddd151c159e022263e6db1e6,2025-03,2,post,2025-03-24T07:23:53+01:00,2025-03-24T07:23:53+01:00,dependabot[bot],49699333+dependabot[bot]@users.noreply.github.com,GitHub,noreply@github.com,1,0,1,1,1,0,0,0,,,,,dependabot,0,5776,Bump coverage from 7.7.0 to 7.7.1 (#5776),Bump coverage from 7.7.0 to 7.7.1 (#5776)
home-assistant/supervisor,a2b3427be929be37bbf8e5cbbab2a79ddb5d5f84,2025-03,2,post,2025-03-24T07:28:40+01:00,2025-03-24T07:28:40+01:00,dependabot[bot],49699333+dependabot[bot]@users.noreply.github.com,GitHub,noreply@github.com,1,0,1,1,1,0,0,0,,,,,dependabot,0,5779,Bump ruff from 0.11.1 to 0.11.2 (#5779),Bump ruff from 0.11.1 to 0.11.2 (#5779)
home-assistant/supervisor,c559bd47c312ea679c2045ebf599dfdb894cc03a,2025-03,2,post,2025-03-24T07:36:50+01:00,2025-03-24T07:36:50+01:00,dependabot[bot],49699333+dependabot[bot]@users.noreply.github.com,GitHub,noreply@github.com,1,0,1,1,1,0,0,0,,,,,dependabot,0,5778,Bump sentry-sdk from 2.23.1 to 2.24.0 (#5778),Bump sentry-sdk from 2.23.1 to 2.24.0 (#5778)
home-assistant/supervisor,d756fd7e14d3d9e2da5c9d978d293af9c956c2fa,2025-03,2,post,2025-03-24T11:07:01+01:00,2025-03-24T11:07:01+01:00,dependabot[bot],49699333+dependabot[bot]@users.noreply.github.com,GitHub,noreply@github.com,1,0,1,1,1,0,0,0,,,,,dependabot,0,5777,Bump dbus-fast from 2.39.6 to 2.43.0 (#5777),"Bump dbus-fast from 2.39.6 to 2.43.0 (#5777)

Bumps [dbus-fast](https://github.com/bluetooth-devices/dbus-fast) from 2.39.6 to 2.43.0.
- [Release notes](https://github.com/bluetooth-devices/dbus-fast/releases)
- [Changelog](https://github.com/Bluetooth-Devices/dbus-fast/blob/main/CHANGELOG.md)
- [Commits](https://github.com/bluetooth-devices/dbus-fast/compare/v2.39.6...v2.43.0)

---
updated-dependencies:
- dependency-name: dbus-fast
  dependency-type: direct:production
  update-type: version-update:semver-minor
...

Signed-off-by: dependabot[bot] <support@github.com>
Co-authored-by: dependabot[bot] <49699333+dependabot[bot]@users.noreply.github.com>"
home-assistant/supervisor,cb16a34401934946fbe91d29d672d406421b67a9,2025-03,2,post,2025-03-24T15:09:01+01:00,2025-03-24T15:09:01+01:00,uc99e7580c7a8e9ca,uc99e7580c7a8e9ca@users.invalid,GitHub,noreply@github.com,1,0,1,0,5,0,0,0,,,,,,0,5744,Remove WipeDevice method from OS Agent DBus mock (#5744),"Remove WipeDevice method from OS Agent DBus mock (#5744)

WipeDevice method was dropped from OS Agent code in [1]. Remove it from
the mock class to sync with the current API. There is no usage of
WipeDevice in the Supervisor codebase, only ScheduleWipeDevice is
called.

[1] https://github.com/home-assistant/os-agent/pull/225"
home-assistant/supervisor,03ca32ced4a6799faa097fa8473fba82fee09922,2025-03,2,post,2025-03-25T07:48:51+01:00,2025-03-25T07:48:51+01:00,dependabot[bot],49699333+dependabot[bot]@users.noreply.github.com,GitHub,noreply@github.com,1,0,2,2,2,0,0,0,,,,,dependabot,0,5782,Bump setuptools from 77.0.3 to 78.0.2 (#5782),Bump setuptools from 77.0.3 to 78.0.2 (#5782)
home-assistant/supervisor,ec721c41c183cffb497cb6aecb4c59ee71676a03,2025-03,2,post,2025-03-25T08:23:24+01:00,2025-03-25T08:23:24+01:00,dependabot[bot],49699333+dependabot[bot]@users.noreply.github.com,GitHub,noreply@github.com,1,0,2,9,9,0,0,0,,,,,dependabot,0,5780,Bump actions/setup-python from 5.4.0 to 5.5.0 (#5780),"Bump actions/setup-python from 5.4.0 to 5.5.0 (#5780)

Bumps [actions/setup-python](https://github.com/actions/setup-python) from 5.4.0 to 5.5.0.
- [Release notes](https://github.com/actions/setup-python/releases)
- [Commits](https://github.com/actions/setup-python/compare/v5.4.0...v5.5.0)

---
updated-dependencies:
- dependency-name: actions/setup-python
  dependency-type: direct:production
  update-type: version-update:semver-minor
...

Signed-off-by: dependabot[bot] <support@github.com>
Co-authored-by: dependabot[bot] <49699333+dependabot[bot]@users.noreply.github.com>"
home-assistant/supervisor,80f7f0734144eaec1b35dc2a476dcf8130e04117,2025-03,2,post,2025-03-25T09:40:43+01:00,2025-03-25T04:40:43-04:00,ue1fc990c4f6dfd9c,ue1fc990c4f6dfd9c@users.invalid,GitHub,noreply@github.com,1,0,9,135,6,7,85,5,,,,,,0,5746,Add blockbuster option to API (#5746),"Add blockbuster option to API (#5746)

* Add blockbuster option to API

* cache not lru_cache"
home-assistant/supervisor,543d6efec4ed25460c536053924cc9148154e7b9,2025-03,2,post,2025-03-25T10:28:34+01:00,2025-03-25T10:28:34+01:00,dependabot[bot],49699333+dependabot[bot]@users.noreply.github.com,GitHub,noreply@github.com,1,0,1,1,1,0,0,0,,,,,dependabot,0,5781,Bump sentry-sdk from 2.24.0 to 2.24.1 (#5781),"Bump sentry-sdk from 2.24.0 to 2.24.1 (#5781)

Bumps [sentry-sdk](https://github.com/getsentry/sentry-python) from 2.24.0 to 2.24.1.
- [Release notes](https://github.com/getsentry/sentry-python/releases)
- [Changelog](https://github.com/getsentry/sentry-python/blob/master/CHANGELOG.md)
- [Commits](https://github.com/getsentry/sentry-python/compare/2.24.0...2.24.1)

---
updated-dependencies:
- dependency-name: sentry-sdk
  dependency-type: direct:production
  update-type: version-update:semver-patch
...

Signed-off-by: dependabot[bot] <support@github.com>
Co-authored-by: dependabot[bot] <49699333+dependabot[bot]@users.noreply.github.com>"
home-assistant/supervisor,0636e49fe2a01df9f1e39df2fca47e71b95677f5,2025-03,2,post,2025-03-25T15:06:35-04:00,2025-03-25T15:06:35-04:00,ue1fc990c4f6dfd9c,ue1fc990c4f6dfd9c@users.invalid,GitHub,noreply@github.com,1,0,62,500,382,47,324,254,,,,,,0,5759,Enable mypy part 1 (addons and api) (#5759),"Enable mypy part 1 (addons and api) (#5759)

* Fix mypy issues in addons

* Fix mypy issues in api

* fix docstring

* Brackets instead of get with default"
home-assistant/supervisor,48807a65dda9d13b2a25953092889af3219b5174,2025-03,2,post,2025-03-26T07:33:15+01:00,2025-03-26T07:33:15+01:00,dependabot[bot],49699333+dependabot[bot]@users.noreply.github.com,GitHub,noreply@github.com,1,0,1,1,1,0,0,0,,,,,dependabot,0,5786,Bump home-assistant/wheels from 2025.02.0 to 2025.03.0 (#5786),Bump home-assistant/wheels from 2025.02.0 to 2025.03.0 (#5786)
home-assistant/supervisor,062103ae245f0160c26cb39045570feeaf0d2aa5,2025-03,2,post,2025-03-26T07:33:50+01:00,2025-03-26T07:33:50+01:00,dependabot[bot],49699333+dependabot[bot]@users.noreply.github.com,GitHub,noreply@github.com,1,0,2,2,2,0,0,0,,,,,dependabot,0,5785,Bump setuptools from 78.0.2 to 78.1.0 (#5785),Bump setuptools from 78.0.2 to 78.1.0 (#5785)
home-assistant/supervisor,af9b1e5b1efbdce872317adb46821b03e8544106,2025-03,2,post,2025-03-26T09:36:12+01:00,2025-03-26T09:36:12+01:00,dependabot[bot],49699333+dependabot[bot]@users.noreply.github.com,GitHub,noreply@github.com,1,0,1,1,1,0,0,0,,,,,dependabot,0,5783,Bump orjson from 3.10.12 to 3.10.16 (#5783),"Bump orjson from 3.10.12 to 3.10.16 (#5783)

Bumps [orjson](https://github.com/ijl/orjson) from 3.10.12 to 3.10.16.
- [Release notes](https://github.com/ijl/orjson/releases)
- [Changelog](https://github.com/ijl/orjson/blob/master/CHANGELOG.md)
- [Commits](https://github.com/ijl/orjson/compare/3.10.12...3.10.16)

---
updated-dependencies:
- dependency-name: orjson
  dependency-type: direct:production
  update-type: version-update:semver-patch
...

Signed-off-by: dependabot[bot] <support@github.com>
Co-authored-by: dependabot[bot] <49699333+dependabot[bot]@users.noreply.github.com>"
home-assistant/supervisor,63b507a589063845dc0d2400531160e515b3edad,2025-03,2,post,2025-03-26T17:02:58+01:00,2025-03-26T17:02:58+01:00,ue9acf10ae3811d11,ue9acf10ae3811d11@users.invalid,GitHub,noreply@github.com,1,0,2,11,2,1,10,2,,,,,,0,5787,Rate limit D-Bus errors (#5787),"Rate limit D-Bus errors (#5787)

It seems that some systems continously run into D-Bus errors
overwhelming the system itself but also generating lots of errors on
Sentry. Rate limit D-Bus errors to 3 for every message every 30s."
home-assistant/supervisor,81fc15d6ac866605e8253cb08789e2b2752e2ecf,2025-03,2,post,2025-03-26T22:13:59+01:00,2025-03-26T22:13:59+01:00,ue9acf10ae3811d11,ue9acf10ae3811d11@users.invalid,GitHub,noreply@github.com,1,0,2,30,3,1,11,3,,,,,,0,5788,Handle unexpected WebSocket messages during auth (#5788),"Handle unexpected WebSocket messages during auth (#5788)

* Handle unexpected WebSocket messages during auth

When an add-on does not respond or closes the WebSocket connection
during the authentication phase Supervisor does not handle errors
gracefully. Simply log such unexpected authentication to avoid
unnecessary stack traces in the log and make such cases no longer
appear on Sentry.

* Add pytest

* Introduce a timeout of 10s"
home-assistant/supervisor,8b3bf547d703121d3bfa2f05cad9802b204b351c,2025-03,2,post,2025-03-27T10:32:28+01:00,2025-03-27T05:32:28-04:00,ue1fc990c4f6dfd9c,ue1fc990c4f6dfd9c@users.invalid,GitHub,noreply@github.com,1,0,2,7,0,1,1,0,,,,,,0,5789,Skip corrupt registry files in backups (#5789),Skip corrupt registry files in backups (#5789)
home-assistant/supervisor,92cadb4c5534d6fc66dc05dcd37a0ca105140b10,2025-03,2,post,2025-03-27T10:03:57-04:00,2025-03-27T15:03:57+01:00,uc99e7580c7a8e9ca,uc99e7580c7a8e9ca@users.invalid,GitHub,noreply@github.com,1,0,2,3,2,1,2,2,,,,,,0,5791,Fix /supervisor/reload after refactoring (#5791),"Fix /supervisor/reload after refactoring (#5791)

As discussed in [1], refactoring in #5759 changed signature of the
reload method and CLI now gets unexpected schema when `ha su reload` is
called. Change the method to return None as before and add a test for a
proper body content.

[1] https://github.com/home-assistant/supervisor/pull/5759/files#diff-1b4ed26f31e52ff5fe53efdc695eebacb1e46411f23cce58295591b2b20cd3faR238"
home-assistant/supervisor,9222a3c9c090a0e4fef734c4e69b4a78e0db77af,2025-03,2,post,2025-03-27T10:07:06-04:00,2025-03-27T10:07:06-04:00,ue1fc990c4f6dfd9c,ue1fc990c4f6dfd9c@users.invalid,GitHub,noreply@github.com,1,0,6,214,30,2,25,22,,,,,,0,5784,Report stage with error in jobs (#5784),"Report stage with error in jobs (#5784)

* Report stage with error in jobs

* Copy doesn't lose track of the successful copies

* Add stage to errors in api output test

* revert unneessary change to import

* Add tests for a bit more coverage of copy_additional_locations"
home-assistant/supervisor,0a684bdb12a1b4992a76adb78ee6e73b1fa35488,2025-03,2,post,2025-03-27T17:53:46+01:00,2025-03-27T17:53:46+01:00,uc99e7580c7a8e9ca,uc99e7580c7a8e9ca@users.invalid,GitHub,noreply@github.com,1,0,11,381,2,6,118,2,,B,coderabbit,identity,,0,5770,Add API for swap configuration (#5770),"Add API for swap configuration (#5770)

* Add API for swap configuration

Add HTTP API for swap size and swappiness to /os/config/swap. Individual
options can be set in JSON and are calling the DBus API added in OS
Agent 1.7.x, available since OS 15.0. Check for presence of OS of the
required version and return 404 if the criteria are not met.

* Fix type hints and reboot_required logic

Co-authored-by: coderabbitai[bot] <136622811+coderabbitai[bot]@users.noreply.github.com>

* Fix formatting after adding suggestions from GH

* Address @hc20bc83ceb2d6693 review comments

- Improve swap options validation
- Add swap to the 'all' property of dbus agent
- Use APINotFound with reason instead of HTTPNotFound
- Reorder API routes

---------

Co-authored-by: coderabbitai[bot] <136622811+coderabbitai[bot]@users.noreply.github.com>"
home-assistant/supervisor,8fe17d9270ccb07724689787cca3c5d05322f5da,2025-03,2,post,2025-03-28T10:35:49+01:00,2025-03-28T10:35:49+01:00,ue9acf10ae3811d11,ue9acf10ae3811d11@users.invalid,GitHub,noreply@github.com,1,0,3,93,58,2,63,54,,,,,,0,5790,Improve Home Assistant Core WebSocket proxy implementation (#5790),"Improve Home Assistant Core WebSocket proxy implementation (#5790)

* Improve Home Assistant Core WebSocket proxy implementation

This change removes unnecessary task creation for every WebSocket
message and instead creates just two tasks, one for each direction.
This improves performance by about factor of 3 when measuring 1000
WebSocket requests to Core (from ~530ms to ~160ms).

While at it, also handle all WebSocket message related to closing the
WebSocket and report all other errors as warnings instead of just info.

* Improve logging and error handling

* Add WS client error test case

* Use asyncio.gather directly

* Use asyncio.wait to handle exceptions gracefully

* Drop cancellation handling and correctly wait for the other proxy task"
home-assistant/supervisor,67b9a44160fbc479c2b067bb8a9e7dbb84f38e43,2025-03,2,post,2025-03-30T21:05:11-10:00,2025-03-30T21:05:11-10:00,dependabot[bot],49699333+dependabot[bot]@users.noreply.github.com,GitHub,noreply@github.com,1,0,1,1,1,0,0,0,,,,,dependabot,0,5793,Bump coverage from 7.7.1 to 7.8.0 (#5793),Bump coverage from 7.7.1 to 7.8.0 (#5793)
home-assistant/supervisor,01a682cfaac0621a448675545a84aac7484705a6,2025-03,2,post,2025-03-31T17:03:54-04:00,2025-03-31T17:03:54-04:00,ue1fc990c4f6dfd9c,ue1fc990c4f6dfd9c@users.invalid,GitHub,noreply@github.com,1,0,48,681,418,41,584,351,,,,,,0,5792,Fix mypy issues in backups and dbus (#5792),"Fix mypy issues in backups and dbus (#5792)

* Fix mypy issues in backups module

* Fix mypy issues in dbus module

* Fix mypy issues in api after rebase

* TypedDict to dataclass and other small fixes

* Finish fixing mypy errors in dbus

* local_where must exist

* Fix references to name in tests"
home-assistant/supervisor,798af687cf60f77f1c4558d1b6ea8ab025b0a7f2,2025-04,3,post,2025-04-01T10:13:01+02:00,2025-04-01T10:13:01+02:00,dependabot[bot],49699333+dependabot[bot]@users.noreply.github.com,GitHub,noreply@github.com,1,0,1,1,1,0,0,0,,,,,dependabot,0,5796,Bump sentry-sdk from 2.24.1 to 2.25.0 (#5796),"Bump sentry-sdk from 2.24.1 to 2.25.0 (#5796)

Bumps [sentry-sdk](https://github.com/getsentry/sentry-python) from 2.24.1 to 2.25.0.
- [Release notes](https://github.com/getsentry/sentry-python/releases)
- [Changelog](https://github.com/getsentry/sentry-python/blob/master/CHANGELOG.md)
- [Commits](https://github.com/getsentry/sentry-python/compare/2.24.1...2.25.0)

---
updated-dependencies:
- dependency-name: sentry-sdk
  dependency-version: 2.25.0
  dependency-type: direct:production
  update-type: version-update:semver-minor
...

Signed-off-by: dependabot[bot] <support@github.com>
Co-authored-by: dependabot[bot] <49699333+dependabot[bot]@users.noreply.github.com>"
home-assistant/supervisor,d051cbcafbe3fd5d091e97d3b01498f0dee4cca8,2025-04,3,post,2025-04-01T11:31:00+02:00,2025-04-01T11:31:00+02:00,dependabot[bot],49699333+dependabot[bot]@users.noreply.github.com,GitHub,noreply@github.com,1,0,1,1,1,0,0,0,,,,,dependabot,0,5795,Bump aiohttp from 3.11.14 to 3.11.15 (#5795),"Bump aiohttp from 3.11.14 to 3.11.15 (#5795)

Bumps [aiohttp](https://github.com/aio-libs/aiohttp) from 3.11.14 to 3.11.15.
- [Release notes](https://github.com/aio-libs/aiohttp/releases)
- [Changelog](https://github.com/aio-libs/aiohttp/blob/master/CHANGES.rst)
- [Commits](https://github.com/aio-libs/aiohttp/compare/v3.11.14...v3.11.15)

---
updated-dependencies:
- dependency-name: aiohttp
  dependency-version: 3.11.15
  dependency-type: direct:production
  update-type: version-update:semver-patch
...

Signed-off-by: dependabot[bot] <support@github.com>
Co-authored-by: dependabot[bot] <49699333+dependabot[bot]@users.noreply.github.com>"
home-assistant/supervisor,5c1f7ed18da685da85006e9ae12e6b6753261dc8,2025-04,3,post,2025-04-01T21:49:33+02:00,2025-04-01T15:49:33-04:00,ue1fc990c4f6dfd9c,ue1fc990c4f6dfd9c@users.invalid,GitHub,noreply@github.com,1,0,1,1,1,1,1,1,,,,,,0,5798,Switch iter_chunked to iter_chunks (#5798),"Switch iter_chunked to iter_chunks (#5798)

* Switch iter_chunked to iter_any

* iter_chunks not iter_any"
home-assistant/supervisor,86cf083902028027fe5f58a49c22d69dad225bbb,2025-04,3,post,2025-04-02T09:25:43+02:00,2025-04-02T09:25:43+02:00,dependabot[bot],49699333+dependabot[bot]@users.noreply.github.com,GitHub,noreply@github.com,1,0,1,1,1,0,0,0,,,,,dependabot,0,5801,Bump aiohttp from 3.11.15 to 3.11.16 (#5801),"Bump aiohttp from 3.11.15 to 3.11.16 (#5801)

Bumps [aiohttp](https://github.com/aio-libs/aiohttp) from 3.11.15 to 3.11.16.
- [Release notes](https://github.com/aio-libs/aiohttp/releases)
- [Changelog](https://github.com/aio-libs/aiohttp/blob/master/CHANGES.rst)
- [Commits](https://github.com/aio-libs/aiohttp/compare/v3.11.15...v3.11.16)

---
updated-dependencies:
- dependency-name: aiohttp
  dependency-type: direct:production
  update-type: version-update:semver-patch
...

Signed-off-by: dependabot[bot] <support@github.com>
Co-authored-by: dependabot[bot] <49699333+dependabot[bot]@users.noreply.github.com>"
home-assistant/supervisor,c5186101d3da323f7e1db8362135a8cf76ca59d1,2025-04,3,post,2025-04-02T09:26:00+02:00,2025-04-02T09:26:00+02:00,dependabot[bot],49699333+dependabot[bot]@users.noreply.github.com,GitHub,noreply@github.com,1,0,1,1,1,0,0,0,,,,,dependabot,0,5799,Bump pytest-cov from 6.0.0 to 6.1.0 (#5799),"Bump pytest-cov from 6.0.0 to 6.1.0 (#5799)

Bumps [pytest-cov](https://github.com/pytest-dev/pytest-cov) from 6.0.0 to 6.1.0.
- [Changelog](https://github.com/pytest-dev/pytest-cov/blob/master/CHANGELOG.rst)
- [Commits](https://github.com/pytest-dev/pytest-cov/compare/v6.0.0...v6.1.0)

---
updated-dependencies:
- dependency-name: pytest-cov
  dependency-type: direct:production
  update-type: version-update:semver-minor
...

Signed-off-by: dependabot[bot] <support@github.com>
Co-authored-by: dependabot[bot] <49699333+dependabot[bot]@users.noreply.github.com>"
home-assistant/supervisor,5e05af26a84deaba1acee5b88012a8084256d454,2025-04,3,post,2025-04-02T10:36:31+02:00,2025-04-02T10:36:31+02:00,dependabot[bot],49699333+dependabot[bot]@users.noreply.github.com,GitHub,noreply@github.com,1,0,1,1,1,0,0,0,,,,,dependabot,0,5800,Bump dbus-fast from 2.43.0 to 2.44.0 (#5800),"Bump dbus-fast from 2.43.0 to 2.44.0 (#5800)

Bumps [dbus-fast](https://github.com/bluetooth-devices/dbus-fast) from 2.43.0 to 2.44.0.
- [Release notes](https://github.com/bluetooth-devices/dbus-fast/releases)
- [Changelog](https://github.com/Bluetooth-Devices/dbus-fast/blob/main/CHANGELOG.md)
- [Commits](https://github.com/bluetooth-devices/dbus-fast/compare/v2.43.0...v2.44.0)

---
updated-dependencies:
- dependency-name: dbus-fast
  dependency-type: direct:production
  update-type: version-update:semver-minor
...

Signed-off-by: dependabot[bot] <support@github.com>
Co-authored-by: dependabot[bot] <49699333+dependabot[bot]@users.noreply.github.com>"
home-assistant/supervisor,62b3259d9c41a76a57c6a95d896eceba659b332c,2025-04,3,post,2025-04-02T10:46:50+02:00,2025-04-02T10:46:50+02:00,github-actions[bot],41898282+github-actions[bot]@users.noreply.github.com,GitHub,noreply@github.com,1,0,3699,4157,3823,0,0,0,,,,,github-actions,0,5687,Update frontend to version 20250401.0 (#5687),"Update frontend to version 20250401.0 (#5687)

Co-authored-by: github-actions[bot] <41898282+github-actions[bot]@users.noreply.github.com>"
home-assistant/supervisor,5a88128cec258a6c57a7ae08c82b1c29c69d15db,2025-04,3,post,2025-04-04T08:52:39+02:00,2025-04-04T08:52:39+02:00,dependabot[bot],49699333+dependabot[bot]@users.noreply.github.com,GitHub,noreply@github.com,1,0,2,2,2,0,0,0,,,,,dependabot,0,5808,Bump typing-extensions from 4.12.2 to 4.13.1 (#5808),"Bump typing-extensions from 4.12.2 to 4.13.1 (#5808)

Bumps [typing-extensions](https://github.com/python/typing_extensions) from 4.12.2 to 4.13.1.
- [Release notes](https://github.com/python/typing_extensions/releases)
- [Changelog](https://github.com/python/typing_extensions/blob/main/CHANGELOG.md)
- [Commits](https://github.com/python/typing_extensions/compare/4.12.2...4.13.1)

---
updated-dependencies:
- dependency-name: typing-extensions
  dependency-version: 4.13.1
  dependency-type: direct:production
  update-type: version-update:semver-minor
...

Signed-off-by: dependabot[bot] <support@github.com>
Co-authored-by: dependabot[bot] <49699333+dependabot[bot]@users.noreply.github.com>"
home-assistant/supervisor,eaae40718b11ed3e85b6ce71b8852bb5952de743,2025-04,3,post,2025-04-04T09:08:08+02:00,2025-04-04T09:08:08+02:00,dependabot[bot],49699333+dependabot[bot]@users.noreply.github.com,GitHub,noreply@github.com,1,0,1,1,1,0,0,0,,,,,dependabot,0,5809,Bump ruff from 0.11.2 to 0.11.3 (#5809),"Bump ruff from 0.11.2 to 0.11.3 (#5809)

Bumps [ruff](https://github.com/astral-sh/ruff) from 0.11.2 to 0.11.3.
- [Release notes](https://github.com/astral-sh/ruff/releases)
- [Changelog](https://github.com/astral-sh/ruff/blob/main/CHANGELOG.md)
- [Commits](https://github.com/astral-sh/ruff/compare/0.11.2...0.11.3)

---
updated-dependencies:
- dependency-name: ruff
  dependency-version: 0.11.3
  dependency-type: direct:production
  update-type: version-update:semver-patch
...

Signed-off-by: dependabot[bot] <support@github.com>
Co-authored-by: dependabot[bot] <49699333+dependabot[bot]@users.noreply.github.com>"
home-assistant/supervisor,2a3d0fdf610f2ef05601d2fd2d8f5d4b53eb09dc,2025-04,3,post,2025-04-04T09:18:35+02:00,2025-04-04T09:18:35+02:00,dependabot[bot],49699333+dependabot[bot]@users.noreply.github.com,GitHub,noreply@github.com,1,0,1,1,1,0,0,0,,,,,dependabot,0,5804,Bump sentry-sdk from 2.25.0 to 2.25.1 (#5804),"Bump sentry-sdk from 2.25.0 to 2.25.1 (#5804)

Bumps [sentry-sdk](https://github.com/getsentry/sentry-python) from 2.25.0 to 2.25.1.
- [Release notes](https://github.com/getsentry/sentry-python/releases)
- [Changelog](https://github.com/getsentry/sentry-python/blob/master/CHANGELOG.md)
- [Commits](https://github.com/getsentry/sentry-python/compare/2.25.0...2.25.1)

---
updated-dependencies:
- dependency-name: sentry-sdk
  dependency-version: 2.25.1
  dependency-type: direct:production
  update-type: version-update:semver-patch
...

Signed-off-by: dependabot[bot] <support@github.com>
Co-authored-by: dependabot[bot] <49699333+dependabot[bot]@users.noreply.github.com>"
home-assistant/supervisor,9b8f03fa00a1b3ab387e3f6ccc615f3a047996ba,2025-04,3,post,2025-04-04T09:37:09+02:00,2025-04-04T09:37:09+02:00,dependabot[bot],49699333+dependabot[bot]@users.noreply.github.com,GitHub,noreply@github.com,1,0,1,1,1,0,0,0,,,,,dependabot,0,5807,Bump dbus-fast from 2.44.0 to 2.44.1 (#5807),"Bump dbus-fast from 2.44.0 to 2.44.1 (#5807)

Bumps [dbus-fast](https://github.com/bluetooth-devices/dbus-fast) from 2.44.0 to 2.44.1.
- [Release notes](https://github.com/bluetooth-devices/dbus-fast/releases)
- [Changelog](https://github.com/Bluetooth-Devices/dbus-fast/blob/main/CHANGELOG.md)
- [Commits](https://github.com/bluetooth-devices/dbus-fast/compare/v2.44.0...v2.44.1)

---
updated-dependencies:
- dependency-name: dbus-fast
  dependency-version: 2.44.1
  dependency-type: direct:production
  update-type: version-update:semver-patch
...

Signed-off-by: dependabot[bot] <support@github.com>
Co-authored-by: dependabot[bot] <49699333+dependabot[bot]@users.noreply.github.com>"
home-assistant/supervisor,d09b6862690abc762f3cca7730d621b8d03b4f3f,2025-04,3,post,2025-04-07T09:24:59+02:00,2025-04-07T09:24:59+02:00,dependabot[bot],49699333+dependabot[bot]@users.noreply.github.com,GitHub,noreply@github.com,1,0,1,1,1,0,0,0,,,,,dependabot,0,5813,Bump pytest-cov from 6.1.0 to 6.1.1 (#5813),"Bump pytest-cov from 6.1.0 to 6.1.1 (#5813)

Bumps [pytest-cov](https://github.com/pytest-dev/pytest-cov) from 6.1.0 to 6.1.1.
- [Changelog](https://github.com/pytest-dev/pytest-cov/blob/master/CHANGELOG.rst)
- [Commits](https://github.com/pytest-dev/pytest-cov/compare/v6.1.0...v6.1.1)

---
updated-dependencies:
- dependency-name: pytest-cov
  dependency-version: 6.1.1
  dependency-type: direct:production
  update-type: version-update:semver-patch
...

Signed-off-by: dependabot[bot] <support@github.com>
Co-authored-by: dependabot[bot] <49699333+dependabot[bot]@users.noreply.github.com>"
home-assistant/supervisor,dedf5df5ad2877f951272e3649ce8e2e822c1592,2025-04,3,post,2025-04-07T09:47:12+02:00,2025-04-07T09:47:12+02:00,dependabot[bot],49699333+dependabot[bot]@users.noreply.github.com,GitHub,noreply@github.com,1,0,1,1,1,0,0,0,,,,,dependabot,0,5814,Bump ruff from 0.11.3 to 0.11.4 (#5814),"Bump ruff from 0.11.3 to 0.11.4 (#5814)

Bumps [ruff](https://github.com/astral-sh/ruff) from 0.11.3 to 0.11.4.
- [Release notes](https://github.com/astral-sh/ruff/releases)
- [Changelog](https://github.com/astral-sh/ruff/blob/main/CHANGELOG.md)
- [Commits](https://github.com/astral-sh/ruff/compare/0.11.3...0.11.4)

---
updated-dependencies:
- dependency-name: ruff
  dependency-version: 0.11.4
  dependency-type: direct:production
  update-type: version-update:semver-patch
...

Signed-off-by: dependabot[bot] <support@github.com>
Co-authored-by: dependabot[bot] <49699333+dependabot[bot]@users.noreply.github.com>"
home-assistant/supervisor,59a7e9519da55e37a9465328a13596a43e736415,2025-04,3,post,2025-04-07T11:09:45+02:00,2025-04-07T11:09:45+02:00,ue9acf10ae3811d11,ue9acf10ae3811d11@users.invalid,GitHub,noreply@github.com,1,0,3,37,3,2,2,2,,,,,,0,5815,Fix root path requests (#5815),"Fix root path requests (#5815)

* Fix root path requests

Since #5759 we've tried to access the path explicitly. However, this
raises KeyError exception when trying to access the proxied root path
(e.g. http://supervisor/core/api/). Before #5759 get was used, which
lead to no exception, but instead inserted a `None` into the path.

It seems aiohttp doesn't provide a path when the root is accessed. So
simply convert this to no path as well by setting path to an empty
string.

* Add rudimentary pytest for regular proxy requets"
home-assistant/supervisor,4a00caa2e8cce1c6337aa74976bcd87aba70ccf4,2025-04,3,post,2025-04-08T12:52:58-04:00,2025-04-08T12:52:58-04:00,ue1fc990c4f6dfd9c,ue1fc990c4f6dfd9c@users.invalid,GitHub,noreply@github.com,1,0,22,248,154,18,190,124,,,,,,0,5805,"Fix mypy issues in docker, hardware and homeassistant modules (#5805)","Fix mypy issues in docker, hardware and homeassistant modules (#5805)

* Fix mypy issues in docker and hardware modules

* Fix mypy issues in homeassistant module

* Fix async_send_command typing

* Fixes from feedback"
home-assistant/supervisor,db330ab58a92f941884a6c00f5bf07d067d4c490,2025-04,3,post,2025-04-09T09:47:43+02:00,2025-04-09T09:47:43+02:00,dependabot[bot],49699333+dependabot[bot]@users.noreply.github.com,GitHub,noreply@github.com,1,0,1,1,1,0,0,0,,,,,dependabot,0,5816,Update wheel requirement from ~=0.45.0 to ~=0.46.1 (#5816),"Update wheel requirement from ~=0.45.0 to ~=0.46.1 (#5816)

Updates the requirements on [wheel](https://github.com/pypa/wheel) to permit the latest version.
- [Release notes](https://github.com/pypa/wheel/releases)
- [Changelog](https://github.com/pypa/wheel/blob/main/docs/news.rst)
- [Commits](https://github.com/pypa/wheel/compare/0.45.0...0.46.1)

---
updated-dependencies:
- dependency-name: wheel
  dependency-version: 0.46.1
  dependency-type: direct:production
...

Signed-off-by: dependabot[bot] <support@github.com>
Co-authored-by: dependabot[bot] <49699333+dependabot[bot]@users.noreply.github.com>"
home-assistant/supervisor,b37b0ff744986dc06427f0b711f6af69744a9856,2025-04,3,post,2025-04-11T09:31:25+02:00,2025-04-11T09:31:25+02:00,dependabot[bot],49699333+dependabot[bot]@users.noreply.github.com,GitHub,noreply@github.com,1,0,1,1,1,0,0,0,,,,,dependabot,0,5820,Bump urllib3 from 2.3.0 to 2.4.0 (#5820),"Bump urllib3 from 2.3.0 to 2.4.0 (#5820)

Bumps [urllib3](https://github.com/urllib3/urllib3) from 2.3.0 to 2.4.0.
- [Release notes](https://github.com/urllib3/urllib3/releases)
- [Changelog](https://github.com/urllib3/urllib3/blob/main/CHANGES.rst)
- [Commits](https://github.com/urllib3/urllib3/compare/2.3.0...2.4.0)

---
updated-dependencies:
- dependency-name: urllib3
  dependency-version: 2.4.0
  dependency-type: direct:production
  update-type: version-update:semver-minor
...

Signed-off-by: dependabot[bot] <support@github.com>
Co-authored-by: dependabot[bot] <49699333+dependabot[bot]@users.noreply.github.com>"
home-assistant/supervisor,de105f8cb7073e491d6534b4578d3c0ef8884eec,2025-04,3,post,2025-04-11T09:31:38+02:00,2025-04-11T09:31:38+02:00,dependabot[bot],49699333+dependabot[bot]@users.noreply.github.com,GitHub,noreply@github.com,1,0,1,1,1,0,0,0,,,,,dependabot,0,5819,Bump debugpy from 1.8.13 to 1.8.14 (#5819),"Bump debugpy from 1.8.13 to 1.8.14 (#5819)

Bumps [debugpy](https://github.com/microsoft/debugpy) from 1.8.13 to 1.8.14.
- [Release notes](https://github.com/microsoft/debugpy/releases)
- [Commits](https://github.com/microsoft/debugpy/compare/v1.8.13...v1.8.14)

---
updated-dependencies:
- dependency-name: debugpy
  dependency-version: 1.8.14
  dependency-type: direct:production
  update-type: version-update:semver-patch
...

Signed-off-by: dependabot[bot] <support@github.com>
Co-authored-by: dependabot[bot] <49699333+dependabot[bot]@users.noreply.github.com>"
home-assistant/supervisor,999789f7ce2740bcd83c45bc64d041db40b32caf,2025-04,3,post,2025-04-11T09:31:52+02:00,2025-04-11T09:31:52+02:00,dependabot[bot],49699333+dependabot[bot]@users.noreply.github.com,GitHub,noreply@github.com,1,0,1,1,1,0,0,0,,,,,dependabot,0,5818,Bump ruff from 0.11.4 to 0.11.5 (#5818),"Bump ruff from 0.11.4 to 0.11.5 (#5818)

Bumps [ruff](https://github.com/astral-sh/ruff) from 0.11.4 to 0.11.5.
- [Release notes](https://github.com/astral-sh/ruff/releases)
- [Changelog](https://github.com/astral-sh/ruff/blob/main/CHANGELOG.md)
- [Commits](https://github.com/astral-sh/ruff/compare/0.11.4...0.11.5)

---
updated-dependencies:
- dependency-name: ruff
  dependency-version: 0.11.5
  dependency-type: direct:production
  update-type: version-update:semver-patch
...

Signed-off-by: dependabot[bot] <support@github.com>
Co-authored-by: dependabot[bot] <49699333+dependabot[bot]@users.noreply.github.com>"
home-assistant/supervisor,542ab0411cde9598e044ac93be636afd3b333165,2025-04,3,post,2025-04-11T09:45:33+02:00,2025-04-11T09:45:33+02:00,dependabot[bot],49699333+dependabot[bot]@users.noreply.github.com,GitHub,noreply@github.com,1,0,2,2,2,0,0,0,,,,,dependabot,0,5817,Bump typing-extensions from 4.13.1 to 4.13.2 (#5817),"Bump typing-extensions from 4.13.1 to 4.13.2 (#5817)

Bumps [typing-extensions](https://github.com/python/typing_extensions) from 4.13.1 to 4.13.2.
- [Release notes](https://github.com/python/typing_extensions/releases)
- [Changelog](https://github.com/python/typing_extensions/blob/main/CHANGELOG.md)
- [Commits](https://github.com/python/typing_extensions/compare/4.13.1...4.13.2)

---
updated-dependencies:
- dependency-name: typing-extensions
  dependency-version: 4.13.2
  dependency-type: direct:production
  update-type: version-update:semver-patch
...

Signed-off-by: dependabot[bot] <support@github.com>
Co-authored-by: dependabot[bot] <49699333+dependabot[bot]@users.noreply.github.com>"
home-assistant/supervisor,d413e0dcb924b9bbdebdb91dd0be98e7755c7f2b,2025-04,3,post,2025-04-11T10:40:24+02:00,2025-04-11T10:40:24+02:00,ue9acf10ae3811d11,ue9acf10ae3811d11@users.invalid,GitHub,noreply@github.com,1,0,2,0,2,0,0,0,,,,,,0,5821,Drop typing-extensions from requirements (#5821),"Drop typing-extensions from requirements (#5821)

The dependency typing-extensions has been added with #3848, but not
used much. With the update to Python 3.11 in #4666 the necessary types
are now available from the Python standard library, making
typing-extensions unused. Remove the now unnecessary typing-extensions
from the dependencies."
home-assistant/supervisor,7da3a343049dca367988567fe0552b3cd31c2a79,2025-04,3,post,2025-04-15T08:25:45+02:00,2025-04-15T08:25:45+02:00,dependabot[bot],49699333+dependabot[bot]@users.noreply.github.com,GitHub,noreply@github.com,1,0,1,1,1,0,0,0,,,,,dependabot,0,5823,Bump codecov/codecov-action from 5.4.0 to 5.4.2 (#5823),Bump codecov/codecov-action from 5.4.0 to 5.4.2 (#5823)
home-assistant/supervisor,9d8db27701a7d84687b6e9efe61d9c7af6a4ce7e,2025-04,3,post,2025-04-16T08:38:36+02:00,2025-04-16T08:38:36+02:00,dependabot[bot],49699333+dependabot[bot]@users.noreply.github.com,GitHub,noreply@github.com,1,0,1,1,1,0,0,0,,,,,dependabot,0,5822,Bump sentry-sdk from 2.25.1 to 2.26.0 (#5822),"Bump sentry-sdk from 2.25.1 to 2.26.0 (#5822)

Bumps [sentry-sdk](https://github.com/getsentry/sentry-python) from 2.25.1 to 2.26.0.
- [Release notes](https://github.com/getsentry/sentry-python/releases)
- [Changelog](https://github.com/getsentry/sentry-python/blob/master/CHANGELOG.md)
- [Commits](https://github.com/getsentry/sentry-python/compare/2.25.1...2.26.0)

---
updated-dependencies:
- dependency-name: sentry-sdk
  dependency-version: 2.26.0
  dependency-type: direct:production
  update-type: version-update:semver-minor
...

Signed-off-by: dependabot[bot] <support@github.com>
Co-authored-by: dependabot[bot] <49699333+dependabot[bot]@users.noreply.github.com>"
home-assistant/supervisor,f7317134e3623c4a17110479f92c149e58a49dd1,2025-04,3,post,2025-04-16T09:20:46+02:00,2025-04-16T09:20:46+02:00,dependabot[bot],49699333+dependabot[bot]@users.noreply.github.com,GitHub,noreply@github.com,1,0,1,1,1,0,0,0,,,,,dependabot,0,5824,Bump sentry-sdk from 2.26.0 to 2.26.1 (#5824),"Bump sentry-sdk from 2.26.0 to 2.26.1 (#5824)

Co-authored-by: dependabot[bot] <49699333+dependabot[bot]@users.noreply.github.com>"
home-assistant/supervisor,6fad7d14e18592a9e1545b23cd73bfd8d36f97fe,2025-04,3,post,2025-04-17T16:23:34+02:00,2025-04-17T16:23:34+02:00,ue9acf10ae3811d11,ue9acf10ae3811d11@users.invalid,GitHub,noreply@github.com,1,0,1,2,2,0,0,0,,,,,,0,5825,Avoid using host system socket for logs tests (#5825),"Avoid using host system socket for logs tests (#5825)

Make sure we mock the systemd journal gateway socket for tests. This
makes the test work on systems which have systemd-journal-gatewayd
installed."
home-assistant/supervisor,8f27958e207800920426e853d88fe229e7ad4283,2025-04,3,post,2025-04-17T21:43:49-10:00,2025-04-17T21:43:49-10:00,dependabot[bot],49699333+dependabot[bot]@users.noreply.github.com,GitHub,noreply@github.com,1,0,1,1,1,0,0,0,,,,,dependabot,0,5828,Bump ruff from 0.11.5 to 0.11.6 (#5828),"Bump ruff from 0.11.5 to 0.11.6 (#5828)

Co-authored-by: dependabot[bot] <49699333+dependabot[bot]@users.noreply.github.com>"
home-assistant/supervisor,c3e63a56691bc1ed7384065c759f788120d06259,2025-04,3,post,2025-04-21T20:29:21+02:00,2025-04-21T20:29:21+02:00,dependabot[bot],49699333+dependabot[bot]@users.noreply.github.com,GitHub,noreply@github.com,1,0,2,2,2,0,0,0,,,,,dependabot,0,5829,Bump setuptools from 78.1.0 to 79.0.0 (#5829),Bump setuptools from 78.1.0 to 79.0.0 (#5829)
home-assistant/supervisor,198af54d1ef5d149c84d8bb442ee22047074137b,2025-04,3,post,2025-04-22T09:02:14+02:00,2025-04-22T09:02:14+02:00,dependabot[bot],49699333+dependabot[bot]@users.noreply.github.com,GitHub,noreply@github.com,1,0,1,1,1,0,0,0,,,,,dependabot,0,5830,Bump aiohttp from 3.11.16 to 3.11.18 (#5830),"Bump aiohttp from 3.11.16 to 3.11.18 (#5830)

---
updated-dependencies:
- dependency-name: aiohttp
  dependency-version: 3.11.18
  dependency-type: direct:production
  update-type: version-update:semver-patch
...

Signed-off-by: dependabot[bot] <support@github.com>
Co-authored-by: dependabot[bot] <49699333+dependabot[bot]@users.noreply.github.com>"
home-assistant/supervisor,adfb433f5746dd003724cc8bcbea3ebfe8123213,2025-04,3,post,2025-04-22T09:05:49+02:00,2025-04-22T09:05:49+02:00,uc99e7580c7a8e9ca,uc99e7580c7a8e9ca@users.invalid,GitHub,noreply@github.com,1,0,5,43,6,2,20,4,,,,,,0,5827,Intercept host logs Range header for Systemd v256+ compatibility (#5827),"Intercept host logs Range header for Systemd v256+ compatibility (#5827)

Since Systemd v256 the Range header must not end with a trailing colon.
We relied on this undocumented feature when following logs, and the
frontend or CLI may still use it in requests. To fix the requests
failing with new Systemd version, intercept the header and fill in the
num_entries to maximum possible value, which avoids the journal-gatewayd
returning the response prematurely and also works on older Systemd
versions.

The journal-gatewayd would still return response if follow flag is used
along with num_entries, but this behavior is unchanged and would be
better fixed in the backend.

Link: https://github.com/systemd/systemd/issues/37172"
home-assistant/supervisor,5d07dd2c424a1e500be79a7258c6adb2d76ea0e2,2025-04,3,post,2025-04-22T16:18:23+02:00,2025-04-22T16:18:23+02:00,ue9acf10ae3811d11,ue9acf10ae3811d11@users.invalid,GitHub,noreply@github.com,1,0,5,39,0,4,24,0,,,,,,0,5826,Add country to Supervisor info (#5826),"Add country to Supervisor info (#5826)

Similar to timezone also add country information to the Supervisor
info. This is useful to set country specific configurations such as
Wireless radio regulatory setting. This is also useful for add-ons
which need country information but only have hassio API access."
home-assistant/supervisor,122b73202bb341d12493e832bfc0127254ac3a18,2025-04,3,post,2025-04-23T10:40:25+02:00,2025-04-23T10:40:25+02:00,ue9acf10ae3811d11,ue9acf10ae3811d11@users.invalid,GitHub,noreply@github.com,1,0,4,55,58,3,47,58,,,,,,0,5831,Unify Supervisor event message functions (#5831),"Unify Supervisor event message functions (#5831)

* Unify Supervisor event message functions

Unify functions which send WebSocket messages of type
""supervisor/event"". This deduplicates code and hopefully avoids further
diversication in the future.

While at it, remove unused HomeAssistantWSNotSupported exception. It
seems the only place this exception is used got removed in #3317.

* Test message delivery during shutdown states"
home-assistant/supervisor,9d062c8ed0ba34abd45a6f1572f58d0673e85969,2025-04,3,post,2025-04-23T10:40:41+02:00,2025-04-23T10:40:41+02:00,dependabot[bot],49699333+dependabot[bot]@users.noreply.github.com,GitHub,noreply@github.com,1,0,2,2,2,0,0,0,,,,,dependabot,0,5832,Bump sigstore/cosign-installer from 3.8.1 to 3.8.2 (#5832),"Bump sigstore/cosign-installer from 3.8.1 to 3.8.2 (#5832)

Bumps [sigstore/cosign-installer](https://github.com/sigstore/cosign-installer) from 3.8.1 to 3.8.2.
- [Release notes](https://github.com/sigstore/cosign-installer/releases)
- [Commits](https://github.com/sigstore/cosign-installer/compare/v3.8.1...v3.8.2)

---
updated-dependencies:
- dependency-name: sigstore/cosign-installer
  dependency-version: 3.8.2
  dependency-type: direct:production
  update-type: version-update:semver-patch
...

Signed-off-by: dependabot[bot] <support@github.com>
Co-authored-by: dependabot[bot] <49699333+dependabot[bot]@users.noreply.github.com>"
home-assistant/supervisor,876afdb26e150f5332f7a85371f8981bef0ebf1c,2025-04,3,post,2025-04-23T21:04:32-10:00,2025-04-23T21:04:32-10:00,dependabot[bot],49699333+dependabot[bot]@users.noreply.github.com,GitHub,noreply@github.com,1,0,1,1,1,0,0,0,,,,,dependabot,0,5835,Bump setuptools from 79.0.0 to 79.0.1 (#5835),"Bump setuptools from 79.0.0 to 79.0.1 (#5835)

Co-authored-by: dependabot[bot] <49699333+dependabot[bot]@users.noreply.github.com>"
home-assistant/supervisor,88b41e80bb93167672b9fc73791c53a12da03d78,2025-04,3,post,2025-04-23T21:04:49-10:00,2025-04-23T21:04:49-10:00,dependabot[bot],49699333+dependabot[bot]@users.noreply.github.com,GitHub,noreply@github.com,1,0,2,9,9,0,0,0,,,,,dependabot,0,5836,Bump actions/setup-python from 5.5.0 to 5.6.0 (#5836),"Bump actions/setup-python from 5.5.0 to 5.6.0 (#5836)

Co-authored-by: dependabot[bot] <49699333+dependabot[bot]@users.noreply.github.com>"
home-assistant/supervisor,de497cdc19267b6a0332e016eddd6adf0eb5dbf0,2025-04,3,post,2025-04-24T15:46:18+02:00,2025-04-24T15:46:18+02:00,ue9acf10ae3811d11,ue9acf10ae3811d11@users.invalid,GitHub,noreply@github.com,1,0,3,26,1,2,8,0,,,,,,0,5833,Add dedicated version update refresh for main components (#5833),"Add dedicated version update refresh for main components (#5833)

* Add dedicated update information reload

Currently we have the /refresh_updates endpoint which updates the main
component versions (Core, OS, Supervisor, Plug-ins) and the add-on
store at the same time. This combined update causes more update
information reloads than necessary.

To allow fine grained update refresh control introduce a new endpoint
/reload_updates which asks Supervisor to only update main component
versions (learned through the version json files).

The /store/reload endpoint already allows to update the add-on store
separately.

* Add pytest

* Update supervisor/api/__init__.py"
home-assistant/supervisor,6116425265d02eca691d05f1f047319c55b26d48,2025-04,3,post,2025-04-25T09:01:23+02:00,2025-04-25T09:01:23+02:00,dependabot[bot],49699333+dependabot[bot]@users.noreply.github.com,GitHub,noreply@github.com,1,0,1,1,1,0,0,0,,,,,dependabot,0,5840,Bump actions/download-artifact from 4.2.1 to 4.3.0 (#5840),"Bump actions/download-artifact from 4.2.1 to 4.3.0 (#5840)

Co-authored-by: dependabot[bot] <49699333+dependabot[bot]@users.noreply.github.com>"
home-assistant/supervisor,0e55e6e67b2296341f092e545d09fcec99eeb808,2025-04,3,post,2025-04-25T11:40:17+02:00,2025-04-25T11:40:17+02:00,dependabot[bot],49699333+dependabot[bot]@users.noreply.github.com,GitHub,noreply@github.com,1,0,2,27,24,1,26,23,,,,,dependabot,0,5842,Bump sentry-sdk from 2.26.1 to 2.27.0 (#5842),"Bump sentry-sdk from 2.26.1 to 2.27.0 (#5842)

* Bump sentry-sdk from 2.26.1 to 2.27.0

Bumps [sentry-sdk](https://github.com/getsentry/sentry-python) from 2.26.1 to 2.27.0.
- [Release notes](https://github.com/getsentry/sentry-python/releases)
- [Changelog](https://github.com/getsentry/sentry-python/blob/master/CHANGELOG.md)
- [Commits](https://github.com/getsentry/sentry-python/compare/2.26.1...2.27.0)

---
updated-dependencies:
- dependency-name: sentry-sdk
  dependency-version: 2.27.0
  dependency-type: direct:production
  update-type: version-update:semver-minor
...

Signed-off-by: dependabot[bot] <support@github.com>

* Make use of new typing hints in filter.py

* Avoid creating unnecessary empty dict

---------

Signed-off-by: dependabot[bot] <support@github.com>
Co-authored-by: dependabot[bot] <49699333+dependabot[bot]@users.noreply.github.com>
Co-authored-by: ue9acf10ae3811d11 <ue9acf10ae3811d11@users.invalid>"
home-assistant/supervisor,9470f44840104eb48c8d1c451abc77d31614b6c8,2025-04,3,post,2025-04-25T15:17:25+02:00,2025-04-25T15:17:25+02:00,ue9acf10ae3811d11,ue9acf10ae3811d11@users.invalid,GitHub,noreply@github.com,1,0,3,134,3,1,2,3,,,,,,0,5843,Improve /auth API request sanitation (#5843),"Improve /auth API request sanitation (#5843)

* Add basic test coverage for /auth API

* Check /auth API is called from an add-on

Currently the /auth API is only available for add-ons. Return 403
for calls not originating from an add-on.

* Handle bad json in auth API

Use the API specific JSON load helper which raises an APIError. This
causes the API to return a 400 error instead of a 500 error when the
JSON is invalid.

* Avoid redefining name 'mock_check_login'

* Update tests/api/test_auth.py"
home-assistant/supervisor,0e7e4f8b42ca3d71222bb875e96be5f437314aeb,2025-04,3,post,2025-04-25T15:45:14+02:00,2025-04-25T15:45:14+02:00,dependabot[bot],49699333+dependabot[bot]@users.noreply.github.com,GitHub,noreply@github.com,1,0,1,1,1,0,0,0,,,,,dependabot,0,5841,Bump ruff from 0.11.6 to 0.11.7 (#5841),"Bump ruff from 0.11.6 to 0.11.7 (#5841)

Bumps [ruff](https://github.com/astral-sh/ruff) from 0.11.6 to 0.11.7.
- [Release notes](https://github.com/astral-sh/ruff/releases)
- [Changelog](https://github.com/astral-sh/ruff/blob/main/CHANGELOG.md)
- [Commits](https://github.com/astral-sh/ruff/compare/0.11.6...0.11.7)

---
updated-dependencies:
- dependency-name: ruff
  dependency-version: 0.11.7
  dependency-type: direct:production
  update-type: version-update:semver-patch
...

Signed-off-by: dependabot[bot] <support@github.com>
Co-authored-by: dependabot[bot] <49699333+dependabot[bot]@users.noreply.github.com>"
home-assistant/supervisor,4b5bcece64b1a029fcbacc8acc2735e9f62d05f2,2025-04,3,post,2025-04-28T02:47:57-04:00,2025-04-28T02:47:57-04:00,dependabot[bot],49699333+dependabot[bot]@users.noreply.github.com,GitHub,noreply@github.com,1,0,2,2,2,0,0,0,,,,,dependabot,0,5849,Bump setuptools from 79.0.1 to 80.0.0 (#5849),"Bump setuptools from 79.0.1 to 80.0.0 (#5849)

Co-authored-by: dependabot[bot] <49699333+dependabot[bot]@users.noreply.github.com>"
home-assistant/supervisor,53393afe8d25b72ed8d0f9ba08f3ef38cde51baa,2025-04,3,post,2025-04-28T23:48:47+02:00,2025-04-28T23:48:47+02:00,ue9acf10ae3811d11,ue9acf10ae3811d11@users.invalid,GitHub,noreply@github.com,1,0,2,5,15,2,5,15,,,,,,1,5851,"Revert ""Recreate aiohttp session on connectivity check (#5332)"" (#5851)","Revert ""Recreate aiohttp session on connectivity check (#5332)"" (#5851)

This reverts commit 1504278223a8d852d3b11de25f676fa8d6501a70.

It turns out that recreating the session can cause race conditions, e.g.
with API checks triggered by proxied requests running alongside. These
manifest in the following error:

AttributeError: 'NoneType' object has no attribute 'connect'
...
  File ""supervisor/homeassistant/api.py"", line 187, in check_api_state
    if state := await self.get_api_state():
  File ""supervisor/homeassistant/api.py"", line 171, in get_api_state
    data = await self.get_core_state()
  File ""supervisor/homeassistant/api.py"", line 145, in get_core_state
    return await self._get_json(""api/core/state"")
  File ""supervisor/homeassistant/api.py"", line 132, in _get_json
    async with self.make_request(""get"", path) as resp:
  File ""contextlib.py"", line 214, in __aenter__
    return await anext(self.gen)
  File ""supervisor/homeassistant/api.py"", line 106, in make_request
    async with getattr(self.sys_websession, method)(
  File ""aiohttp/client.py"", line 1425, in __aenter__
    self._resp: _RetType = await self._coro
  File ""aiohttp/client.py"", line 703, in _request
    conn = await self._connector.connect(

The only reason for the _connection in the aiohttp client to be None is
when close() gets called on the session. The only place this is being
done is the connectivity check.

So it seems that between fetching the session from the `sys_websession`
property) and actually using the connector, a connectivity check has been
run which then causes the above stack trace.

Let's not mess with the lifetime of the ClientSession object and simply
revert the change. Another solution for the original problem needs to be
found."
home-assistant/supervisor,88087046defa93baf9ed9ec073e2adb794aed8ed,2025-04,3,post,2025-04-29T12:58:09+02:00,2025-04-29T12:58:09+02:00,ue9acf10ae3811d11,ue9acf10ae3811d11@users.invalid,GitHub,noreply@github.com,1,0,1,0,1,0,0,0,,,,,,0,5847,Remove deprecated ruff rule S320 (#5847),Remove deprecated ruff rule S320 (#5847)
home-assistant/supervisor,8e714072c22e40729edef6799ec79c52f18bd803,2025-04,3,post,2025-04-29T16:13:56+02:00,2025-04-29T16:13:56+02:00,ue9acf10ae3811d11,ue9acf10ae3811d11@users.invalid,GitHub,noreply@github.com,1,0,1,1,1,1,1,1,,,,,,0,5846,Avoid reading add-ons twice unnecessarily (#5846),"Avoid reading add-ons twice unnecessarily (#5846)

So far a store reload lead to a reload of all add-ons twice, usually
causing two messages in quick succession:
```
2025-04-25 17:01:05.058 INFO (MainThread) [supervisor.store] Loading add-ons from store: 91 all - 0 new - 0 remove
2025-04-25 17:01:05.058 INFO (MainThread) [supervisor.store] Loading add-ons from store: 91 all - 0 new - 0 remove
```

This is because when repository changes are detected, `reload()` calls
`load()` which then calls `update_repositories()` which ends up calling
`_read_addons()`, while `reload()` itself calls `_read_addons()` after
`load()` as well.

One way to fix this would be to simply remove the `_read_addons()` call
in `reload()`.

However, it seems the `update_repositories()` call (via `load()`)
is not necessary at all, as we don't add new store repositories in
`reload()`, and we already made sure the built-ins are present on
startup.

So simply call `data.update()` to update the store data cache, as it
was the case before #2225. There is no apparent reason documented why
`data.update()` was changed to a `load()` call. It might be to ensure
regularly that built-in repositories are still in the list of store
repositories. But this type of regular invariant check is often harmful
as it might hide bugs in other places.

Supervisor will still call `update_repositories()` in `load()` to
ensure all built-in repositories are present, just in case the local
configuration file got modified or corrupted."
home-assistant/supervisor,c1b45406d6c58743582d34d4eab1622449eb11fe,2025-04,3,post,2025-04-29T16:14:20+02:00,2025-04-29T16:14:20+02:00,ue9acf10ae3811d11,ue9acf10ae3811d11@users.invalid,GitHub,noreply@github.com,1,0,3,83,6,2,22,6,,,,,,0,5848,Improve backup upload location determination (#5848),"Improve backup upload location determination (#5848)

* Improve backup upload location determination

For local backup upload locations, check if the location is on the same
file system an thuse allows to move the backup file after upload. This
allows custom backup mounts. Currently there is no documented,
persistent way to create such mounts in with Home Assistant OS
installations, but since we might add local mounts in the future this
seems a worthwhile addition.

Fixes: #5837

* Fix pytests"
home-assistant/supervisor,bc9e3eb95b257f829461e840d717b36e12ff756e,2025-04,3,post,2025-04-29T16:14:33+02:00,2025-04-29T16:14:33+02:00,ue9acf10ae3811d11,ue9acf10ae3811d11@users.invalid,GitHub,noreply@github.com,1,0,1,7,2,1,7,2,,,,,,0,5850,Fix race condition when removing add-on (#5850),"Fix race condition when removing add-on (#5850)

When uninstalling an add-on, we schedule a task to reload the ingress
tokens. This scheduled task typically ends up running right after
clearing the add-on data with `self.sys_addons.data.uninstall(self)`
(since this task is doing I/O, the race is rather deterministic).

Let's make sure we reload the ingress tokens at the end. Also simply
execute reloading synchrounsly since this is a rather quick operation
and makes sure that errors would get attributed to the right add-on
uninstall operation."
home-assistant/supervisor,61089c3507d4ffcdd185f9bb6168fb4aad3d0ddd,2025-04,3,post,2025-04-29T16:57:48+02:00,2025-04-29T16:57:48+02:00,uc99e7580c7a8e9ca,uc99e7580c7a8e9ca@users.invalid,GitHub,noreply@github.com,1,0,1,1,1,0,0,0,,,,,,0,5854,Bump uv to 0.6.17 (#5854),Bump uv to 0.6.17 (#5854)
home-assistant/supervisor,1b384cebc9e0cde703f78c2af074992b15cbb001,2025-04,3,post,2025-04-30T10:20:17+02:00,2025-04-30T10:20:17+02:00,dependabot[bot],49699333+dependabot[bot]@users.noreply.github.com,GitHub,noreply@github.com,1,0,1,1,1,0,0,0,,,,,dependabot,0,5856,Bump setuptools from 80.0.0 to 80.0.1 (#5856),"Bump setuptools from 80.0.0 to 80.0.1 (#5856)

Bumps [setuptools](https://github.com/pypa/setuptools) from 80.0.0 to 80.0.1.
- [Release notes](https://github.com/pypa/setuptools/releases)
- [Changelog](https://github.com/pypa/setuptools/blob/main/NEWS.rst)
- [Commits](https://github.com/pypa/setuptools/compare/v80.0.0...v80.0.1)

---
updated-dependencies:
- dependency-name: setuptools
  dependency-version: 80.0.1
  dependency-type: direct:production
  update-type: version-update:semver-patch
...

Signed-off-by: dependabot[bot] <support@github.com>
Co-authored-by: dependabot[bot] <49699333+dependabot[bot]@users.noreply.github.com>"
home-assistant/supervisor,657cb56fb98e290b61782ba0e9af5f2589f18021,2025-04,3,post,2025-04-30T10:20:26+02:00,2025-04-30T10:20:26+02:00,dependabot[bot],49699333+dependabot[bot]@users.noreply.github.com,GitHub,noreply@github.com,1,0,1,1,1,0,0,0,,,,,dependabot,0,5855,Bump orjson from 3.10.16 to 3.10.18 (#5855),"Bump orjson from 3.10.16 to 3.10.18 (#5855)

Bumps [orjson](https://github.com/ijl/orjson) from 3.10.16 to 3.10.18.
- [Release notes](https://github.com/ijl/orjson/releases)
- [Changelog](https://github.com/ijl/orjson/blob/master/CHANGELOG.md)
- [Commits](https://github.com/ijl/orjson/compare/3.10.16...3.10.18)

---
updated-dependencies:
- dependency-name: orjson
  dependency-version: 3.10.18
  dependency-type: direct:production
  update-type: version-update:semver-patch
...

Signed-off-by: dependabot[bot] <support@github.com>
Co-authored-by: dependabot[bot] <49699333+dependabot[bot]@users.noreply.github.com>"
home-assistant/supervisor,9915c2124378cbb5849608ffdc026b66ebc61d93,2025-04,3,post,2025-04-30T11:13:24+02:00,2025-04-30T11:13:24+02:00,ue9acf10ae3811d11,ue9acf10ae3811d11@users.invalid,GitHub,noreply@github.com,1,0,5,151,11,2,52,4,,,,,,0,5845,Check local store repository for changes (#5845),"Check local store repository for changes (#5845)

* Check local store repository for changes

Instead of simply assume that the local store repository got changed,
use mtime to check if there have been any changes to the local store.
This mimics a similar behavior to the git repository store updates.

Before this change, we end up in the updated repo code path, which
caused a re-read of all add-ons on every store reload, even though
nothing changed at all. Store reloads are triggered by Home Assistant
Core every 5 minutes.

* Fix pytest failure

Now that we actually only reload metadata if the local store changed
we have to fake the change as well to fix the store manager tests.

* Fix path cache update test for local store repository

* Take root directory into account/add pytest

* Rename utils/__init__.py tests to test_utils_init.py"
home-assistant/supervisor,9b0044edd6cc32ff608e59294aa6b0aa73d9a532,2025-04,3,post,2025-04-30T19:59:09+02:00,2025-04-30T19:59:09+02:00,ue9acf10ae3811d11,ue9acf10ae3811d11@users.invalid,GitHub,noreply@github.com,1,0,1,5,1,0,0,0,,,,,,0,5858,Avoid using host system socket for systemd journald tests (#5858),"Avoid using host system socket for systemd journald tests (#5858)

Similar to #5825, make sure we mock the systemd journal gateway socket
for tests. This makes the test work on systems which have
systemd-journal-gatewayd installed."
home-assistant/supervisor,25f93cd338372363a966776b6a2873f9656807bb,2025-05,4,post,2025-05-01T11:07:40+02:00,2025-05-01T11:07:40+02:00,dependabot[bot],49699333+dependabot[bot]@users.noreply.github.com,GitHub,noreply@github.com,1,0,2,2,2,0,0,0,,,,,dependabot,0,5861,Bump setuptools from 80.0.1 to 80.1.0 (#5861),"Bump setuptools from 80.0.1 to 80.1.0 (#5861)

Bumps [setuptools](https://github.com/pypa/setuptools) from 80.0.1 to 80.1.0.
- [Release notes](https://github.com/pypa/setuptools/releases)
- [Changelog](https://github.com/pypa/setuptools/blob/main/NEWS.rst)
- [Commits](https://github.com/pypa/setuptools/compare/v80.0.1...v80.1.0)

---
updated-dependencies:
- dependency-name: setuptools
  dependency-version: 80.1.0
  dependency-type: direct:production
  update-type: version-update:semver-minor
...

Signed-off-by: dependabot[bot] <support@github.com>
Co-authored-by: dependabot[bot] <49699333+dependabot[bot]@users.noreply.github.com>"
home-assistant/supervisor,ba91be136707234b4e793e72e47acec45d7d465f,2025-05,4,post,2025-05-02T09:40:45+02:00,2025-05-02T09:40:45+02:00,dependabot[bot],49699333+dependabot[bot]@users.noreply.github.com,GitHub,noreply@github.com,1,0,1,1,1,0,0,0,,,,,dependabot,0,5863,Bump ruff from 0.11.7 to 0.11.8 (#5863),Bump ruff from 0.11.7 to 0.11.8 (#5863)
home-assistant/supervisor,3dff2abe650c21f2c2bcb984cccb49fdef864106,2025-05,4,post,2025-05-05T01:07:22-05:00,2025-05-05T01:07:22-05:00,dependabot[bot],49699333+dependabot[bot]@users.noreply.github.com,GitHub,noreply@github.com,1,0,1,1,1,0,0,0,,,,,dependabot,0,5864,Bump aiodns from 3.2.0 to 3.3.0 (#5864),"Bump aiodns from 3.2.0 to 3.3.0 (#5864)

Co-authored-by: dependabot[bot] <49699333+dependabot[bot]@users.noreply.github.com>"
home-assistant/supervisor,3fcd254d25912648f52097cd6866a867bfacfb9e,2025-05,4,post,2025-05-05T01:49:50-05:00,2025-05-05T01:49:50-05:00,dependabot[bot],49699333+dependabot[bot]@users.noreply.github.com,GitHub,noreply@github.com,1,0,1,1,1,0,0,0,,,,,dependabot,0,5865,Bump pylint from 3.3.6 to 3.3.7 (#5865),"Bump pylint from 3.3.6 to 3.3.7 (#5865)

Co-authored-by: dependabot[bot] <49699333+dependabot[bot]@users.noreply.github.com>"
home-assistant/supervisor,b76a1f58ea7c290b07a592fa76d85e9694ae87e1,2025-05,4,post,2025-05-05T01:50:41-05:00,2025-05-05T01:50:41-05:00,dependabot[bot],49699333+dependabot[bot]@users.noreply.github.com,GitHub,noreply@github.com,1,0,2,2,2,0,0,0,,,,,dependabot,0,5867,Bump setuptools from 80.1.0 to 80.3.1 (#5867),"Bump setuptools from 80.1.0 to 80.3.1 (#5867)

Co-authored-by: dependabot[bot] <49699333+dependabot[bot]@users.noreply.github.com>"
home-assistant/supervisor,cd1cc66c77d057d391d94e38eee608381abf7e9e,2025-05,4,post,2025-05-05T02:07:51-05:00,2025-05-05T02:07:51-05:00,dependabot[bot],49699333+dependabot[bot]@users.noreply.github.com,GitHub,noreply@github.com,1,0,1,1,1,0,0,0,,,,,dependabot,0,5866,Bump cryptography from 44.0.2 to 44.0.3 (#5866),"Bump cryptography from 44.0.2 to 44.0.3 (#5866)

Co-authored-by: dependabot[bot] <49699333+dependabot[bot]@users.noreply.github.com>"
home-assistant/supervisor,2e44e6494fb14d92191fb2d12c1dbda79ea643a0,2025-05,4,post,2025-05-06T09:00:11+02:00,2025-05-06T09:00:11+02:00,dependabot[bot],49699333+dependabot[bot]@users.noreply.github.com,GitHub,noreply@github.com,1,0,1,1,1,0,0,0,,,,,dependabot,0,5868,Bump pytest-timeout from 2.3.1 to 2.4.0 (#5868),Bump pytest-timeout from 2.3.1 to 2.4.0 (#5868)
home-assistant/supervisor,85f8107b609bdbe69921b5f21626201c0f09819a,2025-05,4,post,2025-05-06T16:23:40+02:00,2025-05-06T16:23:40+02:00,ue9acf10ae3811d11,ue9acf10ae3811d11@users.invalid,GitHub,noreply@github.com,1,0,24,256,102,5,62,13,,,,,,0,5862,Recreate aiohttp ClientSession after DNS plug-in load (#5862),"Recreate aiohttp ClientSession after DNS plug-in load (#5862)

* Recreate aiohttp ClientSession after DNS plug-in load

Create a temporary ClientSession early in case we need to load version
information from the internet. This doesn't use the final DNS setup
and hence might fail to load in certain situations since we don't have
the fallback mechanims in place yet. But if the DNS container image
is present, we'll continue the setup and load the DNS plug-in. We then
can recreate the ClientSession such that it uses the DNS plug-in.

This works around an issue with aiodns, which today doesn't reload
`resolv.conf` automatically when it changes. This lead to Supervisor
using the initial `resolv.conf` as created by Docker. It meant that
we did not use the DNS plug-in (and its fallback capabilities) in
Supervisor. Also it meant that changes to the DNS setup at runtime
did not propagate to the aiohttp ClientSession (as observed in #5332).

* Mock aiohttp.ClientSession for all tests

Currently in several places pytest actually uses the aiohttp
ClientSession and reaches out to the internet. This is not ideal
for unit tests and should be avoided.

This creates several new fixtures to aid this effort: The `websession`
fixture simply returns a mocked aiohttp.ClientSession, which can be
used whenever a function is tested which needs the global websession.

A separate new fixture to mock the connectivity check named
`supervisor_internet` since this is often used through the Job
decorator which require INTERNET_SYSTEM.

And the `mock_update_data` uses the already existing update json
test data from the fixture directory instead of loading the data
from the internet.

* Log ClientSession nameserver information

When recreating the aiohttp ClientSession, log information what
nameservers exactly are going to be used.

* Refuse ClientSession initialization when API is available

Previous attempts to reinitialize the ClientSession have shown
use of the ClientSession after it was closed due to API requets
being handled in parallel to the reinitialization (see #5851).
Make sure this is not possible by refusing to reinitialize the
ClientSession when the API is available.

* Fix pytests

Also sure we don't create aiohttp ClientSession objects unnecessarily.

* Apply suggestions from code review

Co-authored-by: uc99e7580c7a8e9ca <uc99e7580c7a8e9ca@users.invalid>

---------

Co-authored-by: uc99e7580c7a8e9ca <uc99e7580c7a8e9ca@users.invalid>"
home-assistant/supervisor,36da382af3106fb39c6c8ba3bd6e0607cc72d80a,2025-05,4,post,2025-05-06T20:33:05+02:00,2025-05-06T20:33:05+02:00,ue9acf10ae3811d11,ue9acf10ae3811d11@users.invalid,GitHub,noreply@github.com,1,0,1,3,2,1,3,2,,,,,,0,5869,Handle ClientPayloadError in advanced logging (#5869),"Handle ClientPayloadError in advanced logging (#5869)

When the systemd-journal-gatewayd service is being shutdown while
Supervisor is still trying to read logs, aiohttp throws a
ClientPayloadError, presumably because we try to read until the next
linefeed, which aiohttp cannot satisfy anymore.

Simply catch the exception just like the connection reset errors
previously in #5358 and #5715."
home-assistant/supervisor,481bbc5be8f1a47218e4efcc26420480a566ed1c,2025-05,4,post,2025-05-09T09:50:58+02:00,2025-05-09T09:50:58+02:00,dependabot[bot],49699333+dependabot[bot]@users.noreply.github.com,GitHub,noreply@github.com,1,0,1,1,1,0,0,0,,,,,dependabot,0,5870,Bump aiodns from 3.3.0 to 3.4.0 (#5870),"Bump aiodns from 3.3.0 to 3.4.0 (#5870)

Co-authored-by: dependabot[bot] <49699333+dependabot[bot]@users.noreply.github.com>"
home-assistant/supervisor,39bd20c0e795a0ffbd2d076d1e8b4abed6cb47b2,2025-05,4,post,2025-05-09T11:07:22+02:00,2025-05-09T11:07:22+02:00,ue9acf10ae3811d11,ue9acf10ae3811d11@users.invalid,GitHub,noreply@github.com,1,0,2,23,2,1,2,2,,,,,,0,5871,Handle non-existing addon config dir (#5871),"Handle non-existing addon config dir (#5871)

* Handle non-existing addon config dir

Since users have access to the root of all add-on config directories,
they can delete the directory of an add-ons at any time. Hence we need
to handle gracefully if it doesn't exist anymore.

* Add pytest"
home-assistant/supervisor,0cd9d04e633e07e901636f07c8b7bc1067e2fd87,2025-05,4,post,2025-05-12T09:19:32+02:00,2025-05-12T09:19:32+02:00,dependabot[bot],49699333+dependabot[bot]@users.noreply.github.com,GitHub,noreply@github.com,1,0,1,1,1,0,0,0,,,,,dependabot,0,5877,Bump ruff from 0.11.8 to 0.11.9 (#5877),Bump ruff from 0.11.8 to 0.11.9 (#5877)
home-assistant/supervisor,24456efb6bf350f0904e998dddb6379e7fb4f081,2025-05,4,post,2025-05-12T10:05:01+02:00,2025-05-12T10:05:01+02:00,dependabot[bot],49699333+dependabot[bot]@users.noreply.github.com,GitHub,noreply@github.com,1,0,2,2,2,0,0,0,,,,,dependabot,0,5876,Bump setuptools from 80.3.1 to 80.4.0 (#5876),"Bump setuptools from 80.3.1 to 80.4.0 (#5876)

Bumps [setuptools](https://github.com/pypa/setuptools) from 80.3.1 to 80.4.0.
- [Release notes](https://github.com/pypa/setuptools/releases)
- [Changelog](https://github.com/pypa/setuptools/blob/main/NEWS.rst)
- [Commits](https://github.com/pypa/setuptools/compare/v80.3.1...v80.4.0)

---
updated-dependencies:
- dependency-name: setuptools
  dependency-version: 80.4.0
  dependency-type: direct:production
  update-type: version-update:semver-minor
...

Signed-off-by: dependabot[bot] <support@github.com>
Co-authored-by: dependabot[bot] <49699333+dependabot[bot]@users.noreply.github.com>"
home-assistant/supervisor,ff849ce69275e0ea426aaab975be0a2290a4db34,2025-05,4,post,2025-05-12T10:05:17+02:00,2025-05-12T10:05:17+02:00,dependabot[bot],49699333+dependabot[bot]@users.noreply.github.com,GitHub,noreply@github.com,1,0,1,1,1,0,0,0,,,,,dependabot,0,5875,Bump astroid from 3.3.9 to 3.3.10 (#5875),"Bump astroid from 3.3.9 to 3.3.10 (#5875)

Bumps [astroid](https://github.com/pylint-dev/astroid) from 3.3.9 to 3.3.10.
- [Release notes](https://github.com/pylint-dev/astroid/releases)
- [Changelog](https://github.com/pylint-dev/astroid/blob/main/ChangeLog)
- [Commits](https://github.com/pylint-dev/astroid/compare/v3.3.9...v3.3.10)

---
updated-dependencies:
- dependency-name: astroid
  dependency-version: 3.3.10
  dependency-type: direct:production
  update-type: version-update:semver-patch
...

Signed-off-by: dependabot[bot] <support@github.com>
Co-authored-by: dependabot[bot] <49699333+dependabot[bot]@users.noreply.github.com>"
home-assistant/supervisor,b9bbb99f3787ceb4629a4d9a547868234e8f7bfc,2025-05,4,post,2025-05-12T12:37:09+02:00,2025-05-12T12:37:09+02:00,ue9acf10ae3811d11,ue9acf10ae3811d11@users.invalid,GitHub,noreply@github.com,1,0,10,56,17,0,0,0,,,,,,0,5878,Fix pytests to make them run in isolation (#5878),Fix pytests to make them run in isolation (#5878)
home-assistant/supervisor,154aeaee87c4e7f05341a0a4e1ee63db3f0ec144,2025-05,4,post,2025-05-13T08:20:44+02:00,2025-05-13T08:20:44+02:00,dependabot[bot],49699333+dependabot[bot]@users.noreply.github.com,GitHub,noreply@github.com,1,0,1,1,1,0,0,0,,,,,dependabot,0,5881,Bump sentry-sdk from 2.27.0 to 2.28.0 (#5881),Bump sentry-sdk from 2.27.0 to 2.28.0 (#5881)
home-assistant/supervisor,da0ae75e8e732eb823807269471d17df5d1b020c,2025-05,4,post,2025-05-13T12:37:35+02:00,2025-05-13T12:37:35+02:00,ue9acf10ae3811d11,ue9acf10ae3811d11@users.invalid,GitHub,noreply@github.com,1,0,1,11,6,1,11,6,,,,,,0,5882,Fallback to threaded resolver in case AsyncResolver fails (#5882),"Fallback to threaded resolver in case AsyncResolver fails (#5882)

In case the c-ares based AsyncResolver fails to initialize, let's
fallback to the threaded resolver. This would have helped for aiodns
3.3.0 issue when clients were unable to allocate more inotify watches.

This is fixed in aiodns 3.4.0, but we should still fallback to the
threaded resolver as a precautionary measure."
home-assistant/supervisor,6bac751c4c6b598f22321dfd3794d68cf904603d,2025-05,4,post,2025-05-13T14:42:59+02:00,2025-05-13T14:42:59+02:00,ue9acf10ae3811d11,ue9acf10ae3811d11@users.invalid,GitHub,noreply@github.com,1,0,1,3,1,1,3,1,,,,,,0,5884,Log DNS resolver initialization errors with critical severity (#5884),"Log DNS resolver initialization errors with critical severity (#5884)

To make sure we learn about DNS resolver initialization errors, lets
log them with critical severity. This was the original intention of
PR #5882."
home-assistant/supervisor,c855eaab52f629284e7e45b0ae4009af37449c53,2025-05,4,post,2025-05-13T20:51:16+02:00,2025-05-13T20:51:16+02:00,ue9acf10ae3811d11,ue9acf10ae3811d11@users.invalid,GitHub,noreply@github.com,1,0,3,67,9,2,5,6,,,,,,0,5880,Delete Backup files on error (#5880),Delete Backup files on error (#5880)
home-assistant/supervisor,cbf4b4e27ee42e3bf1ab567ca6d99f5e8f227207,2025-05,4,post,2025-05-15T09:44:02+02:00,2025-05-15T09:44:02+02:00,dependabot[bot],49699333+dependabot[bot]@users.noreply.github.com,GitHub,noreply@github.com,1,0,2,2,2,0,0,0,,,,,dependabot,0,5889,Bump setuptools from 80.4.0 to 80.7.1 (#5889),"Bump setuptools from 80.4.0 to 80.7.1 (#5889)

Bumps [setuptools](https://github.com/pypa/setuptools) from 80.4.0 to 80.7.1.
- [Release notes](https://github.com/pypa/setuptools/releases)
- [Changelog](https://github.com/pypa/setuptools/blob/main/NEWS.rst)
- [Commits](https://github.com/pypa/setuptools/compare/v80.4.0...v80.7.1)

---
updated-dependencies:
- dependency-name: setuptools
  dependency-version: 80.7.1
  dependency-type: direct:production
  update-type: version-update:semver-minor
...

Signed-off-by: dependabot[bot] <support@github.com>
Co-authored-by: dependabot[bot] <49699333+dependabot[bot]@users.noreply.github.com>"
home-assistant/supervisor,d0d11db7b1847d770e1d0a046d0643796ae976da,2025-05,4,post,2025-05-15T10:14:35+02:00,2025-05-15T10:14:35+02:00,ue9acf10ae3811d11,ue9acf10ae3811d11@users.invalid,GitHub,noreply@github.com,1,0,5,87,42,2,15,12,,,,,,0,5885,Harmonize folder and add-on backup error handling (#5885),"Harmonize folder and add-on backup error handling (#5885)

* Harmonize folder and add-on backup error handling

Align add-on and folder backup error handling in that in both cases
errors are recorded on the respective backup Jobs, but not raised to
the caller. This allows the backup to complete successfully even if
some add-ons or folders fail to back up.

Along with this, also record errors in the per-add-on and per-folder
backup jobs, as well as the add-on and folder root job.

And finally, align the exception handling to only catch expected
exceptions for add-ons too.

* Fix pytest"
home-assistant/supervisor,31a67bc642d4ceb1e46871696e8db53c7cc9c923,2025-05,4,post,2025-05-16T10:13:58+02:00,2025-05-16T10:13:58+02:00,dependabot[bot],49699333+dependabot[bot]@users.noreply.github.com,GitHub,noreply@github.com,1,0,1,1,1,0,0,0,,,,,dependabot,0,5893,Bump codecov/codecov-action from 5.4.2 to 5.4.3 (#5893),"Bump codecov/codecov-action from 5.4.2 to 5.4.3 (#5893)

Co-authored-by: dependabot[bot] <49699333+dependabot[bot]@users.noreply.github.com>"
home-assistant/supervisor,5e3f4e8ff3efcbd1a96034c5ddded82f0dba3004,2025-05,4,post,2025-05-16T10:14:16+02:00,2025-05-16T10:14:16+02:00,dependabot[bot],49699333+dependabot[bot]@users.noreply.github.com,GitHub,noreply@github.com,1,0,1,1,1,0,0,0,,,,,dependabot,0,5894,Bump ruff from 0.11.9 to 0.11.10 (#5894),"Bump ruff from 0.11.9 to 0.11.10 (#5894)

Co-authored-by: dependabot[bot] <49699333+dependabot[bot]@users.noreply.github.com>"
home-assistant/supervisor,406348c06852ad3550498850302bf8c3d798ca44,2025-05,4,post,2025-05-19T15:05:30+02:00,2025-05-19T15:05:30+02:00,dependabot[bot],49699333+dependabot[bot]@users.noreply.github.com,GitHub,noreply@github.com,1,0,1,1,1,0,0,0,,,,,dependabot,0,5895,Bump cryptography from 44.0.3 to 45.0.2 (#5895),"Bump cryptography from 44.0.3 to 45.0.2 (#5895)

Bumps [cryptography](https://github.com/pyca/cryptography) from 44.0.3 to 45.0.2.
- [Changelog](https://github.com/pyca/cryptography/blob/main/CHANGELOG.rst)
- [Commits](https://github.com/pyca/cryptography/compare/44.0.3...45.0.2)

---
updated-dependencies:
- dependency-name: cryptography
  dependency-version: 45.0.2
  dependency-type: direct:production
  update-type: version-update:semver-major
...

Signed-off-by: dependabot[bot] <support@github.com>
Co-authored-by: dependabot[bot] <49699333+dependabot[bot]@users.noreply.github.com>"
home-assistant/supervisor,2eb9ec20d6077b55eeabe5c7d698a9a9f44a0b3b,2025-05,4,post,2025-05-20T09:14:42+02:00,2025-05-20T09:14:42+02:00,dependabot[bot],49699333+dependabot[bot]@users.noreply.github.com,GitHub,noreply@github.com,1,0,1,1,1,0,0,0,,,,,dependabot,0,5899,Bump sentry-sdk from 2.28.0 to 2.29.1 (#5899),"Bump sentry-sdk from 2.28.0 to 2.29.1 (#5899)

Bumps [sentry-sdk](https://github.com/getsentry/sentry-python) from 2.28.0 to 2.29.1.
- [Release notes](https://github.com/getsentry/sentry-python/releases)
- [Changelog](https://github.com/getsentry/sentry-python/blob/master/CHANGELOG.md)
- [Commits](https://github.com/getsentry/sentry-python/compare/2.28.0...2.29.1)

---
updated-dependencies:
- dependency-name: sentry-sdk
  dependency-version: 2.29.1
  dependency-type: direct:production
  update-type: version-update:semver-minor
...

Signed-off-by: dependabot[bot] <support@github.com>
Co-authored-by: dependabot[bot] <49699333+dependabot[bot]@users.noreply.github.com>"
home-assistant/supervisor,bac7c21fe884bd74879ea6df31a025bcd77bee9b,2025-05,4,post,2025-05-20T10:24:27+02:00,2025-05-20T10:24:27+02:00,ue9acf10ae3811d11,ue9acf10ae3811d11@users.invalid,GitHub,noreply@github.com,1,0,1,14,5,1,14,5,,,,,,0,5898,Fix container image detection for aarch64 (#5898),Fix container image detection for aarch64 (#5898)
home-assistant/supervisor,b5a7e521ae0ce93a7ca1a9b61bc212895187e002,2025-05,4,post,2025-05-20T15:18:23+02:00,2025-05-20T15:18:23+02:00,ue9acf10ae3811d11,ue9acf10ae3811d11@users.invalid,GitHub,noreply@github.com,1,0,2,74,61,1,57,59,,,,,,0,5890,Copy additional backup locations in jobs (#5890),"Copy additional backup locations in jobs (#5890)

Instead of copying the backup in the main job, lets copy them in
separate job per location. This allows to use the same backup error
handling mechanism as for add-ons and folders.

This makes the stage introduced in #5784 somewhat redundant, but
before removing it, let's see if this approach works out."
home-assistant/supervisor,6e6fe5ba39dc436f6ec9cc2db907398481c3730c,2025-05,4,post,2025-05-20T15:18:37+02:00,2025-05-20T15:18:37+02:00,ue9acf10ae3811d11,ue9acf10ae3811d11@users.invalid,GitHub,noreply@github.com,1,0,3,53,15,2,17,14,,,,,,0,5896,Trigger auto-update through Core WebSocket call (#5896),"Trigger auto-update through Core WebSocket call (#5896)

* Trigger auto-update through Core WebSocket call

Instead of auto-updating add-ons on Supervisor side trigger an update
through Core via a WebSocket command. This makes sure that the backup
is categorized correctly and all backup features like retention are
applied.

* Add pytest

* Fix pytest

* Fix pytest

* Fix pytest

* Fix pytest

* Fix pytest cleaner

* Set timestamp of add-on far into the past"
home-assistant/supervisor,3b575eedbaf6a12a9226604e7c50cd54d4305d27,2025-05,4,post,2025-05-20T17:03:08+02:00,2025-05-20T17:03:08+02:00,u39b01f1a8b54ac5e,u39b01f1a8b54ac5e@users.invalid,GitHub,noreply@github.com,1,0,11,274,68,8,230,61,,,,,,0,5892,Add IPv6 address generation mode & privacy extensions (#5892),"Add IPv6 address generation mode & privacy extensions (#5892)

* feat: Add IPv6 address generation mode & privacy extensions

Signed-off-by: u39b01f1a8b54ac5e <u39b01f1a8b54ac5e@users.invalid>

* Use NetworkManager fixture for settings init tests

This fixes the test by since the extended implementation now can read
the version of NetworkManager.

* Add pytest for addr_gen_mode

---------

Signed-off-by: u39b01f1a8b54ac5e <u39b01f1a8b54ac5e@users.invalid>
Co-authored-by: ue9acf10ae3811d11 <ue9acf10ae3811d11@users.invalid>"
home-assistant/supervisor,4f35759fe3fe9f5c54a9c29efddab88d1ab52cca,2025-05,4,post,2025-05-20T17:04:25+02:00,2025-05-20T17:04:25+02:00,ue9acf10ae3811d11,ue9acf10ae3811d11@users.invalid,GitHub,noreply@github.com,1,0,1,7,0,1,7,0,,,,,,0,5900,Stop reading advanced logs on ConnectionError (#5900),"Stop reading advanced logs on ConnectionError (#5900)

* Stop reading advanced logs on ConnectionError

If the client side connection closes with a `ConnectionError`, stop
reading the advanced logs.

This is very similar to ClientConnectionResetError which is easily
reproducable by having a log open and following in the browser and
then restaring Home Assistant. So far I wans't able to artificaially
reproduce the ConnectionError, but there are quite some reports on
Sentry so it seems to happen in real world.

* Warn on ConnectionError"
home-assistant/supervisor,86c016b35db6c00a11400795fe8d4eb55eff2c09,2025-05,4,post,2025-05-21T09:19:20+02:00,2025-05-21T09:19:20+02:00,dependabot[bot],49699333+dependabot[bot]@users.noreply.github.com,GitHub,noreply@github.com,1,0,2,2,2,0,0,0,,,,,dependabot,0,5902,Bump setuptools from 80.7.1 to 80.8.0 (#5902),"Bump setuptools from 80.7.1 to 80.8.0 (#5902)

Bumps [setuptools](https://github.com/pypa/setuptools) from 80.7.1 to 80.8.0.
- [Release notes](https://github.com/pypa/setuptools/releases)
- [Changelog](https://github.com/pypa/setuptools/blob/main/NEWS.rst)
- [Commits](https://github.com/pypa/setuptools/compare/v80.7.1...v80.8.0)

---
updated-dependencies:
- dependency-name: setuptools
  dependency-version: 80.8.0
  dependency-type: direct:production
  update-type: version-update:semver-minor
...

Signed-off-by: dependabot[bot] <support@github.com>
Co-authored-by: dependabot[bot] <49699333+dependabot[bot]@users.noreply.github.com>"
home-assistant/supervisor,1faf529b42699ca43ab8f6c62d7efa9edbf83fe5,2025-05,4,post,2025-05-21T13:46:20+02:00,2025-05-21T13:46:20+02:00,ue9acf10ae3811d11,ue9acf10ae3811d11@users.invalid,GitHub,noreply@github.com,1,0,4,34,34,2,22,28,,,,,,0,5897,Use add-on config timestamp to determine add-on update age (#5897),"Use add-on config timestamp to determine add-on update age (#5897)

* Use add-on config timestamp to determine add-on update age

Instead of using the current timestamp when loading the add-on config,
simply use the add-on config modification timestamp. This way, we can
get a timetsamp even when Supervisor got restarted. It also simplifies
the code a bit.

* Fix pytest

* Patch stat() instead of modifing fixture files"
home-assistant/supervisor,8251b6c61c060a3c8b7a5ca6cbe06d0a89cadc59,2025-05,4,post,2025-05-21T13:50:46+02:00,2025-05-21T13:50:46+02:00,ue9acf10ae3811d11,ue9acf10ae3811d11@users.invalid,GitHub,noreply@github.com,1,0,2,30,4,1,8,4,,,,,,0,5903,Process NetworkManager PrimaryConnection changes (#5903),"Process NetworkManager PrimaryConnection changes (#5903)

Process NetworkManager interface updates in case PrimaryConnection
changes. This makes sure that the /network/interface/default/info
endpoint can be used to get the IP address of the primary interface."
home-assistant/supervisor,73069b628e4fef82e3b4f1e7cfe27fc9fbccb43b,2025-05,4,post,2025-05-21T15:06:32+02:00,2025-05-21T15:06:32+02:00,ue9acf10ae3811d11,ue9acf10ae3811d11@users.invalid,GitHub,noreply@github.com,1,0,4,5,5,2,3,3,,,,,,0,5904,Bump pre-commit ruff to 0.11.10 (#5904),"Bump pre-commit ruff to 0.11.10 (#5904)

Bump pre-commit ruff to 0.11.10 and address current issues."
home-assistant/supervisor,89fa5c9c7a6f1be75312d4a92c4c2ed9a1e55bed,2025-05,4,post,2025-05-21T15:06:46+02:00,2025-05-21T15:06:46+02:00,ue9acf10ae3811d11,ue9acf10ae3811d11@users.invalid,GitHub,noreply@github.com,1,0,3,34,36,3,34,36,,,,,,0,5901,Avoid initializing Blockbuster on Supervisor info call (#5901),"Avoid initializing Blockbuster on Supervisor info call (#5901)

* Avoid initializing Blockbuster on Supervisor info call

Instead of creating an instance of Blockbuster to simply check if
Bluckbuster is enabled, use a global variable to store the instance
of Blockbuster and only initialize it when needed. This avoids
unnecessary initialization of Blockbuster when it is not required.

* Update supervisor/utils/blockbuster.py

Co-authored-by: uc99e7580c7a8e9ca <uc99e7580c7a8e9ca@users.invalid>

* Fix merge and rename singleton class to BlockBusterManager

* Fix pytest

---------

Co-authored-by: uc99e7580c7a8e9ca <uc99e7580c7a8e9ca@users.invalid>"
home-assistant/supervisor,a452969ffe760483a04b6f3128efa505865fd3cb,2025-05,4,post,2025-05-22T09:45:52+02:00,2025-05-22T09:45:52+02:00,dependabot[bot],49699333+dependabot[bot]@users.noreply.github.com,GitHub,noreply@github.com,1,0,1,1,1,0,0,0,,,,,dependabot,0,5905,Bump coverage from 7.8.0 to 7.8.1 (#5905),"Bump coverage from 7.8.0 to 7.8.1 (#5905)

Bumps [coverage](https://github.com/nedbat/coveragepy) from 7.8.0 to 7.8.1.
- [Release notes](https://github.com/nedbat/coveragepy/releases)
- [Changelog](https://github.com/nedbat/coveragepy/blob/master/CHANGES.rst)
- [Commits](https://github.com/nedbat/coveragepy/compare/7.8.0...7.8.1)

---
updated-dependencies:
- dependency-name: coverage
  dependency-version: 7.8.1
  dependency-type: direct:production
  update-type: version-update:semver-patch
...

Signed-off-by: dependabot[bot] <support@github.com>
Co-authored-by: dependabot[bot] <49699333+dependabot[bot]@users.noreply.github.com>"
home-assistant/supervisor,c80fbd77c8d92bdef24971d188358ba6078412e8,2025-05,4,post,2025-05-22T17:30:42+02:00,2025-05-22T17:30:42+02:00,ue9acf10ae3811d11,ue9acf10ae3811d11@users.invalid,GitHub,noreply@github.com,1,0,1,1,0,0,0,0,,,,,,0,5906,Use s6-overlay read-only mode by default (#5906),"Use s6-overlay read-only mode by default (#5906)

To avoid accidential writes to the Supervisor root filesystem, we might
use the Docker read-only mode at one point. This is not yet the default,
but using s6-overlay with the read-only flag seems not to have any
downsides. So enable this by default.

To start Supervisor with read-only root file system teh following
arguments have to be used: `--read-only --tmpfs /run:exec`."
home-assistant/supervisor,9e6a4d65cd859c9e71fe75de7b94aafc981b0476,2025-05,4,post,2025-05-23T10:35:24+02:00,2025-05-23T10:35:24+02:00,dependabot[bot],49699333+dependabot[bot]@users.noreply.github.com,GitHub,noreply@github.com,1,0,1,1,1,0,0,0,,,,,dependabot,0,5907,Bump ruff from 0.11.10 to 0.11.11 (#5907),"Bump ruff from 0.11.10 to 0.11.11 (#5907)

Bumps [ruff](https://github.com/astral-sh/ruff) from 0.11.10 to 0.11.11.
- [Release notes](https://github.com/astral-sh/ruff/releases)
- [Changelog](https://github.com/astral-sh/ruff/blob/main/CHANGELOG.md)
- [Commits](https://github.com/astral-sh/ruff/compare/0.11.10...0.11.11)

---
updated-dependencies:
- dependency-name: ruff
  dependency-version: 0.11.11
  dependency-type: direct:production
  update-type: version-update:semver-patch
...

Signed-off-by: dependabot[bot] <support@github.com>
Co-authored-by: dependabot[bot] <49699333+dependabot[bot]@users.noreply.github.com>"
home-assistant/supervisor,87232cf1e422bc506428a4476e231e62268de8c1,2025-05,4,post,2025-05-23T12:03:32+02:00,2025-05-23T12:03:32+02:00,ue9acf10ae3811d11,ue9acf10ae3811d11@users.invalid,GitHub,noreply@github.com,1,0,1,8,6,1,8,6,,,,,,0,5908,Enable debug logging early (#5908),"Enable debug logging early (#5908)

Set logging level early in the bootstrap process so we can use debug
level messages in the early stages of the Supervisor."
home-assistant/supervisor,7593f857e8d58d02695214d1afdf6fdbabc6597f,2025-05,4,post,2025-05-23T14:29:28+02:00,2025-05-23T14:29:28+02:00,ue9acf10ae3811d11,ue9acf10ae3811d11@users.invalid,GitHub,noreply@github.com,1,0,1,2,2,1,2,2,,,,,,0,5909,Fix add-on config parse messages (#5909),"Fix add-on config parse messages (#5909)

With #5897 we renamed addon to addon_config and vis-versa. The log
messages were still using the previous variable names leading to
UnboundLocalError.

Fix the log messages to use the correct variable names."
home-assistant/supervisor,bbb8fa0b92c8b04444dfd1a91f732e77b4e8bf2c,2025-05,4,post,2025-05-23T14:29:36+02:00,2025-05-23T14:29:36+02:00,ue9acf10ae3811d11,ue9acf10ae3811d11@users.invalid,GitHub,noreply@github.com,1,0,1,2,2,1,2,2,,,,,,0,5910,Ignore missing backup file on error (#5910),"Ignore missing backup file on error (#5910)

When a backup error occurs, it might be that the backup file hasn't
been created yet, e.g. when there is no space or no permission on
the target backup directory. Deleting the backup file would fail
in this case. Use missing_ok instead to ignore a missing backup file
on delete."
home-assistant/supervisor,1efee641ba29e659352b8caa3a347c24aeb53ef6,2025-05,4,post,2025-05-26T08:41:06+02:00,2025-05-26T08:41:06+02:00,dependabot[bot],49699333+dependabot[bot]@users.noreply.github.com,GitHub,noreply@github.com,1,0,1,1,1,0,0,0,,,,,dependabot,0,5913,Bump coverage from 7.8.1 to 7.8.2 (#5913),Bump coverage from 7.8.1 to 7.8.2 (#5913)
home-assistant/supervisor,a2251e0729ec78dad4b2a4d4fad0a146b7cc1e2f,2025-05,4,post,2025-05-26T17:02:04+02:00,2025-05-26T17:02:04+02:00,dependabot[bot],49699333+dependabot[bot]@users.noreply.github.com,GitHub,noreply@github.com,1,0,1,1,1,0,0,0,,,,,dependabot,0,5912,Bump cryptography from 45.0.2 to 45.0.3 (#5912),"Bump cryptography from 45.0.2 to 45.0.3 (#5912)

Co-authored-by: dependabot[bot] <49699333+dependabot[bot]@users.noreply.github.com>"
home-assistant/supervisor,2a1e32bb368d419a39bdce423f78b4e455086c52,2025-05,4,post,2025-05-27T09:03:34+02:00,2025-05-27T02:03:34-05:00,u83254caa93d5a531,u83254caa93d5a531@users.invalid,GitHub,noreply@github.com,1,0,1,1,1,0,0,0,,,,,,0,5915,Bump aiohttp to 3.12.2 (#5915),Bump aiohttp to 3.12.2 (#5915)
home-assistant/supervisor,5285e60cd37ed86f677442e5a6149f6988937e6b,2025-05,4,post,2025-05-27T12:13:06+02:00,2025-05-27T12:13:06+02:00,dependabot[bot],49699333+dependabot[bot]@users.noreply.github.com,GitHub,noreply@github.com,1,0,2,2,2,0,0,0,,,,,dependabot,0,5919,Bump setuptools from 80.8.0 to 80.9.0 (#5919),"Bump setuptools from 80.8.0 to 80.9.0 (#5919)

Bumps [setuptools](https://github.com/pypa/setuptools) from 80.8.0 to 80.9.0.
- [Release notes](https://github.com/pypa/setuptools/releases)
- [Changelog](https://github.com/pypa/setuptools/blob/main/NEWS.rst)
- [Commits](https://github.com/pypa/setuptools/compare/v80.8.0...v80.9.0)

---
updated-dependencies:
- dependency-name: setuptools
  dependency-version: 80.9.0
  dependency-type: direct:production
  update-type: version-update:semver-minor
...

Signed-off-by: dependabot[bot] <support@github.com>
Co-authored-by: dependabot[bot] <49699333+dependabot[bot]@users.noreply.github.com>"
home-assistant/supervisor,63fde3b4109310e95ebdcc8e3c23a04ff96ba592,2025-05,4,post,2025-05-27T14:00:54+02:00,2025-05-27T14:00:54+02:00,ue9acf10ae3811d11,ue9acf10ae3811d11@users.invalid,GitHub,noreply@github.com,1,0,3,11,1,1,7,0,,,,,,0,5917,Do not backup add-on being uninstalled (#5917),Do not backup add-on being uninstalled (#5917)
home-assistant/supervisor,7f54383147714040b769894f266f4a01e684504d,2025-05,4,post,2025-05-27T20:00:22+02:00,2025-05-27T20:00:22+02:00,uc99e7580c7a8e9ca,uc99e7580c7a8e9ca@users.invalid,GitHub,noreply@github.com,1,0,1,0,1,0,0,0,,,,,,1,5921,"Revert ""Use s6-overlay read-only mode by default (#5906)"" (#5921)","Revert ""Use s6-overlay read-only mode by default (#5906)"" (#5921)"
home-assistant/supervisor,705e76abe3d76a02fab155f39e16b5f1dc40c8ae,2025-05,4,post,2025-05-29T00:42:40-05:00,2025-05-29T00:42:40-05:00,dependabot[bot],49699333+dependabot[bot]@users.noreply.github.com,GitHub,noreply@github.com,1,0,1,1,1,0,0,0,,,,,dependabot,0,5923,Bump aiohttp from 3.12.2 to 3.12.4 (#5923),"Bump aiohttp from 3.12.2 to 3.12.4 (#5923)

Co-authored-by: dependabot[bot] <49699333+dependabot[bot]@users.noreply.github.com>"
home-assistant/supervisor,4d1a5e2dc2c2e93f0d1e015cec198e7cfcab0a22,2025-05,4,post,2025-05-29T11:41:23+02:00,2025-05-29T11:41:23+02:00,uc99e7580c7a8e9ca,uc99e7580c7a8e9ca@users.invalid,GitHub,noreply@github.com,1,0,7,201,14,3,82,12,,,,,,0,5914,Use journal-gatewayd's new /boots endpoint to list boots (#5914),"Use journal-gatewayd's new /boots endpoint to list boots (#5914)

* Use journal-gatewayd's new /boots endpoint to list boots

Current method we use for getting boots has several known downsides, for
example it can miss some incomplete boots and the performance might be
worse than what we could get by using Systemd directly. Systemd was
missing a method to get list boots through the journal-gatewayd but that
should be addressed by the new /boots endpoint added in [1] which
returns application/json-seq response containing all boots as reported
in `journalctl --list-boots`.

Implement Supervisor methods to parse this format and use the endpoint
at first, falling back to the old method if it fails.

[1] https://github.com/systemd/systemd/pull/37574

* Log info instead of warning when /boots is not present

Co-authored-by: ue9acf10ae3811d11 <ue9acf10ae3811d11@users.invalid>

* Split records only by RS instead of LF in journal_boots_reader

* Strip only RS, json.loads is fine with whitespace

---------

Co-authored-by: ue9acf10ae3811d11 <ue9acf10ae3811d11@users.invalid>"
home-assistant/supervisor,2a88cb9339e1dc5541da6373ba87bd7542b773f7,2025-05,4,post,2025-05-29T11:42:28+02:00,2025-05-29T11:42:28+02:00,ue9acf10ae3811d11,ue9acf10ae3811d11@users.invalid,GitHub,noreply@github.com,1,0,3,19,8,3,19,8,,,,,,0,5918,Improve Supervisor startup error handling (#5918),"Improve Supervisor startup error handling (#5918)

Instead of starting a task in the background synchronously wait
for Supervisor start sequence to complete. This should be functional
equivalent, as we anyways would loop forever in the event loop just
afterwards.

The advantage is that we now can catch any exceptions during the
start sequence and report any errors with critical logging to report
those to Sentry, if enabled. It also avoids ""Task exception was never
retrieved"" errors. Reporting errors is especially important since we
can't use the asyncio Sentry integration (see #5729 for details).

Also handle early add-on start errors just like other add-on start
errors (make sure the finally block is executed as well). And finally,
register signal handlers synchronously. There is no real benefit in
doing them asynchronously, and it avoids a potential race condition."
home-assistant/supervisor,42f885595e827bdf8624d543f471f2790e97587e,2025-05,4,post,2025-05-29T11:49:19+02:00,2025-05-29T11:49:19+02:00,ue9acf10ae3811d11,ue9acf10ae3811d11@users.invalid,GitHub,noreply@github.com,1,0,3,9,3,2,2,1,,,,,,0,5922,Avoid early DNS plug-in start (#5922),"Avoid early DNS plug-in start (#5922)

* Avoid early DNS plug-in start

A connectivity check can potentially be triggered before the DNS
plug-in is loaded. Avoid calling restart on the DNS plug-in before
it got initially loaded. This prevents starting before attaching.
The attaching makes sure that the DNS plug-in container is recreated
before the DNS plug-in is initially started, which is e.g. needed
by a potentially hassio network configuration change (e.g. the
migration required to enable/disable IPv6 on the hassio network,
see #5879).

* Mock DNS plug-in running"
home-assistant/supervisor,ad2d6a3156a520bd865a37fd26b7ea1b36181781,2025-05,4,post,2025-05-29T17:32:51+02:00,2025-05-29T17:32:51+02:00,uc99e7580c7a8e9ca,uc99e7580c7a8e9ca@users.invalid,GitHub,noreply@github.com,1,0,3,1,11,1,0,7,,,,,,1,5925,"Revert ""Do not backup add-on being uninstalled (#5917)"" (#5925)","Revert ""Do not backup add-on being uninstalled (#5917)"" (#5925)

This reverts commit 63fde3b4109310e95ebdcc8e3c23a04ff96ba592.

This change introduced another more severe regression, causing all
add-ons that haven't been started since Supervisor startup to cause
errors during their backup. More sophisticated check would have to be
implemented to address edge cases during backups for non-existing
add-ons (or their config actually).

Fixes #5924"
home-assistant/supervisor,bdb25a7ff804af674c3648979e7272ad459b66ea,2025-05,4,post,2025-05-31T01:23:06-05:00,2025-05-31T01:23:06-05:00,dependabot[bot],49699333+dependabot[bot]@users.noreply.github.com,GitHub,noreply@github.com,1,0,1,1,1,0,0,0,,,,,dependabot,0,5927,Bump ruff from 0.11.11 to 0.11.12 (#5927),"Bump ruff from 0.11.11 to 0.11.12 (#5927)

Co-authored-by: dependabot[bot] <49699333+dependabot[bot]@users.noreply.github.com>"
home-assistant/supervisor,baaf04981f763be23120d11266236b1d39fec50e,2025-05,4,post,2025-05-31T01:23:53-05:00,2025-05-31T01:23:53-05:00,dependabot[bot],49699333+dependabot[bot]@users.noreply.github.com,GitHub,noreply@github.com,1,0,1,1,1,0,0,0,,,,,dependabot,0,5926,Bump awesomeversion from 24.6.0 to 25.5.0 (#5926),"Bump awesomeversion from 24.6.0 to 25.5.0 (#5926)

Co-authored-by: dependabot[bot] <49699333+dependabot[bot]@users.noreply.github.com>"
home-assistant/supervisor,063d69da90c75082c9ce93164eb96eeafeaa77e9,2025-05,4,post,2025-05-31T12:35:37-05:00,2025-05-31T12:35:37-05:00,dependabot[bot],49699333+dependabot[bot]@users.noreply.github.com,GitHub,noreply@github.com,1,0,1,1,1,0,0,0,,,,,dependabot,0,5928,Bump aiohttp from 3.12.4 to 3.12.6 (#5928),"Bump aiohttp from 3.12.4 to 3.12.6 (#5928)

Co-authored-by: dependabot[bot] <49699333+dependabot[bot]@users.noreply.github.com>"
home-assistant/supervisor,9b686a2d9a581ddba0483066b9f0c0a3a98c4980,2025-06,5,post,2025-06-03T10:23:35+02:00,2025-06-03T10:23:35+02:00,dependabot[bot],49699333+dependabot[bot]@users.noreply.github.com,GitHub,noreply@github.com,1,0,1,1,1,0,0,0,,,,,dependabot,0,5929,Bump pytest from 8.3.5 to 8.4.0 (#5929),"Bump pytest from 8.3.5 to 8.4.0 (#5929)

Co-authored-by: dependabot[bot] <49699333+dependabot[bot]@users.noreply.github.com>"
home-assistant/supervisor,95eec03c91280a7f56ff5f6a68fb808ab9a1ab55,2025-06,5,post,2025-06-05T07:43:55+01:00,2025-06-05T07:43:55+01:00,dependabot[bot],49699333+dependabot[bot]@users.noreply.github.com,GitHub,noreply@github.com,1,0,1,1,1,0,0,0,,,,,dependabot,0,5930,Bump aiohttp from 3.12.6 to 3.12.9 (#5930),Bump aiohttp from 3.12.6 to 3.12.9 (#5930)
home-assistant/supervisor,6710439ce56cbe70a19d31d80af1cc7e52ccf5b9,2025-06,5,post,2025-06-10T00:41:04-05:00,2025-06-10T00:41:04-05:00,dependabot[bot],49699333+dependabot[bot]@users.noreply.github.com,GitHub,noreply@github.com,1,0,1,1,1,0,0,0,,,,,dependabot,0,5932,Bump ruff from 0.11.12 to 0.11.13 (#5932),"Bump ruff from 0.11.12 to 0.11.13 (#5932)

Co-authored-by: dependabot[bot] <49699333+dependabot[bot]@users.noreply.github.com>"
home-assistant/supervisor,e8445ae8f2cf91ec386976334334200e9b65755b,2025-06,5,post,2025-06-10T09:23:40+02:00,2025-06-10T09:23:40+02:00,dependabot[bot],49699333+dependabot[bot]@users.noreply.github.com,GitHub,noreply@github.com,1,0,1,1,1,0,0,0,,,,,dependabot,0,5936,Bump cryptography from 45.0.3 to 45.0.4 (#5936),"Bump cryptography from 45.0.3 to 45.0.4 (#5936)

Co-authored-by: dependabot[bot] <49699333+dependabot[bot]@users.noreply.github.com>"
home-assistant/supervisor,d912c234fa7a9c13c79f60148cd59508d74b968a,2025-06,5,post,2025-06-10T10:53:45+02:00,2025-06-10T10:53:45+02:00,dependabot[bot],49699333+dependabot[bot]@users.noreply.github.com,GitHub,noreply@github.com,1,0,1,1,1,0,0,0,,,,,dependabot,0,5935,Bump requests from 2.32.3 to 2.32.4 (#5935),"Bump requests from 2.32.3 to 2.32.4 (#5935)

Co-authored-by: dependabot[bot] <49699333+dependabot[bot]@users.noreply.github.com>"
home-assistant/supervisor,697515b81fac83fb95365085e893c15617f91dd3,2025-06,5,post,2025-06-10T11:52:14+02:00,2025-06-10T11:52:14+02:00,dependabot[bot],49699333+dependabot[bot]@users.noreply.github.com,GitHub,noreply@github.com,1,0,1,1,1,0,0,0,,,,,dependabot,0,5937,Bump aiohttp from 3.12.9 to 3.12.12 (#5937),"Bump aiohttp from 3.12.9 to 3.12.12 (#5937)

---
updated-dependencies:
- dependency-name: aiohttp
  dependency-version: 3.12.12
  dependency-type: direct:production
  update-type: version-update:semver-patch
...

Signed-off-by: dependabot[bot] <support@github.com>
Co-authored-by: dependabot[bot] <49699333+dependabot[bot]@users.noreply.github.com>"
home-assistant/supervisor,fd0b894d6af403ed566d1c735847c4db8dc88dc0,2025-06,5,post,2025-06-11T15:10:31+02:00,2025-06-11T14:10:31+01:00,ue9acf10ae3811d11,ue9acf10ae3811d11@users.invalid,GitHub,noreply@github.com,1,0,1,4,4,0,0,0,,,,,,0,5940,Fix dynamic port pytest (#5940),Fix dynamic port pytest (#5940)
home-assistant/supervisor,9682870c2cd0e6f311afc0cc841209f324989cce,2025-06,5,post,2025-06-11T12:04:25-04:00,2025-06-11T12:04:25-04:00,ue1fc990c4f6dfd9c,ue1fc990c4f6dfd9c@users.invalid,GitHub,noreply@github.com,1,0,12,192,134,12,192,134,,,,,,0,5939,Fix mypy issues in `host` and `jobs` (#5939),"Fix mypy issues in `host` and `jobs` (#5939)

* Fix mypy issues in host

* Fix mypy issues in job module

* Fix mypy issues introduced in previously fixed modules

* Apply suggestions from code review

Co-authored-by: ue9acf10ae3811d11 <ue9acf10ae3811d11@users.invalid>

---------

Co-authored-by: ue9acf10ae3811d11 <ue9acf10ae3811d11@users.invalid>"
home-assistant/supervisor,e10c58c42434e7751d06e73b550a59a00bed8a89,2025-06,5,post,2025-06-12T09:27:44+02:00,2025-06-12T09:27:44+02:00,dependabot[bot],49699333+dependabot[bot]@users.noreply.github.com,GitHub,noreply@github.com,1,0,1,1,1,0,0,0,,,,,dependabot,0,5943,Bump pytest-cov from 6.1.1 to 6.2.0 (#5943),"Bump pytest-cov from 6.1.1 to 6.2.0 (#5943)

Bumps [pytest-cov](https://github.com/pytest-dev/pytest-cov) from 6.1.1 to 6.2.0.
- [Changelog](https://github.com/pytest-dev/pytest-cov/blob/master/CHANGELOG.rst)
- [Commits](https://github.com/pytest-dev/pytest-cov/compare/v6.1.1...v6.2.0)

---
updated-dependencies:
- dependency-name: pytest-cov
  dependency-version: 6.2.0
  dependency-type: direct:production
  update-type: version-update:semver-minor
...

Signed-off-by: dependabot[bot] <support@github.com>
Co-authored-by: dependabot[bot] <49699333+dependabot[bot]@users.noreply.github.com>"
home-assistant/supervisor,52b24e177fa5af252d59d292c0993572c77d1754,2025-06,5,post,2025-06-12T09:27:56+02:00,2025-06-12T09:27:56+02:00,dependabot[bot],49699333+dependabot[bot]@users.noreply.github.com,GitHub,noreply@github.com,1,0,1,1,1,0,0,0,,,,,dependabot,0,5944,Bump coverage from 7.8.2 to 7.9.0 (#5944),"Bump coverage from 7.8.2 to 7.9.0 (#5944)

Bumps [coverage](https://github.com/nedbat/coveragepy) from 7.8.2 to 7.9.0.
- [Release notes](https://github.com/nedbat/coveragepy/releases)
- [Changelog](https://github.com/nedbat/coveragepy/blob/master/CHANGES.rst)
- [Commits](https://github.com/nedbat/coveragepy/compare/7.8.2...7.9.0)

---
updated-dependencies:
- dependency-name: coverage
  dependency-version: 7.9.0
  dependency-type: direct:production
  update-type: version-update:semver-minor
...

Signed-off-by: dependabot[bot] <support@github.com>
Co-authored-by: dependabot[bot] <49699333+dependabot[bot]@users.noreply.github.com>"
home-assistant/supervisor,d5b5a328d7d0509a541d25fc7402e522b8b49d2a,2025-06,5,post,2025-06-12T11:32:24+02:00,2025-06-12T11:32:24+02:00,u39b01f1a8b54ac5e,u39b01f1a8b54ac5e@users.invalid,GitHub,noreply@github.com,1,0,17,376,84,11,237,75,,,,,,0,5879,feat: Add opt-in IPv6 for containers (#5879),"feat: Add opt-in IPv6 for containers (#5879)

Configurable and w/ migrations between IPv4-Only and Dual-Stack

Signed-off-by: u39b01f1a8b54ac5e <u39b01f1a8b54ac5e@users.invalid>
Co-authored-by: ue9acf10ae3811d11 <ue9acf10ae3811d11@users.invalid>"
home-assistant/supervisor,bdbd09733a7744094499d7509cc3ed6c69633287,2025-06,5,post,2025-06-12T11:32:53+02:00,2025-06-12T11:32:53+02:00,ue9acf10ae3811d11,ue9acf10ae3811d11@users.invalid,GitHub,noreply@github.com,1,0,4,26,23,2,25,18,,,,,,0,5941,Avoid aiodns resolver memory leak (#5941),"Avoid aiodns resolver memory leak (#5941)

* Avoid aiodns resolver memory leak

In certain cases, the aiodns resolver can leak memory. This also
leads to Fatal `Python error… ffi.from_handle()`. This addresses
the issue by ensuring that the resolver is properly closed
when it is no longer needed.

* Address coderabbitai feedback

* Fix pytest

* Fix pytest"
home-assistant/supervisor,82ee4bc441b16f133abc8b536b5703ff1f632488,2025-06,5,post,2025-06-12T18:06:57-04:00,2025-06-12T18:06:57-04:00,ue1fc990c4f6dfd9c,ue1fc990c4f6dfd9c@users.invalid,GitHub,noreply@github.com,1,0,8,103,128,8,103,128,,,,,,0,5942,"Fix mypy issues in `misc`, `mounts` and `os` modules (#5942)","Fix mypy issues in `misc`, `mounts` and `os` modules (#5942)

* Fix mypy errors in misc and mounts

* Fix mypy issues in os module

* Fix typing of capture_exception

* avoid unnecessary property call

* Fixes from feedback"
home-assistant/supervisor,ac28deff6d4adc07e88978f818bff4d642f42efd,2025-06,5,post,2025-06-16T10:06:18+02:00,2025-06-16T10:06:18+02:00,dependabot[bot],49699333+dependabot[bot]@users.noreply.github.com,GitHub,noreply@github.com,1,0,1,1,1,0,0,0,,,,,dependabot,0,5951,Bump aiodns from 3.4.0 to 3.5.0 (#5951),"Bump aiodns from 3.4.0 to 3.5.0 (#5951)

Bumps [aiodns](https://github.com/saghul/aiodns) from 3.4.0 to 3.5.0.
- [Release notes](https://github.com/saghul/aiodns/releases)
- [Changelog](https://github.com/aio-libs/aiodns/blob/master/ChangeLog)
- [Commits](https://github.com/saghul/aiodns/compare/v3.4.0...v3.5.0)

---
updated-dependencies:
- dependency-name: aiodns
  dependency-version: 3.5.0
  dependency-type: direct:production
  update-type: version-update:semver-minor
...

Signed-off-by: dependabot[bot] <support@github.com>
Co-authored-by: dependabot[bot] <49699333+dependabot[bot]@users.noreply.github.com>"
home-assistant/supervisor,a5556651ae1d30c3777273980744f5b2357dbf5a,2025-06,5,post,2025-06-16T10:26:05+02:00,2025-06-16T10:26:05+02:00,dependabot[bot],49699333+dependabot[bot]@users.noreply.github.com,GitHub,noreply@github.com,1,0,1,1,1,0,0,0,,,,,dependabot,0,5948,Bump pytest-cov from 6.2.0 to 6.2.1 (#5948),"Bump pytest-cov from 6.2.0 to 6.2.1 (#5948)

Bumps [pytest-cov](https://github.com/pytest-dev/pytest-cov) from 6.2.0 to 6.2.1.
- [Changelog](https://github.com/pytest-dev/pytest-cov/blob/master/CHANGELOG.rst)
- [Commits](https://github.com/pytest-dev/pytest-cov/compare/v6.2.0...v6.2.1)

---
updated-dependencies:
- dependency-name: pytest-cov
  dependency-version: 6.2.1
  dependency-type: direct:production
  update-type: version-update:semver-patch
...

Signed-off-by: dependabot[bot] <support@github.com>
Co-authored-by: dependabot[bot] <49699333+dependabot[bot]@users.noreply.github.com>"
home-assistant/supervisor,ad9de9f73c3493a825eee59d1bc6a375e79b596e,2025-06,5,post,2025-06-16T10:26:18+02:00,2025-06-16T10:26:18+02:00,dependabot[bot],49699333+dependabot[bot]@users.noreply.github.com,GitHub,noreply@github.com,1,0,1,1,1,0,0,0,,,,,dependabot,0,5949,Bump coverage from 7.9.0 to 7.9.1 (#5949),"Bump coverage from 7.9.0 to 7.9.1 (#5949)

Bumps [coverage](https://github.com/nedbat/coveragepy) from 7.9.0 to 7.9.1.
- [Release notes](https://github.com/nedbat/coveragepy/releases)
- [Changelog](https://github.com/nedbat/coveragepy/blob/master/CHANGES.rst)
- [Commits](https://github.com/nedbat/coveragepy/compare/7.9.0...7.9.1)

---
updated-dependencies:
- dependency-name: coverage
  dependency-version: 7.9.1
  dependency-type: direct:production
  update-type: version-update:semver-patch
...

Signed-off-by: dependabot[bot] <support@github.com>
Co-authored-by: dependabot[bot] <49699333+dependabot[bot]@users.noreply.github.com>"
home-assistant/supervisor,2543bcae2987fea1c6c42c447ba2cce8ce6760b4,2025-06,5,post,2025-06-16T11:48:20+02:00,2025-06-16T11:48:20+02:00,dependabot[bot],49699333+dependabot[bot]@users.noreply.github.com,GitHub,noreply@github.com,1,0,1,1,1,0,0,0,,,,,dependabot,0,5952,Bump aiohttp from 3.12.12 to 3.12.13 (#5952),"Bump aiohttp from 3.12.12 to 3.12.13 (#5952)

---
updated-dependencies:
- dependency-name: aiohttp
  dependency-version: 3.12.13
  dependency-type: direct:production
  update-type: version-update:semver-patch
...

Signed-off-by: dependabot[bot] <support@github.com>
Co-authored-by: dependabot[bot] <49699333+dependabot[bot]@users.noreply.github.com>"
home-assistant/supervisor,9ef2352d1217cda1a8c20cfbbac7a789308325a9,2025-06,5,post,2025-06-16T11:48:34+02:00,2025-06-16T11:48:34+02:00,dependabot[bot],49699333+dependabot[bot]@users.noreply.github.com,GitHub,noreply@github.com,1,0,1,1,1,0,0,0,,,,,dependabot,0,5947,Bump sentry-sdk from 2.29.1 to 2.30.0 (#5947),"Bump sentry-sdk from 2.29.1 to 2.30.0 (#5947)

Bumps [sentry-sdk](https://github.com/getsentry/sentry-python) from 2.29.1 to 2.30.0.
- [Release notes](https://github.com/getsentry/sentry-python/releases)
- [Changelog](https://github.com/getsentry/sentry-python/blob/master/CHANGELOG.md)
- [Commits](https://github.com/getsentry/sentry-python/compare/2.29.1...2.30.0)

---
updated-dependencies:
- dependency-name: sentry-sdk
  dependency-version: 2.30.0
  dependency-type: direct:production
  update-type: version-update:semver-minor
...

Signed-off-by: dependabot[bot] <support@github.com>
Co-authored-by: dependabot[bot] <49699333+dependabot[bot]@users.noreply.github.com>"
home-assistant/supervisor,1fe6f8ad9930d50e1a20cc3eacb8ed9c5212a6da,2025-06,5,post,2025-06-16T20:12:27+02:00,2025-06-16T20:12:27+02:00,ue9acf10ae3811d11,ue9acf10ae3811d11@users.invalid,GitHub,noreply@github.com,1,0,3,3,3,0,0,0,,,,,,0,5945,Bump cosign to v2.4.3 (#5945),"Bump cosign to v2.4.3 (#5945)

Follow the builder bump of 2025.02.0 and use cosign v2.4.3 for
Supervisor too."
home-assistant/supervisor,0e8ace949a3f82ebf85b9be6b4fc5bccd06a1edd,2025-06,5,post,2025-06-16T14:12:47-04:00,2025-06-16T14:12:47-04:00,ue1fc990c4f6dfd9c,ue1fc990c4f6dfd9c@users.invalid,GitHub,noreply@github.com,1,0,50,184,106,47,173,100,,,,,,0,5946,Fix mypy issues in `plugins` and `resolution` (#5946),"Fix mypy issues in `plugins` and `resolution` (#5946)

* Fix mypy issues in plugins

* Fix mypy issues in resolution module

* fix misses in resolution check

* Fix signatures on evaluate methods

* nitpick fix suggestions"
home-assistant/supervisor,3d026b95348806ebadc333149238a51b68383783,2025-06,5,post,2025-06-16T20:14:13+02:00,2025-06-16T20:14:13+02:00,ue9acf10ae3811d11,ue9acf10ae3811d11@users.invalid,GitHub,noreply@github.com,1,0,3,4,1,3,4,1,,,,,,0,5953,Expose machine ID (#5953),"Expose machine ID (#5953)

Expose the unique machine ID of the local system via the Supervisor
API. This allows to identify a particular machine across reboots,
backup restores and updates. The machine ID is a stable identifier
that does not change unless the underlying hardware is changed or
the operating system is reinstalled."
home-assistant/supervisor,9b3f2b17bd75decae73dd06e4add37cdf5fd8c43,2025-06,5,post,2025-06-16T20:14:21+02:00,2025-06-16T20:14:21+02:00,ue9acf10ae3811d11,ue9acf10ae3811d11@users.invalid,GitHub,noreply@github.com,1,0,1,2,11,1,2,11,,,,,,0,5954,Remove AES cipher from backup (#5954),"Remove AES cipher from backup (#5954)

AES cipher is no longer needed since Docker repository authentication
has been removed from backups in #5605."
home-assistant/supervisor,fcb20d0ae8167e756a5aaeeb2fd0a999c4093220,2025-06,5,post,2025-06-17T13:10:52+02:00,2025-06-17T13:10:52+02:00,ue9acf10ae3811d11,ue9acf10ae3811d11@users.invalid,GitHub,noreply@github.com,1,0,1,0,1,0,0,0,,,,,,0,5955,Remove bug label from issue template (#5955),"Remove bug label from issue template (#5955)

Don't label new issues with the bug label by default. We started making
use of issue types, so if anything, this should be type ""Bug"". However,
we prefer to leave the type unspecified until the issue has been triaged."
home-assistant/supervisor,52a519e55ce52601be5dfaf70a119e91332835e8,2025-06,5,post,2025-06-18T10:57:20+02:00,2025-06-18T10:57:20+02:00,dependabot[bot],49699333+dependabot[bot]@users.noreply.github.com,GitHub,noreply@github.com,1,0,2,2,2,0,0,0,,,,,dependabot,0,5958,Bump sigstore/cosign-installer from 3.8.2 to 3.9.0 (#5958),"Bump sigstore/cosign-installer from 3.8.2 to 3.9.0 (#5958)

Bumps [sigstore/cosign-installer](https://github.com/sigstore/cosign-installer) from 3.8.2 to 3.9.0.
- [Release notes](https://github.com/sigstore/cosign-installer/releases)
- [Commits](https://github.com/sigstore/cosign-installer/compare/v3.8.2...v3.9.0)

---
updated-dependencies:
- dependency-name: sigstore/cosign-installer
  dependency-version: 3.9.0
  dependency-type: direct:production
  update-type: version-update:semver-minor
...

Signed-off-by: dependabot[bot] <support@github.com>
Co-authored-by: dependabot[bot] <49699333+dependabot[bot]@users.noreply.github.com>"
home-assistant/supervisor,456cec7ed108dd534d3fef0a0339960fe5570c42,2025-06,5,post,2025-06-18T12:06:45+02:00,2025-06-18T12:06:45+02:00,dependabot[bot],49699333+dependabot[bot]@users.noreply.github.com,GitHub,noreply@github.com,1,0,1,1,1,0,0,0,,,,,dependabot,0,5959,Bump ruff from 0.11.13 to 0.12.0 (#5959),"Bump ruff from 0.11.13 to 0.12.0 (#5959)

Bumps [ruff](https://github.com/astral-sh/ruff) from 0.11.13 to 0.12.0.
- [Release notes](https://github.com/astral-sh/ruff/releases)
- [Changelog](https://github.com/astral-sh/ruff/blob/main/CHANGELOG.md)
- [Commits](https://github.com/astral-sh/ruff/compare/0.11.13...0.12.0)

---
updated-dependencies:
- dependency-name: ruff
  dependency-version: 0.12.0
  dependency-type: direct:production
  update-type: version-update:semver-minor
...

Signed-off-by: dependabot[bot] <support@github.com>
Co-authored-by: dependabot[bot] <49699333+dependabot[bot]@users.noreply.github.com>"
home-assistant/supervisor,5c04249e411684c144c0f567a69a8b5adee47f8a,2025-06,5,post,2025-06-18T15:43:22+02:00,2025-06-18T15:43:22+02:00,dependabot[bot],49699333+dependabot[bot]@users.noreply.github.com,GitHub,noreply@github.com,1,0,1,1,1,0,0,0,,,,,dependabot,0,5960,Bump pytest from 8.4.0 to 8.4.1 (#5960),"Bump pytest from 8.4.0 to 8.4.1 (#5960)

Bumps [pytest](https://github.com/pytest-dev/pytest) from 8.4.0 to 8.4.1.
- [Release notes](https://github.com/pytest-dev/pytest/releases)
- [Changelog](https://github.com/pytest-dev/pytest/blob/main/CHANGELOG.rst)
- [Commits](https://github.com/pytest-dev/pytest/compare/8.4.0...8.4.1)

---
updated-dependencies:
- dependency-name: pytest
  dependency-version: 8.4.1
  dependency-type: direct:production
  update-type: version-update:semver-patch
...

Signed-off-by: dependabot[bot] <support@github.com>
Co-authored-by: dependabot[bot] <49699333+dependabot[bot]@users.noreply.github.com>"
home-assistant/supervisor,aea15b65b75af9a2590a538f4bdfd553b6079905,2025-06,5,post,2025-06-18T12:40:12-04:00,2025-06-18T12:40:12-04:00,ue1fc990c4f6dfd9c,ue1fc990c4f6dfd9c@users.invalid,GitHub,noreply@github.com,1,0,33,275,210,31,243,197,,,,,,0,5957,"Fix mypy issues in `store`, `utils` and all other source files (#5957)","Fix mypy issues in `store`, `utils` and all other source files (#5957)

* Fix mypy issues in store module

* Fix mypy issues in utils module

* Fix mypy issues in all remaining source files

* Fix ingress user typeddict

* Fixes from feedback

* Fix mypy issues after installing docker-types"
home-assistant/supervisor,bbda943583ec3181a977443304eb70edb17e91b9,2025-06,5,post,2025-06-19T10:33:33+02:00,2025-06-19T10:33:33+02:00,dependabot[bot],49699333+dependabot[bot]@users.noreply.github.com,GitHub,noreply@github.com,1,0,1,1,1,0,0,0,,,,,dependabot,0,5962,Bump urllib3 from 2.4.0 to 2.5.0 (#5962),"Bump urllib3 from 2.4.0 to 2.5.0 (#5962)

Co-authored-by: dependabot[bot] <49699333+dependabot[bot]@users.noreply.github.com>"
home-assistant/supervisor,dfa1602ac629c0547a7edfb89ad9d62011b1fb4d,2025-06,5,post,2025-06-19T10:33:47+02:00,2025-06-19T10:33:47+02:00,dependabot[bot],49699333+dependabot[bot]@users.noreply.github.com,GitHub,noreply@github.com,1,0,1,1,1,0,0,0,,,,,dependabot,0,5963,Bump getsentry/action-release from 3.1.1 to 3.1.2 (#5963),"Bump getsentry/action-release from 3.1.1 to 3.1.2 (#5963)

Co-authored-by: dependabot[bot] <49699333+dependabot[bot]@users.noreply.github.com>"
home-assistant/supervisor,b030879efdc6a82a24d10f9b133c1cf62da23631,2025-06,5,post,2025-06-20T12:52:12+02:00,2025-06-20T12:52:12+02:00,ue9acf10ae3811d11,ue9acf10ae3811d11@users.invalid,GitHub,noreply@github.com,1,0,2,2,2,1,1,1,,,,,,0,5964,Rename detect-blocking-io API value to match other APIs (#5964),"Rename detect-blocking-io API value to match other APIs (#5964)

* Rename detect-blocking-io API value to match other APIs

For the new detect-blocking-io option, use dashes instead of
underscores in `on-at-startup` for consistency with other API
endpoints.

This is a breaking change, but since the API is really new and not
really used yet, it is fairly safe to do so.

* Fix pytest"
home-assistant/supervisor,e1a18eeba82c3929e02ca4a221b79be2f01f5b1a,2025-06,5,post,2025-06-23T10:13:43+02:00,2025-06-23T10:13:43+02:00,ue9acf10ae3811d11,ue9acf10ae3811d11@users.invalid,GitHub,noreply@github.com,1,0,1,1,10,1,1,10,,,,,,0,5966,Use aiodns explicit close method (#5966),Use aiodns explicit close method (#5966)
home-assistant/supervisor,1e19e26ef32aea3f683114dbeed3d82028e91d71,2025-06,5,post,2025-06-23T13:00:55+02:00,2025-06-23T13:00:55+02:00,ue9acf10ae3811d11,ue9acf10ae3811d11@users.invalid,GitHub,noreply@github.com,1,0,3,2,71,0,0,0,,,,,,0,5968,Update request feature link (#5968),"Update request feature link (#5968)

Feature requests are now collected using the org wide GitHub Community.
Update the link accordingly.

While at it, also remove the unused ISSUE_TEMPLATE.md and align the
title to create issues with what is used in Home Assistant Core's
template."
home-assistant/supervisor,0370320f75f3094497ca998b7f5d53619d61851c,2025-06,5,post,2025-06-24T10:08:19+02:00,2025-06-24T10:08:19+02:00,dependabot[bot],49699333+dependabot[bot]@users.noreply.github.com,GitHub,noreply@github.com,1,0,2,2,2,0,0,0,,,,,dependabot,0,5971,Bump sigstore/cosign-installer from 3.9.0 to 3.9.1 (#5971),"Bump sigstore/cosign-installer from 3.9.0 to 3.9.1 (#5971)

Bumps [sigstore/cosign-installer](https://github.com/sigstore/cosign-installer) from 3.9.0 to 3.9.1.
- [Release notes](https://github.com/sigstore/cosign-installer/releases)
- [Commits](https://github.com/sigstore/cosign-installer/compare/v3.9.0...v3.9.1)

---
updated-dependencies:
- dependency-name: sigstore/cosign-installer
  dependency-version: 3.9.1
  dependency-type: direct:production
  update-type: version-update:semver-patch
...

Signed-off-by: dependabot[bot] <support@github.com>
Co-authored-by: dependabot[bot] <49699333+dependabot[bot]@users.noreply.github.com>"
home-assistant/supervisor,3f921e50b354ec520ce76e56fcf7b31856f430b5,2025-06,5,post,2025-06-24T10:08:27+02:00,2025-06-24T10:08:27+02:00,dependabot[bot],49699333+dependabot[bot]@users.noreply.github.com,GitHub,noreply@github.com,1,0,1,1,1,0,0,0,,,,,dependabot,0,5972,Bump getsentry/action-release from 3.1.2 to 3.2.0 (#5972),"Bump getsentry/action-release from 3.1.2 to 3.2.0 (#5972)

Bumps [getsentry/action-release](https://github.com/getsentry/action-release) from 3.1.2 to 3.2.0.
- [Release notes](https://github.com/getsentry/action-release/releases)
- [Changelog](https://github.com/getsentry/action-release/blob/master/CHANGELOG.md)
- [Commits](https://github.com/getsentry/action-release/compare/v3.1.2...v3.2.0)

---
updated-dependencies:
- dependency-name: getsentry/action-release
  dependency-version: 3.2.0
  dependency-type: direct:production
  update-type: version-update:semver-minor
...

Signed-off-by: dependabot[bot] <support@github.com>
Co-authored-by: dependabot[bot] <49699333+dependabot[bot]@users.noreply.github.com>"
home-assistant/supervisor,3ee7c082ec3b457ecfc6af6a6e50bebaec0638a8,2025-06,5,post,2025-06-24T11:48:03+02:00,2025-06-24T05:48:03-04:00,ue1fc990c4f6dfd9c,ue1fc990c4f6dfd9c@users.invalid,GitHub,noreply@github.com,1,0,24,211,72,16,88,61,,,,,,0,5969,Add mypy to ci and precommit (#5969),"Add mypy to ci and precommit (#5969)

* Add mypy to ci and precommit

* Run precommit mypy in venv

* Fix issues raised in latest version of mypy"
home-assistant/supervisor,d747a596961b2a4c201d6c111babae6a7eb6bdae,2025-06,5,post,2025-06-24T12:10:36+02:00,2025-06-24T12:10:36+02:00,ue9acf10ae3811d11,ue9acf10ae3811d11@users.invalid,GitHub,noreply@github.com,1,0,2,4,6,2,4,6,,,,,,0,5973,Fix CLI/Observer access token property (#5973),"Fix CLI/Observer access token property (#5973)

The access token token_validation() code in the security middleware
potentially accesses the access token property before the Supervisor
starts the CLI/Observer plugins, which leads to an KeyError when
trying to access the `access_token` property. This change ensures
that no key error is raised, but just None is returned."
home-assistant/supervisor,0b79e09bc034db9395c91b0615af4b47932cd062,2025-06,5,post,2025-06-24T15:48:04+02:00,2025-06-24T15:48:04+02:00,ue9acf10ae3811d11,ue9acf10ae3811d11@users.invalid,GitHub,noreply@github.com,1,0,1,16,1,1,16,1,,,,,,0,5965,Add code documentation for Jobs decorator (#5965),"Add code documentation for Jobs decorator (#5965)

Add basic code documentation to the Jobs decorator."
home-assistant/supervisor,8378d434d489d6960c186dbb0df1ba702548e131,2025-06,5,post,2025-06-25T08:57:12+02:00,2025-06-25T08:57:12+02:00,dependabot[bot],49699333+dependabot[bot]@users.noreply.github.com,GitHub,noreply@github.com,1,0,1,1,1,0,0,0,,,,,dependabot,0,5975,Bump sentry-sdk from 2.30.0 to 2.31.0 (#5975),"Bump sentry-sdk from 2.30.0 to 2.31.0 (#5975)

Bumps [sentry-sdk](https://github.com/getsentry/sentry-python) from 2.30.0 to 2.31.0.
- [Release notes](https://github.com/getsentry/sentry-python/releases)
- [Changelog](https://github.com/getsentry/sentry-python/blob/master/CHANGELOG.md)
- [Commits](https://github.com/getsentry/sentry-python/compare/2.30.0...2.31.0)

---
updated-dependencies:
- dependency-name: sentry-sdk
  dependency-version: 2.31.0
  dependency-type: direct:production
  update-type: version-update:semver-minor
...

Signed-off-by: dependabot[bot] <support@github.com>
Co-authored-by: dependabot[bot] <49699333+dependabot[bot]@users.noreply.github.com>"
home-assistant/supervisor,be8b36b56028f9d09d3f5bcb7024b999f76c30dd,2025-06,5,post,2025-06-27T09:08:50+02:00,2025-06-27T09:08:50+02:00,dependabot[bot],49699333+dependabot[bot]@users.noreply.github.com,GitHub,noreply@github.com,1,0,1,1,1,0,0,0,,,,,dependabot,0,5981,Bump ruff from 0.12.0 to 0.12.1 (#5981),"Bump ruff from 0.12.0 to 0.12.1 (#5981)

Co-authored-by: dependabot[bot] <49699333+dependabot[bot]@users.noreply.github.com>"
home-assistant/supervisor,779f47e25d3ca8fe164c36c4b94f58891a4ccdd9,2025-06,5,post,2025-06-30T10:16:41+02:00,2025-06-30T10:16:41+02:00,dependabot[bot],49699333+dependabot[bot]@users.noreply.github.com,GitHub,noreply@github.com,1,0,1,1,1,0,0,0,,,,,dependabot,0,5982,Bump sentry-sdk from 2.31.0 to 2.32.0 (#5982),"Bump sentry-sdk from 2.31.0 to 2.32.0 (#5982)

Co-authored-by: dependabot[bot] <49699333+dependabot[bot]@users.noreply.github.com>"
home-assistant/supervisor,b8852872fe17e926b310e34a66ea4638f628da9a,2025-06,5,post,2025-06-30T13:31:41+02:00,2025-06-30T08:31:41-03:00,u37f8e2599d813ef3,u37f8e2599d813ef3@users.invalid,GitHub,noreply@github.com,1,0,7,148,9,1,2,2,,,,,,0,5977,Remove anonymous volumes when removing containers (#5977),"Remove anonymous volumes when removing containers (#5977)

* Remove anonymous volumes when removing containers

* Add tests for docker.run_command()"
home-assistant/supervisor,cf32f036c0d685dd1999bd0c0108a31dcb6e45ab,2025-06,5,post,2025-06-30T16:08:05+02:00,2025-06-30T11:08:05-03:00,u37f8e2599d813ef3,u37f8e2599d813ef3@users.invalid,GitHub,noreply@github.com,1,0,2,6,4,1,5,3,,,,,,0,5978,Fix `docker_home_assistant_execute_command` not honoring HA version (#5978),"Fix `docker_home_assistant_execute_command` not honoring HA version (#5978)

* Fix `docker_home_assistant_execute_command` not honoring HA version

* Change variable name to image_with_tag

* Fix test"
home-assistant/supervisor,d1c1a2d4185d4cb96655fb32f8d47d1444c86931,2025-06,5,post,2025-06-30T16:09:19+02:00,2025-06-30T11:09:19-03:00,u37f8e2599d813ef3,u37f8e2599d813ef3@users.invalid,GitHub,noreply@github.com,1,0,3,4,4,2,2,4,,,,,,0,5979,Fix `docker.run_command()` needing `detach` but not enforcing it (#5979),"Fix `docker.run_command()` needing `detach` but not enforcing it (#5979)

* Fix `docker.run_command()` needing `detach` but not enforcing it

* Fix test"
home-assistant/supervisor,38750d74a8636216598113db0e504aa51558e9bb,2025-06,5,post,2025-06-30T13:22:00-04:00,2025-06-30T13:22:00-04:00,ue1fc990c4f6dfd9c,ue1fc990c4f6dfd9c@users.invalid,GitHub,noreply@github.com,1,0,5,101,44,3,89,39,,,,,,0,5976,Refactor builtin repositories to enum (#5976),Refactor builtin repositories to enum (#5976)
home-assistant/supervisor,bc57deb4743594d231e12743ee2e711bc2683d81,2025-07,6,post,2025-07-02T17:33:41+02:00,2025-07-02T12:33:41-03:00,u37f8e2599d813ef3,u37f8e2599d813ef3@users.invalid,GitHub,noreply@github.com,1,0,10,217,66,5,97,41,,,,,,0,5974,Use Docker BuildKit to build addons (#5974),"Use Docker BuildKit to build addons (#5974)

* Use Docker BuildKit to build addons

* Improve error message as suggested by CodeRabbit

* Fix container.remove() tests missing v=True

* Ignore squash rather than falling back to legacy builder

* Use version rather than tag to avoid confusion in run_command()

* Fix tests differently

* Use PropertyMock like other tests

* Restore position of fix_label fn

* Exempt addon builder image from unsupported checks

* Refactor tests

* Fix tests expecting wrong builder image

* Remove harcoded paths

* Fix tests

* Remove get_addon_host_path() function

* Use docker buildx build rather than docker build

Co-authored-by: ue9acf10ae3811d11 <ue9acf10ae3811d11@users.invalid>

---------

Co-authored-by: ue9acf10ae3811d11 <ue9acf10ae3811d11@users.invalid>"
home-assistant/supervisor,6cebf522491eea6a45358a8fb1ded774f698407b,2025-07,6,post,2025-07-02T14:34:18-04:00,2025-07-02T14:34:18-04:00,ue1fc990c4f6dfd9c,ue1fc990c4f6dfd9c@users.invalid,GitHub,noreply@github.com,1,0,3,199,56,2,75,38,,,,,,0,5984,Store reset only deletes git cache after clone was successful (#5984),"Store reset only deletes git cache after clone was successful (#5984)

* Store reset only deletes git cache after clone was successful

* Add test and fix fallback error handling

* Fix when lock is grabbed"
home-assistant/supervisor,3e20a0937d5e862d46456366804ccea2d9446cf8,2025-07,6,post,2025-07-03T09:52:50+02:00,2025-07-03T09:52:50+02:00,dependabot[bot],49699333+dependabot[bot]@users.noreply.github.com,GitHub,noreply@github.com,1,0,1,1,1,0,0,0,,,,,dependabot,0,5989,Bump cryptography from 45.0.4 to 45.0.5 (#5989),"Bump cryptography from 45.0.4 to 45.0.5 (#5989)

Bumps [cryptography](https://github.com/pyca/cryptography) from 45.0.4 to 45.0.5.
- [Changelog](https://github.com/pyca/cryptography/blob/main/CHANGELOG.rst)
- [Commits](https://github.com/pyca/cryptography/compare/45.0.4...45.0.5)

---
updated-dependencies:
- dependency-name: cryptography
  dependency-version: 45.0.5
  dependency-type: direct:production
  update-type: version-update:semver-patch
...

Signed-off-by: dependabot[bot] <support@github.com>
Co-authored-by: dependabot[bot] <49699333+dependabot[bot]@users.noreply.github.com>"
home-assistant/supervisor,abc44946bb2a114a5acb2e53e3df5bc22a4115dd,2025-07,6,post,2025-07-03T13:53:52+02:00,2025-07-03T07:53:52-04:00,ue1fc990c4f6dfd9c,ue1fc990c4f6dfd9c@users.invalid,GitHub,noreply@github.com,1,0,13,183,139,4,139,91,,,,,,0,5987,Refactor addon git repo (#5987),"Refactor addon git repo (#5987)

* Refactor Repository into setup with inheritance

* Remove subclasses of GitRepo"
home-assistant/supervisor,f0ea0d4a44fc80eb9f06ec2ed5367b39c028b5ed,2025-07,6,post,2025-07-04T07:05:05+02:00,2025-07-04T07:05:05+02:00,ue9acf10ae3811d11,ue9acf10ae3811d11@users.invalid,GitHub,noreply@github.com,1,0,2,288,0,0,0,0,.github/copilot-instructions.md;CLAUDE.md,,,,,0,5986,Add GitHub Copilot/Claude instruction (#5986),"Add GitHub Copilot/Claude instruction (#5986)

* Add GitHub Copilot/Claude instruction

This adds an initial instruction file for GitHub Copilot and Claude
(CLAUDE.md symlinked to the same file).

* Add --ignore-missing-imports to mypy, add note to run pre-commit"
home-assistant/supervisor,ae036ceffe09e269dfd250ebfa9ce5c6678ee438,2025-07,6,post,2025-07-04T07:05:53+02:00,2025-07-04T01:05:53-04:00,ue1fc990c4f6dfd9c,ue1fc990c4f6dfd9c@users.invalid,GitHub,noreply@github.com,1,0,2,47,7,1,17,7,,,,,,0,5988,Don't backup uninstalled addons (#5988),"Don't backup uninstalled addons (#5988)

* Don't backup uninstalled addons

* Remove hash in backup"
home-assistant/supervisor,9aa4f381b8e6a45821f28e47a6b41e86a338a959,2025-07,6,post,2025-07-04T08:47:35+02:00,2025-07-04T08:47:35+02:00,dependabot[bot],49699333+dependabot[bot]@users.noreply.github.com,GitHub,noreply@github.com,1,0,1,1,1,0,0,0,,,,,dependabot,0,5993,Bump ruff from 0.12.1 to 0.12.2 (#5993),"Bump ruff from 0.12.1 to 0.12.2 (#5993)

Co-authored-by: dependabot[bot] <49699333+dependabot[bot]@users.noreply.github.com>"
home-assistant/supervisor,1f2bf777845be47f4380831dc24e51a8bd52d53e,2025-07,6,post,2025-07-04T08:54:36+02:00,2025-07-04T08:54:36+02:00,dependabot[bot],49699333+dependabot[bot]@users.noreply.github.com,GitHub,noreply@github.com,1,0,1,1,1,0,0,0,,,,,dependabot,0,5992,Bump coverage from 7.9.1 to 7.9.2 (#5992),"Bump coverage from 7.9.1 to 7.9.2 (#5992)

Co-authored-by: dependabot[bot] <49699333+dependabot[bot]@users.noreply.github.com>"
home-assistant/supervisor,5c90a0026317bee3e39d4e423a5b2a2d2c00cf21,2025-07,6,post,2025-07-05T12:18:02+02:00,2025-07-05T12:18:02+02:00,ue9acf10ae3811d11,ue9acf10ae3811d11@users.invalid,GitHub,noreply@github.com,1,0,1,4,1,1,4,1,,,,,,0,6000,Force reload of /etc/resolv.conf on WebSession init (#6000),Force reload of /etc/resolv.conf on WebSession init (#6000)
home-assistant/supervisor,8336537f51aa60d42e0b48b28701f4cf8ede1ea6,2025-07,6,post,2025-07-07T10:00:26+02:00,2025-07-07T10:00:26+02:00,dependabot[bot],49699333+dependabot[bot]@users.noreply.github.com,GitHub,noreply@github.com,1,0,1,1,1,0,0,0,,,,,dependabot,0,6003,Bump types-docker from 7.1.0.20250523 to 7.1.0.20250705 (#6003),"Bump types-docker from 7.1.0.20250523 to 7.1.0.20250705 (#6003)

Co-authored-by: dependabot[bot] <49699333+dependabot[bot]@users.noreply.github.com>"
home-assistant/supervisor,296071067d37d53d79a38902290b53ec4707784d,2025-07,6,post,2025-07-07T19:27:39+02:00,2025-07-07T19:27:39+02:00,u76681071b11af284,u76681071b11af284@users.invalid,GitHub,noreply@github.com,1,0,1,6,6,1,6,6,,,,,,0,5996,Fix multiple set-cookie headers with addons ingress (#5996),Fix multiple set-cookie headers with addons ingress (#5996)
home-assistant/supervisor,381e719a0e5e874330caf6fca449aae8af147dbd,2025-07,6,post,2025-07-07T21:41:18+02:00,2025-07-07T16:41:18-03:00,u37f8e2599d813ef3,u37f8e2599d813ef3@users.invalid,GitHub,noreply@github.com,1,0,4,103,3,3,11,3,,,,,,0,6002,Allow to force rebuild of add-ons (#6002),Allow to force rebuild of add-ons (#6002)
home-assistant/supervisor,953f7d01d79b43ece1706f642613fb08d85cce43,2025-07,6,post,2025-07-09T11:35:03+02:00,2025-07-09T11:35:03+02:00,ue9acf10ae3811d11,ue9acf10ae3811d11@users.invalid,GitHub,noreply@github.com,1,0,6,304,33,3,85,15,,,,,,0,5999,Improve DNS plug-in restart (#5999),"Improve DNS plug-in restart (#5999)

* Improve DNS plug-in restart

Instead of simply go by PrimaryConnectioon change, use the DnsManager
Configuration property. This property is ultimately used to write the
DNS plug-in configuration, so it is really the relevant information
we pass on to the plug-in.

* Check for changes and restart DNS plugin

* Check for changes in plug-in DNS

Cache last local (NetworkManager) provided DNS servers. Check against
this DNS server list when deciding when to restart the DNS plug-in.

* Check connectivity unthrottled in certain situations

* Fix pytest

* Fix pytest

* Improve test coverage for DNS plugins restart functionality

* Apply suggestions from code review

Co-authored-by: ue1fc990c4f6dfd9c <ue1fc990c4f6dfd9c@users.invalid>

* Debounce local DNS changes and event based connectivity checks

* Remove connection check logic

* Remove unthrottled connectivity check

* Fix delayed call

* Store restart task and cancel in case a restart is running

* Improve DNS configuration change tests

* Remove stale code

* Improve DNS plug-in tests, less mocking

* Cover multiple private functions at once

Improve tests around notify_locals_changed() to cover multiple
functions at once.

---------

Co-authored-by: ue1fc990c4f6dfd9c <ue1fc990c4f6dfd9c@users.invalid>"
home-assistant/supervisor,806bd9f52cd2661771728fb9a3c9749d5395ccef,2025-07,6,post,2025-07-09T16:43:51+02:00,2025-07-09T10:43:51-04:00,ue1fc990c4f6dfd9c,ue1fc990c4f6dfd9c@users.invalid,GitHub,noreply@github.com,1,0,4,130,0,3,34,0,,B,copilot,trailer,,0,6004,Apply store reload suggestion automatically on connectivity change (#6004),"Apply store reload suggestion automatically on connectivity change (#6004)

* Apply store reload suggestion automatically on connectivity change

* Use sys_bus not coresys.bus

Co-authored-by: Copilot <175728472+Copilot@users.noreply.github.com>

---------

Co-authored-by: Copilot <175728472+Copilot@users.noreply.github.com>"
home-assistant/supervisor,cfda559a906f05b46b404d1bc654ec787f7687e2,2025-07,6,post,2025-07-09T16:44:35+02:00,2025-07-09T16:44:35+02:00,uff52318a5888d1e4,uff52318a5888d1e4@users.invalid,GitHub,noreply@github.com,1,0,1,3,3,0,0,0,,,,,,0,6009,Adjust feature request links in issue reporting (#6009),Adjust feature request links in issue reporting (#6009)
home-assistant/supervisor,11e37011bd453f7c228871422f7ef0a3ed8621ff,2025-07,6,post,2025-07-09T16:58:10+02:00,2025-07-09T16:58:10+02:00,uff52318a5888d1e4,uff52318a5888d1e4@users.invalid,GitHub,noreply@github.com,1,0,2,111,0,0,0,0,,,,,,0,6007,Add Task issue form (#6007),Add Task issue form (#6007)
home-assistant/supervisor,cbc48c381f7a12edb1398a4742e9458a1f90160b,2025-07,6,post,2025-07-10T08:38:00+02:00,2025-07-10T08:38:00+02:00,ue9acf10ae3811d11,ue9acf10ae3811d11@users.invalid,GitHub,noreply@github.com,1,0,2,13,7,1,7,2,,,,,,0,5844,Return 401 Unauthorized when using json/url encoded auth fails (#5844),"Return 401 Unauthorized when using json/url encoded auth fails (#5844)

When authentication using JSON payload or URL encoded payload fails,
use the generic HTTP response code 401 Unauthorized instead of 400
Bad Request.

This is a more appropriate response code for authentication errors
and is consistent with the behavior of other authentication methods."
home-assistant/supervisor,7873c457d533087bd4a077710c988d480e6fb3fe,2025-07,6,post,2025-07-10T11:05:59+02:00,2025-07-10T11:05:59+02:00,ue9acf10ae3811d11,ue9acf10ae3811d11@users.invalid,GitHub,noreply@github.com,1,0,1,3,2,0,0,0,.github/copilot-instructions.md,,,,,0,6011,Small improvement to Copilot instructions (#6011),Small improvement to Copilot instructions (#6011)
home-assistant/supervisor,baf9695cf73c94af057955d56ce45c037836ba28,2025-07,6,post,2025-07-10T11:07:53+02:00,2025-07-10T11:07:53+02:00,ue9acf10ae3811d11,ue9acf10ae3811d11@users.invalid,GitHub,noreply@github.com,1,0,16,247,235,6,158,142,,,,,,0,5990,Refactoring around add-on store Repository classes (#5990),"Refactoring around add-on store Repository classes (#5990)

* Rename repository fixture to test_repository

Also don't remove the built-in repositories. The list was incomplete,
and tests don't seem to require that anymore.

* Get rid of StoreType

The type doesn't have much value, we have constant strings anyways.

* Introduce types.py

* Use slug to determine which repository urls to return

* Simplify BuiltinRepository enum

* Mock GitRepo load

* Improve URL handling and repository creation logic

* Refactor update_repositories

* Get rid of get_from_url

It is no longer used in production code.

* More refactoring

* Address pylint

* Introduce is_git_based property to Repository class

Return all git based URLs, including the Core repository.

* Revert ""Introduce is_git_based property to Repository class""

This reverts commit dfd5ad79bf23e0e127fc45d97d6f8de0e796faa0.

* Fold type.py into const.py

Align more with how Supervisor code is typically structured.

* Update supervisor/store/__init__.py

Co-authored-by: ue1fc990c4f6dfd9c <ue1fc990c4f6dfd9c@users.invalid>

* Apply repository remove suggestion

* Fix tests

---------

Co-authored-by: ue1fc990c4f6dfd9c <ue1fc990c4f6dfd9c@users.invalid>"
home-assistant/supervisor,9a0f530a2f639af81d896cb35a9c12012d1e1a42,2025-07,6,post,2025-07-10T11:08:10+02:00,2025-07-10T11:08:10+02:00,ue9acf10ae3811d11,ue9acf10ae3811d11@users.invalid,GitHub,noreply@github.com,1,0,4,97,4,2,20,2,,,,,,0,6005,Add Supervisor connectivity check after DNS restart (#6005),"Add Supervisor connectivity check after DNS restart (#6005)

* Add Supervisor connectivity check after DNS restart

When the DNS plug-in got restarted, check Supervisor connectivity
in case the DNS plug-in configuration change influenced Supervisor
connectivity. This is helpful when a DHCP server gets started after
Home Assistant is up. In that case the network provided DNS server
(local DNS server) becomes available after the DNS plug-in restart.

Without this change, the Supervisor connectivity will remain false
until the a Job triggers a connectivity check, for example the
periodic update check (which causes a updater and store reload) by
Core.

* Fix pytest and add coverage for new functionality"
home-assistant/supervisor,27a2fde9e1d4afc08f5e9c649c3d1423802e5c16,2025-07,6,post,2025-07-14T11:18:54+02:00,2025-07-14T11:18:54+02:00,dependabot[bot],49699333+dependabot[bot]@users.noreply.github.com,GitHub,noreply@github.com,1,0,1,1,1,0,0,0,,,,,dependabot,0,6017,Bump astroid from 3.3.10 to 3.3.11 (#6017),"Bump astroid from 3.3.10 to 3.3.11 (#6017)

Co-authored-by: dependabot[bot] <49699333+dependabot[bot]@users.noreply.github.com>"
home-assistant/supervisor,a366e36b37621af4d1e722f4cace321c1d377e8f,2025-07,6,post,2025-07-14T11:19:08+02:00,2025-07-14T11:19:08+02:00,dependabot[bot],49699333+dependabot[bot]@users.noreply.github.com,GitHub,noreply@github.com,1,0,1,1,1,0,0,0,,,,,dependabot,0,6016,Bump ruff from 0.12.2 to 0.12.3 (#6016),"Bump ruff from 0.12.2 to 0.12.3 (#6016)

Co-authored-by: dependabot[bot] <49699333+dependabot[bot]@users.noreply.github.com>"
home-assistant/supervisor,eefe2f2e06c0339a9c4e26770dd8c7381162998f,2025-07,6,post,2025-07-14T11:43:55+02:00,2025-07-14T11:43:55+02:00,dependabot[bot],49699333+dependabot[bot]@users.noreply.github.com,GitHub,noreply@github.com,1,0,1,1,1,0,0,0,,,,,dependabot,0,6014,Bump aiohttp from 3.12.13 to 3.12.14 (#6014),"Bump aiohttp from 3.12.13 to 3.12.14 (#6014)

Co-authored-by: dependabot[bot] <49699333+dependabot[bot]@users.noreply.github.com>"
home-assistant/supervisor,99c040520e0b00bf9695a04606b613a1cae3b64b,2025-07,6,post,2025-07-14T22:19:06+02:00,2025-07-14T22:19:06+02:00,ue9acf10ae3811d11,ue9acf10ae3811d11@users.invalid,GitHub,noreply@github.com,1,0,5,39,45,4,17,31,,,,,,0,6012,Drop ensure_builtin_repositories() (#6012),"Drop ensure_builtin_repositories() (#6012)

* Drop ensure_builtin_repositories

With the new Repository classes we have the is_builtin property, so we
can easily make sure that built-ins are not removed. This allows us to
further cleanup the code by removing the ensure_builtin_repositories
function and the ALL_BUILTIN_REPOSITORIES constant.

* Make sure we add built-ins on load

* Reuse default set and avoid unnecessary copy

Reuse default set and avoid unnecessary copying during validation if
the default is not being used."
home-assistant/supervisor,365b838abfb8ac47000f6563551d829b558feaa9,2025-07,6,post,2025-07-16T09:08:57+02:00,2025-07-16T09:08:57+02:00,dependabot[bot],49699333+dependabot[bot]@users.noreply.github.com,GitHub,noreply@github.com,1,0,1,1,1,0,0,0,,,,,dependabot,0,6019,Bump mypy from 1.16.1 to 1.17.0 (#6019),"Bump mypy from 1.16.1 to 1.17.0 (#6019)

Bumps [mypy](https://github.com/python/mypy) from 1.16.1 to 1.17.0.
- [Changelog](https://github.com/python/mypy/blob/master/CHANGELOG.md)
- [Commits](https://github.com/python/mypy/compare/v1.16.1...v1.17.0)

---
updated-dependencies:
- dependency-name: mypy
  dependency-version: 1.17.0
  dependency-type: direct:production
  update-type: version-update:semver-minor
...

Signed-off-by: dependabot[bot] <support@github.com>
Co-authored-by: dependabot[bot] <49699333+dependabot[bot]@users.noreply.github.com>"
home-assistant/supervisor,aeabf7ea257cddb72c723ed0a8052e9ef1031173,2025-07,6,post,2025-07-16T09:18:57+02:00,2025-07-16T09:18:57+02:00,dependabot[bot],49699333+dependabot[bot]@users.noreply.github.com,GitHub,noreply@github.com,1,0,1,1,1,0,0,0,,,,,dependabot,0,6020,Bump blockbuster from 1.5.24 to 1.5.25 (#6020),"Bump blockbuster from 1.5.24 to 1.5.25 (#6020)

Bumps [blockbuster](https://github.com/cbornet/blockbuster) from 1.5.24 to 1.5.25.
- [Release notes](https://github.com/cbornet/blockbuster/releases)
- [Commits](https://github.com/cbornet/blockbuster/commits/v1.5.25)

---
updated-dependencies:
- dependency-name: blockbuster
  dependency-version: 1.5.25
  dependency-type: direct:production
  update-type: version-update:semver-patch
...

Signed-off-by: dependabot[bot] <support@github.com>
Co-authored-by: dependabot[bot] <49699333+dependabot[bot]@users.noreply.github.com>"
home-assistant/supervisor,c946c421f2ba31c482f1bca1cb20f94bf5106e45,2025-07,6,post,2025-07-16T09:19:44+02:00,2025-07-16T09:19:44+02:00,dependabot[bot],49699333+dependabot[bot]@users.noreply.github.com,GitHub,noreply@github.com,1,0,1,1,1,0,0,0,,,,,dependabot,0,6026,Bump debugpy from 1.8.14 to 1.8.15 (#6026),"Bump debugpy from 1.8.14 to 1.8.15 (#6026)

Bumps [debugpy](https://github.com/microsoft/debugpy) from 1.8.14 to 1.8.15.
- [Release notes](https://github.com/microsoft/debugpy/releases)
- [Commits](https://github.com/microsoft/debugpy/compare/v1.8.14...v1.8.15)

---
updated-dependencies:
- dependency-name: debugpy
  dependency-version: 1.8.15
  dependency-type: direct:production
  update-type: version-update:semver-patch
...

Signed-off-by: dependabot[bot] <support@github.com>
Co-authored-by: dependabot[bot] <49699333+dependabot[bot]@users.noreply.github.com>"
home-assistant/supervisor,b679c4f4d87d4c2af6211e2d4c4f167de8229fd1,2025-07,6,post,2025-07-16T09:20:28+02:00,2025-07-16T09:20:28+02:00,dependabot[bot],49699333+dependabot[bot]@users.noreply.github.com,GitHub,noreply@github.com,1,0,1,1,1,0,0,0,,,,,dependabot,0,6027,Bump sentry-sdk from 2.32.0 to 2.33.0 (#6027),"Bump sentry-sdk from 2.32.0 to 2.33.0 (#6027)

Bumps [sentry-sdk](https://github.com/getsentry/sentry-python) from 2.32.0 to 2.33.0.
- [Release notes](https://github.com/getsentry/sentry-python/releases)
- [Changelog](https://github.com/getsentry/sentry-python/blob/master/CHANGELOG.md)
- [Commits](https://github.com/getsentry/sentry-python/compare/2.32.0...2.33.0)

---
updated-dependencies:
- dependency-name: sentry-sdk
  dependency-version: 2.33.0
  dependency-type: direct:production
  update-type: version-update:semver-minor
...

Signed-off-by: dependabot[bot] <support@github.com>
Co-authored-by: dependabot[bot] <49699333+dependabot[bot]@users.noreply.github.com>"
home-assistant/supervisor,c617358855ac09ec84c7bdce6429f2dae57abb5e,2025-07,6,post,2025-07-16T09:24:34+02:00,2025-07-16T09:24:34+02:00,dependabot[bot],49699333+dependabot[bot]@users.noreply.github.com,GitHub,noreply@github.com,1,0,1,1,1,0,0,0,,,,,dependabot,0,6028,Bump orjson from 3.10.18 to 3.11.0 (#6028),"Bump orjson from 3.10.18 to 3.11.0 (#6028)

Bumps [orjson](https://github.com/ijl/orjson) from 3.10.18 to 3.11.0.
- [Release notes](https://github.com/ijl/orjson/releases)
- [Changelog](https://github.com/ijl/orjson/blob/master/CHANGELOG.md)
- [Commits](https://github.com/ijl/orjson/compare/3.10.18...3.11.0)

---
updated-dependencies:
- dependency-name: orjson
  dependency-version: 3.11.0
  dependency-type: direct:production
  update-type: version-update:semver-minor
...

Signed-off-by: dependabot[bot] <support@github.com>
Co-authored-by: dependabot[bot] <49699333+dependabot[bot]@users.noreply.github.com>"
home-assistant/supervisor,780ae1e15c9f64441759768b5f284ab6a4dff890,2025-07,6,post,2025-07-16T10:43:15+02:00,2025-07-16T10:43:15+02:00,ue9acf10ae3811d11,ue9acf10ae3811d11@users.invalid,GitHub,noreply@github.com,1,0,2,4,0,1,3,0,,,,,,0,6025,Check for duplicate data disks only when the OS is available (#6025),"Check for duplicate data disks only when the OS is available (#6025)

* Check for duplicate data disks only when the OS is available

Supervised installations do not have a specific data disk, so only
check for duplicate data disks on Home Assistant OS.

* Enable OS for multiple data disks check test"
home-assistant/supervisor,fbb0915ef8f768541414655ff1e11595ca05c26f,2025-07,6,post,2025-07-17T10:06:35+02:00,2025-07-17T10:06:35+02:00,ue9acf10ae3811d11,ue9acf10ae3811d11@users.invalid,GitHub,noreply@github.com,1,0,4,320,1,3,119,1,,,,,,0,6024,Mark system as unhealthy if multiple OS installations are found (#6024),"Mark system as unhealthy if multiple OS installations are found (#6024)

* Add resolution check for duplicate OS installations

* Only create single issue/use separate unhealthy type

* Check MBR partition UUIDs as well

* Use partlabel

* Use generator to avoid code duplication

* Add list of devices, avoid unnecessary exception handling

* Run check only on HAOS

* Fix message formatting

* Fix and simplify pytests

* Fix UnhealthyReason sort order"
home-assistant/supervisor,2ed0682b3405fba1c44e967580d5cfcdb56bf645,2025-07,6,post,2025-07-18T10:00:58+02:00,2025-07-18T10:00:58+02:00,dependabot[bot],49699333+dependabot[bot]@users.noreply.github.com,GitHub,noreply@github.com,1,0,2,2,2,0,0,0,,,,,dependabot,0,6032,Bump sigstore/cosign-installer from 3.9.1 to 3.9.2 (#6032),Bump sigstore/cosign-installer from 3.9.1 to 3.9.2 (#6032)
home-assistant/supervisor,f34128c37e6bd771a78106352670f157484d8b5d,2025-07,6,post,2025-07-23T12:43:56-04:00,2025-07-23T12:43:56-04:00,dependabot[bot],49699333+dependabot[bot]@users.noreply.github.com,GitHub,noreply@github.com,1,0,1,1,1,0,0,0,,,,,dependabot,0,6031,Bump ruff from 0.12.3 to 0.12.4 (#6031),"Bump ruff from 0.12.3 to 0.12.4 (#6031)

---
updated-dependencies:
- dependency-name: ruff
  dependency-version: 0.12.4
  dependency-type: direct:production
  update-type: version-update:semver-patch
...

Signed-off-by: dependabot[bot] <support@github.com>
Co-authored-by: dependabot[bot] <49699333+dependabot[bot]@users.noreply.github.com>"
home-assistant/supervisor,680428f3040a15414e28d06b5a133824b1276aa9,2025-07,6,post,2025-07-23T12:44:35-04:00,2025-07-23T12:44:35-04:00,dependabot[bot],49699333+dependabot[bot]@users.noreply.github.com,GitHub,noreply@github.com,1,0,1,1,1,0,0,0,,,,,dependabot,0,6037,Bump sentry-sdk from 2.33.0 to 2.33.2 (#6037),"Bump sentry-sdk from 2.33.0 to 2.33.2 (#6037)

Bumps [sentry-sdk](https://github.com/getsentry/sentry-python) from 2.33.0 to 2.33.2.
- [Release notes](https://github.com/getsentry/sentry-python/releases)
- [Changelog](https://github.com/getsentry/sentry-python/blob/master/CHANGELOG.md)
- [Commits](https://github.com/getsentry/sentry-python/compare/2.33.0...2.33.2)

---
updated-dependencies:
- dependency-name: sentry-sdk
  dependency-version: 2.33.2
  dependency-type: direct:production
  update-type: version-update:semver-patch
...

Signed-off-by: dependabot[bot] <support@github.com>
Co-authored-by: dependabot[bot] <49699333+dependabot[bot]@users.noreply.github.com>"
home-assistant/supervisor,3b1b03c8a79524d2b7ee3040e8cde800356b3e7a,2025-07,6,post,2025-07-23T16:06:19-04:00,2025-07-23T16:06:19-04:00,dependabot[bot],49699333+dependabot[bot]@users.noreply.github.com,GitHub,noreply@github.com,1,0,1,1,1,0,0,0,,,,,dependabot,0,6038,Bump dbus-fast from 2.44.1 to 2.44.2 (#6038),"Bump dbus-fast from 2.44.1 to 2.44.2 (#6038)

Bumps [dbus-fast](https://github.com/bluetooth-devices/dbus-fast) from 2.44.1 to 2.44.2.
- [Release notes](https://github.com/bluetooth-devices/dbus-fast/releases)
- [Changelog](https://github.com/Bluetooth-Devices/dbus-fast/blob/main/CHANGELOG.md)
- [Commits](https://github.com/bluetooth-devices/dbus-fast/compare/v2.44.1...v2.44.2)

---
updated-dependencies:
- dependency-name: dbus-fast
  dependency-version: 2.44.2
  dependency-type: direct:production
  update-type: version-update:semver-patch
...

Signed-off-by: dependabot[bot] <support@github.com>
Co-authored-by: dependabot[bot] <49699333+dependabot[bot]@users.noreply.github.com>"
home-assistant/supervisor,a841cb828209ee3d91d1842c3e109b83e6d1629d,2025-07,6,post,2025-07-27T10:31:48+02:00,2025-07-27T10:31:48+02:00,dependabot[bot],49699333+dependabot[bot]@users.noreply.github.com,GitHub,noreply@github.com,1,0,1,1,1,0,0,0,,,,,dependabot,0,6043,Bump coverage from 7.9.2 to 7.10.0 (#6043),Bump coverage from 7.9.2 to 7.10.0 (#6043)
home-assistant/supervisor,5e26ab5f4a4422f04053c3ca460d410277e5fdeb,2025-07,6,post,2025-07-27T20:14:24+02:00,2025-07-27T20:14:24+02:00,dependabot[bot],49699333+dependabot[bot]@users.noreply.github.com,GitHub,noreply@github.com,1,0,1,1,1,0,0,0,,,,,dependabot,0,6039,Bump gitpython from 3.1.44 to 3.1.45 (#6039),"Bump gitpython from 3.1.44 to 3.1.45 (#6039)

Co-authored-by: dependabot[bot] <49699333+dependabot[bot]@users.noreply.github.com>"
home-assistant/supervisor,74b26642b06e207b392179912209f40b3d4866ab,2025-07,6,post,2025-07-27T20:20:27+02:00,2025-07-27T20:20:27+02:00,dependabot[bot],49699333+dependabot[bot]@users.noreply.github.com,GitHub,noreply@github.com,1,0,1,1,1,0,0,0,,,,,dependabot,0,6042,Bump ruff from 0.12.4 to 0.12.5 (#6042),"Bump ruff from 0.12.4 to 0.12.5 (#6042)

Co-authored-by: dependabot[bot] <49699333+dependabot[bot]@users.noreply.github.com>"
home-assistant/supervisor,a8cc6c416d71543085df901a5f3261f09670f2b8,2025-07,6,post,2025-07-28T10:41:19+02:00,2025-07-28T10:41:19+02:00,dependabot[bot],49699333+dependabot[bot]@users.noreply.github.com,GitHub,noreply@github.com,1,0,1,1,1,0,0,0,,,,,dependabot,0,6044,Bump coverage from 7.10.0 to 7.10.1 (#6044),"Bump coverage from 7.10.0 to 7.10.1 (#6044)

Bumps [coverage](https://github.com/nedbat/coveragepy) from 7.10.0 to 7.10.1.
- [Release notes](https://github.com/nedbat/coveragepy/releases)
- [Changelog](https://github.com/nedbat/coveragepy/blob/master/CHANGES.rst)
- [Commits](https://github.com/nedbat/coveragepy/compare/7.10.0...7.10.1)

---
updated-dependencies:
- dependency-name: coverage
  dependency-version: 7.10.1
  dependency-type: direct:production
  update-type: version-update:semver-patch
...

Signed-off-by: dependabot[bot] <support@github.com>
Co-authored-by: dependabot[bot] <49699333+dependabot[bot]@users.noreply.github.com>"
home-assistant/supervisor,a004830131e673382fbb31205d6c65fc9428f34e,2025-07,6,post,2025-07-28T10:41:42+02:00,2025-07-28T10:41:42+02:00,dependabot[bot],49699333+dependabot[bot]@users.noreply.github.com,GitHub,noreply@github.com,1,0,1,1,1,0,0,0,,,,,dependabot,0,6045,Bump orjson from 3.11.0 to 3.11.1 (#6045),"Bump orjson from 3.11.0 to 3.11.1 (#6045)

Bumps [orjson](https://github.com/ijl/orjson) from 3.11.0 to 3.11.1.
- [Release notes](https://github.com/ijl/orjson/releases)
- [Changelog](https://github.com/ijl/orjson/blob/master/CHANGELOG.md)
- [Commits](https://github.com/ijl/orjson/compare/3.11.0...3.11.1)

---
updated-dependencies:
- dependency-name: orjson
  dependency-version: 3.11.1
  dependency-type: direct:production
  update-type: version-update:semver-patch
...

Signed-off-by: dependabot[bot] <support@github.com>
Co-authored-by: dependabot[bot] <49699333+dependabot[bot]@users.noreply.github.com>"
home-assistant/supervisor,7dcf5ba6311f6a72fac373dfa725a090930f5371,2025-07,6,post,2025-07-29T15:59:03+02:00,2025-07-29T15:59:03+02:00,ue9acf10ae3811d11,ue9acf10ae3811d11@users.invalid,GitHub,noreply@github.com,1,0,6,71,11,4,34,10,,,,,,0,6029,Enable IPv6 for containers on new installations (#6029),"Enable IPv6 for containers on new installations (#6029)

* Enable IPv6 by default for new installations

Enable IPv6 by default for new Supervisor installations. Let's also
make the `enable_ipv6` attribute nullable, so we can distinguish
between ""not set"" and ""set to false"".

* Add pytest

* Add log message that system restart is required for IPv6 changes

* Fix API pytest

* Create resolution center issue when reboot is required

* Order log after actual setter call"
home-assistant/supervisor,deac85bddb2ba83cb590f7aafb5654a6bab3408d,2025-07,6,post,2025-07-29T17:42:43+02:00,2025-07-29T17:42:43+02:00,ue9acf10ae3811d11,ue9acf10ae3811d11@users.invalid,GitHub,noreply@github.com,1,0,1,3,0,1,3,0,,,,,,0,6048,Scrub WiFi fields from Sentry events (#6048),"Scrub WiFi fields from Sentry events (#6048)

Make sure WiFi fields are scrubbed from Sentry events to prevent
accidental exposure of sensitive information."
home-assistant/supervisor,31f2f70cd9ae12f76b17b9e9310e55be01e12e9b,2025-07,6,post,2025-07-30T14:32:11+02:00,2025-07-30T14:32:11+02:00,dependabot[bot],49699333+dependabot[bot]@users.noreply.github.com,GitHub,noreply@github.com,1,0,1,1,1,0,0,0,,,,,dependabot,0,6050,Bump sentry-sdk from 2.33.2 to 2.34.0 (#6050),"Bump sentry-sdk from 2.33.2 to 2.34.0 (#6050)

Bumps [sentry-sdk](https://github.com/getsentry/sentry-python) from 2.33.2 to 2.34.0.
- [Release notes](https://github.com/getsentry/sentry-python/releases)
- [Changelog](https://github.com/getsentry/sentry-python/blob/master/CHANGELOG.md)
- [Commits](https://github.com/getsentry/sentry-python/compare/2.33.2...2.34.0)

---
updated-dependencies:
- dependency-name: sentry-sdk
  dependency-version: 2.34.0
  dependency-type: direct:production
  update-type: version-update:semver-minor
...

Signed-off-by: dependabot[bot] <support@github.com>
Co-authored-by: dependabot[bot] <49699333+dependabot[bot]@users.noreply.github.com>"
home-assistant/supervisor,ceeffa3284ca76ae7f33a6f8c424144ad5c1c5c1,2025-07,6,post,2025-07-30T14:33:07+02:00,2025-07-30T14:33:07+02:00,dependabot[bot],49699333+dependabot[bot]@users.noreply.github.com,GitHub,noreply@github.com,1,0,1,1,1,0,0,0,,,,,dependabot,0,6051,Bump ruff from 0.12.5 to 0.12.7 (#6051),"Bump ruff from 0.12.5 to 0.12.7 (#6051)

Bumps [ruff](https://github.com/astral-sh/ruff) from 0.12.5 to 0.12.7.
- [Release notes](https://github.com/astral-sh/ruff/releases)
- [Changelog](https://github.com/astral-sh/ruff/blob/main/CHANGELOG.md)
- [Commits](https://github.com/astral-sh/ruff/compare/0.12.5...0.12.7)

---
updated-dependencies:
- dependency-name: ruff
  dependency-version: 0.12.7
  dependency-type: direct:production
  update-type: version-update:semver-patch
...

Signed-off-by: dependabot[bot] <support@github.com>
Co-authored-by: dependabot[bot] <49699333+dependabot[bot]@users.noreply.github.com>"
home-assistant/supervisor,cf77ab22906d473b55f90a487478d92f68ccfe8d,2025-07,6,post,2025-07-30T14:34:14+02:00,2025-07-30T14:34:14+02:00,dependabot[bot],49699333+dependabot[bot]@users.noreply.github.com,GitHub,noreply@github.com,1,0,1,1,1,0,0,0,,,,,dependabot,0,6049,Bump aiohttp from 3.12.14 to 3.12.15 (#6049),"Bump aiohttp from 3.12.14 to 3.12.15 (#6049)

---
updated-dependencies:
- dependency-name: aiohttp
  dependency-version: 3.12.15
  dependency-type: direct:production
  update-type: version-update:semver-patch
...

Signed-off-by: dependabot[bot] <support@github.com>
Co-authored-by: dependabot[bot] <49699333+dependabot[bot]@users.noreply.github.com>"
home-assistant/supervisor,6871ea4b8178905155bd8becac45006206ea08ef,2025-07,6,post,2025-07-30T22:12:14+02:00,2025-07-30T22:12:14+02:00,ue9acf10ae3811d11,ue9acf10ae3811d11@users.invalid,GitHub,noreply@github.com,1,0,3,324,130,2,233,129,,,,,,0,6013,Split execution limit in concurrency and throttle parameters (#6013),"Split execution limit in concurrency and throttle parameters (#6013)

* Split execution limit in concurrency and throttle parameters

Currently the execution limit combines two ortogonal features: Limit
concurrency and throttle execution. This change separates the two
features, allowing for more flexible configuration of job execution.

Ultimately I want to get rid of the old limit parameter. But for ease
of review and migration, I'd like to do this in two steps: First
introduce the new parameters, and map the old limit parameters to the
new parameters. Then, in a second step, remove the old limit parameter
and migrate all users to the new concurrency and throttle parameters
as needed.

* Introduce common lock release method

* Fix THROTTLE_WAIT behavior

The concurrency QUEUE does not really QUEUE throttle limits.

* Add documentation for new concurrency/throttle Job options

* Handle group options for concurrency and throttle separately

* Fix GROUP_THROTTLE_WAIT concurrency setting

We need to use the QUEUE concurrency setting instead of GROUP_QUEUE
for the GROUP_THROTTLE_WAIT execution limit. Otherwise the
test_jobs_decorator.py::test_execution_limit_group_throttle_wait
test deadlocks.

The reason this deadlocks is because GROUP_QUEUE concurrency doesn't
really work because we only can release a group lock if the job is
actually running.

Or put differently, throttling isn't supported with GROUP_*
concurrency options.

* Prevent using any throttling with group concurrency

The group concurrency modes (reject and queue) are not compatible with
any throttling, since we currently can't unlock the group lock when
a job doesn't get started (which is the case when throttling is
applied).

* Fix commit in group rate limit

* Explain the deadlock issue with group locks in code

* Handle locking correctly on throttle limit exceptions

* Introduce pytest for new job decorator combinations"
home-assistant/supervisor,3af13cb7e2748bdae80cdb733370b198e37b2bf2,2025-07,6,post,2025-07-31T10:43:49+02:00,2025-07-31T10:43:49+02:00,dependabot[bot],49699333+dependabot[bot]@users.noreply.github.com,GitHub,noreply@github.com,1,0,1,1,1,0,0,0,,,,,dependabot,0,6052,Bump sentry-sdk from 2.34.0 to 2.34.1 (#6052),"Bump sentry-sdk from 2.34.0 to 2.34.1 (#6052)

Bumps [sentry-sdk](https://github.com/getsentry/sentry-python) from 2.34.0 to 2.34.1.
- [Release notes](https://github.com/getsentry/sentry-python/releases)
- [Changelog](https://github.com/getsentry/sentry-python/blob/master/CHANGELOG.md)
- [Commits](https://github.com/getsentry/sentry-python/compare/2.34.0...2.34.1)

---
updated-dependencies:
- dependency-name: sentry-sdk
  dependency-version: 2.34.1
  dependency-type: direct:production
  update-type: version-update:semver-patch
...

Signed-off-by: dependabot[bot] <support@github.com>
Co-authored-by: dependabot[bot] <49699333+dependabot[bot]@users.noreply.github.com>"
home-assistant/supervisor,27b092aed0f937dcdb99e69949497537b9cf4fe8,2025-07,6,post,2025-07-31T11:23:57+02:00,2025-07-31T11:23:57+02:00,ue9acf10ae3811d11,ue9acf10ae3811d11@users.invalid,GitHub,noreply@github.com,1,0,2,17,0,1,1,0,,,,,,0,6053,Block OS updates when the system is unhealthy (#6053),"Block OS updates when the system is unhealthy (#6053)

* Block OS updates when the system is unhealthy

In #6024 we mark a system as unhealthy when multiple OS installations
were found. The idea was to block OS updates in this case. However, it
turns out that the OS update job was not checking the system health
and thus allowed updates even when the system was marked as unhealthy.

This commit adds the `JobCondition.HEALTHY` condition to the OS update
job, ensuring that OS updates are only performed when the system is
healthy.

Users can force an OS update still by using
`ha jobs options --ignore-conditions healthy`.

* Add test for update of unhealthy system

---------

Co-authored-by: u5711c764245c9b7a <u5711c764245c9b7a@users.invalid>"
home-assistant/supervisor,9f2fda5dc7ee452e40b76995931e8eafc4ca4e84,2025-08,7,post,2025-08-04T09:50:27+02:00,2025-08-04T09:50:27+02:00,ue9acf10ae3811d11,ue9acf10ae3811d11@users.invalid,GitHub,noreply@github.com,1,0,1,5,5,0,0,0,,,,,,0,6054,Update to Alpine 3.22 (#6054),"Update to Alpine 3.22 (#6054)

Update the Supervisor base image to Alpine 3.22 for all architectures."
home-assistant/supervisor,22afa60f55c3caccbaef6bcf3e01e276c8fb196d,2025-08,7,post,2025-08-04T13:53:56+02:00,2025-08-04T07:53:56-04:00,ue1fc990c4f6dfd9c,ue1fc990c4f6dfd9c@users.invalid,GitHub,noreply@github.com,1,0,13,739,52,6,369,36,,B,copilot,trailer,,0,6056,Get lifetime info for NVMe devices (#6056),"Get lifetime info for NVMe devices (#6056)

* Get lifetime info for NVMe devices

* Fix lint and test issues

* Update tests/dbus_service_mocks/udisks2_manager.py

Co-authored-by: Copilot <175728472+Copilot@users.noreply.github.com>

---------

Co-authored-by: ue9acf10ae3811d11 <ue9acf10ae3811d11@users.invalid>
Co-authored-by: Copilot <175728472+Copilot@users.noreply.github.com>"
home-assistant/supervisor,6f2ba7d68c2c62d9ed8bc24053e93c42b4e027e4,2025-08,7,post,2025-08-04T14:17:13+02:00,2025-08-04T14:17:13+02:00,dependabot[bot],49699333+dependabot[bot]@users.noreply.github.com,GitHub,noreply@github.com,1,0,1,1,1,0,0,0,,,,,dependabot,0,6058,Bump mypy from 1.17.0 to 1.17.1 (#6058),"Bump mypy from 1.17.0 to 1.17.1 (#6058)

Bumps [mypy](https://github.com/python/mypy) from 1.17.0 to 1.17.1.
- [Changelog](https://github.com/python/mypy/blob/master/CHANGELOG.md)
- [Commits](https://github.com/python/mypy/compare/v1.17.0...v1.17.1)

---
updated-dependencies:
- dependency-name: mypy
  dependency-version: 1.17.1
  dependency-type: direct:production
  update-type: version-update:semver-patch
...

Signed-off-by: dependabot[bot] <support@github.com>
Co-authored-by: dependabot[bot] <49699333+dependabot[bot]@users.noreply.github.com>"
home-assistant/supervisor,478e00c0fe31e0f5c3f8940c08703806f77e0833,2025-08,7,post,2025-08-04T14:17:42+02:00,2025-08-04T14:17:42+02:00,dependabot[bot],49699333+dependabot[bot]@users.noreply.github.com,GitHub,noreply@github.com,1,0,1,1,1,0,0,0,,,,,dependabot,0,6057,Bump home-assistant/wheels from 2025.03.0 to 2025.07.0 (#6057),"Bump home-assistant/wheels from 2025.03.0 to 2025.07.0 (#6057)

Bumps [home-assistant/wheels](https://github.com/home-assistant/wheels) from 2025.03.0 to 2025.07.0.
- [Release notes](https://github.com/home-assistant/wheels/releases)
- [Commits](https://github.com/home-assistant/wheels/compare/2025.03.0...2025.07.0)

---
updated-dependencies:
- dependency-name: home-assistant/wheels
  dependency-version: 2025.07.0
  dependency-type: direct:production
...

Signed-off-by: dependabot[bot] <support@github.com>
Co-authored-by: dependabot[bot] <49699333+dependabot[bot]@users.noreply.github.com>"
home-assistant/supervisor,033896480dd1f325df1d233efe6d1721be491a73,2025-08,7,post,2025-08-04T14:19:33+02:00,2025-08-04T08:19:33-04:00,ue1fc990c4f6dfd9c,ue1fc990c4f6dfd9c@users.invalid,GitHub,noreply@github.com,1,0,3,52,27,2,25,27,,,,,,0,6059,Fix backup equal and add hash to objects with eq (#6059),"Fix backup equal and add hash to objects with eq (#6059)

* Fix backup equal and add hash to objects with eq

* Add test for failed consolidate"
home-assistant/supervisor,e6b0d4144c189653d3160feb495d50d4cd79e7c6,2025-08,7,post,2025-08-04T14:41:11+02:00,2025-08-04T14:41:11+02:00,dependabot[bot],49699333+dependabot[bot]@users.noreply.github.com,GitHub,noreply@github.com,1,0,1,1,1,0,0,0,,,,,dependabot,0,6060,Bump awesomeversion from 25.5.0 to 25.8.0 (#6060),"Bump awesomeversion from 25.5.0 to 25.8.0 (#6060)

Bumps [awesomeversion](https://github.com/ludeeus/awesomeversion) from 25.5.0 to 25.8.0.
- [Release notes](https://github.com/ludeeus/awesomeversion/releases)
- [Commits](https://github.com/ludeeus/awesomeversion/compare/25.5.0...25.8.0)

---
updated-dependencies:
- dependency-name: awesomeversion
  dependency-version: 25.8.0
  dependency-type: direct:production
  update-type: version-update:semver-minor
...

Signed-off-by: dependabot[bot] <support@github.com>
Co-authored-by: dependabot[bot] <49699333+dependabot[bot]@users.noreply.github.com>"
home-assistant/supervisor,74e43411e5f62f48c23a515d805aae2cff5e038d,2025-08,7,post,2025-08-04T14:41:25+02:00,2025-08-04T14:41:25+02:00,dependabot[bot],49699333+dependabot[bot]@users.noreply.github.com,GitHub,noreply@github.com,1,0,1,1,1,0,0,0,,,,,dependabot,0,6061,Bump dbus-fast from 2.44.2 to 2.44.3 (#6061),"Bump dbus-fast from 2.44.2 to 2.44.3 (#6061)

Bumps [dbus-fast](https://github.com/bluetooth-devices/dbus-fast) from 2.44.2 to 2.44.3.
- [Release notes](https://github.com/bluetooth-devices/dbus-fast/releases)
- [Changelog](https://github.com/Bluetooth-Devices/dbus-fast/blob/main/CHANGELOG.md)
- [Commits](https://github.com/bluetooth-devices/dbus-fast/compare/v2.44.2...v2.44.3)

---
updated-dependencies:
- dependency-name: dbus-fast
  dependency-version: 2.44.3
  dependency-type: direct:production
  update-type: version-update:semver-patch
...

Signed-off-by: dependabot[bot] <support@github.com>
Co-authored-by: dependabot[bot] <49699333+dependabot[bot]@users.noreply.github.com>"
home-assistant/supervisor,628a18c6b80c5c8288505d60e2044ee93082605e,2025-08,7,post,2025-08-04T14:41:38+02:00,2025-08-04T14:41:38+02:00,dependabot[bot],49699333+dependabot[bot]@users.noreply.github.com,GitHub,noreply@github.com,1,0,1,1,1,0,0,0,,,,,dependabot,0,6062,Bump coverage from 7.10.1 to 7.10.2 (#6062),"Bump coverage from 7.10.1 to 7.10.2 (#6062)

Bumps [coverage](https://github.com/nedbat/coveragepy) from 7.10.1 to 7.10.2.
- [Release notes](https://github.com/nedbat/coveragepy/releases)
- [Changelog](https://github.com/nedbat/coveragepy/blob/master/CHANGES.rst)
- [Commits](https://github.com/nedbat/coveragepy/compare/7.10.1...7.10.2)

---
updated-dependencies:
- dependency-name: coverage
  dependency-version: 7.10.2
  dependency-type: direct:production
  update-type: version-update:semver-patch
...

Signed-off-by: dependabot[bot] <support@github.com>
Co-authored-by: dependabot[bot] <49699333+dependabot[bot]@users.noreply.github.com>"
home-assistant/supervisor,f150d1b28776fb9095af48a0e2db25e7e370f2e9,2025-08,7,post,2025-08-05T10:43:57+02:00,2025-08-05T10:43:57+02:00,ue9acf10ae3811d11,ue9acf10ae3811d11@users.invalid,GitHub,noreply@github.com,1,0,2,3,3,1,2,2,,,,,,0,6063,Return optimistic life time estimate for eMMC storage (#6063),"Return optimistic life time estimate for eMMC storage (#6063)

This avoids that we display a 10% life time use for a brand new
eMMC storage. The values are estimates anyways, and there is a
separate value which represents life time completely used (100%)."
home-assistant/supervisor,8a1e6b089535ac4f9f97b95a827b9a1c948218a2,2025-08,7,post,2025-08-05T13:23:42+02:00,2025-08-05T07:23:42-04:00,ue1fc990c4f6dfd9c,ue1fc990c4f6dfd9c@users.invalid,GitHub,noreply@github.com,1,0,3,135,0,2,52,0,,,,,,0,6041,Add unsupported reason os_version and evaluation (#6041),"Add unsupported reason os_version and evaluation (#6041)

* Add unsupported reason os_version and evaluation

* Order enum and add tests

* Apply suggestions from code review

* Apply suggestions from code review

---------

Co-authored-by: ue9acf10ae3811d11 <ue9acf10ae3811d11@users.invalid>"
home-assistant/supervisor,9bee58a8b17bd991cb9b23107a737294823bfb19,2025-08,7,post,2025-08-05T13:24:44+02:00,2025-08-05T13:24:44+02:00,ue9acf10ae3811d11,ue9acf10ae3811d11@users.invalid,GitHub,noreply@github.com,1,0,34,181,231,33,123,171,,,,,,0,6065,Migrate to JobConcurrency and JobThrottle parameters (#6065),Migrate to JobConcurrency and JobThrottle parameters (#6065)
home-assistant/supervisor,f11eb6b35a2543f0e125cbdfe527af5515b8b7a1,2025-08,7,post,2025-08-05T22:23:09+02:00,2025-08-05T22:23:09+02:00,dependabot[bot],49699333+dependabot[bot]@users.noreply.github.com,GitHub,noreply@github.com,1,0,1,1,1,0,0,0,,,,,dependabot,0,6066,Bump docker/login-action from 3.4.0 to 3.5.0 (#6066),"Bump docker/login-action from 3.4.0 to 3.5.0 (#6066)

Bumps [docker/login-action](https://github.com/docker/login-action) from 3.4.0 to 3.5.0.
- [Release notes](https://github.com/docker/login-action/releases)
- [Commits](https://github.com/docker/login-action/compare/v3.4.0...v3.5.0)

---
updated-dependencies:
- dependency-name: docker/login-action
  dependency-version: 3.5.0
  dependency-type: direct:production
  update-type: version-update:semver-minor
...

Signed-off-by: dependabot[bot] <support@github.com>
Co-authored-by: dependabot[bot] <49699333+dependabot[bot]@users.noreply.github.com>"
home-assistant/supervisor,059b161f4ff4fed0bc8c9ffbe17df7d90af4b895,2025-08,7,post,2025-08-05T22:23:23+02:00,2025-08-05T16:23:23-04:00,ue1fc990c4f6dfd9c,ue1fc990c4f6dfd9c@users.invalid,GitHub,noreply@github.com,1,0,6,17,2,5,16,1,,,,,,0,6067,Use actual latest version of OS in os version check (#6067),Use actual latest version of OS in os version check (#6067)
home-assistant/supervisor,f9bcc273f8771c90d4dab046a5ba7cd22ef04460,2025-08,7,post,2025-08-06T10:32:14+02:00,2025-08-06T10:32:14+02:00,dependabot[bot],49699333+dependabot[bot]@users.noreply.github.com,GitHub,noreply@github.com,1,0,1,1,1,0,0,0,,,,,dependabot,0,6070,Bump actions/download-artifact from 4.3.0 to 5.0.0 (#6070),"Bump actions/download-artifact from 4.3.0 to 5.0.0 (#6070)

Bumps [actions/download-artifact](https://github.com/actions/download-artifact) from 4.3.0 to 5.0.0.
- [Release notes](https://github.com/actions/download-artifact/releases)
- [Commits](https://github.com/actions/download-artifact/compare/v4.3.0...v5.0.0)

---
updated-dependencies:
- dependency-name: actions/download-artifact
  dependency-version: 5.0.0
  dependency-type: direct:production
  update-type: version-update:semver-major
...

Signed-off-by: dependabot[bot] <support@github.com>
Co-authored-by: dependabot[bot] <49699333+dependabot[bot]@users.noreply.github.com>"
home-assistant/supervisor,bd62602cde3edffd7eded002e2b338ac1c5b813d,2025-08,7,post,2025-08-06T10:32:33+02:00,2025-08-06T10:32:33+02:00,dependabot[bot],49699333+dependabot[bot]@users.noreply.github.com,GitHub,noreply@github.com,1,0,1,1,1,0,0,0,,,,,dependabot,0,6071,Bump cryptography from 45.0.5 to 45.0.6 (#6071),"Bump cryptography from 45.0.5 to 45.0.6 (#6071)

Bumps [cryptography](https://github.com/pyca/cryptography) from 45.0.5 to 45.0.6.
- [Changelog](https://github.com/pyca/cryptography/blob/main/CHANGELOG.rst)
- [Commits](https://github.com/pyca/cryptography/compare/45.0.5...45.0.6)

---
updated-dependencies:
- dependency-name: cryptography
  dependency-version: 45.0.6
  dependency-type: direct:production
  update-type: version-update:semver-patch
...

Signed-off-by: dependabot[bot] <support@github.com>
Co-authored-by: dependabot[bot] <49699333+dependabot[bot]@users.noreply.github.com>"
home-assistant/supervisor,65e5a36aa778229e73d6fc28a7827b6cd3f1a2eb,2025-08,7,post,2025-08-06T10:32:47+02:00,2025-08-06T10:32:47+02:00,dependabot[bot],49699333+dependabot[bot]@users.noreply.github.com,GitHub,noreply@github.com,1,0,1,1,1,0,0,0,,,,,dependabot,0,6072,Bump time-machine from 2.16.0 to 2.17.0 (#6072),"Bump time-machine from 2.16.0 to 2.17.0 (#6072)

Bumps [time-machine](https://github.com/adamchainz/time-machine) from 2.16.0 to 2.17.0.
- [Changelog](https://github.com/adamchainz/time-machine/blob/main/docs/changelog.rst)
- [Commits](https://github.com/adamchainz/time-machine/compare/2.16.0...2.17.0)

---
updated-dependencies:
- dependency-name: time-machine
  dependency-version: 2.17.0
  dependency-type: direct:production
  update-type: version-update:semver-minor
...

Signed-off-by: dependabot[bot] <support@github.com>
Co-authored-by: dependabot[bot] <49699333+dependabot[bot]@users.noreply.github.com>"
home-assistant/supervisor,fdde95d849e3385764b820bff3beae453a77d65e,2025-08,7,post,2025-08-06T10:40:48+02:00,2025-08-06T04:40:48-04:00,ue1fc990c4f6dfd9c,ue1fc990c4f6dfd9c@users.invalid,GitHub,noreply@github.com,1,0,3,183,0,2,52,0,,,,,,0,6069,Add an issue for disk lifetime >90% (#6069),Add an issue for disk lifetime >90% (#6069)
home-assistant/supervisor,8e4a87c751fe71f162cc6e7fca2d38b08f03bfb2,2025-08,7,post,2025-08-06T10:53:30+02:00,2025-08-06T10:53:30+02:00,ue9acf10ae3811d11,ue9acf10ae3811d11@users.invalid,GitHub,noreply@github.com,1,0,1,2,2,1,2,2,,,,,,0,6068,Load Home Assistant OS component earlier (#6068),"Load Home Assistant OS component earlier (#6068)

Load the Home Assistant OS component earlier in the Supervisor
lifecycle to ensure that updater has board information available
when checking for updates. This makes sure that we have the latest
OS update information right on Supervisor start."
home-assistant/supervisor,15ba1a3c9497cc2d5d5e006930f57e5cba3acdad,2025-08,7,post,2025-08-06T15:49:42+02:00,2025-08-06T15:49:42+02:00,ue9acf10ae3811d11,ue9acf10ae3811d11@users.invalid,GitHub,noreply@github.com,1,0,1,4,1,0,0,0,,,,,,0,6073,Use path for actions/download-artifact to fix coverage report (#6073),"Use path for actions/download-artifact to fix coverage report (#6073)

Use name and path parameters to explicitly download the coverage report
artifact. This fixes a behavioral change introduced with v5.0.0
ofactions/download-artifact."
home-assistant/supervisor,3b093200e3550bbba97a8f45c6357257c3757cbc,2025-08,7,post,2025-08-07T00:14:58+02:00,2025-08-07T00:14:58+02:00,ue9acf10ae3811d11,ue9acf10ae3811d11@users.invalid,GitHub,noreply@github.com,1,0,3,178,118,2,122,118,,,,,,0,6074,Improve JobGroup locking with external ownership tracking (#6074),"Improve JobGroup locking with external ownership tracking (#6074)

* Use context manager for Job concurrency control

* Allow to release lock outside of Job running context

* Improve JobGroup locking with external ownership tracking

Track lock ownership by job UUID instead of execution context. This
allows external lock release via job parameter.

* Fix acquire lock in nested Jobs

* Simplify nested lock tracking

* Simplify Job group lock acquisition logic

* Simplify by using helper methods

* Allow throttling with group concurrency

* Use Lock instead of Semaphore for job concurrency control

Use the same synchronization primitive (Lock) for job concurrency
control as used in job groups.

* Go back to lock ownership tracking with references

* Drop unused property `active_job_id`

* Drop unused property `can_acquire`

* Replace assert with cast"
home-assistant/supervisor,528032fb36c9f185b359e72402ab120fbb51e38d,2025-08,7,post,2025-08-07T09:39:35+02:00,2025-08-07T09:39:35+02:00,ue9acf10ae3811d11,ue9acf10ae3811d11@users.invalid,GitHub,noreply@github.com,1,0,1,3,0,1,3,0,,,,,,0,6075,Avoid race condition on add-on installation (#6075),"Avoid race condition on add-on installation (#6075)

The JobGroup concurrency decorator of the Addon class does not prevent
concurrent installation since the AddonManager creates a separate
object for each installation. Make sure only one add-on installation
is running at a time by using the JobGroup decorator on the
AddonManager install method instead."
home-assistant/supervisor,5d851ad747d13c44fe3c44cc8612464fed889c1c,2025-08,7,post,2025-08-07T09:39:53+02:00,2025-08-07T09:39:53+02:00,ue9acf10ae3811d11,ue9acf10ae3811d11@users.invalid,GitHub,noreply@github.com,1,0,1,1,1,1,1,1,,,,,,0,6076,Ignore UTF-8 errors in addon docs (#6076),"Ignore UTF-8 errors in addon docs (#6076)

Add-on documentation might not have valid UTF-8 encoding. Since this
is user provided content, we should not fail if it contains invalid
UTF-8 characters. Instead, we can replace them with a placeholder."
home-assistant/supervisor,cad14bf46e1eae82fcc01a9101d8423825be95c7,2025-08,7,post,2025-08-07T09:40:03+02:00,2025-08-07T09:40:03+02:00,ue9acf10ae3811d11,ue9acf10ae3811d11@users.invalid,GitHub,noreply@github.com,1,0,5,92,31,2,44,31,,,,,,0,6077,Handle disks with non-existing SMART attributes (#6077),"Handle disks with non-existing SMART attributes (#6077)

Not all disks have all SMART attributes available, e.g. Sentry showed
devices with missing ""wctemp"". In practice, any SMART attribute could
be missing. Make sure we handle this gracefully."
home-assistant/supervisor,030927dc0164f327bcc643cc958e1d6ea43f2239,2025-08,7,post,2025-08-07T09:40:19+02:00,2025-08-07T09:40:19+02:00,dependabot[bot],49699333+dependabot[bot]@users.noreply.github.com,GitHub,noreply@github.com,1,0,1,1,1,0,0,0,,,,,dependabot,0,6078,Bump debugpy from 1.8.15 to 1.8.16 (#6078),"Bump debugpy from 1.8.15 to 1.8.16 (#6078)

Bumps [debugpy](https://github.com/microsoft/debugpy) from 1.8.15 to 1.8.16.
- [Release notes](https://github.com/microsoft/debugpy/releases)
- [Commits](https://github.com/microsoft/debugpy/compare/v1.8.15...v1.8.16)

---
updated-dependencies:
- dependency-name: debugpy
  dependency-version: 1.8.16
  dependency-type: direct:production
  update-type: version-update:semver-patch
...

Signed-off-by: dependabot[bot] <support@github.com>
Co-authored-by: dependabot[bot] <49699333+dependabot[bot]@users.noreply.github.com>"
home-assistant/supervisor,0513ea0438904479733b8e4ced0e011aad7f662b,2025-08,7,post,2025-08-07T11:10:34+02:00,2025-08-07T11:10:34+02:00,github-actions[bot],41898282+github-actions[bot]@users.noreply.github.com,GitHub,noreply@github.com,1,0,4036,4896,4238,0,0,0,,,,,github-actions,0,5810,Update frontend to version 20250806.0 (#5810),"Update frontend to version 20250806.0 (#5810)

Co-authored-by: github-actions[bot] <41898282+github-actions[bot]@users.noreply.github.com>"
home-assistant/supervisor,e61d88779df649ec68abc2a2f5e2f227504be924,2025-08,7,post,2025-08-08T12:22:55+02:00,2025-08-08T12:22:55+02:00,dependabot[bot],49699333+dependabot[bot]@users.noreply.github.com,GitHub,noreply@github.com,1,0,1,1,1,0,0,0,,,,,dependabot,0,6081,Bump ruff from 0.12.7 to 0.12.8 (#6081),"Bump ruff from 0.12.7 to 0.12.8 (#6081)

Bumps [ruff](https://github.com/astral-sh/ruff) from 0.12.7 to 0.12.8.
- [Release notes](https://github.com/astral-sh/ruff/releases)
- [Changelog](https://github.com/astral-sh/ruff/blob/main/CHANGELOG.md)
- [Commits](https://github.com/astral-sh/ruff/compare/0.12.7...0.12.8)

---
updated-dependencies:
- dependency-name: ruff
  dependency-version: 0.12.8
  dependency-type: direct:production
  update-type: version-update:semver-patch
...

Signed-off-by: dependabot[bot] <support@github.com>
Co-authored-by: dependabot[bot] <49699333+dependabot[bot]@users.noreply.github.com>"
home-assistant/supervisor,e4eaeb91cdd3a8dbcc4c43c361e9a3102c9bfe80,2025-08,7,post,2025-08-08T12:23:07+02:00,2025-08-08T12:23:07+02:00,dependabot[bot],49699333+dependabot[bot]@users.noreply.github.com,GitHub,noreply@github.com,1,0,1,15,15,0,0,0,,,,,dependabot,0,6082,Bump actions/cache from 4.2.3 to 4.2.4 (#6082),"Bump actions/cache from 4.2.3 to 4.2.4 (#6082)

Bumps [actions/cache](https://github.com/actions/cache) from 4.2.3 to 4.2.4.
- [Release notes](https://github.com/actions/cache/releases)
- [Changelog](https://github.com/actions/cache/blob/main/RELEASES.md)
- [Commits](https://github.com/actions/cache/compare/v4.2.3...v4.2.4)

---
updated-dependencies:
- dependency-name: actions/cache
  dependency-version: 4.2.4
  dependency-type: direct:production
  update-type: version-update:semver-patch
...

Signed-off-by: dependabot[bot] <support@github.com>
Co-authored-by: dependabot[bot] <49699333+dependabot[bot]@users.noreply.github.com>"
home-assistant/supervisor,59104a44380e30c42a40a4d3cd718d4d26b6ef33,2025-08,7,post,2025-08-11T13:40:08+02:00,2025-08-11T13:40:08+02:00,dependabot[bot],49699333+dependabot[bot]@users.noreply.github.com,GitHub,noreply@github.com,1,0,1,1,1,0,0,0,,,,,dependabot,0,6088,Bump pylint from 3.3.7 to 3.3.8 (#6088),"Bump pylint from 3.3.7 to 3.3.8 (#6088)

Bumps [pylint](https://github.com/pylint-dev/pylint) from 3.3.7 to 3.3.8.
- [Release notes](https://github.com/pylint-dev/pylint/releases)
- [Commits](https://github.com/pylint-dev/pylint/compare/v3.3.7...v3.3.8)

---
updated-dependencies:
- dependency-name: pylint
  dependency-version: 3.3.8
  dependency-type: direct:production
  update-type: version-update:semver-patch
...

Signed-off-by: dependabot[bot] <support@github.com>
Co-authored-by: dependabot[bot] <49699333+dependabot[bot]@users.noreply.github.com>"
home-assistant/supervisor,cee495bde3f4f77e3480c717e6f5eb13dbe646c3,2025-08,7,post,2025-08-11T13:40:21+02:00,2025-08-11T13:40:21+02:00,dependabot[bot],49699333+dependabot[bot]@users.noreply.github.com,GitHub,noreply@github.com,1,0,1,1,1,0,0,0,,,,,dependabot,0,6089,Bump types-requests from 2.32.4.20250611 to 2.32.4.20250809 (#6089),"Bump types-requests from 2.32.4.20250611 to 2.32.4.20250809 (#6089)

Bumps [types-requests](https://github.com/typeshed-internal/stub_uploader) from 2.32.4.20250611 to 2.32.4.20250809.
- [Commits](https://github.com/typeshed-internal/stub_uploader/commits)

---
updated-dependencies:
- dependency-name: types-requests
  dependency-version: 2.32.4.20250809
  dependency-type: direct:production
  update-type: version-update:semver-patch
...

Signed-off-by: dependabot[bot] <support@github.com>
Co-authored-by: dependabot[bot] <49699333+dependabot[bot]@users.noreply.github.com>"
home-assistant/supervisor,f173489e69a273d97809f6660425e29d6f0e3827,2025-08,7,post,2025-08-11T13:57:50+02:00,2025-08-11T13:57:50+02:00,dependabot[bot],49699333+dependabot[bot]@users.noreply.github.com,GitHub,noreply@github.com,1,0,1,1,1,0,0,0,,,,,dependabot,0,6087,Bump coverage from 7.10.2 to 7.10.3 (#6087),"Bump coverage from 7.10.2 to 7.10.3 (#6087)

Bumps [coverage](https://github.com/nedbat/coveragepy) from 7.10.2 to 7.10.3.
- [Release notes](https://github.com/nedbat/coveragepy/releases)
- [Changelog](https://github.com/nedbat/coveragepy/blob/master/CHANGES.rst)
- [Commits](https://github.com/nedbat/coveragepy/compare/7.10.2...7.10.3)

---
updated-dependencies:
- dependency-name: coverage
  dependency-version: 7.10.3
  dependency-type: direct:production
  update-type: version-update:semver-patch
...

Signed-off-by: dependabot[bot] <support@github.com>
Co-authored-by: dependabot[bot] <49699333+dependabot[bot]@users.noreply.github.com>"
home-assistant/supervisor,ee0474edf502aefbd4496188eee766592bdbed96,2025-08,7,post,2025-08-11T13:58:00+02:00,2025-08-11T13:58:00+02:00,dependabot[bot],49699333+dependabot[bot]@users.noreply.github.com,GitHub,noreply@github.com,1,0,1,1,1,0,0,0,,,,,dependabot,0,6090,Bump types-pyyaml from 6.0.12.20250516 to 6.0.12.20250809 (#6090),"Bump types-pyyaml from 6.0.12.20250516 to 6.0.12.20250809 (#6090)

Bumps [types-pyyaml](https://github.com/typeshed-internal/stub_uploader) from 6.0.12.20250516 to 6.0.12.20250809.
- [Commits](https://github.com/typeshed-internal/stub_uploader/commits)

---
updated-dependencies:
- dependency-name: types-pyyaml
  dependency-version: 6.0.12.20250809
  dependency-type: direct:production
  update-type: version-update:semver-patch
...

Signed-off-by: dependabot[bot] <support@github.com>
Co-authored-by: dependabot[bot] <49699333+dependabot[bot]@users.noreply.github.com>"
home-assistant/supervisor,886b1bd281d111222ba6f0e958ee6b2629715b17,2025-08,7,post,2025-08-11T14:16:50+02:00,2025-08-11T14:16:50+02:00,dependabot[bot],49699333+dependabot[bot]@users.noreply.github.com,GitHub,noreply@github.com,1,0,1,1,1,0,0,0,,,,,dependabot,0,6085,Bump types-docker from 7.1.0.20250705 to 7.1.0.20250809 (#6085),"Bump types-docker from 7.1.0.20250705 to 7.1.0.20250809 (#6085)

Bumps [types-docker](https://github.com/typeshed-internal/stub_uploader) from 7.1.0.20250705 to 7.1.0.20250809.
- [Commits](https://github.com/typeshed-internal/stub_uploader/commits)

---
updated-dependencies:
- dependency-name: types-docker
  dependency-version: 7.1.0.20250809
  dependency-type: direct:production
  update-type: version-update:semver-patch
...

Signed-off-by: dependabot[bot] <support@github.com>
Co-authored-by: dependabot[bot] <49699333+dependabot[bot]@users.noreply.github.com>"
home-assistant/supervisor,9ec56d9266dd10ea143184d3bf387fc4b050a2a0,2025-08,7,post,2025-08-11T14:17:05+02:00,2025-08-11T14:17:05+02:00,dependabot[bot],49699333+dependabot[bot]@users.noreply.github.com,GitHub,noreply@github.com,1,0,1,1,1,0,0,0,,,,,dependabot,0,6084,Bump pre-commit from 4.2.0 to 4.3.0 (#6084),"Bump pre-commit from 4.2.0 to 4.3.0 (#6084)

Bumps [pre-commit](https://github.com/pre-commit/pre-commit) from 4.2.0 to 4.3.0.
- [Release notes](https://github.com/pre-commit/pre-commit/releases)
- [Changelog](https://github.com/pre-commit/pre-commit/blob/main/CHANGELOG.md)
- [Commits](https://github.com/pre-commit/pre-commit/compare/v4.2.0...v4.3.0)

---
updated-dependencies:
- dependency-name: pre-commit
  dependency-version: 4.3.0
  dependency-type: direct:production
  update-type: version-update:semver-minor
...

Signed-off-by: dependabot[bot] <support@github.com>
Co-authored-by: dependabot[bot] <49699333+dependabot[bot]@users.noreply.github.com>"
home-assistant/supervisor,fd205ce2ef1989b58e9af7bdffab668051a552c1,2025-08,7,post,2025-08-12T09:19:12+02:00,2025-08-12T09:19:12+02:00,Copilot,198982749+Copilot@users.noreply.github.com,GitHub,noreply@github.com,1,0,7,202,19,5,71,14,,B,copilot,trailer;identity,,0,6079,Add Docker MTU configuration support for networks with non-standard MTU (#6079),"Add Docker MTU configuration support for networks with non-standard MTU (#6079)

* Initial plan

* Implement Docker MTU support - core functionality

Co-authored-by: u8f6a85087cab4706 <u8f6a85087cab4706@users.invalid>

* Add comprehensive MTU tests and documentation

Co-authored-by: u8f6a85087cab4706 <u8f6a85087cab4706@users.invalid>

* Fix final linting issue in test file

Co-authored-by: u8f6a85087cab4706 <u8f6a85087cab4706@users.invalid>

* Apply suggestions from code review

* Implement reboot_required flag pattern and fix MyPy typing issue

Co-authored-by: u8f6a85087cab4706 <u8f6a85087cab4706@users.invalid>

* Update supervisor/api/docker.py

* Update supervisor/docker/manager.py

Co-authored-by: ue1fc990c4f6dfd9c <ue1fc990c4f6dfd9c@users.invalid>

---------

Co-authored-by: copilot-swe-agent[bot] <198982749+Copilot@users.noreply.github.com>
Co-authored-by: u8f6a85087cab4706 <u8f6a85087cab4706@users.invalid>
Co-authored-by: ue9acf10ae3811d11 <ue9acf10ae3811d11@users.invalid>
Co-authored-by: ue1fc990c4f6dfd9c <ue1fc990c4f6dfd9c@users.invalid>"
home-assistant/supervisor,91392a5443b8da2ce21e63ab83d484a4af6cb4af,2025-08,7,post,2025-08-12T09:51:46+02:00,2025-08-12T09:51:46+02:00,github-actions[bot],41898282+github-actions[bot]@users.noreply.github.com,GitHub,noreply@github.com,1,0,715,475,475,0,0,0,,,,,github-actions,0,6091,Update frontend to version 20250811.0 (#6091),"Update frontend to version 20250811.0 (#6091)

Co-authored-by: github-actions[bot] <41898282+github-actions[bot]@users.noreply.github.com>"
home-assistant/supervisor,9924165cd3f9d444fe9cb8c88cf4580a060ec989,2025-08,7,post,2025-08-12T23:20:44+02:00,2025-08-12T23:20:44+02:00,dependabot[bot],49699333+dependabot[bot]@users.noreply.github.com,GitHub,noreply@github.com,1,0,5,18,18,0,0,0,,,,,dependabot,0,6092,Bump actions/checkout from 4 to 5.0.0 (#6092),"Bump actions/checkout from 4 to 5.0.0 (#6092)

* Bump actions/checkout from 4 to 5

Bumps [actions/checkout](https://github.com/actions/checkout) from 4 to 5.
- [Release notes](https://github.com/actions/checkout/releases)
- [Changelog](https://github.com/actions/checkout/blob/main/CHANGELOG.md)
- [Commits](https://github.com/actions/checkout/compare/v4...v5)

---
updated-dependencies:
- dependency-name: actions/checkout
  dependency-version: '5'
  dependency-type: direct:production
  update-type: version-update:semver-major
...

Signed-off-by: dependabot[bot] <support@github.com>

* Use full version number

---------

Signed-off-by: dependabot[bot] <support@github.com>
Co-authored-by: dependabot[bot] <49699333+dependabot[bot]@users.noreply.github.com>
Co-authored-by: ue9acf10ae3811d11 <ue9acf10ae3811d11@users.invalid>"
home-assistant/supervisor,cf0a85a4b1adf833f7540f6dd51932f079881cb5,2025-08,7,post,2025-08-13T10:01:23+02:00,2025-08-13T10:01:23+02:00,dependabot[bot],49699333+dependabot[bot]@users.noreply.github.com,GitHub,noreply@github.com,1,0,1,1,1,0,0,0,,,,,dependabot,0,6096,Bump orjson from 3.11.1 to 3.11.2 (#6096),"Bump orjson from 3.11.1 to 3.11.2 (#6096)

Bumps [orjson](https://github.com/ijl/orjson) from 3.11.1 to 3.11.2.
- [Release notes](https://github.com/ijl/orjson/releases)
- [Changelog](https://github.com/ijl/orjson/blob/master/CHANGELOG.md)
- [Commits](https://github.com/ijl/orjson/compare/3.11.1...3.11.2)

---
updated-dependencies:
- dependency-name: orjson
  dependency-version: 3.11.2
  dependency-type: direct:production
  update-type: version-update:semver-patch
...

Signed-off-by: dependabot[bot] <support@github.com>
Co-authored-by: dependabot[bot] <49699333+dependabot[bot]@users.noreply.github.com>"
home-assistant/supervisor,07dd0b73940702a8c76db4b734b6827efe68a03d,2025-08,7,post,2025-08-13T16:27:56+02:00,2025-08-13T16:27:56+02:00,uc99e7580c7a8e9ca,uc99e7580c7a8e9ca@users.invalid,GitHub,noreply@github.com,1,0,1,1,1,0,0,0,,,,,,0,6097,Bump uv to 0.8.9 (#6097),Bump uv to 0.8.9 (#6097)
home-assistant/supervisor,8a82b98e5b74add50c1f8b11a34092e2d6fa3881,2025-08,7,post,2025-08-13T18:05:27+02:00,2025-08-13T12:05:27-04:00,ue1fc990c4f6dfd9c,ue1fc990c4f6dfd9c@users.invalid,GitHub,noreply@github.com,1,0,10,321,39,4,114,5,,,,,,0,6095,Improved error handling for docker image pulls (#6095),"Improved error handling for docker image pulls (#6095)

* Improved error handling for docker image pulls

* Fix mocking in tests due to api use change"
home-assistant/supervisor,603df92618d416f2509051bb8c31dc33cc6720a1,2025-08,7,post,2025-08-14T15:14:32+02:00,2025-08-14T15:14:32+02:00,ue9acf10ae3811d11,ue9acf10ae3811d11@users.invalid,GitHub,noreply@github.com,1,0,2,19,6,2,19,6,,,,,,0,6093,Sort DNS servers by NetworkManager priority (#6093),"Sort DNS servers by NetworkManager priority (#6093)

Sort DNS servers by NetworkManager priority and make sure the order
is stable even if the priorities are equal. This avoids unnecessary
DNS plug-in restarts."
home-assistant/supervisor,3f2db956cb21c2712648f1bb89b5c4917026cd6c,2025-08,7,post,2025-08-15T13:30:53+02:00,2025-08-15T13:30:53+02:00,dependabot[bot],49699333+dependabot[bot]@users.noreply.github.com,GitHub,noreply@github.com,1,0,1,1,1,0,0,0,,,,,dependabot,0,6100,Bump sentry-sdk from 2.34.1 to 2.35.0 (#6100),"Bump sentry-sdk from 2.34.1 to 2.35.0 (#6100)

Co-authored-by: dependabot[bot] <49699333+dependabot[bot]@users.noreply.github.com>"
home-assistant/supervisor,e5dd09ab6b5b780cfa3464686add45664f3c6f69,2025-08,7,post,2025-08-15T13:31:10+02:00,2025-08-15T13:31:10+02:00,dependabot[bot],49699333+dependabot[bot]@users.noreply.github.com,GitHub,noreply@github.com,1,0,1,1,1,0,0,0,,,,,dependabot,0,6101,Bump ruff from 0.12.8 to 0.12.9 (#6101),"Bump ruff from 0.12.8 to 0.12.9 (#6101)

Co-authored-by: dependabot[bot] <49699333+dependabot[bot]@users.noreply.github.com>"
home-assistant/supervisor,8ef5eae22aca79d88790d86884d5d15078ebbbc0,2025-08,7,post,2025-08-18T11:45:13+02:00,2025-08-18T11:45:13+02:00,u6849f6f442190417,u6849f6f442190417@users.invalid,GitHub,noreply@github.com,1,0,1,1,1,0,0,0,,,,,,0,6105,Fix restrict-task-creation workflow (#6105),Fix restrict-task-creation workflow (#6105)
home-assistant/supervisor,43f20fe24f64640560ecf282e83f707b7a2823d4,2025-08,7,post,2025-08-18T13:14:43+02:00,2025-08-18T13:14:43+02:00,dependabot[bot],49699333+dependabot[bot]@users.noreply.github.com,GitHub,noreply@github.com,1,0,1,1,1,0,0,0,,,,,dependabot,0,6108,Bump coverage from 7.10.3 to 7.10.4 (#6108),"Bump coverage from 7.10.3 to 7.10.4 (#6108)

Bumps [coverage](https://github.com/nedbat/coveragepy) from 7.10.3 to 7.10.4.
- [Release notes](https://github.com/nedbat/coveragepy/releases)
- [Changelog](https://github.com/nedbat/coveragepy/blob/master/CHANGES.rst)
- [Commits](https://github.com/nedbat/coveragepy/compare/7.10.3...7.10.4)

---
updated-dependencies:
- dependency-name: coverage
  dependency-version: 7.10.4
  dependency-type: direct:production
  update-type: version-update:semver-patch
...

Signed-off-by: dependabot[bot] <support@github.com>
Co-authored-by: dependabot[bot] <49699333+dependabot[bot]@users.noreply.github.com>"
home-assistant/supervisor,2324b700841091f2d72ca80f8a85c33e696ab61d,2025-08,7,post,2025-08-19T10:54:53+02:00,2025-08-19T11:54:53+03:00,u0cbe451e733e89e8,u0cbe451e733e89e8@users.invalid,GitHub,noreply@github.com,1,0,7,746,3,4,131,3,,,,,,0,6046,Storage space usage API (#6046),"Storage space usage API (#6046)

* Storage space usage API

* Move to host API

* add tests

* fix test url

* more tests

* fix tests

* fix test

* PR comments

* update test

* tweak format and url

* add .DS_Store to .gitignore

* update tests

* test coverage

* update to new struct

* update test"
home-assistant/supervisor,014082eda822e08b7f6cc9094c1bb0c94706112f,2025-08,7,post,2025-08-19T22:02:36+02:00,2025-08-19T22:02:36+02:00,Copilot,198982749+Copilot@users.noreply.github.com,GitHub,noreply@github.com,1,0,3,125,0,2,50,0,,B,copilot,trailer;identity,,0,6110,Create repair issue when user has deprecated add-on installed (#6110),"Create repair issue when user has deprecated add-on installed (#6110)

* Initial plan

* Add deprecated addon repair issue check

Co-authored-by: u8f6a85087cab4706 <u8f6a85087cab4706@users.invalid>

* Apply ruff format

* Add remove suggestion

Co-authored-by: ue1fc990c4f6dfd9c <ue1fc990c4f6dfd9c@users.invalid>

* Update tests/resolution/check/test_check_deprecated_addon.py

Co-authored-by: ue1fc990c4f6dfd9c <ue1fc990c4f6dfd9c@users.invalid>

---------

Co-authored-by: copilot-swe-agent[bot] <198982749+Copilot@users.noreply.github.com>
Co-authored-by: u8f6a85087cab4706 <u8f6a85087cab4706@users.invalid>
Co-authored-by: ue9acf10ae3811d11 <ue9acf10ae3811d11@users.invalid>
Co-authored-by: ue1fc990c4f6dfd9c <ue1fc990c4f6dfd9c@users.invalid>"
home-assistant/supervisor,d0e2778255c18ee0124362d5d355641357dbf145,2025-08,7,post,2025-08-19T22:15:16+02:00,2025-08-19T22:15:16+02:00,dependabot[bot],49699333+dependabot[bot]@users.noreply.github.com,GitHub,noreply@github.com,1,0,1,1,1,0,0,0,,,,,dependabot,0,6112,Bump requests from 2.32.4 to 2.32.5 (#6112),"Bump requests from 2.32.4 to 2.32.5 (#6112)

Bumps [requests](https://github.com/psf/requests) from 2.32.4 to 2.32.5.
- [Release notes](https://github.com/psf/requests/releases)
- [Changelog](https://github.com/psf/requests/blob/main/HISTORY.md)
- [Commits](https://github.com/psf/requests/compare/v2.32.4...v2.32.5)

---
updated-dependencies:
- dependency-name: requests
  dependency-version: 2.32.5
  dependency-type: direct:production
  update-type: version-update:semver-patch
...

Signed-off-by: dependabot[bot] <support@github.com>
Co-authored-by: dependabot[bot] <49699333+dependabot[bot]@users.noreply.github.com>"
home-assistant/supervisor,4109c15a36ae42c4dddd66d4384d0a279c78043a,2025-08,7,post,2025-08-19T23:39:01+02:00,2025-08-19T17:39:01-04:00,ue1fc990c4f6dfd9c,ue1fc990c4f6dfd9c@users.invalid,GitHub,noreply@github.com,1,0,2,10,2,2,10,2,,,,,,1,6114,Revert .git missing check in store git (#6114),Revert .git missing check in store git (#6114)
home-assistant/supervisor,b49ce96df8082f81a070e6321c20e29937ccdc6f,2025-08,7,post,2025-08-20T01:30:57+02:00,2025-08-20T01:30:57+02:00,uc99e7580c7a8e9ca,uc99e7580c7a8e9ca@users.invalid,GitHub,noreply@github.com,1,0,7,112,1,4,45,1,,,,,,0,6099,Propagate timezone setting to host in OS 16.2 and newer (#6099),"Propagate timezone setting to host in OS 16.2 and newer (#6099)

* Propagate timezone setting to host in OS 16.2 and newer

With home-assistant/operating-system#4224, timezone setting in OS can be
peristently set in HAOS as well. Propagate the timezone configured in
Supervisor config (which can be changed through general system settings
in HA Core) through the DBus API for setting the timezone.

* Persist timezone also when it's been obtained from Whoami

* Suppress pylint fixme error"
home-assistant/supervisor,07d8fd006a618c88dc39473b713eeec067be86a6,2025-08,7,post,2025-08-20T10:37:29+02:00,2025-08-20T10:37:29+02:00,dependabot[bot],49699333+dependabot[bot]@users.noreply.github.com,GitHub,noreply@github.com,1,0,2,17,16,0,0,0,,,,,dependabot,0,6113,Bump time-machine from 2.17.0 to 2.18.0 (#6113),"Bump time-machine from 2.17.0 to 2.18.0 (#6113)

* Bump time-machine from 2.17.0 to 2.18.0

Bumps [time-machine](https://github.com/adamchainz/time-machine) from 2.17.0 to 2.18.0.
- [Changelog](https://github.com/adamchainz/time-machine/blob/main/docs/changelog.rst)
- [Commits](https://github.com/adamchainz/time-machine/compare/2.17.0...2.18.0)

---
updated-dependencies:
- dependency-name: time-machine
  dependency-version: 2.18.0
  dependency-type: direct:production
  update-type: version-update:semver-minor
...

Signed-off-by: dependabot[bot] <support@github.com>

* Fix time_machine usage

---------

Signed-off-by: dependabot[bot] <support@github.com>
Co-authored-by: dependabot[bot] <49699333+dependabot[bot]@users.noreply.github.com>
Co-authored-by: ue9acf10ae3811d11 <ue9acf10ae3811d11@users.invalid>"
home-assistant/supervisor,d95ca401ec62418c6d46f480283c4338d3000475,2025-08,7,post,2025-08-20T17:53:30+02:00,2025-08-20T17:53:30+02:00,ue9acf10ae3811d11,ue9acf10ae3811d11@users.invalid,GitHub,noreply@github.com,1,0,2,35,2,1,5,1,,B,claude,trailer;identity;message,,0,6116,Fix git path missing or empty (#6116),"Fix git path missing or empty (#6116)

* Optimize directory_missing_or_empty function

Replace inefficient os.listdir() with os.scandir() and next() to check
if directory is empty. This avoids reading entire directory contents
into memory when we only need to know if any entry exists.

🤖 Generated with [Claude Code](https://claude.ai/code)

Co-Authored-By: Claude <noreply@anthropic.com>

* Add unit tests for directory_missing_or_empty function

Add comprehensive test coverage for the optimized directory_missing_or_empty
function, testing empty directories, directories with content, non-existent
paths, and files (non-directories).

🤖 Generated with [Claude Code](https://claude.ai/code)

Co-Authored-By: Claude <noreply@anthropic.com>

* Apply suggestions from code review

Co-authored-by: ue1fc990c4f6dfd9c <ue1fc990c4f6dfd9c@users.invalid>

---------

Co-authored-by: Claude <noreply@anthropic.com>
Co-authored-by: ue1fc990c4f6dfd9c <ue1fc990c4f6dfd9c@users.invalid>"
home-assistant/supervisor,192d4468889ad4a3dda31e2568800f4c0d2a760f,2025-08,7,post,2025-08-21T10:01:33+02:00,2025-08-21T10:01:33+02:00,dependabot[bot],49699333+dependabot[bot]@users.noreply.github.com,GitHub,noreply@github.com,1,0,1,1,1,0,0,0,,,,,dependabot,0,6118,Bump ciso8601 from 2.3.2 to 2.3.3 (#6118),"Bump ciso8601 from 2.3.2 to 2.3.3 (#6118)

Bumps [ciso8601](https://github.com/closeio/ciso8601) from 2.3.2 to 2.3.3.
- [Release notes](https://github.com/closeio/ciso8601/releases)
- [Changelog](https://github.com/closeio/ciso8601/blob/master/CHANGELOG.md)
- [Commits](https://github.com/closeio/ciso8601/compare/v2.3.2...v2.3.3)

---
updated-dependencies:
- dependency-name: ciso8601
  dependency-version: 2.3.3
  dependency-type: direct:production
  update-type: version-update:semver-patch
...

Signed-off-by: dependabot[bot] <support@github.com>
Co-authored-by: dependabot[bot] <49699333+dependabot[bot]@users.noreply.github.com>"
home-assistant/supervisor,dbce22bd08951403a3bdf7295080cd2396397fa6,2025-08,7,post,2025-08-21T10:01:52+02:00,2025-08-21T10:01:52+02:00,dependabot[bot],49699333+dependabot[bot]@users.noreply.github.com,GitHub,noreply@github.com,1,0,1,1,1,0,0,0,,,,,dependabot,0,6117,Bump codecov/codecov-action from 5.4.3 to 5.5.0 (#6117),"Bump codecov/codecov-action from 5.4.3 to 5.5.0 (#6117)

Bumps [codecov/codecov-action](https://github.com/codecov/codecov-action) from 5.4.3 to 5.5.0.
- [Release notes](https://github.com/codecov/codecov-action/releases)
- [Changelog](https://github.com/codecov/codecov-action/blob/main/CHANGELOG.md)
- [Commits](https://github.com/codecov/codecov-action/compare/v5.4.3...v5.5.0)

---
updated-dependencies:
- dependency-name: codecov/codecov-action
  dependency-version: 5.5.0
  dependency-type: direct:production
  update-type: version-update:semver-minor
...

Signed-off-by: dependabot[bot] <support@github.com>
Co-authored-by: dependabot[bot] <49699333+dependabot[bot]@users.noreply.github.com>"
home-assistant/supervisor,8e8d77d90c1419ab43232ced9cd45932055dffb2,2025-08,7,post,2025-08-22T10:37:41+02:00,2025-08-22T10:37:41+02:00,dependabot[bot],49699333+dependabot[bot]@users.noreply.github.com,GitHub,noreply@github.com,1,0,1,1,1,0,0,0,,,,,dependabot,0,6123,Bump types-docker from 7.1.0.20250809 to 7.1.0.20250822 (#6123),"Bump types-docker from 7.1.0.20250809 to 7.1.0.20250822 (#6123)

Bumps [types-docker](https://github.com/typeshed-internal/stub_uploader) from 7.1.0.20250809 to 7.1.0.20250822.
- [Commits](https://github.com/typeshed-internal/stub_uploader/commits)

---
updated-dependencies:
- dependency-name: types-docker
  dependency-version: 7.1.0.20250822
  dependency-type: direct:production
  update-type: version-update:semver-patch
...

Signed-off-by: dependabot[bot] <support@github.com>
Co-authored-by: dependabot[bot] <49699333+dependabot[bot]@users.noreply.github.com>"
home-assistant/supervisor,9740de7a83b2a5d1329a92ffffc5d7a7960ea0cf,2025-08,7,post,2025-08-22T10:37:56+02:00,2025-08-22T10:37:56+02:00,dependabot[bot],49699333+dependabot[bot]@users.noreply.github.com,GitHub,noreply@github.com,1,0,1,1,1,0,0,0,,,,,dependabot,0,6122,Bump ruff from 0.12.9 to 0.12.10 (#6122),"Bump ruff from 0.12.9 to 0.12.10 (#6122)

Bumps [ruff](https://github.com/astral-sh/ruff) from 0.12.9 to 0.12.10.
- [Release notes](https://github.com/astral-sh/ruff/releases)
- [Changelog](https://github.com/astral-sh/ruff/blob/main/CHANGELOG.md)
- [Commits](https://github.com/astral-sh/ruff/compare/0.12.9...0.12.10)

---
updated-dependencies:
- dependency-name: ruff
  dependency-version: 0.12.10
  dependency-type: direct:production
  update-type: version-update:semver-patch
...

Signed-off-by: dependabot[bot] <support@github.com>
Co-authored-by: dependabot[bot] <49699333+dependabot[bot]@users.noreply.github.com>"
home-assistant/supervisor,1fb15772d776c09a8a9284be6c4fd388b1d7103e,2025-08,7,post,2025-08-22T10:38:41+02:00,2025-08-22T10:38:41+02:00,ue9acf10ae3811d11,ue9acf10ae3811d11@users.invalid,GitHub,noreply@github.com,1,0,2,219,5,1,38,5,,,,,,0,6119,Fix docker_config check for add-ons (#6119),"Fix docker_config check for add-ons (#6119)

* Fix docker_config check to ignore Docker VOLUME mounts

Only validate /media and /share mounts that are explicitly configured
in add-on map_volumes, not those created by Docker VOLUME statements.

* Check and test with custom map targets"
home-assistant/supervisor,207b665e1d608cf70d33e6360b5583647231cce0,2025-08,7,post,2025-08-22T10:41:10+02:00,2025-08-22T04:41:10-04:00,ue1fc990c4f6dfd9c,ue1fc990c4f6dfd9c@users.invalid,GitHub,noreply@github.com,1,0,13,799,20,5,217,12,,,,,,0,6102,Send progress updates during image pull for install/update (#6102),"Send progress updates during image pull for install/update (#6102)

* Send progress updates during image pull for install/update

* Add extra to tests about job APIs

* Sent out of date progress to sentry and combine done event

* Pulling container image layer"
home-assistant/supervisor,3fc1abf661193e989e3bd84ad235f870b8e7d6a3,2025-08,7,post,2025-08-22T10:54:17+02:00,2025-08-22T10:54:17+02:00,dependabot[bot],49699333+dependabot[bot]@users.noreply.github.com,GitHub,noreply@github.com,1,0,1,1,1,0,0,0,,,,,dependabot,0,6121,Bump types-pyyaml from 6.0.12.20250809 to 6.0.12.20250822 (#6121),"Bump types-pyyaml from 6.0.12.20250809 to 6.0.12.20250822 (#6121)

Bumps [types-pyyaml](https://github.com/typeshed-internal/stub_uploader) from 6.0.12.20250809 to 6.0.12.20250822.
- [Commits](https://github.com/typeshed-internal/stub_uploader/commits)

---
updated-dependencies:
- dependency-name: types-pyyaml
  dependency-version: 6.0.12.20250822
  dependency-type: direct:production
  update-type: version-update:semver-patch
...

Signed-off-by: dependabot[bot] <support@github.com>
Co-authored-by: dependabot[bot] <49699333+dependabot[bot]@users.noreply.github.com>"
home-assistant/supervisor,8a95113ebd18bf4a5a3cae557732f91bf60be13e,2025-08,7,post,2025-08-22T11:09:39+02:00,2025-08-22T11:09:39+02:00,ue9acf10ae3811d11,ue9acf10ae3811d11@users.invalid,GitHub,noreply@github.com,1,0,19,553,78,5,70,24,,,,,,0,6094,Improve VLAN configuration (#6094),"Improve VLAN configuration (#6094)

* Fix NetworkManager connection name for VLANs

The connection name for VLANs should include the parent interface name
for better identification. This was originally the intention, but the
interface object's name property was used which appears empty at that
point.

* Disallow creating multiple connections for the same VLAN id

Only allow a single connection per interface and VLAN id. The regular
network commands can be used to alter the configuration.

* Fix pytest

* Simply connection id name generation

Always rely on the Supervisor interface representation's name attribute
to generate the NetworkManager connection id. Make sure that the name
is correctly set when creating VLAN interfaces as well.

* Special case VLAN configuration

We can't use the match information when comparing Supervisor interface
representation with D-Bus representations. Special case VLAN and
compare using VLAN ID and parent interface.

Note that this currently compares connection UUID of the parent
interface.

* Fix pytest

* Separate VLAN creation logic from apply_changes

Apply changes is really all about updating the NetworkManager settings
of a particular network interface. The base in apply_changes() is
NetworkInterface class, which is the NetworkManager Device abstraction.
All physical interfaces have such a Device hence it is always present.

The only exception is when creating a VLAN: Since it is a virtual
device, there is no device when creating a VLAN.

This separate the two cases. This makes it much easier to reason if
a VLAN already exists or not, and to handle the case where a VLAN
needs to be created.

For all other network interfaces, the apply_changes() method can
now rely on the presence of the NetworkInterface Device abstraction.

* Add VLAN test interface and VLAN exists test

Add a test which checks that an error gets raised when a VLAN for a
particular interface/id combination already exists.

* Address pylint

* Fix test_ignore_veth_only_changes pytest

* Make VLAN interface disabled to avoid test issues

* Reference setting 38 in mocked connection

* Make sure interface type matches

Require a interface type match before doing any comparision.

* Add Supervisor host network configuration tests

* Fix device type checking

* Fix pytest

* Fix tests by taking VLAN interface into account

* Fix test_load_with_network_connection_issues

This seems like a hack, but it turns out that the additional active
connection caused coresys.host.network.update() to be called, which
implicitly ""fake"" activated the connection. Now it seems that our
mocking causes IPv4 gateway to be set.

So in a way, the test checked a particular mock behavior instead of
actual intention.

The crucial part of this test is that we make sure the settings remain
unchanged. This is done by ensuring that the the method is still auto.

* Fix test_check_network_interface_ipv4.py

Now that we have the VLAN interface active too it will raise an issue
as well.

* Apply suggestions from code review

Co-authored-by: ue1fc990c4f6dfd9c <ue1fc990c4f6dfd9c@users.invalid>

* Fix ruff check issue

---------

Co-authored-by: ue1fc990c4f6dfd9c <ue1fc990c4f6dfd9c@users.invalid>"
home-assistant/supervisor,2d12920b35e7314cfd1fb4f26b12d24ffe50232a,2025-08,7,post,2025-08-22T11:09:56+02:00,2025-08-22T11:09:56+02:00,ue9acf10ae3811d11,ue9acf10ae3811d11@users.invalid,GitHub,noreply@github.com,1,0,10,128,15,8,49,14,,,,,,0,6098,Stop refreshing the update information on outdated OS versions (#6098),"Stop refreshing the update information on outdated OS versions (#6098)

* Stop refreshing the update information on outdated OS versions

Add `JobCondition.OS_SUPPORTED` to the updater job to avoid
refreshing update information when the OS version is unsupported.

This effectively freezes installations on unsupported OS versions
and blocks Supervisor updates. Once deployed, this ensures that any
Supervisor will always run on at least the minimum supported OS
version.

This requires to move the OS version check before Supervisor updater
initialization to allow the `JobCondition.OS_SUPPORTED` to work
correctly.

* Run only OS version check in setup loads

Instead of running a full system evaluation, only run the OS version
check right after the OS manager is loaded. This allows the
updater job condition to work correctly without running the full
system evaluation, which is not needed at this point.

* Prevent Core and Add-on updates on unsupported OS versions

Also prevent Home Assistant Core and Add-on updates on unsupported OS
versions. We could imply `JobCondition.SUPERVISOR_UPDATED` whenever
OS is outdated, but this would also prevent the OS update itself. So
we need this separate condition everywhere where
`JobCondition.SUPERVISOR_UPDATED` is used except for OS updates.

It should also be safe to let the add-on store update, we simply
don't allow the add-on to be installed or updated if the OS is
outdated.

* Remove unnecessary Host info update

It seems that the CPE information are already loaded in the HostInfo
object. Remove the unnecessary update call.

* Fix pytest

* Delay refreshing of update data

Delay refreshing of update data until after setup phase. This allows to
use the JobCondition.OS_SUPPORTED safely. We still have to fetch the
updater data in case OS information is outdated. This typically happens
on device wipe.

Note also that plug-ins will automatically refresh updater data in case
it is missing the latest version information.

This will reverse the order of updates when there are new plug-in and
Supervisor update information available (e.g. on first startup):
Previously the updater data got refreshed before the plug-in started,
which caused them to update first. Then the Supervisor got update in
startup phase. Now the updater data gets refreshed in startup phase,
which then causes the Supervisor to update first before the plug-ins
get updated after Supervisor restart.

* Fix pytest

* Fix updater tests

* Add new tests to verify that updater reload is skipped

* Fix pylint

* Apply suggestions from code review

Co-authored-by: ue1fc990c4f6dfd9c <ue1fc990c4f6dfd9c@users.invalid>

* Add debug message when we delay version fetch

---------

Co-authored-by: ue1fc990c4f6dfd9c <ue1fc990c4f6dfd9c@users.invalid>"
home-assistant/supervisor,b889f94ca465389b76d6a9b33213781317f72ee6,2025-08,7,post,2025-08-25T14:13:13+02:00,2025-08-25T14:13:13+02:00,dependabot[bot],49699333+dependabot[bot]@users.noreply.github.com,GitHub,noreply@github.com,1,0,1,1,1,0,0,0,,,,,dependabot,0,6125,Bump coverage from 7.10.4 to 7.10.5 (#6125),"Bump coverage from 7.10.4 to 7.10.5 (#6125)

Bumps [coverage](https://github.com/nedbat/coveragepy) from 7.10.4 to 7.10.5.
- [Release notes](https://github.com/nedbat/coveragepy/releases)
- [Changelog](https://github.com/nedbat/coveragepy/blob/master/CHANGES.rst)
- [Commits](https://github.com/nedbat/coveragepy/compare/7.10.4...7.10.5)

---
updated-dependencies:
- dependency-name: coverage
  dependency-version: 7.10.5
  dependency-type: direct:production
  update-type: version-update:semver-patch
...

Signed-off-by: dependabot[bot] <support@github.com>
Co-authored-by: dependabot[bot] <49699333+dependabot[bot]@users.noreply.github.com>"
home-assistant/supervisor,580c3273dc9a8bacfd0bd8f7af30f79ff25aeb20,2025-08,7,post,2025-08-25T19:47:47+02:00,2025-08-25T19:47:47+02:00,uc99e7580c7a8e9ca,uc99e7580c7a8e9ca@users.invalid,GitHub,noreply@github.com,1,0,1,1,1,1,1,1,,,,,,0,6127,Fix guarding of timezone setting for older OS 16.2 dev builds (#6127),"Fix guarding of timezone setting for older OS 16.2 dev builds (#6127)

As some 16.2 dev versions did not support setting of the timezone yet,
if they were not updated before the Supervisor #6099 was merged, the
system could end up unhealthy as setting of the timezone during setup
fails there. This would prevent such systems from being updated to the
new OS version.

Now that we know an exact OS version with TZ setting support, only
attempt doing it if it's supported."
home-assistant/supervisor,3a1ebc9d37117d101e565b9ac1cf483456ae3507,2025-08,7,post,2025-08-25T22:24:46+02:00,2025-08-25T22:24:46+02:00,ue9acf10ae3811d11,ue9acf10ae3811d11@users.invalid,GitHub,noreply@github.com,1,0,2,55,2,1,15,2,,,,,,0,6126,Handle malformed addon map entries gracefully (#6126),"Handle malformed addon map entries gracefully (#6126)

* Handle missing type attribute in add-on map config

Handle missing type attribute in the add-on `map` configuration key.

* Make sure wrong volumes are cleared in any case

Also add warning when string mapping is rejected.

* Add unit tests

* Improve test coverage"
home-assistant/supervisor,9900dfc8ca7da830b548a26dfcc3ee22e76f629e,2025-08,7,post,2025-08-25T22:25:38+02:00,2025-08-25T16:25:38-04:00,ue1fc990c4f6dfd9c,ue1fc990c4f6dfd9c@users.invalid,GitHub,noreply@github.com,1,0,2,131,2,1,1,2,,,,,,0,6129,Do not skip messages in pull progress log due to rounding (#6129),Do not skip messages in pull progress log due to rounding (#6129)
home-assistant/supervisor,78be155b94a19962304509c7dc9200a660b733ad,2025-08,7,post,2025-08-25T23:20:00+02:00,2025-08-25T17:20:00-04:00,ue1fc990c4f6dfd9c,ue1fc990c4f6dfd9c@users.invalid,GitHub,noreply@github.com,1,0,4,291,4,2,20,4,,,,,,0,6131,Handle download retart in pull progres log (#6131),Handle download retart in pull progres log (#6131)
home-assistant/supervisor,b69546f2c1503a9f5cb93b1cbb1b16b5b94031b3,2025-08,7,post,2025-08-27T16:13:52+02:00,2025-08-27T16:13:52+02:00,dependabot[bot],49699333+dependabot[bot]@users.noreply.github.com,GitHub,noreply@github.com,1,0,1,1,1,0,0,0,,,,,dependabot,0,6135,Bump orjson from 3.11.2 to 3.11.3 (#6135),"Bump orjson from 3.11.2 to 3.11.3 (#6135)

Bumps [orjson](https://github.com/ijl/orjson) from 3.11.2 to 3.11.3.
- [Release notes](https://github.com/ijl/orjson/releases)
- [Changelog](https://github.com/ijl/orjson/blob/master/CHANGELOG.md)
- [Commits](https://github.com/ijl/orjson/compare/3.11.2...3.11.3)

---
updated-dependencies:
- dependency-name: orjson
  dependency-version: 3.11.3
  dependency-type: direct:production
  update-type: version-update:semver-patch
...

Signed-off-by: dependabot[bot] <support@github.com>
Co-authored-by: dependabot[bot] <49699333+dependabot[bot]@users.noreply.github.com>"
home-assistant/supervisor,00a78f372bf0e76e3524fc1579e47973ddf0a52c,2025-08,7,post,2025-08-28T10:15:32+02:00,2025-08-28T10:15:32+02:00,ue9acf10ae3811d11,ue9acf10ae3811d11@users.invalid,GitHub,noreply@github.com,1,0,1,1,0,1,1,0,,,,,,0,6137,Fix ConnectionResetError during ingress proxing (#6137),"Fix ConnectionResetError during ingress proxing (#6137)

Under certain (timing) conditions ConnectionResetError can be raised
when the client closes the connection while we are still writing to it.
Make sure to handle the appropriate exceptions to avoid flooding the
logs with stack traces."
home-assistant/supervisor,30db72df78faf500422015be635be4507be953e4,2025-08,7,post,2025-08-28T10:18:46+02:00,2025-08-28T10:18:46+02:00,ue9acf10ae3811d11,ue9acf10ae3811d11@users.invalid,GitHub,noreply@github.com,1,0,1,19,15,1,19,15,,,,,,0,6138,Add WebSocket proxy timeout handling (#6138),"Add WebSocket proxy timeout handling (#6138)

Add TimeoutError handling for WebSocket connections to add-ons. Also
log debug information for WebSocket proxy connections."
home-assistant/supervisor,3c39f2f785069bbd0c8610e3b635ec63a33cd63b,2025-08,7,post,2025-08-28T10:31:03+02:00,2025-08-28T10:31:03+02:00,dependabot[bot],49699333+dependabot[bot]@users.noreply.github.com,GitHub,noreply@github.com,1,0,1,1,1,0,0,0,,,,,dependabot,0,6139,Bump sentry-sdk from 2.35.0 to 2.35.1 (#6139),"Bump sentry-sdk from 2.35.0 to 2.35.1 (#6139)

Co-authored-by: dependabot[bot] <49699333+dependabot[bot]@users.noreply.github.com>"
home-assistant/supervisor,f84d514958403761e30e58992e3dbaa61aaaeec2,2025-08,7,post,2025-08-29T11:15:52+02:00,2025-08-29T11:15:52+02:00,dependabot[bot],49699333+dependabot[bot]@users.noreply.github.com,GitHub,noreply@github.com,1,0,1,1,1,0,0,0,,,,,dependabot,0,6141,Bump ruff from 0.12.10 to 0.12.11 (#6141),"Bump ruff from 0.12.10 to 0.12.11 (#6141)

Co-authored-by: dependabot[bot] <49699333+dependabot[bot]@users.noreply.github.com>"
home-assistant/supervisor,5ce62f324f9082798f2357ab09e18cdb361ba9bf,2025-09,8,post,2025-09-01T14:05:57+02:00,2025-09-01T14:05:57+02:00,dependabot[bot],49699333+dependabot[bot]@users.noreply.github.com,GitHub,noreply@github.com,1,0,1,1,1,0,0,0,,,,,dependabot,0,6145,Bump coverage from 7.10.5 to 7.10.6 (#6145),"Bump coverage from 7.10.5 to 7.10.6 (#6145)

Co-authored-by: dependabot[bot] <49699333+dependabot[bot]@users.noreply.github.com>"
home-assistant/supervisor,9392d10625dd88fef80a5f9bbbd8f5c717010e69,2025-09,8,post,2025-09-03T08:33:00+02:00,2025-09-03T02:33:00-04:00,ue1fc990c4f6dfd9c,ue1fc990c4f6dfd9c@users.invalid,GitHub,noreply@github.com,1,0,9,333,68,7,153,67,,,,,,0,6134,Add background option to update/install APIs (#6134),"Add background option to update/install APIs (#6134)

* Add background option to update/install APIs

* Refactor to use common background_task utility in backups too

* Use a validation_complete event rather then looking for bus events"
home-assistant/supervisor,cae31637aef5b320c496c92801cc85859f314162,2025-09,8,post,2025-09-03T11:21:12+02:00,2025-09-03T11:21:12+02:00,dependabot[bot],49699333+dependabot[bot]@users.noreply.github.com,GitHub,noreply@github.com,1,0,1,1,1,0,0,0,,,,,dependabot,0,6149,Bump cryptography from 45.0.6 to 45.0.7 (#6149),"Bump cryptography from 45.0.6 to 45.0.7 (#6149)

Co-authored-by: dependabot[bot] <49699333+dependabot[bot]@users.noreply.github.com>"
home-assistant/supervisor,ef313d1fb5e0133b9e880353c3516ea4b750cb84,2025-09,8,post,2025-09-03T13:50:48+02:00,2025-09-03T13:50:48+02:00,dependabot[bot],49699333+dependabot[bot]@users.noreply.github.com,GitHub,noreply@github.com,1,0,1,1,1,0,0,0,,,,,dependabot,0,6150,Bump sentry-sdk from 2.35.1 to 2.35.2 (#6150),"Bump sentry-sdk from 2.35.1 to 2.35.2 (#6150)

Bumps [sentry-sdk](https://github.com/getsentry/sentry-python) from 2.35.1 to 2.35.2.
- [Release notes](https://github.com/getsentry/sentry-python/releases)
- [Changelog](https://github.com/getsentry/sentry-python/blob/master/CHANGELOG.md)
- [Commits](https://github.com/getsentry/sentry-python/compare/2.35.1...2.35.2)

---
updated-dependencies:
- dependency-name: sentry-sdk
  dependency-version: 2.35.2
  dependency-type: direct:production
  update-type: version-update:semver-patch
...

Signed-off-by: dependabot[bot] <support@github.com>
Co-authored-by: dependabot[bot] <49699333+dependabot[bot]@users.noreply.github.com>"
home-assistant/supervisor,3d62c9afb1a1f45b02f72a46e7fa1c84e0f12fab,2025-09,8,post,2025-09-03T17:55:28+02:00,2025-09-03T17:55:28+02:00,uc99e7580c7a8e9ca,uc99e7580c7a8e9ca@users.invalid,GitHub,noreply@github.com,1,0,1,53,27,0,0,0,,,,,,0,6153,Make test_job_decorator tests timezone agnostic (#6153),"Make test_job_decorator tests timezone agnostic (#6153)

Running tests in UTC+2 timezone makes some of the tests fail because the
mocked time in the future is actually in the past, as UTC is used as the
new reference point. Adjust the tests to mock also the time when the
first execution of function happens.

Instances where the second execution happened ""immediately"" were mocked
to happen 1ms later. The 1ms delta is also needed to be added when
mocking time 1h in the future, otherwise it will be throttled too."
home-assistant/supervisor,8d3ededf2f974e73e4ab0ba0081b3d9367ae300a,2025-09,8,post,2025-09-04T11:02:34+02:00,2025-09-04T11:02:34+02:00,ue9acf10ae3811d11,ue9acf10ae3811d11@users.invalid,GitHub,noreply@github.com,1,0,9,12,12,9,12,12,,,,,,0,6151,Update NM developer page URL (#6151),"Update NM developer page URL (#6151)

* Update NM developer page URL

* Update remaining NetworkManager URLs to new location"
home-assistant/supervisor,a3a5f6ba98be96d1b7a9fd863a378f800ef9701f,2025-09,8,post,2025-09-04T11:12:42+02:00,2025-09-04T06:12:42-03:00,u37f8e2599d813ef3,u37f8e2599d813ef3@users.invalid,GitHub,noreply@github.com,1,0,1,2,2,1,2,2,,,,,,0,6144,Fix WebSocket proxy for add-ons not forwarding ping/pong frame data (#6144),"Fix WebSocket proxy for add-ons not forwarding ping/pong frame data (#6144)

* Fix proxied add-on WebSocket connections closing after 40 seconds

* Undo autoping=True

* Add debug logging for ping/pong frames

* Foward ping and pong msg.data too

* Add temporary workaround for devcontainer issue

* Forward 8000 through docker devcontainer

* Remove debug code"
home-assistant/supervisor,7ed83a15fe3008bef18e3c73e6faa2e93e4ebe91,2025-09,8,post,2025-09-04T11:14:42+02:00,2025-09-04T05:14:42-04:00,ue1fc990c4f6dfd9c,ue1fc990c4f6dfd9c@users.invalid,GitHub,noreply@github.com,1,0,10,360,24,8,131,21,,,,,,0,6140,Add availability API for addons (#6140),"Add availability API for addons (#6140)

* Add availability API for addons

* Add cast back and test for latest version of installed addon

* Make error responses more translation/client library friendly

* Add test cases for install/update APIs"
home-assistant/supervisor,236c39cbb078e1b87d14e1342305c15c8234e2a7,2025-09,8,post,2025-09-04T13:18:11+02:00,2025-09-04T13:18:11+02:00,ub2b4e131334258a6,ub2b4e131334258a6@users.invalid,GitHub,noreply@github.com,1,0,11,157,7,8,100,3,,,,,,0,5520,Add network interface settings for mDNS/LLMNR (#5520),Add network interface settings for mDNS/LLMNR (#5520)
home-assistant/supervisor,c277f3cad649f0e0984865cdeb1a8848d83d6aa6,2025-09,8,post,2025-09-04T13:19:31+02:00,2025-09-04T13:19:31+02:00,ue9acf10ae3811d11,ue9acf10ae3811d11@users.invalid,GitHub,noreply@github.com,1,0,4,44,14,3,43,13,,B,copilot,trailer,,0,6152,Store and persist OS upgrade map to fix update path evaluation (#6152),"Store and persist OS upgrade map to fix update path evaluation (#6152)

* Store and persist OS upgrade map to fix update path evaluation

The existing logic calculated OS upgrade paths inline during fetch_data,
which will not get reevaluted when the current OS is unsupported
(JobCondition.OS_SUPPORTED). E.g. after updating from 11.4 to 11.5, the
system wouldn't offer the next available update (15.2) because the
upgrade path calculation relied on fresh data from the blocked fetch
operation.

Changes:
- Add ATTR_HASSOS_UPGRADE constant and schema validation
- Store hassos-upgrade map from version JSON in updater data
- Refactor version_hassos property to use stored upgrade map instead of
  inline calculation during fetch_data
- Maintain upgrade path logic: upgrade within major version first, then
  jump to next major version when at the latest in current major
- Add type safety checks for version.major access

This ensures upgrade paths work correctly even when update data refresh
is blocked due to unsupported OS versions, fixing the scenario where
HAOS 11.5 wouldn't show 15.2 as the next available update.

* Update supervisor/updater.py

Co-authored-by: Copilot <175728472+Copilot@users.noreply.github.com>

* Address mypy issue

* Fix pytest

---------

Co-authored-by: Copilot <175728472+Copilot@users.noreply.github.com>"
home-assistant/supervisor,8beb66d46c9301e5dd21b8761257120448d7d2ca,2025-09,8,post,2025-09-04T14:40:42+02:00,2025-09-04T14:40:42+02:00,dependabot[bot],49699333+dependabot[bot]@users.noreply.github.com,GitHub,noreply@github.com,1,0,2,10,10,0,0,0,,,,,dependabot,0,6156,Bump actions/setup-python from 5.6.0 to 6.0.0 (#6156),"Bump actions/setup-python from 5.6.0 to 6.0.0 (#6156)

Bumps [actions/setup-python](https://github.com/actions/setup-python) from 5.6.0 to 6.0.0.
- [Release notes](https://github.com/actions/setup-python/releases)
- [Commits](https://github.com/actions/setup-python/compare/v5.6.0...v6.0.0)

---
updated-dependencies:
- dependency-name: actions/setup-python
  dependency-version: 6.0.0
  dependency-type: direct:production
  update-type: version-update:semver-major
...

Signed-off-by: dependabot[bot] <support@github.com>
Co-authored-by: dependabot[bot] <49699333+dependabot[bot]@users.noreply.github.com>"
home-assistant/supervisor,38611ad12fdf102583f27d036b898c35e9161d08,2025-09,8,post,2025-09-04T14:40:56+02:00,2025-09-04T14:40:56+02:00,dependabot[bot],49699333+dependabot[bot]@users.noreply.github.com,GitHub,noreply@github.com,1,0,1,1,1,0,0,0,,,,,dependabot,0,6155,Bump actions/stale from 9.1.0 to 10.0.0 (#6155),"Bump actions/stale from 9.1.0 to 10.0.0 (#6155)

Bumps [actions/stale](https://github.com/actions/stale) from 9.1.0 to 10.0.0.
- [Release notes](https://github.com/actions/stale/releases)
- [Changelog](https://github.com/actions/stale/blob/main/CHANGELOG.md)
- [Commits](https://github.com/actions/stale/compare/v9.1.0...v10.0.0)

---
updated-dependencies:
- dependency-name: actions/stale
  dependency-version: 10.0.0
  dependency-type: direct:production
  update-type: version-update:semver-major
...

Signed-off-by: dependabot[bot] <support@github.com>
Co-authored-by: dependabot[bot] <49699333+dependabot[bot]@users.noreply.github.com>"
home-assistant/supervisor,e065ba6081a615db181ee01d9d941509126bed23,2025-09,8,post,2025-09-05T09:52:53+02:00,2025-09-05T09:52:53+02:00,dependabot[bot],49699333+dependabot[bot]@users.noreply.github.com,GitHub,noreply@github.com,1,0,1,1,1,0,0,0,,,,,dependabot,0,6160,Bump pytest from 8.4.1 to 8.4.2 (#6160),"Bump pytest from 8.4.1 to 8.4.2 (#6160)

Bumps [pytest](https://github.com/pytest-dev/pytest) from 8.4.1 to 8.4.2.
- [Release notes](https://github.com/pytest-dev/pytest/releases)
- [Changelog](https://github.com/pytest-dev/pytest/blob/main/CHANGELOG.rst)
- [Commits](https://github.com/pytest-dev/pytest/compare/8.4.1...8.4.2)

---
updated-dependencies:
- dependency-name: pytest
  dependency-version: 8.4.2
  dependency-type: direct:production
  update-type: version-update:semver-patch
...

Signed-off-by: dependabot[bot] <support@github.com>
Co-authored-by: dependabot[bot] <49699333+dependabot[bot]@users.noreply.github.com>"
home-assistant/supervisor,f69071878c38b596653429f038c49afec70567a1,2025-09,8,post,2025-09-05T09:54:09+02:00,2025-09-05T09:54:09+02:00,dependabot[bot],49699333+dependabot[bot]@users.noreply.github.com,GitHub,noreply@github.com,1,0,1,1,1,0,0,0,,,,,dependabot,0,6162,Bump sentry-sdk from 2.35.2 to 2.36.0 (#6162),"Bump sentry-sdk from 2.35.2 to 2.36.0 (#6162)

Bumps [sentry-sdk](https://github.com/getsentry/sentry-python) from 2.35.2 to 2.36.0.
- [Release notes](https://github.com/getsentry/sentry-python/releases)
- [Changelog](https://github.com/getsentry/sentry-python/blob/master/CHANGELOG.md)
- [Commits](https://github.com/getsentry/sentry-python/compare/2.35.2...2.36.0)

---
updated-dependencies:
- dependency-name: sentry-sdk
  dependency-version: 2.36.0
  dependency-type: direct:production
  update-type: version-update:semver-minor
...

Signed-off-by: dependabot[bot] <support@github.com>
Co-authored-by: dependabot[bot] <49699333+dependabot[bot]@users.noreply.github.com>"
home-assistant/supervisor,b832edc10d60166cccc1e876d2c23bd850dc3c79,2025-09,8,post,2025-09-05T09:54:33+02:00,2025-09-05T09:54:33+02:00,dependabot[bot],49699333+dependabot[bot]@users.noreply.github.com,GitHub,noreply@github.com,1,0,1,1,1,0,0,0,,,,,dependabot,0,6159,Bump codecov/codecov-action from 5.5.0 to 5.5.1 (#6159),"Bump codecov/codecov-action from 5.5.0 to 5.5.1 (#6159)

Bumps [codecov/codecov-action](https://github.com/codecov/codecov-action) from 5.5.0 to 5.5.1.
- [Release notes](https://github.com/codecov/codecov-action/releases)
- [Changelog](https://github.com/codecov/codecov-action/blob/main/CHANGELOG.md)
- [Commits](https://github.com/codecov/codecov-action/compare/v5.5.0...v5.5.1)

---
updated-dependencies:
- dependency-name: codecov/codecov-action
  dependency-version: 5.5.1
  dependency-type: direct:production
  update-type: version-update:semver-patch
...

Signed-off-by: dependabot[bot] <support@github.com>
Co-authored-by: dependabot[bot] <49699333+dependabot[bot]@users.noreply.github.com>"
home-assistant/supervisor,3397def8b9c09356cc17d6d4de4c191dd340e053,2025-09,8,post,2025-09-05T09:55:13+02:00,2025-09-05T09:55:13+02:00,dependabot[bot],49699333+dependabot[bot]@users.noreply.github.com,GitHub,noreply@github.com,1,0,1,1,1,0,0,0,,,,,dependabot,0,6158,Bump actions/github-script from 7 to 8 (#6158),"Bump actions/github-script from 7 to 8 (#6158)

Bumps [actions/github-script](https://github.com/actions/github-script) from 7 to 8.
- [Release notes](https://github.com/actions/github-script/releases)
- [Commits](https://github.com/actions/github-script/compare/v7...v8)

---
updated-dependencies:
- dependency-name: actions/github-script
  dependency-version: '8'
  dependency-type: direct:production
  update-type: version-update:semver-major
...

Signed-off-by: dependabot[bot] <support@github.com>
Co-authored-by: dependabot[bot] <49699333+dependabot[bot]@users.noreply.github.com>"
home-assistant/supervisor,59e051ad9368ba4dc642dd3fec0844336c648b19,2025-09,8,post,2025-09-05T10:16:06+02:00,2025-09-05T10:16:06+02:00,ue9acf10ae3811d11,ue9acf10ae3811d11@users.invalid,GitHub,noreply@github.com,1,0,2,9,19,2,9,19,,,,,,0,6133,Avoid duplicate evaluate_system() calls during resolution manager setup (#6133),"Avoid duplicate evaluate_system() calls during resolution manager setup (#6133)

* Avoid duplicate evaluate_system() calls during resolution manager setup

During resolution manager initialization, both the initial healthcheck call
and the subsequent setup() call would trigger evaluate_system(), causing
redundant system evaluation. All following calls in healthcheck() are
already suppressed during the setup stage, we can optimize this by
calling check_system() directly during load() instead of the full
healthcheck().

This reduces unnecessary processing during supervisor startup while
maintaining the same functional behavior.

* Call full healthcheck on setup and move diagnostics to core start

The OS Agent diagnostics if statement accesses OS Agent through D-Bus
already. This makes the exception handling inside the if statement
not really useful.

Move OS Agent diagnostics setting to core start so we can leverage
the existing global Exception handling in start() instead of
having to add another try/except block in setup(). It also covers the
if statement itself."
home-assistant/supervisor,e6785d6a89becc2eae5d4f667e73a53171b4e207,2025-09,8,post,2025-09-05T10:31:12+02:00,2025-09-05T10:31:12+02:00,dependabot[bot],49699333+dependabot[bot]@users.noreply.github.com,GitHub,noreply@github.com,1,0,1,1,1,0,0,0,,,,,dependabot,0,6161,Bump ruff from 0.12.11 to 0.12.12 (#6161),"Bump ruff from 0.12.11 to 0.12.12 (#6161)

Bumps [ruff](https://github.com/astral-sh/ruff) from 0.12.11 to 0.12.12.
- [Release notes](https://github.com/astral-sh/ruff/releases)
- [Changelog](https://github.com/astral-sh/ruff/blob/main/CHANGELOG.md)
- [Commits](https://github.com/astral-sh/ruff/compare/0.12.11...0.12.12)

---
updated-dependencies:
- dependency-name: ruff
  dependency-version: 0.12.12
  dependency-type: direct:production
  update-type: version-update:semver-patch
...

Signed-off-by: dependabot[bot] <support@github.com>
Co-authored-by: dependabot[bot] <49699333+dependabot[bot]@users.noreply.github.com>"
home-assistant/supervisor,d1c537b28081437782ab3938b990241cc404fda5,2025-09,8,post,2025-09-08T09:28:15+02:00,2025-09-08T09:28:15+02:00,dependabot[bot],49699333+dependabot[bot]@users.noreply.github.com,GitHub,noreply@github.com,1,0,1,1,1,0,0,0,,,,,dependabot,0,6168,Bump sentry-sdk from 2.36.0 to 2.37.0 (#6168),"Bump sentry-sdk from 2.36.0 to 2.37.0 (#6168)

Bumps [sentry-sdk](https://github.com/getsentry/sentry-python) from 2.36.0 to 2.37.0.
- [Release notes](https://github.com/getsentry/sentry-python/releases)
- [Changelog](https://github.com/getsentry/sentry-python/blob/master/CHANGELOG.md)
- [Commits](https://github.com/getsentry/sentry-python/compare/2.36.0...2.37.0)

---
updated-dependencies:
- dependency-name: sentry-sdk
  dependency-version: 2.37.0
  dependency-type: direct:production
  update-type: version-update:semver-minor
...

Signed-off-by: dependabot[bot] <support@github.com>
Co-authored-by: dependabot[bot] <49699333+dependabot[bot]@users.noreply.github.com>"
home-assistant/supervisor,09cd8eede28dcc4179b0994d92401f184e09f5cb,2025-09,8,post,2025-09-08T09:28:24+02:00,2025-09-08T09:28:24+02:00,dependabot[bot],49699333+dependabot[bot]@users.noreply.github.com,GitHub,noreply@github.com,1,0,1,1,1,0,0,0,,,,,dependabot,0,6166,Bump types-docker from 7.1.0.20250822 to 7.1.0.20250907 (#6166),"Bump types-docker from 7.1.0.20250822 to 7.1.0.20250907 (#6166)

Bumps [types-docker](https://github.com/typeshed-internal/stub_uploader) from 7.1.0.20250822 to 7.1.0.20250907.
- [Commits](https://github.com/typeshed-internal/stub_uploader/commits)

---
updated-dependencies:
- dependency-name: types-docker
  dependency-version: 7.1.0.20250907
  dependency-type: direct:production
  update-type: version-update:semver-patch
...

Signed-off-by: dependabot[bot] <support@github.com>
Co-authored-by: dependabot[bot] <49699333+dependabot[bot]@users.noreply.github.com>"
home-assistant/supervisor,e38ca5acb4591dd664eb245c397008970ffbbca5,2025-09,8,post,2025-09-08T09:28:31+02:00,2025-09-08T09:28:31+02:00,dependabot[bot],49699333+dependabot[bot]@users.noreply.github.com,GitHub,noreply@github.com,1,0,1,1,1,0,0,0,,,,,dependabot,0,6167,Bump pytest-cov from 6.2.1 to 6.3.0 (#6167),"Bump pytest-cov from 6.2.1 to 6.3.0 (#6167)

Bumps [pytest-cov](https://github.com/pytest-dev/pytest-cov) from 6.2.1 to 6.3.0.
- [Changelog](https://github.com/pytest-dev/pytest-cov/blob/master/CHANGELOG.rst)
- [Commits](https://github.com/pytest-dev/pytest-cov/compare/v6.2.1...v6.3.0)

---
updated-dependencies:
- dependency-name: pytest-cov
  dependency-version: 6.3.0
  dependency-type: direct:production
  update-type: version-update:semver-minor
...

Signed-off-by: dependabot[bot] <support@github.com>
Co-authored-by: dependabot[bot] <49699333+dependabot[bot]@users.noreply.github.com>"
home-assistant/supervisor,87fc84c65c5ac035f07eeae68b034b67e6565656,2025-09,8,post,2025-09-08T11:29:44+02:00,2025-09-08T11:29:44+02:00,ue9acf10ae3811d11,ue9acf10ae3811d11@users.invalid,GitHub,noreply@github.com,1,0,1,1,2,1,1,2,,,,,,0,6169,Avoid setup failure on missing timedatectl (#6169),"Avoid setup failure on missing timedatectl (#6169)

When timedatectl is not available (e.g. in minimal devcontainers),
the code currently fails to setup due to missing timedate service on
D-Bus. This change makes the code more robust by checking only checking
for the presence of the service if we actually going to use it."
home-assistant/supervisor,859c32a706df1ebec64622005a4e8f27ba33e637,2025-09,8,post,2025-09-08T15:04:24-04:00,2025-09-08T21:04:24+02:00,ue9acf10ae3811d11,ue9acf10ae3811d11@users.invalid,GitHub,noreply@github.com,1,0,1,0,1,1,0,1,,,,,,0,6172,Drop unused coud backup dir constant (#6172),"Drop unused coud backup dir constant (#6172)

The constant PATH_CLOUD_BACKUP is not used anywhere in the codebase.
Remove it to clean up the code. This is a leftover from a removed
initial cloud backup support implementation and got missed in #5464."
home-assistant/supervisor,bbb9469c1c7d83d5b9f39d5f863c6a100015dcbd,2025-09,8,post,2025-09-09T13:38:31+02:00,2025-09-09T13:38:31+02:00,uc99e7580c7a8e9ca,uc99e7580c7a8e9ca@users.invalid,GitHub,noreply@github.com,1,0,7,224,1,3,44,0,,,,,,0,6154,Write cidfiles of Docker containers and mount them individually to /run/cid (#6154),"Write cidfiles of Docker containers and mount them individually to /run/cid (#6154)

* Write cidfiles of Docker containers and mount them individually to /run/cid

There is no standard way to get the container ID in the container
itself, which can be needed for instance for #6006. The usual pattern is
to use the --cidfile argument of Docker CLI and mount the generated file
to the container. However, this is feature of Docker CLI and we can't
use it when creating the containers via API. To get container ID to
implement native logging in e.g. Core as well, we need the help of the
Supervisor.

This change implements similar feature fully in Supervisor's DockerAPI
class that orchestrates lifetime of all containers managed by
Supervisor. The files are created in the SUPERVISOR_DATA directory, as
it needs to be persisted between reboots, just as the instances of
Docker containers are.

Supervisor's cidfile must be created when starting the Supervisor
itself, for that see home-assistant/operating-system#4276.

* Address review comments, fix mounting of the cidfile"
home-assistant/supervisor,b3af22f04894e947870a0ae95b55cb8a625400cd,2025-09,8,post,2025-09-09T13:39:06+02:00,2025-09-09T14:39:06+03:00,u0cbe451e733e89e8,u0cbe451e733e89e8@users.invalid,GitHub,noreply@github.com,1,0,1,12,7,1,12,7,,,,,,0,6174,Ignore missing files when counting used space (#6174),Ignore missing files when counting used space (#6174)
home-assistant/supervisor,7e526a26af94a5ceed5a9890caeb5cf2e8208487,2025-09,8,post,2025-09-10T09:00:09+02:00,2025-09-10T09:00:09+02:00,dependabot[bot],49699333+dependabot[bot]@users.noreply.github.com,GitHub,noreply@github.com,1,0,1,1,1,0,0,0,,,,,dependabot,0,6176,Bump pytest-cov from 6.3.0 to 7.0.0 (#6176),"Bump pytest-cov from 6.3.0 to 7.0.0 (#6176)

Bumps [pytest-cov](https://github.com/pytest-dev/pytest-cov) from 6.3.0 to 7.0.0.
- [Changelog](https://github.com/pytest-dev/pytest-cov/blob/master/CHANGELOG.rst)
- [Commits](https://github.com/pytest-dev/pytest-cov/compare/v6.3.0...v7.0.0)

---
updated-dependencies:
- dependency-name: pytest-cov
  dependency-version: 7.0.0
  dependency-type: direct:production
  update-type: version-update:semver-major
...

Signed-off-by: dependabot[bot] <support@github.com>
Co-authored-by: dependabot[bot] <49699333+dependabot[bot]@users.noreply.github.com>"
home-assistant/supervisor,4513592993658cf66b886716a2b2fec2f2443ae0,2025-09,8,post,2025-09-10T09:00:16+02:00,2025-09-10T09:00:16+02:00,dependabot[bot],49699333+dependabot[bot]@users.noreply.github.com,GitHub,noreply@github.com,1,0,1,1,1,0,0,0,,,,,dependabot,0,6177,Bump sentry-sdk from 2.37.0 to 2.37.1 (#6177),"Bump sentry-sdk from 2.37.0 to 2.37.1 (#6177)

Bumps [sentry-sdk](https://github.com/getsentry/sentry-python) from 2.37.0 to 2.37.1.
- [Release notes](https://github.com/getsentry/sentry-python/releases)
- [Changelog](https://github.com/getsentry/sentry-python/blob/master/CHANGELOG.md)
- [Commits](https://github.com/getsentry/sentry-python/compare/2.37.0...2.37.1)

---
updated-dependencies:
- dependency-name: sentry-sdk
  dependency-version: 2.37.1
  dependency-type: direct:production
  update-type: version-update:semver-patch
...

Signed-off-by: dependabot[bot] <support@github.com>
Co-authored-by: dependabot[bot] <49699333+dependabot[bot]@users.noreply.github.com>"
home-assistant/supervisor,819f097f01ef598a3f7143fa27351c6823b100d1,2025-09,8,post,2025-09-11T09:08:07+02:00,2025-09-11T09:08:07+02:00,dependabot[bot],49699333+dependabot[bot]@users.noreply.github.com,GitHub,noreply@github.com,1,0,1,1,1,0,0,0,,,,,dependabot,0,6181,Bump ruff from 0.12.12 to 0.13.0 (#6181),"Bump ruff from 0.12.12 to 0.13.0 (#6181)

Bumps [ruff](https://github.com/astral-sh/ruff) from 0.12.12 to 0.13.0.
- [Release notes](https://github.com/astral-sh/ruff/releases)
- [Changelog](https://github.com/astral-sh/ruff/blob/main/CHANGELOG.md)
- [Commits](https://github.com/astral-sh/ruff/compare/0.12.12...0.13.0)

---
updated-dependencies:
- dependency-name: ruff
  dependency-version: 0.13.0
  dependency-type: direct:production
  update-type: version-update:semver-minor
...

Signed-off-by: dependabot[bot] <support@github.com>
Co-authored-by: dependabot[bot] <49699333+dependabot[bot]@users.noreply.github.com>"
home-assistant/supervisor,bd00f903041956b3a3a4d073acda0d2800bee360,2025-09,8,post,2025-09-12T09:39:13+02:00,2025-09-12T09:39:13+02:00,dependabot[bot],49699333+dependabot[bot]@users.noreply.github.com,GitHub,noreply@github.com,1,0,1,1,1,0,0,0,,,,,dependabot,0,6184,Bump mypy from 1.17.1 to 1.18.1 (#6184),"Bump mypy from 1.17.1 to 1.18.1 (#6184)

Co-authored-by: dependabot[bot] <49699333+dependabot[bot]@users.noreply.github.com>"
home-assistant/supervisor,0a46e030f5084dae1511287773012d641996ad1b,2025-09,8,post,2025-09-12T15:00:59+02:00,2025-09-12T15:00:59+02:00,ue9acf10ae3811d11,ue9acf10ae3811d11@users.invalid,GitHub,noreply@github.com,1,0,1,1,1,1,1,1,,,,,,0,6178,Bump minimal Docker to 24.0.0 (#6178),"Bump minimal Docker to 24.0.0 (#6178)

* Bump minimal Docker to 23.0.0

Home Assistant OS 10.0 update to Docker 23.0.3, lets make this
Docker version the minimum we support. This will allow us to use
zstd compression for layers (see https://github.com/home-assistant/builder/pull/245).

* Bump minimal Docker version to 24.0.0"
home-assistant/supervisor,4a40490af7709ebb62e1031db937f00870b96d23,2025-09,8,post,2025-09-14T17:54:02+02:00,2025-09-14T17:54:02+02:00,u1ca12b0e206b1603,u1ca12b0e206b1603@users.invalid,GitHub,noreply@github.com,1,0,8,61,58,0,0,0,,,,,,0,6186,Pin SHA for all Github Actions (#6186),Pin SHA for all Github Actions (#6186)
home-assistant/supervisor,5aad32c15b1b93ca2117537a5c27a196ed1472dd,2025-09,8,post,2025-09-15T08:36:51+02:00,2025-09-15T08:36:51+02:00,dependabot[bot],49699333+dependabot[bot]@users.noreply.github.com,GitHub,noreply@github.com,1,0,1,1,1,0,0,0,,,,,dependabot,0,6187,Bump types-requests from 2.32.4.20250809 to 2.32.4.20250913 (#6187),Bump types-requests from 2.32.4.20250809 to 2.32.4.20250913 (#6187)
home-assistant/supervisor,3891df5266b86fa9dee18f79b02c0f77ec77f3cc,2025-09,8,post,2025-09-15T09:44:35+02:00,2025-09-15T09:44:35+02:00,dependabot[bot],49699333+dependabot[bot]@users.noreply.github.com,GitHub,noreply@github.com,1,0,2,2,2,0,0,0,,,,,dependabot,0,6188,Bump sigstore/cosign-installer from 3.9.2 to 3.10.0 (#6188),"Bump sigstore/cosign-installer from 3.9.2 to 3.10.0 (#6188)

Co-authored-by: dependabot[bot] <49699333+dependabot[bot]@users.noreply.github.com>"
home-assistant/supervisor,5fa50ccf0501487b50f42470c27066b69300c586,2025-09,8,post,2025-09-15T11:36:09+02:00,2025-09-15T11:36:09+02:00,dependabot[bot],49699333+dependabot[bot]@users.noreply.github.com,GitHub,noreply@github.com,1,0,1,1,1,0,0,0,,,,,dependabot,0,6189,Bump types-pyyaml from 6.0.12.20250822 to 6.0.12.20250915 (#6189),"Bump types-pyyaml from 6.0.12.20250822 to 6.0.12.20250915 (#6189)

Co-authored-by: dependabot[bot] <49699333+dependabot[bot]@users.noreply.github.com>"
home-assistant/supervisor,4e882f7c760c5cf17384f674f809f44a45a3fb19,2025-09,8,post,2025-09-16T09:06:10+02:00,2025-09-16T09:06:10+02:00,dependabot[bot],49699333+dependabot[bot]@users.noreply.github.com,GitHub,noreply@github.com,1,0,1,2,2,0,0,0,,,,,dependabot,0,6190,Bump home-assistant/builder from 2025.03.0 to 2025.09.0 (#6190),Bump home-assistant/builder from 2025.03.0 to 2025.09.0 (#6190)
home-assistant/supervisor,b26451a59a2952e0d25def105fb95e257a3609e1,2025-09,8,post,2025-09-16T09:57:24+02:00,2025-09-16T09:57:24+02:00,dependabot[bot],49699333+dependabot[bot]@users.noreply.github.com,GitHub,noreply@github.com,1,0,1,1,1,0,0,0,,,,,dependabot,0,6191,Bump types-docker from 7.1.0.20250907 to 7.1.0.20250916 (#6191),"Bump types-docker from 7.1.0.20250907 to 7.1.0.20250916 (#6191)

Co-authored-by: dependabot[bot] <49699333+dependabot[bot]@users.noreply.github.com>"
home-assistant/supervisor,e7f3573e32bb8adf5b6130d2fa6a6a0012cd5e33,2025-09,8,post,2025-09-16T10:00:50+02:00,2025-09-16T10:00:50+02:00,dependabot[bot],49699333+dependabot[bot]@users.noreply.github.com,GitHub,noreply@github.com,1,0,1,1,1,0,0,0,,,,,dependabot,0,6192,Bump sentry-sdk from 2.37.1 to 2.38.0 (#6192),"Bump sentry-sdk from 2.37.1 to 2.38.0 (#6192)

Co-authored-by: dependabot[bot] <49699333+dependabot[bot]@users.noreply.github.com>"
home-assistant/supervisor,2e22e1e88437e68d4a725331981c990cff48261c,2025-09,8,post,2025-09-16T11:29:28+02:00,2025-09-16T11:29:28+02:00,uc99e7580c7a8e9ca,uc99e7580c7a8e9ca@users.invalid,GitHub,noreply@github.com,1,0,11,175,19,2,76,4,,,,,,0,6163,Add endpoint for complete logs of the latest container startup (#6163),"Add endpoint for complete logs of the latest container startup (#6163)

* Add endpoint for complete logs of the latest container startup

Add endpoint that returns complete logs of the latest startup of
container, which can be used for downloading Core logs in the frontend.

Realtime filtering header is used for the Journal API and StartedAt
parameter from the Docker API is used as the reference point. This means
that any other Range header is ignored for this parameter, yet the
""lines"" query argument can be used to limit the number of lines. By
default ""infinite"" number of lines is returned.

Closes #6147

* Implement fallback for latest logs for OS older than 16.0

Implement fallback which uses the internal CONTAINER_LOG_EPOCH metadata
added to logs created by the Docker logger. Still prefer the time-based
method, as it has lower overhead and using public APIs.

* Address review comments

* Only use CONTAINER_LOG_EPOCH for latest logs

As pointed out in the review comments, we might not be able to get the
StartedAt for add-ons that are not running. Thus we need to use the only
reliable mechanism available now, which is the container log epoch.

* Remove dead code for 'Range: realtime' header handling"
home-assistant/supervisor,ac9947d599db7942d5a10132932b6bf891db6c86,2025-09,8,post,2025-09-16T11:32:28+02:00,2025-09-16T11:32:28+02:00,u4144d60eb6e600cf,u4144d60eb6e600cf@users.invalid,GitHub,noreply@github.com,1,0,4,208,56,2,56,56,,,,,,0,6171,Allow deeply nested dicts and lists in addon config schemas (#6171),"Allow deeply nested dicts and lists in addon config schemas (#6171)

* Allow arbitrarily nested addon config schemas

* Disallow lists directly nested in another list in addon schema

* Handle arbitrarily nested addon schemas in UiOptions class

* Handle arbitrarily nested addon schemas in AddonOptions class

* Add tests for addon config schemas

* Add tests for addon option validation"
home-assistant/supervisor,d2ddd9579cd786ab5c3db3832aad660207328189,2025-09,8,post,2025-09-16T11:32:43+02:00,2025-09-16T11:32:43+02:00,ue9acf10ae3811d11,ue9acf10ae3811d11@users.invalid,GitHub,noreply@github.com,1,0,2,22,12,2,22,12,,,,,,0,6175,Cancel Supervisor startup task on early shutdown signal (#6175),"Cancel Supervisor startup task on early shutdown signal (#6175)

When receiving a shutdown signal during startup, the Supervisor should
cancel its startup task to ensure a graceful shutdown. This prevents
Supervisor accidentally accessing the Event loop after it has been
closed by the stop procedure:

RuntimeError: Event loop stopped before Future completed."
home-assistant/supervisor,857dae7736937394a900acc86dc48962e958c74f,2025-09,8,post,2025-09-16T11:36:45+02:00,2025-09-16T11:36:45+02:00,u4144d60eb6e600cf,u4144d60eb6e600cf@users.invalid,GitHub,noreply@github.com,1,0,3,25,1,2,3,0,,,,,,0,6180,Allow adding translations for nested fields to support home-assistant/frontend#26997 (#6180),Allow adding translations for nested fields to support home-assistant/frontend#26997 (#6180)
home-assistant/supervisor,01911a44cd5dd03c60546781a41a20dbbf12ac3c,2025-09,8,post,2025-09-16T11:22:59-04:00,2025-09-16T11:22:59-04:00,ue1fc990c4f6dfd9c,ue1fc990c4f6dfd9c@users.invalid,GitHub,noreply@github.com,1,0,7,30,106,3,19,65,,,,,,0,6179,Persistent notifications to repairs and fix free_space check (#6179),"Persistent notifications to repairs and fix free_space check (#6179)

* Persistent notifications to repairs and fix free_space check

* Fix tests mocking too little free space"
home-assistant/supervisor,5693a5be0d015f71fb64ef1de288cbda623ab0e6,2025-09,8,post,2025-09-17T09:32:47+02:00,2025-09-17T09:32:47+02:00,dependabot[bot],49699333+dependabot[bot]@users.noreply.github.com,GitHub,noreply@github.com,1,0,1,1,1,0,0,0,,,,,dependabot,0,6194,Bump cryptography from 45.0.7 to 46.0.1 (#6194),"Bump cryptography from 45.0.7 to 46.0.1 (#6194)

Co-authored-by: dependabot[bot] <49699333+dependabot[bot]@users.noreply.github.com>"
home-assistant/supervisor,c1ccb00946dd29d7cfccc0b172efff15eafe74eb,2025-09,8,post,2025-09-18T10:40:31+02:00,2025-09-18T10:40:31+02:00,dependabot[bot],49699333+dependabot[bot]@users.noreply.github.com,GitHub,noreply@github.com,1,0,1,1,1,0,0,0,,,,,dependabot,0,6196,Bump debugpy from 1.8.16 to 1.8.17 (#6196),"Bump debugpy from 1.8.16 to 1.8.17 (#6196)

Bumps [debugpy](https://github.com/microsoft/debugpy) from 1.8.16 to 1.8.17.
- [Release notes](https://github.com/microsoft/debugpy/releases)
- [Commits](https://github.com/microsoft/debugpy/compare/v1.8.16...v1.8.17)

---
updated-dependencies:
- dependency-name: debugpy
  dependency-version: 1.8.17
  dependency-type: direct:production
  update-type: version-update:semver-patch
...

Signed-off-by: dependabot[bot] <support@github.com>
Co-authored-by: dependabot[bot] <49699333+dependabot[bot]@users.noreply.github.com>"
home-assistant/supervisor,8b23383e269e24139f142346e4a6af73e215ba3c,2025-09,8,post,2025-09-19T13:01:19+02:00,2025-09-19T13:01:19+02:00,dependabot[bot],49699333+dependabot[bot]@users.noreply.github.com,GitHub,noreply@github.com,1,0,1,1,1,0,0,0,,,,,dependabot,0,6198,Bump mypy from 1.18.1 to 1.18.2 (#6198),"Bump mypy from 1.18.1 to 1.18.2 (#6198)

Bumps [mypy](https://github.com/python/mypy) from 1.18.1 to 1.18.2.
- [Changelog](https://github.com/python/mypy/blob/master/CHANGELOG.md)
- [Commits](https://github.com/python/mypy/compare/v1.18.1...v1.18.2)

---
updated-dependencies:
- dependency-name: mypy
  dependency-version: 1.18.2
  dependency-type: direct:production
  update-type: version-update:semver-patch
...

Signed-off-by: dependabot[bot] <support@github.com>
Co-authored-by: dependabot[bot] <49699333+dependabot[bot]@users.noreply.github.com>"
home-assistant/supervisor,46fc5c8aa12dd269c7550994a4ec34bc6ce4c54d,2025-09,8,post,2025-09-19T13:01:34+02:00,2025-09-19T13:01:34+02:00,dependabot[bot],49699333+dependabot[bot]@users.noreply.github.com,GitHub,noreply@github.com,1,0,1,1,1,0,0,0,,,,,dependabot,0,6199,Bump ruff from 0.13.0 to 0.13.1 (#6199),"Bump ruff from 0.13.0 to 0.13.1 (#6199)

Bumps [ruff](https://github.com/astral-sh/ruff) from 0.13.0 to 0.13.1.
- [Release notes](https://github.com/astral-sh/ruff/releases)
- [Changelog](https://github.com/astral-sh/ruff/blob/main/CHANGELOG.md)
- [Commits](https://github.com/astral-sh/ruff/compare/0.13.0...0.13.1)

---
updated-dependencies:
- dependency-name: ruff
  dependency-version: 0.13.1
  dependency-type: direct:production
  update-type: version-update:semver-patch
...

Signed-off-by: dependabot[bot] <support@github.com>
Co-authored-by: dependabot[bot] <49699333+dependabot[bot]@users.noreply.github.com>"
home-assistant/supervisor,c712d3cc53a25e08aa9eb2b7075e34fe9b4756f6,2025-09,8,post,2025-09-19T17:58:37+02:00,2025-09-19T17:58:37+02:00,ue9acf10ae3811d11,ue9acf10ae3811d11@users.invalid,GitHub,noreply@github.com,1,0,10,319,5,8,133,4,,B,copilot,trailer,,0,6148,Check Core version and raise unsupported if older than 2 years (#6148),"Check Core version and raise unsupported if older than 2 years (#6148)

* Check Core version and raise unsupported if older than 2 years

Check the currently installed Core version relative to the current
date, and if its older than 2 years, mark the system unsupported.
Also add a Job condition to prevent automatic refreshing of the update
information in this case.

* Handle landing page correctly

* Handle non-parseable versions gracefully

Also align handling between OS and Core version evaluations.

* Extend and fix test coverage

* Improve Job condition error

* Fix pytest

* Block execution of fetch_data and store reload jobs

Block execution of fetch_data and store reload jobs if the core version
is unsupported. This essentially freezes the installation until the
user takes action and updates the Core version to a supported one.

* Use latest known Core version as reference

Instead of using current date to determine if Core version is more than
2 years old, use the latest known Core version as reference point and
check if current version is more than 24 releases behind.

This is crucial because when update information refresh is disabled due to
unsupported Core version, using date would create a permanent unsupported
state. Even if users update to the last known version in 4+ years, the
system would remain unsupported. By using latest known version as reference,
updating Core to the last known version makes the system supported again,
allowing update information refresh to resume.

This ensures users can always escape the unsupported state by updating
to the last known Core version, maintaining the update refresh cycle.

* Improve version comparision logic

* Use Home Assistant Core instead of just Core

Avoid any ambiguity in what is exactly outdated/unsupported by using
Home Assistant Core instead of just Core.

* Sort const alphabetically

* Update tests/resolution/evaluation/test_evaluate_home_assistant_core_version.py

Co-authored-by: Copilot <175728472+Copilot@users.noreply.github.com>

---------

Co-authored-by: Copilot <175728472+Copilot@users.noreply.github.com>"
home-assistant/supervisor,9f5bebd0eb95efaddf5feeb3bef512a731c4f60b,2025-09,8,post,2025-09-19T17:59:50+02:00,2025-09-19T11:59:50-04:00,ue1fc990c4f6dfd9c,ue1fc990c4f6dfd9c@users.invalid,GitHub,noreply@github.com,1,0,3,61,16,1,32,6,,,,,,0,6197,Mount falls back on restart if reload fails (#6197),Mount falls back on restart if reload fails (#6197)
home-assistant/supervisor,17cb18a3715e20fa1feecd16c281f56c10422625,2025-09,8,post,2025-09-22T13:17:59+02:00,2025-09-22T13:17:59+02:00,dependabot[bot],49699333+dependabot[bot]@users.noreply.github.com,GitHub,noreply@github.com,1,0,1,1,1,0,0,0,,,,,dependabot,0,6200,Bump coverage from 7.10.6 to 7.10.7 (#6200),"Bump coverage from 7.10.6 to 7.10.7 (#6200)

Co-authored-by: dependabot[bot] <49699333+dependabot[bot]@users.noreply.github.com>"
home-assistant/supervisor,ae70ffd1b2ae2a78fe65042a131fe7f716357ec6,2025-09,8,post,2025-09-23T15:40:58+02:00,2025-09-23T15:40:58+02:00,dependabot[bot],49699333+dependabot[bot]@users.noreply.github.com,GitHub,noreply@github.com,1,0,1,1,1,0,0,0,,,,,dependabot,0,6201,Bump getsentry/action-release from 3.2.0 to 3.3.0 (#6201),"Bump getsentry/action-release from 3.2.0 to 3.3.0 (#6201)

Bumps [getsentry/action-release](https://github.com/getsentry/action-release) from 3.2.0 to 3.3.0.
- [Release notes](https://github.com/getsentry/action-release/releases)
- [Changelog](https://github.com/getsentry/action-release/blob/master/CHANGELOG.md)
- [Commits](https://github.com/getsentry/action-release/compare/526942b68292201ac6bbb99b9a0747d4abee354c...4f502acc1df792390abe36f2dcb03612ef144818)

---
updated-dependencies:
- dependency-name: getsentry/action-release
  dependency-version: 3.3.0
  dependency-type: direct:production
  update-type: version-update:semver-minor
...

Signed-off-by: dependabot[bot] <support@github.com>
Co-authored-by: dependabot[bot] <49699333+dependabot[bot]@users.noreply.github.com>"
home-assistant/supervisor,595e33ac68a7f7741ec5e22606fa4604e54ffd89,2025-09,8,post,2025-09-23T16:43:03+02:00,2025-09-23T16:43:03+02:00,ue9acf10ae3811d11,ue9acf10ae3811d11@users.invalid,GitHub,noreply@github.com,1,0,3,3,3,0,0,0,,,,,,0,6204,Bump cosign to v2.5.3 (#6204),"Bump cosign to v2.5.3 (#6204)

Follow the builder bump of 2025.09.0 and use cosign v2.5.3 for
Supervisor too."
home-assistant/supervisor,ed7155604c07a19c320353b7613c1bddfab93093,2025-09,8,post,2025-09-23T16:43:20+02:00,2025-09-23T16:43:20+02:00,ue9acf10ae3811d11,ue9acf10ae3811d11@users.invalid,GitHub,noreply@github.com,1,0,2,2,2,1,1,1,,,,,,0,6202,Fix range header to correctly fetch latest logs (#6202),"Fix range header to correctly fetch latest logs (#6202)

* Fix range header to correctly fetch latest logs

Add a colon before line numbers to indicate that no cursor is used.
This makes the range header work when fetching latest logs from
systemd-journal-gatewayd.

* Fix pytest"
home-assistant/supervisor,42f93d01769a45042f5a80a48f07fb02c90d2cce,2025-09,8,post,2025-09-23T17:07:38+02:00,2025-09-23T11:07:38-04:00,ue1fc990c4f6dfd9c,ue1fc990c4f6dfd9c@users.invalid,GitHub,noreply@github.com,1,0,3,11,24,2,0,4,,,,,,0,6205,Remove message_template field from errors (#6205),Remove message_template field from errors (#6205)
home-assistant/supervisor,97c7686b9590a9f5e2f0582d9139512712729d09,2025-09,8,post,2025-09-23T22:10:48+02:00,2025-09-23T22:10:48+02:00,ue9acf10ae3811d11,ue9acf10ae3811d11@users.invalid,GitHub,noreply@github.com,1,0,4,5,13,3,2,11,,B,claude,trailer;identity,,0,6203,Simplify API validation by removing confusing origin parameter (#6203),"Simplify API validation by removing confusing origin parameter (#6203)

Co-authored-by: Claude <noreply@anthropic.com>"
home-assistant/supervisor,e13f216b2e0ff5baabb7fa4cfe63cccb3c9677d2,2025-09,8,post,2025-09-25T10:42:51+02:00,2025-09-25T10:42:51+02:00,dependabot[bot],49699333+dependabot[bot]@users.noreply.github.com,GitHub,noreply@github.com,1,0,1,15,15,0,0,0,,,,,dependabot,0,6208,Bump actions/cache from 4.2.4 to 4.3.0 (#6208),"Bump actions/cache from 4.2.4 to 4.3.0 (#6208)

Co-authored-by: dependabot[bot] <49699333+dependabot[bot]@users.noreply.github.com>"
home-assistant/supervisor,092013e457db340824bdf37640708b355da8945e,2025-09,8,post,2025-09-25T10:43:28+02:00,2025-09-25T10:43:28+02:00,dependabot[bot],49699333+dependabot[bot]@users.noreply.github.com,GitHub,noreply@github.com,1,0,1,1,1,0,0,0,,,,,dependabot,0,6209,Bump home-assistant/wheels from 2025.07.0 to 2025.09.0 (#6209),"Bump home-assistant/wheels from 2025.07.0 to 2025.09.0 (#6209)

Co-authored-by: dependabot[bot] <49699333+dependabot[bot]@users.noreply.github.com>"
home-assistant/supervisor,fabfe760fb0324c6e2b45968e73425818419ac88,2025-09,8,post,2025-09-25T12:29:18+02:00,2025-09-25T12:29:18+02:00,ue9acf10ae3811d11,ue9acf10ae3811d11@users.invalid,GitHub,noreply@github.com,1,0,1,4,3,0,0,0,,,,,,0,6211,Fix flaky test_get_dir_structure_sizes_ebadmsg_error (#6211),Fix flaky test_get_dir_structure_sizes_ebadmsg_error (#6211)
home-assistant/supervisor,90c0d014dbb1f2a9db694fb75c50001d1bf585fe,2025-09,8,post,2025-09-26T09:04:22+02:00,2025-09-26T09:04:22+02:00,dependabot[bot],49699333+dependabot[bot]@users.noreply.github.com,GitHub,noreply@github.com,1,0,1,1,1,0,0,0,,,,,dependabot,0,6214,Bump ruff from 0.13.1 to 0.13.2 (#6214),"Bump ruff from 0.13.1 to 0.13.2 (#6214)

Bumps [ruff](https://github.com/astral-sh/ruff) from 0.13.1 to 0.13.2.
- [Release notes](https://github.com/astral-sh/ruff/releases)
- [Changelog](https://github.com/astral-sh/ruff/blob/main/CHANGELOG.md)
- [Commits](https://github.com/astral-sh/ruff/compare/0.13.1...0.13.2)

---
updated-dependencies:
- dependency-name: ruff
  dependency-version: 0.13.2
  dependency-type: direct:production
  update-type: version-update:semver-patch
...

Signed-off-by: dependabot[bot] <support@github.com>
Co-authored-by: dependabot[bot] <49699333+dependabot[bot]@users.noreply.github.com>"
home-assistant/supervisor,9f6b1540972343d8f07297ee568539496b8c51cd,2025-09,8,post,2025-09-26T11:03:51+02:00,2025-09-26T11:03:51+02:00,dependabot[bot],49699333+dependabot[bot]@users.noreply.github.com,GitHub,noreply@github.com,1,0,1,1,1,0,0,0,,,,,dependabot,0,6216,Bump home-assistant/wheels from 2025.09.0 to 2025.09.1 (#6216),"Bump home-assistant/wheels from 2025.09.0 to 2025.09.1 (#6216)

Bumps [home-assistant/wheels](https://github.com/home-assistant/wheels) from 2025.09.0 to 2025.09.1.
- [Release notes](https://github.com/home-assistant/wheels/releases)
- [Commits](https://github.com/home-assistant/wheels/compare/2025.09.0...2025.09.1)

---
updated-dependencies:
- dependency-name: home-assistant/wheels
  dependency-version: 2025.09.1
  dependency-type: direct:production
...

Signed-off-by: dependabot[bot] <support@github.com>
Co-authored-by: dependabot[bot] <49699333+dependabot[bot]@users.noreply.github.com>"
home-assistant/supervisor,b0145a8507c8cc74d9ca5c333e4d031c0bff4638,2025-09,8,post,2025-09-26T11:28:51+02:00,2025-09-26T11:28:51+02:00,dependabot[bot],49699333+dependabot[bot]@users.noreply.github.com,GitHub,noreply@github.com,1,0,1,1,1,0,0,0,,,,,dependabot,0,6215,Bump pyyaml from 6.0.2 to 6.0.3 (#6215),"Bump pyyaml from 6.0.2 to 6.0.3 (#6215)

Bumps [pyyaml](https://github.com/yaml/pyyaml) from 6.0.2 to 6.0.3.
- [Release notes](https://github.com/yaml/pyyaml/releases)
- [Changelog](https://github.com/yaml/pyyaml/blob/6.0.3/CHANGES)
- [Commits](https://github.com/yaml/pyyaml/compare/6.0.2...6.0.3)

---
updated-dependencies:
- dependency-name: pyyaml
  dependency-version: 6.0.3
  dependency-type: direct:production
  update-type: version-update:semver-patch
...

Signed-off-by: dependabot[bot] <support@github.com>
Co-authored-by: dependabot[bot] <49699333+dependabot[bot]@users.noreply.github.com>"
home-assistant/supervisor,67c15678c62a72affcaebaaee826839b50a1b6b4,2025-09,8,post,2025-09-26T11:29:06+02:00,2025-09-26T11:29:06+02:00,dependabot[bot],49699333+dependabot[bot]@users.noreply.github.com,GitHub,noreply@github.com,1,0,1,1,1,0,0,0,,,,,dependabot,0,6213,Bump sentry-sdk from 2.38.0 to 2.39.0 (#6213),"Bump sentry-sdk from 2.38.0 to 2.39.0 (#6213)

Bumps [sentry-sdk](https://github.com/getsentry/sentry-python) from 2.38.0 to 2.39.0.
- [Release notes](https://github.com/getsentry/sentry-python/releases)
- [Changelog](https://github.com/getsentry/sentry-python/blob/master/CHANGELOG.md)
- [Commits](https://github.com/getsentry/sentry-python/compare/2.38.0...2.39.0)

---
updated-dependencies:
- dependency-name: sentry-sdk
  dependency-version: 2.39.0
  dependency-type: direct:production
  update-type: version-update:semver-minor
...

Signed-off-by: dependabot[bot] <support@github.com>
Co-authored-by: dependabot[bot] <49699333+dependabot[bot]@users.noreply.github.com>"
home-assistant/supervisor,e9cac9db060b39bc2bceb7046b5a2217cecca3b8,2025-09,8,post,2025-09-26T12:42:39+02:00,2025-09-26T12:42:39+02:00,github-actions[bot],41898282+github-actions[bot]@users.noreply.github.com,GitHub,noreply@github.com,1,0,4009,4061,4029,0,0,0,,,,,github-actions,0,6120,Update frontend to version 20250925.1 (#6120),"Update frontend to version 20250925.1 (#6120)

Co-authored-by: github-actions[bot] <41898282+github-actions[bot]@users.noreply.github.com>"
home-assistant/supervisor,ab3b1478764e14c80529ddebc153ddc71dfbb991,2025-09,8,post,2025-09-30T09:56:29+02:00,2025-09-30T09:56:29+02:00,dependabot[bot],49699333+dependabot[bot]@users.noreply.github.com,GitHub,noreply@github.com,1,0,1,1,1,0,0,0,,,,,dependabot,0,6219,Bump docker/login-action from 3.5.0 to 3.6.0 (#6219),"Bump docker/login-action from 3.5.0 to 3.6.0 (#6219)

Bumps [docker/login-action](https://github.com/docker/login-action) from 3.5.0 to 3.6.0.
- [Release notes](https://github.com/docker/login-action/releases)
- [Commits](https://github.com/docker/login-action/compare/184bdaa0721073962dff0199f1fb9940f07167d1...5e57cd118135c172c3672efd75eb46360885c0ef)

---
updated-dependencies:
- dependency-name: docker/login-action
  dependency-version: 3.6.0
  dependency-type: direct:production
  update-type: version-update:semver-minor
...

Signed-off-by: dependabot[bot] <support@github.com>
Co-authored-by: dependabot[bot] <49699333+dependabot[bot]@users.noreply.github.com>"
home-assistant/supervisor,64f94a159c97875ed89a4da9dc0ba9947f7516a8,2025-09,8,post,2025-09-30T14:52:16-04:00,2025-09-30T14:52:16-04:00,ue1fc990c4f6dfd9c,ue1fc990c4f6dfd9c@users.invalid,GitHub,noreply@github.com,1,0,6,216,36,2,101,17,,,,,,0,6207,Add progress syncing from child jobs (#6207),"Add progress syncing from child jobs (#6207)

* Add progress syncing from child jobs

* Fix pylint issue

* Set initial progress from parent and end at 100"
home-assistant/supervisor,3c5f4920a0dfeb7eb302f48a2edf91cb30a74d65,2025-10,9,post,2025-10-01T09:41:38+02:00,2025-10-01T09:41:38+02:00,dependabot[bot],49699333+dependabot[bot]@users.noreply.github.com,GitHub,noreply@github.com,1,0,1,1,1,0,0,0,,,,,dependabot,0,6224,Bump cryptography from 46.0.1 to 46.0.2 (#6224),"Bump cryptography from 46.0.1 to 46.0.2 (#6224)

Bumps [cryptography](https://github.com/pyca/cryptography) from 46.0.1 to 46.0.2.
- [Changelog](https://github.com/pyca/cryptography/blob/main/CHANGELOG.rst)
- [Commits](https://github.com/pyca/cryptography/compare/46.0.1...46.0.2)

---
updated-dependencies:
- dependency-name: cryptography
  dependency-version: 46.0.2
  dependency-type: direct:production
  update-type: version-update:semver-patch
...

Signed-off-by: dependabot[bot] <support@github.com>
Co-authored-by: dependabot[bot] <49699333+dependabot[bot]@users.noreply.github.com>"
home-assistant/supervisor,5779b567f1401c47ca9d95c6bb5644b1e119967c,2025-10,9,post,2025-10-02T08:54:50+02:00,2025-10-02T08:54:50+02:00,ue9acf10ae3811d11,ue9acf10ae3811d11@users.invalid,GitHub,noreply@github.com,1,0,9,96,63,9,96,63,,,,,,0,6212,Optimize API connection handling by removing redundant port checks (#6212),"Optimize API connection handling by removing redundant port checks (#6212)

* Simplify ensure_access_token

Make the caller of ensure_access_token responsible for connection error
handling. This is especially useful for API connection checks, as it
avoids an extra call to the API (if we fail to connect when refreshing
the token there is no point in calling the API to check if it is up).
Document the change in the docstring.

Also avoid the overhead of creating a Job object. We can simply use an
asyncio.Lock() to ensure only one coroutine is refreshing the token at
a time. This also avoids Job interference in Exception handling.

* Remove check_port from API checks

Remove check_port usage from Home Assistant API connection checks.
Simply rely on errors raised from actual connection attempts. During a
Supervisor startup when Home Assistant Core is running (e.g. after a
Supervisor update) we make about 10 successful API checks. The old code
path did a port check and then a connection check, causing two socket
creation. The new code without the separate port check safes 10 socket
creations per startup (the aiohttp connections are reused, hence do not
cause only one socket creation).

* Log API exceptions on call site

Since make_request is no longer logging API exceptions on its own, we
need to log them where we call make_request. This approach gives the
user more context about what Supervisor was trying to do when the error
happened.

* Avoid unnecessary nesting

* Improve error when ingress panel update fails

* Add comment about fast path"
home-assistant/supervisor,f3e1e0f423a024563fbf2d00251a0071e80a755b,2025-10,9,post,2025-10-02T09:24:19+02:00,2025-10-02T09:24:19+02:00,ue9acf10ae3811d11,ue9acf10ae3811d11@users.invalid,GitHub,noreply@github.com,1,0,4,62,4,1,11,3,,,,,,0,6225,Fix CID file handling to prevent directory creation (#6225),"Fix CID file handling to prevent directory creation (#6225)

* Fix CID file handling to prevent directory creation

It seems that under certain conditions Docker creates a directory
instead of a file for the CID file. This change ensures that
the CID file is always created as a file, and any existing directory
is removed before creating the file.

* Fix tests

* Fix pytest"
home-assistant/supervisor,78a2e15ebb6e4750684b752e6d49631434afef7e,2025-10,9,post,2025-10-02T10:35:50+02:00,2025-10-02T10:35:50+02:00,ue9acf10ae3811d11,ue9acf10ae3811d11@users.invalid,GitHub,noreply@github.com,1,0,2,23,1,1,1,1,,,,,,0,6227,Replace non-UTF-8 characters in log messages (#6227),Replace non-UTF-8 characters in log messages (#6227)
home-assistant/supervisor,622dda538278d25a7d43b078315cd59539990aea,2025-10,9,post,2025-10-03T14:42:13+02:00,2025-10-03T14:42:13+02:00,dependabot[bot],49699333+dependabot[bot]@users.noreply.github.com,GitHub,noreply@github.com,1,0,1,1,1,0,0,0,,,,,dependabot,0,6228,Bump ruff from 0.13.2 to 0.13.3 (#6228),"Bump ruff from 0.13.2 to 0.13.3 (#6228)

Bumps [ruff](https://github.com/astral-sh/ruff) from 0.13.2 to 0.13.3.
- [Release notes](https://github.com/astral-sh/ruff/releases)
- [Changelog](https://github.com/astral-sh/ruff/blob/main/CHANGELOG.md)
- [Commits](https://github.com/astral-sh/ruff/compare/0.13.2...0.13.3)

---
updated-dependencies:
- dependency-name: ruff
  dependency-version: 0.13.3
  dependency-type: direct:production
  update-type: version-update:semver-patch
...

Signed-off-by: dependabot[bot] <support@github.com>
Co-authored-by: dependabot[bot] <49699333+dependabot[bot]@users.noreply.github.com>"
home-assistant/supervisor,e4bb415e30253aacc8d154bb5ce7b82d4cac50f4,2025-10,9,post,2025-10-06T11:35:49+02:00,2025-10-06T11:35:49+02:00,dependabot[bot],49699333+dependabot[bot]@users.noreply.github.com,GitHub,noreply@github.com,1,0,1,1,1,0,0,0,,,,,dependabot,0,6229,Bump actions/stale from 10.0.0 to 10.1.0 (#6229),"Bump actions/stale from 10.0.0 to 10.1.0 (#6229)

Bumps [actions/stale](https://github.com/actions/stale) from 10.0.0 to 10.1.0.
- [Release notes](https://github.com/actions/stale/releases)
- [Changelog](https://github.com/actions/stale/blob/main/CHANGELOG.md)
- [Commits](https://github.com/actions/stale/compare/3a9db7e6a41a89f618792c92c0e97cc736e1b13f...5f858e3efba33a5ca4407a664cc011ad407f2008)

---
updated-dependencies:
- dependency-name: actions/stale
  dependency-version: 10.1.0
  dependency-type: direct:production
  update-type: version-update:semver-minor
...

Signed-off-by: dependabot[bot] <support@github.com>
Co-authored-by: dependabot[bot] <49699333+dependabot[bot]@users.noreply.github.com>"
home-assistant/supervisor,fd21886de948848254f922cc3d5b2d1fbb9d12a7,2025-10,9,post,2025-10-06T11:36:03+02:00,2025-10-06T11:36:03+02:00,dependabot[bot],49699333+dependabot[bot]@users.noreply.github.com,GitHub,noreply@github.com,1,0,1,1,1,0,0,0,,,,,dependabot,0,6230,Bump pylint from 3.3.8 to 3.3.9 (#6230),"Bump pylint from 3.3.8 to 3.3.9 (#6230)

Bumps [pylint](https://github.com/pylint-dev/pylint) from 3.3.8 to 3.3.9.
- [Release notes](https://github.com/pylint-dev/pylint/releases)
- [Commits](https://github.com/pylint-dev/pylint/compare/v3.3.8...v3.3.9)

---
updated-dependencies:
- dependency-name: pylint
  dependency-version: 3.3.9
  dependency-type: direct:production
  update-type: version-update:semver-patch
...

Signed-off-by: dependabot[bot] <support@github.com>
Co-authored-by: dependabot[bot] <49699333+dependabot[bot]@users.noreply.github.com>"
home-assistant/supervisor,f42aeb493701ae9a0653a3f191d6773d023c0398,2025-10,9,post,2025-10-06T11:37:22+02:00,2025-10-06T11:37:22+02:00,dependabot[bot],49699333+dependabot[bot]@users.noreply.github.com,GitHub,noreply@github.com,1,0,1,1,1,0,0,0,,,,,dependabot,0,6232,Bump dbus-fast from 2.44.3 to 2.44.5 (#6232),"Bump dbus-fast from 2.44.3 to 2.44.5 (#6232)

Bumps [dbus-fast](https://github.com/bluetooth-devices/dbus-fast) from 2.44.3 to 2.44.5.
- [Release notes](https://github.com/bluetooth-devices/dbus-fast/releases)
- [Changelog](https://github.com/Bluetooth-Devices/dbus-fast/blob/main/CHANGELOG.md)
- [Commits](https://github.com/bluetooth-devices/dbus-fast/compare/v2.44.3...v2.44.5)

---
updated-dependencies:
- dependency-name: dbus-fast
  dependency-version: 2.44.5
  dependency-type: direct:production
  update-type: version-update:semver-patch
...

Signed-off-by: dependabot[bot] <support@github.com>
Co-authored-by: dependabot[bot] <49699333+dependabot[bot]@users.noreply.github.com>"
home-assistant/supervisor,fc928d294c6553a67a864c60ac706a0319d703c3,2025-10,9,post,2025-10-07T09:47:03+02:00,2025-10-07T09:47:03+02:00,dependabot[bot],49699333+dependabot[bot]@users.noreply.github.com,GitHub,noreply@github.com,1,0,1,1,1,0,0,0,,,,,dependabot,0,6233,Bump sentry-sdk from 2.39.0 to 2.40.0 (#6233),"Bump sentry-sdk from 2.39.0 to 2.40.0 (#6233)

Bumps [sentry-sdk](https://github.com/getsentry/sentry-python) from 2.39.0 to 2.40.0.
- [Release notes](https://github.com/getsentry/sentry-python/releases)
- [Changelog](https://github.com/getsentry/sentry-python/blob/master/CHANGELOG.md)
- [Commits](https://github.com/getsentry/sentry-python/compare/2.39.0...2.40.0)

---
updated-dependencies:
- dependency-name: sentry-sdk
  dependency-version: 2.40.0
  dependency-type: direct:production
  update-type: version-update:semver-minor
...

Signed-off-by: dependabot[bot] <support@github.com>
Co-authored-by: dependabot[bot] <49699333+dependabot[bot]@users.noreply.github.com>"
home-assistant/supervisor,301362e9e560e0a488876138de0d7b588915f7dd,2025-10,9,post,2025-10-07T12:29:03+02:00,2025-10-07T12:29:03+02:00,dependabot[bot],49699333+dependabot[bot]@users.noreply.github.com,GitHub,noreply@github.com,1,0,1,1,1,0,0,0,,,,,dependabot,0,6235,Bump attrs from 25.3.0 to 25.4.0 (#6235),"Bump attrs from 25.3.0 to 25.4.0 (#6235)

Bumps [attrs](https://github.com/sponsors/hynek) from 25.3.0 to 25.4.0.
- [Commits](https://github.com/sponsors/hynek/commits)

---
updated-dependencies:
- dependency-name: attrs
  dependency-version: 25.4.0
  dependency-type: direct:production
  update-type: version-update:semver-minor
...

Signed-off-by: dependabot[bot] <support@github.com>
Co-authored-by: dependabot[bot] <49699333+dependabot[bot]@users.noreply.github.com>"
home-assistant/supervisor,559b6982a3773df68683d7f70add690fe09b76c7,2025-10,9,post,2025-10-07T12:29:47+02:00,2025-10-07T12:29:47+02:00,dependabot[bot],49699333+dependabot[bot]@users.noreply.github.com,GitHub,noreply@github.com,1,0,1,1,1,0,0,0,,,,,dependabot,0,6234,Bump aiohttp from 3.12.15 to 3.13.0 (#6234),"Bump aiohttp from 3.12.15 to 3.13.0 (#6234)

---
updated-dependencies:
- dependency-name: aiohttp
  dependency-version: 3.13.0
  dependency-type: direct:production
  update-type: version-update:semver-minor
...

Signed-off-by: dependabot[bot] <support@github.com>
Co-authored-by: dependabot[bot] <49699333+dependabot[bot]@users.noreply.github.com>"
home-assistant/supervisor,190b734332af27a9685da8309d921659b2b29210,2025-10,9,post,2025-10-07T16:54:11+02:00,2025-10-07T10:54:11-04:00,ue1fc990c4f6dfd9c,ue1fc990c4f6dfd9c@users.invalid,GitHub,noreply@github.com,1,0,10,419,368,6,104,14,,,,,,0,6195,"Add progress reporting to addon, HA and Supervisor updates (#6195)","Add progress reporting to addon, HA and Supervisor updates (#6195)

* Add progress reporting to addon, HA and Supervisor updates

* Fix assert in test

* Add progress to addon, core, supervisor updates/installs

* Fix double install bug in addons install

* Remove initial_install and re-arrange order of load"
home-assistant/supervisor,c1eb97d8ab47f7fd03dfcf75cb56705ca906f0d2,2025-10,9,post,2025-10-08T09:47:19+02:00,2025-10-08T09:47:19+02:00,dependabot[bot],49699333+dependabot[bot]@users.noreply.github.com,GitHub,noreply@github.com,1,0,1,1,1,0,0,0,,,,,dependabot,0,6238,Bump ruff from 0.13.3 to 0.14.0 (#6238),"Bump ruff from 0.13.3 to 0.14.0 (#6238)

Bumps [ruff](https://github.com/astral-sh/ruff) from 0.13.3 to 0.14.0.
- [Release notes](https://github.com/astral-sh/ruff/releases)
- [Changelog](https://github.com/astral-sh/ruff/blob/main/CHANGELOG.md)
- [Commits](https://github.com/astral-sh/ruff/compare/0.13.3...0.14.0)

---
updated-dependencies:
- dependency-name: ruff
  dependency-version: 0.14.0
  dependency-type: direct:production
  update-type: version-update:semver-minor
...

Signed-off-by: dependabot[bot] <support@github.com>
Co-authored-by: dependabot[bot] <49699333+dependabot[bot]@users.noreply.github.com>"
home-assistant/supervisor,c71553f37de7ccfd6145aa4afd9ff03dc9255220,2025-10,9,post,2025-10-08T10:44:49+02:00,2025-10-08T10:44:49+02:00,uc99e7580c7a8e9ca,uc99e7580c7a8e9ca@users.invalid,GitHub,noreply@github.com,1,0,1,1,0,0,0,0,AGENTS.md,,,,,0,6237,Add AGENTS.md symlink (#6237),"Add AGENTS.md symlink (#6237)

Add AGENTS.md along the CLAUDE.md for agents that support it. While
CLAUDE.md is still required and specific to Claude Code, AGENTS.md
covers various other agents that implemented this proposed standard.

Core already adopted the same approach recently."
home-assistant/supervisor,53a8044aff3ad67cf12c92fcd6fa03cd6037cac6,2025-10,9,post,2025-10-08T12:43:12+02:00,2025-10-08T12:43:12+02:00,ue9acf10ae3811d11,ue9acf10ae3811d11@users.invalid,GitHub,noreply@github.com,1,0,6,192,1,4,34,1,,,,,,0,6206,Add support for ulimit in addon config (#6206),"Add support for ulimit in addon config (#6206)

* Add support for ulimit in addon config

Similar to docker-compose, this adds support for setting ulimits
for addons via the addon config. This is useful e.g. for InfluxDB
which on its own does not support setting higher open file descriptor
limits, but recommends increasing limits on the host.

* Make soft and hard limit mandatory if ulimit is a dict"
home-assistant/supervisor,337731a55a08dd3e1140c97ea587a81dd2fe7245,2025-10,9,post,2025-10-08T15:56:35+02:00,2025-10-08T15:56:35+02:00,ue9acf10ae3811d11,ue9acf10ae3811d11@users.invalid,GitHub,noreply@github.com,1,0,1,1,0,0,0,0,,,,,,0,6239,Let only bugs go stale (#6239),"Let only bugs go stale (#6239)

Let's apply the stale label only to issues which are bugs. Tasks are
more long lived and should not be marked as stale automatically."
home-assistant/supervisor,5041a1ed5c7379cc8787ad465dbb0f44763a354e,2025-10,9,post,2025-10-09T09:38:12+02:00,2025-10-09T09:38:12+02:00,dependabot[bot],49699333+dependabot[bot]@users.noreply.github.com,GitHub,noreply@github.com,1,0,1,1,1,0,0,0,,,,,dependabot,0,6243,Bump types-docker from 7.1.0.20250916 to 7.1.0.20251009 (#6243),"Bump types-docker from 7.1.0.20250916 to 7.1.0.20251009 (#6243)

Bumps [types-docker](https://github.com/typeshed-internal/stub_uploader) from 7.1.0.20250916 to 7.1.0.20251009.
- [Commits](https://github.com/typeshed-internal/stub_uploader/commits)

---
updated-dependencies:
- dependency-name: types-docker
  dependency-version: 7.1.0.20251009
  dependency-type: direct:production
  update-type: version-update:semver-patch
...

Signed-off-by: dependabot[bot] <support@github.com>
Co-authored-by: dependabot[bot] <49699333+dependabot[bot]@users.noreply.github.com>"
home-assistant/supervisor,81e46b20b89786b380e4a6a1face6882cca8a765,2025-10,9,post,2025-10-09T09:48:34+02:00,2025-10-09T09:48:34+02:00,dependabot[bot],49699333+dependabot[bot]@users.noreply.github.com,GitHub,noreply@github.com,1,0,1,1,1,0,0,0,,,,,dependabot,0,6244,Bump pyudev from 0.24.3 to 0.24.4 (#6244),"Bump pyudev from 0.24.3 to 0.24.4 (#6244)

Bumps [pyudev](https://github.com/pyudev/pyudev) from 0.24.3 to 0.24.4.
- [Changelog](https://github.com/pyudev/pyudev/blob/master/CHANGES.rst)
- [Commits](https://github.com/pyudev/pyudev/compare/v0.24.3...v0.24.4)

---
updated-dependencies:
- dependency-name: pyudev
  dependency-version: 0.24.4
  dependency-type: direct:production
  update-type: version-update:semver-patch
...

Signed-off-by: dependabot[bot] <support@github.com>
Co-authored-by: dependabot[bot] <49699333+dependabot[bot]@users.noreply.github.com>"
home-assistant/supervisor,ddb8588d7748e3c8efbaa63c1be0183fa657b555,2025-10,9,post,2025-10-09T18:47:06+02:00,2025-10-09T18:47:06+02:00,uc99e7580c7a8e9ca,uc99e7580c7a8e9ca@users.invalid,GitHub,noreply@github.com,1,0,2,14,5,1,7,3,,,,,,0,6242,Treat containerd snapshotter/overlayfs driver as supported (#6242),"Treat containerd snapshotter/overlayfs driver as supported (#6242)

* Treat containerd snapshotter/overlayfs driver as supported

With home-assistant/operating-system#4252 the storage driver would
change to ""overlayfs"". We don't want the system to be marked as
unsupported. It should be safe to treat it as supported even now, so add
it to the list of allowed values.

* Flip the logic

(note for self: don't forget to check for unstaged changes before push)

* Set valid storage for invalid logging test case"
home-assistant/supervisor,3c21a8b8efa171bdcfc5e0be33a4c77216a6097a,2025-10,9,post,2025-10-10T08:38:17+02:00,2025-10-10T08:38:17+02:00,dependabot[bot],49699333+dependabot[bot]@users.noreply.github.com,GitHub,noreply@github.com,1,0,1,1,1,0,0,0,,,,,dependabot,0,6246,Bump sentry-sdk from 2.40.0 to 2.41.0 (#6246),"Bump sentry-sdk from 2.40.0 to 2.41.0 (#6246)

Bumps [sentry-sdk](https://github.com/getsentry/sentry-python) from 2.40.0 to 2.41.0.
- [Release notes](https://github.com/getsentry/sentry-python/releases)
- [Changelog](https://github.com/getsentry/sentry-python/blob/master/CHANGELOG.md)
- [Commits](https://github.com/getsentry/sentry-python/compare/2.40.0...2.41.0)

---
updated-dependencies:
- dependency-name: sentry-sdk
  dependency-version: 2.41.0
  dependency-type: direct:production
  update-type: version-update:semver-minor
...

Signed-off-by: dependabot[bot] <support@github.com>
Co-authored-by: dependabot[bot] <49699333+dependabot[bot]@users.noreply.github.com>"
home-assistant/supervisor,51490c8e419d5e00b0d9a7c0b99d870d69f471ce,2025-10,9,post,2025-10-14T10:45:17+02:00,2025-10-14T10:45:17+02:00,dependabot[bot],49699333+dependabot[bot]@users.noreply.github.com,GitHub,noreply@github.com,1,0,1,2,2,0,0,0,,,,,dependabot,0,6248,Bump pylint from 3.3.9 to 4.0.0 and astroid from 3.3.11 to 4.0.1 (#6248),"Bump pylint from 3.3.9 to 4.0.0 and astroid from 3.3.11 to 4.0.1 (#6248)

Co-authored-by: dependabot[bot] <49699333+dependabot[bot]@users.noreply.github.com>
Co-authored-by: ue9acf10ae3811d11 <ue9acf10ae3811d11@users.invalid>"
home-assistant/supervisor,322df15e73480b6092e8e142fd5892693a78b50e,2025-10,9,post,2025-10-15T19:58:36+02:00,2025-10-15T19:58:36+02:00,dependabot[bot],49699333+dependabot[bot]@users.noreply.github.com,GitHub,noreply@github.com,1,0,1,1,1,0,0,0,,,,,dependabot,0,6251,Bump pylint from 4.0.0 to 4.0.1 (#6251),"Bump pylint from 4.0.0 to 4.0.1 (#6251)

Co-authored-by: dependabot[bot] <49699333+dependabot[bot]@users.noreply.github.com>"
home-assistant/supervisor,583a8a82fb10d691c9a29c4509c5603b1723fab5,2025-10,9,post,2025-10-17T09:12:47+02:00,2025-10-17T09:12:47+02:00,dependabot[bot],49699333+dependabot[bot]@users.noreply.github.com,GitHub,noreply@github.com,1,0,1,1,1,0,0,0,,,,,dependabot,0,6257,Bump ruff from 0.14.0 to 0.14.1 (#6257),"Bump ruff from 0.14.0 to 0.14.1 (#6257)

Co-authored-by: dependabot[bot] <49699333+dependabot[bot]@users.noreply.github.com>"
home-assistant/supervisor,adefa242e5a7423ce20af3798ccd57d4ffa23651,2025-10,9,post,2025-10-17T09:14:38+02:00,2025-10-17T09:14:38+02:00,dependabot[bot],49699333+dependabot[bot]@users.noreply.github.com,GitHub,noreply@github.com,1,0,1,1,1,0,0,0,,,,,dependabot,0,6258,Bump colorlog from 6.9.0 to 6.10.1 (#6258),"Bump colorlog from 6.9.0 to 6.10.1 (#6258)

Co-authored-by: dependabot[bot] <49699333+dependabot[bot]@users.noreply.github.com>"
home-assistant/supervisor,15c654738281e4311af183987cc28d148dc85c02,2025-10,9,post,2025-10-17T23:42:02+02:00,2025-10-17T23:42:02+02:00,dependabot[bot],49699333+dependabot[bot]@users.noreply.github.com,GitHub,noreply@github.com,1,0,1,1,1,0,0,0,,,,,dependabot,0,6254,Bump coverage from 7.10.7 to 7.11.0 (#6254),"Bump coverage from 7.10.7 to 7.11.0 (#6254)

Co-authored-by: dependabot[bot] <49699333+dependabot[bot]@users.noreply.github.com>"
home-assistant/supervisor,35f0645cb9a8ecde69746b235e85721d1b804334,2025-10,9,post,2025-10-18T22:04:32+02:00,2025-10-18T22:04:32+02:00,dependabot[bot],49699333+dependabot[bot]@users.noreply.github.com,GitHub,noreply@github.com,1,0,1,1,1,0,0,0,,,,,dependabot,0,6255,Bump cryptography from 46.0.2 to 46.0.3 (#6255),"Bump cryptography from 46.0.2 to 46.0.3 (#6255)

Co-authored-by: dependabot[bot] <49699333+dependabot[bot]@users.noreply.github.com>"
home-assistant/supervisor,ffd498a515e91cca92a6a5cb1cca5ec184ed8611,2025-10,9,post,2025-10-18T23:30:45+02:00,2025-10-18T23:30:45+02:00,dependabot[bot],49699333+dependabot[bot]@users.noreply.github.com,GitHub,noreply@github.com,1,0,1,1,1,0,0,0,,,,,dependabot,0,6253,Bump sentry-sdk from 2.41.0 to 2.42.0 (#6253),"Bump sentry-sdk from 2.41.0 to 2.42.0 (#6253)

Co-authored-by: dependabot[bot] <49699333+dependabot[bot]@users.noreply.github.com>"
home-assistant/supervisor,717f1c85f509e16f2d153de05b8fbea9a0f42622,2025-10,9,post,2025-10-22T09:25:14+02:00,2025-10-22T09:25:14+02:00,dependabot[bot],49699333+dependabot[bot]@users.noreply.github.com,GitHub,noreply@github.com,1,0,1,1,1,0,0,0,,,,,dependabot,0,6264,Bump sentry-sdk from 2.42.0 to 2.42.1 (#6264),"Bump sentry-sdk from 2.42.0 to 2.42.1 (#6264)

Bumps [sentry-sdk](https://github.com/getsentry/sentry-python) from 2.42.0 to 2.42.1.
- [Release notes](https://github.com/getsentry/sentry-python/releases)
- [Changelog](https://github.com/getsentry/sentry-python/blob/master/CHANGELOG.md)
- [Commits](https://github.com/getsentry/sentry-python/compare/2.42.0...2.42.1)

---
updated-dependencies:
- dependency-name: sentry-sdk
  dependency-version: 2.42.1
  dependency-type: direct:production
  update-type: version-update:semver-patch
...

Signed-off-by: dependabot[bot] <support@github.com>
Co-authored-by: dependabot[bot] <49699333+dependabot[bot]@users.noreply.github.com>"
home-assistant/supervisor,952a553c3b450b27110631352abfea006a271a19,2025-10,9,post,2025-10-22T10:20:35+02:00,2025-10-22T10:20:35+02:00,dependabot[bot],49699333+dependabot[bot]@users.noreply.github.com,GitHub,noreply@github.com,1,0,1,1,1,0,0,0,,,,,dependabot,0,6263,Bump pylint from 4.0.1 to 4.0.2 (#6263),Bump pylint from 4.0.1 to 4.0.2 (#6263)
home-assistant/supervisor,56bffc839b78275df47612b93fe9f9eea0676dbd,2025-10,9,post,2025-10-22T23:14:01+02:00,2025-10-22T23:14:01+02:00,dependabot[bot],49699333+dependabot[bot]@users.noreply.github.com,GitHub,noreply@github.com,1,0,1,1,1,0,0,0,,,,,dependabot,0,6261,Bump aiohttp from 3.13.0 to 3.13.1 (#6261),"Bump aiohttp from 3.13.0 to 3.13.1 (#6261)

Co-authored-by: dependabot[bot] <49699333+dependabot[bot]@users.noreply.github.com>"
home-assistant/supervisor,9f8e8ab15aff972e9f41896feb5e4da52874ce04,2025-10,9,post,2025-10-22T23:17:38+02:00,2025-10-22T23:17:38+02:00,dependabot[bot],49699333+dependabot[bot]@users.noreply.github.com,GitHub,noreply@github.com,1,0,1,1,1,0,0,0,,,,,dependabot,0,6260,Bump home-assistant/wheels from 2025.09.1 to 2025.10.0 (#6260),"Bump home-assistant/wheels from 2025.09.1 to 2025.10.0 (#6260)

Co-authored-by: dependabot[bot] <49699333+dependabot[bot]@users.noreply.github.com>"
home-assistant/supervisor,b903e1196fb7b152a8702bb24daa8bc98696b320,2025-10,9,post,2025-10-23T08:37:59+02:00,2025-10-23T08:37:59+02:00,dependabot[bot],49699333+dependabot[bot]@users.noreply.github.com,GitHub,noreply@github.com,1,0,2,2,2,0,0,0,,,,,dependabot,0,6256,Bump sigstore/cosign-installer from 3.10.0 to 4.0.0 (#6256),"Bump sigstore/cosign-installer from 3.10.0 to 4.0.0 (#6256)

Bumps [sigstore/cosign-installer](https://github.com/sigstore/cosign-installer) from 3.10.0 to 4.0.0.
- [Release notes](https://github.com/sigstore/cosign-installer/releases)
- [Commits](https://github.com/sigstore/cosign-installer/compare/d7543c93d881b35a8faa02e8e3605f69b7a1ce62...faadad0cce49287aee09b3a48701e75088a2c6ad)

---
updated-dependencies:
- dependency-name: sigstore/cosign-installer
  dependency-version: 4.0.0
  dependency-type: direct:production
  update-type: version-update:semver-major
...

Signed-off-by: dependabot[bot] <support@github.com>
Co-authored-by: dependabot[bot] <49699333+dependabot[bot]@users.noreply.github.com>"
home-assistant/supervisor,370c961c9e9f8ad1b8136a8803fc7f56fdb73a6c,2025-10,9,post,2025-10-24T09:46:04+02:00,2025-10-24T09:46:04+02:00,dependabot[bot],49699333+dependabot[bot]@users.noreply.github.com,GitHub,noreply@github.com,1,0,1,1,1,0,0,0,,,,,dependabot,0,6268,Bump ruff from 0.14.1 to 0.14.2 (#6268),"Bump ruff from 0.14.1 to 0.14.2 (#6268)

Bumps [ruff](https://github.com/astral-sh/ruff) from 0.14.1 to 0.14.2.
- [Release notes](https://github.com/astral-sh/ruff/releases)
- [Changelog](https://github.com/astral-sh/ruff/blob/main/CHANGELOG.md)
- [Commits](https://github.com/astral-sh/ruff/compare/0.14.1...0.14.2)

---
updated-dependencies:
- dependency-name: ruff
  dependency-version: 0.14.2
  dependency-type: direct:production
  update-type: version-update:semver-patch
...

Signed-off-by: dependabot[bot] <support@github.com>
Co-authored-by: dependabot[bot] <49699333+dependabot[bot]@users.noreply.github.com>"
home-assistant/supervisor,b92f5976a3a47f8add0a2c5d8d9ee36c558f5394,2025-10,9,post,2025-10-24T10:22:02+02:00,2025-10-24T10:22:02+02:00,ue0b15a2c134bef8a,ue0b15a2c134bef8a@users.invalid,GitHub,noreply@github.com,1,0,2,19,1,1,8,1,,,,,,0,6265,"If D-Bus to UDisks2 is not connected, return None (#6265)","If D-Bus to UDisks2 is not connected, return None (#6265)

When fetching the host info without UDisks2 D-Bus connected it would raise an exception and disable managing addons via home assistant (and other GUI functions that need host info status)."
home-assistant/supervisor,131cc3b6d128436089931e227bd55f74ab457548,2025-10,9,post,2025-10-24T09:37:19-04:00,2025-10-24T09:37:19-04:00,ue1fc990c4f6dfd9c,ue1fc990c4f6dfd9c@users.invalid,GitHub,noreply@github.com,1,0,1,3,1,1,3,1,,,,,,0,6267,Prevent float drift error on progress update (#6267),Prevent float drift error on progress update (#6267)
home-assistant/supervisor,06d96db55b65cfb27579277b1b131285a2550506,2025-10,9,post,2025-10-27T12:27:39+01:00,2025-10-27T12:27:39+01:00,dependabot[bot],49699333+dependabot[bot]@users.noreply.github.com,GitHub,noreply@github.com,1,0,1,1,1,0,0,0,,,,,dependabot,0,6271,Bump orjson from 3.11.3 to 3.11.4 (#6271),"Bump orjson from 3.11.3 to 3.11.4 (#6271)

Bumps [orjson](https://github.com/ijl/orjson) from 3.11.3 to 3.11.4.
- [Release notes](https://github.com/ijl/orjson/releases)
- [Changelog](https://github.com/ijl/orjson/blob/master/CHANGELOG.md)
- [Commits](https://github.com/ijl/orjson/compare/3.11.3...3.11.4)

---
updated-dependencies:
- dependency-name: orjson
  dependency-version: 3.11.4
  dependency-type: direct:production
  update-type: version-update:semver-patch
...

Signed-off-by: dependabot[bot] <support@github.com>
Co-authored-by: dependabot[bot] <49699333+dependabot[bot]@users.noreply.github.com>"
home-assistant/supervisor,dc3d8b92662b0937f59c78bbec40f037ac690520,2025-10,9,post,2025-10-27T12:28:13+01:00,2025-10-27T12:28:13+01:00,dependabot[bot],49699333+dependabot[bot]@users.noreply.github.com,GitHub,noreply@github.com,1,0,1,1,1,0,0,0,,,,,dependabot,0,6270,Bump actions/download-artifact from 5.0.0 to 6.0.0 (#6270),"Bump actions/download-artifact from 5.0.0 to 6.0.0 (#6270)

Bumps [actions/download-artifact](https://github.com/actions/download-artifact) from 5.0.0 to 6.0.0.
- [Release notes](https://github.com/actions/download-artifact/releases)
- [Commits](https://github.com/actions/download-artifact/compare/634f93cb2916e3fdff6788551b99b062d0335ce0...018cc2cf5baa6db3ef3c5f8a56943fffe632ef53)

---
updated-dependencies:
- dependency-name: actions/download-artifact
  dependency-version: 6.0.0
  dependency-type: direct:production
  update-type: version-update:semver-major
...

Signed-off-by: dependabot[bot] <support@github.com>
Co-authored-by: dependabot[bot] <49699333+dependabot[bot]@users.noreply.github.com>"
home-assistant/supervisor,9c0174f1fda55a2b1e8a8b0c7af3fb7d0855966f,2025-10,9,post,2025-10-27T12:28:43+01:00,2025-10-27T12:28:43+01:00,dependabot[bot],49699333+dependabot[bot]@users.noreply.github.com,GitHub,noreply@github.com,1,0,1,1,1,0,0,0,,,,,dependabot,0,6269,Bump actions/upload-artifact from 4.6.2 to 5.0.0 (#6269),"Bump actions/upload-artifact from 4.6.2 to 5.0.0 (#6269)

Bumps [actions/upload-artifact](https://github.com/actions/upload-artifact) from 4.6.2 to 5.0.0.
- [Release notes](https://github.com/actions/upload-artifact/releases)
- [Commits](https://github.com/actions/upload-artifact/compare/ea165f8d65b6e75b540449e92b4886f43607fa02...330a01c490aca151604b8cf639adc76d48f6c5d4)

---
updated-dependencies:
- dependency-name: actions/upload-artifact
  dependency-version: 5.0.0
  dependency-type: direct:production
  update-type: version-update:semver-major
...

Signed-off-by: dependabot[bot] <support@github.com>
Co-authored-by: dependabot[bot] <49699333+dependabot[bot]@users.noreply.github.com>"
home-assistant/supervisor,0bee5c6f37d42ecf706fd96be6a77d10081962c0,2025-10,9,post,2025-10-28T17:46:40+01:00,2025-10-28T17:46:40+01:00,ufb7dba4ea981cb0f,ufb7dba4ea981cb0f@users.invalid,GitHub,noreply@github.com,1,0,1,9,1,1,9,1,,,,,,0,6262,Add exponential backoff strategy to watchdog restart (#6262),Add exponential backoff strategy to watchdog restart (#6262)
home-assistant/supervisor,02c4fd4a8c655b1095f33173a1bee1cb8798b227,2025-10,9,post,2025-10-29T10:36:28+01:00,2025-10-29T10:36:28+01:00,dependabot[bot],49699333+dependabot[bot]@users.noreply.github.com,GitHub,noreply@github.com,1,0,1,1,1,0,0,0,,,,,dependabot,0,6273,Bump aiohttp from 3.13.1 to 3.13.2 (#6273),"Bump aiohttp from 3.13.1 to 3.13.2 (#6273)

---
updated-dependencies:
- dependency-name: aiohttp
  dependency-version: 3.13.2
  dependency-type: direct:production
  update-type: version-update:semver-patch
...

Signed-off-by: dependabot[bot] <support@github.com>
Co-authored-by: dependabot[bot] <49699333+dependabot[bot]@users.noreply.github.com>"
home-assistant/supervisor,2098168d04260613fe044e095eb991487410d7e2,2025-10,9,post,2025-10-30T14:24:50-04:00,2025-10-30T14:24:50-04:00,dependabot[bot],49699333+dependabot[bot]@users.noreply.github.com,GitHub,noreply@github.com,1,0,1,1,1,0,0,0,,,,,dependabot,0,6279,Bump sentry-sdk from 2.42.1 to 2.43.0 (#6279),"Bump sentry-sdk from 2.42.1 to 2.43.0 (#6279)

Bumps [sentry-sdk](https://github.com/getsentry/sentry-python) from 2.42.1 to 2.43.0.
- [Release notes](https://github.com/getsentry/sentry-python/releases)
- [Changelog](https://github.com/getsentry/sentry-python/blob/master/CHANGELOG.md)
- [Commits](https://github.com/getsentry/sentry-python/compare/2.42.1...2.43.0)

---
updated-dependencies:
- dependency-name: sentry-sdk
  dependency-version: 2.43.0
  dependency-type: direct:production
  update-type: version-update:semver-minor
...

Signed-off-by: dependabot[bot] <support@github.com>
Co-authored-by: dependabot[bot] <49699333+dependabot[bot]@users.noreply.github.com>"
home-assistant/supervisor,b3b7bc29fa478e404cbe5b8e757279836f6eafbb,2025-10,9,post,2025-10-31T11:42:39-04:00,2025-10-31T11:42:39-04:00,dependabot[bot],49699333+dependabot[bot]@users.noreply.github.com,GitHub,noreply@github.com,1,0,2,2,2,0,0,0,,,,,dependabot,0,6280,Bump ruff from 0.14.2 to 0.14.3 (#6280),"Bump ruff from 0.14.2 to 0.14.3 (#6280)

* Bump ruff from 0.14.2 to 0.14.3

Bumps [ruff](https://github.com/astral-sh/ruff) from 0.14.2 to 0.14.3.
- [Release notes](https://github.com/astral-sh/ruff/releases)
- [Changelog](https://github.com/astral-sh/ruff/blob/main/CHANGELOG.md)
- [Commits](https://github.com/astral-sh/ruff/compare/0.14.2...0.14.3)

---
updated-dependencies:
- dependency-name: ruff
  dependency-version: 0.14.3
  dependency-type: direct:production
  update-type: version-update:semver-patch
...

Signed-off-by: dependabot[bot] <support@github.com>

* Update precommit ruff too

---------

Signed-off-by: dependabot[bot] <support@github.com>
Co-authored-by: dependabot[bot] <49699333+dependabot[bot]@users.noreply.github.com>
Co-authored-by: ue1fc990c4f6dfd9c <ue1fc990c4f6dfd9c@users.invalid>"
home-assistant/supervisor,a8b7923a426b925f25839177581b87b0a457d960,2025-11,10,post,2025-11-03T10:04:01+01:00,2025-11-03T10:04:01+01:00,Copilot,198982749+Copilot@users.noreply.github.com,GitHub,noreply@github.com,1,0,1,236,2,0,0,0,,B,copilot,trailer;identity,,0,6275,Add test coverage for _map_nm_wifi method (#6275),"Add test coverage for _map_nm_wifi method (#6275)

* Initial plan

* Add comprehensive test coverage for _map_nm_wifi method

Co-authored-by: u8f6a85087cab4706 <u8f6a85087cab4706@users.invalid>

---------

Co-authored-by: copilot-swe-agent[bot] <198982749+Copilot@users.noreply.github.com>
Co-authored-by: u8f6a85087cab4706 <u8f6a85087cab4706@users.invalid>"
home-assistant/supervisor,1657769044f3e395bccde956b9a2dff4880ff2a5,2025-11,10,post,2025-11-03T17:58:40+01:00,2025-11-03T17:58:40+01:00,ue9acf10ae3811d11,ue9acf10ae3811d11@users.invalid,GitHub,noreply@github.com,1,0,1,11,0,1,11,0,,,,,,0,6282,Fix parent job sync when parent reaches 100% progress (#6282),"Fix parent job sync when parent reaches 100% progress (#6282)

* Fix parent job sync when parent reaches 100% progress

When a child job completes and syncs its progress to a parent job,
it can set the parent to 100% progress. However, there are situations
where a second child job for the same parent job is created after the
parent has already reached 100%. This caused a ValueError when creating
a ParentJobSync for subsequent child jobs, as the validator required
starting_progress < 100.0.

This issue was introduced in #6207 (shipped in 2025.10.0) but only
became visible in 2025.10.1 with #6195, which started using progress
syncs. The bug manifests during Core update rollbacks when a second
docker_interface_install job is created after the parent already
reached 100% from the first install.

Fix by skipping parent job sync setup when the parent is already done
or at 100% progress, as there's no value in syncing progress to a
completed parent.

* Update comment and add debug message"
home-assistant/supervisor,1448a33dbfd0b6c071fa91034409fa7b9d7c0f7e,2025-11,10,post,2025-11-03T20:13:15+01:00,2025-11-03T20:13:15+01:00,ue9acf10ae3811d11,ue9acf10ae3811d11@users.invalid,GitHub,noreply@github.com,1,0,37,37,1296,23,27,666,,,,,,0,6236,Remove Codenotary integrity check (#6236),"Remove Codenotary integrity check (#6236)

* Formally deprecate CodeNotary build config

* Remove CodeNotary specific integrity checking

The current code is specific to how CodeNotary was doing integrity
checking. A future integrity checking mechanism likely will work
differently (e.g. through EROFS based containers). Remove the current
code to make way for a future implementation.

* Drop CodeNotary integrity fixups

* Drop unused tests

* Fix pytest

* Fix pytest

* Remove CodeNotary related exceptions and handling

Remove CodeNotary related exceptions and handling from the Docker
interface.

* Drop unnecessary comment

* Remove Codenotary specific IssueType/SuggestionType

* Drop Codenotary specific environment and secret reference

* Remove unused constants

* Introduce APIGone exception for removed APIs

Introduce a new exception class APIGone to indicate that certain API
features have been removed and are no longer available. Update the
security integrity check endpoint to raise this new exception instead
of a generic APIError, providing clearer communication to clients that
the feature has been intentionally removed.

* Drop content trust

A cosign based signature verification will likely be named differently
to avoid confusion with existing implementations. For now, remove the
content trust option entirely.

* Drop code sign test

* Remove source_mods/content_trust evaluations

* Remove content_trust reference in bootstrap.py

* Fix security tests

* Drop unused tests

* Drop codenotary from schema

Since we have ""remove extra"" in voluptuous, we can remove the
codenotary field from the addon schema.

* Remove content_trust from tests

* Remove content_trust unsupported reason

* Remove unnecessary comment

* Remove unrelated pytest

* Remove unrelated fixtures"
home-assistant/supervisor,d33305379fa9a2e63f29200735d37bc294bfe967,2025-11,10,post,2025-11-04T17:12:15-05:00,2025-11-04T15:12:15-07:00,u6e2cc0f8cee6cea8,u6e2cc0f8cee6cea8@users.invalid,GitHub,noreply@github.com,1,0,3,6,4,2,4,2,,,,,,0,6250,Improve error message clarity by specifying to check supervisor logs (#6250),"Improve error message clarity by specifying to check supervisor logs (#6250)

* Improve error message clarity by specifying to check supervisor logs with 'ha supervisor logs'

* Fix ruff, supervisor -> Supervisor

---------

Co-authored-by: u5711c764245c9b7a <u5711c764245c9b7a@users.invalid>"
home-assistant/supervisor,c9ceb4a4e3ea8930d6fba86fbbfab54a234b03ff,2025-11,10,post,2025-11-05T12:17:51+01:00,2025-11-05T12:17:51+01:00,dependabot[bot],49699333+dependabot[bot]@users.noreply.github.com,GitHub,noreply@github.com,1,0,1,1,1,0,0,0,,,,,dependabot,0,6284,Bump getsentry/action-release from 3.3.0 to 3.4.0 (#6284),"Bump getsentry/action-release from 3.3.0 to 3.4.0 (#6284)

Co-authored-by: dependabot[bot] <49699333+dependabot[bot]@users.noreply.github.com>"
home-assistant/supervisor,4e5ec2d6be284cf719501d4a621dca7fd08d37ce,2025-11,10,post,2025-11-06T09:04:00+01:00,2025-11-06T09:04:00+01:00,dependabot[bot],49699333+dependabot[bot]@users.noreply.github.com,GitHub,noreply@github.com,1,0,1,1,1,0,0,0,,,,,dependabot,0,6288,Bump brotli from 1.1.0 to 1.2.0 (#6288),"Bump brotli from 1.1.0 to 1.2.0 (#6288)

Bumps [brotli](https://github.com/google/brotli) from 1.1.0 to 1.2.0.
- [Release notes](https://github.com/google/brotli/releases)
- [Changelog](https://github.com/google/brotli/blob/master/CHANGELOG.md)
- [Commits](https://github.com/google/brotli/compare/go/cbrotli/v1.1.0...v1.2.0)

---
updated-dependencies:
- dependency-name: brotli
  dependency-version: 1.2.0
  dependency-type: direct:production
  update-type: version-update:semver-minor
...

Signed-off-by: dependabot[bot] <support@github.com>
Co-authored-by: dependabot[bot] <49699333+dependabot[bot]@users.noreply.github.com>"
home-assistant/supervisor,d96ea9aef9ced0eb8821cdd5e7d7084eea500287,2025-11,10,post,2025-11-06T09:04:55+01:00,2025-11-06T09:04:55+01:00,ue9acf10ae3811d11,ue9acf10ae3811d11@users.invalid,GitHub,noreply@github.com,1,0,2,114,4,1,8,4,,B,claude,trailer;identity;message,,0,6287,Fix docker image pull progress blocked by small layers (#6287),"Fix docker image pull progress blocked by small layers (#6287)

* Fix docker image pull progress blocked by small layers

Small Docker layers (typically <100 bytes) can skip the downloading phase
entirely, going directly from ""Pulling fs layer"" to ""Download complete""
without emitting any progress events with byte counts. This caused the
aggregate progress calculation to block indefinitely, as it required all
layer jobs to have their `extra` field populated with byte counts before
proceeding.

The issue manifested as parent job progress jumping from 0% to 97.9% after
long delays, as seen when a 96-byte layer held up progress reporting for
~50 seconds until it finally reached the ""Extracting"" phase.

Set a minimal `extra` field (current=1, total=1) when layers reach
""Download complete"" without having gone through the downloading phase.
This allows the aggregate progress calculation to proceed immediately
while still correctly representing the layer as 100% downloaded.

🤖 Generated with [Claude Code](https://claude.com/claude-code)

Co-Authored-By: Claude <noreply@anthropic.com>

* Update test to capture issue correctly

* Improve pytest

* Fix pytest comment

* Fix pylint warning

---------

Co-authored-by: Claude <noreply@anthropic.com>"
home-assistant/supervisor,7b82ebe3aa279efdf7626b44d7f8feac0fb720e5,2025-11,10,post,2025-11-07T09:06:06+01:00,2025-11-07T09:06:06+01:00,dependabot[bot],49699333+dependabot[bot]@users.noreply.github.com,GitHub,noreply@github.com,1,0,1,1,1,0,0,0,,,,,dependabot,0,6291,Bump ruff from 0.14.3 to 0.14.4 (#6291),"Bump ruff from 0.14.3 to 0.14.4 (#6291)

Co-authored-by: dependabot[bot] <49699333+dependabot[bot]@users.noreply.github.com>"
home-assistant/supervisor,48da3d8a8d5fb95286177a0b5a69b2a882be88ce,2025-11,10,post,2025-11-09T23:07:49-08:00,2025-11-09T23:07:49-08:00,dependabot[bot],49699333+dependabot[bot]@users.noreply.github.com,GitHub,noreply@github.com,1,0,1,1,1,0,0,0,,,,,dependabot,0,6300,Bump pre-commit from 4.3.0 to 4.4.0 (#6300),Bump pre-commit from 4.3.0 to 4.4.0 (#6300)
home-assistant/supervisor,e59dcf7089be8525590b492544d742cbe3d69f47,2025-11,10,post,2025-11-09T23:15:39-08:00,2025-11-09T23:15:39-08:00,dependabot[bot],49699333+dependabot[bot]@users.noreply.github.com,GitHub,noreply@github.com,1,0,1,1,1,0,0,0,,,,,dependabot,0,6299,Bump dbus-fast from 2.44.5 to 2.45.1 (#6299),Bump dbus-fast from 2.44.5 to 2.45.1 (#6299)
home-assistant/supervisor,6eed5b02b45c362dd5b8ac3d414ada82505e1700,2025-11,10,post,2025-11-09T23:24:55-08:00,2025-11-09T23:24:55-08:00,dependabot[bot],49699333+dependabot[bot]@users.noreply.github.com,GitHub,noreply@github.com,1,0,1,1,1,0,0,0,,,,,dependabot,0,6298,Bump coverage from 7.11.0 to 7.11.3 (#6298),Bump coverage from 7.11.0 to 7.11.3 (#6298)
home-assistant/supervisor,f0ef40eb3e3831b88a3c01b563683afb087cb98f,2025-11,10,post,2025-11-10T09:55:16+01:00,2025-11-10T09:55:16+01:00,dependabot[bot],49699333+dependabot[bot]@users.noreply.github.com,GitHub,noreply@github.com,1,0,1,1,1,0,0,0,,,,,dependabot,0,6297,Bump astroid from 4.0.1 to 4.0.2 (#6297),"Bump astroid from 4.0.1 to 4.0.2 (#6297)

Co-authored-by: dependabot[bot] <49699333+dependabot[bot]@users.noreply.github.com>"
home-assistant/supervisor,1ba1ad9fc7686c5a5b3ca2cd3e04e03431b086ff,2025-11,10,post,2025-11-10T10:23:12+01:00,2025-11-10T10:23:12+01:00,ue9acf10ae3811d11,ue9acf10ae3811d11@users.invalid,GitHub,noreply@github.com,1,0,1,0,1,1,0,1,,,,,,0,6292,Remove Docker version from unhealthy reasons (#6292),"Remove Docker version from unhealthy reasons (#6292)

Any unhealthy reason blocks Home Assistant OS updates. If the Docker
version on a system running Home Assistant OS is outdated, the user
needs to be able to update Home Assistant OS to get a supported Docker
version. Therefore, we should not mark the system as unhealthy due to
an outdated Docker version."
home-assistant/supervisor,5018d5d04ede16b9d0c087224f9d90508f7cb462,2025-11,10,post,2025-11-10T12:00:25+01:00,2025-11-10T12:00:25+01:00,ue9acf10ae3811d11,ue9acf10ae3811d11@users.invalid,GitHub,noreply@github.com,1,0,1,1,1,0,0,0,,,,,,0,6301,Bump pytest-asyncio to 1.2.0 (#6301),Bump pytest-asyncio to 1.2.0 (#6301)
home-assistant/supervisor,8f2b0763b761d1d560aeab8905e5c37148e638b5,2025-11,10,post,2025-11-10T17:04:06+01:00,2025-11-10T17:04:06+01:00,ue9acf10ae3811d11,ue9acf10ae3811d11@users.invalid,GitHub,noreply@github.com,1,0,1,1,0,0,0,0,,,,,,0,6302,Add zstd compression support (#6302),"Add zstd compression support (#6302)

Add zstd compression support to allow zstd compressed proxing for
ingress. Zstd is automatically supported by aiohttp if the package
is present."
home-assistant/supervisor,91a9cb98c314bfe0b980d29f7287a7839a2ef21b,2025-11,10,post,2025-11-10T17:39:10+01:00,2025-11-10T17:39:10+01:00,ue9acf10ae3811d11,ue9acf10ae3811d11@users.invalid,GitHub,noreply@github.com,1,0,2,156,7,1,15,5,,,,,,0,6266,Avoid adding Content-Type to non-body responses (#6266),"Avoid adding Content-Type to non-body responses (#6266)

* Avoid adding Content-Type to non-body responses

The current code sets the content-type header for all responses
to the result's content_type property if upstream does not set a
content_type. The default value for content_type is
""application/octet-stream"".

For responses that do not have a body (like 204 No Content or
304 Not Modified), setting a content-type header is unnecessary and
potentially misleading. Follow HTTP standards by only adding the
content-type header to responses that actually contain a body.

* Add pytest for ingress proxy

* Preserve Content-Type header for HEAD requests in ingress API"
home-assistant/supervisor,d541fe5c3a971bc4981ea68bfcee251e924cebf4,2025-11,10,post,2025-11-11T22:28:34-08:00,2025-11-11T22:28:34-08:00,dependabot[bot],49699333+dependabot[bot]@users.noreply.github.com,GitHub,noreply@github.com,1,0,1,1,1,0,0,0,,,,,dependabot,0,6306,Bump sentry-sdk from 2.43.0 to 2.44.0 (#6306),Bump sentry-sdk from 2.43.0 to 2.44.0 (#6306)
home-assistant/supervisor,d85aedc42becdb0e5a1466b88c5ca94dee7802d8,2025-11,10,post,2025-11-12T20:44:01+01:00,2025-11-12T20:44:01+01:00,ue9acf10ae3811d11,ue9acf10ae3811d11@users.invalid,GitHub,noreply@github.com,1,0,2,4,4,1,1,1,,,,,,0,6307,Avoid using deprecated 'id' field in Docker events (#6307),Avoid using deprecated 'id' field in Docker events (#6307)
home-assistant/supervisor,69ae8db13c450478d1d317476ad89a15c0422fec,2025-11,10,post,2025-11-12T14:49:04-05:00,2025-11-12T20:49:04+01:00,ue9acf10ae3811d11,ue9acf10ae3811d11@users.invalid,GitHub,noreply@github.com,1,0,2,24,1,1,13,0,,,,,,0,6308,Add context to Sentry events during setup phase (#6308),"Add context to Sentry events during setup phase (#6308)

* Add context to Sentry events during setup phase

Since not all properties are safe to access the current code avoids
adding any context during initialization and setup phase. However,
quite some reports are during the setup phase. This change adds some
context to events during setup phase as well, to make debugging easier.

* Drop default arch (not available during setup)"
home-assistant/supervisor,30cc17219923586739bba929ef37051e4a90b08d,2025-11,10,post,2025-11-12T20:54:06+01:00,2025-11-12T14:54:06-05:00,ue1fc990c4f6dfd9c,ue1fc990c4f6dfd9c@users.invalid,GitHub,noreply@github.com,1,0,20,730,416,7,279,179,,,,,,0,6252,Migrate images from dockerpy to aiodocker (#6252),"Migrate images from dockerpy to aiodocker (#6252)

* Migrate images from dockerpy to aiodocker

* Add missing coverage and fix bug in repair

* Bind libraries to different files and refactor images.pull

* Use the same socket again

Try using the same socket again.

* Fix pytest

---------

Co-authored-by: ue9acf10ae3811d11 <ue9acf10ae3811d11@users.invalid>"
home-assistant/supervisor,af7a629dd441f4cbec17be6d2d9d65e58d78794d,2025-11,10,post,2025-11-13T09:07:57+01:00,2025-11-13T09:07:57+01:00,dependabot[bot],49699333+dependabot[bot]@users.noreply.github.com,GitHub,noreply@github.com,1,0,1,1,1,0,0,0,,,,,dependabot,0,6310,Bump pytest-asyncio from 1.2.0 to 1.3.0 (#6310),"Bump pytest-asyncio from 1.2.0 to 1.3.0 (#6310)

Bumps [pytest-asyncio](https://github.com/pytest-dev/pytest-asyncio) from 1.2.0 to 1.3.0.
- [Release notes](https://github.com/pytest-dev/pytest-asyncio/releases)
- [Commits](https://github.com/pytest-dev/pytest-asyncio/compare/v1.2.0...v1.3.0)

---
updated-dependencies:
- dependency-name: pytest-asyncio
  dependency-version: 1.3.0
  dependency-type: direct:production
  update-type: version-update:semver-minor
...

Signed-off-by: dependabot[bot] <support@github.com>
Co-authored-by: dependabot[bot] <49699333+dependabot[bot]@users.noreply.github.com>"
home-assistant/supervisor,2656b451cd828f55371ba5c2a0f13b9ad6f13d8b,2025-11,10,post,2025-11-13T09:45:51+01:00,2025-11-13T09:45:51+01:00,dependabot[bot],49699333+dependabot[bot]@users.noreply.github.com,GitHub,noreply@github.com,1,0,1,1,1,0,0,0,,,,,dependabot,0,6309,Bump pytest from 8.4.2 to 9.0.1 (#6309),"Bump pytest from 8.4.2 to 9.0.1 (#6309)

Bumps [pytest](https://github.com/pytest-dev/pytest) from 8.4.2 to 9.0.1.
- [Release notes](https://github.com/pytest-dev/pytest/releases)
- [Changelog](https://github.com/pytest-dev/pytest/blob/main/CHANGELOG.rst)
- [Commits](https://github.com/pytest-dev/pytest/compare/8.4.2...9.0.1)

---
updated-dependencies:
- dependency-name: pytest
  dependency-version: 9.0.1
  dependency-type: direct:production
  update-type: version-update:semver-major
...

Signed-off-by: dependabot[bot] <support@github.com>
Co-authored-by: dependabot[bot] <49699333+dependabot[bot]@users.noreply.github.com>"
home-assistant/supervisor,0eef2169f79708ae2527a0b0903b9d7fe4933970,2025-11,10,post,2025-11-13T23:02:33-08:00,2025-11-13T23:02:33-08:00,dependabot[bot],49699333+dependabot[bot]@users.noreply.github.com,GitHub,noreply@github.com,1,0,1,1,1,0,0,0,,,,,dependabot,0,6315,Bump pylint from 4.0.2 to 4.0.3 (#6315),Bump pylint from 4.0.2 to 4.0.3 (#6315)
home-assistant/supervisor,74f9431519a9eabcb3d0f6f1eefca14a6a136ce3,2025-11,10,post,2025-11-14T09:06:58+01:00,2025-11-14T09:06:58+01:00,dependabot[bot],49699333+dependabot[bot]@users.noreply.github.com,GitHub,noreply@github.com,1,0,1,1,1,0,0,0,,,,,dependabot,0,6314,Bump ruff from 0.14.4 to 0.14.5 (#6314),"Bump ruff from 0.14.4 to 0.14.5 (#6314)

Bumps [ruff](https://github.com/astral-sh/ruff) from 0.14.4 to 0.14.5.
- [Release notes](https://github.com/astral-sh/ruff/releases)
- [Changelog](https://github.com/astral-sh/ruff/blob/main/CHANGELOG.md)
- [Commits](https://github.com/astral-sh/ruff/compare/0.14.4...0.14.5)

---
updated-dependencies:
- dependency-name: ruff
  dependency-version: 0.14.5
  dependency-type: direct:production
  update-type: version-update:semver-patch
...

Signed-off-by: dependabot[bot] <support@github.com>
Co-authored-by: dependabot[bot] <49699333+dependabot[bot]@users.noreply.github.com>"
home-assistant/supervisor,95c106d502606167561db6e8c7de3e311cd9b830,2025-11,10,post,2025-11-18T08:45:19+01:00,2025-11-18T08:45:19+01:00,dependabot[bot],49699333+dependabot[bot]@users.noreply.github.com,GitHub,noreply@github.com,1,0,5,18,18,0,0,0,,,,,dependabot,0,6318,Bump actions/checkout from 5.0.0 to 5.0.1 (#6318),"Bump actions/checkout from 5.0.0 to 5.0.1 (#6318)

Bumps [actions/checkout](https://github.com/actions/checkout) from 5.0.0 to 5.0.1.
- [Release notes](https://github.com/actions/checkout/releases)
- [Changelog](https://github.com/actions/checkout/blob/main/CHANGELOG.md)
- [Commits](https://github.com/actions/checkout/compare/08c6903cd8c0fde910a37f88322edcfb5dd907a8...93cb6efe18208431cddfb8368fd83d5badbf9bfd)

---
updated-dependencies:
- dependency-name: actions/checkout
  dependency-version: 5.0.1
  dependency-type: direct:production
  update-type: version-update:semver-patch
...

Signed-off-by: dependabot[bot] <support@github.com>
Co-authored-by: dependabot[bot] <49699333+dependabot[bot]@users.noreply.github.com>"
home-assistant/supervisor,2eea3c70eb953717c08499f5f0d15b042c4cbeb2,2025-11,10,post,2025-11-19T09:27:45+01:00,2025-11-19T09:27:45+01:00,dependabot[bot],49699333+dependabot[bot]@users.noreply.github.com,GitHub,noreply@github.com,1,0,1,1,1,0,0,0,,,,,dependabot,0,6323,Bump coverage from 7.11.3 to 7.12.0 (#6323),"Bump coverage from 7.11.3 to 7.12.0 (#6323)

Bumps [coverage](https://github.com/coveragepy/coveragepy) from 7.11.3 to 7.12.0.
- [Release notes](https://github.com/coveragepy/coveragepy/releases)
- [Changelog](https://github.com/coveragepy/coveragepy/blob/main/CHANGES.rst)
- [Commits](https://github.com/coveragepy/coveragepy/compare/7.11.3...7.12.0)

---
updated-dependencies:
- dependency-name: coverage
  dependency-version: 7.12.0
  dependency-type: direct:production
  update-type: version-update:semver-minor
...

Signed-off-by: dependabot[bot] <support@github.com>
Co-authored-by: dependabot[bot] <49699333+dependabot[bot]@users.noreply.github.com>"
home-assistant/supervisor,d3d652eba5eb695b6dc6abfe53802cff06fc9549,2025-11,10,post,2025-11-19T09:27:59+01:00,2025-11-19T09:27:59+01:00,dependabot[bot],49699333+dependabot[bot]@users.noreply.github.com,GitHub,noreply@github.com,1,0,1,1,1,0,0,0,,,,,dependabot,0,6322,Bump sentry-sdk from 2.44.0 to 2.45.0 (#6322),"Bump sentry-sdk from 2.44.0 to 2.45.0 (#6322)

Bumps [sentry-sdk](https://github.com/getsentry/sentry-python) from 2.44.0 to 2.45.0.
- [Release notes](https://github.com/getsentry/sentry-python/releases)
- [Changelog](https://github.com/getsentry/sentry-python/blob/master/CHANGELOG.md)
- [Commits](https://github.com/getsentry/sentry-python/compare/2.44.0...2.45.0)

---
updated-dependencies:
- dependency-name: sentry-sdk
  dependency-version: 2.45.0
  dependency-type: direct:production
  update-type: version-update:semver-minor
...

Signed-off-by: dependabot[bot] <support@github.com>
Co-authored-by: dependabot[bot] <49699333+dependabot[bot]@users.noreply.github.com>"
home-assistant/supervisor,0837e05cb2c71be82035f0a39477b6161c90184c,2025-11,10,post,2025-11-19T09:39:24+01:00,2025-11-19T09:39:24+01:00,uc99e7580c7a8e9ca,uc99e7580c7a8e9ca@users.invalid,GitHub,noreply@github.com,1,0,14,301,191,3,39,10,,,,,,0,6319,Strip ANSI escape color sequences from /latest log responses (#6319),"Strip ANSI escape color sequences from /latest log responses (#6319)

* Strip ANSI escape color sequences from /latest log responses

Strip ANSI sequences of CSI commands [1] used for log coloring from
/latest log endpoints. These endpoint were primarily designed for log
downloads and colors are mostly not wanted in those. Add optional
argument for stripping the colors from the logs and enable it for the
/latest endpoints.

[1] https://en.wikipedia.org/wiki/ANSI_escape_code#CSIsection

* Refactor advanced logs' tests to use fixture factory

Introduce `advanced_logs_tester` fixture to simplify testing of advanced logs
in the API tests, declaring all the needed fixture in a single place. # Please
enter the commit message for your changes. Lines starting"
home-assistant/supervisor,72bbc50c83847f22f644cb95ede4c0385cd1c477,2025-11,10,post,2025-11-19T11:49:05+01:00,2025-11-19T11:49:05+01:00,ue9acf10ae3811d11,ue9acf10ae3811d11@users.invalid,GitHub,noreply@github.com,1,0,2,27,20,1,8,1,,B,claude,trailer;identity;message,,0,6324,Fix call_at to use event loop time base instead of Unix timestamp (#6324),"Fix call_at to use event loop time base instead of Unix timestamp (#6324)

* Fix call_at to use event loop time base instead of Unix timestamp

The CoreSys.call_at method was incorrectly passing Unix timestamps
directly to asyncio.loop.call_at(), which expects times in the event
loop's monotonic time base. This caused scheduled jobs to be scheduled
approximately 55 years in the future (the difference between Unix epoch
time and monotonic time since boot).

The bug was masked by time-machine 2.19.0, which patched time.monotonic()
and caused loop.time() to return Unix timestamps. Time-machine 3.0.0
removed this patching (as it caused event loop freezes), exposing the bug.

Fix by converting the datetime to event loop time base:
- Calculate delay from current Unix time to scheduled Unix time
- Add delay to current event loop time to get scheduled loop time

Also simplify test_job_scheduled_at to avoid time-machine's async
context managers, following the pattern of test_job_scheduled_delay.

🤖 Generated with [Claude Code](https://claude.com/claude-code)

Co-Authored-By: Claude <noreply@anthropic.com>

* Add comment about dateime in the past

---------

Co-authored-by: Claude <noreply@anthropic.com>"
home-assistant/supervisor,fc8fc171c122bcdd95355a5c2dcd9e9794d3e572,2025-11,10,post,2025-11-19T12:21:17+01:00,2025-11-19T12:21:17+01:00,dependabot[bot],49699333+dependabot[bot]@users.noreply.github.com,GitHub,noreply@github.com,1,0,1,1,1,0,0,0,,,,,dependabot,0,6321,Bump time-machine from 2.19.0 to 3.0.0 (#6321),"Bump time-machine from 2.19.0 to 3.0.0 (#6321)

Bumps [time-machine](https://github.com/adamchainz/time-machine) from 2.19.0 to 3.0.0.
- [Changelog](https://github.com/adamchainz/time-machine/blob/main/docs/changelog.rst)
- [Commits](https://github.com/adamchainz/time-machine/compare/2.19.0...3.0.0)

---
updated-dependencies:
- dependency-name: time-machine
  dependency-version: 3.0.0
  dependency-type: direct:production
  update-type: version-update:semver-major
...

Signed-off-by: dependabot[bot] <support@github.com>
Co-authored-by: dependabot[bot] <49699333+dependabot[bot]@users.noreply.github.com>"
home-assistant/supervisor,63a3dff118975dd9939f7253a0c6cd414cffe07a,2025-11,10,post,2025-11-19T12:21:27+01:00,2025-11-19T12:21:27+01:00,ue9acf10ae3811d11,ue9acf10ae3811d11@users.invalid,GitHub,noreply@github.com,1,0,2,78,20,1,2,0,,,,,,0,6320,Handle pull events with complete progress details only (#6320),"Handle pull events with complete progress details only (#6320)

* Handle pull events with complete progress details only

Under certain circumstances, Docker seems to send pull events with
incomplete progress details (i.e., missing 'current' or 'total' fields).
In practise, we've observed an empty dictionary for progress details
as well as missing 'total' field (while 'current' was present).
All events were using Docker 28.3.3 using the old, default Docker graph
backend.

* Fix docstring/comment"
home-assistant/supervisor,5ed0c851681730d032eec5dabea73e7eb8e8e0bb,2025-11,10,post,2025-11-21T09:29:15+01:00,2025-11-21T09:29:15+01:00,uc99e7580c7a8e9ca,uc99e7580c7a8e9ca@users.invalid,GitHub,noreply@github.com,1,0,3,31,0,1,3,0,,,,,,0,6326,Add optional no_colors query parameter to advanced logs endpoints (#6326),"Add optional no_colors query parameter to advanced logs endpoints (#6326)

Add support for `no_colors` query parameter on all advanced logs API endpoints,
allowing users to optionally strip ANSI color sequences from log output. This
complements the existing color stripping on /latest endpoints added in #6319."
home-assistant/supervisor,6af6c3157f3dfcdcc87cb029efff6a938eb9b3b5,2025-11,10,post,2025-11-21T09:29:32+01:00,2025-11-21T09:29:32+01:00,dependabot[bot],49699333+dependabot[bot]@users.noreply.github.com,GitHub,noreply@github.com,1,0,5,18,18,0,0,0,,,,,dependabot,0,6327,Bump actions/checkout from 5.0.1 to 6.0.0 (#6327),"Bump actions/checkout from 5.0.1 to 6.0.0 (#6327)

Bumps [actions/checkout](https://github.com/actions/checkout) from 5.0.1 to 6.0.0.
- [Release notes](https://github.com/actions/checkout/releases)
- [Changelog](https://github.com/actions/checkout/blob/main/CHANGELOG.md)
- [Commits](https://github.com/actions/checkout/compare/93cb6efe18208431cddfb8368fd83d5badbf9bfd...1af3b93b6815bc44a9784bd300feb67ff0d1eeb3)

---
updated-dependencies:
- dependency-name: actions/checkout
  dependency-version: 6.0.0
  dependency-type: direct:production
  update-type: version-update:semver-major
...

Signed-off-by: dependabot[bot] <support@github.com>
Co-authored-by: dependabot[bot] <49699333+dependabot[bot]@users.noreply.github.com>"
home-assistant/supervisor,79a99cc66d5068037ceb2fe402802714eff99f90,2025-11,10,post,2025-11-21T16:22:22+01:00,2025-11-21T16:22:22+01:00,uc99e7580c7a8e9ca,uc99e7580c7a8e9ca@users.invalid,GitHub,noreply@github.com,1,0,1,5,5,0,0,0,,,,,,0,6329,Use release-suffixed base images (pin to 2025.11.1) (#6329),"Use release-suffixed base images (pin to 2025.11.1) (#6329)

Currently we're lacking control over what version of the base images is
used, and it only depends on when the build is launched. This doesn't
allow any (easy) rollback mechanisms and it's also not very transparent.

Use the newly introduced base image tags which include the release
version suffix so we have more control over this aspect."
home-assistant/supervisor,93272fe4c099843d791fea5815862fc697cda8dd,2025-11,10,post,2025-11-21T16:35:26+01:00,2025-11-21T16:35:26+01:00,ue9acf10ae3811d11,ue9acf10ae3811d11@users.invalid,GitHub,noreply@github.com,1,0,8,95,1,7,52,1,,,,,,0,5620,"Deprecate i386, armhf and armv7 Supervisor architectures (#5620)","Deprecate i386, armhf and armv7 Supervisor architectures (#5620)

* Deprecate i386, armhf and armv7 Supervisor architectures

* Exclude Core from architecture deprecation checks

This allows to download the latest available Core version still, even
on deprecated systems.

* Fix pytest"
home-assistant/supervisor,ca7a3af6766444df3d7f9748ed7e4468a2db26a8,2025-11,10,post,2025-11-21T16:36:48+01:00,2025-11-21T16:36:48+01:00,uc99e7580c7a8e9ca,uc99e7580c7a8e9ca@users.invalid,GitHub,noreply@github.com,1,0,1,0,3,0,0,0,,,,,,0,6330,Drop codenotary options from the build config (#6330),"Drop codenotary options from the build config (#6330)

These options are obsolete, as all the support has been dropped from the
builder and Supervisor as well. Remove them from our build config too."
home-assistant/supervisor,0c2d0cf5c1af31cd5e6f328852f11c6bfc081f69,2025-11,10,post,2025-11-22T21:52:14+01:00,2025-11-22T21:52:14+01:00,ue9acf10ae3811d11,ue9acf10ae3811d11@users.invalid,GitHub,noreply@github.com,1,0,5,36,5,4,19,5,,B,claude,trailer;identity,,0,6325,Fix D-Bus enum type conversions for NetworkManager (#6325),"Fix D-Bus enum type conversions for NetworkManager (#6325)

Co-authored-by: Claude <noreply@anthropic.com>"
home-assistant/supervisor,4d1dd63248873d65f8e0fdf07305d6af4f19543e,2025-11,10,post,2025-11-24T07:46:27+01:00,2025-11-24T07:46:27+01:00,dependabot[bot],49699333+dependabot[bot]@users.noreply.github.com,GitHub,noreply@github.com,1,0,1,1,1,0,0,0,,,,,dependabot,0,6333,Bump time-machine from 3.0.0 to 3.1.0 (#6333),Bump time-machine from 3.0.0 to 3.1.0 (#6333)
home-assistant/supervisor,6d87e8f5915d547e0bcc37bcf4bf35d23455b305,2025-11,10,post,2025-11-24T07:54:42+01:00,2025-11-24T07:54:42+01:00,dependabot[bot],49699333+dependabot[bot]@users.noreply.github.com,GitHub,noreply@github.com,1,0,1,1,1,0,0,0,,,,,dependabot,0,6334,Bump pre-commit from 4.4.0 to 4.5.0 (#6334),Bump pre-commit from 4.4.0 to 4.5.0 (#6334)
home-assistant/supervisor,2f334c48c337b7264d24ff568873e8ecbe2ad974,2025-11,10,post,2025-11-24T08:49:55+01:00,2025-11-24T08:49:55+01:00,dependabot[bot],49699333+dependabot[bot]@users.noreply.github.com,GitHub,noreply@github.com,1,0,1,1,1,0,0,0,,,,,dependabot,0,6335,Bump ruff from 0.14.5 to 0.14.6 (#6335),"Bump ruff from 0.14.5 to 0.14.6 (#6335)

Bumps [ruff](https://github.com/astral-sh/ruff) from 0.14.5 to 0.14.6.
- [Release notes](https://github.com/astral-sh/ruff/releases)
- [Changelog](https://github.com/astral-sh/ruff/blob/main/CHANGELOG.md)
- [Commits](https://github.com/astral-sh/ruff/compare/0.14.5...0.14.6)

---
updated-dependencies:
- dependency-name: ruff
  dependency-version: 0.14.6
  dependency-type: direct:production
  update-type: version-update:semver-patch
...

Signed-off-by: dependabot[bot] <support@github.com>
Co-authored-by: dependabot[bot] <49699333+dependabot[bot]@users.noreply.github.com>"
home-assistant/supervisor,10af48a65b8e9b19b13e4ac734668d3a521f0b1f,2025-11,10,post,2025-11-24T08:50:56+01:00,2025-11-24T08:50:56+01:00,dependabot[bot],49699333+dependabot[bot]@users.noreply.github.com,GitHub,noreply@github.com,1,0,1,1,1,0,0,0,,,,,dependabot,0,6336,Bump backports-zstd from 1.0.0 to 1.1.0 (#6336),"Bump backports-zstd from 1.0.0 to 1.1.0 (#6336)

Bumps [backports-zstd](https://github.com/rogdham/backports.zstd) from 1.0.0 to 1.1.0.
- [Changelog](https://github.com/Rogdham/backports.zstd/blob/master/CHANGELOG.md)
- [Commits](https://github.com/rogdham/backports.zstd/compare/v1.0.0...v1.1.0)

---
updated-dependencies:
- dependency-name: backports-zstd
  dependency-version: 1.1.0
  dependency-type: direct:production
  update-type: version-update:semver-minor
...

Signed-off-by: dependabot[bot] <support@github.com>
Co-authored-by: dependabot[bot] <49699333+dependabot[bot]@users.noreply.github.com>"
home-assistant/supervisor,bb450cad4faab51bc224c8337f02e8bfa98da499,2025-11,10,post,2025-11-24T08:52:46+01:00,2025-11-24T08:52:46+01:00,dependabot[bot],49699333+dependabot[bot]@users.noreply.github.com,GitHub,noreply@github.com,1,0,1,1,1,0,0,0,,,,,dependabot,0,6332,Bump peter-evans/create-pull-request from 7.0.8 to 7.0.9 (#6332),"Bump peter-evans/create-pull-request from 7.0.8 to 7.0.9 (#6332)

Bumps [peter-evans/create-pull-request](https://github.com/peter-evans/create-pull-request) from 7.0.8 to 7.0.9.
- [Release notes](https://github.com/peter-evans/create-pull-request/releases)
- [Commits](https://github.com/peter-evans/create-pull-request/compare/271a8d0340265f705b14b6d32b9829c1cb33d45e...84ae59a2cdc2258d6fa0732dd66352dddae2a412)

---
updated-dependencies:
- dependency-name: peter-evans/create-pull-request
  dependency-version: 7.0.9
  dependency-type: direct:production
  update-type: version-update:semver-patch
...

Signed-off-by: dependabot[bot] <support@github.com>
Co-authored-by: dependabot[bot] <49699333+dependabot[bot]@users.noreply.github.com>"
home-assistant/supervisor,3be0c13fc5258b8f3128d4531102a6958b63b989,2025-11,10,post,2025-11-24T11:46:23+01:00,2025-11-24T11:46:23+01:00,ue9acf10ae3811d11,ue9acf10ae3811d11@users.invalid,GitHub,noreply@github.com,1,0,2,3,16,1,1,5,,,,,,0,6337,Drop Debian 12 from supported OS list (#6337),"Drop Debian 12 from supported OS list (#6337)

* Drop Debian 12 from supported OS list

With the deprecation of Home Assistant Supervised installation method
Debian 12 is no longer supported. This change removes Debian 12
from the list of supported operating systems in the evaluation logic.

* Improve tests"
home-assistant/supervisor,906838e325bdb851c93fe7144a121efb47c5ca3c,2025-11,10,post,2025-11-24T16:35:13+02:00,2025-11-24T16:35:13+02:00,u0cbe451e733e89e8,u0cbe451e733e89e8@users.invalid,GitHub,noreply@github.com,1,0,1,4,3,1,4,3,,,,,,0,6339,Fix disk usage calculation (#6339),Fix disk usage calculation (#6339)
home-assistant/supervisor,0ff12abdf4e560fafe5fa67bbd1bf538e4443280,2025-11,10,post,2025-11-25T07:19:32+01:00,2025-11-25T07:19:32+01:00,dependabot[bot],49699333+dependabot[bot]@users.noreply.github.com,GitHub,noreply@github.com,1,0,1,1,1,0,0,0,,,,,dependabot,0,6343,Bump sentry-sdk from 2.45.0 to 2.46.0 (#6343),"Bump sentry-sdk from 2.45.0 to 2.46.0 (#6343)

Co-authored-by: dependabot[bot] <49699333+dependabot[bot]@users.noreply.github.com>"
home-assistant/supervisor,603ba57846af543ca2b003e6155b7d7ea654386d,2025-11,10,post,2025-11-25T07:20:06+01:00,2025-11-25T07:20:06+01:00,dependabot[bot],49699333+dependabot[bot]@users.noreply.github.com,GitHub,noreply@github.com,1,0,1,1,1,0,0,0,,,,,dependabot,0,6342,Bump types-docker from 7.1.0.20251009 to 7.1.0.20251125 (#6342),"Bump types-docker from 7.1.0.20251009 to 7.1.0.20251125 (#6342)

Co-authored-by: dependabot[bot] <49699333+dependabot[bot]@users.noreply.github.com>"
home-assistant/supervisor,7244e447ab68169e05d6790013d0b81d9f787b01,2025-11,10,post,2025-11-25T07:20:29+01:00,2025-11-25T07:20:29+01:00,dependabot[bot],49699333+dependabot[bot]@users.noreply.github.com,GitHub,noreply@github.com,1,0,2,10,10,0,0,0,,,,,dependabot,0,6341,Bump actions/setup-python from 6.0.0 to 6.1.0 (#6341),"Bump actions/setup-python from 6.0.0 to 6.1.0 (#6341)

Co-authored-by: dependabot[bot] <49699333+dependabot[bot]@users.noreply.github.com>"
home-assistant/supervisor,032fa4cdc43532b88c724fef35c49c080e23e5ba,2025-11,10,post,2025-11-25T11:00:46+02:00,2025-11-25T10:00:46+01:00,ue9acf10ae3811d11,ue9acf10ae3811d11@users.invalid,GitHub,noreply@github.com,1,0,1,6,3,1,6,3,,,,,,0,6340,"Add comment to explicit ""used"" calculation for disk usage API (#6340)","Add comment to explicit ""used"" calculation for disk usage API (#6340)

* Add explicit used calculation for disk usage API

Added explicit calculation for used disk space along with a comment
to clarify the reasoning behind the calculation method.

* Address review feedback"
home-assistant/supervisor,d73682ee8a1a983e3644ca58ddf6a9f8a1e84a69,2025-11,10,post,2025-11-25T11:34:01+01:00,2025-11-25T11:34:01+01:00,ue9acf10ae3811d11,ue9acf10ae3811d11@users.invalid,GitHub,noreply@github.com,1,0,1,12,9,1,12,9,,B,claude,trailer;identity;message,,0,6344,Fix blocking I/O in DockerInfo cpu realtime check (#6344),"Fix blocking I/O in DockerInfo cpu realtime check (#6344)

The support_cpu_realtime property was performing blocking filesystem I/O
(Path.exists()) in async context, causing BlockingError e.g. when the
audio plugin started.

Changes:
- Convert support_cpu_realtime from property to dataclass field
- Make DockerInfo.new() async to properly handle I/O operations
- Run Path.exists() check in executor thread during initialization
- Store result as immutable field to avoid repeated filesystem access

Fixes SUPERVISOR-15WC

🤖 Generated with [Claude Code](https://claude.com/claude-code)

Co-authored-by: Claude <noreply@anthropic.com>"
home-assistant/supervisor,a3dca10fd8f81a677e02af70186da22a70e50f59,2025-11,10,post,2025-11-25T12:07:35+01:00,2025-11-25T12:07:35+01:00,ue9acf10ae3811d11,ue9acf10ae3811d11@users.invalid,GitHub,noreply@github.com,1,0,1,1,1,1,1,1,,B,claude,trailer;identity;message,,0,6346,Fix blocking I/O call in DBusManager.load() (#6346),"Fix blocking I/O call in DBusManager.load() (#6346)

Wrap SOCKET_DBUS.exists() call in sys_run_in_executor to avoid blocking
os.stat() call in async context. This follows the same pattern already
used in supervisor/resolution/evaluations/dbus.py.

Fixes SUPERVISOR-11HC

🤖 Generated with [Claude Code](https://claude.com/claude-code)

Co-authored-by: Claude <noreply@anthropic.com>"
home-assistant/supervisor,4b4afd081b5a27b4e7500f08d00f2c6be4e558f6,2025-11,10,post,2025-11-25T12:42:01+01:00,2025-11-25T12:42:01+01:00,uc99e7580c7a8e9ca,uc99e7580c7a8e9ca@users.invalid,GitHub,noreply@github.com,1,0,2,52,5,0,0,0,,,,,,0,6347,Drop build for deprecated architectures and re-tag legacy build instead (#6347),"Drop build for deprecated architectures and re-tag legacy build instead (#6347)

To ensure that e.g. airgapped devices running on deprecated archs can still
update the Supervisor when they become online, the version of Supervisor in the
version file must stay available for all architectures. Since the base images
will no longer exist for those archs and to avoid the need for building it from
current source, add job that pulls the last available image, changes the label
in the metadata and publishes it under the new tag. That way we'll get a new
image with a different SHA (compared to a plain re-tag), so the GHCR metrics
should reflect how many devices still pull these old images."
home-assistant/supervisor,2b2aedae60f722696d3297b8ab7b118bb4cc6efa,2025-11,10,post,2025-11-25T14:47:48+01:00,2025-11-25T14:47:48+01:00,ue9acf10ae3811d11,ue9acf10ae3811d11@users.invalid,GitHub,noreply@github.com,1,0,4,6,12,4,6,12,,B,claude,trailer;identity,,0,6348,Fix D-Bus type annotation issues (#6348),"Fix D-Bus type annotation issues (#6348)

Co-authored-by: Claude <noreply@anthropic.com>"
home-assistant/supervisor,6042694d8402fafa4a00bef059eaf4dc039ace14,2025-11,10,post,2025-11-25T16:25:06+01:00,2025-11-25T16:25:06+01:00,dependabot[bot],49699333+dependabot[bot]@users.noreply.github.com,GitHub,noreply@github.com,1,0,7,98,98,1,2,2,,,,,dependabot,0,6317,Bump dbus-fast from 2.45.1 to 3.1.2 (#6317),"Bump dbus-fast from 2.45.1 to 3.1.2 (#6317)

* Bump dbus-fast from 2.45.1 to 3.1.2

Bumps [dbus-fast](https://github.com/bluetooth-devices/dbus-fast) from 2.45.1 to 3.1.2.
- [Release notes](https://github.com/bluetooth-devices/dbus-fast/releases)
- [Changelog](https://github.com/Bluetooth-Devices/dbus-fast/blob/main/CHANGELOG.md)
- [Commits](https://github.com/bluetooth-devices/dbus-fast/compare/v2.45.1...v3.1.2)

---
updated-dependencies:
- dependency-name: dbus-fast
  dependency-version: 3.1.2
  dependency-type: direct:production
  update-type: version-update:semver-major
...

Signed-off-by: dependabot[bot] <support@github.com>

* Update unit tests for dbus-fast 3.1.2 changes

* Fix type annotations

---------

Signed-off-by: dependabot[bot] <support@github.com>
Co-authored-by: dependabot[bot] <49699333+dependabot[bot]@users.noreply.github.com>
Co-authored-by: ue9acf10ae3811d11 <ue9acf10ae3811d11@users.invalid>"
home-assistant/supervisor,ca521c24cb067874786d8550da1bed239e74a521,2025-11,10,post,2025-11-25T19:04:31+01:00,2025-11-25T19:04:31+01:00,ue9acf10ae3811d11,ue9acf10ae3811d11@users.invalid,GitHub,noreply@github.com,1,0,1,4,8,1,4,8,,B,claude,trailer;identity,,0,6350,Fix typeguard error in API decorator wrapper functions (#6350),"Fix typeguard error in API decorator wrapper functions (#6350)

Co-authored-by: Claude <noreply@anthropic.com>"
home-assistant/supervisor,5f55ab8de49864ad6ff2435a27c44e4fd361eed9,2025-11,10,post,2025-11-26T07:56:32+01:00,2025-11-26T07:56:32+01:00,dependabot[bot],49699333+dependabot[bot]@users.noreply.github.com,GitHub,noreply@github.com,1,0,1,1,1,0,0,0,,,,,dependabot,0,6352,Bump home-assistant/wheels from 2025.10.0 to 2025.11.0 (#6352),Bump home-assistant/wheels from 2025.10.0 to 2025.11.0 (#6352)
home-assistant/supervisor,e06e792e74f0e07af5ccb186583cf4191659167e,2025-11,10,post,2025-11-26T09:17:17+01:00,2025-11-26T09:17:17+01:00,ue9acf10ae3811d11,ue9acf10ae3811d11@users.invalid,GitHub,noreply@github.com,1,0,1,16,14,1,16,14,,B,claude,trailer;identity;message,,0,6349,Fix type annotations for sentinel values in job manager (#6349),"Fix type annotations for sentinel values in job manager (#6349)

Add `type[DEFAULT]` to type annotations for parameters that use the
DEFAULT sentinel value. This fixes runtime type checking failures with
typeguard when sentinel values are passed as arguments.

Use explicit type casts and restructured parameter passing to satisfy
mypy's type narrowing requirements. The sentinel pattern allows
distinguishing between ""parameter not provided"" and ""parameter
explicitly set to None"", which is critical for job management logic.

🤖 Generated with [Claude Code](https://claude.com/claude-code)

Co-authored-by: Claude <noreply@anthropic.com>"
home-assistant/supervisor,ae7700f52c5983a48d65fe34b326807c13dd80da,2025-11,10,post,2025-11-26T17:37:24+01:00,2025-11-26T17:37:24+01:00,ue9acf10ae3811d11,ue9acf10ae3811d11@users.invalid,GitHub,noreply@github.com,1,0,5,51,21,2,6,16,,B,claude,trailer;identity;message,,0,6355,Fix private registry authentication for aiodocker image pulls (#6355),"Fix private registry authentication for aiodocker image pulls (#6355)

* Fix private registry authentication for aiodocker image pulls

After PR #6252 migrated image pulling from dockerpy to aiodocker,
private registry authentication stopped working. The old _docker_login()
method stored credentials in ~/.docker/config.json via dockerpy, but
aiodocker doesn't read that file - it requires credentials passed
explicitly via the auth parameter.

Changes:
- Remove unused _docker_login() method (dockerpy login was ineffective)
- Pass credentials directly to pull_image() via new auth parameter
- Add auth parameter to DockerAPI.pull_image() method
- Add unit tests for Docker Hub and custom registry authentication

Fixes #6345

🤖 Generated with [Claude Code](https://claude.com/claude-code)

Co-Authored-By: Claude <noreply@anthropic.com>

* Ignore protected access in test

* Fix plug-in pull test

* Fix HA core tests

---------

Co-authored-by: Claude <noreply@anthropic.com>"
home-assistant/supervisor,3c87704802278cc65039040d91fc641a16ec2943,2025-11,10,post,2025-11-26T14:11:51-05:00,2025-11-26T20:11:51+01:00,ue9acf10ae3811d11,ue9acf10ae3811d11@users.invalid,GitHub,noreply@github.com,1,0,1,7,1,1,7,1,,B,claude,trailer;identity;message,,0,6328,Handle update errors in automatic Supervisor update task (#6328),"Handle update errors in automatic Supervisor update task (#6328)

Wrap the Supervisor auto-update call with suppress(SupervisorUpdateError)
to prevent unhandled exceptions from propagating. When an automatic update
fails, errors are already logged by the exception handlers, and there's no
meaningful recovery action the scheduler task can take.

🤖 Generated with [Claude Code](https://claude.com/claude-code)

Co-authored-by: Claude <noreply@anthropic.com>"
home-assistant/supervisor,62b7b8c399ba5226e8101bd0bce73cc64e3aa85b,2025-11,10,post,2025-11-27T07:22:43+01:00,2025-11-27T07:22:43+01:00,dependabot[bot],49699333+dependabot[bot]@users.noreply.github.com,GitHub,noreply@github.com,1,0,1,1,1,0,0,0,,,,,dependabot,0,6358,Bump types-docker from 7.1.0.20251125 to 7.1.0.20251127 (#6358),Bump types-docker from 7.1.0.20251125 to 7.1.0.20251127 (#6358)
home-assistant/supervisor,8a251e0324a9f575c77ca9170dea21334cec57ab,2025-11,10,post,2025-11-27T11:10:17+01:00,2025-11-27T11:10:17+01:00,ue9acf10ae3811d11,ue9acf10ae3811d11@users.invalid,GitHub,noreply@github.com,1,0,7,287,34,5,123,30,,B,claude;copilot,trailer;identity;message,,0,6356,Pass registry credentials to add-on build for private base images (#6356),"Pass registry credentials to add-on build for private base images (#6356)

* Pass registry credentials to add-on build for private base images

When building add-ons that use a base image from a private registry,
the build would fail because credentials configured via the Supervisor
API were not passed to the Docker-in-Docker build container.

This fix:
- Adds get_docker_config_json() to generate a Docker config.json with
  registry credentials for the base image
- Creates a temporary config file and mounts it into the build container
  at /root/.docker/config.json so BuildKit can authenticate when pulling
  the base image
- Cleans up the temporary file after build completes

Fixes #6354

🤖 Generated with [Claude Code](https://claude.com/claude-code)

Co-Authored-By: Claude <noreply@anthropic.com>

* Fix pylint errors

* Apply suggestions from code review

Co-authored-by: Copilot <175728472+Copilot@users.noreply.github.com>

* Refactor registry credential extraction into shared helper

Extract duplicate logic for determining which registry matches an image
into a shared `get_registry_for_image()` method in `DockerConfig`. This
method is now used by both `DockerInterface._get_credentials()` and
`AddonBuild.get_docker_config_json()`.

Move `DOCKER_HUB` and `IMAGE_WITH_HOST` constants to `docker/const.py`
to avoid circular imports between manager.py and interface.py.

🤖 Generated with [Claude Code](https://claude.com/claude-code)

Co-Authored-By: Claude <noreply@anthropic.com>

* Apply suggestions from code review

Co-authored-by: Copilot <175728472+Copilot@users.noreply.github.com>

* ruff format

* Document raises

---------

Co-authored-by: Claude <noreply@anthropic.com>
Co-authored-by: ue1fc990c4f6dfd9c <ue1fc990c4f6dfd9c@users.invalid>
Co-authored-by: Copilot <175728472+Copilot@users.noreply.github.com>"
home-assistant/supervisor,f55fd891e91cd4550d3809baeb8d832d33fa6501,2025-11,10,post,2025-11-27T16:02:39+01:00,2025-11-27T16:02:39+01:00,uc99e7580c7a8e9ca,uc99e7580c7a8e9ca@users.invalid,GitHub,noreply@github.com,1,0,6,136,1,4,42,0,,,,,,0,6361,Add API endpoint for migrating Docker storage driver (#6361),"Add API endpoint for migrating Docker storage driver (#6361)

Implement Supervisor API for home-assistant/os-agent#238, adding possibility to
schedule migration either to Containerd overlayfs driver, or migration to the
graph overlay2 driver, once the device is rebooted the next time. While it's
technically in the DBus OS interface, in Supervisor's abstraction it makes more
sense to put it under `/docker` endpoints."
home-assistant/supervisor,6302c7d394e51fa8f9a7554a1458c0e9043e03d6,2025-11,10,post,2025-11-27T16:26:22+01:00,2025-11-27T10:26:22-05:00,ue1fc990c4f6dfd9c,ue1fc990c4f6dfd9c@users.invalid,GitHub,noreply@github.com,1,0,7,345,45,2,18,21,,B,copilot,trailer,,0,6357,Fix progress when using containerd snapshotter (#6357),"Fix progress when using containerd snapshotter (#6357)

* Fix progress when using containerd snapshotter

* Add test for tiny image download under containerd-snapshotter

* Fix API tests after progress allocation change

* Fix test for auth changes

* Apply suggestions from code review

Co-authored-by: Copilot <175728472+Copilot@users.noreply.github.com>

---------

Co-authored-by: ue9acf10ae3811d11 <ue9acf10ae3811d11@users.invalid>
Co-authored-by: Copilot <175728472+Copilot@users.noreply.github.com>"
home-assistant/supervisor,2dc1f9224e73b5c6935b56ad2e25973991f796b1,2025-12,11,post,2025-12-01T08:40:38+01:00,2025-12-01T08:40:38+01:00,dependabot[bot],49699333+dependabot[bot]@users.noreply.github.com,GitHub,noreply@github.com,1,0,1,2,2,0,0,0,,,,,dependabot,0,6363,Bump home-assistant/builder from 2025.09.0 to 2025.11.0 (#6363),"Bump home-assistant/builder from 2025.09.0 to 2025.11.0 (#6363)

Bumps [home-assistant/builder](https://github.com/home-assistant/builder) from 2025.09.0 to 2025.11.0.
- [Release notes](https://github.com/home-assistant/builder/releases)
- [Commits](https://github.com/home-assistant/builder/compare/2025.09.0...2025.11.0)

---
updated-dependencies:
- dependency-name: home-assistant/builder
  dependency-version: 2025.11.0
  dependency-type: direct:production
...

Signed-off-by: dependabot[bot] <support@github.com>
Co-authored-by: dependabot[bot] <49699333+dependabot[bot]@users.noreply.github.com>"
home-assistant/supervisor,0a7b26187d90c9f7b5112bcfa18f2b36f043c336,2025-12,11,post,2025-12-01T08:41:14+01:00,2025-12-01T08:41:14+01:00,dependabot[bot],49699333+dependabot[bot]@users.noreply.github.com,GitHub,noreply@github.com,1,0,1,1,1,0,0,0,,,,,dependabot,0,6367,Bump ruff from 0.14.6 to 0.14.7 (#6367),"Bump ruff from 0.14.6 to 0.14.7 (#6367)

Bumps [ruff](https://github.com/astral-sh/ruff) from 0.14.6 to 0.14.7.
- [Release notes](https://github.com/astral-sh/ruff/releases)
- [Changelog](https://github.com/astral-sh/ruff/blob/main/CHANGELOG.md)
- [Commits](https://github.com/astral-sh/ruff/compare/0.14.6...0.14.7)

---
updated-dependencies:
- dependency-name: ruff
  dependency-version: 0.14.7
  dependency-type: direct:production
  update-type: version-update:semver-patch
...

Signed-off-by: dependabot[bot] <support@github.com>
Co-authored-by: dependabot[bot] <49699333+dependabot[bot]@users.noreply.github.com>"
home-assistant/supervisor,72159a0ae2b606f725d631b263dbd63342bd8bbb,2025-12,11,post,2025-12-01T08:41:31+01:00,2025-12-01T08:41:31+01:00,dependabot[bot],49699333+dependabot[bot]@users.noreply.github.com,GitHub,noreply@github.com,1,0,1,1,1,0,0,0,,,,,dependabot,0,6368,Bump pylint from 4.0.3 to 4.0.4 (#6368),"Bump pylint from 4.0.3 to 4.0.4 (#6368)

Bumps [pylint](https://github.com/pylint-dev/pylint) from 4.0.3 to 4.0.4.
- [Release notes](https://github.com/pylint-dev/pylint/releases)
- [Commits](https://github.com/pylint-dev/pylint/compare/v4.0.3...v4.0.4)

---
updated-dependencies:
- dependency-name: pylint
  dependency-version: 4.0.4
  dependency-type: direct:production
  update-type: version-update:semver-patch
...

Signed-off-by: dependabot[bot] <support@github.com>
Co-authored-by: dependabot[bot] <49699333+dependabot[bot]@users.noreply.github.com>"
home-assistant/supervisor,5ec3bea0dd4f28179d8d09c4593952b0906f6ce3,2025-12,11,post,2025-12-01T13:57:41+01:00,2025-12-01T13:57:41+01:00,ue9acf10ae3811d11,ue9acf10ae3811d11@users.invalid,GitHub,noreply@github.com,1,0,1,0,2,0,0,0,,B,claude,trailer;identity;message,,0,6370,Remove UP038 from ruff ignore list (#6370),"Remove UP038 from ruff ignore list (#6370)

The UP038 rule was removed from ruff in version 0.13.0, causing a warning
when running ruff. Remove it from the ignore list to eliminate the warning.

🤖 Generated with [Claude Code](https://claude.com/claude-code)

Co-authored-by: Claude <noreply@anthropic.com>"
home-assistant/supervisor,9466111d5638a80f7ffcb92c33e7f9ecfc25b74d,2025-12,11,post,2025-12-01T15:08:39+01:00,2025-12-01T15:08:39+01:00,dependabot[bot],49699333+dependabot[bot]@users.noreply.github.com,GitHub,noreply@github.com,1,0,3,8,3,2,7,2,,B,claude,trailer;identity;message,dependabot,0,6369,Bump types-docker from 7.1.0.20251127 to 7.1.0.20251129 (#6369),"Bump types-docker from 7.1.0.20251127 to 7.1.0.20251129 (#6369)

* Bump types-docker from 7.1.0.20251127 to 7.1.0.20251129

Bumps [types-docker](https://github.com/typeshed-internal/stub_uploader) from 7.1.0.20251127 to 7.1.0.20251129.
- [Commits](https://github.com/typeshed-internal/stub_uploader/commits)

---
updated-dependencies:
- dependency-name: types-docker
  dependency-version: 7.1.0.20251129
  dependency-type: direct:production
  update-type: version-update:semver-patch
...

Signed-off-by: dependabot[bot] <support@github.com>

* Fix type errors for types-docker 7.1.0.20251129

- Cast stats() return to dict[str, Any] when stream=False since the
  type stubs return Iterator | dict but we know it's dict when not
  streaming
- Cast attach_socket() return to SocketIO for local Docker connections
  via Unix socket, as the type stubs include types for SSH and other
  connection methods

🤖 Generated with [Claude Code](https://claude.com/claude-code)

Co-Authored-By: Claude <noreply@anthropic.com>

---------

Signed-off-by: dependabot[bot] <support@github.com>
Co-authored-by: dependabot[bot] <49699333+dependabot[bot]@users.noreply.github.com>
Co-authored-by: ue9acf10ae3811d11 <ue9acf10ae3811d11@users.invalid>
Co-authored-by: Claude <noreply@anthropic.com>"
home-assistant/supervisor,11e3fa0bb727fe4679997b7f0874f6a2c8c8dfd7,2025-12,11,post,2025-12-01T16:38:13+01:00,2025-12-01T16:38:13+01:00,dependabot[bot],49699333+dependabot[bot]@users.noreply.github.com,GitHub,noreply@github.com,1,0,2,8,8,1,7,7,,B,claude,trailer;identity,dependabot,0,6366,Bump mypy from 1.18.2 to 1.19.0 (#6366),"Bump mypy from 1.18.2 to 1.19.0 (#6366)

Co-authored-by: Claude <noreply@anthropic.com>
Co-authored-by: dependabot[bot] <49699333+dependabot[bot]@users.noreply.github.com>
Co-authored-by: ue9acf10ae3811d11 <ue9acf10ae3811d11@users.invalid>"
home-assistant/supervisor,ba82eb062045fd6c240dedc0a22d280c62089e69,2025-12,11,post,2025-12-01T19:43:19+01:00,2025-12-01T19:43:19+01:00,uc99e7580c7a8e9ca,uc99e7580c7a8e9ca@users.invalid,GitHub,noreply@github.com,1,0,1,3,11,0,0,0,,,,,,0,6373,Clean up Dockerfile after dropping deprecated architectures (#6373),"Clean up Dockerfile after dropping deprecated architectures (#6373)

Clean up unnecessary arguments that were needed for deprecated architectures,
bind-mount requirements file to reduce image bloat."
home-assistant/supervisor,fa490210cdc35d6651ccbfba746ee9382a4f07d6,2025-12,11,post,2025-12-01T19:56:05+01:00,2025-12-01T19:56:05+01:00,ue9acf10ae3811d11,ue9acf10ae3811d11@users.invalid,GitHub,noreply@github.com,1,0,10,73,53,6,45,41,,B,claude,trailer;identity,,0,6372,Improve CpuArch type safety across codebase (#6372),"Improve CpuArch type safety across codebase (#6372)

Co-authored-by: Claude <noreply@anthropic.com>"
home-assistant/supervisor,2fc6a7dcab75f7b5efd094b9cbfd3282adb92dda,2025-12,11,post,2025-12-02T07:36:51+01:00,2025-12-02T07:36:51+01:00,dependabot[bot],49699333+dependabot[bot]@users.noreply.github.com,GitHub,noreply@github.com,1,0,1,1,1,0,0,0,,,,,dependabot,0,6376,Bump types-docker from 7.1.0.20251129 to 7.1.0.20251202 (#6376),Bump types-docker from 7.1.0.20251129 to 7.1.0.20251202 (#6376)
home-assistant/supervisor,bac072a98547b71f12020b4fa8cfaa4db48eb290,2025-12,11,post,2025-12-02T14:08:07+01:00,2025-12-02T14:08:07+01:00,uc99e7580c7a8e9ca,uc99e7580c7a8e9ca@users.invalid,GitHub,noreply@github.com,1,0,5,95,23,0,0,0,,,,,,0,6374,Use unpublished local wheels during PR builds (#6374),"Use unpublished local wheels during PR builds (#6374)

* Use unpublished local wheels during PR builds

Refactor wheel building to use the new `local-wheels-repo-path` and move wheels
building into a separate CI job. Wheels are only published on published (i.e.
release or merged dev), for PR builds they are passed as artifacts to the build
job instead.

* Address review comments

* Add trailing slash for wheels folder
* Always run the changed_files check to ensure build_wheels runs on publish
* Use full path for workflow and escape dots in changed files regexp"
home-assistant/supervisor,50d31202aef6de2ee4a31902a210ad22dcd8c27c,2025-12,11,post,2025-12-02T14:30:03+01:00,2025-12-02T14:30:03+01:00,ue9acf10ae3811d11,ue9acf10ae3811d11@users.invalid,GitHub,noreply@github.com,1,0,6,164,16,5,90,15,,B,claude,trailer;identity;message,,0,6360,Use Docker's official registry domain detection logic (#6360),"Use Docker's official registry domain detection logic (#6360)

* Use Docker's official registry domain detection logic

Replace the custom IMAGE_WITH_HOST regex with a proper implementation
based on Docker's reference parser (vendor/github.com/distribution/
reference/normalize.go).

Changes:
- Change DOCKER_HUB from ""hub.docker.com"" to ""docker.io"" (official default)
- Add DOCKER_HUB_LEGACY for backward compatibility with ""hub.docker.com""
- Add IMAGE_DOMAIN_REGEX and get_domain() function that properly detects:
  - localhost (with optional port)
  - Domains with ""."" (e.g., ghcr.io, 127.0.0.1)
  - Domains with "":"" port (e.g., myregistry:5000)
  - IPv6 addresses (e.g., [::1]:5000)
- Update credential handling to support both docker.io and hub.docker.com
- Add comprehensive tests for domain detection

🤖 Generated with [Claude Code](https://claude.com/claude-code)

Co-Authored-By: Claude <noreply@anthropic.com>

* Refactor Docker domain detection to utils module

Move get_domain function to supervisor/docker/utils.py and rename it
to get_domain_from_image for consistency with get_registry_for_image.
Use named group in the regex for better readability.

🤖 Generated with [Claude Code](https://claude.com/claude-code)

Co-Authored-By: Claude <noreply@anthropic.com>

* Rename domain to registry for consistency

Use consistent ""registry"" terminology throughout the codebase:
- Rename get_domain_from_image to get_registry_from_image
- Rename IMAGE_DOMAIN_REGEX to IMAGE_REGISTRY_REGEX
- Update named group from ""domain"" to ""registry""
- Update all related comments and variable names

🤖 Generated with [Claude Code](https://claude.com/claude-code)

Co-Authored-By: Claude <noreply@anthropic.com>

---------

Co-authored-by: Claude <noreply@anthropic.com>"
home-assistant/supervisor,abeee95eb11116bca5fa701b93f50247e27ce88b,2025-12,11,post,2025-12-02T19:03:28+01:00,2025-12-02T19:03:28+01:00,ue9acf10ae3811d11,ue9acf10ae3811d11@users.invalid,GitHub,noreply@github.com,1,0,1,14,11,1,14,11,,B,claude,trailer;identity,,0,6380,Fix blocking I/O in git repository pull operation (#6380),"Fix blocking I/O in git repository pull operation (#6380)

Co-authored-by: Claude <noreply@anthropic.com>"
home-assistant/supervisor,d220fa801fa1bc35a0595639272273168185ce57,2025-12,11,post,2025-12-02T14:11:06-05:00,2025-12-02T20:11:06+01:00,ue9acf10ae3811d11,ue9acf10ae3811d11@users.invalid,GitHub,noreply@github.com,1,0,3,17,15,1,1,1,,B,claude,trailer;identity;message,,0,6378,Await aiodocker import_image coroutine (#6378),"Await aiodocker import_image coroutine (#6378)

The aiodocker images.import_image() method returns a coroutine that
needs to be awaited, but the code was iterating over it directly,
causing ""TypeError: 'coroutine' object is not iterable"".

Fixes SUPERVISOR-13D9

🤖 Generated with [Claude Code](https://claude.com/claude-code)

Co-authored-by: Claude <noreply@anthropic.com>"
home-assistant/supervisor,20f993e891e41f3eb0faef1ea34f17880f1d1252,2025-12,11,post,2025-12-02T20:23:37+01:00,2025-12-02T20:23:37+01:00,ue9acf10ae3811d11,ue9acf10ae3811d11@users.invalid,GitHub,noreply@github.com,1,0,1,5,1,0,0,0,,,,,,0,6381,Avoid getting changed files for releases (#6381),"Avoid getting changed files for releases (#6381)

The changed files GitHub Action is not available for release events, so
we skip that step and directly set the output to false for releases.
This restores how releases worked before #6374."
home-assistant/supervisor,37cc078144bf325ee61663dad0869ee31b61c382,2025-12,11,post,2025-12-03T10:37:24+01:00,2025-12-03T10:37:24+01:00,dependabot[bot],49699333+dependabot[bot]@users.noreply.github.com,GitHub,noreply@github.com,1,0,1,1,1,0,0,0,,,,,dependabot,0,6383,Bump actions/stale from 10.1.0 to 10.1.1 (#6383),"Bump actions/stale from 10.1.0 to 10.1.1 (#6383)

Co-authored-by: dependabot[bot] <49699333+dependabot[bot]@users.noreply.github.com>"
home-assistant/supervisor,bee0a4482e94878c93fd5f8ed2d7190ce9391916,2025-12,11,post,2025-12-03T10:40:03+01:00,2025-12-03T10:40:03+01:00,dependabot[bot],49699333+dependabot[bot]@users.noreply.github.com,GitHub,noreply@github.com,1,0,5,19,19,0,0,0,,,,,dependabot,0,6382,Bump actions/checkout from 6.0.0 to 6.0.1 (#6382),"Bump actions/checkout from 6.0.0 to 6.0.1 (#6382)

Co-authored-by: dependabot[bot] <49699333+dependabot[bot]@users.noreply.github.com>"
home-assistant/supervisor,aeb8e59da4853dd830ef2bbc76876991015127cc,2025-12,11,post,2025-12-03T14:36:48+01:00,2025-12-03T14:36:48+01:00,uc99e7580c7a8e9ca,uc99e7580c7a8e9ca@users.invalid,GitHub,noreply@github.com,1,0,1,34,51,0,0,0,,B,copilot,trailer,,0,6384,"Move wheels build to the build job, use ARM runner for aarch64 build (#6384)","Move wheels build to the build job, use ARM runner for aarch64 build (#6384)

* Move wheels build to the build job, use ARM runner for aarch64 build

There is problem that when wheels are not built, the depending jobs are
skipped. This will require to explicitly use `!cancelled() && !failure()` for
all jobs that depend on the build job. To avoid that, move the wheels build to
the build job. This means tha we need to run it on native ARM runner for
aarch64, but this isn't an issue as we'd like to do that anyway. Also renamed
the rather cryptic ""requirements"" output to ""build_wheels"", as that's what it
signalizes.

* Remove explicit ""shell: bash""

Co-authored-by: Copilot <175728472+Copilot@users.noreply.github.com>

---------

Co-authored-by: Copilot <175728472+Copilot@users.noreply.github.com>"
home-assistant/supervisor,fea8159ccfc810a2d9be7f76474c33061f158aa3,2025-12,11,post,2025-12-03T16:28:43+01:00,2025-12-03T16:28:43+01:00,ue9acf10ae3811d11,ue9acf10ae3811d11@users.invalid,GitHub,noreply@github.com,1,0,8,75,32,7,72,29,,,,,,0,6385,Fix typing issues in NetworkManager D-Bus integration (#6385),"Fix typing issues in NetworkManager D-Bus integration (#6385)

* Fix typing for IPv6 addr-gen-mode and ip6-privacy settings

* Fix ConnectionStateType typing

* Rename ConnectionStateType to ConnectionState

The extra type suffix is unnecessary.

* Apply suggestions from code review

Co-authored-by: uc99e7580c7a8e9ca <uc99e7580c7a8e9ca@users.invalid>

---------

Co-authored-by: uc99e7580c7a8e9ca <uc99e7580c7a8e9ca@users.invalid>"
home-assistant/supervisor,d203f20b7fb2b1076caace70125982e245afa1d7,2025-12,11,post,2025-12-03T17:45:44+01:00,2025-12-03T17:45:44+01:00,ue9acf10ae3811d11,ue9acf10ae3811d11@users.invalid,GitHub,noreply@github.com,1,0,1,5,5,1,5,5,,B,claude,trailer;identity;message,,0,6387,Fix type annotations in AddonModel (#6387),"Fix type annotations in AddonModel (#6387)

* Fix type annotations in AddonModel

Correct return type annotations for three properties in AddonModel
that were inconsistent with their actual return values:

- panel_admin: str -> bool
- with_tmpfs: str | None -> bool
- homeassistant_version: str | None -> AwesomeVersion | None

Based on the add-on schema _SCHEMA_ADDON_CONFIG in
supervisor/addons/validate.py.

Found while enabling typeguard for local testing.

🤖 Generated with [Claude Code](https://claude.com/claude-code)

Co-Authored-By: Claude <noreply@anthropic.com>

* Fix docstrings

---------

Co-authored-by: Claude <noreply@anthropic.com>"
home-assistant/supervisor,81b7e54b1843f4a24df7b5ece68c68ba3552a0c6,2025-12,11,post,2025-12-03T18:11:51+01:00,2025-12-03T12:11:51-05:00,ue1fc990c4f6dfd9c,ue1fc990c4f6dfd9c@users.invalid,GitHub,noreply@github.com,1,0,23,1001,275,14,616,243,,,,,,0,6303,Remove unknown errors from addons and auth (#6303),"Remove unknown errors from addons and auth (#6303)

* Remove unknown errors from addons

* Remove customized unknown error types

* Fix docker ratelimit exception and tests

* Fix stats test and add more for known errors

* Add defined error for when build fails

* Fixes from feedback

* Fix mypy issues

* Fix test failure due to rename

* Change auth reset error message"
home-assistant/supervisor,7895bc90075225ab42bc20f5d497209e870b04ac,2025-12,11,post,2025-12-03T21:51:56+01:00,2025-12-03T21:51:56+01:00,ue9acf10ae3811d11,ue9acf10ae3811d11@users.invalid,GitHub,noreply@github.com,1,0,1,15,7,1,15,7,,B,claude,trailer;identity;message,,0,6388,Fix return type hints for middleware methods (#6388),"Fix return type hints for middleware methods (#6388)

* Fix return type hints for middleware methods

Adjust type hints in SecurityMiddleware to use StreamResponse instead
of Response. This correctly reflects that middleware handlers can return
any StreamResponse subclass, including FileResponse and other streaming
responses.

🤖 Generated with [Claude Code](https://claude.com/claude-code)

Co-Authored-By: Claude <noreply@anthropic.com>

* Improve type annotations in SecurityMiddleware

Add proper type parameters to improve type safety:
- Use Callable[[Request], Awaitable[StreamResponse]] for middleware
  handlers instead of bare Callable
- Add type parameter to re.Pattern[str] for ADDONS_ROLE_ACCESS

🤖 Generated with [Claude Code](https://claude.com/claude-code)

Co-Authored-By: Claude <noreply@anthropic.com>

---------

Co-authored-by: Claude <noreply@anthropic.com>"
home-assistant/supervisor,3b3db2a9bce9ec612717210c858c559bbc2f35ce,2025-12,11,post,2025-12-03T21:52:25+01:00,2025-12-03T21:52:25+01:00,ue9acf10ae3811d11,ue9acf10ae3811d11@users.invalid,GitHub,noreply@github.com,1,0,8,32,27,8,32,27,,B,claude,trailer;identity;message,,0,6389,Fix type annotations in API modules (#6389),"Fix type annotations in API modules (#6389)

* Fix incorrect type annotations in API modules

Correct several type annotation issues found during typeguard testing:

- Fix `options_config` return type from `None` to `dict[str, Any]`
  (method returns validation result dict)
- Fix `uninstall` return type from `Awaitable[None]` to `None` and
  remove unnecessary return statement (async methods already return
  awaitables)
- Fix `stats` return type from `dict[Any, str]` to `dict[str, Any]`
  (type arguments were reversed)
- Fix `stop` return type from `Awaitable[None]` to `None` (async
  method shouldn't declare Awaitable return type)

🤖 Generated with [Claude Code](https://claude.com/claude-code)

Co-Authored-By: Claude <noreply@anthropic.com>

* Add missing type annotations to API methods

Add explicit return type annotations and request parameter types to
API endpoint methods that were missing them:

- backups.py: Add types to reload, download, upload methods
- docker.py: Add types to info, create_registry, remove_registry
- host.py: Add types to info, options, reboot, shutdown, reload,
  services, list_boots, list_identifiers, disk_usage; fix overly
  generic dict type
- services.py: Add types to list_services, set_service, get_service,
  del_service; add required imports
- store.py: Add types to add_repository, remove_repository
- supervisor.py: Add type to ping method

🤖 Generated with [Claude Code](https://claude.com/claude-code)

Co-Authored-By: Claude <noreply@anthropic.com>

---------

Co-authored-by: Claude <noreply@anthropic.com>"
home-assistant/supervisor,382f0e8aef6f7ae8d58de6e91b62ffd9c246e580,2025-12,11,post,2025-12-03T21:52:46+01:00,2025-12-03T21:52:46+01:00,ue9acf10ae3811d11,ue9acf10ae3811d11@users.invalid,GitHub,noreply@github.com,1,0,2,28,6,1,3,1,,B,claude,trailer;identity;message,,0,6391,Disable timeout for Docker image pull operations (#6391),"Disable timeout for Docker image pull operations (#6391)

* Disable timeout for Docker image pull operations

The aiodocker migration introduced a regression where image pulls could
timeout during slow downloads. The session-level timeout (900s total)
was being applied to pull operations, but docker-py explicitly sets
timeout=None for pulls, allowing them to run indefinitely.

When aiodocker receives timeout=None, it converts it to
ClientTimeout(total=None), which aiohttp treats as ""no timeout""
(returns TimerNoop instead of enforcing a timeout).

This fixes TimeoutError exceptions that could occur during installation
on systems with slow network connections or when pulling large images.

🤖 Generated with [Claude Code](https://claude.com/claude-code)

Co-Authored-By: Claude <noreply@anthropic.com>

* Fix pytests

---------

Co-authored-by: Claude <noreply@anthropic.com>"
home-assistant/supervisor,4d9e2838fee238066b6bde960e9714742167a943,2025-12,11,post,2025-12-04T07:23:23+01:00,2025-12-04T07:23:23+01:00,dependabot[bot],49699333+dependabot[bot]@users.noreply.github.com,GitHub,noreply@github.com,1,0,1,1,1,0,0,0,,,,,dependabot,0,6393,Bump sentry-sdk from 2.46.0 to 2.47.0 (#6393),Bump sentry-sdk from 2.46.0 to 2.47.0 (#6393)
home-assistant/supervisor,f0db82d715a7a3acfb38fee07480c0149ae3ad5f,2025-12,11,post,2025-12-05T12:25:24+01:00,2025-12-05T12:25:24+01:00,dependabot[bot],49699333+dependabot[bot]@users.noreply.github.com,GitHub,noreply@github.com,1,0,1,1,1,0,0,0,,,,,dependabot,0,6396,Bump ruff from 0.14.7 to 0.14.8 (#6396),"Bump ruff from 0.14.7 to 0.14.8 (#6396)

Bumps [ruff](https://github.com/astral-sh/ruff) from 0.14.7 to 0.14.8.
- [Release notes](https://github.com/astral-sh/ruff/releases)
- [Changelog](https://github.com/astral-sh/ruff/blob/main/CHANGELOG.md)
- [Commits](https://github.com/astral-sh/ruff/compare/0.14.7...0.14.8)

---
updated-dependencies:
- dependency-name: ruff
  dependency-version: 0.14.8
  dependency-type: direct:production
  update-type: version-update:semver-patch
...

Signed-off-by: dependabot[bot] <support@github.com>
Co-authored-by: dependabot[bot] <49699333+dependabot[bot]@users.noreply.github.com>"
home-assistant/supervisor,6f12d2cb6f00961ab8fd6d0db9552792ba531289,2025-12,11,post,2025-12-05T12:25:38+01:00,2025-12-05T12:25:38+01:00,ue9acf10ae3811d11,ue9acf10ae3811d11@users.invalid,GitHub,noreply@github.com,1,0,1,6,8,1,6,8,,B,claude,trailer;identity;message,,0,6392,Fix type annotations in addon options validation (#6392),"Fix type annotations in addon options validation (#6392)

* Fix type annotations in addon options validation

The type annotations for validation methods in AddonOptions and
UiOptions were overly restrictive and did not match runtime behavior:

- _nested_validate_list and _nested_validate_dict receive user input
  that could be any type, with runtime isinstance checks to validate.
  Changed parameter types from list[Any]/dict[Any, Any] to Any.

- _ui_schema_element handles str, list, and dict values depending on
  the schema structure. Changed from str to the union type.

🤖 Generated with [Claude Code](https://claude.com/claude-code)

Co-Authored-By: Claude <noreply@anthropic.com>

* Fix type annotations in addon options validation

Add missing type annotations to AddonOptions and UiOptions classes:
- Add parameter and return type to AddonOptions.__call__
- Add explicit type annotation to UiOptions.coresys attribute
- Add return type to UiOptions._ui_schema_element method

🤖 Generated with [Claude Code](https://claude.com/claude-code)

Co-Authored-By: Claude <noreply@anthropic.com>

---------

Co-authored-by: Claude <noreply@anthropic.com>"
home-assistant/supervisor,5d02b09a0d050f236a7ccae680889450cde0fea9,2025-12,11,post,2025-12-05T13:53:51+01:00,2025-12-05T13:53:51+01:00,ue9acf10ae3811d11,ue9acf10ae3811d11@users.invalid,GitHub,noreply@github.com,1,0,2,32,7,1,11,7,,B,claude,trailer;identity,,0,6397,Fix addon options reset to defaults (#6397),"Fix addon options reset to defaults (#6397)

Co-authored-by: Claude <noreply@anthropic.com>"
home-assistant/supervisor,cd4e7f2530178f60cce0fb52838073c47eab4020,2025-12,11,post,2025-12-05T14:45:56+01:00,2025-12-05T14:45:56+01:00,uc99e7580c7a8e9ca,uc99e7580c7a8e9ca@users.invalid,GitHub,noreply@github.com,1,0,3,3,12,1,1,1,,,,,,0,6399,Remove the option to revert to `overlay2` driver (#6399),"Remove the option to revert to `overlay2` driver (#6399)

OS Agent will no longer support migrating to the overlay2 driver due to reasons
explained in home-assistant/os-agent#245. Remove it from the Docker API as
well."
home-assistant/supervisor,3cae17cb7912f8a40b6cbb4e1064291e2bc2fab0,2025-12,11,post,2025-12-05T17:06:24+01:00,2025-12-05T17:06:24+01:00,dependabot[bot],49699333+dependabot[bot]@users.noreply.github.com,GitHub,noreply@github.com,1,0,1,1,1,0,0,0,,,,,dependabot,0,6403,Bump blockbuster from 1.5.25 to 1.5.26 (#6403),"Bump blockbuster from 1.5.25 to 1.5.26 (#6403)

Bumps [blockbuster](https://github.com/cbornet/blockbuster) from 1.5.25 to 1.5.26.
- [Release notes](https://github.com/cbornet/blockbuster/releases)
- [Commits](https://github.com/cbornet/blockbuster/compare/v1.5.25...v1.5.26)

---
updated-dependencies:
- dependency-name: blockbuster
  dependency-version: 1.5.26
  dependency-type: direct:production
  update-type: version-update:semver-patch
...

Signed-off-by: dependabot[bot] <support@github.com>
Co-authored-by: dependabot[bot] <49699333+dependabot[bot]@users.noreply.github.com>"
home-assistant/supervisor,2993a2371114a20c0b312fb2db58dd844899dc04,2025-12,11,post,2025-12-05T22:29:34+01:00,2025-12-05T22:29:34+01:00,dependabot[bot],49699333+dependabot[bot]@users.noreply.github.com,GitHub,noreply@github.com,1,0,1,1,1,0,0,0,,,,,dependabot,0,6401,Bump urllib3 from 2.5.0 to 2.6.0 (#6401),"Bump urllib3 from 2.5.0 to 2.6.0 (#6401)

Co-authored-by: dependabot[bot] <49699333+dependabot[bot]@users.noreply.github.com>"
home-assistant/supervisor,287a58e004d45c3334a5f44b50a83d775305fec8,2025-12,11,post,2025-12-07T00:35:47+01:00,2025-12-07T00:35:47+01:00,dependabot[bot],49699333+dependabot[bot]@users.noreply.github.com,GitHub,noreply@github.com,1,0,3,15,34,2,14,33,,,,,dependabot,0,6402,Bump securetar from 2025.2.1 to 2025.12.0 (#6402),"Bump securetar from 2025.2.1 to 2025.12.0 (#6402)

* Bump securetar from 2025.2.1 to 2025.12.0

Bumps [securetar](https://github.com/pvizeli/securetar) from 2025.2.1 to 2025.12.0.
- [Release notes](https://github.com/pvizeli/securetar/releases)
- [Commits](https://github.com/pvizeli/securetar/compare/2025.2.1...2025.12.0)

---
updated-dependencies:
- dependency-name: securetar
  dependency-version: 2025.12.0
  dependency-type: direct:production
  update-type: version-update:semver-minor
...

Signed-off-by: dependabot[bot] <support@github.com>

* Remove key derivation function from Supervisor

---------

Signed-off-by: dependabot[bot] <support@github.com>
Co-authored-by: dependabot[bot] <49699333+dependabot[bot]@users.noreply.github.com>
Co-authored-by: ue9acf10ae3811d11 <ue9acf10ae3811d11@users.invalid>"
home-assistant/supervisor,98624997511807dec65e04c303160daab9587365,2025-12,11,post,2025-12-07T00:38:38+01:00,2025-12-07T00:38:38+01:00,ue9acf10ae3811d11,ue9acf10ae3811d11@users.invalid,GitHub,noreply@github.com,1,0,2,38,1,1,1,0,,B,claude,trailer;identity;message,,0,6398,Handle missing origin remote in git store pull operation (#6398),"Handle missing origin remote in git store pull operation (#6398)

Add AttributeError to the exception handler in the git pull operation.
This catches the case where a repository exists but has no 'origin'
remote configured, which can happen if the remote was renamed or
deleted by the user or due to repository corruption.

When this error occurs, it now creates a CORRUPT_REPOSITORY issue with
an EXECUTE_RESET suggestion, triggering the auto-fix mechanism to
re-clone the repository.

Fixes SUPERVISOR-69Z
Fixes SUPERVISOR-172C

🤖 Generated with [Claude Code](https://claude.com/claude-code)

Co-authored-by: Claude <noreply@anthropic.com>"
home-assistant/supervisor,d920bde7e474990d4db99b3774fe118463bebc0c,2025-12,11,post,2025-12-08T07:24:53+01:00,2025-12-08T07:24:53+01:00,dependabot[bot],49699333+dependabot[bot]@users.noreply.github.com,GitHub,noreply@github.com,1,0,1,1,1,0,0,0,,,,,dependabot,0,6407,Bump orjson from 3.11.4 to 3.11.5 (#6407),Bump orjson from 3.11.4 to 3.11.5 (#6407)
home-assistant/supervisor,054c6d0365570c8c8612aba99c16d57905256b1b,2025-12,11,post,2025-12-08T08:21:33+01:00,2025-12-08T08:21:33+01:00,dependabot[bot],49699333+dependabot[bot]@users.noreply.github.com,GitHub,noreply@github.com,1,0,1,1,1,0,0,0,,,,,dependabot,0,6406,Bump peter-evans/create-pull-request from 7.0.9 to 7.0.11 (#6406),"Bump peter-evans/create-pull-request from 7.0.9 to 7.0.11 (#6406)

Bumps [peter-evans/create-pull-request](https://github.com/peter-evans/create-pull-request) from 7.0.9 to 7.0.11.
- [Release notes](https://github.com/peter-evans/create-pull-request/releases)
- [Commits](https://github.com/peter-evans/create-pull-request/compare/84ae59a2cdc2258d6fa0732dd66352dddae2a412...22a9089034f40e5a961c8808d113e2c98fb63676)

---
updated-dependencies:
- dependency-name: peter-evans/create-pull-request
  dependency-version: 7.0.11
  dependency-type: direct:production
  update-type: version-update:semver-patch
...

Signed-off-by: dependabot[bot] <support@github.com>
Co-authored-by: dependabot[bot] <49699333+dependabot[bot]@users.noreply.github.com>"
home-assistant/supervisor,0f6b211151c56125dccae4e7e4acf5d51403f8b5,2025-12,11,post,2025-12-08T08:21:53+01:00,2025-12-08T08:21:53+01:00,dependabot[bot],49699333+dependabot[bot]@users.noreply.github.com,GitHub,noreply@github.com,1,0,1,1,1,0,0,0,,,,,dependabot,0,6409,Bump pytest from 9.0.1 to 9.0.2 (#6409),"Bump pytest from 9.0.1 to 9.0.2 (#6409)

Bumps [pytest](https://github.com/pytest-dev/pytest) from 9.0.1 to 9.0.2.
- [Release notes](https://github.com/pytest-dev/pytest/releases)
- [Changelog](https://github.com/pytest-dev/pytest/blob/main/CHANGELOG.rst)
- [Commits](https://github.com/pytest-dev/pytest/compare/9.0.1...9.0.2)

---
updated-dependencies:
- dependency-name: pytest
  dependency-version: 9.0.2
  dependency-type: direct:production
  update-type: version-update:semver-patch
...

Signed-off-by: dependabot[bot] <support@github.com>
Co-authored-by: dependabot[bot] <49699333+dependabot[bot]@users.noreply.github.com>"
home-assistant/supervisor,923bc2ba87d5ebee84724605c1fb9b8c86ed65c9,2025-12,11,post,2025-12-08T08:22:07+01:00,2025-12-08T08:22:07+01:00,dependabot[bot],49699333+dependabot[bot]@users.noreply.github.com,GitHub,noreply@github.com,1,0,1,1,1,0,0,0,,,,,dependabot,0,6410,Bump backports-zstd from 1.1.0 to 1.2.0 (#6410),"Bump backports-zstd from 1.1.0 to 1.2.0 (#6410)

Bumps [backports-zstd](https://github.com/rogdham/backports.zstd) from 1.1.0 to 1.2.0.
- [Changelog](https://github.com/Rogdham/backports.zstd/blob/master/CHANGELOG.md)
- [Commits](https://github.com/rogdham/backports.zstd/compare/v1.1.0...v1.2.0)

---
updated-dependencies:
- dependency-name: backports-zstd
  dependency-version: 1.2.0
  dependency-type: direct:production
  update-type: version-update:semver-minor
...

Signed-off-by: dependabot[bot] <support@github.com>
Co-authored-by: dependabot[bot] <49699333+dependabot[bot]@users.noreply.github.com>"
home-assistant/supervisor,b79130816bb0a9276506b8ab10d1178819bd0901,2025-12,11,post,2025-12-08T08:24:12+01:00,2025-12-08T08:24:12+01:00,dependabot[bot],49699333+dependabot[bot]@users.noreply.github.com,GitHub,noreply@github.com,1,0,1,1,1,0,0,0,,,,,dependabot,0,6408,Bump aiodns from 3.5.0 to 3.6.0 (#6408),Bump aiodns from 3.5.0 to 3.6.0 (#6408)
home-assistant/supervisor,cdef1831ba343a6d5d46e0879a47a9f4a351bd37,2025-12,11,post,2025-12-08T16:35:56+01:00,2025-12-08T16:35:56+01:00,uc99e7580c7a8e9ca,uc99e7580c7a8e9ca@users.invalid,GitHub,noreply@github.com,1,0,7,48,0,6,24,0,,,,,,0,6400,Add option to Core settings to enable duplicated logs (#6400),"Add option to Core settings to enable duplicated logs (#6400)

Introduce new option `duplicate_log_file` to HA Core configuration that will
set an environment variable `HA_DUPLICATE_LOG_FILE=1` for the Core container if
enabled. This will serve as a flag for Core to enable the legacy log file,
along the standard logging which is handled by Systemd Journal."
home-assistant/supervisor,a2d301ed27192919e472108541a07de65d820b92,2025-12,11,post,2025-12-08T11:05:57-05:00,2025-12-08T17:05:57+01:00,ue59413a887484303,ue59413a887484303@users.invalid,GitHub,noreply@github.com,1,0,2,2,2,1,1,1,,,,,,0,6404,Increase timeout waiting for Core API to work around 2025.12.x issues (#6404),"Increase timeout waiting for Core API to work around 2025.12.x issues (#6404)

* Fix too short timeouts for Synology NAS 

With Home Assistant Core 2025.12.x updates available the STARTUP_API_RESPONSE_TIMEOUT that HA supervisor is willing to wait (before assuming a startup failure and rolling back the entire core update) seems to be too low on not-so-beefy hosts. The problem has been seen on Synology NAS machines running Home Assistant on the side (like in my case). I have doubled the timeout from 3 to 6 minutes and the upgrade to Core 2025.12.1 works on my Synology DS723+. My update took 4min 56s -- hence the timeout increase was proven necessary.

* Fix tests for increased API Timeout

* Increase the timeout to 10 minutes

* Increase the timeout in tests

---------

Co-authored-by: uc99e7580c7a8e9ca <uc99e7580c7a8e9ca@users.invalid>"
home-assistant/supervisor,5fe6b934e26f7dcc7a7a8f3b2c92611df1de6066,2025-12,11,post,2025-12-09T07:14:39+01:00,2025-12-09T07:14:39+01:00,dependabot[bot],49699333+dependabot[bot]@users.noreply.github.com,GitHub,noreply@github.com,1,0,1,1,1,0,0,0,,,,,dependabot,0,6413,Bump urllib3 from 2.6.0 to 2.6.1 (#6413),Bump urllib3 from 2.6.0 to 2.6.1 (#6413)
home-assistant/supervisor,b7a7475d47bd9b14ef163f8e50b0ab46a6dbaeb3,2025-12,11,post,2025-12-09T07:24:07+01:00,2025-12-09T07:24:07+01:00,dependabot[bot],49699333+dependabot[bot]@users.noreply.github.com,GitHub,noreply@github.com,1,0,1,1,1,0,0,0,,,,,dependabot,0,6414,Bump coverage from 7.12.0 to 7.13.0 (#6414),Bump coverage from 7.12.0 to 7.13.0 (#6414)
home-assistant/supervisor,88ab5e91964af2084e5b2c4af76e49faa662c3e9,2025-12,11,post,2025-12-10T07:46:19+01:00,2025-12-10T07:46:19+01:00,dependabot[bot],49699333+dependabot[bot]@users.noreply.github.com,GitHub,noreply@github.com,1,0,1,1,1,0,0,0,,,,,dependabot,0,6417,Bump peter-evans/create-pull-request from 7.0.11 to 8.0.0 (#6417),Bump peter-evans/create-pull-request from 7.0.11 to 8.0.0 (#6417)
home-assistant/supervisor,27c53048f6bc986a936f64ae88bea270f42fe4ab,2025-12,11,post,2025-12-10T09:06:35+01:00,2025-12-10T09:06:35+01:00,dependabot[bot],49699333+dependabot[bot]@users.noreply.github.com,GitHub,noreply@github.com,1,0,1,1,1,0,0,0,,,,,dependabot,0,6416,Bump codecov/codecov-action from 5.5.1 to 5.5.2 (#6416),Bump codecov/codecov-action from 5.5.1 to 5.5.2 (#6416)
home-assistant/supervisor,4df0db9df452437054a23fd58ed8d26f250e2923,2025-12,11,post,2025-12-11T23:42:40+01:00,2025-12-11T23:42:40+01:00,dependabot[bot],49699333+dependabot[bot]@users.noreply.github.com,GitHub,noreply@github.com,1,0,1,1,1,0,0,0,,,,,dependabot,0,6423,Bump aiodns from 3.6.0 to 3.6.1 (#6423),"Bump aiodns from 3.6.0 to 3.6.1 (#6423)

Bumps [aiodns](https://github.com/saghul/aiodns) from 3.6.0 to 3.6.1.
- [Release notes](https://github.com/saghul/aiodns/releases)
- [Changelog](https://github.com/aio-libs/aiodns/blob/master/ChangeLog)
- [Commits](https://github.com/saghul/aiodns/compare/v3.6.0...v3.6.1)

---
updated-dependencies:
- dependency-name: aiodns
  dependency-version: 3.6.1
  dependency-type: direct:production
  update-type: version-update:semver-patch
...

Signed-off-by: dependabot[bot] <support@github.com>
Co-authored-by: dependabot[bot] <49699333+dependabot[bot]@users.noreply.github.com>"
home-assistant/supervisor,4fc6acfceb62b5894d712e47ea9a946b442b0f27,2025-12,11,post,2025-12-15T09:55:28+01:00,2025-12-15T09:55:28+01:00,dependabot[bot],49699333+dependabot[bot]@users.noreply.github.com,GitHub,noreply@github.com,1,0,1,1,1,0,0,0,,,,,dependabot,0,6418,Bump debugpy from 1.8.17 to 1.8.18 (#6418),"Bump debugpy from 1.8.17 to 1.8.18 (#6418)

Bumps [debugpy](https://github.com/microsoft/debugpy) from 1.8.17 to 1.8.18.
- [Release notes](https://github.com/microsoft/debugpy/releases)
- [Commits](https://github.com/microsoft/debugpy/compare/v1.8.17...v1.8.18)

---
updated-dependencies:
- dependency-name: debugpy
  dependency-version: 1.8.18
  dependency-type: direct:production
  update-type: version-update:semver-patch
...

Signed-off-by: dependabot[bot] <support@github.com>
Co-authored-by: dependabot[bot] <49699333+dependabot[bot]@users.noreply.github.com>"
home-assistant/supervisor,d23bc291d5c89074afaaf668023ce73193c2c92d,2025-12,11,post,2025-12-15T09:57:30+01:00,2025-12-15T03:57:30-05:00,ue1fc990c4f6dfd9c,ue1fc990c4f6dfd9c@users.invalid,GitHub,noreply@github.com,1,0,33,701,437,10,414,212,,,,,,0,6415,Migrate create container to aiodocker (#6415),"Migrate create container to aiodocker (#6415)

* Migrate create container to aiodocker

* Fix extra hosts transformation

* Env not Environment

* Fix tests

* Fixes from feedback

---------

Co-authored-by: uc99e7580c7a8e9ca <uc99e7580c7a8e9ca@users.invalid>"
home-assistant/supervisor,272670878acb6321843266452da2c308d6177f9a,2025-12,11,post,2025-12-15T09:59:21+01:00,2025-12-15T09:59:21+01:00,dependabot[bot],49699333+dependabot[bot]@users.noreply.github.com,GitHub,noreply@github.com,1,0,1,1,1,0,0,0,,,,,dependabot,0,6421,Bump urllib3 from 2.6.1 to 2.6.2 (#6421),"Bump urllib3 from 2.6.1 to 2.6.2 (#6421)

Bumps [urllib3](https://github.com/urllib3/urllib3) from 2.6.1 to 2.6.2.
- [Release notes](https://github.com/urllib3/urllib3/releases)
- [Changelog](https://github.com/urllib3/urllib3/blob/main/CHANGES.rst)
- [Commits](https://github.com/urllib3/urllib3/compare/2.6.1...2.6.2)

---
updated-dependencies:
- dependency-name: urllib3
  dependency-version: 2.6.2
  dependency-type: direct:production
  update-type: version-update:semver-patch
...

Signed-off-by: dependabot[bot] <support@github.com>
Co-authored-by: dependabot[bot] <49699333+dependabot[bot]@users.noreply.github.com>"
home-assistant/supervisor,a9964e99066517e50a6aed7a41df0b033fd89581,2025-12,11,post,2025-12-15T09:59:50+01:00,2025-12-15T09:59:50+01:00,dependabot[bot],49699333+dependabot[bot]@users.noreply.github.com,GitHub,noreply@github.com,1,0,1,1,1,0,0,0,,,,,dependabot,0,6422,Bump ruff from 0.14.8 to 0.14.9 (#6422),"Bump ruff from 0.14.8 to 0.14.9 (#6422)

Bumps [ruff](https://github.com/astral-sh/ruff) from 0.14.8 to 0.14.9.
- [Release notes](https://github.com/astral-sh/ruff/releases)
- [Changelog](https://github.com/astral-sh/ruff/blob/main/CHANGELOG.md)
- [Commits](https://github.com/astral-sh/ruff/compare/0.14.8...0.14.9)

---
updated-dependencies:
- dependency-name: ruff
  dependency-version: 0.14.9
  dependency-type: direct:production
  update-type: version-update:semver-patch
...

Signed-off-by: dependabot[bot] <support@github.com>
Co-authored-by: dependabot[bot] <49699333+dependabot[bot]@users.noreply.github.com>"
home-assistant/supervisor,ba8b8a5a2662cd3ef2f3a3f2322d7328b14c949b,2025-12,11,post,2025-12-15T09:59:55+01:00,2025-12-15T09:59:55+01:00,dependabot[bot],49699333+dependabot[bot]@users.noreply.github.com,GitHub,noreply@github.com,1,0,1,1,1,0,0,0,,,,,dependabot,0,6426,Bump dessant/lock-threads from 5.0.1 to 6.0.0 (#6426),"Bump dessant/lock-threads from 5.0.1 to 6.0.0 (#6426)

Bumps [dessant/lock-threads](https://github.com/dessant/lock-threads) from 5.0.1 to 6.0.0.
- [Release notes](https://github.com/dessant/lock-threads/releases)
- [Changelog](https://github.com/dessant/lock-threads/blob/main/CHANGELOG.md)
- [Commits](https://github.com/dessant/lock-threads/compare/1bf7ec25051fe7c00bdd17e6a7cf3d7bfb7dc771...7266a7ce5c1df01b1c6db85bf8cd86c737dadbe7)

---
updated-dependencies:
- dependency-name: dessant/lock-threads
  dependency-version: 6.0.0
  dependency-type: direct:production
  update-type: version-update:semver-major
...

Signed-off-by: dependabot[bot] <support@github.com>
Co-authored-by: dependabot[bot] <49699333+dependabot[bot]@users.noreply.github.com>"
home-assistant/supervisor,f48f2fa21b80e22c76aa7c4ca51c0b36bfe3eb30,2025-12,11,post,2025-12-15T10:00:03+01:00,2025-12-15T10:00:03+01:00,dependabot[bot],49699333+dependabot[bot]@users.noreply.github.com,GitHub,noreply@github.com,1,0,1,15,15,0,0,0,,,,,dependabot,0,6427,Bump actions/cache from 4.3.0 to 5.0.1 (#6427),"Bump actions/cache from 4.3.0 to 5.0.1 (#6427)

Bumps [actions/cache](https://github.com/actions/cache) from 4.3.0 to 5.0.1.
- [Release notes](https://github.com/actions/cache/releases)
- [Changelog](https://github.com/actions/cache/blob/main/RELEASES.md)
- [Commits](https://github.com/actions/cache/compare/0057852bfaa89a56745cba8c7296529d2fc39830...9255dc7a253b0ccc959486e2bca901246202afeb)

---
updated-dependencies:
- dependency-name: actions/cache
  dependency-version: 5.0.1
  dependency-type: direct:production
  update-type: version-update:semver-major
...

Signed-off-by: dependabot[bot] <support@github.com>
Co-authored-by: dependabot[bot] <49699333+dependabot[bot]@users.noreply.github.com>"
home-assistant/supervisor,e08b7778149819625e2c05c2e411e393add525b1,2025-12,11,post,2025-12-15T10:00:17+01:00,2025-12-15T10:00:17+01:00,dependabot[bot],49699333+dependabot[bot]@users.noreply.github.com,GitHub,noreply@github.com,1,0,1,1,1,0,0,0,,,,,dependabot,0,6430,Bump mypy from 1.19.0 to 1.19.1 (#6430),"Bump mypy from 1.19.0 to 1.19.1 (#6430)

Bumps [mypy](https://github.com/python/mypy) from 1.19.0 to 1.19.1.
- [Changelog](https://github.com/python/mypy/blob/master/CHANGELOG.md)
- [Commits](https://github.com/python/mypy/compare/v1.19.0...v1.19.1)

---
updated-dependencies:
- dependency-name: mypy
  dependency-version: 1.19.1
  dependency-type: direct:production
  update-type: version-update:semver-patch
...

Signed-off-by: dependabot[bot] <support@github.com>
Co-authored-by: dependabot[bot] <49699333+dependabot[bot]@users.noreply.github.com>"
home-assistant/supervisor,50542f526c2cd8384377ad6e06841bdf6881e861,2025-12,11,post,2025-12-15T10:00:26+01:00,2025-12-15T10:00:26+01:00,dependabot[bot],49699333+dependabot[bot]@users.noreply.github.com,GitHub,noreply@github.com,1,0,2,2,2,0,0,0,,,,,dependabot,0,6428,Bump actions/upload-artifact from 5.0.0 to 6.0.0 (#6428),"Bump actions/upload-artifact from 5.0.0 to 6.0.0 (#6428)

Bumps [actions/upload-artifact](https://github.com/actions/upload-artifact) from 5.0.0 to 6.0.0.
- [Release notes](https://github.com/actions/upload-artifact/releases)
- [Commits](https://github.com/actions/upload-artifact/compare/330a01c490aca151604b8cf639adc76d48f6c5d4...b7c566a772e6b6bfb58ed0dc250532a479d7789f)

---
updated-dependencies:
- dependency-name: actions/upload-artifact
  dependency-version: 6.0.0
  dependency-type: direct:production
  update-type: version-update:semver-major
...

Signed-off-by: dependabot[bot] <support@github.com>
Co-authored-by: dependabot[bot] <49699333+dependabot[bot]@users.noreply.github.com>"
home-assistant/supervisor,29fdce5d79d6c56ef3482a4d880ddc2facf37d95,2025-12,11,post,2025-12-15T10:00:35+01:00,2025-12-15T10:00:35+01:00,dependabot[bot],49699333+dependabot[bot]@users.noreply.github.com,GitHub,noreply@github.com,1,0,2,2,2,0,0,0,,,,,dependabot,0,6429,Bump actions/download-artifact from 6.0.0 to 7.0.0 (#6429),"Bump actions/download-artifact from 6.0.0 to 7.0.0 (#6429)

Bumps [actions/download-artifact](https://github.com/actions/download-artifact) from 6.0.0 to 7.0.0.
- [Release notes](https://github.com/actions/download-artifact/releases)
- [Commits](https://github.com/actions/download-artifact/compare/018cc2cf5baa6db3ef3c5f8a56943fffe632ef53...37930b1c2abaa49bbe596cd826c3c89aef350131)

---
updated-dependencies:
- dependency-name: actions/download-artifact
  dependency-version: 7.0.0
  dependency-type: direct:production
  update-type: version-update:semver-major
...

Signed-off-by: dependabot[bot] <support@github.com>
Co-authored-by: dependabot[bot] <49699333+dependabot[bot]@users.noreply.github.com>"
home-assistant/supervisor,07c0d538d12c80ae302297e2e8a3247726a6d135,2025-12,11,post,2025-12-16T16:14:50+01:00,2025-12-16T16:14:50+01:00,dependabot[bot],49699333+dependabot[bot]@users.noreply.github.com,GitHub,noreply@github.com,1,0,1,1,1,0,0,0,,,,,dependabot,0,6431,Bump debugpy from 1.8.18 to 1.8.19 (#6431),"Bump debugpy from 1.8.18 to 1.8.19 (#6431)

Bumps [debugpy](https://github.com/microsoft/debugpy) from 1.8.18 to 1.8.19.
- [Release notes](https://github.com/microsoft/debugpy/releases)
- [Commits](https://github.com/microsoft/debugpy/compare/v1.8.18...v1.8.19)

---
updated-dependencies:
- dependency-name: debugpy
  dependency-version: 1.8.19
  dependency-type: direct:production
  update-type: version-update:semver-patch
...

Signed-off-by: dependabot[bot] <support@github.com>
Co-authored-by: dependabot[bot] <49699333+dependabot[bot]@users.noreply.github.com>"
home-assistant/supervisor,60e2f00388dfb3549ee1d27792f50f38bc8c97cf,2025-12,11,post,2025-12-17T19:42:50+01:00,2025-12-17T19:42:50+01:00,dependabot[bot],49699333+dependabot[bot]@users.noreply.github.com,GitHub,noreply@github.com,1,0,1,1,1,0,0,0,,,,,dependabot,0,6434,Bump pre-commit from 4.5.0 to 4.5.1 (#6434),"Bump pre-commit from 4.5.0 to 4.5.1 (#6434)

Bumps [pre-commit](https://github.com/pre-commit/pre-commit) from 4.5.0 to 4.5.1.
- [Release notes](https://github.com/pre-commit/pre-commit/releases)
- [Changelog](https://github.com/pre-commit/pre-commit/blob/main/CHANGELOG.md)
- [Commits](https://github.com/pre-commit/pre-commit/compare/v4.5.0...v4.5.1)

---
updated-dependencies:
- dependency-name: pre-commit
  dependency-version: 4.5.1
  dependency-type: direct:production
  update-type: version-update:semver-patch
...

Signed-off-by: dependabot[bot] <support@github.com>
Co-authored-by: dependabot[bot] <49699333+dependabot[bot]@users.noreply.github.com>"
home-assistant/supervisor,7bb361304f0768d4d674af3512e6f31501c211c3,2025-12,11,post,2025-12-17T19:43:25+01:00,2025-12-17T19:43:25+01:00,dependabot[bot],49699333+dependabot[bot]@users.noreply.github.com,GitHub,noreply@github.com,1,0,1,1,1,0,0,0,,,,,dependabot,0,6433,Bump sentry-sdk from 2.47.0 to 2.48.0 (#6433),"Bump sentry-sdk from 2.47.0 to 2.48.0 (#6433)

Bumps [sentry-sdk](https://github.com/getsentry/sentry-python) from 2.47.0 to 2.48.0.
- [Release notes](https://github.com/getsentry/sentry-python/releases)
- [Changelog](https://github.com/getsentry/sentry-python/blob/master/CHANGELOG.md)
- [Commits](https://github.com/getsentry/sentry-python/compare/2.47.0...2.48.0)

---
updated-dependencies:
- dependency-name: sentry-sdk
  dependency-version: 2.48.0
  dependency-type: direct:production
  update-type: version-update:semver-minor
...

Signed-off-by: dependabot[bot] <support@github.com>
Co-authored-by: dependabot[bot] <49699333+dependabot[bot]@users.noreply.github.com>"
home-assistant/supervisor,4b1a82562c66dc322369dd3afb9c2c654d210cbc,2025-12,11,post,2025-12-17T23:01:28+01:00,2025-12-17T23:01:28+01:00,uc99e7580c7a8e9ca,uc99e7580c7a8e9ca@users.invalid,GitHub,noreply@github.com,1,0,1,12,13,1,12,13,,,,,,0,6435,Fix missing metadata of stopped add-ons after aiodocker migration (#6435),"Fix missing metadata of stopped add-ons after aiodocker migration (#6435)

After the aiodocker migration in #6415 some add-ons may have been missing IP
addresses because the metadata was retrieved for the container before it was
started and network initialized. This manifested as some containers being
unreachable through ingress (e.g. 'Ingress error: Cannot connect to host
0.0.0.0:8099'), especially if they have been started manually after Supervisor
startup.

To fix it, simply move retrieval of the container metadata (which is then
persisted in DockerInterface._meta) to the end of the run method, where all
attributes should have correct values. This is similar to the flow before the
refactoring, where Container.reload() was called to update the metadata."
home-assistant/supervisor,4a70cb0f4ed99faec3d3a25704815fb59022e620,2025-12,11,post,2025-12-18T16:21:43+01:00,2025-12-18T16:21:43+01:00,uc99e7580c7a8e9ca,uc99e7580c7a8e9ca@users.invalid,GitHub,noreply@github.com,1,0,1,2,2,0,0,0,,,,,,0,6437,Bump base Docker image to 2025.12.2 (#6437),"Bump base Docker image to 2025.12.2 (#6437)

This mainly bumps Python to v3.13.11. For all changes, see:
- https://github.com/home-assistant/docker-base/releases/tag/2025.12.2
- https://github.com/home-assistant/docker-base/releases/tag/2025.12.1
- https://github.com/home-assistant/docker-base/releases/tag/2025.12.0
- https://github.com/home-assistant/docker-base/releases/tag/2025.11.3
- https://github.com/home-assistant/docker-base/releases/tag/2025.11.2"
home-assistant/supervisor,75cf60f0d65cd99237f4deb0f396f7fed11c4110,2025-12,11,post,2025-12-18T16:21:59+01:00,2025-12-18T16:21:59+01:00,uc99e7580c7a8e9ca,uc99e7580c7a8e9ca@users.invalid,GitHub,noreply@github.com,1,0,1,1,1,0,0,0,,,,,,0,6436,Bump uv to v0.9.18 (#6436),"Bump uv to v0.9.18 (#6436)

Bump to latest version, full changelog at:
https://github.com/astral-sh/uv/blob/0.9.18/CHANGELOG.md"
home-assistant/supervisor,8a89beb85cdeb218d14a771823e264f8b3289031,2025-12,11,post,2025-12-19T12:15:47+01:00,2025-12-19T12:15:47+01:00,dependabot[bot],49699333+dependabot[bot]@users.noreply.github.com,GitHub,noreply@github.com,1,0,1,1,1,0,0,0,,,,,dependabot,0,6441,Bump ruff from 0.14.9 to 0.14.10 (#6441),"Bump ruff from 0.14.9 to 0.14.10 (#6441)

Bumps [ruff](https://github.com/astral-sh/ruff) from 0.14.9 to 0.14.10.
- [Release notes](https://github.com/astral-sh/ruff/releases)
- [Changelog](https://github.com/astral-sh/ruff/blob/main/CHANGELOG.md)
- [Commits](https://github.com/astral-sh/ruff/compare/0.14.9...0.14.10)

---
updated-dependencies:
- dependency-name: ruff
  dependency-version: 0.14.10
  dependency-type: direct:production
  update-type: version-update:semver-patch
...

Signed-off-by: dependabot[bot] <support@github.com>
Co-authored-by: dependabot[bot] <49699333+dependabot[bot]@users.noreply.github.com>"
home-assistant/supervisor,11963436203ad9ba60f73e132968fdbeae6e0d2a,2025-12,11,post,2025-12-19T12:15:57+01:00,2025-12-19T12:15:57+01:00,dependabot[bot],49699333+dependabot[bot]@users.noreply.github.com,GitHub,noreply@github.com,1,0,1,1,1,0,0,0,,,,,dependabot,0,6440,Bump voluptuous from 0.15.2 to 0.16.0 (#6440),"Bump voluptuous from 0.15.2 to 0.16.0 (#6440)

Bumps [voluptuous](https://github.com/alecthomas/voluptuous) from 0.15.2 to 0.16.0.
- [Release notes](https://github.com/alecthomas/voluptuous/releases)
- [Changelog](https://github.com/alecthomas/voluptuous/blob/master/CHANGELOG.md)
- [Commits](https://github.com/alecthomas/voluptuous/compare/0.15.2...0.16.0)

---
updated-dependencies:
- dependency-name: voluptuous
  dependency-version: 0.16.0
  dependency-type: direct:production
  update-type: version-update:semver-minor
...

Signed-off-by: dependabot[bot] <support@github.com>
Co-authored-by: dependabot[bot] <49699333+dependabot[bot]@users.noreply.github.com>"
home-assistant/supervisor,7e39226f42e62f6908fe3fb6de31b1e433b69fdb,2025-12,11,post,2025-12-20T08:56:36-05:00,2025-12-20T08:56:36-05:00,ue1fc990c4f6dfd9c,ue1fc990c4f6dfd9c@users.invalid,GitHub,noreply@github.com,1,0,2,0,7,0,0,0,,,,,,0,6442,Remove cosign from container (#6442),Remove cosign from container (#6442)
home-assistant/supervisor,d4b1aa82aba4b6ce38f082ee7b7dc28472663462,2025-12,11,post,2025-12-20T09:08:06-05:00,2025-12-20T09:08:06-05:00,dependabot[bot],49699333+dependabot[bot]@users.noreply.github.com,GitHub,noreply@github.com,1,0,1,1,1,0,0,0,,,,,dependabot,0,6438,Bump time-machine from 3.1.0 to 3.2.0 (#6438),"Bump time-machine from 3.1.0 to 3.2.0 (#6438)

Bumps [time-machine](https://github.com/adamchainz/time-machine) from 3.1.0 to 3.2.0.
- [Changelog](https://github.com/adamchainz/time-machine/blob/main/docs/changelog.rst)
- [Commits](https://github.com/adamchainz/time-machine/compare/3.1.0...3.2.0)

---
updated-dependencies:
- dependency-name: time-machine
  dependency-version: 3.2.0
  dependency-type: direct:production
  update-type: version-update:semver-minor
...

Signed-off-by: dependabot[bot] <support@github.com>
Co-authored-by: dependabot[bot] <49699333+dependabot[bot]@users.noreply.github.com>"
home-assistant/supervisor,10327e73c941f68ecbbb9b958e4db58bcadbeff6,2025-12,11,post,2025-12-29T11:44:21+01:00,2025-12-29T11:44:21+01:00,dependabot[bot],49699333+dependabot[bot]@users.noreply.github.com,GitHub,noreply@github.com,1,0,1,1,1,0,0,0,,,,,dependabot,0,6452,Bump coverage from 7.13.0 to 7.13.1 (#6452),"Bump coverage from 7.13.0 to 7.13.1 (#6452)

Co-authored-by: dependabot[bot] <49699333+dependabot[bot]@users.noreply.github.com>"
home-assistant/supervisor,f384b9ce86684e71af6dcc14477b0dffcbe02709,2025-12,11,post,2025-12-30T08:51:03+01:00,2025-12-30T08:51:03+01:00,dependabot[bot],49699333+dependabot[bot]@users.noreply.github.com,GitHub,noreply@github.com,1,0,1,1,1,0,0,0,,,,,dependabot,0,6454,Bump backports-zstd from 1.2.0 to 1.3.0 (#6454),Bump backports-zstd from 1.2.0 to 1.3.0 (#6454)
home-assistant/supervisor,4c7a0d5477b3c69fcc1c73540a4b16a9cb2e2074,2026-01,12,post,2026-01-02T10:03:12+01:00,2026-01-02T10:03:12+01:00,dependabot[bot],49699333+dependabot[bot]@users.noreply.github.com,GitHub,noreply@github.com,1,0,1,1,1,0,0,0,,,,,dependabot,0,6455,Bump gitpython from 3.1.45 to 3.1.46 (#6455),Bump gitpython from 3.1.45 to 3.1.46 (#6455)
home-assistant/supervisor,0c5f48e4af6d21fe2cc7cada3688f96b3046a7ed,2026-01,12,post,2026-01-03T08:26:28-10:00,2026-01-03T08:26:28-10:00,dependabot[bot],49699333+dependabot[bot]@users.noreply.github.com,GitHub,noreply@github.com,1,0,1,1,1,0,0,0,,,,,dependabot,0,6456,Bump aiohttp from 3.13.2 to 3.13.3 (#6456),"Bump aiohttp from 3.13.2 to 3.13.3 (#6456)

Co-authored-by: dependabot[bot] <49699333+dependabot[bot]@users.noreply.github.com>"
home-assistant/supervisor,61052f78df21f63e1cdb60c0b61fe8d288ec1277,2026-01,12,post,2026-01-05T10:16:51+01:00,2026-01-05T10:16:51+01:00,dependabot[bot],49699333+dependabot[bot]@users.noreply.github.com,GitHub,noreply@github.com,1,0,1,1,1,0,0,0,,,,,dependabot,0,6458,Bump getsentry/action-release from 3.4.0 to 3.5.0 (#6458),"Bump getsentry/action-release from 3.4.0 to 3.5.0 (#6458)

Bumps [getsentry/action-release](https://github.com/getsentry/action-release) from 3.4.0 to 3.5.0.
- [Release notes](https://github.com/getsentry/action-release/releases)
- [Changelog](https://github.com/getsentry/action-release/blob/master/CHANGELOG.md)
- [Commits](https://github.com/getsentry/action-release/compare/128c5058bbbe93c8e02147fe0a9c713f166259a6...dab6548b3c03c4717878099e43782cf5be654289)

---
updated-dependencies:
- dependency-name: getsentry/action-release
  dependency-version: 3.5.0
  dependency-type: direct:production
  update-type: version-update:semver-minor
...

Signed-off-by: dependabot[bot] <support@github.com>
Co-authored-by: dependabot[bot] <49699333+dependabot[bot]@users.noreply.github.com>"
home-assistant/supervisor,6a29f9221209a12bb7c83e38b3ffe4c647737528,2026-01,12,post,2026-01-05T10:18:06+01:00,2026-01-05T10:18:06+01:00,dependabot[bot],49699333+dependabot[bot]@users.noreply.github.com,GitHub,noreply@github.com,1,0,1,1,1,0,0,0,,,,,dependabot,0,6459,Bump astroid from 4.0.2 to 4.0.3 (#6459),"Bump astroid from 4.0.2 to 4.0.3 (#6459)

Bumps [astroid](https://github.com/pylint-dev/astroid) from 4.0.2 to 4.0.3.
- [Release notes](https://github.com/pylint-dev/astroid/releases)
- [Changelog](https://github.com/pylint-dev/astroid/blob/main/ChangeLog)
- [Commits](https://github.com/pylint-dev/astroid/compare/v4.0.2...v4.0.3)

---
updated-dependencies:
- dependency-name: astroid
  dependency-version: 4.0.3
  dependency-type: direct:production
  update-type: version-update:semver-patch
...

Signed-off-by: dependabot[bot] <support@github.com>
Co-authored-by: dependabot[bot] <49699333+dependabot[bot]@users.noreply.github.com>"
home-assistant/supervisor,1b8f51d5c7b8b3970b54ac9b41021e212a559f0d,2026-01,12,post,2026-01-05T10:19:02+01:00,2026-01-05T04:19:02-05:00,ue1fc990c4f6dfd9c,ue1fc990c4f6dfd9c@users.invalid,GitHub,noreply@github.com,1,0,18,20,37,18,20,37,,,,,,0,6446,Fix accidental absolute imports (#6446),Fix accidental absolute imports (#6446)
home-assistant/supervisor,5ebd200b1eea3a50997754c8ce123db92a8eff9d,2026-01,12,post,2026-01-05T10:20:46+01:00,2026-01-05T04:20:46-05:00,ue1fc990c4f6dfd9c,ue1fc990c4f6dfd9c@users.invalid,GitHub,noreply@github.com,1,0,1,1,1,1,1,1,,,,,,0,6443,Don't remove folder on Home Assistant restore (#6443),Don't remove folder on Home Assistant restore (#6443)
home-assistant/supervisor,1d1a8cdad35f85631bfbde38de1b03c5aca69464,2026-01,12,post,2026-01-06T16:01:48+01:00,2026-01-06T10:01:48-05:00,ue1fc990c4f6dfd9c,ue1fc990c4f6dfd9c@users.invalid,GitHub,noreply@github.com,1,0,5,138,6,4,60,6,,,,,,0,6439,Add API to force repository repair (#6439),"Add API to force repository repair (#6439)

* Add API to force repository repair

* Fix inheritance for error

* Fix absolute import"
home-assistant/supervisor,1f9cbb63acaeadfd899c1f2949b9070de2d8f02d,2026-01,12,post,2026-01-08T11:30:13+01:00,2026-01-08T11:30:13+01:00,dependabot[bot],49699333+dependabot[bot]@users.noreply.github.com,GitHub,noreply@github.com,1,0,1,1,1,0,0,0,,,,,dependabot,0,6465,Bump urllib3 from 2.6.2 to 2.6.3 (#6465),"Bump urllib3 from 2.6.2 to 2.6.3 (#6465)

Bumps [urllib3](https://github.com/urllib3/urllib3) from 2.6.2 to 2.6.3.
- [Release notes](https://github.com/urllib3/urllib3/releases)
- [Changelog](https://github.com/urllib3/urllib3/blob/main/CHANGES.rst)
- [Commits](https://github.com/urllib3/urllib3/compare/2.6.2...2.6.3)

---
updated-dependencies:
- dependency-name: urllib3
  dependency-version: 2.6.3
  dependency-type: direct:production
  update-type: version-update:semver-patch
...

Signed-off-by: dependabot[bot] <support@github.com>
Co-authored-by: dependabot[bot] <49699333+dependabot[bot]@users.noreply.github.com>"
home-assistant/supervisor,1def9cc60e1cfc40be5309ab3317305aaccbca56,2026-01,12,post,2026-01-12T17:59:11+01:00,2026-01-12T17:59:11+01:00,dependabot[bot],49699333+dependabot[bot]@users.noreply.github.com,GitHub,noreply@github.com,1,0,1,1,1,0,0,0,,,,,dependabot,0,6466,Bump types-docker from 7.1.0.20251202 to 7.1.0.20260109 (#6466),"Bump types-docker from 7.1.0.20251202 to 7.1.0.20260109 (#6466)

Co-authored-by: dependabot[bot] <49699333+dependabot[bot]@users.noreply.github.com>"
home-assistant/supervisor,0f30e2cb431a089f5a35ebd55ed386fe0b7e455d,2026-01,12,post,2026-01-12T22:48:34+01:00,2026-01-12T22:48:34+01:00,dependabot[bot],49699333+dependabot[bot]@users.noreply.github.com,GitHub,noreply@github.com,1,0,1,1,1,0,0,0,,,,,dependabot,0,6468,Bump ruff from 0.14.10 to 0.14.11 (#6468),"Bump ruff from 0.14.10 to 0.14.11 (#6468)

Co-authored-by: dependabot[bot] <49699333+dependabot[bot]@users.noreply.github.com>"
home-assistant/supervisor,9ad1bf0f1a646db5ec9f83a3ced8d134b788b710,2026-01,12,post,2026-01-12T22:51:15+01:00,2026-01-12T22:51:15+01:00,dependabot[bot],49699333+dependabot[bot]@users.noreply.github.com,GitHub,noreply@github.com,1,0,1,1,1,0,0,0,,,,,dependabot,0,6467,Bump sentry-sdk from 2.48.0 to 2.49.0 (#6467),"Bump sentry-sdk from 2.48.0 to 2.49.0 (#6467)

Co-authored-by: dependabot[bot] <49699333+dependabot[bot]@users.noreply.github.com>"
home-assistant/supervisor,e7a05596920dc26358fe63d02597a8fe05ecf9c7,2026-01,12,post,2026-01-13T22:00:46+01:00,2026-01-13T22:00:46+01:00,dependabot[bot],49699333+dependabot[bot]@users.noreply.github.com,GitHub,noreply@github.com,1,0,1,1,1,0,0,0,,,,,dependabot,0,6464,Bump types-requests from 2.32.4.20250913 to 2.32.4.20260107 (#6464),"Bump types-requests from 2.32.4.20250913 to 2.32.4.20260107 (#6464)

Co-authored-by: dependabot[bot] <49699333+dependabot[bot]@users.noreply.github.com>"
home-assistant/supervisor,4d708d34c847f818b7b9104978433d9d25e8e89b,2026-01,12,post,2026-01-13T22:43:50+01:00,2026-01-13T22:43:50+01:00,dependabot[bot],49699333+dependabot[bot]@users.noreply.github.com,GitHub,noreply@github.com,1,0,1,1,1,0,0,0,,,,,dependabot,0,6473,Bump aiodns from 3.6.1 to 4.0.0 (#6473),"Bump aiodns from 3.6.1 to 4.0.0 (#6473)

Co-authored-by: dependabot[bot] <49699333+dependabot[bot]@users.noreply.github.com>"
home-assistant/supervisor,3e3db696d326396e9d920d472763a6a0605bac84,2026-01,12,post,2026-01-14T13:28:15+01:00,2026-01-14T07:28:15-05:00,u2c2e405d7e95d03b,u2c2e405d7e95d03b@users.invalid,GitHub,noreply@github.com,1,0,1,1,1,1,1,1,,,,,,0,6472,Fix typo in log message when running commands in a container (#6472),Fix typo in log message when running commands in a container (#6472)
home-assistant/supervisor,753021d4d5220616e3424ae890623ab19dadbbcc,2026-01,12,post,2026-01-14T15:21:11+01:00,2026-01-14T15:21:11+01:00,uc99e7580c7a8e9ca,uc99e7580c7a8e9ca@users.invalid,GitHub,noreply@github.com,1,0,2,69,0,1,8,0,,,,,,0,6477,Fix 'DockerMount is not JSON serializable' in DockerAPI.run_command (#6477),Fix 'DockerMount is not JSON serializable' in DockerAPI.run_command (#6477)
home-assistant/supervisor,ec0f7c2b9ca3de7793fbbbcefa5bba5b9820efda,2026-01,12,post,2026-01-14T15:22:12+01:00,2026-01-14T15:22:12+01:00,uc99e7580c7a8e9ca,uc99e7580c7a8e9ca@users.invalid,GitHub,noreply@github.com,1,0,4,5,4,1,2,1,,,,,,0,6478,Use query_dns instead of deprecated query after aiohttp 4.x update (#6478),Use query_dns instead of deprecated query after aiohttp 4.x update (#6478)
home-assistant/supervisor,308589e1de4900aad465c5cf21970570a83c8050,2026-01,12,post,2026-01-16T09:44:42+01:00,2026-01-16T09:44:42+01:00,dependabot[bot],49699333+dependabot[bot]@users.noreply.github.com,GitHub,noreply@github.com,1,0,1,1,1,0,0,0,,,,,dependabot,0,6480,Bump ruff from 0.14.11 to 0.14.13 (#6480),"Bump ruff from 0.14.11 to 0.14.13 (#6480)

Co-authored-by: dependabot[bot] <49699333+dependabot[bot]@users.noreply.github.com>"
home-assistant/supervisor,2edd8d0407fa5337ca5253b5815b7bce53eb7de7,2026-01,12,post,2026-01-19T10:13:01+01:00,2026-01-19T10:13:01+01:00,dependabot[bot],49699333+dependabot[bot]@users.noreply.github.com,GitHub,noreply@github.com,1,0,1,15,15,0,0,0,,,,,dependabot,0,6481,Bump actions/cache from 5.0.1 to 5.0.2 (#6481),"Bump actions/cache from 5.0.1 to 5.0.2 (#6481)

Co-authored-by: dependabot[bot] <49699333+dependabot[bot]@users.noreply.github.com>"
home-assistant/supervisor,94daaf4e5245976e3be1692040595db27edda167,2026-01,12,post,2026-01-21T12:27:11+01:00,2026-01-21T12:27:11+01:00,dependabot[bot],49699333+dependabot[bot]@users.noreply.github.com,GitHub,noreply@github.com,1,0,1,1,1,0,0,0,,,,,dependabot,0,6482,Bump release-drafter/release-drafter from 6.1.0 to 6.1.1 (#6482),"Bump release-drafter/release-drafter from 6.1.0 to 6.1.1 (#6482)

Bumps [release-drafter/release-drafter](https://github.com/release-drafter/release-drafter) from 6.1.0 to 6.1.1.
- [Release notes](https://github.com/release-drafter/release-drafter/releases)
- [Commits](https://github.com/release-drafter/release-drafter/compare/b1476f6e6eb133afa41ed8589daba6dc69b4d3f5...267d2e0268deae5d44f3ba5029dd4d6e85f9d52d)

---
updated-dependencies:
- dependency-name: release-drafter/release-drafter
  dependency-version: 6.1.1
  dependency-type: direct:production
  update-type: version-update:semver-patch
...

Signed-off-by: dependabot[bot] <support@github.com>
Co-authored-by: dependabot[bot] <49699333+dependabot[bot]@users.noreply.github.com>"
home-assistant/supervisor,7b0ea51ef6cba39f1b1cd27ca04807459ad3eca3,2026-01,12,post,2026-01-21T12:27:57+01:00,2026-01-21T12:27:57+01:00,dependabot[bot],49699333+dependabot[bot]@users.noreply.github.com,GitHub,noreply@github.com,1,0,1,1,1,0,0,0,,,,,dependabot,0,6484,Bump sentry-sdk from 2.49.0 to 2.50.0 (#6484),"Bump sentry-sdk from 2.49.0 to 2.50.0 (#6484)

Bumps [sentry-sdk](https://github.com/getsentry/sentry-python) from 2.49.0 to 2.50.0.
- [Release notes](https://github.com/getsentry/sentry-python/releases)
- [Changelog](https://github.com/getsentry/sentry-python/blob/master/CHANGELOG.md)
- [Commits](https://github.com/getsentry/sentry-python/compare/2.49.0...2.50.0)

---
updated-dependencies:
- dependency-name: sentry-sdk
  dependency-version: 2.50.0
  dependency-type: direct:production
  update-type: version-update:semver-minor
...

Signed-off-by: dependabot[bot] <support@github.com>
Co-authored-by: dependabot[bot] <49699333+dependabot[bot]@users.noreply.github.com>"
home-assistant/supervisor,afc0f37fef4c4ec036bddf620962d748e73209d3,2026-01,12,post,2026-01-22T08:28:22+01:00,2026-01-22T08:28:22+01:00,dependabot[bot],49699333+dependabot[bot]@users.noreply.github.com,GitHub,noreply@github.com,1,0,2,10,10,0,0,0,,,,,dependabot,0,6486,Bump actions/setup-python from 6.1.0 to 6.2.0 (#6486),"Bump actions/setup-python from 6.1.0 to 6.2.0 (#6486)

Bumps [actions/setup-python](https://github.com/actions/setup-python) from 6.1.0 to 6.2.0.
- [Release notes](https://github.com/actions/setup-python/releases)
- [Commits](https://github.com/actions/setup-python/compare/83679a892e2d95755f2dac6acb0bfd1e9ac5d548...a309ff8b426b58ec0e2a45f0f869d46889d02405)

---
updated-dependencies:
- dependency-name: actions/setup-python
  dependency-version: 6.2.0
  dependency-type: direct:production
  update-type: version-update:semver-minor
...

Signed-off-by: dependabot[bot] <support@github.com>
Co-authored-by: dependabot[bot] <49699333+dependabot[bot]@users.noreply.github.com>"
home-assistant/supervisor,16cde8365fd741dbab42bb17fd17c9dd80052fdf,2026-01,12,post,2026-01-22T08:28:53+01:00,2026-01-22T08:28:53+01:00,dependabot[bot],49699333+dependabot[bot]@users.noreply.github.com,GitHub,noreply@github.com,1,0,1,1,1,0,0,0,,,,,dependabot,0,6487,Bump peter-evans/create-pull-request from 8.0.0 to 8.1.0 (#6487),"Bump peter-evans/create-pull-request from 8.0.0 to 8.1.0 (#6487)

Bumps [peter-evans/create-pull-request](https://github.com/peter-evans/create-pull-request) from 8.0.0 to 8.1.0.
- [Release notes](https://github.com/peter-evans/create-pull-request/releases)
- [Commits](https://github.com/peter-evans/create-pull-request/compare/98357b18bf14b5342f975ff684046ec3b2a07725...c0f553fe549906ede9cf27b5156039d195d2ece0)

---
updated-dependencies:
- dependency-name: peter-evans/create-pull-request
  dependency-version: 8.1.0
  dependency-type: direct:production
  update-type: version-update:semver-minor
...

Signed-off-by: dependabot[bot] <support@github.com>
Co-authored-by: dependabot[bot] <49699333+dependabot[bot]@users.noreply.github.com>"
home-assistant/supervisor,cbaef62d673dc97d4307c647efa6f1ab24579442,2026-01,12,post,2026-01-22T08:29:19+01:00,2026-01-22T08:29:19+01:00,dependabot[bot],49699333+dependabot[bot]@users.noreply.github.com,GitHub,noreply@github.com,1,0,2,2,2,0,0,0,,,,,dependabot,0,6488,Bump setuptools from 80.9.0 to 80.10.1 (#6488),"Bump setuptools from 80.9.0 to 80.10.1 (#6488)

Bumps [setuptools](https://github.com/pypa/setuptools) from 80.9.0 to 80.10.1.
- [Release notes](https://github.com/pypa/setuptools/releases)
- [Changelog](https://github.com/pypa/setuptools/blob/main/NEWS.rst)
- [Commits](https://github.com/pypa/setuptools/compare/v80.9.0...v80.10.1)

---
updated-dependencies:
- dependency-name: setuptools
  dependency-version: 80.10.1
  dependency-type: direct:production
  update-type: version-update:semver-minor
...

Signed-off-by: dependabot[bot] <support@github.com>
Co-authored-by: dependabot[bot] <49699333+dependabot[bot]@users.noreply.github.com>"
home-assistant/supervisor,a8e5c4f1f2fc1259e4d7ae89b5aa52df439719ab,2026-01,12,post,2026-01-22T10:05:52+01:00,2026-01-22T10:05:52+01:00,uc99e7580c7a8e9ca,uc99e7580c7a8e9ca@users.invalid,GitHub,noreply@github.com,1,0,1,10,0,0,0,0,,,,,,0,6485,Add missing syslog identifiers to default list for Host logs (#6485),"Add missing syslog identifiers to default list for Host logs (#6485)

Add more syslog identifiers (most importantly containerd) extracted from real
systems that were missing in the list. This should make the host logs contain
the same events as journalctl logs, minus audit logs and Docker container logs."
home-assistant/supervisor,07a8350c4074b7f98944264e375387e37dc7275d,2026-01,12,post,2026-01-23T09:28:51+01:00,2026-01-23T09:28:51+01:00,dependabot[bot],49699333+dependabot[bot]@users.noreply.github.com,GitHub,noreply@github.com,1,0,5,18,18,0,0,0,,,,,dependabot,0,6491,Bump actions/checkout from 6.0.1 to 6.0.2 (#6491),Bump actions/checkout from 6.0.1 to 6.0.2 (#6491)
home-assistant/supervisor,c4eda351841a13ca7709ca71b9de9911c9b6cee2,2026-01,12,post,2026-01-23T16:48:59+01:00,2026-01-23T16:48:59+01:00,dependabot[bot],49699333+dependabot[bot]@users.noreply.github.com,GitHub,noreply@github.com,1,0,1,1,1,0,0,0,,,,,dependabot,0,6492,Bump ruff from 0.14.13 to 0.14.14 (#6492),"Bump ruff from 0.14.13 to 0.14.14 (#6492)

Co-authored-by: dependabot[bot] <49699333+dependabot[bot]@users.noreply.github.com>"
home-assistant/supervisor,d58d5769d4c7ce709aa2a83adb370ffd3b21731b,2026-01,12,post,2026-01-23T17:23:13+01:00,2026-01-23T17:23:13+01:00,dependabot[bot],49699333+dependabot[bot]@users.noreply.github.com,GitHub,noreply@github.com,1,0,1,1,1,0,0,0,,,,,dependabot,0,6490,Bump release-drafter/release-drafter from 6.1.1 to 6.2.0 (#6490),"Bump release-drafter/release-drafter from 6.1.1 to 6.2.0 (#6490)

Co-authored-by: dependabot[bot] <49699333+dependabot[bot]@users.noreply.github.com>"
home-assistant/supervisor,df96fb711ae136a3534c1cf23469ca3973c1462f,2026-01,12,post,2026-01-26T08:28:27+01:00,2026-01-26T08:28:27+01:00,dependabot[bot],49699333+dependabot[bot]@users.noreply.github.com,GitHub,noreply@github.com,1,0,1,1,1,0,0,0,,,,,dependabot,0,6495,Bump setuptools from 80.10.1 to 80.10.2 (#6495),"Bump setuptools from 80.10.1 to 80.10.2 (#6495)

Co-authored-by: dependabot[bot] <49699333+dependabot[bot]@users.noreply.github.com>"
home-assistant/supervisor,a0594c8a1f0cbc13483ae77402d69310eaa659f0,2026-01,12,post,2026-01-26T08:28:41+01:00,2026-01-26T08:28:41+01:00,dependabot[bot],49699333+dependabot[bot]@users.noreply.github.com,GitHub,noreply@github.com,1,0,1,1,1,0,0,0,,,,,dependabot,0,6494,Bump coverage from 7.13.1 to 7.13.2 (#6494),"Bump coverage from 7.13.1 to 7.13.2 (#6494)

Co-authored-by: dependabot[bot] <49699333+dependabot[bot]@users.noreply.github.com>"
home-assistant/supervisor,515114fa6944aa95d4d7931bfbb406e61337b47e,2026-01,12,post,2026-01-27T09:31:45+01:00,2026-01-27T09:31:45+01:00,ue9acf10ae3811d11,ue9acf10ae3811d11@users.invalid,GitHub,noreply@github.com,1,0,1,26,12,0,0,0,,B,claude,trailer;identity,,0,6496,Improve CI workflow wait logic and reduce duplication (#6496),"Improve CI workflow wait logic and reduce duplication (#6496)

* Improve Supervisor startup wait logic in CI workflow

The 'Wait for Supervisor to come up' step was failing intermittently when
the Supervisor API wasn't immediately available. The original script relied
on bash's lenient error handling in command substitution, which could fail
unpredictably.

Changes:
- Use curl -f flag to properly handle HTTP errors
- Use jq -e for robust JSON validation and exit code handling
- Add explicit 5-minute timeout with elapsed time tracking
- Reduce log noise by only reporting progress every 15 seconds
- Add comprehensive error diagnostics on timeout:
  * Show last API response received
  * Dump last 50 lines of Supervisor logs
- Show startup time on success for performance monitoring

This makes the CI workflow more reliable and easier to debug when the
Supervisor fails to start.

Co-Authored-By: Claude Sonnet 4.5 <noreply@anthropic.com>

* Use YAML anchor to deduplicate wait step in CI workflow

The 'Wait for Supervisor to come up' step appears twice in the
run_supervisor job - once after starting and once after restarting.
Use a YAML anchor to define the step once and reference it on the
second occurrence.

This reduces duplication by 28 lines and makes future maintenance
easier by ensuring both wait steps remain identical.

Co-Authored-By: Claude Sonnet 4.5 <noreply@anthropic.com>

---------

Co-authored-by: Claude Sonnet 4.5 <noreply@anthropic.com>"
home-assistant/supervisor,909a2dda2fa02b5244ad61ccc999c5548962542d,2026-01,12,post,2026-01-27T12:42:17+01:00,2026-01-27T06:42:17-05:00,ue1fc990c4f6dfd9c,ue1fc990c4f6dfd9c@users.invalid,GitHub,noreply@github.com,1,0,40,1480,1509,14,468,472,,B,copilot,trailer,,0,6489,Migrate (almost) all docker container interactions to aiodocker (#6489),"Migrate (almost) all docker container interactions to aiodocker (#6489)

* Migrate all docker container interactions to aiodocker

* Remove containers_legacy since its no longer used

* Add back remove color logic

* Revert accidental invert of conditional in setup_network

* Fix typos found by copilot

* Apply suggestions from code review

Co-authored-by: Copilot <175728472+Copilot@users.noreply.github.com>

* Revert ""Apply suggestions from code review""

This reverts commit 0a475433ea8e089f021f3bc0d50e2cfd99bdac4c.

---------

Co-authored-by: ue9acf10ae3811d11 <ue9acf10ae3811d11@users.invalid>
Co-authored-by: Copilot <175728472+Copilot@users.noreply.github.com>"
home-assistant/supervisor,df8201ca33119c12719d2f511be6da73e9a342ce,2026-01,12,post,2026-01-27T15:00:33-05:00,2026-01-27T21:00:33+01:00,u6a2e47e5904dbb28,u6a2e47e5904dbb28@users.invalid,GitHub,noreply@github.com,1,0,4,50,32,1,24,10,,,,,,0,6499,Update `get_docker_args()` to return `mounts` not `volumes` (#6499),"Update `get_docker_args()` to return `mounts` not `volumes` (#6499)

* Update `get_docker_args()` to return `mounts` not `volumes`

* fix more mocks to return PurePaths"
home-assistant/supervisor,80cf00f1956be5a8105f68fb1231aa1bcc0f36f1,2026-01,12,post,2026-01-28T10:39:42+01:00,2026-01-28T10:39:42+01:00,dependabot[bot],49699333+dependabot[bot]@users.noreply.github.com,GitHub,noreply@github.com,1,0,1,1,1,0,0,0,,,,,dependabot,0,6501,Bump cryptography from 46.0.3 to 46.0.4 (#6501),"Bump cryptography from 46.0.3 to 46.0.4 (#6501)

Bumps [cryptography](https://github.com/pyca/cryptography) from 46.0.3 to 46.0.4.
- [Changelog](https://github.com/pyca/cryptography/blob/main/CHANGELOG.rst)
- [Commits](https://github.com/pyca/cryptography/compare/46.0.3...46.0.4)

---
updated-dependencies:
- dependency-name: cryptography
  dependency-version: 46.0.4
  dependency-type: direct:production
  update-type: version-update:semver-patch
...

Signed-off-by: dependabot[bot] <support@github.com>
Co-authored-by: dependabot[bot] <49699333+dependabot[bot]@users.noreply.github.com>"
home-assistant/supervisor,de02bc991a92f9da00107f9e593cb404f0ecfdc3,2026-01,12,post,2026-01-28T13:08:03+01:00,2026-01-28T13:08:03+01:00,uc236a08c5f97d76a,uc236a08c5f97d76a@users.invalid,GitHub,noreply@github.com,1,0,2,75,0,1,13,0,,,,,,0,6500,fix: pull missing images before running (#6500),"fix: pull missing images before running (#6500)

* fix: pull missing images before running

* add tests for auto-pull behavior"
home-assistant/supervisor,641b205ee7ae92b26722f2461e7f96282bb70690,2026-01,12,post,2026-01-28T13:08:36+01:00,2026-01-28T13:08:36+01:00,u39b01f1a8b54ac5e,u39b01f1a8b54ac5e@users.invalid,GitHub,noreply@github.com,1,0,10,116,109,7,92,82,,,,,,0,6447,Add configurable interface route metric (#6447),"Add configurable interface route metric (#6447)

* Add route_metric attribute to IpProperties class

Signed-off-by: u39b01f1a8b54ac5e <u39b01f1a8b54ac5e@users.invalid>

* Refactor dbus setting IP constants

Signed-off-by: u39b01f1a8b54ac5e <u39b01f1a8b54ac5e@users.invalid>

* Add route metric

Signed-off-by: u39b01f1a8b54ac5e <u39b01f1a8b54ac5e@users.invalid>

* Merge test_api_network_interface_info

Signed-off-by: u39b01f1a8b54ac5e <u39b01f1a8b54ac5e@users.invalid>

* Add test case for route metric update

Signed-off-by: u39b01f1a8b54ac5e <u39b01f1a8b54ac5e@users.invalid>

---------

Signed-off-by: u39b01f1a8b54ac5e <u39b01f1a8b54ac5e@users.invalid>"
home-assistant/supervisor,a2db716a5ff21035dd4a094e3a24a0ca3c1f6c7b,2026-01,12,post,2026-01-29T09:06:45+01:00,2026-01-29T09:06:45+01:00,ue9acf10ae3811d11,ue9acf10ae3811d11@users.invalid,GitHub,noreply@github.com,1,0,4,323,5,2,43,5,,B,claude,trailer;identity;message,,0,6311,Check frontend availability after Home Assistant Core updates (#6311),"Check frontend availability after Home Assistant Core updates (#6311)

* Check frontend availability after Home Assistant Core updates

Add verification that the frontend is actually accessible at ""/"" after core
updates to ensure the web interface is serving properly, not just that the
API endpoints respond.

Previously, the update verification only checked API endpoints and whether
the frontend component was loaded. This could miss cases where the API is
responsive but the frontend fails to serve the UI.

Changes:
- Add check_frontend_available() method to HomeAssistantAPI that fetches
  the root path and verifies it returns HTML content
- Integrate frontend check into core update verification flow after
  confirming the frontend component is loaded
- Trigger automatic rollback if frontend is inaccessible after update
- Fix blocking I/O calls in rollback log file handling to use async
  executor

🤖 Generated with [Claude Code](https://claude.com/claude-code)

Co-Authored-By: Claude <noreply@anthropic.com>

* Avoid checking frontend if config data is None

* Improve pytest tests

* Make sure Core returns a valid config

* Remove Core version check in frontend availability test

The call site already makes sure that an actual Home Assistant Core
instance is running before calling the frontend availability test.
So this is rather redundant. Simplify the code by removing the version
check and update tests accordingly.

* Add test coverage for get_config

---------

Co-authored-by: Claude <noreply@anthropic.com>"
home-assistant/supervisor,f7e4f6a1b2f56b4ec8b981f3534d306d316fc138,2026-01,12,post,2026-01-29T09:27:13+01:00,2026-01-29T09:27:13+01:00,dependabot[bot],49699333+dependabot[bot]@users.noreply.github.com,GitHub,noreply@github.com,1,0,1,1,1,0,0,0,,,,,dependabot,0,6503,Bump sentry-sdk from 2.50.0 to 2.51.0 (#6503),"Bump sentry-sdk from 2.50.0 to 2.51.0 (#6503)

Bumps [sentry-sdk](https://github.com/getsentry/sentry-python) from 2.50.0 to 2.51.0.
- [Release notes](https://github.com/getsentry/sentry-python/releases)
- [Changelog](https://github.com/getsentry/sentry-python/blob/master/CHANGELOG.md)
- [Commits](https://github.com/getsentry/sentry-python/compare/2.50.0...2.51.0)

---
updated-dependencies:
- dependency-name: sentry-sdk
  dependency-version: 2.51.0
  dependency-type: direct:production
  update-type: version-update:semver-minor
...

Signed-off-by: dependabot[bot] <support@github.com>
Co-authored-by: dependabot[bot] <49699333+dependabot[bot]@users.noreply.github.com>"
home-assistant/supervisor,a3f5675c965cad245af5e8206e73a27933694a25,2026-01,12,post,2026-01-29T09:29:56+01:00,2026-01-29T09:29:56+01:00,dependabot[bot],49699333+dependabot[bot]@users.noreply.github.com,GitHub,noreply@github.com,1,0,1,2,2,0,0,0,,,,,dependabot,0,6502,Bump docker/login-action from 3.6.0 to 3.7.0 (#6502),"Bump docker/login-action from 3.6.0 to 3.7.0 (#6502)

Bumps [docker/login-action](https://github.com/docker/login-action) from 3.6.0 to 3.7.0.
- [Release notes](https://github.com/docker/login-action/releases)
- [Commits](https://github.com/docker/login-action/compare/5e57cd118135c172c3672efd75eb46360885c0ef...c94ce9fb468520275223c153574b00df6fe4bcc9)

---
updated-dependencies:
- dependency-name: docker/login-action
  dependency-version: 3.7.0
  dependency-type: direct:production
  update-type: version-update:semver-minor
...

Signed-off-by: dependabot[bot] <support@github.com>
Co-authored-by: dependabot[bot] <49699333+dependabot[bot]@users.noreply.github.com>"
home-assistant/supervisor,51c447a1e89d04dfec15999ca547fe717b684773,2026-01,12,post,2026-01-30T08:38:29+01:00,2026-01-30T08:38:29+01:00,dependabot[bot],49699333+dependabot[bot]@users.noreply.github.com,GitHub,noreply@github.com,1,0,1,1,1,0,0,0,,,,,dependabot,0,6506,Bump orjson from 3.11.5 to 3.11.6 (#6506),"Bump orjson from 3.11.5 to 3.11.6 (#6506)

Bumps [orjson](https://github.com/ijl/orjson) from 3.11.5 to 3.11.6.
- [Release notes](https://github.com/ijl/orjson/releases)
- [Changelog](https://github.com/ijl/orjson/blob/master/CHANGELOG.md)
- [Commits](https://github.com/ijl/orjson/compare/3.11.5...3.11.6)

---
updated-dependencies:
- dependency-name: orjson
  dependency-version: 3.11.6
  dependency-type: direct:production
  update-type: version-update:semver-patch
...

Signed-off-by: dependabot[bot] <support@github.com>
Co-authored-by: dependabot[bot] <49699333+dependabot[bot]@users.noreply.github.com>"
home-assistant/supervisor,72003346f4f9bd2e4cbb72ad71cf4d4ed7a38621,2026-01,12,post,2026-01-30T08:38:54+01:00,2026-01-30T08:38:54+01:00,dependabot[bot],49699333+dependabot[bot]@users.noreply.github.com,GitHub,noreply@github.com,1,0,1,15,15,0,0,0,,,,,dependabot,0,6507,Bump actions/cache from 5.0.2 to 5.0.3 (#6507),"Bump actions/cache from 5.0.2 to 5.0.3 (#6507)

Bumps [actions/cache](https://github.com/actions/cache) from 5.0.2 to 5.0.3.
- [Release notes](https://github.com/actions/cache/releases)
- [Changelog](https://github.com/actions/cache/blob/main/RELEASES.md)
- [Commits](https://github.com/actions/cache/compare/8b402f58fbc84540c8b491a91e594a4576fec3d7...cdf6c1fa76f9f475f3d7449005a359c84ca0f306)

---
updated-dependencies:
- dependency-name: actions/cache
  dependency-version: 5.0.3
  dependency-type: direct:production
  update-type: version-update:semver-patch
...

Signed-off-by: dependabot[bot] <support@github.com>
Co-authored-by: dependabot[bot] <49699333+dependabot[bot]@users.noreply.github.com>"
home-assistant/supervisor,8fa55bac9e6b4f13483cd691e9d90a54c86ecf61,2026-01,12,post,2026-01-30T08:39:39+01:00,2026-01-30T08:39:39+01:00,dependabot[bot],49699333+dependabot[bot]@users.noreply.github.com,GitHub,noreply@github.com,1,0,1,1,1,0,0,0,,,,,dependabot,0,6508,Bump debugpy from 1.8.19 to 1.8.20 (#6508),"Bump debugpy from 1.8.19 to 1.8.20 (#6508)

Bumps [debugpy](https://github.com/microsoft/debugpy) from 1.8.19 to 1.8.20.
- [Release notes](https://github.com/microsoft/debugpy/releases)
- [Commits](https://github.com/microsoft/debugpy/compare/v1.8.19...v1.8.20)

---
updated-dependencies:
- dependency-name: debugpy
  dependency-version: 1.8.20
  dependency-type: direct:production
  update-type: version-update:semver-patch
...

Signed-off-by: dependabot[bot] <support@github.com>
Co-authored-by: dependabot[bot] <49699333+dependabot[bot]@users.noreply.github.com>"
home-assistant/supervisor,2a4890e2b0181487f0d468818a4492c3caecffd7,2026-01,12,post,2026-01-30T09:39:06+01:00,2026-01-30T09:39:06+01:00,dependabot[bot],49699333+dependabot[bot]@users.noreply.github.com,GitHub,noreply@github.com,1,0,5,14,14,1,5,5,,,,,dependabot,0,6448,Bump aiodocker from 0.24.0 to 0.25.0 (#6448),"Bump aiodocker from 0.24.0 to 0.25.0 (#6448)

* Bump aiodocker from 0.24.0 to 0.25.0

Bumps [aiodocker](https://github.com/aio-libs/aiodocker) from 0.24.0 to 0.25.0.
- [Release notes](https://github.com/aio-libs/aiodocker/releases)
- [Changelog](https://github.com/aio-libs/aiodocker/blob/main/CHANGES.rst)
- [Commits](https://github.com/aio-libs/aiodocker/compare/v0.24.0...v0.25.0)

---
updated-dependencies:
- dependency-name: aiodocker
  dependency-version: 0.25.0
  dependency-type: direct:production
  update-type: version-update:semver-minor
...

Signed-off-by: dependabot[bot] <support@github.com>

* Update to new timeout configuration

* Fix pytest failure

---------

Signed-off-by: dependabot[bot] <support@github.com>
Co-authored-by: dependabot[bot] <49699333+dependabot[bot]@users.noreply.github.com>
Co-authored-by: ue1fc990c4f6dfd9c <ue1fc990c4f6dfd9c@users.invalid>
Co-authored-by: ue9acf10ae3811d11 <ue9acf10ae3811d11@users.invalid>"
home-assistant/supervisor,a5c3781f9d84b8b25244a9c58ef486ecb965d309,2026-01,12,post,2026-01-30T15:34:12+01:00,2026-01-30T09:34:12-05:00,ue1fc990c4f6dfd9c,ue1fc990c4f6dfd9c@users.invalid,GitHub,noreply@github.com,1,0,6,417,424,3,207,207,,,,,,0,6505,Migrate network interactions to aiodocker (#6505),Migrate network interactions to aiodocker (#6505)
home-assistant/supervisor,3db60170aacc97a543f568f5473d419fec2b6fb0,2026-01,12,post,2026-01-30T17:17:50+01:00,2026-01-30T17:17:50+01:00,ue9acf10ae3811d11,ue9acf10ae3811d11@users.invalid,GitHub,noreply@github.com,1,0,1,1,1,0,0,0,,B,claude,trailer;identity,,0,6504,Fix flaky test_group_throttle_rate_limit race condition (#6504),"Fix flaky test_group_throttle_rate_limit race condition (#6504)

The test was failing intermittently in CI because concurrent async
operations in asyncio.gather() were getting slightly different
timestamps (microseconds apart) despite being inside a time_machine
context.

When test2.execute() calls were timestamped at start+2ms due to async
scheduling delays, they weren't cleaned up in the final test block
(cutoff = start+1ms), causing a false rate limit error.

Fix by using tick=False to completely freeze time during the gather,
ensuring all 4 calls get the exact same timestamp.

Co-authored-by: Claude Sonnet 4.5 <noreply@anthropic.com>"
home-assistant/supervisor,96d0593af2fd6694e0ac4acc44be7ce100fe0a74,2026-01,12,post,2026-01-30T17:06:53-05:00,2026-01-30T23:06:53+01:00,ue9acf10ae3811d11,ue9acf10ae3811d11@users.invalid,GitHub,noreply@github.com,1,0,1,15,0,1,15,0,,B,claude,trailer;identity,,0,6513,Handle order issues in job progress updates during image pulls (#6513),"Handle order issues in job progress updates during image pulls (#6513)

Catch ValueError exceptions with ""Cannot update a job that is done""
during image pull progress updates. This error occurs intermittently
when progress events arrive after a job has completed. It is not clear
why this happens, maybe the job gets prematurely marked as done or
the pull events arrive in a different order than expected.

Rather than failing the entire pull operation, we now:
- Log a warning with context (layer ID, status, progress)
- Send the error to Sentry for tracking and investigation
- Continue with the pull operation

This prevents pull failures while gathering information to help
identify and fix the root cause of the race condition.

Co-authored-by: Claude Sonnet 4.5 <noreply@anthropic.com>"
home-assistant/supervisor,77f3da7014c4f0680d5cfebd324509dd09dce387,2026-01,12,post,2026-01-31T17:01:05+01:00,2026-01-31T17:01:05+01:00,ue9acf10ae3811d11,ue9acf10ae3811d11@users.invalid,GitHub,noreply@github.com,1,0,2,88,3,1,17,2,,B,claude,trailer;identity,,0,6512,Disable Home Assistant watchdog during system shutdown (#6512),"Disable Home Assistant watchdog during system shutdown (#6512)

During system shutdown (reboot/poweroff), the watchdog was incorrectly
detecting the Home Assistant Core container as failed and attempting to
restart it. This occurred because Docker was stopping all containers in
parallel with Supervisor's own shutdown sequence, causing the watchdog
to trigger while add-ons were still being stopped.

This led to an abrupt termination of Core before it could cleanly shut
down its SQLite database, resulting in a warning on the next startup:
""The system could not validate that the sqlite3 database was shutdown
cleanly"".

The fix registers a supervisor state change listener that unregisters
the watchdog when entering any shutdown state (SHUTDOWN, STOPPING, or
CLOSE). This prevents restart attempts during both user-initiated
reboots (via API) and external shutdown signals (Docker SIGTERM,
console reboot commands).

Since SHUTDOWN, STOPPING, and CLOSE are terminal states with no reverse
transition back to RUNNING, no re-registration logic is needed.

Fixes #6511

Co-authored-by: Claude Sonnet 4.5 <noreply@anthropic.com>"
