repo,sha,month,offset,period,commit_date,author_date,author_name,author_email,committer_name,committer_email,parents,is_merge,files,insertions,deletions,scope_files,scope_insertions,scope_deletions,agent_files,llm_family,llm_tools,llm_signals,bot,is_revert,pr,subject,message
microsoft/AzureTRE,9c59b8020af72ef90fdbab389816665694536f0f,2024-01,-12,pre,2024-01-04T00:35:45Z,2024-01-04T00:35:45Z,u98b22fe3d4ba9453,u98b22fe3d4ba9453@users.invalid,GitHub,noreply@github.com,1,0,73,488,431,41,222,189,,,,,,0,3806,Move to using managed identity for auth to CosmosDB. (#3806),Move to using managed identity for auth to CosmosDB. (#3806)
microsoft/AzureTRE,769ce02003db66419530eed7fdab7e5bc1e0b69d,2024-01,-12,pre,2024-01-05T17:10:21Z,2024-01-05T17:10:21Z,ue77aa2d1677cdad6,ue77aa2d1677cdad6@users.invalid,GitHub,noreply@github.com,1,0,2,9,1,0,0,0,,,,,,0,,Update start runbook to start core VMs,Update start runbook to start core VMs
microsoft/AzureTRE,72e5f592595eca41bcf33c729580e425b7ad2f9c,2024-01,-12,pre,2024-01-05T17:25:37Z,2024-01-05T17:25:37Z,u98b22fe3d4ba9453,u98b22fe3d4ba9453@users.invalid,GitHub,noreply@github.com,1,0,4,34,30,0,0,0,,,,,,0,3821,Fix workspace menu and connect button issues (#3821),Fix workspace menu and connect button issues (#3821)
microsoft/AzureTRE,ea119dfd30b26b6e2fc551f66f97192a58d8b543,2024-01,-12,pre,2024-01-09T15:31:24Z,2024-01-09T15:31:24Z,dependabot[bot],49699333+dependabot[bot]@users.noreply.github.com,GitHub,noreply@github.com,1,0,3,626,474,0,0,0,,,,,dependabot,0,3799,Upgrade @adobe/css-tools and other UI dependancies (#3799),Upgrade @adobe/css-tools and other UI dependancies (#3799)
microsoft/AzureTRE,00db0eea628b30d9d78af079185289d62f354870,2024-01,-12,pre,2024-01-12T10:21:09-06:00,2024-01-12T16:21:09Z,u98b22fe3d4ba9453,u98b22fe3d4ba9453@users.invalid,GitHub,noreply@github.com,1,0,4,21,11,2,9,4,,,,,,0,3825,Refactor validate_template_version_patch method to use parent_service_template_name instead of parent_resource_id (#3825),Refactor validate_template_version_patch method to use parent_service_template_name instead of parent_resource_id (#3825)
microsoft/AzureTRE,31960894e15266f6ae76a4b7c1028cf9cc6bc459,2024-01,-12,pre,2024-01-23T12:13:39Z,2024-01-23T12:13:39Z,u9d3ad8d8f19f59f2,u9d3ad8d8f19f59f2@users.invalid,GitHub,noreply@github.com,1,0,35,45,33,2,2,2,,,,,,0,3827,Updates to all porter bundles to build docker images for amd64 platform from arm64 machines locally (#3827),"Updates to all porter bundles to build docker images for amd64 platform from arm64 machines locally (#3827)

* Updated porter bundle docker templates and runtime image to build to amd64 platform on arm64 dev machines

* Corrected comments incorrectly touched by find/replace

* added ignore for DL3029 hadolint validation

* added new line to hadolint config

* removed white space

* Try fix monitoring dependancy issues

* updated changelog

* Try fix monitoring dependancy issues try 2

* increase versions

---------

Co-authored-by: u9854da486bc18cfa <u9854da486bc18cfa@users.invalid>
Co-authored-by: u98b22fe3d4ba9453 <u98b22fe3d4ba9453@users.invalid>"
microsoft/AzureTRE,7be040b52a9fec16189d0b173a5bd0c1b1e64ebd,2024-02,-11,pre,2024-02-08T15:50:41Z,2024-02-08T17:50:41+02:00,u04c0ac15d8548a84,u04c0ac15d8548a84@users.invalid,GitHub,noreply@github.com,1,0,2,9,0,0,0,0,,,,,,0,3843,Add permissions to pr_bot and flag_external_pr workflows (#3843),"Add permissions to pr_bot and flag_external_pr workflows (#3843)

* Add permissions block

* add permissions for pr bot"
microsoft/AzureTRE,d080e11e3a4e604612a8ee663f136d9983f9be70,2024-02,-11,pre,2024-02-08T18:33:44+02:00,2024-02-08T18:33:44+02:00,u04c0ac15d8548a84,u04c0ac15d8548a84@users.invalid,GitHub,noreply@github.com,1,0,2,10,3,0,0,0,,,,,,0,3844,Update permissions for 'checks' (#3844),"Update permissions for 'checks' (#3844)

update permissions for checks"
microsoft/AzureTRE,fab7bc3a0cc08045773356c014c083c48f45348c,2024-02,-11,pre,2024-02-08T18:13:48Z,2024-02-08T20:13:48+02:00,u04c0ac15d8548a84,u04c0ac15d8548a84@users.invalid,GitHub,noreply@github.com,1,0,3,6,0,0,0,0,,,,,,0,3845,Add permissions to parent workflows (#3845),Add permissions to parent workflows (#3845)
microsoft/AzureTRE,3835e5ad89209d55c131eaa8e6b4211fbcc6c9ff,2024-02,-11,pre,2024-02-08T20:20:13+02:00,2024-02-08T20:20:13+02:00,u04c0ac15d8548a84,u04c0ac15d8548a84@users.invalid,GitHub,noreply@github.com,1,0,3,6,0,0,0,0,,,,,,0,3846,More workflow permissions (#3846),"More workflow permissions (#3846)

more permissions"
microsoft/AzureTRE,e8da262b9d6e62babf5d27a693e98d642fa50832,2024-02,-11,pre,2024-02-12T13:27:13Z,2024-02-12T13:27:13Z,u0dfbc1584348e545,u0dfbc1584348e545@users.invalid,GitHub,noreply@github.com,1,0,3,4,3,0,0,0,,,,,,0,3841,fixing react router dom version and switching to absolute routing whe… (#3841),fixing react router dom version and switching to absolute routing whe… (#3841)
microsoft/AzureTRE,f15c0bc196570dea68341268eff7f84ad3494c00,2024-02,-11,pre,2024-02-15T08:41:47Z,2024-02-15T10:41:47+02:00,u04c0ac15d8548a84,u04c0ac15d8548a84@users.invalid,GitHub,noreply@github.com,1,0,1,3,3,0,0,0,,,,,,0,3851,Update CodeQL actions (#3851),Update CodeQL actions (#3851)
microsoft/AzureTRE,1e48253081f1bc7ed596385afe0927d2d413ff0a,2024-02,-11,pre,2024-02-20T09:11:54Z,2024-02-20T09:11:54Z,u04c0ac15d8548a84,u04c0ac15d8548a84@users.invalid,u04c0ac15d8548a84,u04c0ac15d8548a84@users.invalid,1,0,1,0,4,0,0,0,,,,,,0,,Delete InnerEye from workflows,Delete InnerEye from workflows
microsoft/AzureTRE,b40e4e74a928638217fcff8bfcfa80edc534bccb,2024-02,-11,pre,2024-02-20T17:37:47Z,2024-02-20T19:37:47+02:00,u04c0ac15d8548a84,u04c0ac15d8548a84@users.invalid,GitHub,noreply@github.com,1,0,9,7,10,4,4,5,,,,,,0,3852,Update important dependencies (#3852),"Update important dependencies (#3852)

* update dependencies

* Remove InnerEye from E2Es"
microsoft/AzureTRE,ab3997298022bb51c23d766da465312152d0d4fa,2024-02,-11,pre,2024-02-27T14:20:26Z,2024-02-27T14:20:26Z,u98b22fe3d4ba9453,u98b22fe3d4ba9453@users.invalid,GitHub,noreply@github.com,1,0,1,15,0,0,0,0,,,,,,0,3856,Add report check status to Test Results (#3856),"Add report check status to Test Results (#3856)

Add check status."
microsoft/AzureTRE,c3bc7797061b03f1258265125fd2955ab33e9fb6,2024-02,-11,pre,2024-02-27T14:23:58Z,2024-02-27T14:23:58Z,u6e63830bd4bc0011,u6e63830bd4bc0011@users.invalid,GitHub,noreply@github.com,1,0,4,45,3,2,3,3,,,,,,0,3849,Fix registration of templates with  no required or authorizedRoles defined. (#3849),Fix registration of templates with  no required or authorizedRoles defined. (#3849)
microsoft/AzureTRE,21dbd2404ce3bd374ac94aa10dba23ff08357698,2024-02,-11,pre,2024-02-28T13:22:54Z,2024-02-28T13:22:54Z,u98b22fe3d4ba9453,u98b22fe3d4ba9453@users.invalid,GitHub,noreply@github.com,1,0,5,48,28,0,0,0,,,,,,0,3858,Add network rule set for Service Bus namespace (#3858),Add network rule set for Service Bus namespace (#3858)
microsoft/AzureTRE,05b0b935a3ec5d0b2994ec4b81e83303b8b42b44,2024-02,-11,pre,2024-02-28T17:55:03Z,2024-02-28T17:55:03Z,ue77aa2d1677cdad6,ue77aa2d1677cdad6@users.invalid,GitHub,noreply@github.com,1,0,1,2,2,0,0,0,,,,,,0,3861,Fix argument quoting in second ACR job step in 'Deploy TRE Reusable' GitHub Action (#3861),"Fix argument quoting in second ACR job step in 'Deploy TRE Reusable' GitHub Action (#3861)

Fix argument quoting in second ACR job step in 'Deploy TRE Reusable' github action"
microsoft/AzureTRE,b2caab3b6e18e696abe751d3d7606677b968dc5f,2024-02,-11,pre,2024-02-29T15:30:02Z,2024-02-29T15:30:02Z,ue77aa2d1677cdad6,ue77aa2d1677cdad6@users.invalid,GitHub,noreply@github.com,1,0,1,2,2,0,0,0,,,,,,0,3864,Destroy TRE script unbound variable fix (#3864),Destroy TRE script unbound variable fix (#3864)
microsoft/AzureTRE,e8d2f89272852903a376f54d2f969a57b65a8618,2024-03,-10,pre,2024-03-01T16:32:32Z,2024-03-01T16:32:32Z,u98b22fe3d4ba9453,u98b22fe3d4ba9453@users.invalid,GitHub,noreply@github.com,1,0,1,9,0,0,0,0,,,,,,0,3868,Update Docker dependency update schedule (#3868),Update Docker dependency update schedule (#3868)
microsoft/AzureTRE,ddddbf6e3e8d13db477f70dc2ca8048dd12c563a,2024-03,-10,pre,2024-03-05T17:55:52Z,2024-03-05T17:55:52Z,u98b22fe3d4ba9453,u98b22fe3d4ba9453@users.invalid,GitHub,noreply@github.com,1,0,14,790,713,6,16,8,,,,,,0,3866,Update packages for February Security Updates (#3866),Update packages for February Security Updates (#3866)
microsoft/AzureTRE,8cd68b5e83471d9405233773d98cd9a83f311eb9,2024-04,-9,pre,2024-04-03T16:18:41+01:00,2024-04-03T16:18:41+01:00,u87a94f23dc977ebf,u87a94f23dc977ebf@users.invalid,GitHub,noreply@github.com,1,0,24,193,100,0,0,0,,,,,,0,3892,Update Azure MySQL Server to Flexible Server (#3892),"Update Azure MySQL Server to Flexible Server (#3892)

* Initial Commit

* Update SQL SKU variables

* add in sql_sku to template

* ""updateable"": true

* ignore zone

* update to azurerm_mysql_flexible_database

* add password

* update sku list

* update user login details for mysql

* update changelog

* doc updates and version updates

* resolving comments"
microsoft/AzureTRE,4f79ddb1f112698dafd9cc00145630cf4fe8051e,2024-04,-9,pre,2024-04-04T10:35:56Z,2024-04-04T11:35:56+01:00,u87a94f23dc977ebf,u87a94f23dc977ebf@users.invalid,GitHub,noreply@github.com,1,0,3,39,1,0,0,0,,,,,,0,3894,Firewall Policy Rule Fix (#3894),"Firewall Policy Rule Fix (#3894)

* add in dependencies to all of the route table associations

* update fw version

* update CHANGELOG.md"
microsoft/AzureTRE,086be3308dfeadb61c3a086082da6bd7612bc5a9,2024-04,-9,pre,2024-04-04T15:55:36+01:00,2024-04-04T15:55:36+01:00,u87a94f23dc977ebf,u87a94f23dc977ebf@users.invalid,GitHub,noreply@github.com,1,0,1,42,1,0,0,0,,,,,,0,3896,Prep For Release v0.17.0 (#3896),"Prep For Release v0.17.0 (#3896)

* update CHANGELOG.md

* remove trailing space

* Firewall Policy Rule Fix (#3894)

* add in dependencies to all of the route table associations

* update fw version

* update CHANGELOG.md

* update CHANGELOG.md

* Firewall Policy Rule Fix (#3894)

* add in dependencies to all of the route table associations

* update fw version

* update CHANGELOG.md

* update CHANGELOG.md

* update fw version"
microsoft/AzureTRE,de141651ad9fb9f58e7b78e383edf263eaa549d1,2024-04,-9,pre,2024-04-05T11:42:03Z,2024-04-05T12:42:03+01:00,u87a94f23dc977ebf,u87a94f23dc977ebf@users.invalid,GitHub,noreply@github.com,1,0,1,4,2,0,0,0,,,,,,0,3898,Documentation Pipeline Fix (#3898),"Documentation Pipeline Fix (#3898)

add in permissions to pipeline"
microsoft/AzureTRE,ea63ebfaf4e838cf85988cd2cf53109a1acc35cd,2024-04,-9,pre,2024-04-09T08:37:40+03:00,2024-04-09T06:37:40+01:00,u87a94f23dc977ebf,u87a94f23dc977ebf@users.invalid,GitHub,noreply@github.com,1,0,10,59,56,0,0,0,,,,,,0,3897,Feature/GitHub actions update (#3897),"Feature/GitHub actions update (#3897)

* Update clean_validation_envs.yml

* azure login (#19)

Co-authored-by: u7571873e6426ca6a <u7571873e6426ca6a@users.invalid>

* GitHub actions update (#22)

* azure login

* reset cron

* update action versions

---------

Co-authored-by: uf609a7ea7bb75f05 <uf609a7ea7bb75f05@users.invalid>

* change conclusion action

* add in teams

---------

Co-authored-by: uf609a7ea7bb75f05 <uf609a7ea7bb75f05@users.invalid>"
microsoft/AzureTRE,47c81826b5a4902fbf01d86004c422e7bfecd42f,2024-04,-9,pre,2024-04-09T19:39:14+03:00,2024-04-09T19:39:14+03:00,dependabot[bot],49699333+dependabot[bot]@users.noreply.github.com,GitHub,noreply@github.com,1,0,2,15,15,0,0,0,,,,,dependabot,0,3891,Bump the npm_and_yarn group in /ui/app with 3 updates (#3891),"Bump the npm_and_yarn group in /ui/app with 3 updates (#3891)

* Bump the npm_and_yarn group in /ui/app with 3 updates

Bumps the npm_and_yarn group in /ui/app with 3 updates: [express](https://github.com/expressjs/express), [follow-redirects](https://github.com/follow-redirects/follow-redirects) and [webpack-dev-middleware](https://github.com/webpack/webpack-dev-middleware).


Updates `express` from 4.18.3 to 4.19.2
- [Release notes](https://github.com/expressjs/express/releases)
- [Changelog](https://github.com/expressjs/express/blob/master/History.md)
- [Commits](https://github.com/expressjs/express/compare/4.18.3...4.19.2)

Updates `follow-redirects` from 1.15.5 to 1.15.6
- [Release notes](https://github.com/follow-redirects/follow-redirects/releases)
- [Commits](https://github.com/follow-redirects/follow-redirects/compare/v1.15.5...v1.15.6)

Updates `webpack-dev-middleware` from 5.3.3 to 5.3.4
- [Release notes](https://github.com/webpack/webpack-dev-middleware/releases)
- [Changelog](https://github.com/webpack/webpack-dev-middleware/blob/v5.3.4/CHANGELOG.md)
- [Commits](https://github.com/webpack/webpack-dev-middleware/compare/v5.3.3...v5.3.4)

---
updated-dependencies:
- dependency-name: express
  dependency-type: indirect
  dependency-group: npm_and_yarn-security-group
- dependency-name: follow-redirects
  dependency-type: indirect
  dependency-group: npm_and_yarn-security-group
- dependency-name: webpack-dev-middleware
  dependency-type: indirect
  dependency-group: npm_and_yarn-security-group
...

Signed-off-by: dependabot[bot] <support@github.com>

* update ui version

---------

Signed-off-by: dependabot[bot] <support@github.com>
Co-authored-by: dependabot[bot] <49699333+dependabot[bot]@users.noreply.github.com>
Co-authored-by: u87a94f23dc977ebf <u87a94f23dc977ebf@users.invalid>"
microsoft/AzureTRE,bc2f233216727f2586c7e79cdd4ca0a12d4dfbbe,2024-04,-9,pre,2024-04-11T08:50:09Z,2024-04-11T09:50:09+01:00,uf609a7ea7bb75f05,uf609a7ea7bb75f05@users.invalid,GitHub,noreply@github.com,1,0,35,88,88,1,1,1,,,,,,0,3873,"Update ""Azure AD"" references to ""Microsoft Entra ID"" (#3873)","Update ""Azure AD"" references to ""Microsoft Entra ID"" (#3873)

* rename Azure AD to Microsoft Entra Workforce ID

* update Azure Active Directory to Microsoft Entra Workforce ID

* replace

* update version

* change stale version

* update from stale

* update version

* update readme

* Microsoft Entra Workforce ID -> Microsoft Entra ID

* AAD -> Microsoft Entra ID

* Delete .devcontainer/devcontainer.json

* Revert ""Delete .devcontainer/devcontainer.json""

This reverts commit 5dd6d5c2656c5304bf4adf6bb38e1a20735bbc8a.

* revert code changes

* remove double names

* update version

* go back version

* api update version

* revert for linting

* revert test linting

* fix linting

* roll back linting

* increase line length

* fix linting

* fix formatting

* fix lintin 3

* update urls

* update aad urls

---------

Co-authored-by: u87a94f23dc977ebf <u87a94f23dc977ebf@users.invalid>"
microsoft/AzureTRE,cb59c99233575b096207e6afc288af9da7ee0256,2024-04,-9,pre,2024-04-12T09:01:26+01:00,2024-04-12T09:01:26+01:00,u87a94f23dc977ebf,u87a94f23dc977ebf@users.invalid,GitHub,noreply@github.com,1,0,3,4,3,0,0,0,,,,,,0,3902,Update Resource processor Ubuntu Image (#3902),"Update Resource processor Ubuntu Image (#3902)

* Update clean_validation_envs.yml

* update

* update BRANCH_LAST_ACTIVITY_IN_HOURS_FOR_STOP: 8

* update core resource processor image

* remove clean env

* update version

* update changelog"
microsoft/AzureTRE,c8e5ed39fb8d2839c9a25ee79fe2de8d22be32b2,2024-05,-8,pre,2024-05-01T17:22:19Z,2024-05-01T18:22:19+01:00,ue77aa2d1677cdad6,ue77aa2d1677cdad6@users.invalid,GitHub,noreply@github.com,1,0,3,8,1,0,0,0,,,,,,0,3916, Remove TLS1.0/1.1 support. Resolves #3914 (#3916),Remove TLS1.0/1.1 support. Resolves #3914 (#3916)
microsoft/AzureTRE,606a5d99cd3c02415d380a1453df0dbcf9a60737,2024-05,-8,pre,2024-05-09T16:32:40Z,2024-05-09T17:32:40+01:00,u87a94f23dc977ebf,u87a94f23dc977ebf@users.invalid,GitHub,noreply@github.com,1,0,21,330,56,0,0,0,,,,,,0,3924,Ubuntu 2204 update (#3924),"Ubuntu 2204 update (#3924)

* Update clean_validation_envs.yml

* update

* update BRANCH_LAST_ACTIVITY_IN_HOURS_FOR_STOP: 8

* Squashed commit of the following:

commit e66cd8206e51c1af615b84e0c56bdcf8b92988f2
Author: u87a94f23dc977ebf <u87a94f23dc977ebf@users.invalid>
Date:   Tue May 7 16:35:57 2024 +0100

    squash commits

commit 933e1603bb45a45a4edb6933d3af4596cb2c2593
Author: u87a94f23dc977ebf <u87a94f23dc977ebf@users.invalid>
Date:   Thu Apr 4 15:54:39 2024 +0100

    update BRANCH_LAST_ACTIVITY_IN_HOURS_FOR_STOP: 8

commit 379e93c05f6b99bb9b2222755e5d9346e0a169b1
Author: u87a94f23dc977ebf <u87a94f23dc977ebf@users.invalid>
Date:   Thu Apr 4 15:52:25 2024 +0100

    update

commit 161880fad5234823f8522e9d7632f53b88d4d8e8
Author: u87a94f23dc977ebf <u87a94f23dc977ebf@users.invalid>
Date:   Tue Apr 2 09:38:19 2024 +0100

    Update clean_validation_envs.yml

commit 79080439ebebf1d8fb2d453cae6c3590e3e46d05
Author: u87a94f23dc977ebf <u87a94f23dc977ebf@users.invalid>
Date:   Tue May 7 16:32:15 2024 +0100

    update changelog

commit 76466e407dd773bdafc5ad6c56f4ad75814c3a9c
Author: u87a94f23dc977ebf <u87a94f23dc977ebf@users.invalid>
Date:   Tue May 7 16:28:55 2024 +0100

    update changelog

commit 9b3b98e07da0264543ccc456c0328cb348bd01da
Author: u87a94f23dc977ebf <u87a94f23dc977ebf@users.invalid>
Date:   Fri Apr 12 09:27:52 2024 +0100

    changelog update

commit d199c777bf5a2c908c6532e11517579562888b6c
Author: u87a94f23dc977ebf <u87a94f23dc977ebf@users.invalid>
Date:   Fri Apr 12 09:01:26 2024 +0100

    Update Resource processor Ubuntu Image (#3902)

    * Update clean_validation_envs.yml

    * update

    * update BRANCH_LAST_ACTIVITY_IN_HOURS_FOR_STOP: 8

    * update core resource processor image

    * remove clean env

    * update version

    * update changelog

commit c4d84045ed8eba4cfc192caca19adcec3dc063d1
Author: u87a94f23dc977ebf <u87a94f23dc977ebf@users.invalid>
Date:   Thu Apr 11 12:18:36 2024 +0100

    update readme and changelog

commit 81dd79b35d2d4319d87f341a51d907702599daaf
Author: u87a94f23dc977ebf <u87a94f23dc977ebf@users.invalid>
Date:   Thu Apr 11 12:18:36 2024 +0100

    update readme and changelog

commit 8cecc55e38b434cd2451b99d1bd2272083edc45d
Author: uf609a7ea7bb75f05 <uf609a7ea7bb75f05@users.invalid>
Date:   Tue Apr 2 09:23:37 2024 +0100

    Ubuntu update (#1)

    * personal

    * update ubuntu image

    * revert changes

    * update ubuntu version

    * update version

    * update offer

    * update sku

    * change offer

    ---------

    Co-authored-by: u7571873e6426ca6a <u7571873e6426ca6a@users.invalid>

commit 49813bf08b0188ad3f77b1a3d5384799f9e09568
Author: ue77aa2d1677cdad6 <ue77aa2d1677cdad6@users.invalid>
Date:   Wed May 1 18:22:19 2024 +0100

     Remove TLS1.0/1.1 support. Resolves #3914 (#3916)

commit a094c19d5708b064628f06ed7f09016fa654f733
Author: u87a94f23dc977ebf <u87a94f23dc977ebf@users.invalid>
Date:   Tue May 7 16:12:53 2024 +0100

    doc update

commit 004a9c0a15e91e1fdc08acf6a3d41b2fe88d52cd
Author: u87a94f23dc977ebf <u87a94f23dc977ebf@users.invalid>
Date:   Tue May 7 10:27:09 2024 +0100

    update script

commit 8044fb7c24178bd91d3cc05d1a8aaef81b52f4d1
Author: u87a94f23dc977ebf <u87a94f23dc977ebf@users.invalid>
Date:   Wed May 1 15:19:48 2024 +0100

    updaet

commit 218aa8bdb3a8701d2bd266f249b5467a5a599994
Author: u87a94f23dc977ebf <u87a94f23dc977ebf@users.invalid>
Date:   Wed May 1 15:19:40 2024 +0100

    update

commit 0ac060f9829df37738c9794f7af22f77d0aa4786
Author: u87a94f23dc977ebf <u87a94f23dc977ebf@users.invalid>
Date:   Tue Apr 30 15:44:47 2024 +0100

    update

commit 0486933a37a5e2b5f2354d57a970a8bed9c564f5
Author: u87a94f23dc977ebf <u87a94f23dc977ebf@users.invalid>
Date:   Tue Apr 30 12:43:46 2024 +0100

    update vm config

commit c9f0749da41b446b27d9ad3d380cade03a6f5688
Author: u87a94f23dc977ebf <u87a94f23dc977ebf@users.invalid>
Date:   Mon Apr 29 18:11:50 2024 +0100

    Prevent screen timeout

commit 7c2db7f5973300312bbfcb6a54dfc77fd4423de9
Author: u87a94f23dc977ebf <u87a94f23dc977ebf@users.invalid>
Date:   Mon Apr 29 18:09:49 2024 +0100

    updates

commit 8d6cf1d47966a173f7e65e98c2f6bbe423a824d8
Author: u87a94f23dc977ebf <u87a94f23dc977ebf@users.invalid>
Date:   Mon Apr 29 17:16:38 2024 +0100

    update

commit 3ecdec77319417d1346f36dc3dc3975946458f10
Author: u87a94f23dc977ebf <u87a94f23dc977ebf@users.invalid>
Date:   Mon Apr 29 12:21:28 2024 +0100

    update

commit eb59085ada8f20ffc4fdc536cca1251166abc909
Author: u87a94f23dc977ebf <u87a94f23dc977ebf@users.invalid>
Date:   Mon Apr 29 12:19:33 2024 +0100

    nexus update

commit 915c6bcd464459a7ab81e073cee1ffc2d14f5038
Author: u87a94f23dc977ebf <u87a94f23dc977ebf@users.invalid>
Date:   Mon Apr 29 10:24:45 2024 +0100

    updste

commit 2345db24f5779921d84dd5d4233e6569ada7e995
Author: u87a94f23dc977ebf <u87a94f23dc977ebf@users.invalid>
Date:   Mon Apr 29 10:24:36 2024 +0100

    update proxy url

commit 6b454a37d82c60f22c4ab82e510ac39f43d3d57f
Author: u87a94f23dc977ebf <u87a94f23dc977ebf@users.invalid>
Date:   Mon Apr 29 10:03:44 2024 +0100

    update

commit 2ce801bddfc1e4eb54633bfdfdc4ee3bd88249f1
Author: u87a94f23dc977ebf <u87a94f23dc977ebf@users.invalid>
Date:   Mon Apr 29 09:48:20 2024 +0100

    add in r studio download

commit 3b83b4c13c6bc5d5c886c0a47f1e897c8cbf65c6
Author: u87a94f23dc977ebf <u87a94f23dc977ebf@users.invalid>
Date:   Mon Apr 29 09:46:11 2024 +0100

    add in snapcraft to nexus

commit dfb6b7bae1ac0a585f53c99de85761d64a9b38a5
Author: u87a94f23dc977ebf <u87a94f23dc977ebf@users.invalid>
Date:   Fri Apr 26 16:55:45 2024 +0100

    spelling

commit f896ce314a54f85dd3e2246de29f596c312161d1
Author: u87a94f23dc977ebf <u87a94f23dc977ebf@users.invalid>
Date:   Fri Apr 26 16:08:41 2024 +0100

    update version

commit fd540af3ffa5392c14f62001d9494bf912b556aa
Author: u87a94f23dc977ebf <u87a94f23dc977ebf@users.invalid>
Date:   Fri Apr 26 16:08:32 2024 +0100

    clean up script

commit 1f8456f5a001959677435169230a921e79f77f13
Author: u87a94f23dc977ebf <u87a94f23dc977ebf@users.invalid>
Date:   Fri Apr 26 14:27:31 2024 +0100

    update

commit 89e65eb693ce2d7a3cc2c8177ace28ba41d46013
Author: u87a94f23dc977ebf <u87a94f23dc977ebf@users.invalid>
Date:   Fri Apr 26 14:27:23 2024 +0100

    update

commit ae4cb0475f7affc8174a40431683565706f9112a
Author: u87a94f23dc977ebf <u87a94f23dc977ebf@users.invalid>
Date:   Fri Apr 26 14:22:13 2024 +0100

    update

commit c33e0330ced874a540e7c1bcc9bfbdadbcdb4799
Author: u87a94f23dc977ebf <u87a94f23dc977ebf@users.invalid>
Date:   Fri Apr 26 14:10:46 2024 +0100

    update

commit 2e290e159c3cc62f6941b751876c727cb65c1709
Author: u87a94f23dc977ebf <u87a94f23dc977ebf@users.invalid>
Date:   Fri Apr 26 14:03:41 2024 +0100

    update

commit 2c16b604446cdb1f92cd3e202a10e5f62d64fc29
Author: u87a94f23dc977ebf <u87a94f23dc977ebf@users.invalid>
Date:   Fri Apr 26 13:57:50 2024 +0100

    update

commit 757d565276d9c88204d3acf4174fedbf9f19c410
Author: u87a94f23dc977ebf <u87a94f23dc977ebf@users.invalid>
Date:   Fri Apr 26 12:18:28 2024 +0100

    update

commit 977b487e64b419089e5c7a7361c1c079e1443183
Author: u87a94f23dc977ebf <u87a94f23dc977ebf@users.invalid>
Date:   Fri Apr 26 11:45:21 2024 +0100

    update

commit 572c27cbbc70b825170b5b71ea0fe93e5a43fbad
Author: u87a94f23dc977ebf <u87a94f23dc977ebf@users.invalid>
Date:   Fri Apr 26 11:45:12 2024 +0100

    update

commit dc7a6c522a0874639c25158b3de463a2ec50155b
Author: u87a94f23dc977ebf <u87a94f23dc977ebf@users.invalid>
Date:   Fri Apr 26 11:39:38 2024 +0100

    add in extensions

commit e46c5bbbac67f710f6f2852a5f8f7191adf93c4a
Author: u87a94f23dc977ebf <u87a94f23dc977ebf@users.invalid>
Date:   Fri Apr 26 11:34:57 2024 +0100

    add sleeps

commit fa1572001fc79e72e464539ad356c197c7f43bc7
Author: u87a94f23dc977ebf <u87a94f23dc977ebf@users.invalid>
Date:   Fri Apr 26 11:33:44 2024 +0100

    update

commit 893cf8daa33a231bb33026602cdc89a4da7a52ce
Author: u87a94f23dc977ebf <u87a94f23dc977ebf@users.invalid>
Date:   Fri Apr 26 10:20:12 2024 +0100

    update

commit 42223aa4b81d773e1c08e9a5e270e61668d00eb8
Author: u87a94f23dc977ebf <u87a94f23dc977ebf@users.invalid>
Date:   Fri Apr 26 10:16:27 2024 +0100

    commit

commit 0a7b1e87ed65924d3a6319e3fcd523f7e67376f5
Author: u87a94f23dc977ebf <u87a94f23dc977ebf@users.invalid>
Date:   Fri Apr 26 10:16:19 2024 +0100

    update

commit 6ce77b00e52add974f4be049043aee2e86c0079a
Author: u87a94f23dc977ebf <u87a94f23dc977ebf@users.invalid>
Date:   Fri Apr 26 09:43:49 2024 +0100

    update

commit f1d68da0cdcf8c2e61a6c71c2c625fa21f06e31c
Author: u87a94f23dc977ebf <u87a94f23dc977ebf@users.invalid>
Date:   Thu Apr 25 17:58:40 2024 +0100

    update

commit 060b6fd5d0e611323047615122950f76188b1f75
Author: u87a94f23dc977ebf <u87a94f23dc977ebf@users.invalid>
Date:   Thu Apr 25 16:17:09 2024 +0100

    vm update

commit c4e70942407a5134bd6b7bb04e8a900dc8790787
Author: u87a94f23dc977ebf <u87a94f23dc977ebf@users.invalid>
Date:   Thu Apr 25 14:20:05 2024 +0100

    update

commit 760f783fef6b6eaaaff8bb6e0d500723286937c2
Author: u87a94f23dc977ebf <u87a94f23dc977ebf@users.invalid>
Date:   Tue Apr 23 16:58:05 2024 +0100

    updat

commit 943e07b9d5eb50a6a2925080bdbbd8a457477b9c
Author: u87a94f23dc977ebf <u87a94f23dc977ebf@users.invalid>
Date:   Tue Apr 23 15:16:03 2024 +0100

    add in ms download and other apps

commit 7a4d250d3b9ed12624b0c7e1481fce93285ba9ff
Author: u87a94f23dc977ebf <u87a94f23dc977ebf@users.invalid>
Date:   Thu Apr 18 09:57:54 2024 +0100

    update linux

commit 770e4c76dbcb4225cb76fc3d03dd27f8ff03c99c
Author: u87a94f23dc977ebf <u87a94f23dc977ebf@users.invalid>
Date:   Tue Apr 16 15:31:25 2024 +0100

    fix linting

commit 4354ca0917935d14c282d38ba896a7a90d08f9e8
Author: u87a94f23dc977ebf <u87a94f23dc977ebf@users.invalid>
Date:   Tue Apr 16 14:06:49 2024 +0100

    format

commit 6980ecbb832e2e46578953e46b7ab91f57e3a980
Author: u87a94f23dc977ebf <u87a94f23dc977ebf@users.invalid>
Date:   Mon Apr 15 16:16:50 2024 +0100

    update

commit a3e5492f79a52eccd634f5591f865e791d07633f
Author: u87a94f23dc977ebf <u87a94f23dc977ebf@users.invalid>
Date:   Mon Apr 15 16:16:38 2024 +0100

    update

commit f9d9ffcd4ae7f54e88f3e242c2e7fbd22ded53f1
Author: u87a94f23dc977ebf <u87a94f23dc977ebf@users.invalid>
Date:   Mon Apr 15 14:44:27 2024 +0100

    update

commit d5a40452e5c226afe78805d9cd9fcb34818da279
Author: u87a94f23dc977ebf <u87a94f23dc977ebf@users.invalid>
Date:   Mon Apr 15 14:39:17 2024 +0100

    update

commit aa4713ca58eba12cc3033b66893cb87ff011bd0a
Author: u87a94f23dc977ebf <u87a94f23dc977ebf@users.invalid>
Date:   Mon Apr 15 12:08:41 2024 +0100

    update image version

commit 2082559750d01e06032396be3c222d100e7671a1
Author: u87a94f23dc977ebf <u87a94f23dc977ebf@users.invalid>
Date:   Mon Apr 15 09:28:08 2024 +0100

    update to gen2

commit cd1a4dbf2fdbfda70c493880f3be4fde3a1590d8
Author: u87a94f23dc977ebf <u87a94f23dc977ebf@users.invalid>
Date:   Fri Apr 12 16:49:59 2024 +0100

    updaet vm config

commit eff70504b880de8645e2d5e6ca3db4e849cccb0d
Author: u87a94f23dc977ebf <u87a94f23dc977ebf@users.invalid>
Date:   Fri Apr 12 16:00:41 2024 +0100

    edit

commit ba9ae5088cdb902953381c9f3909a10d19eca617
Author: u87a94f23dc977ebf <u87a94f23dc977ebf@users.invalid>
Date:   Fri Apr 12 15:10:09 2024 +0100

    update

commit 81801f8914d1fae57a024c40d30e74849cb2358f
Author: u87a94f23dc977ebf <u87a94f23dc977ebf@users.invalid>
Date:   Fri Apr 12 14:36:17 2024 +0100

    update version

commit 86909a3b8a8bbe9b6a6b253761c29d0dd5e7049d
Author: u87a94f23dc977ebf <u87a94f23dc977ebf@users.invalid>
Date:   Fri Apr 12 12:50:34 2024 +0100

    vm-config

commit c5ce11b550e29c13881bc2ada49c18893ae1c716
Author: u87a94f23dc977ebf <u87a94f23dc977ebf@users.invalid>
Date:   Fri Apr 12 10:43:48 2024 +0100

    update config

commit b1bb5c96ba6eb753ae082a4efd45f22b2282f45f
Merge: 9a28c420 cb59c992
Author: u87a94f23dc977ebf <u87a94f23dc977ebf@users.invalid>
Date:   Fri Apr 12 09:32:38 2024 +0100

    Merge branch 'main' into ubuntu-update

commit 9a28c42075148a4a58ab2ecde2db3ca1d15b9d3e
Author: u87a94f23dc977ebf <u87a94f23dc977ebf@users.invalid>
Date:   Fri Apr 12 09:31:47 2024 +0100

    reset

commit 4a2036bc4c897754f91d19824e01505f81f48197
Author: u87a94f23dc977ebf <u87a94f23dc977ebf@users.invalid>
Date:   Fri Apr 12 09:29:53 2024 +0100

    update resource proccesor

commit e1939430b31c13ea1183924c91554100061d162d
Author: u87a94f23dc977ebf <u87a94f23dc977ebf@users.invalid>
Date:   Fri Apr 12 09:27:52 2024 +0100

    changelog update

commit e8ba5fda9f058b0f94135848f8f898083ecb552d
Author: u87a94f23dc977ebf <u87a94f23dc977ebf@users.invalid>
Date:   Thu Apr 11 12:18:36 2024 +0100

    update readme and changelog

commit f3b4efb385019cf67acdd2115386d0ce94a16d42
Author: u87a94f23dc977ebf <u87a94f23dc977ebf@users.invalid>
Date:   Fri Apr 12 09:01:26 2024 +0100

    Update Resource processor Ubuntu Image (#3902)

    * Update clean_validation_envs.yml

    * update

    * update BRANCH_LAST_ACTIVITY_IN_HOURS_FOR_STOP: 8

    * update core resource processor image

    * remove clean env

    * update version

    * update changelog

commit 85cdb983a17297e853c199c0c0ba1bc06b989c50
Author: u87a94f23dc977ebf <u87a94f23dc977ebf@users.invalid>
Date:   Thu Apr 11 12:18:36 2024 +0100

    update readme and changelog

commit b17bfabd8aac12a5ac1709e8dcd973afbd993f21
Author: uf609a7ea7bb75f05 <uf609a7ea7bb75f05@users.invalid>
Date:   Tue Apr 2 09:23:37 2024 +0100

    Ubuntu update (#1)

    * personal

    * update ubuntu image

    * revert changes

    * update ubuntu version

    * update version

    * update offer

    * update sku

    * change offer

    ---------

    Co-authored-by: u7571873e6426ca6a <u7571873e6426ca6a@users.invalid>

commit d8fa5d412184c821361b623233c79d3b8f238242
Author: u87a94f23dc977ebf <u87a94f23dc977ebf@users.invalid>
Date:   Fri Apr 12 09:01:26 2024 +0100

    Update Resource processor Ubuntu Image (#3902)

    * Update clean_validation_envs.yml

    * update

    * update BRANCH_LAST_ACTIVITY_IN_HOURS_FOR_STOP: 8

    * update core resource processor image

    * remove clean env

    * update version

    * update changelog

commit 5e2cdb52f04d0b4d18dee8f287f2a2e0672cfb7b
Author: u87a94f23dc977ebf <u87a94f23dc977ebf@users.invalid>
Date:   Thu Apr 11 12:18:36 2024 +0100

    update readme and changelog

commit 9af4f05a2bedfb54b769bc11ef81bbc607680801
Author: uf609a7ea7bb75f05 <uf609a7ea7bb75f05@users.invalid>
Date:   Tue Apr 2 09:23:37 2024 +0100

    Ubuntu update (#1)

    * personal

    * update ubuntu image

    * revert changes

    * update ubuntu version

    * update version

    * update offer

    * update sku

    * change offer

    ---------

    Co-authored-by: u7571873e6426ca6a <u7571873e6426ca6a@users.invalid>

commit aa4b9487467420435cac009441f19bbb8f265f02
Author: u87a94f23dc977ebf <u87a94f23dc977ebf@users.invalid>
Date:   Fri Apr 12 09:01:26 2024 +0100

    Update Resource processor Ubuntu Image (#3902)

    * Update clean_validation_envs.yml

    * update

    * update BRANCH_LAST_ACTIVITY_IN_HOURS_FOR_STOP: 8

    * update core resource processor image

    * remove clean env

    * update version

    * update changelog

commit 39aa2846941ac02dac76ae8b546d58470c018983
Author: u87a94f23dc977ebf <u87a94f23dc977ebf@users.invalid>
Date:   Fri Apr 12 09:12:48 2024 +0100

    resolving comments

commit cb59c99233575b096207e6afc288af9da7ee0256
Author: u87a94f23dc977ebf <u87a94f23dc977ebf@users.invalid>
Date:   Fri Apr 12 09:01:26 2024 +0100

    Update Resource processor Ubuntu Image (#3902)

    * Update clean_validation_envs.yml

    * update

    * update BRANCH_LAST_ACTIVITY_IN_HOURS_FOR_STOP: 8

    * update core resource processor image

    * remove clean env

    * update version

    * update changelog

commit e06dbcd284b42231261f09d2d9078446119af706
Author: u87a94f23dc977ebf <u87a94f23dc977ebf@users.invalid>
Date:   Thu Apr 11 19:57:14 2024 +0100

    moby-tini || true

commit c08a2b78f600b73ad6e1ea6771f00ceac806897b
Author: u87a94f23dc977ebf <u87a94f23dc977ebf@users.invalid>
Date:   Thu Apr 11 17:02:01 2024 +0100

    update version

commit 104939002386bb1c70eb22873cc5f00b40facffe
Author: u87a94f23dc977ebf <u87a94f23dc977ebf@users.invalid>
Date:   Thu Apr 11 17:01:21 2024 +0100

    remove moby-tini

commit ce4dc82ba377fc28ee4f55be2968618a42178347
Author: u87a94f23dc977ebf <u87a94f23dc977ebf@users.invalid>
Date:   Thu Apr 11 15:53:12 2024 +0100

    update version

commit 7a43e653d840cc436cc0754aa7bf9493b5222306
Author: u87a94f23dc977ebf <u87a94f23dc977ebf@users.invalid>
Date:   Thu Apr 11 15:52:58 2024 +0100

    update vm config

commit 7db0e5fdcb0c2f16224ca86224df96fbe1ad1e76
Author: u87a94f23dc977ebf <u87a94f23dc977ebf@users.invalid>
Date:   Thu Apr 11 14:46:09 2024 +0100

    update ds install_ui: true

commit 8ff7f69abeb8e50c3b301b1023a6155d665335da
Author: u87a94f23dc977ebf <u87a94f23dc977ebf@users.invalid>
Date:   Thu Apr 11 14:08:22 2024 +0100

    update script

commit be7212b684ac32f0df27ea3e3e1198c6d1aeeb5b
Author: u87a94f23dc977ebf <u87a94f23dc977ebf@users.invalid>
Date:   Thu Apr 11 13:40:29 2024 +0100

    update version

commit 3a30d23cd81eedaefabd5291dcbb2fe0cab526ba
Author: u87a94f23dc977ebf <u87a94f23dc977ebf@users.invalid>
Date:   Thu Apr 11 13:40:18 2024 +0100

    ds install_ui: false

commit a3d9109ed4736348238b54ad4ceb0be4fa2145d2
Author: u87a94f23dc977ebf <u87a94f23dc977ebf@users.invalid>
Date:   Thu Apr 11 12:18:36 2024 +0100

    update readme and changelog

commit 875f2f454ddce9ffbab8e490fc91b25df59789e3
Author: uf609a7ea7bb75f05 <uf609a7ea7bb75f05@users.invalid>
Date:   Tue Apr 2 09:23:37 2024 +0100

    Ubuntu update (#1)

    * personal

    * update ubuntu image

    * revert changes

    * update ubuntu version

    * update version

    * update offer

    * update sku

    * change offer

    ---------

    Co-authored-by: u7571873e6426ca6a <u7571873e6426ca6a@users.invalid>

commit 9fc272b93a7211867339ba6b9f64a0a88afbba6e
Merge: 3a9eecbf bc2f2332
Author: u87a94f23dc977ebf <u87a94f23dc977ebf@users.invalid>
Date:   Thu Apr 11 12:12:57 2024 +0100

    Merge branch 'main' into ubuntu-update

commit 3a9eecbf08be075a14a2875cfa97cd21073b4258
Author: u87a94f23dc977ebf <u87a94f23dc977ebf@users.invalid>
Date:   Thu Apr 11 12:12:16 2024 +0100

    testing

commit 3b7522eebb4674fd60c1afdeca40fc60e727b36a
Author: u87a94f23dc977ebf <u87a94f23dc977ebf@users.invalid>
Date:   Thu Apr 11 11:49:49 2024 +0100

    version for guac

commit d75e442ffca717e05abb8a4cf2453ac0691ec59f
Author: u87a94f23dc977ebf <u87a94f23dc977ebf@users.invalid>
Date:   Thu Apr 11 11:34:15 2024 +0100

    update to gen2

commit d4a57a331763ce86f57bda17204212a1f0af5633
Author: u87a94f23dc977ebf <u87a94f23dc977ebf@users.invalid>
Date:   Thu Apr 11 11:28:21 2024 +0100

    update Readme for user resources

commit af50b399b90dbffca77c1e113ac66c755c5f502d
Author: u87a94f23dc977ebf <u87a94f23dc977ebf@users.invalid>
Date:   Thu Apr 11 11:12:46 2024 +0100

    update apt-get

commit bc414b75addc05fd5560bfbe14bd9d512e235c9b
Author: u87a94f23dc977ebf <u87a94f23dc977ebf@users.invalid>
Date:   Thu Apr 11 11:07:43 2024 +0100

    update config

commit bc2f233216727f2586c7e79cdd4ca0a12d4dfbbe
Author: uf609a7ea7bb75f05 <uf609a7ea7bb75f05@users.invalid>
Date:   Thu Apr 11 09:50:09 2024 +0100

    Update ""Azure AD"" references to ""Microsoft Entra ID"" (#3873)

    * rename Azure AD to Microsoft Entra Workforce ID

    * update Azure Active Directory to Microsoft Entra Workforce ID

    * replace

    * update version

    * change stale version

    * update from stale

    * update version

    * update readme

    * Microsoft Entra Workforce ID -> Microsoft Entra ID

    * AAD -> Microsoft Entra ID

    * Delete .devcontainer/devcontainer.json

    * Revert ""Delete .devcontainer/devcontainer.json""

    This reverts commit 5dd6d5c2656c5304bf4adf6bb38e1a20735bbc8a.

    * revert code changes

    * remove double names

    * update version

    * go back version

    * api update version

    * revert for linting

    * revert test linting

    * fix linting

    * roll back linting

    * increase line length

    * fix linting

    * fix formatting

    * fix lintin 3

    * update urls

    * update aad urls

    ---------

    Co-authored-by: u87a94f23dc977ebf <u87a94f23dc977ebf@users.invalid>

commit a09af34ee572e166f5498825ef98450e3af9ced1
Author: u87a94f23dc977ebf <u87a94f23dc977ebf@users.invalid>
Date:   Wed Apr 10 16:44:01 2024 +0100

    update apt-source-list

commit 271c7e0fc3ebc2c108caf99d4669f182cc4a11a6
Author: u87a94f23dc977ebf <u87a94f23dc977ebf@users.invalid>
Date:   Wed Apr 10 15:57:32 2024 +0100

    update pypi source

commit 1ea11594ac3efe1f6dfcf49a975ba8b287c329cf
Author: u87a94f23dc977ebf <u87a94f23dc977ebf@users.invalid>
Date:   Wed Apr 10 15:53:40 2024 +0100

    update

commit d1beb038d67b9f1e0dba1f0be9bfb18bf25e9b38
Author: u87a94f23dc977ebf <u87a94f23dc977ebf@users.invalid>
Date:   Wed Apr 10 15:51:51 2024 +0100

    updaye

commit 9c2211b70ae50930df09ed681e61553728254cb0
Author: u87a94f23dc977ebf <u87a94f23dc977ebf@users.invalid>
Date:   Wed Apr 10 15:31:17 2024 +0100

    update core

commit c7ebc5b9330846d5c10ac0194442c3075eeb6c1d
Author: u87a94f23dc977ebf <u87a94f23dc977ebf@users.invalid>
Date:   Wed Apr 10 15:29:00 2024 +0100

    update linux vms

commit 18df98cfca0445f76378f12c552f97d3353f6954
Author: u87a94f23dc977ebf <u87a94f23dc977ebf@users.invalid>
Date:   Wed Apr 10 15:27:42 2024 +0100

    update version

commit 19316a16ee519157748753867b2f5e8d7d553178
Author: u87a94f23dc977ebf <u87a94f23dc977ebf@users.invalid>
Date:   Wed Apr 10 14:03:08 2024 +0100

    update install UI

commit 47c81826b5a4902fbf01d86004c422e7bfecd42f
Author: dependabot[bot] <49699333+dependabot[bot]@users.noreply.github.com>
Date:   Tue Apr 9 19:39:14 2024 +0300

    Bump the npm_and_yarn group in /ui/app with 3 updates (#3891)

    * Bump the npm_and_yarn group in /ui/app with 3 updates

    Bumps the npm_and_yarn group in /ui/app with 3 updates: [express](https://github.com/expressjs/express), [follow-redirects](https://github.com/follow-redirects/follow-redirects) and [webpack-dev-middleware](https://github.com/webpack/webpack-dev-middleware).

    Updates `express` from 4.18.3 to 4.19.2
    - [Release notes](https://github.com/expressjs/express/releases)
    - [Changelog](https://github.com/expressjs/express/blob/master/History.md)
    - [Commits](https://github.com/expressjs/express/compare/4.18.3...4.19.2)

    Updates `follow-redirects` from 1.15.5 to 1.15.6
    - [Release notes](https://github.com/follow-redirects/follow-redirects/releases)
    - [Commits](https://github.com/follow-redirects/follow-redirects/compare/v1.15.5...v1.15.6)

    Updates `webpack-dev-middleware` from 5.3.3 to 5.3.4
    - [Release notes](https://github.com/webpack/webpack-dev-middleware/releases)
    - [Changelog](https://github.com/webpack/webpack-dev-middleware/blob/v5.3.4/CHANGELOG.md)
    - [Commits](https://github.com/webpack/webpack-dev-middleware/compare/v5.3.3...v5.3.4)

    ---
    updated-dependencies:
    - dependency-name: express
      dependency-type: indirect
      dependency-group: npm_and_yarn-security-group
    - dependency-name: follow-redirects
      dependency-type: indirect
      dependency-group: npm_and_yarn-security-group
    - dependency-name: webpack-dev-middleware
      dependency-type: indirect
      dependency-group: npm_and_yarn-security-group
    ...

    Signed-off-by: dependabot[bot] <support@github.com>

    * update ui version

    ---------

    Signed-off-by: dependabot[bot] <support@github.com>
    Co-authored-by: dependabot[bot] <49699333+dependabot[bot]@users.noreply.github.com>
    Co-authored-by: u87a94f23dc977ebf <u87a94f23dc977ebf@users.invalid>

commit 072cfdc24936ea65194152d6eb5fe39c6485d55c
Author: u87a94f23dc977ebf <u87a94f23dc977ebf@users.invalid>
Date:   Tue Apr 9 17:26:28 2024 +0100

    add in microsoft-apt/ubuntu/20.04 to source-list

commit 30ecfa2401c2096237c02c336fccd47f90e606ed
Author: u87a94f23dc977ebf <u87a94f23dc977ebf@users.invalid>
Date:   Tue Apr 9 14:55:25 2024 +0100

    add in image to enum

commit 33d14bee981e529928dcd8d21018555d69a1d9dc
Author: u87a94f23dc977ebf <u87a94f23dc977ebf@users.invalid>
Date:   Tue Apr 9 14:33:52 2024 +0100

    update image options

commit 7aa64ba948609526b283c8142ab3d2e3d9581bf2
Author: u87a94f23dc977ebf <u87a94f23dc977ebf@users.invalid>
Date:   Tue Apr 9 12:09:38 2024 +0100

    update

commit ea63ebfaf4e838cf85988cd2cf53109a1acc35cd
Author: u87a94f23dc977ebf <u87a94f23dc977ebf@users.invalid>
Date:   Tue Apr 9 06:37:40 2024 +0100

    Feature/GitHub actions update (#3897)

    * Update clean_validation_envs.yml

    * azure login (#19)

    Co-authored-by: u7571873e6426ca6a <u7571873e6426ca6a@users.invalid>

    * GitHub actions update (#22)

    * azure login

    * reset cron

    * update action versions

    ---------

    Co-authored-by: uf609a7ea7bb75f05 <uf609a7ea7bb75f05@users.invalid>

    * change conclusion action

    * add in teams

    ---------

    Co-authored-by: uf609a7ea7bb75f05 <uf609a7ea7bb75f05@users.invalid>

commit de141651ad9fb9f58e7b78e383edf263eaa549d1
Author: u87a94f23dc977ebf <u87a94f23dc977ebf@users.invalid>
Date:   Fri Apr 5 12:42:03 2024 +0100

    Documentation Pipeline Fix (#3898)

    add in permissions to pipeline

commit c92494e384362121d489380559e91c46cd6edf82
Merge: 27167496 086be330
Author: u87a94f23dc977ebf <u87a94f23dc977ebf@users.invalid>
Date:   Thu Apr 4 16:54:43 2024 +0100

    Merge branch 'main' into ubuntu-update

commit 27167496ec361294dcfe851bed55a30541594416
Author: uf609a7ea7bb75f05 <uf609a7ea7bb75f05@users.invalid>
Date:   Tue Apr 2 09:23:37 2024 +0100

    Ubuntu update (#1)

    * personal

    * update ubuntu image

    * revert changes

    * update ubuntu version

    * update version

    * update offer

    * update sku

    * change offer

    ---------

    Co-authored-by: u7571873e6426ca6a <u7571873e6426ca6a@users.invalid>

* update env yaml

* update bash

* update linting

* update docs

* comment fixes

* update

* update nexus sku

* Update docs/tre-templates/user-resources/guacamole-linux-vm.md

Co-authored-by: u98b22fe3d4ba9453 <u98b22fe3d4ba9453@users.invalid>

* update docs

* docs

---------

Co-authored-by: u98b22fe3d4ba9453 <u98b22fe3d4ba9453@users.invalid>"
microsoft/AzureTRE,bd0aa62f577b05a8548b03db43e90f2495ecd109,2024-05,-8,pre,2024-05-10T09:48:36Z,2024-05-10T10:48:36+01:00,u98b22fe3d4ba9453,u98b22fe3d4ba9453@users.invalid,GitHub,noreply@github.com,1,0,1,9,0,0,0,0,,,,,,0,3727,Create KEY_VAULT_URL env var when a private.env file exists (#3727),"Create KEY_VAULT_URL env var when a private.env file exists (#3727)

* Add in variablkes required when have a local porter config.yaml

* skip SC2153

* fix typo

---------

Co-authored-by: u87a94f23dc977ebf <u87a94f23dc977ebf@users.invalid>"
microsoft/AzureTRE,d866ec550a2c37ee0b8761fb00166d626b4c2c3a,2024-05,-8,pre,2024-05-10T10:41:59Z,2024-05-10T11:41:59+01:00,u98b22fe3d4ba9453,u98b22fe3d4ba9453@users.invalid,GitHub,noreply@github.com,1,0,5,60,12,2,13,8,,,,,,0,3863,Add storage account check to avoid name clash (#3863),"Add storage account check to avoid name clash (#3863)

* Add storage account check

* update changelog. version and fix linting

* Update _version.py

---------

Co-authored-by: u87a94f23dc977ebf <u87a94f23dc977ebf@users.invalid>"
microsoft/AzureTRE,7b572af421d21a070acddf2e1a620cce6796b5a8,2024-05,-8,pre,2024-05-10T13:09:28+01:00,2024-05-10T13:09:28+01:00,dependabot[bot],49699333+dependabot[bot]@users.noreply.github.com,GitHub,noreply@github.com,1,0,2,35,10,0,0,0,,,,,dependabot,0,3918,Bump the npm_and_yarn group in /ui/app with 2 updates (#3918),"Bump the npm_and_yarn group in /ui/app with 2 updates (#3918)

* Bump the npm_and_yarn group in /ui/app with 2 updates

Bumps the npm_and_yarn group in /ui/app with 2 updates: [ejs](https://github.com/mde/ejs) and [tar](https://github.com/isaacs/node-tar).


Updates `ejs` from 3.1.9 to 3.1.10
- [Release notes](https://github.com/mde/ejs/releases)
- [Commits](https://github.com/mde/ejs/compare/v3.1.9...v3.1.10)

Updates `tar` from 6.2.0 to 6.2.1
- [Release notes](https://github.com/isaacs/node-tar/releases)
- [Changelog](https://github.com/isaacs/node-tar/blob/main/CHANGELOG.md)
- [Commits](https://github.com/isaacs/node-tar/compare/v6.2.0...v6.2.1)

---
updated-dependencies:
- dependency-name: ejs
  dependency-type: indirect
  dependency-group: npm_and_yarn
- dependency-name: tar
  dependency-type: indirect
  dependency-group: npm_and_yarn
...

Signed-off-by: dependabot[bot] <support@github.com>

* update version

---------

Signed-off-by: dependabot[bot] <support@github.com>
Co-authored-by: dependabot[bot] <49699333+dependabot[bot]@users.noreply.github.com>
Co-authored-by: u87a94f23dc977ebf <u87a94f23dc977ebf@users.invalid>"
microsoft/AzureTRE,565fd4dc270b933d191a2120c30dc8fcbb012586,2024-05,-8,pre,2024-05-10T15:03:16Z,2024-05-10T15:03:16Z,dependabot[bot],49699333+dependabot[bot]@users.noreply.github.com,GitHub,noreply@github.com,1,0,6,7,7,3,3,3,,,,,dependabot,0,3930,Bump the pip group across 3 directories with 2 updates (#3930),"Bump the pip group across 3 directories with 2 updates (#3930)

* Bump the pip group across 3 directories with 2 updates

Bumps the pip group with 2 updates in the /api_app directory: [aiohttp](https://github.com/aio-libs/aiohttp) and [gunicorn](https://github.com/benoitc/gunicorn).
Bumps the pip group with 1 update in the /cli directory: [aiohttp](https://github.com/aio-libs/aiohttp).
Bumps the pip group with 1 update in the /resource_processor/vmss_porter directory: [aiohttp](https://github.com/aio-libs/aiohttp).


Updates `aiohttp` from 3.9.3 to 3.9.4
- [Release notes](https://github.com/aio-libs/aiohttp/releases)
- [Changelog](https://github.com/aio-libs/aiohttp/blob/master/CHANGES.rst)
- [Commits](https://github.com/aio-libs/aiohttp/compare/v3.9.3...v3.9.4)

Updates `gunicorn` from 21.2.0 to 22.0.0
- [Release notes](https://github.com/benoitc/gunicorn/releases)
- [Commits](https://github.com/benoitc/gunicorn/compare/21.2.0...22.0.0)

Updates `aiohttp` from 3.9.3 to 3.9.4
- [Release notes](https://github.com/aio-libs/aiohttp/releases)
- [Changelog](https://github.com/aio-libs/aiohttp/blob/master/CHANGES.rst)
- [Commits](https://github.com/aio-libs/aiohttp/compare/v3.9.3...v3.9.4)

Updates `aiohttp` from 3.9.3 to 3.9.4
- [Release notes](https://github.com/aio-libs/aiohttp/releases)
- [Changelog](https://github.com/aio-libs/aiohttp/blob/master/CHANGES.rst)
- [Commits](https://github.com/aio-libs/aiohttp/compare/v3.9.3...v3.9.4)

---
updated-dependencies:
- dependency-name: aiohttp
  dependency-type: direct:production
  dependency-group: pip
- dependency-name: gunicorn
  dependency-type: direct:production
  dependency-group: pip
- dependency-name: aiohttp
  dependency-type: direct:production
  dependency-group: pip
- dependency-name: aiohttp
  dependency-type: direct:production
  dependency-group: pip
...

Signed-off-by: dependabot[bot] <support@github.com>

* update version

* update RP version

---------

Signed-off-by: dependabot[bot] <support@github.com>
Co-authored-by: dependabot[bot] <49699333+dependabot[bot]@users.noreply.github.com>
Co-authored-by: u87a94f23dc977ebf <u87a94f23dc977ebf@users.invalid>"
microsoft/AzureTRE,ddbbffe70fc6a8fe5d0b430afc4c18116f7ff993,2024-05,-8,pre,2024-05-20T09:30:22+01:00,2024-05-20T09:30:22+01:00,u87a94f23dc977ebf,u87a94f23dc977ebf@users.invalid,GitHub,noreply@github.com,1,0,6,25,24,0,0,0,,,,,,0,3932,Snyk updates 0524 (#3932),"Snyk updates 0524 (#3932)

* Update clean_validation_envs.yml

* update

* update BRANCH_LAST_ACTIVITY_IN_HOURS_FOR_STOP: 8

* snyk update

* update version

* update

* update

* update

* update version

* update"
microsoft/AzureTRE,bdb736e6db39ede7ad789f707959c74f869eb39f,2024-05,-8,pre,2024-05-28T16:54:36+01:00,2024-05-28T16:54:36+01:00,ue77aa2d1677cdad6,ue77aa2d1677cdad6@users.invalid,GitHub,noreply@github.com,1,0,1,1,1,0,0,0,,,,,,0,3954,Improve documentation on TRE teardown (#3954),"Improve documentation on TRE teardown (#3954)

Update tear-down.md"
microsoft/AzureTRE,8d9703920c4ad45b6c77d45a5c0880d6cf3fea4d,2024-05,-8,pre,2024-05-29T12:32:05+01:00,2024-05-29T12:32:05+01:00,u87a94f23dc977ebf,u87a94f23dc977ebf@users.invalid,GitHub,noreply@github.com,1,0,8,18,2,0,0,0,,,,,,0,3952,Add Key Vault purge protection variable  (#3952),"Add Key Vault purge protection variable  (#3952)

* Update clean_validation_envs.yml

* update

* update BRANCH_LAST_ACTIVITY_IN_HOURS_FOR_STOP: 8

* add new variable

* update to allow kv var to be optional

* tf format

* Update clean_validation_envs.yml"
microsoft/AzureTRE,1ffb09baf37f4599adfd65b4259fdda7564da408,2024-05,-8,pre,2024-05-30T09:20:06Z,2024-05-30T10:20:06+01:00,ue77aa2d1677cdad6,ue77aa2d1677cdad6@users.invalid,GitHub,noreply@github.com,1,0,3,5,2,2,4,2,,,,,,0,3951,Resource processor - Re-instate az login and az acr login commands prior to porter explain command to fix microsoft/AzureTRE#3950 (#3951),"Resource processor - Re-instate az login and az acr login commands prior to porter explain command to fix microsoft/AzureTRE#3950 (#3951)

* Update commands.py

Resource processor - Re-instate az login and az acr login commands prior to porter explain command to fix microsoft/AzureTRE#3950

* commands.py - fix linter whitespace error - W293 blank line contains whitespace

* Update resource processor version and changelog"
microsoft/AzureTRE,59d006a872f14af07b423957c7b1e0f9a1bed5fd,2024-06,-7,pre,2024-06-21T14:13:42+01:00,2024-06-21T14:13:42+01:00,u87a94f23dc977ebf,u87a94f23dc977ebf@users.invalid,GitHub,noreply@github.com,1,0,5,7,2,0,0,0,,,,,,0,3994,MySQL Recreation Fix (#3994),"MySQL Recreation Fix (#3994)

* Update clean_validation_envs.yml

* update

* update BRANCH_LAST_ACTIVITY_IN_HOURS_FOR_STOP: 8

* update charset and collation

* update chnagelog

* add in lifecylce rule for charset and collation

* update changelog

* update clean env yaml"
microsoft/AzureTRE,73944ed72e7f211f7c00abcf54f989ee5b0e5ddb,2024-06,-7,pre,2024-06-21T14:10:43Z,2024-06-21T15:10:43+01:00,u87a94f23dc977ebf,u87a94f23dc977ebf@users.invalid,GitHub,noreply@github.com,1,0,5,86,84,0,0,0,,,,,,0,3991,Core provider update (#3991),"Core provider update (#3991)

* Update clean_validation_envs.yml

* update

* update BRANCH_LAST_ACTIVITY_IN_HOURS_FOR_STOP: 8

* update

* rest activity

* update version

* pin provider

* add in premium_messaging_partitions for sb

* update type

* update other providers

* remove deprecated attributes

* more depricated attributes

* reset

* add in tf lock"
microsoft/AzureTRE,63ee9358b80e8769e796d61a9826bc4f7fe0387c,2024-06,-7,pre,2024-06-24T10:20:09+01:00,2024-06-24T10:20:09+01:00,ue77aa2d1677cdad6,ue77aa2d1677cdad6@users.invalid,GitHub,noreply@github.com,1,0,22,64,23,2,2,1,,,,,,0,3975,Expose FIREWALL_SKU as environment variable & support start/stop of SKU Basic Firewall (#3975),"Expose FIREWALL_SKU as environment variable & support start/stop of SKU Basic Firewall (#3975)

* Expose FIREWALL_SKU as environment variable & support start/stop of SKU Basic Firewall

* Fix lint / build validation issues

* Fix Lint issue & improve documentation on FIREWALL_SKU as per @h915e2cba00074fd7

* Fix build validation:  update core build version number

* #3975 Increment minor version numbers as per @h39c3f5d5389815bb review"
microsoft/AzureTRE,4004cb8133239223d64473c3ebf3e52ca460dc4f,2024-06,-7,pre,2024-06-24T10:54:55+01:00,2024-06-24T10:54:55+01:00,uab638364eee78a30,uab638364eee78a30@users.invalid,GitHub,noreply@github.com,1,0,2,4,3,0,0,0,,,,,,0,4005,Fixes #4003 with correct links (#4005),"Fixes #4003 with correct links (#4005)

Co-authored-by: u87a94f23dc977ebf <u87a94f23dc977ebf@users.invalid>"
microsoft/AzureTRE,8b762a97e05adfbcf12ca80a01bbec4c00bd70db,2024-06,-7,pre,2024-06-24T12:32:48+01:00,2024-06-24T12:32:48+01:00,u98b22fe3d4ba9453,u98b22fe3d4ba9453@users.invalid,GitHub,noreply@github.com,1,0,11,62,12,4,11,10,,,,,,0,3988,Enable Workspace owners to create Airlock requests and remove need for email (#3988),"Enable Workspace owners to create Airlock requests and remove need for email (#3988)

* Enable Workspace owners to create Airlock requests and remove need for email

* Update versions

* Fix linting.

* add additonal test.

* Update CHANGELOG.md

* Update version.txt

---------

Co-authored-by: u87a94f23dc977ebf <u87a94f23dc977ebf@users.invalid>"
microsoft/AzureTRE,3689c09b902df14fae064fefecacc8b5665e8acb,2024-06,-7,pre,2024-06-25T14:56:39+01:00,2024-06-25T14:56:39+01:00,ue77aa2d1677cdad6,ue77aa2d1677cdad6@users.invalid,GitHub,noreply@github.com,1,0,2,18,10,0,0,0,,,,,,0,3979,Fix  .github/workflows/lets_encrypt.yml (#3979),"Fix  .github/workflows/lets_encrypt.yml (#3979)

* Fix missing env vars.  Add environment selector on manual run.  Comment out schedule.

* Update CHANGELOG for Lets Encrypt fix, and add missing entry for FIREWALL_SKU enhancement

* Fix lint issue - remove trailing space"
microsoft/AzureTRE,0560d29ad1cd156c50eeb9ea3a26bb08f0bc08c7,2024-06,-7,pre,2024-06-25T16:05:21+01:00,2024-06-25T16:05:21+01:00,u87a94f23dc977ebf,u87a94f23dc977ebf@users.invalid,GitHub,noreply@github.com,1,0,2,4,1,0,0,0,,,,,,0,4008,Gitea Shared Service Fix (#4008),"Gitea Shared Service Fix (#4008)

* add in ignore_changes

* changelog update"
microsoft/AzureTRE,8171fe9e99bace2e195fe8260631c5a5708b5f72,2024-06,-7,pre,2024-06-25T16:16:34+01:00,2024-06-25T16:16:34+01:00,uab638364eee78a30,uab638364eee78a30@users.invalid,GitHub,noreply@github.com,1,0,2,3,2,0,0,0,,,,,,0,3996,Updates Windows11 Source Image SKU as  previous SKU is end-of-life (#3996),"Updates Windows11 Source Image SKU as  previous SKU is end-of-life (#3996)

* Updates Windows11 Source Imgae SKU as  previous SKU is end-of-life

* Updated template version and CHANGELOG

* Fixed typo in CHANGELOG

* Updates to major version  to prevent upgrades due to data loss

---------

Co-authored-by: u87a94f23dc977ebf <u87a94f23dc977ebf@users.invalid>"
microsoft/AzureTRE,21daf3f2658ede4fc3e830de7dd6e1ccfd516a9b,2024-06,-7,pre,2024-06-26T09:37:18+01:00,2024-06-26T09:37:18+01:00,u87a94f23dc977ebf,u87a94f23dc977ebf@users.invalid,GitHub,noreply@github.com,1,0,2,2,1,0,0,0,,,,,,0,3963,Weak hashes (#3963),"Weak hashes (#3963)

* Update clean_validation_envs.yml

* update

* update BRANCH_LAST_ACTIVITY_IN_HOURS_FOR_STOP: 8

* sha2

* update chnagelog

* update

* update"
microsoft/AzureTRE,69095849604dded0167dca56413b8e602f220788,2024-06,-7,pre,2024-06-27T12:22:22+01:00,2024-06-27T12:22:22+01:00,u87a94f23dc977ebf,u87a94f23dc977ebf@users.invalid,GitHub,noreply@github.com,1,0,4,446,141,0,0,0,,,,,,0,3964,Databricks ips (#3964),Databricks ips (#3964)
microsoft/AzureTRE,fc4abe1e6fefa110a07ce70eb491fd241ac13ebd,2024-06,-7,pre,2024-06-27T12:24:20+01:00,2024-06-27T12:24:20+01:00,u98b22fe3d4ba9453,u98b22fe3d4ba9453@users.invalid,GitHub,noreply@github.com,1,0,2,24,14,0,0,0,,,,,,0,4013,Fix hash issue with builds (#4013),"Fix hash issue with builds (#4013)

* Fix hash issue with builds

* Update build.test.js"
microsoft/AzureTRE,9e49ed69d1ca074f7cae54647bd16001e59644a8,2024-06,-7,pre,2024-06-28T14:45:40+01:00,2024-06-28T14:45:40+01:00,u87a94f23dc977ebf,u87a94f23dc977ebf@users.invalid,GitHub,noreply@github.com,1,0,1,43,1,0,0,0,,,,,,0,4016,Release v0.18 (#4016),"Release v0.18 (#4016)

* update release.md

* spelling

* update changelog

* moved to different branch

* Databricks ips (#3964)

* Fix hash issue with builds (#4013)

* Fix hash issue with builds

* Update build.test.js

---------

Co-authored-by: u98b22fe3d4ba9453 <u98b22fe3d4ba9453@users.invalid>"
microsoft/AzureTRE,5778fc93221fcb89ab64268be98703ba9d86c705,2024-07,-6,pre,2024-07-09T16:26:54+01:00,2024-07-09T16:26:54+01:00,ue77aa2d1677cdad6,ue77aa2d1677cdad6@users.invalid,GitHub,noreply@github.com,1,0,13,67,14,0,0,0,,,,,,0,4014,Support custom domain on SSL certificate and App Registration redirect (#4014),"Support custom domain on SSL certificate and App Registration redirect (#4014)

* Support custom domain on SSL certificate and App Registration redirect

* Update CHANGELOG.md

* Update core version number

* Custom domain documentation

* Fix docs formatting

* Update CHANGELOG.md

* Print certificate FQDN to console in letsencrypt.sh"
microsoft/AzureTRE,9d0bf319e5eed1b5ae4ec055917adc98ce6651da,2024-07,-6,pre,2024-07-12T22:03:54Z,2024-07-12T23:03:54+01:00,u87a94f23dc977ebf,u87a94f23dc977ebf@users.invalid,GitHub,noreply@github.com,1,0,3,23,0,0,0,0,,,,,,0,4025,Add user case studies to docs  (#4025),Add user case studies to docs  (#4025)
microsoft/AzureTRE,43eb846c726073d454f8c0e71a767e771c58e7d1,2024-07,-6,pre,2024-07-15T15:43:34+01:00,2024-07-15T15:43:34+01:00,ue77aa2d1677cdad6,ue77aa2d1677cdad6@users.invalid,GitHub,noreply@github.com,1,0,27,589,4,1,1,0,,,,,,0,3970,Azure SQL Workspace Service (#3970),"Azure SQL Workspace Service (#3970)

* Azure SQL Workspace Service

- New Azure SQL workspace service, based on existing MySQL workspace
- TRE Core changes:
  - Add Azure SQL privatelink DNS zone to core terraform
- Base workspace changes:
  - Add Azure SQL privatelink DNS zone virtual network link to base workspace
- Documentation

* Update CHANGELOG.md

* Fix lint issues

* Add #tflint-ignore directive until a new release is created on microsoft/terraform-azurerm-environment-configuration

* Pin 0.5.0 version to https://github.com/microsoft/terraform-azurerm-environment-configuration.git

* Update CHANGELOG.md

* Update terraform versions"
microsoft/AzureTRE,5d5d8b058686dc70dd03119ec9498a29dc296135,2024-07,-6,pre,2024-07-16T13:11:50+01:00,2024-07-16T13:11:50+01:00,ue77aa2d1677cdad6,ue77aa2d1677cdad6@users.invalid,GitHub,noreply@github.com,1,0,3,3,1,0,0,0,,,,,,0,4022,Disable public network access to API App Service - traffic is routed through PE from App Gateway (#4022),"Disable public network access to API App Service - traffic is routed through PE from App Gateway (#4022)

* Disable public network access to API - traffic should be routed through App Gateway via PE

* Update core version and changelog

* Update version.txt"
microsoft/AzureTRE,3d1bb3382723e601a8d3b60ed7f58478b0416105,2024-07,-6,pre,2024-07-17T14:10:48+01:00,2024-07-17T18:40:48+05:30,ubd7e844ee62186ca,ubd7e844ee62186ca@users.invalid,GitHub,noreply@github.com,1,0,2,3,2,0,0,0,,,,,,0,4028,Improve Bug Template (#4028),"Improve Bug Template (#4028)

* Improve Bug Template

Signed-off-by: ubada25ba9085e579 <ubada25ba9085e579@users.invalid>

* Update CHANGELOG.md

* Update CHANGELOG.md in `0.18.0`

* Update CHANGELOG.md

* Shift changes to `bug fixes`

---------

Signed-off-by: ubada25ba9085e579 <ubada25ba9085e579@users.invalid>
Co-authored-by: u87a94f23dc977ebf <u87a94f23dc977ebf@users.invalid>"
microsoft/AzureTRE,979c4face24a3fa78bb5d9e6df3318438146e2ff,2024-07,-6,pre,2024-07-18T15:12:55+01:00,2024-07-18T15:12:55+01:00,ue77aa2d1677cdad6,ue77aa2d1677cdad6@users.invalid,GitHub,noreply@github.com,1,0,1,1,1,0,0,0,,,,,,0,4038,Documentation typo (#4038),"Documentation typo (#4038)

Update cloud-init.md"
microsoft/AzureTRE,6d51acec45c4ae60a66bbfdf0d35d8b1c9158ff9,2024-07,-6,pre,2024-07-23T14:35:34+01:00,2024-07-23T14:35:34+01:00,ue77aa2d1677cdad6,ue77aa2d1677cdad6@users.invalid,GitHub,noreply@github.com,1,0,11,11,10,0,0,0,,,,,,0,4034,Remove AppServiceFileAuditLogs diagnostic setting (#4034),Remove AppServiceFileAuditLogs diagnostic setting (#4034)
microsoft/AzureTRE,ba76a89f267cde70aefae1793643bad288808701,2024-08,-5,pre,2024-08-01T08:48:14Z,2024-08-01T09:48:14+01:00,u87a94f23dc977ebf,u87a94f23dc977ebf@users.invalid,GitHub,noreply@github.com,1,0,3,22,16,0,0,0,,,,,,0,4031,Emoji markdown Fix (#4031),"Emoji markdown Fix (#4031)

* update

* update mkdocs

* Release v0.18 (#4016)

* update release.md

* spelling

* update changelog

* moved to different branch

* Databricks ips (#3964)

* Fix hash issue with builds (#4013)

* Fix hash issue with builds

* Update build.test.js

---------

Co-authored-by: u98b22fe3d4ba9453 <u98b22fe3d4ba9453@users.invalid>

* Support custom domain on SSL certificate and App Registration redirect (#4014)

* Support custom domain on SSL certificate and App Registration redirect

* Update CHANGELOG.md

* Update core version number

* Custom domain documentation

* Fix docs formatting

* Update CHANGELOG.md

* Print certificate FQDN to console in letsencrypt.sh

* Add user case studies to docs  (#4025)

* update changelog

* update

* update

---------

Co-authored-by: u98b22fe3d4ba9453 <u98b22fe3d4ba9453@users.invalid>
Co-authored-by: ue77aa2d1677cdad6 <ue77aa2d1677cdad6@users.invalid>"
microsoft/AzureTRE,b0d896916932ee497ea32ce72a6c0da9e3fdc9ae,2024-08,-5,pre,2024-08-02T09:15:44+01:00,2024-08-02T09:15:44+01:00,u98b22fe3d4ba9453,u98b22fe3d4ba9453@users.invalid,GitHub,noreply@github.com,1,0,1,2,2,0,0,0,,,,,,0,4045,Fix incorrect link on Azure TRE Resource Breakdown page (#4045),"Fix incorrect link on Azure TRE Resource Breakdown page (#4045)

Related to #4043

Update the link on the Azure Resources - Azure TRE page to point to the correct manual pre-deployment steps.

* Update the link in the first paragraph of `docs/azure-tre-overview/tre-resources-breakdown.md` to point to `../../tre-admins/setup-instructions/manual-pre-deployment-steps`.
* Update the link in the Azure TRE Management Resource Group table to point to `../../tre-admins/setup-instructions/manual-pre-deployment-steps`.

---

For more details, open the [Copilot Workspace session](https://copilot-workspace.githubnext.com/microsoft/AzureTRE/issues/4043?shareId=XXXX-XXXX-XXXX-XXXX).

Co-authored-by: u87a94f23dc977ebf <u87a94f23dc977ebf@users.invalid>"
microsoft/AzureTRE,388e4e690d46f6c30dc99f0db24b8e519cb95f2e,2024-08,-5,pre,2024-08-02T14:31:51Z,2024-08-02T15:31:51+01:00,u87a94f23dc977ebf,u87a94f23dc977ebf@users.invalid,GitHub,noreply@github.com,1,0,5,7,6,2,2,2,,,,,,0,4051,opentelemetry version fix (#4051),"opentelemetry version fix (#4051)

* update

* update

* change versions"
microsoft/AzureTRE,2aa05659b617b73ba86724cad1dc351fca2e546f,2024-08,-5,pre,2024-08-05T13:52:28Z,2024-08-05T14:52:28+01:00,u87a94f23dc977ebf,u87a94f23dc977ebf@users.invalid,GitHub,noreply@github.com,1,0,4,25,25,0,0,0,,,,,,0,3956,Snyk updates new (#3956),"Snyk updates new (#3956)

* Update clean_validation_envs.yml

* update

* update BRANCH_LAST_ACTIVITY_IN_HOURS_FOR_STOP: 8

* update versions

* Snyk updates 0524 (#3932)

* Update clean_validation_envs.yml

* update

* update BRANCH_LAST_ACTIVITY_IN_HOURS_FOR_STOP: 8

* snyk update

* update version

* update

* update

* update

* update version

* update

* remove extras

* update version"
microsoft/AzureTRE,e14f440d775607e3ff9ef490a7c9de4b4b39f838,2024-08,-5,pre,2024-08-05T15:26:26Z,2024-08-05T16:26:26+01:00,u87a94f23dc977ebf,u87a94f23dc977ebf@users.invalid,GitHub,noreply@github.com,1,0,14,39,38,4,4,4,,,,,,0,4037,update dependabot dependencies (#4037),"update dependabot dependencies (#4037)

* update dependencies

* update app version

* update chnagelog

* update

* Update CHANGELOG.md

* Update _version.py

* Update _version.py"
microsoft/AzureTRE,b1243d85b898d70b5233cf93e3e2dab6589fbe47,2024-08,-5,pre,2024-08-05T15:36:02Z,2024-08-05T16:36:02+01:00,u98b22fe3d4ba9453,u98b22fe3d4ba9453@users.invalid,GitHub,noreply@github.com,1,0,3,4,2,0,0,0,,,,,,0,4046,Fix Guacamole shared drive always enabled (#4046),"Fix Guacamole shared drive always enabled (#4046)

* Fix Guacamole shared drive always enabled

Related to #3885

Update Guacamole shared drive configuration to respect the 'drive' option setting.

* Change the default value of `guac_enable_drive` to `false` in `templates/workspace_services/guacamole/porter.yaml`.
* Change the default value of `guac_enable_drive` to `false` in `templates/workspace_services/guacamole/template_schema.json`.

---

For more details, open the [Copilot Workspace session](https://copilot-workspace.githubnext.com/microsoft/AzureTRE/issues/3885?shareId=XXXX-XXXX-XXXX-XXXX).

* Update change log

* Update CHANGELOG.md

---------

Co-authored-by: u87a94f23dc977ebf <u87a94f23dc977ebf@users.invalid>"
microsoft/AzureTRE,4334cbcb8f7435b00ea3e10757e97178c50644b2,2024-08,-5,pre,2024-08-05T17:05:28Z,2024-08-05T18:05:28+01:00,u98b22fe3d4ba9453,u98b22fe3d4ba9453@users.invalid,GitHub,noreply@github.com,1,0,3,2,8,1,1,1,,,,,,0,4044,Fix Blob.Created trigger to only handle Blob.Created events (#4044),"Fix Blob.Created trigger to only handle Blob.Created events (#4044)

* Fix Blob.Created trigger to only handle Blob.Created events

Related to #3795

Update the `airlock_processor/BlobCreatedTrigger/function.json` to remove the binding for Blob.Deleted events.

* Remove the `dataDeletionEvent` binding from the `airlock_processor/BlobCreatedTrigger/function.json` file.
* Update the `CHANGELOG.md` to include the bug fix for the issue ""Delete of in-progress container is triggered twice"" (#4035).

---

For more details, open the [Copilot Workspace session](https://copilot-workspace.githubnext.com/microsoft/AzureTRE/issues/3795?shareId=XXXX-XXXX-XXXX-XXXX).

* Increment version

* Update version from 0.7.1 to 0.7.2

---

For more details, open the [Copilot Workspace session](https://copilot-workspace.githubnext.com/microsoft/AzureTRE/issues/3795?shareId=XXXX-XXXX-XXXX-XXXX).

* Update CHANGELOG.md

* Update CHANGELOG.md

---------

Co-authored-by: u87a94f23dc977ebf <u87a94f23dc977ebf@users.invalid>"
microsoft/AzureTRE,f2c5ef89221eddf66bf37938a5dafc7cb7d6d48b,2024-08,-5,pre,2024-08-06T13:19:15Z,2024-08-06T14:19:15+01:00,u87a94f23dc977ebf,u87a94f23dc977ebf@users.invalid,GitHub,noreply@github.com,1,0,3,11,3,0,0,0,,,,,,0,4035,Cost API Error (#4035),"Cost API Error (#4035)

* E2e test number (#23)

* update

* update changelog

* test

* update

* update

* update changelog

* update

* update"
microsoft/AzureTRE,792e1a46ace38cbca928b9ce68b58b8f84348b1f,2024-08,-5,pre,2024-08-06T16:51:44Z,2024-08-06T17:51:44+01:00,u98b22fe3d4ba9453,u98b22fe3d4ba9453@users.invalid,GitHub,noreply@github.com,1,0,3,8,2,1,1,1,,,,,,1,4060,"Revert ""Fix Blob.Created trigger to only handle Blob.Created events"" (#4060)","Revert ""Fix Blob.Created trigger to only handle Blob.Created events"" (#4060)

Revert ""Fix Blob.Created trigger to only handle Blob.Created events (#4044)""

This reverts commit 4334cbcb8f7435b00ea3e10757e97178c50644b2.

Co-authored-by: u87a94f23dc977ebf <u87a94f23dc977ebf@users.invalid>"
microsoft/AzureTRE,e84e62516d29142f00554e0a5fe173b587b6cfe1,2024-08,-5,pre,2024-08-08T11:26:17Z,2024-08-08T12:26:17+01:00,u87a94f23dc977ebf,u87a94f23dc977ebf@users.invalid,GitHub,noreply@github.com,1,0,3,6,4,0,0,0,,,,,,0,4061,update docs for links to work (#4061),"update docs for links to work (#4061)

* update docs

* update changelog

* update

* update"
microsoft/AzureTRE,f1c17b879743277caf1e62f84e5c87993f18727f,2024-08,-5,pre,2024-08-14T09:09:14Z,2024-08-14T10:09:14+01:00,u87a94f23dc977ebf,u87a94f23dc977ebf@users.invalid,GitHub,noreply@github.com,1,0,3,7,20,0,0,0,,,,,,0,4064,update vm_config for screensaver timeout (#4064),"update vm_config for screensaver timeout (#4064)

* update vm_config for screensaver timeout amnd update dotnet sdk

* update

* update

* update

* update changelog"
microsoft/AzureTRE,cb598712842a3db2956a78dea38d8c7ec22c7c37,2024-08,-5,pre,2024-08-14T15:05:52+01:00,2024-08-14T15:05:52+01:00,u87a94f23dc977ebf,u87a94f23dc977ebf@users.invalid,GitHub,noreply@github.com,1,0,2,1624,1550,0,0,0,,,,,,0,4059,Snyk 0824 (#4059),"Snyk 0824 (#4059)

* [pull] main from microsoft:main (#25)

* updaet packages

* update version

* update yarn.lock

---------

Co-authored-by: pull[bot] <39814207+pull[bot]@users.noreply.github.com>"
microsoft/AzureTRE,e073613c7ff6ca3a3ab6379f00c36cc557a369a9,2024-08,-5,pre,2024-08-15T11:38:46+01:00,2024-08-15T11:38:46+01:00,u87a94f23dc977ebf,u87a94f23dc977ebf@users.invalid,GitHub,noreply@github.com,1,0,17,291,133,0,0,0,,,,,,0,4042,Airlock notifier update (#4042),"Airlock notifier update (#4042)

* airlock initial changes

* add in upgrade script

* update

* update change log

* remove local

* update versions

* update versions

* update

* porter version

* update

* update

* update

* updates

* update

* update core version

* update

* update

* Update outputs.tf

* update subnet"
microsoft/AzureTRE,59bd365d08ec67bb6fb371f0989e0a939a24799d,2024-08,-5,pre,2024-08-19T10:06:39+01:00,2024-08-19T10:06:39+01:00,u87a94f23dc977ebf,u87a94f23dc977ebf@users.invalid,GitHub,noreply@github.com,1,0,3,15,2,0,0,0,,,,,,0,4069,Update .NET version on Linux VM (#4069),"Update .NET version on Linux VM (#4069)

* update .net version

* update"
microsoft/AzureTRE,c3e4c8db9b8e548c2d498e34a6aa4a5796852401,2024-08,-5,pre,2024-08-27T14:24:23+01:00,2024-08-27T14:24:23+01:00,u87a94f23dc977ebf,u87a94f23dc977ebf@users.invalid,GitHub,noreply@github.com,1,0,1,42,1,0,0,0,,,,,,0,4073,Prep for release v0.19.0 (#4073),"Prep for release v0.19.0 (#4073)

* update Changelog

* add in components

* update

* update versions"
microsoft/AzureTRE,4040e7249b1e984a50d6aca0a700b62dc2d41582,2024-09,-4,pre,2024-09-16T09:23:59+01:00,2024-09-16T09:23:59+01:00,u2081232a7373ef10,u2081232a7373ef10@users.invalid,GitHub,noreply@github.com,1,0,25,531,6,1,1,0,,,,,,0,4075,Open AI Workspace Service (#4075),"Open AI Workspace Service (#4075)

* Port over draft PR for OpenAI

* Fixes to get OpenAI to install

* Temporary hack fix for the privatelink URLS for openai

* Use forked repo instead of the hack

* Re-add private DNS to list

* Change github URL temporarily in openai terraform as well

* Parameterise OpenAI model name and version (locals for now but should be vars)

* Fix private DNS links and add public access variable

* Fix template schema

* Open AI Model and version configurable

* Terraform format

* Revert back to microsoft environment configuration with new version

* Remove commented code

* Make parameters updateable and output the deployment id

* Update porter file

* Bump core version

* More version bumps and documentation

* Some fixes based on linting results

* Remove tag lifecycle from the OpenAI deployment as it is not supported

* Add tags to OpenAI instance"
microsoft/AzureTRE,7dd1915ca4a350ebc6c34282078965a127d058b0,2024-09,-4,pre,2024-09-19T13:18:16Z,2024-09-19T14:18:16+01:00,ue77aa2d1677cdad6,ue77aa2d1677cdad6@users.invalid,GitHub,noreply@github.com,1,0,6,5,10,0,0,0,,,,,,0,4087,Update unrestricted & airlock review workspace base version (#4087),"Update unrestricted & airlock review workspace base version (#4087)

* Update Unrestricted and Airlock Import Review workspaces to be built off the Base workspace 0.19.0

* Remove workaround in airlock import review

* Update CHANGELOG.md"
microsoft/AzureTRE,55a10016135e4f57ae870979bd803d1e820af5a2,2024-09,-4,pre,2024-09-24T15:50:36Z,2024-09-24T16:50:36+01:00,ue77aa2d1677cdad6,ue77aa2d1677cdad6@users.invalid,GitHub,noreply@github.com,1,0,5,18,17,0,0,0,,,,,,0,4096, Workspace creation blocked due to Azure API depreciation - base workspace only (#4096),Workspace creation blocked due to Azure API depreciation - base workspace only (#4096)
microsoft/AzureTRE,0af4c94053e46082cafa7789b647ad8bba365861,2024-09,-4,pre,2024-09-26T14:23:44+01:00,2024-09-26T14:23:44+01:00,u85022d442edd16e7,u85022d442edd16e7@users.invalid,GitHub,noreply@github.com,1,0,118,835,505,0,0,0,,,,,,0,4097,Provider upgrades for Microsoft.TimeSeriesInsights fix (#4097),"Provider upgrades for Microsoft.TimeSeriesInsights fix (#4097)

* changes made to fix the recent provider issues

* Update deploy_tre.yml

* Update deploy_tre.yml

* update to missing values

* Update deploy_tre.yml

* Update Dockerfile.tmpl

* Update Dockerfile.tmpl

* Create config.sample.yaml

* Update porter files

* update certs template

---------

Co-authored-by: ucabbe21d7654bb2d <ucabbe21d7654bb2d@users.invalid>
Co-authored-by: u87a94f23dc977ebf <u87a94f23dc977ebf@users.invalid>"
microsoft/AzureTRE,87cb4f01d46cf84b9f2eba0c5fd44c8ee97aae5a,2024-09,-4,pre,2024-09-26T13:35:37Z,2024-09-26T14:35:37+01:00,u87a94f23dc977ebf,u87a94f23dc977ebf@users.invalid,GitHub,noreply@github.com,1,0,2,5,0,0,0,0,,,,,,0,4098,Update Workspace limit in docs (#4098),"Update Workspace limit in docs (#4098)

update files"
microsoft/AzureTRE,92f1033b2dae7474a4cb344d8f724b20b06f57f9,2024-09,-4,pre,2024-09-26T14:44:25+01:00,2024-09-26T14:44:25+01:00,u98b22fe3d4ba9453,u98b22fe3d4ba9453@users.invalid,GitHub,noreply@github.com,1,0,4,209,16,0,0,0,,,,,,0,4050,Fix CycleCloud and SLURM deployment issues (#4050),"Fix CycleCloud and SLURM deployment issues (#4050)

* Verify CycleCloud deployment
Fixes #2406

* fix linting

* Update providers.tf

---------

Co-authored-by: u87a94f23dc977ebf <u87a94f23dc977ebf@users.invalid>"
microsoft/AzureTRE,89b55cbed3d00fad0abb1366eafdadc8a36d4fd7,2024-09,-4,pre,2024-09-26T15:23:47+01:00,2024-09-26T15:23:47+01:00,u87a94f23dc977ebf,u87a94f23dc977ebf@users.invalid,GitHub,noreply@github.com,1,0,2,9,7,0,0,0,,,,,,0,4015,Update to Release Docs (#4015),"Update to Release Docs (#4015)

* update

* update

* update

* update

* update

* update"
microsoft/AzureTRE,93e9a375c1ed7b2132bb470ae16c12130c183a8a,2024-09,-4,pre,2024-09-26T14:25:13Z,2024-09-26T15:25:13+01:00,u87a94f23dc977ebf,u87a94f23dc977ebf@users.invalid,GitHub,noreply@github.com,1,0,1,43,0,0,0,0,,,,,,0,4101,Prep for Release v0.19.1 (#4101),"Prep for Release v0.19.1 (#4101)

update changelog"
microsoft/AzureTRE,400766bd39ff6b5216c24679dfeb4fb1a2252076,2024-10,-3,pre,2024-10-01T13:53:35+01:00,2024-10-01T13:53:35+01:00,u98b22fe3d4ba9453,u98b22fe3d4ba9453@users.invalid,GitHub,noreply@github.com,1,0,19,441,243,9,99,41,,,,,,0,4058,Add route to retrieve users assigned to a workspace with UI (#4058),"Add route to retrieve users assigned to a workspace with UI (#4058)

* View users who are assigned roles within a workspace
Fixes #4049

* Fix iteration through roles.

* remove unused metadata

---------

Co-authored-by: u87a94f23dc977ebf <u87a94f23dc977ebf@users.invalid>"
microsoft/AzureTRE,8d27d595498ccf4c2cd45a9af859bc435061a61e,2024-10,-3,pre,2024-10-23T13:57:38Z,2024-10-23T14:57:38+01:00,u87a94f23dc977ebf,u87a94f23dc977ebf@users.invalid,GitHub,noreply@github.com,1,0,17,168,167,0,0,0,,,,,,0,4093,Snyk 0924 Updates (#4093),Snyk 0924 Updates (#4093)
microsoft/AzureTRE,501ee92fb7c2713c6393310c35e61b76557b0cde,2024-11,-2,pre,2024-11-04T12:15:15Z,2024-11-04T12:15:15Z,u85022d442edd16e7,u85022d442edd16e7@users.invalid,GitHub,noreply@github.com,1,0,5,5,5,1,1,1,,,,,,0,4114,Snyk updates - package version updates (#4114),Snyk updates - package version updates (#4114)
microsoft/AzureTRE,d259370ebace145c0a6eb275a25d1d80ca9053b5,2024-11,-2,pre,2024-11-05T08:06:29Z,2024-11-05T08:06:29Z,ue77aa2d1677cdad6,ue77aa2d1677cdad6@users.invalid,GitHub,noreply@github.com,1,0,13,75,4,0,0,0,,,,,,0,4111,Expose APP_SERVICE_SKU build variable to allow enablement of App Gateway WAF (#4111),Expose APP_SERVICE_SKU build variable to allow enablement of App Gateway WAF (#4111)
microsoft/AzureTRE,f91bdd1921a26605bbe5250810a3956b1dc5ccff,2024-11,-2,pre,2024-11-05T08:42:28Z,2024-11-05T10:42:28+02:00,u04c0ac15d8548a84,u04c0ac15d8548a84@users.invalid,GitHub,noreply@github.com,1,0,3,37,9,0,0,0,,,,,,0,4118,Fix the way we target linting at specific path (#4118),"Fix the way we target linting at specific path (#4118)

* Fix the way we target linting at specific path

* split out core tag validation

---------

Co-authored-by: u596a50752c5a0f22 <u596a50752c5a0f22@users.invalid>
Co-authored-by: u87a94f23dc977ebf <u87a94f23dc977ebf@users.invalid>"
microsoft/AzureTRE,216003ea62cb70d80f00ac366c8050dbd279ef24,2024-11,-2,pre,2024-11-06T12:48:02Z,2024-11-06T12:48:02Z,u98b22fe3d4ba9453,u98b22fe3d4ba9453@users.invalid,GitHub,noreply@github.com,1,0,72,503,263,0,0,0,,,,,,0,4104,Switch use of storage account keys by Terraform to use Azure AD authentication (#4104),"Switch use of storage account keys by Terraform to use Azure AD authentication (#4104)

* Switch use of storage account keys to use Entra authentication where possible
Fixes #4103

* Fix health-services bundle

* Increase core version

* Add tags to fix linting.

* Fix linting

* # tflint-ignore-file: azurerm_resource_missing_tags

* Revert linting fixes"
microsoft/AzureTRE,91404315a9513fd38955d8a857993448fc9b3648,2024-11,-2,pre,2024-11-06T13:28:22Z,2024-11-06T13:28:22Z,u98b22fe3d4ba9453,u98b22fe3d4ba9453@users.invalid,GitHub,noreply@github.com,1,0,4,33,3,2,14,2,,,,,,0,4048,Fix resource processor porter install logs truncation (#4048),Fix resource processor porter install logs truncation (#4048)
microsoft/AzureTRE,f0c2a59fb3334d6ce67099c51136d7627f6390cc,2024-11,-2,pre,2024-11-06T19:30:16Z,2024-11-06T19:30:16Z,u98b22fe3d4ba9453,u98b22fe3d4ba9453@users.invalid,GitHub,noreply@github.com,1,0,3,5,4,0,0,0,,,,,,0,4112,Update KeyVault references (#4112),"Update KeyVault references (#4112)

* Update KeyVault references

* Update changelog

* Update secret name

---------

Co-authored-by: u87a94f23dc977ebf <u87a94f23dc977ebf@users.invalid>
Co-authored-by: ufba372f62d2bb16a <ufba372f62d2bb16a@users.invalid>"
microsoft/AzureTRE,80ad011b71023ffd98ba3328179c8fc26db7cf03,2024-11,-2,pre,2024-11-07T11:31:21Z,2024-11-07T11:31:21Z,u87a94f23dc977ebf,u87a94f23dc977ebf@users.invalid,GitHub,noreply@github.com,1,0,3,3,0,0,0,0,,,,,,0,4119,Update Issue Templates (#4119),"Update Issue Templates (#4119)

add in 'type' to template
=

Co-authored-by: ud2a78e72c2a3cb72 <ud2a78e72c2a3cb72@users.invalid>"
microsoft/AzureTRE,15fa48bd631dd6aa22d25a75996e8c51d47e284b,2024-11,-2,pre,2024-11-08T09:24:21Z,2024-11-08T11:24:21+02:00,uf1471c3fd0d07724,uf1471c3fd0d07724@users.invalid,GitHub,noreply@github.com,1,0,1,1,1,0,0,0,,,,,,0,4128,make the ARM_CLIENT_ID non mandatory in the bootstrap script (#4128),make the ARM_CLIENT_ID non mandatory in the bootstrap script (#4128)
microsoft/AzureTRE,07173fee547bb489763bf52d4f3af3c5d42f06b3,2024-11,-2,pre,2024-11-08T14:23:40Z,2024-11-08T14:23:40Z,ue77aa2d1677cdad6,ue77aa2d1677cdad6@users.invalid,GitHub,noreply@github.com,1,0,28,104,150,0,0,0,,,,,,0,4115,Change Key Vault to use RBAC instead of Access Policies (#4115),Change Key Vault to use RBAC instead of Access Policies (#4115)
microsoft/AzureTRE,35cd559369e7ea02829b255f618586bc442ca928,2024-11,-2,pre,2024-11-11T11:38:28+02:00,2024-11-11T11:38:28+02:00,uf1471c3fd0d07724,uf1471c3fd0d07724@users.invalid,GitHub,noreply@github.com,1,0,3,5,8,0,0,0,,,,,,0,4131,Move AZ AD Environment Variables to check_dependencies (#4131),"Move AZ AD Environment Variables to check_dependencies (#4131)

set azure ad environment variables in check_dependencies rather than in load_and_validate_env"
microsoft/AzureTRE,897f1b1067bcab2b586a444e31c3416ff74f5ea4,2024-11,-2,pre,2024-11-12T11:39:24Z,2024-11-12T11:39:24Z,u87a94f23dc977ebf,u87a94f23dc977ebf@users.invalid,GitHub,noreply@github.com,1,0,4,14,7,0,0,0,,,,,,0,4133,Update local debugging for RBAC key vaults (#4133),"Update local debugging for RBAC key vaults (#4133)

* update

* update core version

---------

Co-authored-by: ud2a78e72c2a3cb72 <ud2a78e72c2a3cb72@users.invalid>"
microsoft/AzureTRE,158dce1804b45eacaaca3317463d53df64796686,2024-11,-2,pre,2024-11-13T22:50:16Z,2024-11-14T00:50:16+02:00,u04c0ac15d8548a84,u04c0ac15d8548a84@users.invalid,GitHub,noreply@github.com,1,0,18,55,54,0,0,0,,,,,,0,4136,Update obsolete TF properties (#4136),"Update obsolete TF properties (#4136)

update obsolete TF properties

Co-authored-by: u596a50752c5a0f22 <u596a50752c5a0f22@users.invalid>"
microsoft/AzureTRE,16dff4782f47725d09509261df30dcad5003a682,2024-11,-2,pre,2024-11-19T14:42:37+02:00,2024-11-19T14:42:37+02:00,u04c0ac15d8548a84,u04c0ac15d8548a84@users.invalid,GitHub,noreply@github.com,1,0,6,20,17,0,0,0,,,,,,0,4140,Update Guacamole and deps versions (#4140),"Update Guacamole and deps versions (#4140)

* Update Guacamole and deps versions

* update changelog

---------

Co-authored-by: u596a50752c5a0f22 <u596a50752c5a0f22@users.invalid>"
microsoft/AzureTRE,f40dee602a618f1163809d9575fe02e8ecf120bc,2024-11,-2,pre,2024-11-25T21:23:33Z,2024-11-25T21:23:33Z,ue77aa2d1677cdad6,ue77aa2d1677cdad6@users.invalid,GitHub,noreply@github.com,1,0,20,168,146,0,0,0,,,,,,0,4116,Disable storage account cross tenant replication (#4116),"Disable storage account cross tenant replication (#4116)

* Disable storage account cross tenant replication

* Update CHANGELOG.md

* Update version numbers after merge (code in merge used them)

* Increment core version number following merge

* Increment core version number following merge"
microsoft/AzureTRE,38bd432ac775eec769244d5dd3883bd395f53593,2024-11,-2,pre,2024-11-26T14:10:48+02:00,2024-11-26T14:10:48+02:00,uf1471c3fd0d07724,uf1471c3fd0d07724@users.invalid,GitHub,noreply@github.com,1,0,26,507,10,0,0,0,,,,,,0,4149,Add CMK support for core resources (#4149),"Add CMK support for core resources (#4149)

* added management key vault

* added cmk for vmss and storage accounts

* add default value for variables

* add CMK for cosmos accounts

* move tre-encryption key from mgmt to core

* fix order of creation for encryption key

* add cmk for the state store in mgmt

* add support for external KV

* revert CMK for cosmos - not working, need to redo this

* refine comments and files names

* remove redundant space

* add space

* upper case in comment

* revert cosmos tags

* update changelog + core version

* remove unused var

* remove redundant variable

* remove redundant variables

* add check for enable_cmk_encryption for the key_store_id variable in tf

* bugfix: remove redundant data keyword

* add enable_cmk_encryption check in module variables

---------

Co-authored-by: u9d74db69a99a7284 <u9d74db69a99a7284@users.invalid>"
microsoft/AzureTRE,af90f06824272a67f099a53149e4667ab99a5777,2024-11,-2,pre,2024-11-28T14:53:56Z,2024-11-28T16:53:56+02:00,uf1471c3fd0d07724,uf1471c3fd0d07724@users.invalid,GitHub,noreply@github.com,1,0,4,4,3,1,1,1,,,,,,0,4157,Update Azure CLI (#4157),"Update Azure CLI (#4157)

update az cli"
microsoft/AzureTRE,d3f5684431f813062c59d9010d8ee9f6c8cacb9b,2024-11,-2,pre,2024-11-29T21:49:44Z,2024-11-29T21:49:44Z,u98b22fe3d4ba9453,u98b22fe3d4ba9453@users.invalid,GitHub,noreply@github.com,1,0,49,2,2026,0,0,0,,,,,,0,4159,Deprecate and remove ML Flow and InnerEye bundles (#4159),"Deprecate and remove ML Flow and InnerEye bundles (#4159)

* Depreciation of ML Flow and InnerEye bundles.
Fixes #4127

* add missed file"
microsoft/AzureTRE,90274e55ab850d156c5983ced2175977ef3f0158,2024-12,-1,pre,2024-12-01T00:25:12Z,2024-12-01T00:25:12Z,ue77aa2d1677cdad6,ue77aa2d1677cdad6@users.invalid,GitHub,noreply@github.com,1,0,16,99,27,0,0,0,,,,,,0,4139,Enable storage account infrastructure encryption (#4139),"Enable storage account infrastructure encryption (#4139)

* Enable infrastructure encryption on storage accounts #73

* Enable infrastructure encryption on storage accounts #73

* Enable infrastructure encryption on storage accounts #73

* Update storage_accounts.tf"
microsoft/AzureTRE,b69ab016b6cae06818538a5d942ea42c3d6c6dde,2024-12,-1,pre,2024-12-01T10:18:56Z,2024-12-01T12:18:56+02:00,uf1471c3fd0d07724,uf1471c3fd0d07724@users.invalid,GitHub,noreply@github.com,1,0,7,82,4,0,0,0,,,,,,0,4154,Add CMK support for Cosmos DB (core) (#4154),"Add CMK support for Cosmos DB (core) (#4154)

* added management key vault

* added cmk for vmss and storage accounts

* add default value for variables

* add CMK for cosmos accounts

* move tre-encryption key from mgmt to core

* fix order of creation for encryption key

* add cmk for the state store in mgmt

* add support for external KV

* revert CMK for cosmos - not working, need to redo this

* refine comments and files names

* remove redundant space

* add space

* upper case in comment

* revert cosmos tags

* update changelog + core version

* remove unused var

* remove redundant variable

* remove redundant variables

* add check for enable_cmk_encryption for the key_store_id variable in tf

* bugfix: remove redundant data keyword

* add enable_cmk_encryption check in module variables

* remove redundant key_vault_id from ignore_changes for cmk

* remove redundant sign/verify

* add cmk support for cosmos db

* update changelog + add comments

* update core version

* fix linting issue

* add null provider to providers block

* remove duplicates that were created by merge

* update core version

* remove redundant terraform data

* bump core version

---------

Co-authored-by: u9d74db69a99a7284 <u9d74db69a99a7284@users.invalid>
Co-authored-by: u87a94f23dc977ebf <u87a94f23dc977ebf@users.invalid>"
microsoft/AzureTRE,b67018fe196a414d4dbb718e81079adcaefc8d23,2024-12,-1,pre,2024-12-04T23:21:15Z,2024-12-04T23:21:15Z,dependabot[bot],49699333+dependabot[bot]@users.noreply.github.com,GitHub,noreply@github.com,1,0,3,1750,1853,0,0,0,,,,,dependabot,0,4085,Bump npm_and_yarn dependencies (#4085),"Bump npm_and_yarn dependencies (#4085)

* Bump micromatch

Bumps the npm_and_yarn group with 1 update in the /.github/scripts directory: [micromatch](https://github.com/micromatch/micromatch).


Updates `micromatch` from 4.0.5 to 4.0.8
- [Release notes](https://github.com/micromatch/micromatch/releases)
- [Changelog](https://github.com/micromatch/micromatch/blob/master/CHANGELOG.md)
- [Commits](https://github.com/micromatch/micromatch/compare/4.0.5...4.0.8)

---
updated-dependencies:
- dependency-name: micromatch
  dependency-type: indirect
  dependency-group: npm_and_yarn
...

Signed-off-by: dependabot[bot] <support@github.com>

* update yarn.lock and package.json

---------

Signed-off-by: dependabot[bot] <support@github.com>
Co-authored-by: dependabot[bot] <49699333+dependabot[bot]@users.noreply.github.com>
Co-authored-by: u87a94f23dc977ebf <u87a94f23dc977ebf@users.invalid>
Co-authored-by: ud2a78e72c2a3cb72 <ud2a78e72c2a3cb72@users.invalid>"
microsoft/AzureTRE,43cab59d2ff20172f4351ca02ad8c1e51f3c8f86,2024-12,-1,pre,2024-12-06T09:07:53Z,2024-12-06T09:07:53Z,u98b22fe3d4ba9453,u98b22fe3d4ba9453@users.invalid,GitHub,noreply@github.com,1,0,4,68,63,0,0,0,,,,,,0,4167,Add GitHub PR Bot Commands page to documentation (#4167),Add GitHub PR Bot Commands page to documentation (#4167)
microsoft/AzureTRE,0e30b9b7f503850a290111408a1b4b77cf33d2b2,2024-12,-1,pre,2024-12-09T08:40:02Z,2024-12-09T10:40:02+02:00,u04c0ac15d8548a84,u04c0ac15d8548a84@users.invalid,GitHub,noreply@github.com,1,0,8,15,14,2,2,2,,,,,,0,4170,Fix Dockerfile 'AS' casting (#4170),Fix Dockerfile 'AS' casting (#4170)
microsoft/AzureTRE,d7187217d14dd7a63af101c8d283addfb60004d5,2024-12,-1,pre,2024-12-09T20:40:23Z,2024-12-09T22:40:23+02:00,u04c0ac15d8548a84,u04c0ac15d8548a84@users.invalid,GitHub,noreply@github.com,1,0,3,11,9,0,0,0,,,,,,0,4175,Block CosmosDB key authentication (#4175),"Block CosmosDB key authentication (#4175)

Co-authored-by: u596a50752c5a0f22 <u596a50752c5a0f22@users.invalid>"
microsoft/AzureTRE,ac5787cfbaa19c50f4fc12c1d8aebcd40b4d2ac0,2024-12,-1,pre,2024-12-09T23:00:10Z,2024-12-10T01:00:10+02:00,uf1471c3fd0d07724,uf1471c3fd0d07724@users.invalid,GitHub,noreply@github.com,1,0,21,211,9,2,3,1,,,,,,0,4161,Add CMK support for Base Workspace (#4161),"Add CMK support for Base Workspace (#4161)

* added management key vault

* added cmk for vmss and storage accounts

* add default value for variables

* add CMK for cosmos accounts

* move tre-encryption key from mgmt to core

* fix order of creation for encryption key

* add cmk for the state store in mgmt

* add support for external KV

* revert CMK for cosmos - not working, need to redo this

* refine comments and files names

* remove redundant space

* add space

* upper case in comment

* revert cosmos tags

* update changelog + core version

* remove unused var

* remove redundant variable

* remove redundant variables

* add check for enable_cmk_encryption for the key_store_id variable in tf

* bugfix: remove redundant data keyword

* add enable_cmk_encryption check in module variables

* remove redundant key_vault_id from ignore_changes for cmk

* remove redundant sign/verify

* add cmk support for cosmos db

* update changelog + add comments

* update core version

* fix linting issue

* add null provider to providers block

* remove duplicates that were created by merge

* update core version

* remove redundant terraform data

* Add support for CMK encryption in workspace configuration

* add cmk for the ws storage accounts

* fix encryption_identity being sent when cmk was disabled

* update changelog

* update changelog

* fix linting issues

* bump rp version

* bump core version

* update docs

* use foreach for airlock cmks

* update the porter upgrade command + minor version

* change the default value for key_store_id variable to an empty string

* set default value of key_store_id variable to null

* Update default value of key_store_id variable to 'TWEAKME'

* Remove default value for key_store_id variable in variables.tf

* Set default value of key_store_id variable to an empty string in locals

* update core version

---------

Co-authored-by: u9d74db69a99a7284 <u9d74db69a99a7284@users.invalid>
Co-authored-by: u87a94f23dc977ebf <u87a94f23dc977ebf@users.invalid>"
microsoft/AzureTRE,80c7ab98602465b2ee837b0c22a0e023858adf0f,2024-12,-1,pre,2024-12-11T06:57:19Z,2024-12-11T08:57:19+02:00,u04c0ac15d8548a84,u04c0ac15d8548a84@users.invalid,GitHub,noreply@github.com,1,0,1,2,2,0,0,0,,,,,,0,4179,Extend validation environment TTL (#4179),"Extend validation environment TTL (#4179)

Extended validation environment TTL before stopping"
microsoft/AzureTRE,6146484201119166f080045acd4dceb39770abd1,2024-12,-1,pre,2024-12-11T09:44:27Z,2024-12-11T11:44:27+02:00,uf1471c3fd0d07724,uf1471c3fd0d07724@users.invalid,GitHub,noreply@github.com,1,0,10,51,18,0,0,0,,,,,,0,4178,Add CMK encryption support for Azure Container Registry (ACR) and Service Bus (#4178),"Add CMK encryption support for Azure Container Registry (ACR) and Service Bus (#4178)

* change cmk name to include tre-id + add dependency to one of the stg accounts

* add cmk for ACR and service bus

* add null default for acr_sku

* bump core version to 0.11.8

* revert mistake"
microsoft/AzureTRE,b6cbef9dc5d1fc92e77f0ed8f459d8ad19ac3256,2024-12,-1,pre,2024-12-11T12:38:27Z,2024-12-11T12:38:27Z,ue77aa2d1677cdad6,ue77aa2d1677cdad6@users.invalid,GitHub,noreply@github.com,1,0,51,84,83,0,0,0,,,,,,0,4158,"Bump porter + terraform version, template base image Debian versions, and template terraform and az cli versions (#4158)","Bump porter + terraform version, template base image Debian versions, and template terraform and az cli versions (#4158)

* Bump porter, mixin, azcli & terraform versions in templates

* Bump porter, mixin, azcli & terraform versions in templates

* Revert OHDSI debian version back to bullseye as sqlcmd not available for bookworm

* Update CHANGELOG.md

* Revert MLFlow base image version back to bullseye due to incompatibilities

* Revert MLFlow Server image to bullseye due to incompatibilities

* Update porter mixin versions to canary (until the tagged version numbers are added to their releases feed)

* Update terraform version in Dev Container from 1.4.5 to 1.9.8

* Update porter az-mixin and terraform-mixin versions

* Bump base workspace version"
microsoft/AzureTRE,6f4220fcf7c304d94c9f308bfab0b84452535f8b,2024-12,-1,pre,2024-12-11T14:18:43Z,2024-12-11T14:18:43Z,u98b22fe3d4ba9453,u98b22fe3d4ba9453@users.invalid,GitHub,noreply@github.com,1,0,2,29,17,0,0,0,,,,,,0,4185,Linux VM script fixes (#4185),Linux VM script fixes (#4185)
microsoft/AzureTRE,cb42226abedf993eb600d92211fd1503508eb292,2024-12,-1,pre,2024-12-12T14:33:28Z,2024-12-12T16:33:28+02:00,uf1471c3fd0d07724,uf1471c3fd0d07724@users.invalid,GitHub,noreply@github.com,1,0,8,26,1,0,0,0,,,,,,0,4181,Enable CMK encryption for storage queues and tables (#4181),"Enable CMK encryption for storage queues and tables (#4181)

* change cmk name to include tre-id + add dependency to one of the stg accounts

* add cmk for ACR and service bus

* add null default for acr_sku

* bump core version to 0.11.8

* set 'Enable support for customer-managed keys' for tables and queues in storage accounts (core/mgmt only)

* add key type encryption to state store"
microsoft/AzureTRE,fbc4b55c487744d9fecbc35276a51509a60c16bb,2024-12,-1,pre,2024-12-13T12:40:30Z,2024-12-13T12:40:30Z,u98b22fe3d4ba9453,u98b22fe3d4ba9453@users.invalid,GitHub,noreply@github.com,1,0,3,3,2,0,0,0,,,,,,0,4193,Fix Unix soft links support in shared filesystem (#4193),Fix Unix soft links support in shared filesystem (#4193)
microsoft/AzureTRE,6c7a450f006b97c886fd3ffe0db2fef4da78bf57,2024-12,-1,pre,2024-12-13T16:25:10Z,2024-12-13T16:25:10Z,u87a94f23dc977ebf,u87a94f23dc977ebf@users.invalid,GitHub,noreply@github.com,1,0,30,95,94,18,35,37,,,,,,0,4164,Python 3.12 Upgrade (#4164),"Python 3.12 Upgrade (#4164)

* Python version upgraded from 3.8 to 3.11

* Python version changes done in build_docker_images.yml file

* Testng 3.8 version test results

* Testing 3.8 tests results

* python 3.11 testing

* Final Commit for python upgrade

* requirements.txt updated for testing

* bullseye to bookworm python update

* service bus version update

* rolledback requirement.txt file

* resource procesor change

* Bookworm to Bullseye Changes

* 3.12 version upgrade for python

* airlockfiles changes

* mlflow changes

* remove stuff

* add in 'the'

* update

* update requirements

* updaet

* update

* update

* update pytest versions

* update starlette

* update

* update mlflow

* update

* update vmss_porter

* update

* update core version

* python updates

* update StrEnum

* fix api messages

* add in user, edit output.sh, revert schema_extra

* updates

* update oydantic version

* update

* update

* update

* linting

* update

* update changelog

* remove pydantic chnages

* update

* update

* update cli dependencies

* update version

* update

* remove setuptools test

* remove

---------

Co-authored-by: u7db1359d21e7291f <u7db1359d21e7291f@users.invalid>
Co-authored-by: u967d137c83302f98 <u967d137c83302f98@users.invalid>
Co-authored-by: ud2a78e72c2a3cb72 <ud2a78e72c2a3cb72@users.invalid>"
microsoft/AzureTRE,df319857299c6aad8f3b99fb21205d8baac36206,2024-12,-1,pre,2024-12-16T09:31:27Z,2024-12-16T11:31:27+02:00,u04c0ac15d8548a84,u04c0ac15d8548a84@users.invalid,GitHub,noreply@github.com,1,0,2,4,3,0,0,0,,,,,,0,4198,Update Windows VM images (#4198),"Update Windows VM images (#4198)

* Update VM images

* update changelog

---------

Co-authored-by: u596a50752c5a0f22 <u596a50752c5a0f22@users.invalid>"
microsoft/AzureTRE,397ab13d6e215e3902d8609175a4333f1c6825aa,2024-12,-1,pre,2024-12-16T12:07:25Z,2024-12-16T12:07:25Z,u98b22fe3d4ba9453,u98b22fe3d4ba9453@users.invalid,GitHub,noreply@github.com,1,0,6,116,2,0,0,0,,,,,,0,4188,Enable VS Code Extension Gallery to be proxied via Sonatype Nexus RM (#4188),Enable VS Code Extension Gallery to be proxied via Sonatype Nexus RM (#4188)
microsoft/AzureTRE,beea683cd69e7b90ae81ccde9957b18ff1e007d2,2024-12,-1,pre,2024-12-17T15:43:25Z,2024-12-17T15:43:25Z,u98b22fe3d4ba9453,u98b22fe3d4ba9453@users.invalid,GitHub,noreply@github.com,1,0,9,17,4,0,0,0,,,,,,0,4203,Fix unable to delete Guacamole VM in stopped state (#4203),Fix unable to delete Guacamole VM in stopped state (#4203)
microsoft/AzureTRE,5e9d1b9dfb9eeb8551568ffac88cd0e73a817131,2024-12,-1,pre,2024-12-18T09:04:13Z,2024-12-18T09:04:13Z,u98b22fe3d4ba9453,u98b22fe3d4ba9453@users.invalid,GitHub,noreply@github.com,1,0,9,39,22,6,12,10,,,,,,0,4208,Fix tests failing due to missing .env file and logging issue with resource processor (#4208),Fix tests failing due to missing .env file and logging issue with resource processor (#4208)
microsoft/AzureTRE,5e857f6ca7d9071d6db90adde7415dbde05098ad,2024-12,-1,pre,2024-12-18T09:13:30Z,2024-12-18T09:13:30Z,u87a94f23dc977ebf,u87a94f23dc977ebf@users.invalid,GitHub,noreply@github.com,1,0,7,16,16,3,4,4,,,,,,0,4197,Update aiohttp (#4197),"Update aiohttp (#4197)

* update aiohttp

* update chnagelog

* update versions

* revert

* message update

* update

* update

---------

Co-authored-by: ud2a78e72c2a3cb72 <ud2a78e72c2a3cb72@users.invalid>"
microsoft/AzureTRE,a7c9a2880a24af69d79098a619fc7e3719c04c1f,2024-12,-1,pre,2024-12-18T09:19:49Z,2024-12-18T09:19:49Z,u98b22fe3d4ba9453,u98b22fe3d4ba9453@users.invalid,GitHub,noreply@github.com,1,0,5,122,2,0,0,0,,,,,,0,4196,Enable scheduled shutdown of Guacamole Linux VM (#4196),"Enable scheduled shutdown of Guacamole Linux VM (#4196)

* Enable scheduled shutdown of Guacamole VMs

* Enable Scheduled Shutdown of Guacamole VMs
Fixes #4186

* Fix defaults.

* Update templates/workspace_services/guacamole/user_resources/guacamole-azure-linuxvm/porter.yaml

Co-authored-by: u04c0ac15d8548a84 <u04c0ac15d8548a84@users.invalid>

---------

Co-authored-by: u04c0ac15d8548a84 <u04c0ac15d8548a84@users.invalid>
Co-authored-by: u87a94f23dc977ebf <u87a94f23dc977ebf@users.invalid>"
microsoft/AzureTRE,5bccd99a0a997c93e0442714a1b9320bd30a9b36,2024-12,-1,pre,2024-12-18T10:52:52Z,2024-12-18T10:52:52Z,u4c84bb63b7cc2f30,u4c84bb63b7cc2f30@users.invalid,GitHub,noreply@github.com,1,0,4,14,2,0,0,0,,,,,,0,4189,Attempt to fix problem with Nexus getting stuck while running with too little memory (#4189),"Attempt to fix problem with Nexus getting stuck while running with too little memory (#4189)

* Attempt to fix Nexus problem of running with too little memory

* Attempt to fix Nexus problem of running with too little memory

* Update CHANGELOG

* Update templates/shared_services/sonatype-nexus-vm/terraform/vm.tf

Co-authored-by: u98b22fe3d4ba9453 <u98b22fe3d4ba9453@users.invalid>

---------

Co-authored-by: udae46dd59aa3024b <udae46dd59aa3024b@users.invalid>
Co-authored-by: u98b22fe3d4ba9453 <u98b22fe3d4ba9453@users.invalid>"
microsoft/AzureTRE,04df2b8a63ad0fa464b1d2f61314f57dc4d389a0,2024-12,-1,pre,2024-12-18T16:23:05Z,2024-12-18T16:23:05Z,u98b22fe3d4ba9453,u98b22fe3d4ba9453@users.invalid,GitHub,noreply@github.com,1,0,6,12,3,0,0,0,,,,,,0,4206,Enhance DPI settings for Linux VM display (#4206),"Enhance DPI settings for Linux VM display (#4206)

Linux VM VDI image is blurred.
Fixes #4200

Co-authored-by: u87a94f23dc977ebf <u87a94f23dc977ebf@users.invalid>"
microsoft/AzureTRE,6632ed0c2bd57ac3c0fa9641ba468ab60a842a61,2024-12,-1,pre,2024-12-20T08:37:00Z,2024-12-20T08:37:00Z,ue77aa2d1677cdad6,ue77aa2d1677cdad6@users.invalid,GitHub,noreply@github.com,1,0,2,3,2,0,0,0,,,,,,0,4213,Bump terraform version in windows vm template (#4213),Bump terraform version in windows vm template (#4213)
microsoft/AzureTRE,8baad00e07e42ca6d52652d6a6d953f2656bc96e,2024-12,-1,pre,2024-12-23T11:58:43+02:00,2024-12-23T11:58:43+02:00,uf1471c3fd0d07724,uf1471c3fd0d07724@users.invalid,GitHub,noreply@github.com,1,0,80,767,87,0,0,0,,,,,,0,4195,CMK Encryption support for resources in templates (#4195),"CMK Encryption support for resources in templates (#4195)

* change cmk name to include tre-id + add dependency to one of the stg accounts

* add cmk for ACR and service bus

* add null default for acr_sku

* bump core version to 0.11.8

* set 'Enable support for customer-managed keys' for tables and queues in storage accounts (core/mgmt only)

* add key type encryption to state store

* add support for customer-managed key (CMK) encryption in  templates

* fix terraform issues found by linter

* raise minor instead of major version

* fix terraform issues found by linter

* fix terraform issues found by linter

* fix: update identity_client_id reference in azureml

* remove the 'vmss'  from disks encryption set names

* move all data resources to a data.tf file"
microsoft/AzureTRE,ea0a998ee3d0668f2ff098a471bb8a918e43b6ed,2024-12,-1,pre,2024-12-23T18:54:24Z,2024-12-23T18:54:24Z,ue77aa2d1677cdad6,ue77aa2d1677cdad6@users.invalid,GitHub,noreply@github.com,1,0,8,34,14,0,0,0,,,,,,0,4190,"Change the way ""inherited"" workspaces retrieve the base workspace code (#4190)","Change the way ""inherited"" workspaces retrieve the base workspace code (#4190)

* Change the way ""inherited"" workspaces retrieve the base workspace code #4162
* Conditionally add the porter --build-context parameter
* Pin Porter version to v1.2.1"
microsoft/AzureTRE,2f571877ea62a3c82a7137812f30b77bb454e3ec,2024-12,-1,pre,2024-12-24T18:15:42Z,2024-12-24T18:15:42Z,u98b22fe3d4ba9453,u98b22fe3d4ba9453@users.invalid,GitHub,noreply@github.com,1,0,5,33,1,0,0,0,,,,,,0,4210,Add VM size configuration for Sonatype Nexus (#4210),"Add VM size configuration for Sonatype Nexus (#4210)

* Add VM size configuration for Sonatype Nexus

Fixes #4209

Add VM size configurability for Sonatype Nexus VM.

* Add a new parameter ""vm_size"" in `templates/shared_services/sonatype-nexus-vm/parameters.json` and `templates/shared_services/sonatype-nexus-vm/porter.yaml`.
* Update `templates/shared_services/sonatype-nexus-vm/template_schema.json` to include an input field for ""vm_size"" with a dropdown list of recommended sizes.
* Modify `templates/shared_services/sonatype-nexus-vm/terraform/vm.tf` to use the ""vm_size"" parameter instead of the hardcoded value.
* Add a new variable ""vm_size"" in `templates/shared_services/sonatype-nexus-vm/terraform/variables.tf` with a default value of ""Standard_B2ms"".
* Update the bundle version to ""3.2.3"" in `templates/shared_services/sonatype-nexus-vm/porter.yaml`.

---

For more details, open the [Copilot Workspace session](https://copilot-workspace.githubnext.com/microsoft/AzureTRE/issues/4209?shareId=XXXX-XXXX-XXXX-XXXX).

* Update vm sizes

fix

---------

Co-authored-by: u596a50752c5a0f22 <u596a50752c5a0f22@users.invalid>"
microsoft/AzureTRE,a8232c39f0babc94239a04339e2d5a760aa77c96,2024-12,-1,pre,2024-12-25T11:50:32+02:00,2024-12-25T11:50:32+02:00,u04c0ac15d8548a84,u04c0ac15d8548a84@users.invalid,GitHub,noreply@github.com,1,0,5,36,37,0,0,0,,,,,,0,4217,Update Admin VM (#4217),"Update Admin VM (#4217)

* Update admin vm

* update change log

* fix terraform lock file

---------

Co-authored-by: u596a50752c5a0f22 <u596a50752c5a0f22@users.invalid>"
microsoft/AzureTRE,fd4debf7093e9f25fb3419d79585ef1a32f98e29,2024-12,-1,pre,2024-12-26T11:06:21+02:00,2024-12-26T11:06:21+02:00,u04c0ac15d8548a84,u04c0ac15d8548a84@users.invalid,GitHub,noreply@github.com,1,0,9,32,49,0,0,0,,,,,,0,4222,Fix VM actions when workspace storage doesn't allow shared key access (#4222),"Fix VM actions when workspace storage doesn't allow shared key access (#4222)

* Fix VM actions when storage doesn't allow shared key access

* revert skip_shutdown_and_force_delete

---------

Co-authored-by: u596a50752c5a0f22 <u596a50752c5a0f22@users.invalid>"
microsoft/AzureTRE,475829a2fd422c5eeb9434b0941e6fee4a0e4fa3,2024-12,-1,pre,2024-12-26T18:21:35Z,2024-12-26T18:21:35Z,ue77aa2d1677cdad6,ue77aa2d1677cdad6@users.invalid,GitHub,noreply@github.com,1,0,84,398,395,0,0,0,,,,,,0,4220,Upgrade azurerm terraform provider from v3.112.0 to v3.117.0 (#4220),"Upgrade azurerm terraform provider from v3.112.0 to v3.117.0 (#4220)

* Upgrade azurerm terraform provider from v3.112.0 to v3.117.0 to mitigate storage account deployment issue #4004

* Bump core, devops and template version numbers"
microsoft/AzureTRE,c07361c785717cbfac7427cb8109e4c4f1d84618,2024-12,-1,pre,2024-12-29T10:24:38+02:00,2024-12-29T10:24:38+02:00,u04c0ac15d8548a84,u04c0ac15d8548a84@users.invalid,GitHub,noreply@github.com,1,0,19,80,55,0,0,0,,,,,,0,4219,Disable local/basic accounts (#4219),"Disable local/basic accounts (#4219)

Disbale storage local and appservice basic deployment accounts

Co-authored-by: u596a50752c5a0f22 <u596a50752c5a0f22@users.invalid>"
microsoft/AzureTRE,c8190ae400a772456d6c452d112108cceef44900,2024-12,-1,pre,2024-12-29T15:33:06Z,2024-12-29T15:33:06Z,ue77aa2d1677cdad6,ue77aa2d1677cdad6@users.invalid,GitHub,noreply@github.com,1,0,6,18,11,2,2,2,,,,,,0,4225,"Update devcontainer/RP/API package versions: base Debian image, docker, azcli, YQ (#4225)","Update devcontainer/RP/API package versions: base Debian image, docker, azcli, YQ (#4225)

* Update devcontainer versions

* Upgrade base image of RP and API to bookworm, bump docker version in RP

* Update CHANGELOG.md"
microsoft/AzureTRE,fdf50f21d6fcd71b6e5dacd1a5baed480b979697,2024-12,-1,pre,2024-12-30T12:33:34Z,2024-12-30T14:33:34+02:00,u04c0ac15d8548a84,u04c0ac15d8548a84@users.invalid,GitHub,noreply@github.com,1,0,10,27,4,0,0,0,,,,,,0,4227,Disable storage access keys (#4227),"Disable storage access keys (#4227)

Disable storage access key (where possible)

Co-authored-by: u596a50752c5a0f22 <u596a50752c5a0f22@users.invalid>"
microsoft/AzureTRE,c199703d537368d1aede3c33c757a4c9f29e55d4,2024-12,-1,pre,2024-12-30T17:43:56Z,2024-12-30T19:43:56+02:00,u04c0ac15d8548a84,u04c0ac15d8548a84@users.invalid,GitHub,noreply@github.com,1,0,5,8,7,0,0,0,,,,,,0,4232,Update Guacamole dependencies (#4232),"Update Guacamole dependencies (#4232)

* Update Guacamole dependencies

* update changelog

---------

Co-authored-by: u596a50752c5a0f22 <u596a50752c5a0f22@users.invalid>"
microsoft/AzureTRE,205f10b4670e35c7d438d31c5397f25dc62502f9,2024-12,-1,pre,2024-12-31T00:08:28Z,2024-12-31T02:08:28+02:00,uc4bd38beee52e3e7,uc4bd38beee52e3e7@users.invalid,GitHub,noreply@github.com,1,0,4,25,2,0,0,0,,,,,,0,4226,"Workspace storage account SKU choice (GRS, ZRS) (#4226)","Workspace storage account SKU choice (GRS, ZRS) (#4226)

This pull request introduces several changes to the templates/workspaces/base directory to add support for configurable storage account redundancy in Azure TRE workspaces (ZRS / GRS). The changes span multiple files including porter.yaml, template_schema.json, and Terraform configuration files."
microsoft/AzureTRE,f26ab35bba859924524e39d25fa75623bd8616a5,2024-12,-1,pre,2024-12-31T10:28:35Z,2024-12-31T12:28:35+02:00,u04c0ac15d8548a84,u04c0ac15d8548a84@users.invalid,GitHub,noreply@github.com,1,0,9,14,85,1,1,1,,,,,,0,4228,Update porter in RP and remove support for v0 (#4228),"Update porter in RP and remove support for v0 (#4228)

* update porter in rp and remove support for v0

* update core version

---------

Co-authored-by: u596a50752c5a0f22 <u596a50752c5a0f22@users.invalid>"
microsoft/AzureTRE,a555afca2afb0c0adee47b250a08983ce8207e19,2025-01,0,m0,2025-01-01T23:05:35Z,2025-01-01T23:05:35Z,ue77aa2d1677cdad6,ue77aa2d1677cdad6@users.invalid,GitHub,noreply@github.com,1,0,2,25,0,0,0,0,,,,,,0,4230,Amend destroy_env_no_terraform.sh to purge container repos (#4230),"Amend destroy_env_no_terraform.sh to purge container repos (#4230)

* Purge container repos individually on tre-destroy"
microsoft/AzureTRE,c79d9e160fc404b246b4583a83ff5f5c5ad9caa7,2025-01,0,m0,2025-01-02T11:58:48+02:00,2025-01-02T11:58:48+02:00,uc4bd38beee52e3e7,uc4bd38beee52e3e7@users.invalid,GitHub,noreply@github.com,1,0,5,9,8,0,0,0,,,,,,0,4236,Fix public exposure in Guacamole service (#4236),"Fix public exposure in Guacamole service (#4236)

* Update Guacamole service exposure settings and change the service plan configuration to the data
* update the changelog.md"
microsoft/AzureTRE,e74fbe8fd2ead40f1d602c018a455875651ea394,2025-01,0,m0,2025-01-02T18:27:30Z,2025-01-02T20:27:30+02:00,uf1471c3fd0d07724,uf1471c3fd0d07724@users.invalid,GitHub,noreply@github.com,1,0,33,231,292,0,0,0,,,,,,0,4242,Use CMK blocks rather than CMK resources in Terraform (#4242),"Use CMK blocks rather than CMK resources in Terraform (#4242)

* replace cmk resources with cmk blocks for storage accounts

* remove cmk resources for cosmosdb

* update template versions

* fix terraform format

* remove duplicated data block

* update core version

* update encryption_key_versionless_id assignment to handle null values based on cmk encryption flag"
microsoft/AzureTRE,5f27bae9471be2220268f8a84689207c59d035df,2025-01,0,m0,2025-01-05T09:35:22+02:00,2025-01-05T07:35:22Z,u98b22fe3d4ba9453,u98b22fe3d4ba9453@users.invalid,GitHub,noreply@github.com,1,0,4,7,5,0,0,0,,,,,,0,4246,Fix network tags and depreciated TF for Azure ML. (#4246),Fix network tags and depreciated TF for Azure ML. (#4246)
microsoft/AzureTRE,8c1cea9c7e3e3e71734fab4b2a77e9d8152a6e0b,2025-01,0,m0,2025-01-07T08:56:40Z,2025-01-07T08:56:40Z,u98b22fe3d4ba9453,u98b22fe3d4ba9453@users.invalid,GitHub,noreply@github.com,1,0,23,70,224,0,0,0,,,,,,0,4126,Consolidate upgrade scripts for Terraform (#4126),Consolidate upgrade scripts for Terraform (#4126)
microsoft/AzureTRE,97debdc23783e76ce04d6bd230e54713b2fa1f72,2025-01,0,m0,2025-01-07T18:43:09Z,2025-01-07T20:43:09+02:00,uf1471c3fd0d07724,uf1471c3fd0d07724@users.invalid,GitHub,noreply@github.com,1,0,13,415,326,0,0,0,,B,copilot,trailer,,0,4238,Add option for forced tunneling through TRE's Firewall (#4238),"Add option for forced tunneling through TRE's Firewall (#4238)

* Add option for forced tunneling through TRE's Firewall

* fix linting issues

* refine doc

* rename force tunnel route

* add variables to schema

* fix github actions

* add warning to fw force tunnel doc

* refine doc

* fix linting errors

* send firewall props through makefile command

* update doc

* update config.yaml.sample

* remove typo

* shorten comment

* Update docs/tre-admins/configure-firewall-force-tunneling.md

Co-authored-by: Copilot <175728472+Copilot@users.noreply.github.com>

* fix typo in docs

* fix linting issues

* fix linting error

---------

Co-authored-by: Copilot <175728472+Copilot@users.noreply.github.com>"
microsoft/AzureTRE,37040028726e999e19a2d80645981dbdfd99aad2,2025-01,0,m0,2025-01-08T11:19:51+02:00,2025-01-08T11:19:51+02:00,u04c0ac15d8548a84,u04c0ac15d8548a84@users.invalid,GitHub,noreply@github.com,1,0,8,74,21,0,0,0,,,,,,0,4258,Add EventGrid diagnostic settings (#4258),"Add EventGrid diagnostic settings (#4258)

* add eventgrid diagnostic settings

* changelog

* core version

* add system topics

* uncomment"
microsoft/AzureTRE,daef19b114d4d32bba37e48c9b46644defdfe2ed,2025-01,0,m0,2025-01-15T05:17:09Z,2025-01-15T07:17:09+02:00,u6da1b2a8f257aa2e,u6da1b2a8f257aa2e@users.invalid,GitHub,noreply@github.com,1,0,1,15,0,0,0,0,,,,,,0,4267,Add mermaid diagram for Airlock export request process (#4267),Add mermaid diagram for Airlock export request process (#4267)
microsoft/AzureTRE,5b99b599cb39d723cf6853a53a86ffa71ec0f249,2025-01,0,m0,2025-01-18T08:16:11Z,2025-01-18T08:16:11Z,ue77aa2d1677cdad6,ue77aa2d1677cdad6@users.invalid,GitHub,noreply@github.com,1,0,7,29,2,0,0,0,,,,,,0,4266,Surface the Guacamole server-layout parameter (#4266),"Surface the Guacamole server-layout parameter (#4266)

* Surface the Guacamole server-layout parameter"
microsoft/AzureTRE,fd89717d6e674c95cf90b20197b9ad2c478bc155,2025-01,0,m0,2025-01-23T16:26:06Z,2025-01-23T16:26:06Z,ue77aa2d1677cdad6,ue77aa2d1677cdad6@users.invalid,GitHub,noreply@github.com,1,0,20,79,14,0,0,0,,,,,,0,4265,Allow enablement of Trusted Launch and vTPM for VMs (#4265),Allow enablement of Trusted Launch and vTPM for VMs (#4265)
microsoft/AzureTRE,7c88fe498de3dabc9adb2bfd0122d1f49f246a5b,2025-01,0,m0,2025-01-28T16:51:01Z,2025-01-28T18:51:01+02:00,uf1471c3fd0d07724,uf1471c3fd0d07724@users.invalid,GitHub,noreply@github.com,1,0,11,13,5,1,1,1,,,,,,0,4263,Enable encryption at host for vms (#4263),Enable encryption at host for vms (#4263)
microsoft/AzureTRE,d61965d3ed2955df33637c8f61f7233b0f721673,2025-02,1,post,2025-02-05T07:14:01+02:00,2025-02-05T05:14:01Z,u98b22fe3d4ba9453,u98b22fe3d4ba9453@users.invalid,GitHub,noreply@github.com,1,0,18,24,28,1,3,5,,,,,,0,4290,Fix dev container build failure on mount config and CI fixes (#4290),Fix dev container build failure on mount config and CI fixes (#4290)
microsoft/AzureTRE,26621d13296320749e8e3f35e38dd351cd68b3ca,2025-02,1,post,2025-02-05T11:44:14+02:00,2025-02-05T11:44:14+02:00,u04c0ac15d8548a84,u04c0ac15d8548a84@users.invalid,GitHub,noreply@github.com,1,0,4,15,8,0,0,0,,,,,,0,4276,Airlock Azure Function Host Storage Access with Managed Identity (#4276),"Airlock Azure Function Host Storage Access with Managed Identity (#4276)

Airlock function storage to use manage identity"
microsoft/AzureTRE,3838df278693193012fd3c9ef4034362294cf36c,2025-02,1,post,2025-02-05T10:34:51Z,2025-02-05T10:34:51Z,ue77aa2d1677cdad6,ue77aa2d1677cdad6@users.invalid,GitHub,noreply@github.com,1,0,5,19,18,0,0,0,,,,,,0,4301,Downgrade certs shared service App Gateway to Basic SKU (#4301),"Downgrade certs shared service App Gateway to Basic SKU (#4301)

Downgrade certs shared service App Gateway to Basic SKU #4300"
microsoft/AzureTRE,7ecd1841b4281b446daff922eee49419cad8bc7f,2025-02,1,post,2025-02-05T13:40:38+02:00,2025-02-05T11:40:38Z,u98b22fe3d4ba9453,u98b22fe3d4ba9453@users.invalid,GitHub,noreply@github.com,1,0,3,3,2,0,0,0,,,,,,0,4292,Fix letsencrypt missing parameters (#4292),"Fix letsencrypt missing parameters (#4292)

* Fix letsencrypt missing parameters

Fixes #3638

Update `core/terraform/outputs.sh` to handle empty `tre_output.json` file

* Add a check to see if `tre_output.json` is empty
* If `tre_output.json` is empty, run `terraform init` to recreate it

---

For more details, open the [Copilot Workspace session](https://copilot-workspace.githubnext.com/microsoft/AzureTRE/issues/3638?shareId=XXXX-XXXX-XXXX-XXXX).

* Update version and changelog."
microsoft/AzureTRE,8103f9634cb7eec0c5bc6509c44ee5f2db31ee86,2025-02,1,post,2025-02-05T14:06:09Z,2025-02-05T14:06:09Z,ue77aa2d1677cdad6,ue77aa2d1677cdad6@users.invalid,GitHub,noreply@github.com,1,0,3,9,5,0,0,0,,,,,,0,4289,Genericise Windows VM post install script to deal with different R versions (#4289),"Genericise Windows VM post install script to deal with different R versions (#4289)

Windows R version must be 4.1.2 otherwise post install script doesn't update package mirror URL #4288"
microsoft/AzureTRE,18bf38594f190365a2caf7d28a7ca23ea5674d49,2025-02,1,post,2025-02-05T17:10:06Z,2025-02-05T19:10:06+02:00,u04c0ac15d8548a84,u04c0ac15d8548a84@users.invalid,GitHub,noreply@github.com,1,0,14,58,35,2,2,2,,,,,,0,4254,Disable local auth in EventGrid (#4254),"Disable local auth in EventGrid (#4254)

* Disable local authentication in EventGrid

* fix publish test results

* fix python unit test procedure"
microsoft/AzureTRE,595bbfb00444876ef368cf844819d46cc1016956,2025-02,1,post,2025-02-06T09:51:33+02:00,2025-02-06T07:51:33Z,u98b22fe3d4ba9453,u98b22fe3d4ba9453@users.invalid,GitHub,noreply@github.com,1,0,2,28,6,0,0,0,,,,,,0,4262,[Snyk] Upgrade @fluentui/react-file-type-icons from 8.12.5 to 8.12.6 (#4262),"[Snyk] Upgrade @fluentui/react-file-type-icons from 8.12.5 to 8.12.6 (#4262)

fix: upgrade @fluentui/react-file-type-icons from 8.12.5 to 8.12.6

Snyk has created this PR to upgrade @fluentui/react-file-type-icons from 8.12.5 to 8.12.6.

See this package in yarn:
@fluentui/react-file-type-icons

See this project in Snyk:
https://app.snyk.io/org/marrobi/project/dd2ad75a-7a6d-4559-9a18-d70318d44707?utm_source=github&utm_medium=referral&page=upgrade-pr

Co-authored-by: uee48369be6072c1a <uee48369be6072c1a@users.invalid>
Co-authored-by: u04c0ac15d8548a84 <u04c0ac15d8548a84@users.invalid>"
microsoft/AzureTRE,cdb59e4da56e06fbd9d29342cf7e9ee767058515,2025-02,1,post,2025-02-06T07:53:24Z,2025-02-06T07:53:24Z,u98b22fe3d4ba9453,u98b22fe3d4ba9453@users.invalid,GitHub,noreply@github.com,1,0,2,10,2,0,0,0,,,,,,0,4239,[Snyk] Upgrade @types/react from 18.3.12 to 18.3.16 (#4239),"[Snyk] Upgrade @types/react from 18.3.12 to 18.3.16 (#4239)

fix: upgrade @types/react from 18.3.12 to 18.3.16

Snyk has created this PR to upgrade @types/react from 18.3.12 to 18.3.16.

See this package in yarn:
@types/react

See this project in Snyk:
https://app.snyk.io/org/marrobi/project/dd2ad75a-7a6d-4559-9a18-d70318d44707?utm_source=github&utm_medium=referral&page=upgrade-pr

Co-authored-by: uee48369be6072c1a <uee48369be6072c1a@users.invalid>
Co-authored-by: u04c0ac15d8548a84 <u04c0ac15d8548a84@users.invalid>"
microsoft/AzureTRE,052aeffc06c9d0cdb5ebc9c53b16629b0c0f4633,2025-02,1,post,2025-02-06T08:12:13Z,2025-02-06T08:12:13Z,u98b22fe3d4ba9453,u98b22fe3d4ba9453@users.invalid,GitHub,noreply@github.com,1,0,2,16,16,0,0,0,,,,,,0,4191,[Snyk] Upgrade react-router-dom from 6.27.0 to 6.28.0 (#4191),"[Snyk] Upgrade react-router-dom from 6.27.0 to 6.28.0 (#4191)

fix: upgrade react-router-dom from 6.27.0 to 6.28.0

Snyk has created this PR to upgrade react-router-dom from 6.27.0 to 6.28.0.

See this package in yarn:
react-router-dom

See this project in Snyk:
https://app.snyk.io/org/marrobi/project/dd2ad75a-7a6d-4559-9a18-d70318d44707?utm_source=github&utm_medium=referral&page=upgrade-pr

Co-authored-by: uee48369be6072c1a <uee48369be6072c1a@users.invalid>
Co-authored-by: u87a94f23dc977ebf <u87a94f23dc977ebf@users.invalid>
Co-authored-by: u04c0ac15d8548a84 <u04c0ac15d8548a84@users.invalid>"
microsoft/AzureTRE,7ae3d18afb9af29ee5d6031ddd69d01cbf879546,2025-02,1,post,2025-02-06T10:32:09Z,2025-02-06T10:32:09Z,u98b22fe3d4ba9453,u98b22fe3d4ba9453@users.invalid,GitHub,noreply@github.com,1,0,3,6,1,0,0,0,,,,,,0,4327,Fix dev container initialization on Windows (#4327),Fix dev container initialization on Windows (#4327)
microsoft/AzureTRE,8153f8e4d59128c351e485e0ea9becae063046b9,2025-02,1,post,2025-02-06T14:21:57Z,2025-02-06T14:21:57Z,uaa0b8c57cd234b45,uaa0b8c57cd234b45@users.invalid,GitHub,noreply@github.com,1,0,2,15,9,0,0,0,,,,,,0,4319,Expanding industry coverage in Azure TRE Overview documentation (#4319),Expanding industry coverage in Azure TRE Overview documentation (#4319)
microsoft/AzureTRE,a73cf2f32b62fce506b91b2b7f37ec2b2439de9f,2025-02,1,post,2025-02-06T17:21:59Z,2025-02-06T17:21:59Z,ue77aa2d1677cdad6,ue77aa2d1677cdad6@users.invalid,GitHub,noreply@github.com,1,0,3,9,5,0,0,0,,,,,,0,4332,Ensure R directory is present before attempting to update package mirror config (#4332),Ensure R directory is present before attempting to update package mirror config (#4332)
microsoft/AzureTRE,133746a40046cd72369437d3521252d8202d55a8,2025-02,1,post,2025-02-08T22:06:17Z,2025-02-09T00:06:17+02:00,u6da1b2a8f257aa2e,u6da1b2a8f257aa2e@users.invalid,GitHub,noreply@github.com,1,0,13,49,22,1,1,1,,,,,,0,4277,Disable local authentication between Airlock Processor and Azure Service Bus in Function Binding (#4277),"Disable local authentication between Airlock Processor and Azure Service Bus in Function Binding (#4277)

* Support managed identity authentication in azure function binding between airlock and service bus queue
* Disable service bus local authentication"
microsoft/AzureTRE,9327874584b1045b40a58a40512e37bc4c6e9751,2025-02,1,post,2025-02-09T12:14:24+02:00,2025-02-09T12:14:24+02:00,u04c0ac15d8548a84,u04c0ac15d8548a84@users.invalid,GitHub,noreply@github.com,1,0,2,62,4,0,0,0,,,,,,0,4345,Release 0.20.0 (#4345),"Release 0.20.0 (#4345)

* update release doc formatting

* update change log

* fix typos"
microsoft/AzureTRE,0bcf5b3b20d030e321f86dd8139f0b30ca728097,2025-02,1,post,2025-02-09T18:05:39Z,2025-02-09T18:05:39Z,ue77aa2d1677cdad6,ue77aa2d1677cdad6@users.invalid,GitHub,noreply@github.com,1,0,7,7,3,0,0,0,,,,,,0,4339,Allow workspace App Service Plan SKU to be updated  (#4339),"Allow workspace App Service Plan SKU to be updated  (#4339)

* Allow workspace App Service Plan SKU to be updated #4331"
microsoft/AzureTRE,998c3d4eb97ae9daed35e9c12d022029101b0862,2025-02,1,post,2025-02-11T00:46:57+02:00,2025-02-11T00:46:57+02:00,uf1471c3fd0d07724,uf1471c3fd0d07724@users.invalid,GitHub,noreply@github.com,1,0,3,5,3,0,0,0,,,,,,0,4346,Remove public IP from TRE's firewall when forced tunneling is configured (#4346),"Remove public IP from TRE's firewall when forced tunneling is configured (#4346)

* remove public IP from TRE's firewall when forced tunneling is configured

* update changelog

* update version as this change is not backward compatible

* update template version"
microsoft/AzureTRE,a6d85e2600ffac2a3dcc9576607a637911e330ec,2025-02,1,post,2025-02-10T23:34:44Z,2025-02-10T23:34:44Z,u98b22fe3d4ba9453,u98b22fe3d4ba9453@users.invalid,GitHub,noreply@github.com,1,0,14,427,32,9,45,32,,,,,,0,4338,Fix upgrade if porter install has failed and add tests to resource processor (#4338),Fix upgrade if porter install has failed and add tests to resource processor (#4338)
microsoft/AzureTRE,0715eca9dfc0673a9a948d192233a0e3e0f76df7,2025-02,1,post,2025-02-11T18:02:24+02:00,2025-02-11T18:02:24+02:00,uf1471c3fd0d07724,uf1471c3fd0d07724@users.invalid,GitHub,noreply@github.com,1,0,2,2,2,0,0,0,,,,,,0,4357,Add moved block to handle firewall public IP count migration (#4357),"Add moved block to handle firewall public IP count migration (#4357)

Adds moved block to handle resource address change when adding count to
the firewall's public IP resource, preventing unwanted recreation of the
IP address"
microsoft/AzureTRE,78f4a1351625ce9f1f6bd4fcc532e396bf989338,2025-02,1,post,2025-02-11T23:57:30Z,2025-02-12T01:57:30+02:00,uc4bd38beee52e3e7,uc4bd38beee52e3e7@users.invalid,GitHub,noreply@github.com,1,0,14,231,246,0,0,0,,,,,,0,4255,Update Core Subnets Creation and upgrade core Terraform to 4.14.0 (#4255),Update Core Subnets Creation and upgrade core Terraform to 4.14.0 (#4255)
microsoft/AzureTRE,72e98c370ee35b0f7c1c599460b2172c578d9e90,2025-02,1,post,2025-02-12T15:47:24Z,2025-02-12T15:47:24Z,u98b22fe3d4ba9453,u98b22fe3d4ba9453@users.invalid,GitHub,noreply@github.com,1,0,13,728,48,5,83,13,,,,,,0,4352,Add requests endpoint to core TRE API (#4352),Add requests endpoint to core TRE API (#4352)
microsoft/AzureTRE,3a5ecb9a12e4a2aaeae9098963a04406347a33d1,2025-02,1,post,2025-02-13T12:06:56+02:00,2025-02-13T12:06:56+02:00,u6da1b2a8f257aa2e,u6da1b2a8f257aa2e@users.invalid,GitHub,noreply@github.com,1,0,2,54,16,0,0,0,,,,,,0,4192,support multiple lines in devcontainer action (#4192),"support multiple lines in devcontainer action (#4192)

Updated workflow files to use a multiline string for the COMMAND input, improving readability."
microsoft/AzureTRE,0592bcd04c2190f57a4eb21a0fcb68a90eaa442f,2025-02,1,post,2025-02-13T10:38:16Z,2025-02-13T10:38:16Z,ue77aa2d1677cdad6,ue77aa2d1677cdad6@users.invalid,GitHub,noreply@github.com,1,0,5,18,17,0,0,0,,,,,,0,4324,Defender: Azure Cosmos DB should disable public network access (#4324),"Defender: Azure Cosmos DB should disable public network access (#4324)

* Defender: Azure Cosmos DB should disable public network access #4322"
microsoft/AzureTRE,5cff723e498651c3a9c2f2225acbd9af1bfe9eb1,2025-02,1,post,2025-02-13T11:36:17Z,2025-02-13T11:36:17Z,ue77aa2d1677cdad6,ue77aa2d1677cdad6@users.invalid,GitHub,noreply@github.com,1,0,11,177,42,0,0,0,,,,,,0,4260,"Core key vault firewall should not be set to ""Allow public access from all networks"" (#4260)","Core key vault firewall should not be set to ""Allow public access from all networks"" (#4260)

* Core key vault firewall should not be set to ""Allow public access from all networks"" #4250"
microsoft/AzureTRE,0c894bf69b15411abbf60ad95fd0a48f08a17901,2025-02,1,post,2025-02-13T11:38:09Z,2025-02-13T11:38:09Z,u98b22fe3d4ba9453,u98b22fe3d4ba9453@users.invalid,GitHub,noreply@github.com,1,0,3,1867,1773,0,0,0,,,,,,0,4367,Update UI dependencies and update packages (#4367),"Update UI dependencies and update packages (#4367)

Fix UI dependancies."
microsoft/AzureTRE,f07387ec210661fa3b5f6514cae9c327924d8c1c,2025-02,1,post,2025-02-13T17:15:32+02:00,2025-02-13T17:15:32+02:00,u6da1b2a8f257aa2e,u6da1b2a8f257aa2e@users.invalid,GitHub,noreply@github.com,1,0,2,10,0,0,0,0,,,,,,0,4372,Add bundle target to Makefile for handling different types options in single command (#4372),"Add bundle target to Makefile for handling different types options in single command (#4372)

* Add bundle target to Makefile for handling different bundle types as single command"
microsoft/AzureTRE,20737491bb92bcbbc9d6818f47ccc77f9ef7bd87,2025-02,1,post,2025-02-13T16:37:30Z,2025-02-13T16:37:30Z,ue77aa2d1677cdad6,ue77aa2d1677cdad6@users.invalid,GitHub,noreply@github.com,1,0,7,85,8,0,0,0,,,,,,0,4274,Add Windows image field to Admin VM template (#4274),"Add Windows image field to Admin VM template (#4274)

* [NWSDE #107] Add Windows image field to Admin VM template

* Update parameters.json and CHANGELOG

* Update porter.yaml

* remove default on image_gallery_id - default gets set in porter.yaml

* Fix linting

* Ensure selected image uses image specific config for Secure Boot and vTPM values, rather than hardcoding to true"
microsoft/AzureTRE,d39b8416be1aceac34ce81ab2461b8cae804cce7,2025-02,1,post,2025-02-17T10:33:53Z,2025-02-17T10:33:53Z,ue77aa2d1677cdad6,ue77aa2d1677cdad6@users.invalid,GitHub,noreply@github.com,1,0,22,93,86,0,0,0,,,,,,0,4373,Update TLS to the latest version for web apps / function apps (#4373),Update TLS to the latest version for web apps / function apps (#4373)
microsoft/AzureTRE,71fc2c03690aa961d9d26c5385ef046d9ca36009,2025-02,1,post,2025-02-17T10:56:05Z,2025-02-17T10:56:05Z,u98b22fe3d4ba9453,u98b22fe3d4ba9453@users.invalid,GitHub,noreply@github.com,1,0,5,29,37,2,13,35,,,,,,0,4340,Fix Cosmos DB local debugging (#4340),Fix Cosmos DB local debugging (#4340)
microsoft/AzureTRE,dccccdedf84a0fd70014a16ce29183d0e56f3a15,2025-02,1,post,2025-02-17T11:16:57Z,2025-02-17T11:16:57Z,ue77aa2d1677cdad6,ue77aa2d1677cdad6@users.invalid,GitHub,noreply@github.com,1,0,6,32,4,0,0,0,,,,,,0,4295,Certs shared service: Secret nexus-ssl-password is currently in a deleted but recoverable state  (#4295),Certs shared service: Secret nexus-ssl-password is currently in a deleted but recoverable state  (#4295)
microsoft/AzureTRE,b416bd7a8f2f3c23f2dc1dae3ec44c111316c8ea,2025-02,1,post,2025-02-17T12:52:00Z,2025-02-17T12:52:00Z,u98b22fe3d4ba9453,u98b22fe3d4ba9453@users.invalid,GitHub,noreply@github.com,1,0,103,9679,14181,0,0,0,,,,,,0,4368,Migrate UI to Vite build engine and update dependencies (#4368),Migrate UI to Vite build engine and update dependencies (#4368)
microsoft/AzureTRE,e2be433bd70c0e08cae3c89bc1e119f440cb8486,2025-02,1,post,2025-02-18T11:00:32Z,2025-02-18T11:00:32Z,u98b22fe3d4ba9453,u98b22fe3d4ba9453@users.invalid,GitHub,noreply@github.com,1,0,1,1,1,0,0,0,,,,,,0,4375,Fix UI build path (#4375),"Fix UI build path (#4375)

Fix UI build"
microsoft/AzureTRE,e0f1e9b91f25e1632180d4049f57b5d8d429ca01,2025-02,1,post,2025-02-19T10:34:20Z,2025-02-19T10:34:20Z,u98b22fe3d4ba9453,u98b22fe3d4ba9453@users.invalid,GitHub,noreply@github.com,1,0,3,37,1,0,0,0,,,,,,0,4343,Fix firewall rules creation on upgrade for Guacamole (#4343),Fix firewall rules creation on upgrade for Guacamole (#4343)
microsoft/AzureTRE,5c7d725e38f5bfc6cd48f1a33117325535633b62,2025-02,1,post,2025-02-19T16:35:58Z,2025-02-19T16:35:58Z,u98b22fe3d4ba9453,u98b22fe3d4ba9453@users.invalid,GitHub,noreply@github.com,1,0,21,209,35,2,3,1,,,,,,0,4333,User username as VM username rather than random ID (#4333),User username as VM username rather than random ID (#4333)
microsoft/AzureTRE,fa4a32091e4e4654dbcb982a1f8d5dfd99e07871,2025-02,1,post,2025-02-21T12:16:57Z,2025-02-21T12:16:57Z,u98b22fe3d4ba9453,u98b22fe3d4ba9453@users.invalid,GitHub,noreply@github.com,1,0,2,2,2,0,0,0,,,,,,0,4392,Increase workspace bundle version (#4392),Increase workspace bundle version (#4392)
microsoft/AzureTRE,bb5186e8463366af4c74c2a62af25696331d1e21,2025-02,1,post,2025-02-21T12:35:13Z,2025-02-21T12:35:13Z,u98b22fe3d4ba9453,u98b22fe3d4ba9453@users.invalid,GitHub,noreply@github.com,1,0,1,44,3,0,0,0,,,,,,0,4394,Prep for Release v0.21.0 (#4394),"Prep for Release v0.21.0 (#4394)

Fixes #4393"
microsoft/AzureTRE,475ea48d1df5ce6ef17242e0d950d77ed9e836e4,2025-02,1,post,2025-02-24T10:25:54Z,2025-02-24T14:25:54+04:00,ue155b591f6fec9c9,ue155b591f6fec9c9@users.invalid,GitHub,noreply@github.com,1,0,16,191,4,0,0,0,,,,,,0,4360,TRE core should use private endpoint to access TRE management storage account #4353 (#4360),TRE core should use private endpoint to access TRE management storage account #4353 (#4360)
microsoft/AzureTRE,9decbd775e93f51e7cfccec2d008684b23d32d3f,2025-02,1,post,2025-02-24T15:40:35Z,2025-02-24T15:40:35Z,u98b22fe3d4ba9453,u98b22fe3d4ba9453@users.invalid,GitHub,noreply@github.com,1,0,12,68,24,0,0,0,,,,,,0,4397,Fix E2E Extended tests by adding admin_username override. (#4397),Fix E2E Extended tests by adding admin_username override. (#4397)
microsoft/AzureTRE,0ec539a88b83ea6e02a1eb53f66fe8f5c2f41e7e,2025-02,1,post,2025-02-25T10:44:23Z,2025-02-25T10:44:23Z,ue77aa2d1677cdad6,ue77aa2d1677cdad6@users.invalid,GitHub,noreply@github.com,1,0,3,8,1,0,0,0,,,,,,0,4400,"Set `stairlockp` Airlock Processor storage account firewall to ""Enabled from selected virtual networks and IP addresses"" (#4400)","Set `stairlockp` Airlock Processor storage account firewall to ""Enabled from selected virtual networks and IP addresses"" (#4400)"
microsoft/AzureTRE,3fcbdf9c6df25ccd3500702bff952e95766fa6d2,2025-02,1,post,2025-02-28T20:37:04Z,2025-02-28T20:37:04Z,ue155b591f6fec9c9,ue155b591f6fec9c9@users.invalid,GitHub,noreply@github.com,1,0,5,27,19,0,0,0,,,,,,0,4407,Fix: make show-core-output is failing due to lack of access to management storage account (#4407),"Fix: make show-core-output is failing due to lack of access to management storage account (#4407)

* Refactor Makefile to use show_output.sh for displaying Terraform output and improve error handling in mgmtstorage scripts.

* CHANGELOG file update with bug fix details.

* Update CHANGELOG to clarify management storage access error fix in `make show-core-output`

* Fix typo in CHANGELOG regarding management storage access error and clean up error messages in mgmtstorage_enable_public_access.sh script

* Bump core version to 0.12.6

---------

Co-authored-by: uc9a948331c10e47f <uc9a948331c10e47f@users.invalid>"
microsoft/AzureTRE,39071ce908db015fa12aa0c4aa11a1e5cee65647,2025-03,2,post,2025-03-03T13:01:42Z,2025-03-03T13:01:42Z,u98b22fe3d4ba9453,u98b22fe3d4ba9453@users.invalid,GitHub,noreply@github.com,1,0,44,97,417,0,0,0,,,,,,0,4382,Consolidate deploy scripts and remove unused files (#4382),Consolidate deploy scripts and remove unused files (#4382)
microsoft/AzureTRE,2ff68dcd640298b6389e51bf13ea473bac49a9d4,2025-03,2,post,2025-03-05T16:03:10Z,2025-03-05T18:03:10+02:00,u6da1b2a8f257aa2e,u6da1b2a8f257aa2e@users.invalid,GitHub,noreply@github.com,1,0,3,3,2,0,0,0,,,,,,0,4409,fix retry loop in devcontainer action and override commands.sh (#4409),fix retry loop in devcontainer action and override commands.sh (#4409)
microsoft/AzureTRE,f9918b3f48f157345f5aea04a83ed6c16dba6495,2025-03,2,post,2025-03-10T13:24:29+02:00,2025-03-10T13:24:29+02:00,uc4bd38beee52e3e7,uc4bd38beee52e3e7@users.invalid,GitHub,noreply@github.com,1,0,4,5,3,0,0,0,,,,,,0,4413,FIx: show_output.sh  (#4413),"FIx: show_output.sh  (#4413)

* Update show_output.sh to use current directory and improve terraform_wrapper.sh usage documentation

* Bump version to 0.12.7

* Fix: update terraform output command to include working directory parameter and enhance wrapper script

* Fix: update changelog to correct formatting of terraform output command entry

* Fix: correct formatting of terraform output command entry in changelog"
microsoft/AzureTRE,ea0138c080df734f82e04961f1ecc6d429f896ce,2025-03,2,post,2025-03-10T12:32:53Z,2025-03-10T14:32:53+02:00,uc4bd38beee52e3e7,uc4bd38beee52e3e7@users.invalid,GitHub,noreply@github.com,1,0,2,3,2,0,0,0,,,,,,0,4417,Fix: CI issue where branch names containing 'bootstrap' (#4417),"Fix: CI issue where branch names containing 'bootstrap' (#4417)

* fix: update condition for Azure and ACR login to check for 'make bootstrap'

* fix: resolve CI issue with Azure login steps for branches containing 'bootstrap'"
microsoft/AzureTRE,c2925cdd5870dcbee6a56a6b699d8f48e53cd4f9,2025-03,2,post,2025-03-11T12:38:12+02:00,2025-03-11T12:38:12+02:00,uc4bd38beee52e3e7,uc4bd38beee52e3e7@users.invalid,GitHub,noreply@github.com,1,0,2,73,22,0,0,0,,,,,,0,4406,Fix: storage account 403 error when creating new tre env (#4406),"Fix: storage account 403 error when creating new tre env (#4406)

* Refactor role assignment check to validate both ""Storage Blob Data Contributor"" and ""Storage Account Contributor"" roles

* Remove unused script source from bootstrap.sh

* Refactor role assignment check to use local variables for clarity

* Update CHANGELOG and add role assignment for Storage Account Contributor in bootstrap.sh

* Refactor role assignment check to use counts for validation and streamline script execution

* Refactor role assignment check to use non-empty value validation and enhance storage container creation with retry logic

* CR changes

* Refactor role assignment check to verify access via storage container list

* Implement retry logic for role assignment checks in bootstrap script

* Refactor check_terraform_role_assignments function to simplify error handling and remove unnecessary output

* Enhance error message in check_terraform_role_assignments function to indicate retry mechanism on unexpected output

* Remove unnecessary echo statement from retry_with_backoff function in bootstrap script

* Add validation for required environment variables in bootstrap script

* Refactor bootstrap script to streamline Terraform initialization and backend configuration

* Add shellcheck disable comments for unbound variable warnings in bootstrap script

* Update terraform_wrapper invocation and add blank line for readability in bootstrap script

* Bump version to 0.12.7 in version.txt

* Refactor bootstrap script to move backend configuration inline and remove redundant function

* Remove redundant function call for writing bootstrap Terraform backend

* Remove TODO comments from Terraform command output in bootstrap script

* Bump version to 0.12.8 in version.txt

* Bump version to 0.12.7 in version.txt

* Refactor bootstrap script to inline backend configuration and improve error handling

* fix: update condition for Azure and ACR login to check for 'make bootstrap'

* fix: resolve CI issue with Azure login steps for branches containing 'bootstrap'

* refactor: move Terraform backend configuration to a dedicated section in bootstrap.sh

* fix: update role assignment to use Storage Blob Data Contributor in bootstrap.sh

* fix: refine role assignment query in bootstrap.sh to check only for Storage Blob Data Contributor

* fix: update role check in bootstrap.sh to return status instead of echoing

* fix: update comment for granting Storage Blob Data Contributor role in bootstrap.sh

* fix: update comment for granting Storage Blob Data Contributor permissions in bootstrap.sh"
microsoft/AzureTRE,0248bcf9de5c1eefd764705b1261fa74a40b215e,2025-03,2,post,2025-03-15T22:45:55+02:00,2025-03-15T22:45:55+02:00,uc4bd38beee52e3e7,uc4bd38beee52e3e7@users.invalid,GitHub,noreply@github.com,1,0,3,77,42,0,0,0,,,,,,0,4387,Enable anonymous access in Nexus configuration script (#4387),"Enable anonymous access in Nexus configuration script (#4387)

* Enable anonymous access in Nexus configuration script

* Add role assignment for Storage Account Contributor in bootstrap script

* Enhance role assignment check in bootstrap script to verify both ""Storage Blob Data Contributor"" and ""Storage Account Contributor"" roles are assigned

* Refactor role assignment check to validate both ""Storage Blob Data Contributor"" and ""Storage Account Contributor"" roles

* Remove unused script source from bootstrap.sh

* Refactor role assignment check to use local variables for clarity

* Update CHANGELOG and add role assignment for Storage Account Contributor in bootstrap.sh

* Refactor role assignment check to use counts for validation and streamline script execution

* Refactor role assignment check to use non-empty value validation and enhance storage container creation with retry logic

* revert bootstrap

* CR changes

* Refactor role assignment check to verify access via storage container list

* Implement retry logic for role assignment checks in bootstrap script

* Refactor check_terraform_role_assignments function to simplify error handling and remove unnecessary output

* Enhance error message in check_terraform_role_assignments function to indicate retry mechanism on unexpected output

* Remove unnecessary echo statement from retry_with_backoff function in bootstrap script

* Add validation for required environment variables in bootstrap script

* Refactor bootstrap script to streamline Terraform initialization and backend configuration

* Add shellcheck disable comments for unbound variable warnings in bootstrap script

* Update terraform_wrapper invocation and add blank line for readability in bootstrap script

* Bump version to 0.12.7 in version.txt

* Refactor bootstrap script to move backend configuration inline and remove redundant function

* Remove redundant function call for writing bootstrap Terraform backend

* Update show_output.sh to use current directory and improve terraform_wrapper.sh usage documentation

* Remove TODO comments from Terraform command output in bootstrap script

* Bump version to 0.12.8 in version.txt

* Bump version to 0.12.7

* Bump version to 0.12.7 in version.txt

* Fix: simplify anonymous access configuration in Nexus repository script

* Refactor bootstrap script to inline backend configuration and improve error handling

* fix: update condition for Azure and ACR login to check for 'make bootstrap'

* fix: resolve CI issue with Azure login steps for branches containing 'bootstrap'

* refactor: move Terraform backend configuration to a dedicated section in bootstrap.sh

* fix: update role assignment to use Storage Blob Data Contributor in bootstrap.sh

* fix: refine role assignment query in bootstrap.sh to check only for Storage Blob Data Contributor

* fix: update role check in bootstrap.sh to return status instead of echoing

* fix: update comment for granting Storage Blob Data Contributor role in bootstrap.sh

* fix: update comment for granting Storage Blob Data Contributor permissions in bootstrap.sh

* fix: update Sonatype Nexus version and enhance repository configuration script with retry logic

* fix: downgrade Sonatype Nexus version from 3.3.5 to 3.3.3 in porter.yaml

* chore: update CHANGELOG.md to include enhancements and bug fixes for Nexus access and retry logic

* fix: remove VS Code extensions proxy configuration from Nexus setup script

* fix: update comment formatting in bootstrap.sh for clarity

* refactor: rename functions for clarity in configure_nexus_repos.sh"
microsoft/AzureTRE,6d51070b7cffb9b38219e860bf48c9450dfc9071,2025-03,2,post,2025-03-20T13:55:38Z,2025-03-20T13:55:38Z,ue155b591f6fec9c9,ue155b591f6fec9c9@users.invalid,GitHub,noreply@github.com,1,0,3,12,2,0,0,0,,,,,,0,4431,Enable Structured Azure Firewall logs for TRE firewall (#4431),Enable Structured Azure Firewall logs for TRE firewall (#4431)
microsoft/AzureTRE,e1f3c769b243b3ba1abc8834aff812f93cc03d00,2025-03,2,post,2025-03-23T13:54:54Z,2025-03-23T15:54:54+02:00,u04c0ac15d8548a84,u04c0ac15d8548a84@users.invalid,GitHub,noreply@github.com,1,0,2,5,4,0,0,0,,,,,,0,4438,Update mysql commands in control_tre (#4438),"Update mysql commands in control_tre (#4438)

* Update mysql commands in control_tre

* changelog"
microsoft/AzureTRE,b7387db358b9faceb55de765b7f7d4d5d64c28ee,2025-03,2,post,2025-03-24T15:59:48+02:00,2025-03-24T15:59:48+02:00,u04c0ac15d8548a84,u04c0ac15d8548a84@users.invalid,GitHub,noreply@github.com,1,0,17,80,20,0,0,0,,B,copilot,trailer,,0,4249,Add support for CMK options in workflows (#4249),"Add support for CMK options in workflows (#4249)

* github action support

* cmk var validation

* config schema validation

* add support for branch and bot

* install Terraform as the image doesn't include it anymore

* fix prbot

* update docs

* fix up

* Update docs/tre-admins/setup-instructions/workflows.md

Co-authored-by: Copilot <175728472+Copilot@users.noreply.github.com>

* fix docs

* update core version

* improve condition for local.key_store_id to support empty values

* replace null defaults to empty string to be inline with default CI values

---------

Co-authored-by: Copilot <175728472+Copilot@users.noreply.github.com>
Co-authored-by: ufba372f62d2bb16a <ufba372f62d2bb16a@users.invalid>
Co-authored-by: uf1471c3fd0d07724 <uf1471c3fd0d07724@users.invalid>"
microsoft/AzureTRE,ac028196eb4e47b2c6a8ff386e280612ddf214a2,2025-03,2,post,2025-03-24T17:40:30Z,2025-03-24T19:40:30+02:00,u04c0ac15d8548a84,u04c0ac15d8548a84@users.invalid,GitHub,noreply@github.com,1,0,9,17,17,2,1,4,,,,,,0,4437,Organize passing params to bundles (#4437),"Organize passing params to bundles (#4437)

* organize passing params to bundles

* changelog"
microsoft/AzureTRE,02232f38403ec58ac3ca9fd86ce98404fe0e8edc,2025-03,2,post,2025-03-25T13:21:31Z,2025-03-25T13:21:31Z,dependabot[bot],49699333+dependabot[bot]@users.noreply.github.com,GitHub,noreply@github.com,1,0,2,35,11,0,0,0,,,,,dependabot,0,4439,Bump the npm_and_yarn group in /ui/app with 2 updates (#4439),"Bump the npm_and_yarn group in /ui/app with 2 updates (#4439)

* Bump the npm_and_yarn group in /ui/app with 2 updates

Bumps the npm_and_yarn group in /ui/app with 2 updates: [@babel/helpers](https://github.com/babel/babel/tree/HEAD/packages/babel-helpers) and [@babel/runtime](https://github.com/babel/babel/tree/HEAD/packages/babel-runtime).


Updates `@babel/helpers` from 7.26.7 to 7.26.10
- [Release notes](https://github.com/babel/babel/releases)
- [Changelog](https://github.com/babel/babel/blob/main/CHANGELOG.md)
- [Commits](https://github.com/babel/babel/commits/v7.26.10/packages/babel-helpers)

Updates `@babel/runtime` from 7.26.7 to 7.26.10
- [Release notes](https://github.com/babel/babel/releases)
- [Changelog](https://github.com/babel/babel/blob/main/CHANGELOG.md)
- [Commits](https://github.com/babel/babel/commits/v7.26.10/packages/babel-runtime)

---
updated-dependencies:
- dependency-name: ""@babel/helpers""
  dependency-type: indirect
  dependency-group: npm_and_yarn
- dependency-name: ""@babel/runtime""
  dependency-type: indirect
  dependency-group: npm_and_yarn
...

Signed-off-by: dependabot[bot] <support@github.com>

* ui version

---------

Signed-off-by: dependabot[bot] <support@github.com>
Co-authored-by: dependabot[bot] <49699333+dependabot[bot]@users.noreply.github.com>
Co-authored-by: u04c0ac15d8548a84 <u04c0ac15d8548a84@users.invalid>"
microsoft/AzureTRE,4a068bdf431ed93c38f28fd2090d15e51fb8ae35,2025-03,2,post,2025-03-26T11:10:37+02:00,2025-03-26T11:10:37+02:00,uc4bd38beee52e3e7,uc4bd38beee52e3e7@users.invalid,GitHub,noreply@github.com,1,0,3,8,6,0,0,0,,,,,,0,4443,Fix static web deprecated message (#4443),"Fix static web deprecated message (#4443)

* Update Terraform static website configuration to use new resource format

* Update CHANGELOG to reference new issue for Terraform static website configuration update

* Bump version to 0.12.10"
microsoft/AzureTRE,2a2f78f250c23504feec7f99d39e3108df4cd956,2025-03,2,post,2025-03-26T12:38:07+02:00,2025-03-26T12:38:07+02:00,u2be73190e29dafe0,u2be73190e29dafe0@users.invalid,GitHub,noreply@github.com,1,0,2,167,7,0,0,0,,,,,,0,4422,Document Makefile Commands (#4422),"Document Makefile Commands (#4422)

* Makefile documentation

* Add documentation on make commands

* CR fix: Remove the unnecessary Command note"
microsoft/AzureTRE,8812503011f73004960529acff20e76fb77fd164,2025-03,2,post,2025-03-26T17:34:37Z,2025-03-26T17:34:37Z,u98b22fe3d4ba9453,u98b22fe3d4ba9453@users.invalid,GitHub,noreply@github.com,1,0,4,4,2,0,0,0,,,,,,0,4425,Fix Guacamole session end when browser is closed (#4425),Fix Guacamole session end when browser is closed (#4425)
microsoft/AzureTRE,3dcff0d20e778b004574cd5f4c25a5bce78c2ba4,2025-03,2,post,2025-03-27T09:39:12Z,2025-03-27T09:39:12Z,u6f6309768e1d9713,u6f6309768e1d9713@users.invalid,GitHub,noreply@github.com,1,0,1,1,1,0,0,0,,,,,,0,4447,Fix use of deprecated argument in jq (#4447),Fix use of deprecated argument in jq (#4447)
microsoft/AzureTRE,cba92f16d3d386ac2121cc45514023290f044033,2025-03,2,post,2025-03-27T12:00:02Z,2025-03-27T12:00:02Z,dependabot[bot],49699333+dependabot[bot]@users.noreply.github.com,GitHub,noreply@github.com,1,0,2,163,163,0,0,0,,,,,dependabot,0,4444,Bump the npm_and_yarn group in /ui/app with 2 updates (#4444),"Bump the npm_and_yarn group in /ui/app with 2 updates (#4444)

* Bump the npm_and_yarn group in /ui/app with 2 updates

Bumps the npm_and_yarn group in /ui/app with 2 updates: [vite](https://github.com/vitejs/vite/tree/HEAD/packages/vite) and [esbuild](https://github.com/evanw/esbuild).


Updates `vite` from 6.1.0 to 6.2.3
- [Release notes](https://github.com/vitejs/vite/releases)
- [Changelog](https://github.com/vitejs/vite/blob/v6.2.3/packages/vite/CHANGELOG.md)
- [Commits](https://github.com/vitejs/vite/commits/v6.2.3/packages/vite)

Updates `esbuild` from 0.24.2 to 0.25.1
- [Release notes](https://github.com/evanw/esbuild/releases)
- [Changelog](https://github.com/evanw/esbuild/blob/main/CHANGELOG-2024.md)
- [Commits](https://github.com/evanw/esbuild/compare/v0.24.2...v0.25.1)

---
updated-dependencies:
- dependency-name: vite
  dependency-type: direct:production
  dependency-group: npm_and_yarn
- dependency-name: esbuild
  dependency-type: indirect
  dependency-group: npm_and_yarn
...

Signed-off-by: dependabot[bot] <support@github.com>

* ui version

---------

Signed-off-by: dependabot[bot] <support@github.com>
Co-authored-by: dependabot[bot] <49699333+dependabot[bot]@users.noreply.github.com>
Co-authored-by: u04c0ac15d8548a84 <u04c0ac15d8548a84@users.invalid>"
microsoft/AzureTRE,839548ccc7ed0d445d0324fa87f602aa45f6ebfe,2025-04,3,post,2025-04-01T09:11:45Z,2025-04-01T12:11:45+03:00,u2be73190e29dafe0,u2be73190e29dafe0@users.invalid,GitHub,noreply@github.com,1,0,14,79,16,0,0,0,,,,,,0,4440,Extend documentation on Airlock export and review setup (#4440),"Extend documentation on Airlock export and review setup (#4440)

* Add more documentation on Airlock

* Add example on configure properties

* fix broken links"
microsoft/AzureTRE,7519429613955129675d5cb66c256faa3c9d91ea,2025-04,3,post,2025-04-01T16:22:07Z,2025-04-01T19:22:07+03:00,u04c0ac15d8548a84,u04c0ac15d8548a84@users.invalid,GitHub,noreply@github.com,1,0,3,24,3,0,0,0,,,,,,0,4454,Skip removing keyvault rule when resource group is deleting (#4454),"Skip removing keyvault rule when resource group is deleting (#4454)

* skip removing KV rule when RG is deleting

* changelog

* update how we get the kv's rg"
microsoft/AzureTRE,e58a47253b71e0d2f64b8d281921467574855b56,2025-04,3,post,2025-04-01T18:19:14Z,2025-04-01T19:19:14+01:00,u8bc42867196410db,u8bc42867196410db@users.invalid,GitHub,noreply@github.com,1,0,17,121,31,2,2,2,,,,,,0,4418,Add malware scanning to workspace storage account for airlock exports (#4418),Add malware scanning to workspace storage account for airlock exports (#4418)
microsoft/AzureTRE,e27b48b36b49f2434fefbab17802c118ad124bd7,2025-04,3,post,2025-04-02T07:25:22Z,2025-04-02T08:25:22+01:00,u98b22fe3d4ba9453,u98b22fe3d4ba9453@users.invalid,GitHub,noreply@github.com,1,0,3,17,1,0,0,0,,,,,,0,4389,Add soft delete to workspace storage account (#4389),Add soft delete to workspace storage account (#4389)
microsoft/AzureTRE,e047e74a820e507ea41e54ae091c48b3879f0068,2025-04,3,post,2025-04-02T08:01:49Z,2025-04-02T08:01:49Z,dependabot[bot],49699333+dependabot[bot]@users.noreply.github.com,GitHub,noreply@github.com,1,0,2,4,4,0,0,0,,,,,dependabot,0,4456,Bump vite from 6.2.3 to 6.2.4 in /ui/app in the npm_and_yarn group (#4456),"Bump vite from 6.2.3 to 6.2.4 in /ui/app in the npm_and_yarn group (#4456)

* Bump vite from 6.2.3 to 6.2.4 in /ui/app in the npm_and_yarn group

Bumps the npm_and_yarn group in /ui/app with 1 update: [vite](https://github.com/vitejs/vite/tree/HEAD/packages/vite).


Updates `vite` from 6.2.3 to 6.2.4
- [Release notes](https://github.com/vitejs/vite/releases)
- [Changelog](https://github.com/vitejs/vite/blob/v6.2.4/packages/vite/CHANGELOG.md)
- [Commits](https://github.com/vitejs/vite/commits/v6.2.4/packages/vite)

---
updated-dependencies:
- dependency-name: vite
  dependency-type: direct:production
  dependency-group: npm_and_yarn
...

Signed-off-by: dependabot[bot] <support@github.com>

* ui version

---------

Signed-off-by: dependabot[bot] <support@github.com>
Co-authored-by: dependabot[bot] <49699333+dependabot[bot]@users.noreply.github.com>
Co-authored-by: u04c0ac15d8548a84 <u04c0ac15d8548a84@users.invalid>"
microsoft/AzureTRE,638913b3c31812e13f7a5e2990720c75351bdbd8,2025-04,3,post,2025-04-02T15:19:28+01:00,2025-04-02T15:19:28+01:00,u7f5cab6db16bd065,u7f5cab6db16bd065@users.invalid,GitHub,noreply@github.com,1,0,48,1649,433,13,349,43,,,,,,0,4337,Workspace user management (#4337),Workspace user management (#4337)
microsoft/AzureTRE,eb4a458541db982c9a8caaa3fad5d363a2b93a1f,2025-04,3,post,2025-04-09T12:09:53Z,2025-04-09T12:09:53Z,dependabot[bot],49699333+dependabot[bot]@users.noreply.github.com,GitHub,noreply@github.com,1,0,2,4,4,0,0,0,,,,,dependabot,0,4468,Bump vite from 6.2.4 to 6.2.5 in /ui/app in the npm_and_yarn group (#4468),"Bump vite from 6.2.4 to 6.2.5 in /ui/app in the npm_and_yarn group (#4468)

* Bump vite from 6.2.4 to 6.2.5 in /ui/app in the npm_and_yarn group

Bumps the npm_and_yarn group in /ui/app with 1 update: [vite](https://github.com/vitejs/vite/tree/HEAD/packages/vite).


Updates `vite` from 6.2.4 to 6.2.5
- [Release notes](https://github.com/vitejs/vite/releases)
- [Changelog](https://github.com/vitejs/vite/blob/v6.2.5/packages/vite/CHANGELOG.md)
- [Commits](https://github.com/vitejs/vite/commits/v6.2.5/packages/vite)

---
updated-dependencies:
- dependency-name: vite
  dependency-version: 6.2.5
  dependency-type: direct:production
  dependency-group: npm_and_yarn
...

Signed-off-by: dependabot[bot] <support@github.com>

* update ui version

---------

Signed-off-by: dependabot[bot] <support@github.com>
Co-authored-by: dependabot[bot] <49699333+dependabot[bot]@users.noreply.github.com>
Co-authored-by: u04c0ac15d8548a84 <u04c0ac15d8548a84@users.invalid>"
microsoft/AzureTRE,309c224e35c18a73946d60f87dd885facb704628,2025-04,3,post,2025-04-11T08:51:47+01:00,2025-04-11T08:51:47+01:00,u8bc42867196410db,u8bc42867196410db@users.invalid,GitHub,noreply@github.com,1,0,3,4,1,0,0,0,,,,,,0,4470,Add dependency between Airlock processor and storage account private endpoint (#4470),Add dependency between Airlock processor and storage account private endpoint (#4470)
microsoft/AzureTRE,99f3425005e7e573facaab3fdbfb7c4b4ad25376,2025-04,3,post,2025-04-11T16:45:16Z,2025-04-11T17:45:16+01:00,u8bc42867196410db,u8bc42867196410db@users.invalid,GitHub,noreply@github.com,1,0,9,12,10,0,0,0,,,,,,0,4465,Prevent VMs From Being Replaced when `custom_data` changes (#4465),"Prevent VMs From Being Replaced when `custom_data` changes (#4465)

* Add custom_data to ignore_changes

* Update changelog

* Bump minor instead of major"
microsoft/AzureTRE,63afb3af70aac971a10550507aaa5b74b4f2644e,2025-04,3,post,2025-04-13T18:52:27Z,2025-04-13T19:52:27+01:00,u9716948fbb094933,u9716948fbb094933@users.invalid,GitHub,noreply@github.com,1,0,1,179,112,0,0,0,,,,,,0,4434,Update firewall rules documentation (#4434),Update firewall rules documentation (#4434)
microsoft/AzureTRE,927eb713a4085304707d28f0b0bf97632f7f3d11,2025-04,3,post,2025-04-14T23:39:04+04:00,2025-04-14T23:39:04+04:00,dependabot[bot],49699333+dependabot[bot]@users.noreply.github.com,GitHub,noreply@github.com,1,0,2,4,4,0,0,0,,,,,dependabot,0,4486,Bump vite from 6.2.5 to 6.2.6 in /ui/app in the npm_and_yarn group (#4486),"Bump vite from 6.2.5 to 6.2.6 in /ui/app in the npm_and_yarn group (#4486)

* Bump vite from 6.2.5 to 6.2.6 in /ui/app in the npm_and_yarn group

Bumps the npm_and_yarn group in /ui/app with 1 update: [vite](https://github.com/vitejs/vite/tree/HEAD/packages/vite).


Updates `vite` from 6.2.5 to 6.2.6
- [Release notes](https://github.com/vitejs/vite/releases)
- [Changelog](https://github.com/vitejs/vite/blob/v6.2.6/packages/vite/CHANGELOG.md)
- [Commits](https://github.com/vitejs/vite/commits/v6.2.6/packages/vite)

---
updated-dependencies:
- dependency-name: vite
  dependency-version: 6.2.6
  dependency-type: direct:production
  dependency-group: npm_and_yarn
...

Signed-off-by: dependabot[bot] <support@github.com>

* update ui version

---------

Signed-off-by: dependabot[bot] <support@github.com>
Co-authored-by: dependabot[bot] <49699333+dependabot[bot]@users.noreply.github.com>
Co-authored-by: u04c0ac15d8548a84 <u04c0ac15d8548a84@users.invalid>"
microsoft/AzureTRE,7a9be7cd40fde7560d07272462df998219b1f41f,2025-04,3,post,2025-04-20T10:32:27+03:00,2025-04-20T10:32:27+03:00,u04c0ac15d8548a84,u04c0ac15d8548a84@users.invalid,GitHub,noreply@github.com,1,0,1,40,1,0,0,0,,,,,,0,4492,Prep for release 0.22.0 (#4492),"Prep for release 0.22.0 (#4492)

* update changelog for release 0.22.0

* Update CHANGELOG.md

* Update CHANGELOG.md"
microsoft/AzureTRE,18f9f63ea0d8bdb0b193d10890755d5ce02cc657,2025-04,3,post,2025-04-22T08:39:47Z,2025-04-22T09:39:47+01:00,u8bc42867196410db,u8bc42867196410db@users.invalid,GitHub,noreply@github.com,1,0,21,137,11,1,1,1,,,,,,0,4458,Auto grant workspace consent (#4458),Auto grant workspace consent (#4458)
microsoft/AzureTRE,f2c54ffbf9a67488268dd9e7bfee3b52dd26cb65,2025-04,3,post,2025-04-23T13:10:12+03:00,2025-04-23T13:10:12+03:00,u04c0ac15d8548a84,u04c0ac15d8548a84@users.invalid,GitHub,noreply@github.com,1,0,3,0,3,0,0,0,,,,,,0,4497,Update GitHub issue templates (#4497),Update GitHub issue templates (#4497)
microsoft/AzureTRE,d44582c4ce98fe5a2768fd8aa886e868e04041ef,2025-04,3,post,2025-04-23T13:19:01Z,2025-04-23T14:19:01+01:00,u8bc42867196410db,u8bc42867196410db@users.invalid,GitHub,noreply@github.com,1,0,7,125,18,0,0,0,,,,,,0,4494,Format operations error message (#4494),Format operations error message (#4494)
microsoft/AzureTRE,4f09ec3dbad96dc497b301e9cf19142a36ee2557,2025-04,3,post,2025-04-24T08:03:33Z,2025-04-24T09:03:33+01:00,u9716948fbb094933,u9716948fbb094933@users.invalid,GitHub,noreply@github.com,1,0,1,7,7,0,0,0,,,,,,0,4481,Update upgrading-tre.md documentation (#4481),Update upgrading-tre.md documentation (#4481)
microsoft/AzureTRE,af566e05ae2bc4a7f972fe3e6d1824c1de10eb23,2025-04,3,post,2025-04-25T09:46:52Z,2025-04-25T12:46:52+03:00,u2be73190e29dafe0,u2be73190e29dafe0@users.invalid,GitHub,noreply@github.com,1,0,1,3,3,0,0,0,,,,,,0,4498,Fix typo in deploy reusable workflow step name (#4498),Fix typo in deploy reusable workflow step name (#4498)
microsoft/AzureTRE,ff105a1a465fb252ef6f75b0bb96aaf33bcc55c0,2025-04,3,post,2025-04-28T08:38:05Z,2025-04-28T11:38:05+03:00,u2be73190e29dafe0,u2be73190e29dafe0@users.invalid,GitHub,noreply@github.com,1,0,3,17,1,0,0,0,,,,,,0,4453,Document CI_CACHE_ACR_NAME secret for CI/CD (#4453),"Document CI_CACHE_ACR_NAME secret for CI/CD (#4453)

* Document CI_CACHE_ACR_NAME secret for CI/CD

Fixes #4424

---

For more details, open the [Copilot Workspace session](https://copilot-workspace.githubnext.com/microsoft/AzureTRE/issues/4424?shareId=XXXX-XXXX-XXXX-XXXX).

* Rephrase

* Unify CI_CACHE_ACR_NAME check in workflow

* Test missing secret message

* Fail initial acr login for test

* Rephrase error message

* CR changes

* Update .github/workflows/deploy_tre_reusable.yml

Co-authored-by: uf1471c3fd0d07724 <uf1471c3fd0d07724@users.invalid>

---------

Co-authored-by: uf1471c3fd0d07724 <uf1471c3fd0d07724@users.invalid>"
microsoft/AzureTRE,1ae927455a0b1a46bef589a061568a3280c40e69,2025-04,3,post,2025-04-28T11:54:00Z,2025-04-28T12:54:00+01:00,u98b22fe3d4ba9453,u98b22fe3d4ba9453@users.invalid,GitHub,noreply@github.com,1,0,12,38,19,9,26,11,,,,,,0,4451,Add ability to pass values to install stage on pipleine. (#4451),"Add ability to pass values to install stage on pipleine. (#4451)

* Tested, but feels wrong using patch for install.

* Update api_app/tests_ma/test_db/test_repositories/test_resource_repository.py

* fix indentation.

* PR comments and move to string constant

* PR comment

* up version

* update changelog"
microsoft/AzureTRE,bd2de1ddb315a0790c5b78269c6a070889fc9918,2025-04,3,post,2025-04-29T09:20:09+01:00,2025-04-29T09:20:09+01:00,ue77aa2d1677cdad6,ue77aa2d1677cdad6@users.invalid,GitHub,noreply@github.com,1,0,2,2,1,0,0,0,,,,,,0,4507,Letsencrypt.yml fails with “Invalid reference in variable validation” (#4507),Letsencrypt.yml fails with “Invalid reference in variable validation” (#4507)
microsoft/AzureTRE,17cfe6322bf3707813f6facd88a8366a5a39f436,2025-04,3,post,2025-04-29T17:49:27+01:00,2025-04-29T17:49:27+01:00,ue77aa2d1677cdad6,ue77aa2d1677cdad6@users.invalid,GitHub,noreply@github.com,1,0,5,13,2,0,0,0,,,,,,0,4508,Intermittent management storage account access failure during core deployment (#4508),Intermittent management storage account access failure during core deployment (#4508)
microsoft/AzureTRE,95172bd84e7770b56d22702d2e1e38d5bda4471f,2025-04,3,post,2025-04-30T05:59:54Z,2025-04-30T06:59:54+01:00,u8bc42867196410db,u8bc42867196410db@users.invalid,GitHub,noreply@github.com,1,0,9,414,280,3,23,4,,,,,,0,4501,Add ability to assign VMs to other users at creation (#4501),"Add ability to assign VMs to other users at creation (#4501)

* Add owner_id field to template schema

* Add logic to API to set ownerId field if owner_id passed in properties.

* Bump API version

* Rephrase message prompt for clarity

* Add unit tests"
microsoft/AzureTRE,efcc20f1e7f1b5410e4bcaf166758682c4b392b5,2025-05,4,post,2025-05-01T14:35:05Z,2025-05-01T15:35:05+01:00,u8bc42867196410db,u8bc42867196410db@users.invalid,GitHub,noreply@github.com,1,0,5,5,2,0,0,0,,,,,,0,4515,Ensure AirLock review VMs delete OS disk (#4515),Ensure AirLock review VMs delete OS disk (#4515)
microsoft/AzureTRE,287de3dd7176ed7adbeebd0aef47247f97da2793,2025-05,4,post,2025-05-01T17:53:29Z,2025-05-01T18:53:29+01:00,u98b22fe3d4ba9453,u98b22fe3d4ba9453@users.invalid,GitHub,noreply@github.com,1,0,7,35,3,0,0,0,,,,,,0,4383,Add bastion deploy and sku configuration (#4383),Add bastion deploy and sku configuration (#4383)
microsoft/AzureTRE,8acf4f52523cf4e688766df9e7f943d01a62e7d0,2025-05,4,post,2025-05-02T11:13:18Z,2025-05-02T12:13:18+01:00,u98b22fe3d4ba9453,u98b22fe3d4ba9453@users.invalid,GitHub,noreply@github.com,1,0,7,380,102,0,0,0,,,,,,0,4211,Enable scheduled shutdown of Guacamole Windows VMs (#4211),Enable scheduled shutdown of Guacamole Windows VMs (#4211)
microsoft/AzureTRE,1965c2f7cd0eba5e033a52ded0674eb9008e510e,2025-05,4,post,2025-05-06T17:23:56+01:00,2025-05-06T17:23:56+01:00,u98b22fe3d4ba9453,u98b22fe3d4ba9453@users.invalid,GitHub,noreply@github.com,1,0,3,7,2,0,0,0,,,,,,0,4519,Enhance logout message for improved security awareness (#4519),Enhance logout message for improved security awareness (#4519)
microsoft/AzureTRE,70b70ceb48019a76147d3905e791b8e7a6b8b7c9,2025-05,4,post,2025-05-07T07:50:44Z,2025-05-07T08:50:44+01:00,u98b22fe3d4ba9453,u98b22fe3d4ba9453@users.invalid,GitHub,noreply@github.com,1,0,3,3,2,0,0,0,,,,,,0,4518,Re-enable shared access key on core storage account (#4518),Re-enable shared access key on core storage account (#4518)
microsoft/AzureTRE,69918e30dabbb96d53c7ab0911152d888c65d77e,2025-05,4,post,2025-05-07T10:02:34Z,2025-05-07T10:02:34Z,dependabot[bot],49699333+dependabot[bot]@users.noreply.github.com,GitHub,noreply@github.com,1,0,2,151,124,0,0,0,,,,,dependabot,0,4513,Bump vite from 6.2.6 to 6.3.4 in /ui/app in the npm_and_yarn group (#4513),"Bump vite from 6.2.6 to 6.3.4 in /ui/app in the npm_and_yarn group (#4513)

* Bump vite from 6.2.6 to 6.3.4 in /ui/app in the npm_and_yarn group

Bumps the npm_and_yarn group in /ui/app with 1 update: [vite](https://github.com/vitejs/vite/tree/HEAD/packages/vite).


Updates `vite` from 6.2.6 to 6.3.4
- [Release notes](https://github.com/vitejs/vite/releases)
- [Changelog](https://github.com/vitejs/vite/blob/main/packages/vite/CHANGELOG.md)
- [Commits](https://github.com/vitejs/vite/commits/v6.3.4/packages/vite)

---
updated-dependencies:
- dependency-name: vite
  dependency-version: 6.3.4
  dependency-type: direct:production
  dependency-group: npm_and_yarn
...

Signed-off-by: dependabot[bot] <support@github.com>

* ui version

---------

Signed-off-by: dependabot[bot] <support@github.com>
Co-authored-by: dependabot[bot] <49699333+dependabot[bot]@users.noreply.github.com>
Co-authored-by: u04c0ac15d8548a84 <u04c0ac15d8548a84@users.invalid>"
microsoft/AzureTRE,3d25a42a7d06c40cc148b51a3b7cdc1baaaeb366,2025-05,4,post,2025-05-07T12:22:40+01:00,2025-05-07T12:22:40+01:00,ue77aa2d1677cdad6,ue77aa2d1677cdad6@users.invalid,GitHub,noreply@github.com,1,0,3,9,0,0,0,0,,,,,,0,4520,Allow USER_MANAGEMENT_ENABLED config variable to set via CI/CD (#4520),Allow USER_MANAGEMENT_ENABLED config variable to set via CI/CD (#4520)
microsoft/AzureTRE,b5406050970036f5834774d36ddc1dc3ff4a27f7,2025-05,4,post,2025-05-07T17:22:03+03:00,2025-05-07T15:22:03+01:00,ue77aa2d1677cdad6,ue77aa2d1677cdad6@users.invalid,GitHub,noreply@github.com,1,0,1,1,1,0,0,0,,,,,,0,4527,Fix CI/CD workflow caused by PR #4520 (#4527),"Fix CI/CD workflow caused by PR #4520 (#4527)

Update action.yml"
microsoft/AzureTRE,53dc3a3dd3d4f5138f014a9d5ac239eb57a74f5d,2025-05,4,post,2025-05-07T19:10:44+04:00,2025-05-07T19:10:44+04:00,ue155b591f6fec9c9,ue155b591f6fec9c9@users.invalid,GitHub,noreply@github.com,1,0,16,60,43,0,0,0,,,,,,0,4495,Enable vnet exception for core key vault (#4495),"Enable vnet exception for core key vault (#4495)

* Add support for allowed subnet ID in Key Vault network access configuration
Add ALLOWED_SUBNET_ID input to workflows and scripts for VNet exception handling

* Update CHANGELOG and version files for Key Vault subnet ID support and version bump

* Refactor deploy workflow: make ALLOWED_SUBNET_ID optional and simplify matrix definitions

* Bump version to 0.13.3

* Update Key Vault network access configuration for deployment exceptions

* Rename ALLOWED_SUBNET_ID to PRIVATE_AGENT_SUBNET_ID across workflows, actions, and scripts for consistency and clarity

* Fix formatting of private_agent_subnet_id assignment for consistency

* Bump version numbers to 0.13.5 and 0.5.9 in core and devops respectively

* Updated CHANGELOG.md file after merge

* Add private_agent_subnet_id to configuration schema and documentation

* Update kv_network_default_action logic to conditionally allow or deny access based on private_agent_subnet_id

* bump version to 0.13.6

* Update user management input handling in devcontainer action

---------

Co-authored-by: u5590bbfd0954b2ec <u5590bbfd0954b2ec@users.invalid>
Co-authored-by: uc9a948331c10e47f <uc9a948331c10e47f@users.invalid>
Co-authored-by: u98b22fe3d4ba9453 <u98b22fe3d4ba9453@users.invalid>"
microsoft/AzureTRE,88aa2ccbfd6b99a32f8039b5561899be899980ad,2025-05,4,post,2025-05-07T16:36:26+01:00,2025-05-07T16:36:26+01:00,u98b22fe3d4ba9453,u98b22fe3d4ba9453@users.invalid,GitHub,noreply@github.com,1,0,1,2,2,0,0,0,,,,,,0,4529,Fix rogue comma in Windows VM JSON (#4529),Fix rogue comma in Windows VM JSON (#4529)
microsoft/AzureTRE,3fd0cc0026bb4da6abd08b66e27c3722e882d40b,2025-05,4,post,2025-05-08T14:56:47+01:00,2025-05-08T14:56:47+01:00,ue77aa2d1677cdad6,ue77aa2d1677cdad6@users.invalid,GitHub,noreply@github.com,1,0,12,56,9,0,0,0,,,,,,0,4522,Ability to customise UI header and footer text (#4522),Ability to customise UI header and footer text (#4522)
microsoft/AzureTRE,946c2524cce389e28f75ad3277168482e81a3e3c,2025-05,4,post,2025-05-12T11:53:26Z,2025-05-12T14:53:26+03:00,u04c0ac15d8548a84,u04c0ac15d8548a84@users.invalid,GitHub,noreply@github.com,1,0,5,14,7,4,13,7,,,,,,0,4535,Remove strtobool from airlock function (#4535),"Remove strtobool from airlock function (#4535)

* remove strtobool from airlock function

* changelog"
microsoft/AzureTRE,a77778a745fc6142d8ce4ae41babd8ca8c1635ee,2025-05,4,post,2025-05-12T19:35:43+03:00,2025-05-12T20:35:43+04:00,u2f6daa2f0f99f653,u2f6daa2f0f99f653@users.invalid,GitHub,noreply@github.com,1,0,21,309,12,0,0,0,,,,,,0,4490,Container registry should not allow public network access (#4490),"Container registry should not allow public network access (#4490)

* Adding option to disable public network access to mgmt acr

* Updating script name

* Updating terraform formatting

* Fixing lint failures

* fixing lint issues

* fixing terraform validation

* Updating versions

* fixing typo

* Use rp_bundle_values_all to pass value to resource processor

* Updating formatting

* creting acr private endpoint irrespective of the flag

* Pulling image over vnet irrespecitve of the flag

* Gitea to pull image over vnet irrespective of the flag

* removing dependency

* removing dependency on flag to create private endpoint

* Removing dependency on the flag to create private endpoint

* Removing the flag from resource processor files

* Removing the flag

* reverting version

* cleaning up changes

* cleaning up changes

* Updating azapi version

* Updating az api version

* moving privae endpoint to core resource group

* Updating version

* Adding vnet image pull for airlock function app

* Increasing version

* Update core/version.txt

Co-authored-by: u04c0ac15d8548a84 <u04c0ac15d8548a84@users.invalid>

* Update devops/version.txt

Co-authored-by: u04c0ac15d8548a84 <u04c0ac15d8548a84@users.invalid>

* Update templates/shared_services/gitea/porter.yaml

Co-authored-by: u04c0ac15d8548a84 <u04c0ac15d8548a84@users.invalid>

* Update templates/workspace_services/gitea/porter.yaml

Co-authored-by: u04c0ac15d8548a84 <u04c0ac15d8548a84@users.invalid>

* Update templates/workspace_services/guacamole/porter.yaml

Co-authored-by: u04c0ac15d8548a84 <u04c0ac15d8548a84@users.invalid>

* removing unused variables

* setting default value of disable_acr_public_access to true

* Adding changelog

---------

Co-authored-by: u04c0ac15d8548a84 <u04c0ac15d8548a84@users.invalid>"
microsoft/AzureTRE,3e582162a2ded6bed7342715830cd31a174ed1c9,2025-05,4,post,2025-05-12T20:33:36Z,2025-05-12T21:33:36+01:00,ue77aa2d1677cdad6,ue77aa2d1677cdad6@users.invalid,GitHub,noreply@github.com,1,0,3,8,1,0,0,0,,,,,,0,4533,Allow AUTO_GRANT_WORKSPACE_CONSENT to be set via CI/CD (#4533),"Allow AUTO_GRANT_WORKSPACE_CONSENT to be set via CI/CD (#4533)

* Allow AUTO_GRANT_WORKSPACE_CONSENT to be set via CI/CD

* Update CHANGELOG.md"
microsoft/AzureTRE,f07827d2d94d85abc19e24fa1ad695fcf707069c,2025-05,4,post,2025-05-13T05:28:08Z,2025-05-13T08:28:08+03:00,u2be73190e29dafe0,u2be73190e29dafe0@users.invalid,GitHub,noreply@github.com,1,0,1,0,6,0,0,0,,,,,,0,4536,Remove unnecessary check in cli-package workflow (#4536),"Remove unnecessary check in cli-package workflow (#4536)

Remove check

Co-authored-by: u04c0ac15d8548a84 <u04c0ac15d8548a84@users.invalid>"
microsoft/AzureTRE,5e1f1695c126c7b85b80afec28ea2f8612961bbe,2025-05,4,post,2025-05-13T17:54:09Z,2025-05-13T20:54:09+03:00,u04c0ac15d8548a84,u04c0ac15d8548a84@users.invalid,GitHub,noreply@github.com,1,0,7,66,25,0,0,0,,,,,,0,4538,Remove firewall ACR rule (#4538),"Remove firewall ACR rule (#4538)

* Remove firewall ACR rule

* update changelog"
microsoft/AzureTRE,7a3070023f66fb0a90e056c9d27891cb839bdbe9,2025-05,4,post,2025-05-13T19:05:58Z,2025-05-13T20:05:58+01:00,u98b22fe3d4ba9453,u98b22fe3d4ba9453@users.invalid,GitHub,noreply@github.com,1,0,9,16,382,2,9,67,,,,,,0,4168,Remove old API migrations (#4168),Remove old API migrations (#4168)
microsoft/AzureTRE,6df0dd318673b1c692b9752f8e9d3d0bfd5a8bee,2025-05,4,post,2025-05-13T22:03:54+01:00,2025-05-13T22:03:54+01:00,u98b22fe3d4ba9453,u98b22fe3d4ba9453@users.invalid,GitHub,noreply@github.com,1,0,17,56,71,0,0,0,,,,,,0,4539,Reduce terraform churn. (#4539),Reduce terraform churn. (#4539)
microsoft/AzureTRE,fb3aa38bfa03c4069a1425a6a7ac04c519c3f03d,2025-05,4,post,2025-05-13T21:08:10Z,2025-05-13T22:08:10+01:00,u8bc42867196410db,u8bc42867196410db@users.invalid,GitHub,noreply@github.com,1,0,8,48,2,0,0,0,,,,,,0,4511,Add 180 second delay to NIC delete  (#4511),Add 180 second delay to NIC delete  (#4511)
microsoft/AzureTRE,d1bd4acefb20dafc3fb2618d7689e90d2fd4ee24,2025-05,4,post,2025-05-15T06:15:19Z,2025-05-15T07:15:19+01:00,u8bc42867196410db,u8bc42867196410db@users.invalid,GitHub,noreply@github.com,1,0,77,655,664,0,0,0,,,,,,0,4523,Update AzAPI to version 2.3 and improve provider version consistency (#4523),Update AzAPI to version 2.3 and improve provider version consistency (#4523)
microsoft/AzureTRE,914fe139db9ef58c1931d91340d21107d0e67902,2025-05,4,post,2025-05-19T14:50:28+03:00,2025-05-19T14:50:28+03:00,u04c0ac15d8548a84,u04c0ac15d8548a84@users.invalid,GitHub,noreply@github.com,1,0,7,20,28,0,0,0,,,,,,0,4542,Disable ACR admin account (#4542),"Disable ACR admin account (#4542)

* Disable ACR admin user

* Remove Airlock restart that isn't needed anymore

* update lock file"
microsoft/AzureTRE,0e19874e825ef28266148ec3bb1630e5e184256e,2025-05,4,post,2025-05-20T14:55:29Z,2025-05-20T15:55:29+01:00,u6f6309768e1d9713,u6f6309768e1d9713@users.invalid,GitHub,noreply@github.com,1,0,30,374,37,0,0,0,,,,,,0,4429,Add Azure DNS Security Policy (#4429),Add Azure DNS Security Policy (#4429)
microsoft/AzureTRE,2a99730292fe7be29940e8eaa453e0680adc7423,2025-05,4,post,2025-05-21T10:48:34Z,2025-05-21T11:48:34+01:00,u8bc42867196410db,u8bc42867196410db@users.invalid,GitHub,noreply@github.com,1,0,6,26,45,0,0,0,,,,,,0,4503,Add more error mesage parsing (#4503),Add more error mesage parsing (#4503)
microsoft/AzureTRE,a338b993f8acd83c4bd5e185c2b823393bbc9f92,2025-05,4,post,2025-05-21T13:09:14-05:00,2025-05-21T19:09:14+01:00,u98b22fe3d4ba9453,u98b22fe3d4ba9453@users.invalid,GitHub,noreply@github.com,1,0,2,5,5,0,0,0,,,,,,0,4562,Fix Resource History List Item (#4562),Fix Resource History List Item (#4562)
microsoft/AzureTRE,448ee7e972b0329d2fdf283f0cbf37dd7f6c369a,2025-05,4,post,2025-05-23T14:59:17+01:00,2025-05-23T14:59:17+01:00,ue77aa2d1677cdad6,ue77aa2d1677cdad6@users.invalid,GitHub,noreply@github.com,1,0,6,36,4,0,0,0,,,,,,0,4567,Keyvault + mgmt storage just in time access scripts traps conflict in the same shell (#4567),"Keyvault + mgmt storage just in time access scripts traps conflict in the same shell (#4567)

* Keyvault + mgmt storage just in time access scripts traps conflict in the same shell

* Fix [nitpick] Declare the variable 'existing_command' as local to avoid polluting the global namespace within the function."
microsoft/AzureTRE,1b6f9e09e9b5ae512b6ba9ec9e1939702f731d48,2025-05,4,post,2025-05-25T17:28:18+03:00,2025-05-25T17:28:18+03:00,Copilot,198982749+Copilot@users.noreply.github.com,GitHub,noreply@github.com,1,0,3,4,8,0,0,0,,B,copilot,trailer;identity,,0,4559,Fix Gitea workspace service being exposed externally (#4559),"Fix Gitea workspace service being exposed externally (#4559)

* Initial plan for issue

* Add is_exposed_externally parameter to Gitea workspace service

Co-authored-by: ue990b7bfedf2a39a <ue990b7bfedf2a39a@users.invalid>

* Update porter.yaml, add is_exposed_externally parameter and update changelog

Co-authored-by: ue990b7bfedf2a39a <ue990b7bfedf2a39a@users.invalid>

* Remove conditional creation of private endpoint in Gitea workspace service

Co-authored-by: ue990b7bfedf2a39a <ue990b7bfedf2a39a@users.invalid>

* Remove is_exposed_externally option and hardcode external access to false

Co-authored-by: u04c0ac15d8548a84 <u04c0ac15d8548a84@users.invalid>

* Remove is_exposed_externally option while keeping security fix

Co-authored-by: ue990b7bfedf2a39a <ue990b7bfedf2a39a@users.invalid>

---------

Co-authored-by: copilot-swe-agent[bot] <198982749+Copilot@users.noreply.github.com>
Co-authored-by: ue990b7bfedf2a39a <ue990b7bfedf2a39a@users.invalid>
Co-authored-by: u04c0ac15d8548a84 <u04c0ac15d8548a84@users.invalid>"
microsoft/AzureTRE,bb4ff4efb17e68bf2b76e7eac1a28093192fd880,2025-06,5,post,2025-06-02T11:40:15Z,2025-06-02T11:40:15Z,Copilot,198982749+Copilot@users.noreply.github.com,GitHub,noreply@github.com,1,0,1,200,0,0,0,0,.github/copilot-instructions.md,,,,,0,4561,Add GitHub Copilot Instructions (#4561),Add GitHub Copilot Instructions (#4561)
microsoft/AzureTRE,7e532bd19b7b58d526cf84fa007060574b75ee8f,2025-06,5,post,2025-06-03T07:32:10Z,2025-06-03T08:32:10+01:00,ue77aa2d1677cdad6,ue77aa2d1677cdad6@users.invalid,GitHub,noreply@github.com,1,0,7,92,8,0,0,0,,,,,,0,4573,Certs service deployment failed updating static website (#4573),"Certs service deployment failed updating static website (#4573)

* Refactor to use private endpoints

* Update staticweb.tf"
microsoft/AzureTRE,688f8995af6eb76e99205a215071d9fcdf17bddc,2025-06,5,post,2025-06-10T11:54:34+04:00,2025-06-10T08:54:34+01:00,u98b22fe3d4ba9453,u98b22fe3d4ba9453@users.invalid,GitHub,noreply@github.com,1,0,3,9,8,0,0,0,,,,,,0,4581,Pin package versions in resource processor cloud-init script (#4581),"Pin package versions in resource processor cloud-init script (#4581)

* Packages installed via cloud-init on resource processor are not pinned.
Fixes #4580

* remove space"
microsoft/AzureTRE,2f56b5c9a722627b3aaea20e2940bfd04db5246c,2025-06,5,post,2025-06-10T08:59:01Z,2025-06-10T09:59:01+01:00,ue77aa2d1677cdad6,ue77aa2d1677cdad6@users.invalid,GitHub,noreply@github.com,1,0,7,66,2,0,0,0,,,,,,0,4576,Enable diagnostic settings for Databricks and Databricks Auth services (Defender warning) (#4576),Enable diagnostic settings for Databricks and Databricks Auth services (Defender warning) (#4576)
microsoft/AzureTRE,9c8c3c3d7eb7be0a0436fc0cc84492f9c8d127de,2025-06,5,post,2025-06-10T09:05:59Z,2025-06-10T10:05:59+01:00,ue77aa2d1677cdad6,ue77aa2d1677cdad6@users.invalid,GitHub,noreply@github.com,1,0,2,13,2,0,0,0,,,,,,0,4575,Allow UI_SITE_NAME and UI_FOOTER_TEXT to be passed to deploy_tre_reusable.yaml (#4575),"Allow UI_SITE_NAME and UI_FOOTER_TEXT to be passed to deploy_tre_reusable.yaml (#4575)

* Allow UI_SITE_NAME and UI_FOOTER_TEXT to be dynamically calculated passed in deploy_tre_reusable.yaml

* Update CHANGELOG.md"
microsoft/AzureTRE,82576503a736178debd362c7868b22744698cc0d,2025-06,5,post,2025-06-10T14:44:16+01:00,2025-06-10T14:44:16+01:00,u98b22fe3d4ba9453,u98b22fe3d4ba9453@users.invalid,GitHub,noreply@github.com,1,0,1,5,1,0,0,0,,,,,,0,4584,Prep for release v0.23.0 (#4584),Prep for release v0.23.0 (#4584)
microsoft/AzureTRE,4ec118771420c5a841580c58ab344bc73ca536f1,2025-06,5,post,2025-06-11T09:10:13+02:00,2025-06-11T08:10:13+01:00,ue77aa2d1677cdad6,ue77aa2d1677cdad6@users.invalid,GitHub,noreply@github.com,1,0,3,6,3,0,0,0,,,,,,0,4585,"Fix ""log analytics workspaces not found"" error when deploying Databricks workspace service (#4585)","Fix ""log analytics workspaces not found"" error when deploying Databricks workspace service (#4585)"
microsoft/AzureTRE,9b72b6954d4b0952520a3b91885c7531f1dedf3d,2025-06,5,post,2025-06-11T08:09:22Z,2025-06-11T09:09:22+01:00,u98b22fe3d4ba9453,u98b22fe3d4ba9453@users.invalid,GitHub,noreply@github.com,1,0,11,147,52,0,0,0,,,,,,0,4341,Update Azure Machine Learning workspace to use AD integrated auth to storage (#4341),Update Azure Machine Learning workspace to use AD integrated auth to storage (#4341)
microsoft/AzureTRE,117b1304fa872e4f5ab3e90774a11414ef2187f9,2025-06,5,post,2025-06-18T11:13:43Z,2025-06-18T12:13:43+01:00,u98b22fe3d4ba9453,u98b22fe3d4ba9453@users.invalid,GitHub,noreply@github.com,1,0,29,721,772,1,1,1,,,,,,0,4342,Migrate Azure Firewall and route tables to core configuration (#4342),Migrate Azure Firewall and route tables to core configuration (#4342)
microsoft/AzureTRE,8184561644a15883fb2d43a88b563f16b60bff6d,2025-06,5,post,2025-06-19T09:21:45Z,2025-06-19T10:21:45+01:00,ue77aa2d1677cdad6,ue77aa2d1677cdad6@users.invalid,GitHub,noreply@github.com,1,0,2,11,0,0,0,0,,,,,,0,4594,Renew Letsencrypt GitHub action is failing to access storage account (#4594),"Renew Letsencrypt GitHub action is failing to access storage account (#4594)

* Renew Letsencrypt GitHub action is failing to access storage account

* Fix linting"
microsoft/AzureTRE,d1f2532dd3f132112cb2028fc255e8553b357251,2025-06,5,post,2025-06-23T15:56:35Z,2025-06-23T16:56:35+01:00,ue77aa2d1677cdad6,ue77aa2d1677cdad6@users.invalid,GitHub,noreply@github.com,1,0,7,146,1,0,0,0,,,,,,0,4579,Enable firewall support for Databricks storage account (#4579),"Enable firewall support for Databricks storage account (#4579)

#4391 Enable firewall support for Databricks storage account"
microsoft/AzureTRE,3490072071237c6c1253788a1dbdcff9ad070e9a,2025-06,5,post,2025-06-25T10:05:24+01:00,2025-06-25T10:05:24+01:00,Copilot,198982749+Copilot@users.noreply.github.com,GitHub,noreply@github.com,1,0,2,9,7,0,0,0,,,,,,0,4599,Fix deployment pipeline failures due to KeyVault network policies (#4599),Fix deployment pipeline failures due to KeyVault network policies (#4599)
microsoft/AzureTRE,d514e7b0325d9e9a4a169cf48dc71d034152547b,2025-06,5,post,2025-06-25T11:26:39Z,2025-06-25T12:26:39+01:00,ub86d9549855ec523,ub86d9549855ec523@users.invalid,GitHub,noreply@github.com,1,0,17,277,1,0,0,0,,,,,,0,4555,Add Backups to Workspaces (#4555),Add Backups to Workspaces (#4555)
microsoft/AzureTRE,85f2fa27bcbe89d8af65e256feccdd3d69dceb02,2025-06,5,post,2025-06-25T11:52:19Z,2025-06-25T11:52:19Z,Copilot,198982749+Copilot@users.noreply.github.com,GitHub,noreply@github.com,1,0,5,200,1,0,0,0,,,,,,0,4591,Fix resource lock indicator persisting when switching resources (#4591),Fix resource lock indicator persisting when switching resources (#4591)
microsoft/AzureTRE,dea84ef0dcc80361ce49f36bcb55b08ed5eb91bf,2025-06,5,post,2025-06-25T19:39:25Z,2025-06-25T19:39:25Z,Copilot,198982749+Copilot@users.noreply.github.com,GitHub,noreply@github.com,1,0,8,43,7,7,42,7,,,,,,0,4551,Reduce frequency of queue reader logging to improve log readability (#4551),Reduce frequency of queue reader logging to improve log readability (#4551)
microsoft/AzureTRE,4e8442b689a05c85303aadf81b4fd605e6183b99,2025-06,5,post,2025-06-26T11:40:58Z,2025-06-26T11:40:58Z,Copilot,198982749+Copilot@users.noreply.github.com,GitHub,noreply@github.com,1,0,1,8,1,0,0,0,.github/copilot-instructions.md,,,,,0,4604,Update copilot instructions with version files and editorconfig formatting rules (#4604),Update copilot instructions with version files and editorconfig formatting rules (#4604)
microsoft/AzureTRE,0819afd148f6ac86c55d5544dab64992729d65c5,2025-06,5,post,2025-06-30T15:45:30+04:00,2025-06-30T12:45:30+01:00,u98b22fe3d4ba9453,u98b22fe3d4ba9453@users.invalid,GitHub,noreply@github.com,1,0,1,2,0,0,0,0,,,,,,0,4614,Remove resource locks before deleting resource groups in destroy_env_no_terraform.sh (#4614),Remove resource locks before deleting resource groups in destroy_env_no_terraform.sh (#4614)
microsoft/AzureTRE,5de47582e7a5380e5d7cb1fa2a1e1ef286f54062,2025-07,6,post,2025-07-03T08:34:33Z,2025-07-03T08:34:33Z,Copilot,198982749+Copilot@users.noreply.github.com,GitHub,noreply@github.com,1,0,5,11442,1144,0,0,0,,,,,,0,4552,Fix error details display when workspace deletion fails with deleted Entra app (#4552),Fix error details display when workspace deletion fails with deleted Entra app (#4552)
microsoft/AzureTRE,c34418837261a8c32ac8a467e9649018d71140f3,2025-07,6,post,2025-07-03T08:37:56Z,2025-07-03T08:37:56Z,Copilot,198982749+Copilot@users.noreply.github.com,GitHub,noreply@github.com,1,0,4,15,9,0,0,0,,,,,,0,4554,Fix UI display issue when workspace is deploying & user management is enabled (#4554),Fix UI display issue when workspace is deploying & user management is enabled (#4554)
microsoft/AzureTRE,a266b5073353e031a4aa3adcc51d7c37deffa38b,2025-07,6,post,2025-07-03T16:40:52+01:00,2025-07-03T16:40:52+01:00,Copilot,198982749+Copilot@users.noreply.github.com,GitHub,noreply@github.com,1,0,16,380,48,7,121,40,,,,,,0,4589,Add revoke functionality and confirmation dialogs for Airlock requests (#4589),Add revoke functionality and confirmation dialogs for Airlock requests (#4589)
microsoft/AzureTRE,a4bd1f17668855fd526d17b6345f0bafcfd32aba,2025-07,6,post,2025-07-07T10:35:52Z,2025-07-07T10:35:52Z,Copilot,198982749+Copilot@users.noreply.github.com,GitHub,noreply@github.com,1,0,21,4576,5951,0,0,0,,,,,,0,4608,Add sort/filter options to Workspace list (#4608),Add sort/filter options to Workspace list (#4608)
microsoft/AzureTRE,61f4d9325667f85523143382bcd93c1b4640af4e,2025-07,6,post,2025-07-07T14:01:36Z,2025-07-07T14:01:36Z,Copilot,198982749+Copilot@users.noreply.github.com,GitHub,noreply@github.com,1,0,2,72,75,0,0,0,,,,,,0,4602,Fix: Ensure storage rule is removed if Let's Encrypt process fails (#4602),Fix: Ensure storage rule is removed if Let's Encrypt process fails (#4602)
microsoft/AzureTRE,6b90f135d85aedb9a1f0c333df1b5b7a79f9d521,2025-07,6,post,2025-07-08T09:07:36Z,2025-07-08T09:07:36Z,Copilot,198982749+Copilot@users.noreply.github.com,GitHub,noreply@github.com,1,0,9,2094,1622,0,0,0,,,,,,0,4610,[WIP] Display VM creator on info popup (#4610),[WIP] Display VM creator on info popup (#4610)
microsoft/AzureTRE,814586004122c733b22683094073cba8b5e75c1a,2025-07,6,post,2025-07-12T11:51:49+01:00,2025-07-12T11:51:49+01:00,u3abfd0fc2364a85f,u3abfd0fc2364a85f@users.invalid,GitHub,noreply@github.com,1,0,3,3,2,0,0,0,,,,,,0,4620,Bug/vmss porter gnpug2 update (#4620),"Bug/vmss porter gnpug2 update (#4620)

* Update VMSS to use latest gnupg2 version

* Update: Change log

* Update changelog to have PR linked and bump version of core

* Make change log message more reflective of issue"
microsoft/AzureTRE,00ef4b73ba8a01eee3764c8f6eb539c9282549b2,2025-07,6,post,2025-07-14T10:39:27Z,2025-07-14T11:39:27+01:00,u98b22fe3d4ba9453,u98b22fe3d4ba9453@users.invalid,GitHub,noreply@github.com,1,0,5,6,19,2,3,3,,,,,,0,4578,Fix CostTag API calls to reduce 429 errors (#4578),Fix CostTag API calls to reduce 429 errors (#4578)
microsoft/AzureTRE,dc88dd3cda6cc2eb5452eb9865d8d9758c81968d,2025-07,6,post,2025-07-14T18:36:06+03:00,2025-07-14T16:36:06+01:00,u98b22fe3d4ba9453,u98b22fe3d4ba9453@users.invalid,GitHub,noreply@github.com,1,0,4,5,5,0,0,0,,,,,,0,4626,Fix for terraform dependency related to Azure Firewall  (#4626),"Fix for terraform dependency related to Azure Firewall  (#4626)

Update versions and changelog."
microsoft/AzureTRE,2d61f2d37509338fad3dcfea04c10c4af2888e84,2025-07,6,post,2025-07-16T13:14:15Z,2025-07-16T14:14:15+01:00,u98b22fe3d4ba9453,u98b22fe3d4ba9453@users.invalid,GitHub,noreply@github.com,1,0,1,5,2,0,0,0,,,,,,0,4629,Prep for Release v0.24.0 release (#4629),Prep for Release v0.24.0 release (#4629)
microsoft/AzureTRE,dd9f98521364cf4d38b35a11602918c95510a52e,2025-07,6,post,2025-07-17T10:12:39Z,2025-07-17T11:12:39+01:00,ue77aa2d1677cdad6,ue77aa2d1677cdad6@users.invalid,GitHub,noreply@github.com,1,0,3,13,0,0,0,0,,,,,,0,4625,Allow ENABLE_DNS_POLICY and ALLOWED_DNS variables to set via CI/CD (#4625),Allow ENABLE_DNS_POLICY and ALLOWED_DNS variables to set via CI/CD (#4625)
microsoft/AzureTRE,c8c2efde30482178af3db8840e71e5c8c6797cb0,2025-07,6,post,2025-07-18T09:40:03+01:00,2025-07-18T09:40:03+01:00,ue77aa2d1677cdad6,ue77aa2d1677cdad6@users.invalid,GitHub,noreply@github.com,1,0,3,9,5,0,0,0,,,,,,0,4633,Fix App Gateway is destroyed on 2nd and subsequent deploys (#4633),"Fix App Gateway is destroyed on 2nd and subsequent deploys (#4633)

* Update appgateway.tf

* Update CHANGELOG.md

* Update CHANGELOG.md

* Update version.txt

* Update appgateway.tf"
microsoft/AzureTRE,0c1d4179ca4ca2510bea563a2d9b0933310fb34f,2025-07,6,post,2025-07-18T13:21:59Z,2025-07-18T14:21:59+01:00,u98b22fe3d4ba9453,u98b22fe3d4ba9453@users.invalid,GitHub,noreply@github.com,1,0,2,15,22,0,0,0,,,,,,0,4635,Prep for release v0.25.0 (#4635),Prep for release v0.25.0 (#4635)
microsoft/AzureTRE,b9e6833ee71ae4ccd52ba639f731554853767eb1,2025-07,6,post,2025-07-29T15:33:06Z,2025-07-29T16:33:06+01:00,ue77aa2d1677cdad6,ue77aa2d1677cdad6@users.invalid,GitHub,noreply@github.com,1,0,3,9,2,0,0,0,,,,,,0,4642,Fix disable public network access for stwebcertsTREID is still flagging in Defender (#4642),"Fix disable public network access for stwebcertsTREID is still flagging in Defender (#4642)

* Update staticweb.tf

* Update porter.yaml

* Update CHANGELOG.md"
microsoft/AzureTRE,86eff21d83b7de98480e6345a7bcd84d9ecbba77,2025-07,6,post,2025-07-29T15:39:22Z,2025-07-29T16:39:22+01:00,ue77aa2d1677cdad6,ue77aa2d1677cdad6@users.invalid,GitHub,noreply@github.com,1,0,3,11,2,0,0,0,,,,,,0,4636,Extend DNS list (#4636),"Extend DNS list (#4636)

* Extend DNS list

* Update CHANGELOG.md

* Update allowed-dns.json

* Update allowed-dns.json"
microsoft/AzureTRE,4e25f3816bdc7a703bb11118c76e5b5742c34afb,2025-07,6,post,2025-07-31T09:02:47Z,2025-07-31T09:02:47Z,dependabot[bot],49699333+dependabot[bot]@users.noreply.github.com,GitHub,noreply@github.com,1,0,6,7,7,3,4,4,,,,,dependabot,0,4627,Bump the pip group across 3 directories with 1 update (#4627),"Bump the pip group across 3 directories with 1 update (#4627)

* Bump the pip group across 3 directories with 1 update

---
updated-dependencies:
- dependency-name: aiohttp
  dependency-version: 3.12.14
  dependency-type: direct:production
  dependency-group: pip
- dependency-name: aiohttp
  dependency-version: 3.12.14
  dependency-type: direct:production
  dependency-group: pip
- dependency-name: aiohttp
  dependency-version: 3.12.14
  dependency-type: direct:production
  dependency-group: pip
...

Signed-off-by: dependabot[bot] <support@github.com>

* update versions

---------

Signed-off-by: dependabot[bot] <support@github.com>
Co-authored-by: dependabot[bot] <49699333+dependabot[bot]@users.noreply.github.com>
Co-authored-by: u04c0ac15d8548a84 <u04c0ac15d8548a84@users.invalid>"
microsoft/AzureTRE,e8341e168dc316371ca26841742a2eec40628dd2,2025-07,6,post,2025-07-31T11:33:53Z,2025-07-31T11:33:53Z,dependabot[bot],49699333+dependabot[bot]@users.noreply.github.com,GitHub,noreply@github.com,1,0,1,97,5,0,0,0,,,,,dependabot,0,4643,Bump form-data from 3.0.2 to 3.0.4 in /.github/scripts in the npm_and_yarn group across 1 directory (#4643),"Bump form-data from 3.0.2 to 3.0.4 in /.github/scripts in the npm_and_yarn group across 1 directory (#4643)

Bump form-data

Bumps the npm_and_yarn group with 1 update in the /.github/scripts directory: [form-data](https://github.com/form-data/form-data).


Updates `form-data` from 3.0.2 to 3.0.4
- [Release notes](https://github.com/form-data/form-data/releases)
- [Changelog](https://github.com/form-data/form-data/blob/v3.0.4/CHANGELOG.md)
- [Commits](https://github.com/form-data/form-data/compare/v3.0.2...v3.0.4)

---
updated-dependencies:
- dependency-name: form-data
  dependency-version: 3.0.4
  dependency-type: indirect
  dependency-group: npm_and_yarn
...

Signed-off-by: dependabot[bot] <support@github.com>
Co-authored-by: dependabot[bot] <49699333+dependabot[bot]@users.noreply.github.com>
Co-authored-by: u04c0ac15d8548a84 <u04c0ac15d8548a84@users.invalid>"
microsoft/AzureTRE,34186de64f16e3bd0ee122bd84d107626b168cea,2025-07,6,post,2025-07-31T12:01:11Z,2025-07-31T12:01:11Z,dependabot[bot],49699333+dependabot[bot]@users.noreply.github.com,GitHub,noreply@github.com,1,0,3,1074,508,0,0,0,,,,,dependabot,0,4639,Bump @eslint/plugin-kit from 0.2.5 to 0.2.8 in /ui/app in the npm_and_yarn group (#4639),"Bump @eslint/plugin-kit from 0.2.5 to 0.2.8 in /ui/app in the npm_and_yarn group (#4639)

Bump @eslint/plugin-kit in /ui/app in the npm_and_yarn group

Bumps the npm_and_yarn group in /ui/app with 1 update: [@eslint/plugin-kit](https://github.com/eslint/rewrite/tree/HEAD/packages/plugin-kit).


Updates `@eslint/plugin-kit` from 0.2.5 to 0.2.8
- [Release notes](https://github.com/eslint/rewrite/releases)
- [Changelog](https://github.com/eslint/rewrite/blob/main/packages/plugin-kit/CHANGELOG.md)
- [Commits](https://github.com/eslint/rewrite/commits/plugin-kit-v0.2.8/packages/plugin-kit)

---
updated-dependencies:
- dependency-name: ""@eslint/plugin-kit""
  dependency-version: 0.2.8
  dependency-type: indirect
  dependency-group: npm_and_yarn
...

Signed-off-by: dependabot[bot] <support@github.com>
Co-authored-by: dependabot[bot] <49699333+dependabot[bot]@users.noreply.github.com>
Co-authored-by: u04c0ac15d8548a84 <u04c0ac15d8548a84@users.invalid>"
microsoft/AzureTRE,2574e46387489d0196aa256261a46c8e2608bb0c,2025-09,8,post,2025-09-03T13:07:06Z,2025-09-03T14:07:06+01:00,ue77aa2d1677cdad6,ue77aa2d1677cdad6@users.invalid,GitHub,noreply@github.com,1,0,2,2,0,0,0,0,,,,,,0,4662,Firewall migration issue re FIREWALL_SKU (#4662),Firewall migration issue re FIREWALL_SKU (#4662)
microsoft/AzureTRE,c8e379a50eb21bbafe5d143114d21b0e77283e43,2025-09,8,post,2025-09-08T10:02:04Z,2025-09-08T11:02:04+01:00,u98b22fe3d4ba9453,u98b22fe3d4ba9453@users.invalid,GitHub,noreply@github.com,1,0,3,24,1,0,0,0,,,,,,0,4665,Add backup lock handling in storage configuration (#4665),Add backup lock handling in storage configuration (#4665)
microsoft/AzureTRE,30f2c1b5551db94a488bfcc9e2fa4eb122e83ff2,2025-09,8,post,2025-09-08T10:48:33Z,2025-09-08T11:48:33+01:00,u98b22fe3d4ba9453,u98b22fe3d4ba9453@users.invalid,GitHub,noreply@github.com,1,0,6,635,149,3,152,80,,,,,,0,4663,Refactor porter commands and add more tests (#4663),Refactor porter commands and add more tests (#4663)
microsoft/AzureTRE,cddd2b7151175ef0443613ae5519027f51f5ac13,2025-09,8,post,2025-09-12T16:15:12+01:00,2025-09-12T16:15:12+01:00,u6f6309768e1d9713,u6f6309768e1d9713@users.invalid,GitHub,noreply@github.com,1,0,54,647,174,4,92,24,,,,,,0,4455,Enable Workspace to deploy to separate subscription (#4455),Enable Workspace to deploy to separate subscription (#4455)
microsoft/AzureTRE,e009b2497eb106d08018c86b86bbb0d5bf0d6831,2025-09,8,post,2025-09-13T19:09:19Z,2025-09-13T20:09:19+01:00,ue77aa2d1677cdad6,ue77aa2d1677cdad6@users.invalid,GitHub,noreply@github.com,1,0,7,12,10,0,0,0,,B,copilot,trailer,,0,4622,Change Guacamaole VM OS disk to default to Standard SSD (#4622),"Change Guacamaole VM OS disk to default to Standard SSD (#4622)

* Change Guacamaole VM OS disk defaults to Standard SSD

* Update CHANGELOG.md

* Update CHANGELOG.md

Co-authored-by: Copilot <175728472+Copilot@users.noreply.github.com>

* Update CHANGELOG.md

Co-authored-by: Copilot <175728472+Copilot@users.noreply.github.com>

---------

Co-authored-by: Copilot <175728472+Copilot@users.noreply.github.com>"
microsoft/AzureTRE,5bb8d79c8a06865714c28369add52018b9e8dee2,2025-09,8,post,2025-09-15T12:48:22Z,2025-09-15T13:48:22+01:00,u4c84bb63b7cc2f30,u4c84bb63b7cc2f30@users.invalid,GitHub,noreply@github.com,1,0,2,8,0,0,0,0,,,,,,0,4656,Docs/barts case study (#4656),"Docs/barts case study (#4656)

* Add Barts Health Data Platform case study

* Add target = blank

* Add target = blank

* Use hyphen instead of long dash"
microsoft/AzureTRE,90b158b9bdf89af1c8e564e45617aef4976d299e,2025-09,8,post,2025-09-16T10:39:16Z,2025-09-16T10:39:16Z,dependabot[bot],49699333+dependabot[bot]@users.noreply.github.com,GitHub,noreply@github.com,1,0,3,560,264,0,0,0,,,,,dependabot,0,4668,Bump the npm_and_yarn group across 1 directory with 4 updates (#4668),"Bump the npm_and_yarn group across 1 directory with 4 updates (#4668)

Bumps the npm_and_yarn group with 4 updates in the /ui/app directory: [vite](https://github.com/vitejs/vite/tree/HEAD/packages/vite), [@eslint/plugin-kit](https://github.com/eslint/rewrite/tree/HEAD/packages/plugin-kit), [eslint](https://github.com/eslint/eslint) and [brace-expansion](https://github.com/juliangruber/brace-expansion).


Updates `vite` from 7.0.2 to 7.1.5
- [Release notes](https://github.com/vitejs/vite/releases)
- [Changelog](https://github.com/vitejs/vite/blob/main/packages/vite/CHANGELOG.md)
- [Commits](https://github.com/vitejs/vite/commits/v7.1.5/packages/vite)

Updates `@eslint/plugin-kit` from 0.2.8 to 0.3.5
- [Release notes](https://github.com/eslint/rewrite/releases)
- [Changelog](https://github.com/eslint/rewrite/blob/main/packages/plugin-kit/CHANGELOG.md)
- [Commits](https://github.com/eslint/rewrite/commits/plugin-kit-v0.3.5/packages/plugin-kit)

Updates `eslint` from 9.20.1 to 9.35.0
- [Release notes](https://github.com/eslint/eslint/releases)
- [Changelog](https://github.com/eslint/eslint/blob/main/CHANGELOG.md)
- [Commits](https://github.com/eslint/eslint/compare/v9.20.1...v9.35.0)

Updates `brace-expansion` from 1.1.11 to 1.1.12
- [Release notes](https://github.com/juliangruber/brace-expansion/releases)
- [Commits](https://github.com/juliangruber/brace-expansion/compare/1.1.11...v1.1.12)

---
updated-dependencies:
- dependency-name: vite
  dependency-version: 7.1.5
  dependency-type: direct:production
  dependency-group: npm_and_yarn
- dependency-name: ""@eslint/plugin-kit""
  dependency-version: 0.3.5
  dependency-type: indirect
  dependency-group: npm_and_yarn
- dependency-name: eslint
  dependency-version: 9.35.0
  dependency-type: direct:development
  dependency-group: npm_and_yarn
- dependency-name: brace-expansion
  dependency-version: 1.1.12
  dependency-type: indirect
  dependency-group: npm_and_yarn
...

Signed-off-by: dependabot[bot] <support@github.com>
Co-authored-by: dependabot[bot] <49699333+dependabot[bot]@users.noreply.github.com>
Co-authored-by: u04c0ac15d8548a84 <u04c0ac15d8548a84@users.invalid>"
microsoft/AzureTRE,4d863648f9e107f25e2ed483afe6b3dd1125de40,2025-09,8,post,2025-09-26T09:32:16+01:00,2025-09-26T09:32:16+01:00,ue77aa2d1677cdad6,ue77aa2d1677cdad6@users.invalid,GitHub,noreply@github.com,1,0,2,9,1,0,0,0,,,,,,0,4678,Add missing image_gallery_id parameter to portal.yaml for export review vm (#4678),Add missing image_gallery_id parameter to portal.yaml for export review vm (#4678)
microsoft/AzureTRE,4c2a0310dca790ca328ef4961f0a757a0ecc7289,2025-09,8,post,2025-09-29T14:32:37Z,2025-09-29T17:32:37+03:00,u04c0ac15d8548a84,u04c0ac15d8548a84@users.invalid,GitHub,noreply@github.com,1,0,4,5,4,1,1,1,,,,,,0,4683,Update starlette & fastapi versions (#4683),"Update starlette & fastapi versions (#4683)

* update starlette, fastapi versions

* api version"
microsoft/AzureTRE,842f4494ddb24898c0a41b254f2e837e4789a7b8,2025-09,8,post,2025-09-29T15:09:34Z,2025-09-29T15:09:34Z,Copilot,198982749+Copilot@users.noreply.github.com,GitHub,noreply@github.com,1,0,9,72,96,0,0,0,,B,copilot,trailer;identity,,0,4673,Fix core subnet route table associations deleted on subsequent deploys (#4673),"Fix core subnet route table associations deleted on subsequent deploys (#4673)

* Initial plan

* Fix subnet route table association deletion by moving associations inline

Co-authored-by: ue990b7bfedf2a39a <ue990b7bfedf2a39a@users.invalid>

* working route tables.

* Fix route table import and circular dependency issues

Co-authored-by: u04c0ac15d8548a84 <u04c0ac15d8548a84@users.invalid>

* Add clarifying comments for route table migration path

Co-authored-by: u04c0ac15d8548a84 <u04c0ac15d8548a84@users.invalid>

---------

Co-authored-by: copilot-swe-agent[bot] <198982749+Copilot@users.noreply.github.com>
Co-authored-by: ue990b7bfedf2a39a <ue990b7bfedf2a39a@users.invalid>
Co-authored-by: u98b22fe3d4ba9453 <u98b22fe3d4ba9453@users.invalid>
Co-authored-by: u04c0ac15d8548a84 <u04c0ac15d8548a84@users.invalid>"
microsoft/AzureTRE,7e1aa7d5fb8a054b66dc0adf822a1e35de31ff23,2025-10,9,post,2025-10-03T11:58:34+01:00,2025-10-03T11:58:34+01:00,u0fe30639927f85a4,u0fe30639927f85a4@users.invalid,GitHub,noreply@github.com,1,0,5,49,1,0,0,0,,,,,,0,4684,Add plan mode for Core infra (#4684),Add plan mode for Core infra (#4684)
microsoft/AzureTRE,9aa50735d470b0df46d025efacb562aa86e01c1b,2025-10,9,post,2025-10-04T09:57:14+03:00,2025-10-04T07:57:14+01:00,ue77aa2d1677cdad6,ue77aa2d1677cdad6@users.invalid,GitHub,noreply@github.com,1,0,4,6,5,0,0,0,,,,,,0,4688,Update oauth2-proxy and Tomcat versions to latest in Guacamole container (#4688),Update oauth2-proxy and Tomcat versions to latest in Guacamole container (#4688)
microsoft/AzureTRE,8465a8194d5d2bef278d7feaa800edd74bb2dc40,2025-10,9,post,2025-10-09T16:25:07+01:00,2025-10-09T16:25:07+01:00,u98b22fe3d4ba9453,u98b22fe3d4ba9453@users.invalid,GitHub,noreply@github.com,1,0,7,182,124,0,0,0,,,,,,0,4689,Automation of Azure Resource Provider and Feature Registration and remove Check Dependencies Script (#4689),Automation of Azure Resource Provider and Feature Registration and remove Check Dependencies Script (#4689)
microsoft/AzureTRE,b2b9166d490bfcbd5985401654142c24989c4e5e,2025-10,9,post,2025-10-10T12:46:31+03:00,2025-10-10T12:46:31+03:00,Copilot,198982749+Copilot@users.noreply.github.com,GitHub,noreply@github.com,1,0,2,10,0,0,0,0,,B,copilot,trailer;identity,,0,4696,Create CODEOWNERS file with repository maintainers (#4696),"Create CODEOWNERS file with repository maintainers (#4696)

* Initial plan

* Create CODEOWNERS file with repository maintainers

Co-authored-by: ue990b7bfedf2a39a <ue990b7bfedf2a39a@users.invalid>

* Update CODEOWNERS to use @microsoft/azuretreadmins team

Co-authored-by: ue990b7bfedf2a39a <ue990b7bfedf2a39a@users.invalid>

---------

Co-authored-by: copilot-swe-agent[bot] <198982749+Copilot@users.noreply.github.com>
Co-authored-by: ue990b7bfedf2a39a <ue990b7bfedf2a39a@users.invalid>
Co-authored-by: u98b22fe3d4ba9453 <u98b22fe3d4ba9453@users.invalid>"
microsoft/AzureTRE,5d936cf6188d605eae2387ce8cdf4bd3a214c988,2025-10,9,post,2025-10-14T09:34:44+01:00,2025-10-14T09:34:44+01:00,Copilot,198982749+Copilot@users.noreply.github.com,GitHub,noreply@github.com,1,0,17,232,91,9,154,64,,,,,,0,4698,Standardize Database Query Parameter Handling Across Repository Classes (#4698),Standardize Database Query Parameter Handling Across Repository Classes (#4698)
microsoft/AzureTRE,ec795f69be9bb4f3c17817e17ce1a555e2278301,2025-10,9,post,2025-10-14T17:00:59+01:00,2025-10-14T17:00:59+01:00,u6c5866bc2c8c401b,u6c5866bc2c8c401b@users.invalid,GitHub,noreply@github.com,1,0,2,5,4,0,0,0,,,,,,0,4708,fix pipeline template documentation (#4708),fix pipeline template documentation (#4708)
microsoft/AzureTRE,7d730db70919900ab1ad37ff800a9e1862165ca1,2025-10,9,post,2025-10-14T17:40:21Z,2025-10-14T18:40:21+01:00,u6c5866bc2c8c401b,u6c5866bc2c8c401b@users.invalid,GitHub,noreply@github.com,1,0,3,3,1,0,0,0,,,,,,0,4705,Add tm-azurefd.net to allowed-dns (#4705),Add tm-azurefd.net to allowed-dns (#4705)
microsoft/AzureTRE,a59756d81bec383c470ea052b35d9075c011696c,2025-10,9,post,2025-10-14T19:35:54Z,2025-10-14T19:35:54Z,Copilot,198982749+Copilot@users.noreply.github.com,GitHub,noreply@github.com,1,0,2,3,1,0,0,0,,,,,,0,4693,"Fix exit trap error ""unexpected EOF while looking for matching `''"" in storage_enable_public_access.sh (#4693)","Fix exit trap error ""unexpected EOF while looking for matching `''"" in storage_enable_public_access.sh (#4693)"
microsoft/AzureTRE,f07d9fa8000fe86c45eea3ec9da17b4956d3f4d6,2025-10,9,post,2025-10-15T19:46:46Z,2025-10-15T19:46:46Z,Copilot,198982749+Copilot@users.noreply.github.com,GitHub,noreply@github.com,1,0,8,1,56,0,0,0,,B,copilot,trailer;identity,,0,4717,Remove deprecated ms-teams-notification action from workflows and documentation (#4717),"Remove deprecated ms-teams-notification action from workflows and documentation (#4717)

* Initial plan

* Remove deprecated ms-teams-notification action and secret references

Co-authored-by: ue990b7bfedf2a39a <ue990b7bfedf2a39a@users.invalid>

* Update CHANGELOG with issue number #4716

Co-authored-by: ue990b7bfedf2a39a <ue990b7bfedf2a39a@users.invalid>

* Remove MS_TEAMS_WEBHOOK_URI references from documentation

Co-authored-by: ue990b7bfedf2a39a <ue990b7bfedf2a39a@users.invalid>

---------

Co-authored-by: copilot-swe-agent[bot] <198982749+Copilot@users.noreply.github.com>
Co-authored-by: ue990b7bfedf2a39a <ue990b7bfedf2a39a@users.invalid>"
microsoft/AzureTRE,d83f203826b2617c003a7df70179a241b26168be,2025-10,9,post,2025-10-16T12:53:31+01:00,2025-10-16T12:53:31+01:00,u6c5866bc2c8c401b,u6c5866bc2c8c401b@users.invalid,GitHub,noreply@github.com,1,0,2,7,11,0,0,0,,,,,,0,4711,fix validation error when mulitple lists are used in config.yaml (#4711),"fix validation error when mulitple lists are used in config.yaml (#4711)

* add ability to configure ntp_server_ip_addresses

* update changelog and schema

* remove unnecessary has_dupes check and print output of pajv validate

* update changelog

* revert changes from wrong branch

* reinstate emoji error message

---------

Co-authored-by: u98b22fe3d4ba9453 <u98b22fe3d4ba9453@users.invalid>"
microsoft/AzureTRE,f99fd501afc1fde977777e2e7b5aa4479d442720,2025-10,9,post,2025-10-16T13:38:17Z,2025-10-16T14:38:17+01:00,u6c5866bc2c8c401b,u6c5866bc2c8c401b@users.invalid,GitHub,noreply@github.com,1,0,3,86,6,0,0,0,,,,,,0,4715,config_schema.json schema fixes (#4715),"config_schema.json schema fixes (#4715)

* update config_schema to add dns settings

* update changelog

* add missing values to schema
Comment out developer_settings

* update changelog

* move cmk to developer section as per existing docs

* update changelog

* update descriptions"
microsoft/AzureTRE,96184cc96fb93331ac6afbaa3ae174a32b7135f1,2025-10,9,post,2025-10-22T13:34:49+03:00,2025-10-22T11:34:49+01:00,u6c5866bc2c8c401b,u6c5866bc2c8c401b@users.invalid,GitHub,noreply@github.com,1,0,3,2,23,0,0,0,,,,,,0,4720,remove ntp firewall rule (#4720),"remove ntp firewall rule (#4720)

* remove ntp firewall rule

* bump version

* update changelog

* update changelog

* fix typo

---------

Co-authored-by: uaab9475780bd16c0 <uaab9475780bd16c0@users.invalid>"
microsoft/AzureTRE,a6642d443a38d140b357c531e09d30b523a19adb,2025-10,9,post,2025-10-22T12:40:19+01:00,2025-10-22T12:40:19+01:00,dependabot[bot],49699333+dependabot[bot]@users.noreply.github.com,GitHub,noreply@github.com,1,0,3,8,8,0,0,0,,,,,dependabot,0,4722,Bump vite from 7.1.5 to 7.1.11 in /ui/app in the npm_and_yarn group across 1 directory (#4722),"Bump vite from 7.1.5 to 7.1.11 in /ui/app in the npm_and_yarn group across 1 directory (#4722)

* Bump vite in /ui/app in the npm_and_yarn group across 1 directory

Bumps the npm_and_yarn group with 1 update in the /ui/app directory: [vite](https://github.com/vitejs/vite/tree/HEAD/packages/vite).


Updates `vite` from 7.1.5 to 7.1.11
- [Release notes](https://github.com/vitejs/vite/releases)
- [Changelog](https://github.com/vitejs/vite/blob/main/packages/vite/CHANGELOG.md)
- [Commits](https://github.com/vitejs/vite/commits/v7.1.11/packages/vite)

---
updated-dependencies:
- dependency-name: vite
  dependency-version: 7.1.11
  dependency-type: direct:production
  dependency-group: npm_and_yarn
...

Signed-off-by: dependabot[bot] <support@github.com>

* Bump version to 0.8.17 in package.json

---------

Signed-off-by: dependabot[bot] <support@github.com>
Co-authored-by: dependabot[bot] <49699333+dependabot[bot]@users.noreply.github.com>
Co-authored-by: u04c0ac15d8548a84 <u04c0ac15d8548a84@users.invalid>"
microsoft/AzureTRE,322b6c6fe3f10c3873226ee9a51c962fd2cad4bc,2025-10,9,post,2025-10-27T11:34:05Z,2025-10-27T11:34:05Z,u6c5866bc2c8c401b,u6c5866bc2c8c401b@users.invalid,GitHub,noreply@github.com,1,0,4,24,10,0,0,0,,,,,,0,4726,update address_space documentation and remove upgrade step from databricks (#4726),update address_space documentation and remove upgrade step from databricks (#4726)
microsoft/AzureTRE,abd1166c9ce6943dca270cbbbdf6516c9bc988ce,2025-10,9,post,2025-10-30T11:04:55Z,2025-10-30T11:04:55Z,dependabot[bot],49699333+dependabot[bot]@users.noreply.github.com,GitHub,noreply@github.com,1,0,4,4,3,1,1,1,,B,copilot,trailer;identity,dependabot,0,4738,Bump starlette from 0.48.0 to 0.49.1 in /e2e_tests in the pip group across 1 directory (#4738),"Bump starlette from 0.48.0 to 0.49.1 in /e2e_tests in the pip group across 1 directory (#4738)

* Bump starlette in /e2e_tests in the pip group across 1 directory

Bumps the pip group with 1 update in the /e2e_tests directory: [starlette](https://github.com/Kludex/starlette).


Updates `starlette` from 0.48.0 to 0.49.1
- [Release notes](https://github.com/Kludex/starlette/releases)
- [Changelog](https://github.com/Kludex/starlette/blob/main/docs/release-notes.md)
- [Commits](https://github.com/Kludex/starlette/compare/0.48.0...0.49.1)

---
updated-dependencies:
- dependency-name: starlette
  dependency-version: 0.49.1
  dependency-type: direct:production
  dependency-group: pip
...

Signed-off-by: dependabot[bot] <support@github.com>

* Bump starlette to 0.49.1 and fastapi to 0.120.2 to resolve dependency conflict (#4739)

* Initial plan

* Upgrade fastapi to 0.120.2 to resolve starlette 0.49.1 dependency conflict

Co-authored-by: u04c0ac15d8548a84 <u04c0ac15d8548a84@users.invalid>

* Remove COMPONENTS section from CHANGELOG.md

Co-authored-by: u04c0ac15d8548a84 <u04c0ac15d8548a84@users.invalid>

---------

Co-authored-by: copilot-swe-agent[bot] <198982749+Copilot@users.noreply.github.com>
Co-authored-by: u04c0ac15d8548a84 <u04c0ac15d8548a84@users.invalid>

* Bump version from 0.25.0 to 0.25.1

* Update Starlette and FastAPI versions

---------

Signed-off-by: dependabot[bot] <support@github.com>
Co-authored-by: dependabot[bot] <49699333+dependabot[bot]@users.noreply.github.com>
Co-authored-by: Copilot <198982749+Copilot@users.noreply.github.com>
Co-authored-by: u04c0ac15d8548a84 <u04c0ac15d8548a84@users.invalid>"
microsoft/AzureTRE,101116c7360b0c54d70125cfc6fc3d9a69b4105e,2025-10,9,post,2025-10-30T13:16:01+02:00,2025-10-30T11:16:01Z,u6c5866bc2c8c401b,u6c5866bc2c8c401b@users.invalid,GitHub,noreply@github.com,1,0,2,3,1,0,0,0,,,,,,0,4731,Add `WORKSPACE_SERVICE_PREFIX` to `make user_resource_bundle` (#4731),"Add `WORKSPACE_SERVICE_PREFIX` to `make user_resource_bundle` (#4731)

* add `WORKSPACE_SERVICE_PREFIX`  parameter to `make user_resource_bundle`

* changelog

---------

Co-authored-by: uaab9475780bd16c0 <uaab9475780bd16c0@users.invalid>
Co-authored-by: u04c0ac15d8548a84 <u04c0ac15d8548a84@users.invalid>"
microsoft/AzureTRE,4df7f133902135b10de05fa84dee93f2edf11794,2025-11,10,post,2025-11-07T09:00:45-06:00,2025-11-07T15:00:45Z,u6c5866bc2c8c401b,u6c5866bc2c8c401b@users.invalid,GitHub,noreply@github.com,1,0,4,74,48,0,0,0,,,,,,0,4718,Add loading spinner to shared services page (#4718),Add loading spinner to shared services page (#4718)
microsoft/AzureTRE,bcac44ba56dc679b3bbc91cfa7fabd86ccd40e99,2025-11,10,post,2025-11-11T09:03:17Z,2025-11-11T11:03:17+02:00,u04c0ac15d8548a84,u04c0ac15d8548a84@users.invalid,GitHub,noreply@github.com,1,0,2,5,4,0,0,0,,,,,,0,4750,Upgrade to CodeQL v4 (#4750),"Upgrade to CodeQL v4 (#4750)

CodeQL v4"
microsoft/AzureTRE,664ce945be7829049c2b9bf6fb55ff662bdcca6b,2025-11,10,post,2025-11-13T11:13:42-05:00,2025-11-13T18:13:42+02:00,u04c0ac15d8548a84,u04c0ac15d8548a84@users.invalid,GitHub,noreply@github.com,1,0,1,43,1,0,0,0,,,,,,0,4751,Prep Release 0.26.0 (#4751),"Prep Release 0.26.0 (#4751)

release 0.26.0"
microsoft/AzureTRE,f7e9b04b6b891059497cd95389ec7219512a4ddc,2025-11,10,post,2025-11-18T12:32:55Z,2025-11-18T12:32:55Z,u6c5866bc2c8c401b,u6c5866bc2c8c401b@users.invalid,GitHub,noreply@github.com,1,0,12,26,25,11,25,25,,,,,,0,4760,Fix: Use timezone-aware UTC datetime (#4760),Fix: Use timezone-aware UTC datetime (#4760)
microsoft/AzureTRE,54af1b545bd4f37c8d2230e08bcd993cc10d9e11,2025-11,10,post,2025-11-18T12:38:15Z,2025-11-18T12:38:15Z,u6c5866bc2c8c401b,u6c5866bc2c8c401b@users.invalid,GitHub,noreply@github.com,1,0,17,26,25,8,8,8,,,,,,0,4758,API: Replace HTTP_422_UNPROCESSABLE_ENTITY response with HTTP_422_UNPROCESSABLE_CONTENT (#4758),API: Replace HTTP_422_UNPROCESSABLE_ENTITY response with HTTP_422_UNPROCESSABLE_CONTENT (#4758)
microsoft/AzureTRE,1b205dfe9ad82bd1985738a6e6e0d89781b425d8,2025-11,10,post,2025-11-20T10:45:45Z,2025-11-20T10:45:45Z,u6c5866bc2c8c401b,u6c5866bc2c8c401b@users.invalid,GitHub,noreply@github.com,1,0,9,14,8,0,0,0,,,,,,0,4736,Mark `auth_client_secret` variables as sensitive in terraform (#4736),Mark `auth_client_secret` variables as sensitive in terraform (#4736)
microsoft/AzureTRE,6973103a65b26e660f3f1e700fdeefda93575188,2025-11,10,post,2025-11-20T13:52:06Z,2025-11-20T13:52:06Z,u6c5866bc2c8c401b,u6c5866bc2c8c401b@users.invalid,GitHub,noreply@github.com,1,0,2,2,1,0,0,0,,,,,,0,4756,fix circular dependency in base workspace (#4756),fix circular dependency in base workspace (#4756)
microsoft/AzureTRE,6f25a15bfb92749406f41c761678b3bd99162d43,2025-11,10,post,2025-11-20T21:27:18Z,2025-11-20T21:27:18Z,u98b22fe3d4ba9453,u98b22fe3d4ba9453@users.invalid,GitHub,noreply@github.com,1,0,46,2648,367,0,0,0,,,,,,0,4754,Upgrade Guacamole to version 1.6.0 (required extension changes) and OAuth Proxy to 7.13.0 (#4754),Upgrade Guacamole to version 1.6.0 (required extension changes) and OAuth Proxy to 7.13.0 (#4754)
microsoft/AzureTRE,1e67bf7f668a1b240617c891a817a840f9c3303f,2025-11,10,post,2025-11-21T14:59:41Z,2025-11-21T14:59:41Z,u98b22fe3d4ba9453,u98b22fe3d4ba9453@users.invalid,GitHub,noreply@github.com,1,0,9,436,81,3,13,7,,,,,,0,4547,Fix missing arguments for airlock manager requests (#4547),Fix missing arguments for airlock manager requests (#4547)
microsoft/AzureTRE,2cf6710a75ab13038433e6f4a72ce3d2c42ae327,2025-11,10,post,2025-11-24T07:11:27Z,2025-11-24T07:11:27Z,u6c5866bc2c8c401b,u6c5866bc2c8c401b@users.invalid,GitHub,noreply@github.com,1,0,1,1,1,0,0,0,,,,,,0,4765,update changelog to move #4736 to 0.27.0 (#4765),"update changelog to move #4736 to 0.27.0 (#4765)

Co-authored-by: u98b22fe3d4ba9453 <u98b22fe3d4ba9453@users.invalid>"
microsoft/AzureTRE,0ba5b3a3b1ab8ac836544366062f38ca79a982f7,2025-11,10,post,2025-11-24T08:56:25Z,2025-11-24T08:56:25Z,Copilot,198982749+Copilot@users.noreply.github.com,GitHub,noreply@github.com,1,0,3,110,113,0,0,0,,,,,,0,,Update unrestricted workspace to align with base - missing log_analytics_workspace_name output,Update unrestricted workspace to align with base - missing log_analytics_workspace_name output
microsoft/AzureTRE,142be16f51577b2047a2f38facd546802d10f43d,2025-11,10,post,2025-11-24T09:00:42Z,2025-11-24T09:00:42Z,dependabot[bot],49699333+dependabot[bot]@users.noreply.github.com,GitHub,noreply@github.com,1,0,1,3,3,0,0,0,,,,,dependabot,0,4761,Bump js-yaml from 3.14.1 to 3.14.2 in /.github/scripts in the npm_and_yarn group across 1 directory (#4761),"Bump js-yaml from 3.14.1 to 3.14.2 in /.github/scripts in the npm_and_yarn group across 1 directory (#4761)

Bump js-yaml

Bumps the npm_and_yarn group with 1 update in the /.github/scripts directory: [js-yaml](https://github.com/nodeca/js-yaml).


Updates `js-yaml` from 3.14.1 to 3.14.2
- [Changelog](https://github.com/nodeca/js-yaml/blob/master/CHANGELOG.md)
- [Commits](https://github.com/nodeca/js-yaml/compare/3.14.1...3.14.2)

---
updated-dependencies:
- dependency-name: js-yaml
  dependency-version: 3.14.2
  dependency-type: indirect
  dependency-group: npm_and_yarn
...

Signed-off-by: dependabot[bot] <support@github.com>
Co-authored-by: dependabot[bot] <49699333+dependabot[bot]@users.noreply.github.com>
Co-authored-by: u04c0ac15d8548a84 <u04c0ac15d8548a84@users.invalid>"
microsoft/AzureTRE,110f398d1a06979d97054d6d5d0d7ea5af954742,2025-11,10,post,2025-11-24T20:04:30Z,2025-11-24T20:04:30Z,u6c5866bc2c8c401b,u6c5866bc2c8c401b@users.invalid,GitHub,noreply@github.com,1,0,1,1,1,0,0,0,,,,,,0,4771,correct changelog issue number (#4771),"correct changelog issue number (#4771)

fix changelog issue number"
microsoft/AzureTRE,13c1dece63c6fe51d32e696a3da22a86e223cbd9,2025-11,10,post,2025-11-24T21:46:47Z,2025-11-24T21:46:47Z,Copilot,198982749+Copilot@users.noreply.github.com,GitHub,noreply@github.com,1,0,7,2063,3293,0,0,0,,B,copilot,trailer;identity,,0,4607,Clarify cost label time period and aggregation scope in UI tooltips (#4607),"Clarify cost label time period and aggregation scope in UI tooltips (#4607)

* Initial plan

* Add tooltip clarifications for cost labels in UI

Co-authored-by: ue990b7bfedf2a39a <ue990b7bfedf2a39a@users.invalid>

* Add visual documentation and screenshots of cost label tooltip enhancements

Co-authored-by: ue990b7bfedf2a39a <ue990b7bfedf2a39a@users.invalid>

* Remove screenshot files, revert gitignore change, and increment UI version to 0.8.9

Co-authored-by: ue990b7bfedf2a39a <ue990b7bfedf2a39a@users.invalid>

---------

Co-authored-by: copilot-swe-agent[bot] <198982749+Copilot@users.noreply.github.com>
Co-authored-by: ue990b7bfedf2a39a <ue990b7bfedf2a39a@users.invalid>"
microsoft/AzureTRE,651b7b2ba75a0674123a898a33544eb2327adda7,2025-11,10,post,2025-11-25T17:21:40Z,2025-11-25T17:21:40Z,Copilot,198982749+Copilot@users.noreply.github.com,GitHub,noreply@github.com,1,0,3,7,2,0,0,0,,,,,,0,4659,Make workspace shared storage quota updateable (#4659),Make workspace shared storage quota updateable (#4659)
microsoft/AzureTRE,59ccd52a2bf7949937504aeded00aee5f3ebafa4,2025-11,10,post,2025-11-25T17:35:12Z,2025-11-25T17:35:12Z,Copilot,198982749+Copilot@users.noreply.github.com,GitHub,noreply@github.com,1,0,3,3,2,0,0,0,,,,,,0,4658,Fix R configuration quotes bug preventing package installation on Linux VMs (#4658),Fix R configuration quotes bug preventing package installation on Linux VMs (#4658)
microsoft/AzureTRE,1a56960b071b39d4129c58e6eba4d8b3aa989001,2025-11,10,post,2025-11-25T20:25:26Z,2025-11-25T20:25:26Z,u6c5866bc2c8c401b,u6c5866bc2c8c401b@users.invalid,GitHub,noreply@github.com,1,0,3,3,1,0,0,0,,,,,,0,4767,Disable public access on stweb storage account (#4767),Disable public access on stweb storage account (#4767)
microsoft/AzureTRE,cd31a1f1586e667cabddcef6cea5457bc258fb35,2025-11,10,post,2025-11-26T19:47:49Z,2025-11-26T19:47:49Z,Copilot,198982749+Copilot@users.noreply.github.com,GitHub,noreply@github.com,1,0,4,9,10,0,0,0,,,,,,0,4694,Fix firewall rule validation error and enable descriptions for both network and application rules (#4694),Fix firewall rule validation error and enable descriptions for both network and application rules (#4694)
microsoft/AzureTRE,3e2369b127c39cb878792b4b2298865e88b69c1f,2025-11,10,post,2025-11-27T09:18:30Z,2025-11-27T09:18:30Z,u98b22fe3d4ba9453,u98b22fe3d4ba9453@users.invalid,GitHub,noreply@github.com,1,0,6,10,10,0,0,0,,,,,,0,4774,Use Group.Create instead of Group.ReadWrite.All for group creation (#4774),Use Group.Create instead of Group.ReadWrite.All for group creation (#4774)
microsoft/AzureTRE,9a989fb89f7296dbb14c7c07f5d2a8272bfbe472,2025-12,11,post,2025-12-16T08:18:26Z,2025-12-16T03:18:26-05:00,u6df96a7574824245,u6df96a7574824245@users.invalid,GitHub,noreply@github.com,1,0,2,9,3,0,0,0,,,,,,0,4780,Fix databricks-udr.json metastoreDomains (#4780),Fix databricks-udr.json metastoreDomains (#4780)
microsoft/AzureTRE,e76bde40ad6cb9e170be1234a2df9ae328bb5ec3,2025-12,11,post,2025-12-17T16:10:03Z,2025-12-17T16:10:03Z,Copilot,198982749+Copilot@users.noreply.github.com,GitHub,noreply@github.com,1,0,4,17,11,2,3,3,,,,,,0,4699,Fix error message for older template version registration (#4699),Fix error message for older template version registration (#4699)
microsoft/AzureTRE,d3c696ce6ab41f959590594065a8890cc6ad12b9,2025-12,11,post,2025-12-18T11:57:31Z,2025-12-18T11:57:31Z,u6c5866bc2c8c401b,u6c5866bc2c8c401b@users.invalid,GitHub,noreply@github.com,1,0,4,10,7,2,4,4,,,,,,0,4782,add timeouts to requests in api_app/services/aad_authentication.py (#4782),add timeouts to requests in api_app/services/aad_authentication.py (#4782)
microsoft/AzureTRE,71a4ccd31da6a78dcc13a4c174f1f75ecbebbe17,2025-12,11,post,2025-12-19T11:01:25Z,2025-12-19T11:01:25Z,Copilot,198982749+Copilot@users.noreply.github.com,GitHub,noreply@github.com,1,0,3,3,2,0,0,0,,,,,,0,4790,Fix cost display duplication after user resource deletion (#4790),Fix cost display duplication after user resource deletion (#4790)
microsoft/AzureTRE,7eaece14f0be48f4ad3717efa4b940e4c7992eef,2026-01,12,post,2026-01-05T10:34:02Z,2026-01-05T12:34:02+02:00,u04c0ac15d8548a84,u04c0ac15d8548a84@users.invalid,GitHub,noreply@github.com,1,0,2,2,3,1,1,1,,,,,,0,4798,Uncomment API test (#4798),"Uncomment API test (#4798)

* uncomment api test

* api version"
microsoft/AzureTRE,bf815083a2478738c9d28c508c15d90022af38dd,2026-01,12,post,2026-01-05T13:43:57Z,2026-01-05T15:43:57+02:00,u04c0ac15d8548a84,u04c0ac15d8548a84@users.invalid,GitHub,noreply@github.com,1,0,13,110,63,0,0,0,,,,,,0,4801,Github Actions version & permission updates (#4801),"Github Actions version & permission updates (#4801)

Github Actions updates"
microsoft/AzureTRE,b853f9003c57827125c9142b565a41fa30a87937,2026-01,12,post,2026-01-08T15:37:20+02:00,2026-01-08T15:37:20+02:00,u04c0ac15d8548a84,u04c0ac15d8548a84@users.invalid,GitHub,noreply@github.com,1,0,1,1,1,0,0,0,,,,,,0,4804,Fix test results workflow to skip dockerbuild artifacts (#4804),"Fix test results workflow to skip dockerbuild artifacts (#4804)

Fix test results workflow"
microsoft/AzureTRE,36a78d05e31a90c312bc5017a975d5a94948723c,2026-01,12,post,2026-01-08T14:47:57Z,2026-01-08T16:47:57+02:00,u04c0ac15d8548a84,u04c0ac15d8548a84@users.invalid,GitHub,noreply@github.com,1,0,57,517,606,2,2,2,,,,,,0,4799,"IAC version updates in core, devops, common templates (#4799)","IAC version updates in core, devops, common templates (#4799)

* IAC version updates in core/devopx

* add tflint-ignore

* Templates iac version updates (#4800)

templates iad version updates"
microsoft/AzureTRE,971a965093a8b3f316aa4ba7832ecdd441b09d87,2026-01,12,post,2026-01-12T11:16:15Z,2026-01-12T11:16:15Z,dependabot[bot],49699333+dependabot[bot]@users.noreply.github.com,GitHub,noreply@github.com,1,0,3,2129,231,0,0,0,,,,,dependabot,0,4805,Bump @remix-run/router from 1.21.1 to 1.23.2 in /ui/app in the npm_and_yarn group across 1 directory (#4805),"Bump @remix-run/router from 1.21.1 to 1.23.2 in /ui/app in the npm_and_yarn group across 1 directory (#4805)

* Bump @remix-run/router

Bumps the npm_and_yarn group with 1 update in the /ui/app directory: [@remix-run/router](https://github.com/remix-run/react-router/tree/HEAD/packages/router).


Updates `@remix-run/router` from 1.21.1 to 1.23.2
- [Release notes](https://github.com/remix-run/react-router/releases)
- [Changelog](https://github.com/remix-run/react-router/blob/@remix-run/u7ecdf40a36852f98@users.invalid/packages/router/CHANGELOG.md)
- [Commits](https://github.com/remix-run/react-router/commits/@remix-run/u7ecdf40a36852f98@users.invalid/packages/router)

---
updated-dependencies:
- dependency-name: ""@remix-run/router""
  dependency-version: 1.23.2
  dependency-type: indirect
  dependency-group: npm_and_yarn
...

Signed-off-by: dependabot[bot] <support@github.com>

* Update package.json

---------

Signed-off-by: dependabot[bot] <support@github.com>
Co-authored-by: dependabot[bot] <49699333+dependabot[bot]@users.noreply.github.com>
Co-authored-by: u04c0ac15d8548a84 <u04c0ac15d8548a84@users.invalid>"
microsoft/AzureTRE,60a6385695008453d7aa60a9be6b9092f1c102e5,2026-01,12,post,2026-01-13T13:57:36+02:00,2026-01-13T13:57:36+02:00,u04c0ac15d8548a84,u04c0ac15d8548a84@users.invalid,GitHub,noreply@github.com,1,0,18,68,64,5,13,12,.github/copilot-instructions.md,,,,,0,4806,Update python dependencies (#4806),"Update python dependencies (#4806)

* update python dependencies

* update

* update

* fix unit tests"
microsoft/AzureTRE,f168f357cb1fc9e93f8d6355424d6b627c9fbc95,2026-01,12,post,2026-01-14T11:58:14+02:00,2026-01-14T11:58:14+02:00,dependabot[bot],49699333+dependabot[bot]@users.noreply.github.com,GitHub,noreply@github.com,1,0,6,7,7,3,4,4,,,,,dependabot,0,4803,Bump the pip group across 3 directories with 1 update (#4803),"Bump the pip group across 3 directories with 1 update (#4803)

* Bump the pip group across 3 directories with 1 update

---
updated-dependencies:
- dependency-name: aiohttp
  dependency-version: 3.13.3
  dependency-type: direct:production
  dependency-group: pip
- dependency-name: aiohttp
  dependency-version: 3.13.3
  dependency-type: direct:production
  dependency-group: pip
- dependency-name: aiohttp
  dependency-version: 3.13.3
  dependency-type: direct:production
  dependency-group: pip
...

Signed-off-by: dependabot[bot] <support@github.com>

* version update

---------

Signed-off-by: dependabot[bot] <support@github.com>
Co-authored-by: dependabot[bot] <49699333+dependabot[bot]@users.noreply.github.com>
Co-authored-by: u04c0ac15d8548a84 <u04c0ac15d8548a84@users.invalid>"
microsoft/AzureTRE,3d5558352eede1a94cbd02630de9d3a5ddae996c,2026-01,12,post,2026-01-18T07:31:49Z,2026-01-18T07:31:49Z,dependabot[bot],49699333+dependabot[bot]@users.noreply.github.com,GitHub,noreply@github.com,1,0,4,4,4,2,2,2,,,,,dependabot,0,4809,Bump the pip group across 2 directories with 1 update (#4809),"Bump the pip group across 2 directories with 1 update (#4809)

* Bump the pip group across 2 directories with 1 update

Bumps the pip group with 1 update in the /airlock_processor directory: [azure-core](https://github.com/Azure/azure-sdk-for-python).
Bumps the pip group with 1 update in the /api_app directory: [azure-core](https://github.com/Azure/azure-sdk-for-python).


Updates `azure-core` from 1.35.0 to 1.38.0
- [Release notes](https://github.com/Azure/azure-sdk-for-python/releases)
- [Commits](https://github.com/Azure/azure-sdk-for-python/compare/azure-core_1.35.0...azure-core_1.38.0)

Updates `azure-core` from 1.35.0 to 1.38.0
- [Release notes](https://github.com/Azure/azure-sdk-for-python/releases)
- [Commits](https://github.com/Azure/azure-sdk-for-python/compare/azure-core_1.35.0...azure-core_1.38.0)

---
updated-dependencies:
- dependency-name: azure-core
  dependency-version: 1.38.0
  dependency-type: direct:production
  dependency-group: pip
- dependency-name: azure-core
  dependency-version: 1.38.0
  dependency-type: direct:production
  dependency-group: pip
...

Signed-off-by: dependabot[bot] <support@github.com>

* update app versions

---------

Signed-off-by: dependabot[bot] <support@github.com>
Co-authored-by: dependabot[bot] <49699333+dependabot[bot]@users.noreply.github.com>
Co-authored-by: u04c0ac15d8548a84 <u04c0ac15d8548a84@users.invalid>"
microsoft/AzureTRE,74b1e048b13690e17bb82ef49a7f45694e2876f9,2026-01,12,post,2026-01-19T09:22:38Z,2026-01-19T11:22:38+02:00,u04c0ac15d8548a84,u04c0ac15d8548a84@users.invalid,GitHub,noreply@github.com,1,0,2,77,34,0,0,0,,B,copilot,trailer,,0,4807,Rewrite api health check script (#4807),"Rewrite api health check script (#4807)

* rewrite api health check script

* logging fix

* Update devops/scripts/api_healthcheck.sh

Co-authored-by: Copilot <175728472+Copilot@users.noreply.github.com>

---------

Co-authored-by: Copilot <175728472+Copilot@users.noreply.github.com>"
microsoft/AzureTRE,a8b43667c398b0651ebd2242faf5187703afc61a,2026-01,12,post,2026-01-19T12:10:09Z,2026-01-19T14:10:09+02:00,u04c0ac15d8548a84,u04c0ac15d8548a84@users.invalid,GitHub,noreply@github.com,1,0,9,27,18,0,0,0,,,,,,0,4815,SuperLinter 8.3.2 (#4815),"SuperLinter 8.3.2 (#4815)

* superlinter 8.3.2

* changelog

* fix action name

* review fixes

* update changelog"
microsoft/AzureTRE,786d1f878093462d1d9eb3729c455516cb51b649,2026-01,12,post,2026-01-20T07:41:58Z,2026-01-20T07:41:58Z,Copilot,198982749+Copilot@users.noreply.github.com,GitHub,noreply@github.com,1,0,11,57,10,6,14,4,,,,,,0,4793,Filter deleted resources in get_by_id repository methods (#4793),Filter deleted resources in get_by_id repository methods (#4793)
microsoft/AzureTRE,7fd5b688c0bfcf3ea26b204cf62daa758a56878e,2026-01,12,post,2026-01-20T16:04:41Z,2026-01-20T16:04:41Z,u6c5866bc2c8c401b,u6c5866bc2c8c401b@users.invalid,GitHub,noreply@github.com,1,0,5,6,10470,0,0,0,.github/copilot-instructions.md,,,,,0,4811,Delete package lock (#4811),Delete package lock (#4811)
microsoft/AzureTRE,9b7eb7f4080a6e6dd980acdc121bbff053e5e0d0,2026-01,12,post,2026-01-21T17:27:10Z,2026-01-21T17:27:10Z,Copilot,198982749+Copilot@users.noreply.github.com,GitHub,noreply@github.com,1,0,9,29,28,0,0,0,,,,,,0,4818,Replace deprecated --username flag with --client-id in az login --identity commands (#4818),Replace deprecated --username flag with --client-id in az login --identity commands (#4818)
microsoft/AzureTRE,b69def9912ac1b243f0514fd04b0a58c57b384c4,2026-01,12,post,2026-01-22T07:46:35Z,2026-01-22T07:46:35Z,dependabot[bot],49699333+dependabot[bot]@users.noreply.github.com,GitHub,noreply@github.com,1,0,2,4,4,0,0,0,,,,,dependabot,0,4819,Bump diff from 5.2.0 to 5.2.2 in /ui/app in the npm_and_yarn group across 1 directory (#4819),"Bump diff from 5.2.0 to 5.2.2 in /ui/app in the npm_and_yarn group across 1 directory (#4819)

* Bump diff in /ui/app in the npm_and_yarn group across 1 directory

Bumps the npm_and_yarn group with 1 update in the /ui/app directory: [diff](https://github.com/kpdecker/jsdiff).


Updates `diff` from 5.2.0 to 5.2.2
- [Changelog](https://github.com/kpdecker/jsdiff/blob/master/release-notes.md)
- [Commits](https://github.com/kpdecker/jsdiff/compare/v5.2.0...v5.2.2)

---
updated-dependencies:
- dependency-name: diff
  dependency-version: 5.2.2
  dependency-type: indirect
  dependency-group: npm_and_yarn
...

Signed-off-by: dependabot[bot] <support@github.com>

* Update package.json

---------

Signed-off-by: dependabot[bot] <support@github.com>
Co-authored-by: dependabot[bot] <49699333+dependabot[bot]@users.noreply.github.com>
Co-authored-by: u04c0ac15d8548a84 <u04c0ac15d8548a84@users.invalid>"
microsoft/AzureTRE,3ffa79ae28b995e3538ba03901bf3b9e0128d42d,2026-01,12,post,2026-01-26T08:09:19Z,2026-01-26T08:09:19Z,dependabot[bot],49699333+dependabot[bot]@users.noreply.github.com,GitHub,noreply@github.com,1,0,1,3,3,0,0,0,,,,,dependabot,0,4820,Bump lodash from 4.17.21 to 4.17.23 in /.github/scripts in the npm_and_yarn group across 1 directory (#4820),"Bump lodash from 4.17.21 to 4.17.23 in /.github/scripts in the npm_and_yarn group across 1 directory (#4820)

Bump lodash

Bumps the npm_and_yarn group with 1 update in the /.github/scripts directory: [lodash](https://github.com/lodash/lodash).


Updates `lodash` from 4.17.21 to 4.17.23
- [Release notes](https://github.com/lodash/lodash/releases)
- [Commits](https://github.com/lodash/lodash/compare/4.17.21...4.17.23)

---
updated-dependencies:
- dependency-name: lodash
  dependency-version: 4.17.23
  dependency-type: indirect
  dependency-group: npm_and_yarn
...

Signed-off-by: dependabot[bot] <support@github.com>
Co-authored-by: dependabot[bot] <49699333+dependabot[bot]@users.noreply.github.com>"
microsoft/AzureTRE,d1bdab4536471af41a9c4bc147c0f1df823aa176,2026-01,12,post,2026-01-26T08:35:57Z,2026-01-26T08:35:57Z,dependabot[bot],49699333+dependabot[bot]@users.noreply.github.com,GitHub,noreply@github.com,1,0,2,7,7,0,0,0,,,,,dependabot,0,4821,Bump lodash from 4.17.21 to 4.17.23 in /ui/app in the npm_and_yarn group across 1 directory (#4821),"Bump lodash from 4.17.21 to 4.17.23 in /ui/app in the npm_and_yarn group across 1 directory (#4821)

* Bump lodash in /ui/app in the npm_and_yarn group across 1 directory

Bumps the npm_and_yarn group with 1 update in the /ui/app directory: [lodash](https://github.com/lodash/lodash).


Updates `lodash` from 4.17.21 to 4.17.23
- [Release notes](https://github.com/lodash/lodash/releases)
- [Commits](https://github.com/lodash/lodash/compare/4.17.21...4.17.23)

---
updated-dependencies:
- dependency-name: lodash
  dependency-version: 4.17.23
  dependency-type: indirect
  dependency-group: npm_and_yarn
...

Signed-off-by: dependabot[bot] <support@github.com>

* Bump version from 0.8.23 to 0.8.24

---------

Signed-off-by: dependabot[bot] <support@github.com>
Co-authored-by: dependabot[bot] <49699333+dependabot[bot]@users.noreply.github.com>
Co-authored-by: u04c0ac15d8548a84 <u04c0ac15d8548a84@users.invalid>"
microsoft/AzureTRE,a3f8ee061b7e2c0cac1f1b9c937387709942399d,2026-01,12,post,2026-01-28T15:15:15+02:00,2026-01-28T15:15:15+02:00,u04c0ac15d8548a84,u04c0ac15d8548a84@users.invalid,GitHub,noreply@github.com,1,0,3,19,1,0,0,0,,B,copilot,trailer,,0,4827,Add porter build cache (#4827),"Add porter build cache (#4827)

* add porter build cache

* changelog

* Update devops/scripts/porter_build_bundle.sh

Co-authored-by: Copilot <175728472+Copilot@users.noreply.github.com>

---------

Co-authored-by: Copilot <175728472+Copilot@users.noreply.github.com>"
microsoft/AzureTRE,905d6fa2929df1480f5326be361fad9577877775,2026-01,12,post,2026-01-28T16:19:27Z,2026-01-28T18:19:27+02:00,u04c0ac15d8548a84,u04c0ac15d8548a84@users.invalid,GitHub,noreply@github.com,1,0,14,255,103,0,0,0,,B,copilot,trailer,,0,4822,GitHub Actions with Federated Credentials (#4822),"GitHub Actions with Federated Credentials (#4822)

* github actions federated credential

* update changelog

* update exec bit

* update workflow param

* Use secrets instead of vars

* fix

* Apply suggestions from code review

Co-authored-by: Copilot <175728472+Copilot@users.noreply.github.com>

---------

Co-authored-by: Copilot <175728472+Copilot@users.noreply.github.com>"
microsoft/AzureTRE,6b1315440e818fb647741ad7c21b4a00d8ea0b89,2026-01,12,post,2026-01-29T12:19:59Z,2026-01-29T12:19:59Z,u6c5866bc2c8c401b,u6c5866bc2c8c401b@users.invalid,GitHub,noreply@github.com,1,0,47,7038,262,0,0,0,.github/copilot-instructions.md,,,,,0,4794,Initial UI tests (#4794),Initial UI tests (#4794)
microsoft/AzureTRE,cf1dbe95bf48e6f711c3d6ca5c2b8966d327ab17,2026-01,12,post,2026-01-30T20:36:33Z,2026-01-30T20:36:33Z,Copilot,198982749+Copilot@users.noreply.github.com,GitHub,noreply@github.com,1,0,14,162,207,0,0,0,,,,,,0,4687,Fix Azure ML data exfiltration vulnerability by removing AzureMachineLearning service tag access and enforcing RBAC (#4687),Fix Azure ML data exfiltration vulnerability by removing AzureMachineLearning service tag access and enforcing RBAC (#4687)
