repo,sha,month,offset,period,commit_date,author_date,author_name,author_email,committer_name,committer_email,parents,is_merge,files,insertions,deletions,scope_files,scope_insertions,scope_deletions,agent_files,llm_family,llm_tools,llm_signals,bot,is_revert,pr,subject,message
mlco2/codecarbon,229891ced49445c280ac6e2949807b97af5ec388,2024-05,-12,pre,2024-05-01T08:52:25+02:00,2024-05-01T08:52:25+02:00,u11d965fe4df279f7,u11d965fe4df279f7@users.invalid,u11d965fe4df279f7,u11d965fe4df279f7@users.invalid,1,0,3,12,20,0,0,0,,,,,,0,,Put back matrix tests,Put back matrix tests
mlco2/codecarbon,259c1fd439bc25e13f3aa4204c88b217009d0023,2024-05,-12,pre,2024-05-01T08:55:01+02:00,2024-05-01T08:55:01+02:00,u11d965fe4df279f7,u11d965fe4df279f7@users.invalid,u11d965fe4df279f7,u11d965fe4df279f7@users.invalid,1,0,1,61,10,0,0,0,,,,,,0,,Add a TOC,Add a TOC
mlco2/codecarbon,ac6e64d9d4cc13bed3ffd439112ea143e5746172,2024-05,-12,pre,2024-05-01T08:59:54+02:00,2024-05-01T08:59:54+02:00,u11d965fe4df279f7,u11d965fe4df279f7@users.invalid,u11d965fe4df279f7,u11d965fe4df279f7@users.invalid,1,0,2,192,6,0,0,0,,,,,,0,,Requirements,Requirements
mlco2/codecarbon,26edad15e290e164a238300f6b727d08aa2afb90,2024-05,-12,pre,2024-05-01T11:13:20+02:00,2024-05-01T11:13:20+02:00,u9dae085cd51385f2,u9dae085cd51385f2@users.invalid,GitHub,noreply@github.com,2,1,0,0,0,0,0,0,,,,,,0,535,Merge pull request #535 from mlco2/feat/use-hatch-for-build,"Merge pull request #535 from mlco2/feat/use-hatch-for-build

Switching to Hatch for package management"
mlco2/codecarbon,89d54c1030bb392d1d79acd6ea5bb962ef07aeb4,2024-05,-12,pre,2024-05-01T09:13:50Z,2024-05-01T09:13:50Z,dependabot[bot],49699333+dependabot[bot]@users.noreply.github.com,GitHub,noreply@github.com,1,0,10,10,10,0,0,0,,,,,dependabot,0,,Bump idna from 3.6 to 3.7 in /requirements,"Bump idna from 3.6 to 3.7 in /requirements

Bumps [idna](https://github.com/kjd/idna) from 3.6 to 3.7.
- [Release notes](https://github.com/kjd/idna/releases)
- [Changelog](https://github.com/kjd/idna/blob/master/HISTORY.rst)
- [Commits](https://github.com/kjd/idna/compare/v3.6...v3.7)

---
updated-dependencies:
- dependency-name: idna
  dependency-type: direct:production
...

Signed-off-by: dependabot[bot] <support@github.com>"
mlco2/codecarbon,e07ab359cab31af51646f1a35e686f21060e4317,2024-05,-12,pre,2024-05-01T17:45:22+02:00,2024-05-01T17:45:22+02:00,u9dae085cd51385f2,u9dae085cd51385f2@users.invalid,GitHub,noreply@github.com,2,1,0,0,0,0,0,0,,,,,,0,536,Merge pull request #536 from mlco2/dependabot/pip/requirements/idna-3.7,"Merge pull request #536 from mlco2/dependabot/pip/requirements/idna-3.7

Bump idna from 3.6 to 3.7 in /requirements"
mlco2/codecarbon,187dd9fca5f4fd4757abe8ddbbb81efff2f2f069,2024-05,-12,pre,2024-05-06T22:08:48Z,2024-05-06T22:08:48Z,dependabot[bot],49699333+dependabot[bot]@users.noreply.github.com,GitHub,noreply@github.com,1,0,5,5,5,0,0,0,,,,,dependabot,0,,Bump jinja2 from 3.1.3 to 3.1.4 in /requirements,"Bump jinja2 from 3.1.3 to 3.1.4 in /requirements

Bumps [jinja2](https://github.com/pallets/jinja) from 3.1.3 to 3.1.4.
- [Release notes](https://github.com/pallets/jinja/releases)
- [Changelog](https://github.com/pallets/jinja/blob/main/CHANGES.rst)
- [Commits](https://github.com/pallets/jinja/compare/3.1.3...3.1.4)

---
updated-dependencies:
- dependency-name: jinja2
  dependency-type: direct:production
...

Signed-off-by: dependabot[bot] <support@github.com>"
mlco2/codecarbon,26ad6bdc7b4c730289bd362a6c6d50af00d3832e,2024-05,-12,pre,2024-05-07T13:06:11+02:00,2024-05-07T13:06:11+02:00,u9dae085cd51385f2,u9dae085cd51385f2@users.invalid,GitHub,noreply@github.com,2,1,0,0,0,0,0,0,,,,,,0,546,Merge pull request #546 from mlco2/dependabot/pip/requirements/jinja2-3.1.4,"Merge pull request #546 from mlco2/dependabot/pip/requirements/jinja2-3.1.4

Bump jinja2 from 3.1.3 to 3.1.4 in /requirements"
mlco2/codecarbon,e8648d98484a85b84e11c24ecdbb01ff77046903,2024-05,-12,pre,2024-05-07T15:01:44+02:00,2024-05-07T15:01:44+02:00,ud2cfbb48dbdd29fc,ud2cfbb48dbdd29fc@users.invalid,GitHub,noreply@github.com,2,1,0,0,0,0,0,0,,,,,,0,,Merge branch 'mlco2:master' into master,Merge branch 'mlco2:master' into master
mlco2/codecarbon,35927d8ca1acbc2b1e989fe5b303580c27cf488f,2024-05,-12,pre,2024-05-07T15:14:04+02:00,2024-05-07T15:14:04+02:00,ud2cfbb48dbdd29fc,ud2cfbb48dbdd29fc@users.invalid,GitHub,noreply@github.com,1,0,1,1,1,1,1,1,,,,,,0,,Update cpu.py,"Update cpu.py

Added handling float value on CPU csv"
mlco2/codecarbon,2787011bf7cc7915ad87f997b5c7cd1300ab8234,2024-05,-12,pre,2024-05-07T15:31:57+02:00,2024-05-07T15:31:57+02:00,u9dae085cd51385f2,u9dae085cd51385f2@users.invalid,GitHub,noreply@github.com,2,1,0,0,0,0,0,0,,,,,,0,534,Merge pull request #534 from h24257095d0cbd3bf/master,"Merge pull request #534 from h24257095d0cbd3bf/master

Update cpu_power.csv"
mlco2/codecarbon,54ca5945eca6e0cac4190fb74d9980fddf91daa3,2024-05,-12,pre,2024-05-08T11:14:07+02:00,2024-05-08T11:14:07+02:00,udac73e5f9c4e72f7,udac73e5f9c4e72f7@users.invalid,GitHub,noreply@github.com,1,0,1,1,1,0,0,0,,,,,,0,,Update docs/edit/usage.rst,"Update docs/edit/usage.rst

Co-authored-by: u9dae085cd51385f2 <u9dae085cd51385f2@users.invalid>"
mlco2/codecarbon,e6aa04340581536291189627a4e0e3709c8e1dcd,2024-05,-12,pre,2024-05-08T14:27:50+02:00,2024-05-01T17:43:23+02:00,u11d965fe4df279f7,u11d965fe4df279f7@users.invalid,u11d965fe4df279f7,u11d965fe4df279f7@users.invalid,1,0,1,71,3,0,0,0,,,,,,0,,doc,doc
mlco2/codecarbon,9862afd3c80bce6c97ce6a093c694f44bd0605d5,2024-05,-12,pre,2024-05-08T14:27:50+02:00,2024-05-01T17:43:37+02:00,u11d965fe4df279f7,u11d965fe4df279f7@users.invalid,u11d965fe4df279f7,u11d965fe4df279f7@users.invalid,1,0,1,1,1,0,0,0,,,,,,0,,fix mypy circular call,fix mypy circular call
mlco2/codecarbon,b2c411d0c9ac248f7384495e84030ffbb680f8c7,2024-05,-12,pre,2024-05-08T14:27:50+02:00,2024-05-01T17:44:04+02:00,u11d965fe4df279f7,u11d965fe4df279f7@users.invalid,u11d965fe4df279f7,u11d965fe4df279f7@users.invalid,1,0,1,3,1,1,3,1,,,,,,0,,fix warning,fix warning
mlco2/codecarbon,7b741ed6aa8abc5bdeea9f41ddb75ec56b8aebd4,2024-05,-12,pre,2024-05-08T14:27:50+02:00,2024-05-06T10:59:37+02:00,u9dae085cd51385f2,u9dae085cd51385f2@users.invalid,u11d965fe4df279f7,u11d965fe4df279f7@users.invalid,1,0,1,9,1,0,0,0,,,,,,0,,Update pyproject.toml,"Update pyproject.toml

Add license and urls"
mlco2/codecarbon,c326e2bcacc69b1fb40f0d4ce3efdc7a08ac4772,2024-05,-12,pre,2024-05-08T14:27:50+02:00,2024-05-08T14:27:02+02:00,u11d965fe4df279f7,u11d965fe4df279f7@users.invalid,u11d965fe4df279f7,u11d965fe4df279f7@users.invalid,1,0,1,0,1,0,0,0,,,,,,0,,Remove License,Remove License
mlco2/codecarbon,80da846927bb8e9bf44e969c0d88646f2bca6cca,2024-05,-12,pre,2024-05-08T14:29:07+02:00,2024-05-08T14:29:07+02:00,u11d965fe4df279f7,u11d965fe4df279f7@users.invalid,u11d965fe4df279f7,u11d965fe4df279f7@users.invalid,1,0,1,1,1,1,1,1,,,,,,0,,bump,bump
mlco2/codecarbon,de5061b0e54ed6859eb8c2d76df1d54bae2cd8a4,2024-05,-12,pre,2024-05-08T14:30:08+02:00,2024-05-08T14:30:08+02:00,u11d965fe4df279f7,u11d965fe4df279f7@users.invalid,u11d965fe4df279f7,u11d965fe4df279f7@users.invalid,1,0,1,1,1,0,0,0,,,,,,0,,bump conda,bump conda
mlco2/codecarbon,fe118ca1ed75faef549f041b1c3122550b503712,2024-05,-12,pre,2024-05-10T08:27:25+02:00,2024-05-10T08:27:25+02:00,u9dae085cd51385f2,u9dae085cd51385f2@users.invalid,GitHub,noreply@github.com,2,1,0,0,0,0,0,0,,,,,,0,539,Merge pull request #539 from mlco2/fix/hatch,"Merge pull request #539 from mlco2/fix/hatch

Fix problems with Hatch"
mlco2/codecarbon,35992c1aa53a400baa0f672b15d095f07f51dfca,2024-05,-12,pre,2024-05-14T12:48:56+02:00,2024-05-14T12:48:56+02:00,ud2cfbb48dbdd29fc,ud2cfbb48dbdd29fc@users.invalid,GitHub,noreply@github.com,1,0,1,1,0,0,0,0,,,,,,0,548,Added CPU Intel Core i7-6700HQ TDP (#548),"Added CPU Intel Core i7-6700HQ TDP (#548)

Added CPU Intel Core i7-6770HQ TDP"
mlco2/codecarbon,e55bd3561b511b24c05a91eeed001c9a6c4c32d7,2024-05,-12,pre,2024-05-15T22:28:00+02:00,2024-05-15T22:28:00+02:00,u11d965fe4df279f7,u11d965fe4df279f7@users.invalid,u11d965fe4df279f7,u11d965fe4df279f7@users.invalid,1,0,2,10,0,1,4,0,,,,,,0,,Fix #547,Fix #547
mlco2/codecarbon,39e7a9159336b1d1032db1cb1251aba1b2fbc922,2024-05,-12,pre,2024-05-16T10:29:09+02:00,2024-05-16T10:29:09+02:00,u9dae085cd51385f2,u9dae085cd51385f2@users.invalid,GitHub,noreply@github.com,2,1,0,0,0,0,0,0,,,,,,0,551,Merge pull request #551 from mlco2/fix/#547,"Merge pull request #551 from mlco2/fix/#547

Fix CPU database compare"
mlco2/codecarbon,130f910efbfba8a33295fcc9958de212c22680ab,2024-05,-12,pre,2024-05-16T16:09:15+02:00,2024-05-16T16:09:15+02:00,u9dae085cd51385f2,u9dae085cd51385f2@users.invalid,GitHub,noreply@github.com,1,0,1,47,0,0,0,0,,,,,,0,,Add how to cite in README.md,Add how to cite in README.md
mlco2/codecarbon,1233218164f90c24ecb785a9f05bb4fecd1cd5c2,2024-05,-12,pre,2024-05-17T03:49:17-04:00,2024-05-17T03:49:17-04:00,u4f3e82a92d5d6015,u4f3e82a92d5d6015@users.invalid,GitHub,noreply@github.com,1,0,1,1,0,0,0,0,,,,,,0,,Update README.md,"Update README.md

Adding my name as well (I guess @hc3de076bc63957a1 forgot my work, oops!)"
mlco2/codecarbon,616704aed0d1ee47c16a8553497232ae6d8a9bcd,2024-05,-12,pre,2024-05-17T10:57:10+02:00,2024-05-17T10:57:10+02:00,u9dae085cd51385f2,u9dae085cd51385f2@users.invalid,GitHub,noreply@github.com,1,0,1,3,4,0,0,0,,,,,,0,,Update README.md,"Update README.md

Remove duplicate of Amine"
mlco2/codecarbon,68b40e108eafc56351937feb1f4bd6f9be84a16b,2024-05,-12,pre,2024-05-17T11:07:21+02:00,2024-05-17T11:07:21+02:00,u9dae085cd51385f2,u9dae085cd51385f2@users.invalid,GitHub,noreply@github.com,2,1,0,0,0,0,0,0,,,,,,0,553,Merge pull request #553 from mlco2/doc-cite,"Merge pull request #553 from mlco2/doc-cite

Add how to cite in README.md"
mlco2/codecarbon,79d9f7951eb15b09e1e4ba2e5c12728d11d6b43c,2024-05,-12,pre,2024-05-18T09:37:15+02:00,2024-05-01T15:46:08Z,dependabot[bot],49699333+dependabot[bot]@users.noreply.github.com,u9dae085cd51385f2,u9dae085cd51385f2@users.invalid,1,0,1,1,1,0,0,0,,,,,dependabot,0,,Bump idna from 3.6 to 3.7,"Bump idna from 3.6 to 3.7

Bumps [idna](https://github.com/kjd/idna) from 3.6 to 3.7.
- [Release notes](https://github.com/kjd/idna/releases)
- [Changelog](https://github.com/kjd/idna/blob/master/HISTORY.rst)
- [Commits](https://github.com/kjd/idna/compare/v3.6...v3.7)

---
updated-dependencies:
- dependency-name: idna
  dependency-type: direct:production
...

Signed-off-by: dependabot[bot] <support@github.com>"
mlco2/codecarbon,47a6feb1db58303408b1d0f395893b78a1898785,2024-05,-12,pre,2024-05-18T09:40:15+02:00,2024-05-18T09:40:15+02:00,u9dae085cd51385f2,u9dae085cd51385f2@users.invalid,GitHub,noreply@github.com,2,1,0,0,0,0,0,0,,,,,,0,538,Merge pull request #538 from mlco2/dependabot/pip/idna-3.7,"Merge pull request #538 from mlco2/dependabot/pip/idna-3.7

Bump idna from 3.6 to 3.7"
mlco2/codecarbon,ee91bac1734a221174f7b488f7934cfd5b58fb4e,2024-05,-12,pre,2024-05-18T09:40:32+02:00,2024-05-07T11:11:44Z,dependabot[bot],49699333+dependabot[bot]@users.noreply.github.com,u9dae085cd51385f2,u9dae085cd51385f2@users.invalid,1,0,4,4,4,0,0,0,,,,,dependabot,0,,Bump werkzeug from 3.0.1 to 3.0.3 in /requirements,"Bump werkzeug from 3.0.1 to 3.0.3 in /requirements

Bumps [werkzeug](https://github.com/pallets/werkzeug) from 3.0.1 to 3.0.3.
- [Release notes](https://github.com/pallets/werkzeug/releases)
- [Changelog](https://github.com/pallets/werkzeug/blob/main/CHANGES.rst)
- [Commits](https://github.com/pallets/werkzeug/compare/3.0.1...3.0.3)

---
updated-dependencies:
- dependency-name: werkzeug
  dependency-type: direct:production
...

Signed-off-by: dependabot[bot] <support@github.com>"
mlco2/codecarbon,26b2a05d826e08c2e5c5aea947780751beae5a5e,2024-05,-12,pre,2024-05-20T11:47:08+02:00,2024-05-20T11:47:08+02:00,u9dae085cd51385f2,u9dae085cd51385f2@users.invalid,GitHub,noreply@github.com,2,1,0,0,0,0,0,0,,,,,,0,545,Merge pull request #545 from mlco2/dependabot/pip/requirements/werkzeug-3.0.3,"Merge pull request #545 from mlco2/dependabot/pip/requirements/werkzeug-3.0.3

Bump werkzeug from 3.0.1 to 3.0.3 in /requirements"
mlco2/codecarbon,149d078d63e6fad577c9648ae053434c9c3654a6,2024-05,-12,pre,2024-05-20T20:56:23+02:00,2024-05-20T20:56:23+02:00,u17307de1894bf722,u17307de1894bf722@users.invalid,GitHub,noreply@github.com,1,0,13,464,388,13,464,388,,,,,,0,552,reorganize output methods (#552),"reorganize output methods (#552)

* refactor output methods

* fix: base output method imports

* fix: Optional string in metrics docs

Signed-off-by: u09dcc1f39603dd20 <u09dcc1f39603dd20@users.invalid>

---------

Signed-off-by: u09dcc1f39603dd20 <u09dcc1f39603dd20@users.invalid>"
mlco2/codecarbon,b5bc3a6df8ef8ccc3d24391f16acf480de1dbba2,2024-05,-12,pre,2024-05-21T08:02:09+02:00,2024-05-18T09:00:14+02:00,u11d965fe4df279f7,u11d965fe4df279f7@users.invalid,u9dae085cd51385f2,u9dae085cd51385f2@users.invalid,1,0,1,5,1,0,0,0,,,,,,0,,Add cpu test,Add cpu test
mlco2/codecarbon,f3835fdc97a32be40eb1a9faa897d4d3ddb52315,2024-05,-12,pre,2024-05-21T08:02:09+02:00,2024-05-18T09:32:33+02:00,u11d965fe4df279f7,u11d965fe4df279f7@users.invalid,u9dae085cd51385f2,u9dae085cd51385f2@users.invalid,1,0,5,140,26,1,1,3,,,,,,0,,Update conda publication,Update conda publication
mlco2/codecarbon,567cc18c7cd0f8c71421151d84e590fc4e381ed3,2024-05,-12,pre,2024-05-21T08:02:09+02:00,2024-05-18T09:36:23+02:00,u11d965fe4df279f7,u11d965fe4df279f7@users.invalid,u9dae085cd51385f2,u9dae085cd51385f2@users.invalid,1,0,1,1,1,1,1,1,,,,,,0,,bump,bump
mlco2/codecarbon,c62c77a0717b542b53cd48cc9d7358c125f841b1,2024-05,-12,pre,2024-05-21T08:02:09+02:00,2024-05-19T18:31:01+02:00,u11d965fe4df279f7,u11d965fe4df279f7@users.invalid,u9dae085cd51385f2,u9dae085cd51385f2@users.invalid,1,0,2,7,5,0,0,0,,,,,,0,,Fix API Docker build,Fix API Docker build
mlco2/codecarbon,610dc4fadb795ae6968e7c01ae86df01484657de,2024-05,-12,pre,2024-05-21T08:02:09+02:00,2024-05-19T22:24:29+02:00,u11d965fe4df279f7,u11d965fe4df279f7@users.invalid,u9dae085cd51385f2,u9dae085cd51385f2@users.invalid,1,0,1,1,0,0,0,0,,,,,,0,,Fix conda build,Fix conda build
mlco2/codecarbon,6d1d0f237e03184ccb5bd6fc16b7d4ce30c67fbb,2024-05,-12,pre,2024-05-21T08:02:09+02:00,2024-05-19T22:31:55+02:00,u11d965fe4df279f7,u11d965fe4df279f7@users.invalid,u9dae085cd51385f2,u9dae085cd51385f2@users.invalid,1,0,1,2,2,0,0,0,,,,,,0,,doc,doc
mlco2/codecarbon,8b2272d5a0bd88483c151fe8a32351cc30b35f99,2024-05,-12,pre,2024-05-21T08:02:09+02:00,2024-05-20T11:45:32+02:00,u11d965fe4df279f7,u11d965fe4df279f7@users.invalid,u9dae085cd51385f2,u9dae085cd51385f2@users.invalid,1,0,1,2,2,0,0,0,,,,,,0,,conda doc works,conda doc works
mlco2/codecarbon,ca246b49d2530f3237c67852199ed7b619b4e0dc,2024-05,-12,pre,2024-05-21T08:20:58+02:00,2024-05-21T08:20:58+02:00,u9dae085cd51385f2,u9dae085cd51385f2@users.invalid,GitHub,noreply@github.com,2,1,0,0,0,0,0,0,,,,,,0,554,Merge pull request #554 from mlco2/feat/conda_version,"Merge pull request #554 from mlco2/feat/conda_version

Update Conda recipe"
mlco2/codecarbon,3071dfca0d03d2f95a2c9d445b560e2c4eea3e99,2024-05,-12,pre,2024-05-21T08:25:50+02:00,2024-05-21T08:25:50+02:00,dependabot[bot],49699333+dependabot[bot]@users.noreply.github.com,GitHub,noreply@github.com,1,0,10,10,10,0,0,0,,,,,dependabot,0,555,--- (#555),"--- (#555)

updated-dependencies:
- dependency-name: requests
  dependency-type: direct:production
...

Signed-off-by: dependabot[bot] <support@github.com>
Co-authored-by: dependabot[bot] <49699333+dependabot[bot]@users.noreply.github.com>"
mlco2/codecarbon,ae1a54d25bb19042f1824219435ff5b17631904b,2024-05,-12,pre,2024-05-21T09:20:21+02:00,2024-05-21T09:20:21+02:00,dependabot[bot],49699333+dependabot[bot]@users.noreply.github.com,GitHub,noreply@github.com,1,0,1,1,1,0,0,0,,,,,dependabot,0,556,--- (#556),"--- (#556)

updated-dependencies:
- dependency-name: requests
  dependency-type: direct:production
...

Signed-off-by: dependabot[bot] <support@github.com>
Co-authored-by: dependabot[bot] <49699333+dependabot[bot]@users.noreply.github.com>"
mlco2/codecarbon,7c45c0fd5847e56e684c729a3617039f69d68628,2024-05,-12,pre,2024-05-24T09:02:19+02:00,2024-05-23T21:18:39+02:00,u11d965fe4df279f7,u11d965fe4df279f7@users.invalid,u9dae085cd51385f2,u9dae085cd51385f2@users.invalid,1,0,1,29,2,0,0,0,,,,,,0,,Add publication to Conda,Add publication to Conda
mlco2/codecarbon,9a5a5263be91d1732ea97db7fd964d4db2973a23,2024-05,-12,pre,2024-05-24T09:02:19+02:00,2024-05-23T21:20:13+02:00,u11d965fe4df279f7,u11d965fe4df279f7@users.invalid,u9dae085cd51385f2,u9dae085cd51385f2@users.invalid,1,0,1,1,1,1,1,1,,,,,,0,,Bump,Bump
mlco2/codecarbon,bf2be13eb0af5565a79a121c490df34c690d1dea,2024-05,-12,pre,2024-05-24T09:12:51+02:00,2024-05-24T09:12:51+02:00,u9dae085cd51385f2,u9dae085cd51385f2@users.invalid,GitHub,noreply@github.com,2,1,0,0,0,0,0,0,,,,,,0,558,Merge pull request #558 from mlco2/publish_to_conda,"Merge pull request #558 from mlco2/publish_to_conda

Add automatic publish to conda to the CI"
mlco2/codecarbon,fc338e195b2f395d98f072f9a963eff5d21f4ac7,2024-05,-12,pre,2024-05-27T16:21:09+02:00,2024-05-27T16:21:09+02:00,u17307de1894bf722,u17307de1894bf722@users.invalid,GitHub,noreply@github.com,1,0,1,13,12,1,13,12,,,,,,0,560,fix: warning invalid gpus format (#560),fix: warning invalid gpus format (#560)
mlco2/codecarbon,00548c9080d9bce090ec3a7f7681f460a7b48c8e,2024-05,-12,pre,2024-05-28T18:09:46+02:00,2023-12-12T09:10:27+01:00,udac73e5f9c4e72f7,udac73e5f9c4e72f7@users.invalid,udac73e5f9c4e72f7,udac73e5f9c4e72f7@users.invalid,1,0,1,204,38,1,204,38,,,,,,0,,feat(cli): :sparkles: Rework CLI,"feat(cli): :sparkles: Rework CLI

prompts for Organisation Teams Project and Experiment Creations , uses typer instead of click"
mlco2/codecarbon,6a2791c0f39d3db0cda836134d3ab6824c24a689,2024-05,-12,pre,2024-05-28T18:09:46+02:00,2023-12-12T09:12:04+01:00,udac73e5f9c4e72f7,udac73e5f9c4e72f7@users.invalid,udac73e5f9c4e72f7,udac73e5f9c4e72f7@users.invalid,1,0,2,157,4,2,157,4,,,,,,0,,feat(core): :sparkles: add Organisation Team and Project to APi Client,"feat(core): :sparkles: add Organisation Team and Project to APi Client

allows to create and list organisations, projects and teams from the CLI"
mlco2/codecarbon,5f83a3065eea16c8fac888ce3bd647d4a4fbf9ec,2024-05,-12,pre,2024-05-28T18:09:46+02:00,2023-12-12T09:12:41+01:00,udac73e5f9c4e72f7,udac73e5f9c4e72f7@users.invalid,udac73e5f9c4e72f7,udac73e5f9c4e72f7@users.invalid,1,0,1,1,0,1,1,0,,,,,,0,,build: :arrow_up: add new dependencies for cli,build: :arrow_up: add new dependencies for cli
mlco2/codecarbon,b4866c08c434631d04666f0b9033834eed2b850a,2024-05,-12,pre,2024-05-28T18:09:46+02:00,2024-01-13T17:34:47+01:00,udac73e5f9c4e72f7,udac73e5f9c4e72f7@users.invalid,udac73e5f9c4e72f7,udac73e5f9c4e72f7@users.invalid,1,0,1,26,15,1,26,15,,,,,,0,,fix(cli): :art: add a questionary prompt function,"fix(cli): :art: add a questionary prompt function

allows easier testing"
mlco2/codecarbon,60bbea0b86269ba18b22458161aff474fedba4d7,2024-05,-12,pre,2024-05-28T18:09:46+02:00,2024-01-13T17:35:03+01:00,udac73e5f9c4e72f7,udac73e5f9c4e72f7@users.invalid,udac73e5f9c4e72f7,udac73e5f9c4e72f7@users.invalid,1,0,1,95,0,0,0,0,,,,,,0,,test(cli): :white_check_mark: pass tests CLI,test(cli): :white_check_mark: pass tests CLI
mlco2/codecarbon,d1dca1f71980a2f134f8a9ec76ff6e7188da919d,2024-05,-12,pre,2024-05-28T18:09:46+02:00,2024-03-03T16:30:34+01:00,udac73e5f9c4e72f7,udac73e5f9c4e72f7@users.invalid,udac73e5f9c4e72f7,udac73e5f9c4e72f7@users.invalid,1,0,4,263,174,3,245,158,,,,,,0,,feat(cli): :sparkles: add more functionalities to python API client and CLI,feat(cli): :sparkles: add more functionalities to python API client and CLI
mlco2/codecarbon,b342381ab37673b0dad58792c0bb9de5bcf2a3f9,2024-05,-12,pre,2024-05-28T18:09:46+02:00,2024-03-03T16:31:46+01:00,udac73e5f9c4e72f7,udac73e5f9c4e72f7@users.invalid,udac73e5f9c4e72f7,udac73e5f9c4e72f7@users.invalid,1,0,1,8,1,1,8,1,,,,,,0,,feat(core): :sparkles: allows picking up API endpoint from conf file for dashboard,feat(core): :sparkles: allows picking up API endpoint from conf file for dashboard
mlco2/codecarbon,0a2b469b600a72b34494570705bd81a870570709,2024-05,-12,pre,2024-05-28T18:09:46+02:00,2024-03-22T10:52:54+01:00,udac73e5f9c4e72f7,udac73e5f9c4e72f7@users.invalid,udac73e5f9c4e72f7,udac73e5f9c4e72f7@users.invalid,1,0,2,18,2,2,18,2,,,,,,0,,feat(cli): :sparkles: allow to create a new custom configuration file anywhere,feat(cli): :sparkles: allow to create a new custom configuration file anywhere
mlco2/codecarbon,8230ec834e4d5a784131071f7e2766f305083a5d,2024-05,-12,pre,2024-05-28T18:09:46+02:00,2024-01-13T17:34:47+01:00,udac73e5f9c4e72f7,udac73e5f9c4e72f7@users.invalid,udac73e5f9c4e72f7,udac73e5f9c4e72f7@users.invalid,1,0,1,92,14,1,92,14,,,,,,0,,fix(cli): :art: add a questionary prompt function,"fix(cli): :art: add a questionary prompt function

allows easier testing"
mlco2/codecarbon,f1208c5163973e112b033b433fdab90b0d720cd5,2024-05,-12,pre,2024-05-28T18:09:46+02:00,2024-03-03T16:30:34+01:00,udac73e5f9c4e72f7,udac73e5f9c4e72f7@users.invalid,udac73e5f9c4e72f7,udac73e5f9c4e72f7@users.invalid,1,0,2,15,109,2,15,109,,,,,,0,,feat(cli): :sparkles: add more functionalities to python API client and CLI,feat(cli): :sparkles: add more functionalities to python API client and CLI
mlco2/codecarbon,d95d41faac80b4f7097a661aee915afa3b442ed7,2024-05,-12,pre,2024-05-28T18:09:46+02:00,2024-03-22T10:52:54+01:00,udac73e5f9c4e72f7,udac73e5f9c4e72f7@users.invalid,udac73e5f9c4e72f7,udac73e5f9c4e72f7@users.invalid,1,0,2,18,2,2,18,2,,,,,,0,,feat(cli): :sparkles: allow to create a new custom configuration file anywhere,feat(cli): :sparkles: allow to create a new custom configuration file anywhere
mlco2/codecarbon,793eec56ecc7f5722de70b205120aa832942480b,2024-05,-12,pre,2024-05-28T18:09:46+02:00,2024-03-22T12:39:52+01:00,udac73e5f9c4e72f7,udac73e5f9c4e72f7@users.invalid,udac73e5f9c4e72f7,udac73e5f9c4e72f7@users.invalid,1,0,4,236,184,3,227,179,,,,,,0,,feat(CLI): :sparkles: allow to use or modify existing config file or  create one from cli,feat(CLI): :sparkles: allow to use or modify existing config file or  create one from cli
mlco2/codecarbon,12859c21075be52d98be5c9ffd277f2a8da9ec44,2024-05,-12,pre,2024-05-28T18:09:46+02:00,2024-03-22T13:32:10+01:00,udac73e5f9c4e72f7,udac73e5f9c4e72f7@users.invalid,udac73e5f9c4e72f7,udac73e5f9c4e72f7@users.invalid,1,0,3,58,20,1,0,4,,,,,,0,,test(CLI): :white_check_mark: fix tests,test(CLI): :white_check_mark: fix tests
mlco2/codecarbon,ab1c67c8c880d1c888ae2a57094875989e9a6811,2024-05,-12,pre,2024-05-28T18:09:46+02:00,2024-03-22T13:39:53+01:00,udac73e5f9c4e72f7,udac73e5f9c4e72f7@users.invalid,udac73e5f9c4e72f7,udac73e5f9c4e72f7@users.invalid,1,0,1,11,2,0,0,0,,,,,,0,,fix(CLI): :white_check_mark: use gihut action TEMP DIR,fix(CLI): :white_check_mark: use gihut action TEMP DIR
mlco2/codecarbon,78e9deb56883da4295fd7fcdeba462057de8d557,2024-05,-12,pre,2024-05-28T18:09:46+02:00,2024-03-22T13:54:25+01:00,udac73e5f9c4e72f7,udac73e5f9c4e72f7@users.invalid,udac73e5f9c4e72f7,udac73e5f9c4e72f7@users.invalid,1,0,1,1,1,0,0,0,,,,,,0,,ci(CLI): :green_heart: debu CI,ci(CLI): :green_heart: debu CI
mlco2/codecarbon,8c005053a8aa5291173557af9491153a8fae9dc0,2024-05,-12,pre,2024-05-28T18:09:46+02:00,2024-03-22T17:58:51+01:00,udac73e5f9c4e72f7,udac73e5f9c4e72f7@users.invalid,udac73e5f9c4e72f7,udac73e5f9c4e72f7@users.invalid,1,0,1,0,6,0,0,0,,,,,,0,,fix(CLI): :white_check_mark: remove useless test that created a .codecarbon.config file,fix(CLI): :white_check_mark: remove useless test that created a .codecarbon.config file
mlco2/codecarbon,c6dd83f1c99b690b95e700ae13b92a9ec3871a55,2024-05,-12,pre,2024-05-28T18:09:46+02:00,2024-03-22T18:54:58+01:00,udac73e5f9c4e72f7,udac73e5f9c4e72f7@users.invalid,udac73e5f9c4e72f7,udac73e5f9c4e72f7@users.invalid,1,0,21,100,86,0,0,0,,,,,,0,,docs(CLI): :memo: test asciinema,docs(CLI): :memo: test asciinema
mlco2/codecarbon,6332283504cb1004041803000a7510f8cbe69629,2024-05,-12,pre,2024-05-28T18:09:46+02:00,2024-03-22T19:01:44+01:00,udac73e5f9c4e72f7,udac73e5f9c4e72f7@users.invalid,udac73e5f9c4e72f7,udac73e5f9c4e72f7@users.invalid,1,0,1,2,1,0,0,0,,,,,,0,,docs(CLI): :memo: fix code block,docs(CLI): :memo: fix code block
mlco2/codecarbon,a36aa3017cbc4ab6561595ac2cc50d09f99a13d8,2024-05,-12,pre,2024-05-28T18:09:46+02:00,2024-03-29T21:22:16+01:00,u11d965fe4df279f7,u11d965fe4df279f7@users.invalid,udac73e5f9c4e72f7,udac73e5f9c4e72f7@users.invalid,1,0,1,1,2,0,0,0,,,,,,0,,empty line at end of file,empty line at end of file
mlco2/codecarbon,a82ce6709099fe46634fd3d39ae118b780b6ede0,2024-05,-12,pre,2024-05-28T18:09:46+02:00,2024-05-08T11:14:07+02:00,udac73e5f9c4e72f7,udac73e5f9c4e72f7@users.invalid,udac73e5f9c4e72f7,udac73e5f9c4e72f7@users.invalid,1,0,1,1,1,0,0,0,,,,,,0,,Update docs/edit/usage.rst,"Update docs/edit/usage.rst

Co-authored-by: u9dae085cd51385f2 <u9dae085cd51385f2@users.invalid>"
mlco2/codecarbon,a65474caede0a261607f178d9b6d339ef67bb148,2024-05,-12,pre,2024-05-28T18:12:10+02:00,2024-05-18T12:00:03+02:00,udac73e5f9c4e72f7,udac73e5f9c4e72f7@users.invalid,udac73e5f9c4e72f7,udac73e5f9c4e72f7@users.invalid,1,0,3,58,3,0,0,0,,,,,,0,,build(CLI): :arrow_up: adapt to hatch,build(CLI): :arrow_up: adapt to hatch
mlco2/codecarbon,db71988f819e75f92ad6ed70e062ab0390e41e11,2024-06,-11,pre,2024-06-02T12:45:45+02:00,2024-06-02T12:45:45+02:00,u17307de1894bf722,u17307de1894bf722@users.invalid,GitHub,noreply@github.com,1,0,1,3,0,1,3,0,,,,,,0,561,logging: log file path where emissions are saved (#561),logging: log file path where emissions are saved (#561)
mlco2/codecarbon,a4c8d30246c61bc5c96b2aca4b01ad216857d366,2024-06,-11,pre,2024-06-08T09:24:32+02:00,2024-06-08T09:24:32+02:00,udac73e5f9c4e72f7,udac73e5f9c4e72f7@users.invalid,udac73e5f9c4e72f7,udac73e5f9c4e72f7@users.invalid,2,1,0,0,0,0,0,0,,,,,,0,,Merge branch 'feat/rework_cli' of https://github.com/mlco2/codecarbon into feat/rework_cli,Merge branch 'feat/rework_cli' of https://github.com/mlco2/codecarbon into feat/rework_cli
mlco2/codecarbon,a39fa58a0a88001b8dc1c580403118cea4bcd339,2024-06,-11,pre,2024-06-11T07:23:07+02:00,2024-06-11T08:23:07+03:00,ued5f785cf47e465b,ued5f785cf47e465b@users.invalid,GitHub,noreply@github.com,1,0,1,36,34,0,0,0,,,,,,0,568,Updated GCP Grid carbon intensity impact values to impact.csv (#568),Updated GCP Grid carbon intensity impact values to impact.csv (#568)
mlco2/codecarbon,d0ed60bb9fa9e244a12a50a098646f383901a8be,2024-06,-11,pre,2024-06-12T05:32:25+02:00,2024-06-12T05:32:25+02:00,ud7a802fda12855a9,ud7a802fda12855a9@users.invalid,GitHub,noreply@github.com,1,0,8,198,91,6,127,91,,,,,,0,459,"output: adding output handler list to emission_tracker for extensible output management, rework BaseOutput with separate api contracts for live/cold/task calls (#459)","output: adding output handler list to emission_tracker for extensible output management, rework BaseOutput with separate api contracts for live/cold/task calls (#459)

Co-authored-by: u17307de1894bf722 <u17307de1894bf722@users.invalid>"
mlco2/codecarbon,e512f622c973a98a8bd88f635daa9d0868774207,2024-06,-11,pre,2024-06-15T17:46:30+02:00,2024-06-15T17:46:30+02:00,u5d18afb8afb1c84e,u5d18afb8afb1c84e@users.invalid,u5d18afb8afb1c84e,u5d18afb8afb1c84e@users.invalid,1,0,13,40,40,6,15,15,,,,,,0,,chore(carbonserver) Harmonize endpoints,"chore(carbonserver) Harmonize endpoints

1st pass: rewrite some endpoint from ex: /run/<id> to /runs/<id>

Ref: https://github.com/orgs/mlco2/projects/4/views/1?pane=issue&itemId=67359449"
mlco2/codecarbon,bf9468d759e3e19149935ff80e2e0158180e05a6,2024-06,-11,pre,2024-06-15T18:15:03+02:00,2024-06-15T18:15:03+02:00,ud32d0346b8111cc9,ud32d0346b8111cc9@users.invalid,GitHub,noreply@github.com,2,1,0,0,0,0,0,0,,,,,,0,574,Merge pull request #574 from mlco2/api_endpoint_harmonize,"Merge pull request #574 from mlco2/api_endpoint_harmonize

chore(carbonserver) Harmonize endpoints"
mlco2/codecarbon,29b5b804047b18d062afd6db250d64622df50d7b,2024-06,-11,pre,2024-06-16T10:37:02+02:00,2024-06-16T10:37:02+02:00,u11d965fe4df279f7,u11d965fe4df279f7@users.invalid,u11d965fe4df279f7,u11d965fe4df279f7@users.invalid,1,0,1,8,0,1,8,0,,,,,,0,,Fix powermetrics test asking for password on Linux,Fix powermetrics test asking for password on Linux
mlco2/codecarbon,5744a3e1e67ebd9988ce2341a98887d50e712a5e,2024-06,-11,pre,2024-06-16T14:44:10+02:00,2024-06-16T14:44:10+02:00,u9dae085cd51385f2,u9dae085cd51385f2@users.invalid,GitHub,noreply@github.com,2,1,0,0,0,0,0,0,,,,,,0,576,Merge pull request #576 from mlco2/fix/asking_root_#565,"Merge pull request #576 from mlco2/fix/asking_root_#565

Fix powermetrics test asking for password on Linux"
mlco2/codecarbon,ac5169b844932b5f64654fed68fc55e70c833816,2024-06,-11,pre,2024-06-17T06:06:30+02:00,2024-06-16T17:07:50+02:00,u5d18afb8afb1c84e,u5d18afb8afb1c84e@users.invalid,ud32d0346b8111cc9,ud32d0346b8111cc9@users.invalid,1,0,9,135,3,6,90,1,,,,,,0,,chore(carbonserver) rework api endpoints and models for project,"chore(carbonserver) rework api endpoints and models for project

Add organization_id to Project

Part of the API rework to have the following structure:
```
- Org
  - Project
    - Experiment
      - Run
        - Measure
- User
```"
mlco2/codecarbon,f8268ced08807e4c804e21bed279bee7de0f8348,2024-06,-11,pre,2024-06-17T22:00:46+02:00,2024-06-17T22:00:46+02:00,u17307de1894bf722,u17307de1894bf722@users.invalid,GitHub,noreply@github.com,1,0,7,182,83,6,158,83,,,,,,0,542,feat: add logfire as output method (#542),"feat: add logfire as output method (#542)

* example: usage of logfire

Signed-off-by: u09dcc1f39603dd20 <u09dcc1f39603dd20@users.invalid>

* test with logfire

Signed-off-by: u09dcc1f39603dd20 <u09dcc1f39603dd20@users.invalid>

* temp

* feat: add logfire output, start testing

* rebase

* feat: delta emissions + counter metrics + logfire example

* fix: import logfire only if LogfireOutput is called

Signed-off-by: u09dcc1f39603dd20 <u09dcc1f39603dd20@users.invalid>

* fix: remove logfire logging example

* feat: add logfire configure to start the metrics setup

* fix: remove use_emissions_delta = True

---------

Signed-off-by: u09dcc1f39603dd20 <u09dcc1f39603dd20@users.invalid>
Co-authored-by: ud79fc260951ed870 <ud79fc260951ed870@users.invalid>"
mlco2/codecarbon,c0f5efcec60e61a5d41688af95183c6b0f1fd8d3,2024-06,-11,pre,2024-06-18T18:50:07+02:00,2024-06-18T18:50:07+02:00,u17307de1894bf722,u17307de1894bf722@users.invalid,GitHub,noreply@github.com,1,0,24,106,806,14,2,340,,,,,,0,573,Chores: remove team references (#573),"Chores: remove team references (#573)

* chores: remove team references and endpoints

* alembic: migrate db to remove the teams

* remove commented code + alembic revision

* fix: minor typo /projects

* get organization sums join by project

Signed-off-by: u09dcc1f39603dd20 <u09dcc1f39603dd20@users.invalid>

---------

Signed-off-by: u09dcc1f39603dd20 <u09dcc1f39603dd20@users.invalid>"
mlco2/codecarbon,f03814526ec2576741d1152f9da4cc547c7278d8,2024-06,-11,pre,2024-06-20T12:15:01+02:00,2024-06-20T12:15:01+02:00,u17307de1894bf722,u17307de1894bf722@users.invalid,GitHub,noreply@github.com,1,0,1,8,0,1,8,0,,,,,,0,581,warning for the next release (#581),"warning for the next release (#581)

* warning for the next release

Signed-off-by: u09dcc1f39603dd20 <u09dcc1f39603dd20@users.invalid>

* fix: update warning message

Signed-off-by: u09dcc1f39603dd20 <u09dcc1f39603dd20@users.invalid>

---------

Signed-off-by: u09dcc1f39603dd20 <u09dcc1f39603dd20@users.invalid>"
mlco2/codecarbon,31e8731f556d83b8cfc9d00a8a794f3e231d09aa,2024-06,-11,pre,2024-06-20T14:32:35+02:00,2024-06-20T14:32:35+02:00,u9dae085cd51385f2,u9dae085cd51385f2@users.invalid,GitHub,noreply@github.com,1,0,2,12,0,1,3,0,,,,,,0,584,Handle TRES in Slurm (#584),"Handle TRES in Slurm (#584)

Co-authored-by: u11d965fe4df279f7 <u11d965fe4df279f7@users.invalid>"
mlco2/codecarbon,c7b796a1d6277cbab6e6eecf7b876329d0168845,2024-06,-11,pre,2024-06-20T14:46:21+02:00,2024-06-20T14:46:21+02:00,u9dae085cd51385f2,u9dae085cd51385f2@users.invalid,GitHub,noreply@github.com,1,0,5,37,7,1,8,4,,,,,,0,580,Handle empty response from Colab Entreprise (#580),"Handle empty response from Colab Entreprise (#580)

* More robust Cloud region detection

* Doc

* Add tests

---------

Co-authored-by: u17307de1894bf722 <u17307de1894bf722@users.invalid>"
mlco2/codecarbon,901dd806af777c130f8cbb1ce3d92c695b3709af,2024-06,-11,pre,2024-06-20T15:01:59+02:00,2024-06-17T22:30:45Z,dependabot[bot],49699333+dependabot[bot]@users.noreply.github.com,u9dae085cd51385f2,u9dae085cd51385f2@users.invalid,1,0,10,10,10,0,0,0,,,,,dependabot,0,,Bump urllib3 from 2.0.7 to 2.2.2 in /requirements,"Bump urllib3 from 2.0.7 to 2.2.2 in /requirements

Bumps [urllib3](https://github.com/urllib3/urllib3) from 2.0.7 to 2.2.2.
- [Release notes](https://github.com/urllib3/urllib3/releases)
- [Changelog](https://github.com/urllib3/urllib3/blob/main/CHANGES.rst)
- [Commits](https://github.com/urllib3/urllib3/compare/2.0.7...2.2.2)

---
updated-dependencies:
- dependency-name: urllib3
  dependency-type: direct:production
...

Signed-off-by: dependabot[bot] <support@github.com>"
mlco2/codecarbon,477f9733350097cbb28c96976bdec95805357fb4,2024-06,-11,pre,2024-06-20T15:06:39+02:00,2024-06-20T15:06:39+02:00,u9dae085cd51385f2,u9dae085cd51385f2@users.invalid,GitHub,noreply@github.com,2,1,0,0,0,0,0,0,,,,,,0,579,Merge pull request #579 from mlco2/dependabot/pip/requirements/urllib3-2.2.2,"Merge pull request #579 from mlco2/dependabot/pip/requirements/urllib3-2.2.2

Bump urllib3 from 2.0.7 to 2.2.2 in /requirements"
mlco2/codecarbon,1f5d59cb1181b0f94ae211df4520bcc434435446,2024-06,-11,pre,2024-06-20T15:28:28+02:00,2024-06-20T15:28:28+02:00,u17307de1894bf722,u17307de1894bf722@users.invalid,GitHub,noreply@github.com,1,0,21,505,362,1,1,1,,,,,,0,587,release 2.5.0 (#587),"release 2.5.0 (#587)

* realease 2.5.0

* Update doc

* Update deps

* Build Sphinx docs

* Bump doc version

---------

Co-authored-by: u9dae085cd51385f2 <u9dae085cd51385f2@users.invalid>"
mlco2/codecarbon,357096d340277702715f785454bc5bf59fda20ab,2024-06,-11,pre,2024-06-22T15:22:35+02:00,2024-06-22T15:22:35+02:00,ud32d0346b8111cc9,ud32d0346b8111cc9@users.invalid,GitHub,noreply@github.com,1,0,9,32,26,5,21,7,,,,,,0,590,chore(carbonserver) rework api endpoints (#590),"chore(carbonserver) rework api endpoints (#590)

Rework the remaining api endpoints to better represent the concepts

Co-authored-by: u5d18afb8afb1c84e <u5d18afb8afb1c84e@users.invalid>"
mlco2/codecarbon,62379653bf4e80e809db05d6df393481e645cedf,2024-06,-11,pre,2024-06-22T15:35:25+02:00,2024-06-22T15:35:25+02:00,ud8474c6aa1b79f64,ud8474c6aa1b79f64@users.invalid,GitHub,noreply@github.com,1,0,1,10,10,1,10,10,,,,,,0,589,Update emissions_tracker.py (#589),"Update emissions_tracker.py (#589)

Replaced .time() by .perf_counter()

Co-authored-by: u17307de1894bf722 <u17307de1894bf722@users.invalid>"
mlco2/codecarbon,2ba3d3627fe9d72ac501fa9d892386113da5d3a9,2024-06,-11,pre,2024-06-23T10:50:50+02:00,2024-06-23T10:50:50+02:00,u17307de1894bf722,u17307de1894bf722@users.invalid,GitHub,noreply@github.com,1,0,1,83,0,1,83,0,,,,,,0,591,chore(db): alembic revision to remove teams (#591),chore(db): alembic revision to remove teams (#591)
mlco2/codecarbon,dc45a12cc524bfa96b55e8e5aed8f5796eb66ead,2024-06,-11,pre,2024-06-25T15:30:50+02:00,2024-06-25T15:30:50+02:00,u17307de1894bf722,u17307de1894bf722@users.invalid,GitHub,noreply@github.com,1,0,6,135,3,4,82,1,,,,,,0,592,feat(api): add projects patch and delete methods (#592),"feat(api): add projects patch and delete methods (#592)

* feat(api): delete project by id

* feat(api): patch project"
mlco2/codecarbon,a6e3c9b59d917025a1c76cc02a5c3877f299a2f7,2024-06,-11,pre,2024-06-29T12:09:55+02:00,2024-06-29T12:09:55+02:00,udac73e5f9c4e72f7,udac73e5f9c4e72f7@users.invalid,udac73e5f9c4e72f7,udac73e5f9c4e72f7@users.invalid,2,1,0,0,0,0,0,0,,,,,,0,,Merge branch 'master' into feat/rework_cli,Merge branch 'master' into feat/rework_cli
mlco2/codecarbon,00a45f50d0d9105aca82249d484027238d03c114,2024-06,-11,pre,2024-06-29T12:10:15+02:00,2024-06-29T12:10:15+02:00,udac73e5f9c4e72f7,udac73e5f9c4e72f7@users.invalid,udac73e5f9c4e72f7,udac73e5f9c4e72f7@users.invalid,1,0,10,0,697,6,0,263,,,,,,0,,merging master,merging master
mlco2/codecarbon,0194f437bb632e37c9ce316c0d3136132e0714c3,2024-06,-11,pre,2024-06-30T16:10:14+02:00,2024-06-30T16:10:14+02:00,udac73e5f9c4e72f7,udac73e5f9c4e72f7@users.invalid,udac73e5f9c4e72f7,udac73e5f9c4e72f7@users.invalid,1,0,3,27,22,0,0,0,,,,,,0,,fix: :hammer: update Dockerfile and Docker -compose for local development,fix: :hammer: update Dockerfile and Docker -compose for local development
mlco2/codecarbon,fdcd4fa97491848d08556b5478339279a27dcbaf,2024-07,-10,pre,2024-07-01T11:00:34+02:00,2024-07-01T11:00:34+02:00,udac73e5f9c4e72f7,udac73e5f9c4e72f7@users.invalid,GitHub,noreply@github.com,1,0,1,1,1,0,0,0,,,,,,0,,Update docker-compose.yml,"Update docker-compose.yml

Co-authored-by: u9dae085cd51385f2 <u9dae085cd51385f2@users.invalid>"
mlco2/codecarbon,29d7f6a1b54a3519b8bfea6b9da4bb5d63687da0,2024-07,-10,pre,2024-07-01T11:02:23+02:00,2024-07-01T11:02:23+02:00,udac73e5f9c4e72f7,udac73e5f9c4e72f7@users.invalid,GitHub,noreply@github.com,1,0,1,8,1,0,0,0,,,,,,0,,Update Dockerfile,Update Dockerfile
mlco2/codecarbon,19a92a57f8c7acd3f69dc91508aef2ad02c212e8,2024-07,-10,pre,2024-07-02T15:27:56+02:00,2024-07-02T15:27:56+02:00,u17307de1894bf722,u17307de1894bf722@users.invalid,GitHub,noreply@github.com,1,0,6,88,2,4,50,1,,,,,,0,595,feat(api): patch organizations (#595),feat(api): patch organizations (#595)
mlco2/codecarbon,889df3c0aed88420c4fae4e2ec89f5b8bf02ef92,2024-07,-10,pre,2024-07-05T10:06:12+02:00,2024-07-05T10:06:12+02:00,udac73e5f9c4e72f7,udac73e5f9c4e72f7@users.invalid,GitHub,noreply@github.com,2,1,0,0,0,0,0,0,,,,,,0,,Merge branch 'master' into fix/docker-compose-reqs,Merge branch 'master' into fix/docker-compose-reqs
mlco2/codecarbon,3469eedb5091abddaa736c701e75a7ffd0db7dbd,2024-07,-10,pre,2024-07-05T10:12:06+02:00,2024-07-05T10:12:06+02:00,udac73e5f9c4e72f7,udac73e5f9c4e72f7@users.invalid,GitHub,noreply@github.com,2,1,0,0,0,0,0,0,,,,,,0,599,Merge pull request #599 from mlco2/fix/docker-compose-reqs,"Merge pull request #599 from mlco2/fix/docker-compose-reqs

fix: :hammer: update Dockerfile and Docker -compose for local dev"
mlco2/codecarbon,6080a406489cc1d27ee459429910c8d868951b21,2024-07,-10,pre,2024-07-05T10:23:57+02:00,2024-07-05T10:23:57+02:00,udac73e5f9c4e72f7,udac73e5f9c4e72f7@users.invalid,udac73e5f9c4e72f7,udac73e5f9c4e72f7@users.invalid,2,1,0,0,0,0,0,0,,,,,,0,,Merge branch 'master' into feat/rework_cli,Merge branch 'master' into feat/rework_cli
mlco2/codecarbon,6738ce8f9eead0c2df93ab66249ebc1ccf6cabe5,2024-07,-10,pre,2024-07-07T10:53:55+02:00,2024-07-07T10:53:55+02:00,u17307de1894bf722,u17307de1894bf722@users.invalid,GitHub,noreply@github.com,1,0,2,106,9,1,37,2,,,,,,0,596,feat(api): new user actions (#596),"feat(api): new user actions (#596)

* feat(api): new user actions

* fix: wrong import

* fix: test_create_user"
mlco2/codecarbon,003f4e7f6ad10bbf82038bcd77c3a53c48b1a992,2024-07,-10,pre,2024-07-09T18:23:18+02:00,2024-07-09T18:23:18+02:00,u17307de1894bf722,u17307de1894bf722@users.invalid,GitHub,noreply@github.com,1,0,3,11,9,1,7,8,,,,,,0,601,fix(api): python version to 3.11 + fix last alembic upgrade (#601),"fix(api): python version to 3.11 + fix last alembic upgrade (#601)

* fix(api): python version to 3.11 + fix last alembic upgrade

Signed-off-by: u09dcc1f39603dd20 <u09dcc1f39603dd20@users.invalid>

* fix: alembic revisions

---------

Signed-off-by: u09dcc1f39603dd20 <u09dcc1f39603dd20@users.invalid>"
mlco2/codecarbon,427317e0fdcb5bfc6eb2e2caa392c19cff084070,2024-07,-10,pre,2024-07-09T16:24:00Z,2024-07-09T16:24:00Z,dependabot[bot],49699333+dependabot[bot]@users.noreply.github.com,GitHub,noreply@github.com,1,0,9,9,9,0,0,0,,,,,dependabot,0,,Bump certifi from 2024.6.2 to 2024.7.4 in /requirements,"Bump certifi from 2024.6.2 to 2024.7.4 in /requirements

Bumps [certifi](https://github.com/certifi/python-certifi) from 2024.6.2 to 2024.7.4.
- [Commits](https://github.com/certifi/python-certifi/compare/2024.06.02...2024.07.04)

---
updated-dependencies:
- dependency-name: certifi
  dependency-type: direct:production
...

Signed-off-by: dependabot[bot] <support@github.com>"
mlco2/codecarbon,01cc74b8c1fe49b0dc69e75d6f323d6b768d4388,2024-07,-10,pre,2024-07-10T16:47:49+02:00,2024-07-10T16:47:49+02:00,u9dae085cd51385f2,u9dae085cd51385f2@users.invalid,GitHub,noreply@github.com,2,1,0,0,0,0,0,0,,,,,,0,602,Merge pull request #602 from mlco2/dependabot/pip/requirements/certifi-2024.7.4,"Merge pull request #602 from mlco2/dependabot/pip/requirements/certifi-2024.7.4

Bump certifi from 2024.6.2 to 2024.7.4 in /requirements"
mlco2/codecarbon,e2d4adba68bea8182a9ef421a90fe1dba9739d41,2024-07,-10,pre,2024-07-10T14:48:21Z,2024-07-10T14:48:21Z,dependabot[bot],49699333+dependabot[bot]@users.noreply.github.com,GitHub,noreply@github.com,1,0,1,1,1,0,0,0,,,,,dependabot,0,,Bump certifi from 2024.6.2 to 2024.7.4,"Bump certifi from 2024.6.2 to 2024.7.4

Bumps [certifi](https://github.com/certifi/python-certifi) from 2024.6.2 to 2024.7.4.
- [Commits](https://github.com/certifi/python-certifi/compare/2024.06.02...2024.07.04)

---
updated-dependencies:
- dependency-name: certifi
  dependency-type: direct:production
...

Signed-off-by: dependabot[bot] <support@github.com>"
mlco2/codecarbon,8469a2b97d83945524c867841dfede2140af224f,2024-07,-10,pre,2024-07-10T17:11:58+02:00,2024-07-10T17:11:58+02:00,u9dae085cd51385f2,u9dae085cd51385f2@users.invalid,GitHub,noreply@github.com,2,1,0,0,0,0,0,0,,,,,,0,606,Merge pull request #606 from mlco2/dependabot/pip/certifi-2024.7.4,"Merge pull request #606 from mlco2/dependabot/pip/certifi-2024.7.4

Bump certifi from 2024.6.2 to 2024.7.4"
mlco2/codecarbon,a9e857a1b59e70bb814936bf9cbb3d090eb3d840,2024-07,-10,pre,2024-07-11T17:49:16+02:00,2024-07-06T09:56:39+02:00,u5d18afb8afb1c84e,u5d18afb8afb1c84e@users.invalid,u9e998c0e62e11e7f,u9e998c0e62e11e7f@users.invalid,1,0,4,168,11,2,146,2,,,,,,0,,feat(api) add fief auth layer,feat(api) add fief auth layer
mlco2/codecarbon,ca104ad9287bc189310b0268bb11ade8ebee1dd4,2024-07,-10,pre,2024-07-13T18:25:22+03:00,2024-07-13T18:12:22+03:00,ub2ac4614f3d87b2c,ub2ac4614f3d87b2c@users.invalid,ub2ac4614f3d87b2c,ub2ac4614f3d87b2c@users.invalid,1,0,1,38,34,0,0,0,,,,,,0,,Updated new GCP Grid carbon intensity impact values to impact.csv,Updated new GCP Grid carbon intensity impact values to impact.csv
mlco2/codecarbon,45b6a71bf50ac6431deddefa0a7acb919c9b40a2,2024-07,-10,pre,2024-07-13T19:36:27+02:00,2024-07-13T19:36:27+02:00,udac73e5f9c4e72f7,udac73e5f9c4e72f7@users.invalid,udac73e5f9c4e72f7,udac73e5f9c4e72f7@users.invalid,2,1,0,0,0,0,0,0,,,,,,0,,Merge branch 'master' into feat/rework_cli,Merge branch 'master' into feat/rework_cli
mlco2/codecarbon,ca869ea969597c10419b84adb4adcc26a70f2dc0,2024-07,-10,pre,2024-07-13T19:37:02+02:00,2024-07-13T19:37:02+02:00,udac73e5f9c4e72f7,udac73e5f9c4e72f7@users.invalid,udac73e5f9c4e72f7,udac73e5f9c4e72f7@users.invalid,1,0,4,81,125,3,65,123,,,,,,0,,WIP CLI 2,WIP CLI 2
mlco2/codecarbon,fe7609f69e1eb13e9e27720d3771d25f8672dcc1,2024-07,-10,pre,2024-07-13T20:12:40+02:00,2024-07-13T20:12:40+02:00,udac73e5f9c4e72f7,udac73e5f9c4e72f7@users.invalid,udac73e5f9c4e72f7,udac73e5f9c4e72f7@users.invalid,1,0,3,22,15,2,13,9,,,,,,0,,fix(CLI): :bug: make cli work,fix(CLI): :bug: make cli work
mlco2/codecarbon,a23b72118293e8f47149b68b1f169543af0a1bf9,2024-07,-10,pre,2024-07-14T10:34:00+02:00,2024-07-14T10:34:00+02:00,udac73e5f9c4e72f7,udac73e5f9c4e72f7@users.invalid,udac73e5f9c4e72f7,udac73e5f9c4e72f7@users.invalid,1,0,1,16,20,0,0,0,,,,,,0,,test(CLI): :white_check_mark: pass tests,test(CLI): :white_check_mark: pass tests
mlco2/codecarbon,64cd7d3f047f0c998034483e03b149e3ca30756a,2024-07,-10,pre,2024-07-14T10:34:19+02:00,2024-07-14T10:34:19+02:00,udac73e5f9c4e72f7,udac73e5f9c4e72f7@users.invalid,udac73e5f9c4e72f7,udac73e5f9c4e72f7@users.invalid,1,0,1,2,2,0,0,0,,,,,,0,,fix: :white_check_mark: fix API tests,fix: :white_check_mark: fix API tests
mlco2/codecarbon,8c254a5bfee161d461c54254209817e9167376d3,2024-07,-10,pre,2024-07-14T11:17:26+02:00,2024-07-14T11:17:26+02:00,udac73e5f9c4e72f7,udac73e5f9c4e72f7@users.invalid,udac73e5f9c4e72f7,udac73e5f9c4e72f7@users.invalid,1,0,2,31,4,1,1,1,,,,,,0,,fix(CLI): :wrench: default config should be global,fix(CLI): :wrench: default config should be global
mlco2/codecarbon,42ddc4e0dc04b2f2828b1627ba4f55d18d5d3b3e,2024-07,-10,pre,2024-07-14T11:49:54+02:00,2024-07-14T11:49:54+02:00,udac73e5f9c4e72f7,udac73e5f9c4e72f7@users.invalid,udac73e5f9c4e72f7,udac73e5f9c4e72f7@users.invalid,1,0,1,6,1,1,6,1,,,,,,0,,fix(CLI): :bug: fix home path for config file,fix(CLI): :bug: fix home path for config file
mlco2/codecarbon,1dacca525c62030e222a4b547d9d5b39b5efaf5e,2024-07,-10,pre,2024-07-14T18:19:34+02:00,2024-07-14T18:19:34+02:00,u9dae085cd51385f2,u9dae085cd51385f2@users.invalid,GitHub,noreply@github.com,2,1,0,0,0,0,0,0,,,,,,0,610,Merge pull request #610 from h1dec83e0b30eaa3a/fix/update-gcp-impact-values,"Merge pull request #610 from h1dec83e0b30eaa3a/fix/update-gcp-impact-values

Update impact.csv with 2023 values"
mlco2/codecarbon,e7751ff0da19f1672cb4b84aaa918dc4e306efce,2024-07,-10,pre,2024-07-15T10:05:28+02:00,2024-07-15T10:05:28+02:00,ud32d0346b8111cc9,ud32d0346b8111cc9@users.invalid,GitHub,noreply@github.com,1,0,3,45,11,2,29,10,,,,,,0,609,feat(api) allow creating user from auth data (#609),"feat(api) allow creating user from auth data (#609)

Used to create user from authentication server's data,
with no password

Co-authored-by: u17307de1894bf722 <u17307de1894bf722@users.invalid>"
mlco2/codecarbon,409668eaa0898629f8308b33aaa35c79211a6e25,2024-07,-10,pre,2024-07-19T20:15:26+02:00,2024-07-06T22:09:56+02:00,u5d18afb8afb1c84e,u5d18afb8afb1c84e@users.invalid,u9e998c0e62e11e7f,u9e998c0e62e11e7f@users.invalid,1,0,5,54,15,4,21,14,,,,,,0,,feat(api) add access control to organizations list,feat(api) add access control to organizations list
mlco2/codecarbon,e22864f8fdd5122d78d66e1ee952744d6c505700,2024-07,-10,pre,2024-07-21T11:17:39+02:00,2024-07-21T11:17:39+02:00,u17307de1894bf722,u17307de1894bf722@users.invalid,GitHub,noreply@github.com,1,0,7,110,75,4,43,58,,,,,,0,614,fix(api): user signup flow (#614),"fix(api): user signup flow (#614)

* fix(api): user signup flow

* chore: rename function to new_user_setup"
mlco2/codecarbon,76d156813be9d7e6db3b838fc2eea708ab5a8f88,2024-07,-10,pre,2024-07-23T09:56:02+02:00,2024-07-23T09:56:02+02:00,ud32d0346b8111cc9,ud32d0346b8111cc9@users.invalid,GitHub,noreply@github.com,1,0,6,108,24,3,78,23,,,,,,0,616,feat(api) add missing step to registration workflow (#616),"feat(api) add missing step to registration workflow (#616)

* feat(api) add missing step to registration workflow

* fix(api) remove api key check & fix sql update"
mlco2/codecarbon,cbff5e401cb537e95a272ddc1be609bf3fae8b8e,2024-07,-10,pre,2024-07-23T19:06:26+02:00,2024-07-23T19:06:26+02:00,udac73e5f9c4e72f7,udac73e5f9c4e72f7@users.invalid,GitHub,noreply@github.com,2,1,0,0,0,0,0,0,,,,,,0,,Merge branch 'master' into feat/rework_cli,Merge branch 'master' into feat/rework_cli
mlco2/codecarbon,d1bc6835d6d822bb1c3e36e46aeb7c635f777e60,2024-07,-10,pre,2024-07-25T18:02:24+02:00,2024-07-25T18:02:24+02:00,u4ffc173d8f6238b8,u4ffc173d8f6238b8@users.invalid,GitHub,noreply@github.com,1,0,1,2,10,1,2,10,,,,,,0,619,fix: create user in app db if exists in fief (#619),fix: create user in app db if exists in fief (#619)
mlco2/codecarbon,a670f64f13d20e7067c009b6ede418b583a507e2,2024-07,-10,pre,2024-07-26T15:40:38+02:00,2024-07-26T15:40:38+02:00,ud2cfbb48dbdd29fc,ud2cfbb48dbdd29fc@users.invalid,GitHub,noreply@github.com,1,0,1,1,1,0,0,0,,,,,,0,623,Update README.md (#623),"Update README.md (#623)

My name was previously included in the list of authors. I updated how it is written."
mlco2/codecarbon,049b1bfa126f0e6038cad4914d4537d8df8e1655,2024-07,-10,pre,2024-07-26T19:27:09+02:00,2024-07-26T19:27:09+02:00,u17307de1894bf722,u17307de1894bf722@users.invalid,GitHub,noreply@github.com,1,0,11,460,0,9,295,0,,,,,,0,617,feat(api): project token management (#617),"feat(api): project token management (#617)

* feat(api): project token management

* tests + alembic revision

Signed-off-by: u09dcc1f39603dd20 <u09dcc1f39603dd20@users.invalid>

* fix: default access level is WRITE

---------

Signed-off-by: u09dcc1f39603dd20 <u09dcc1f39603dd20@users.invalid>"
mlco2/codecarbon,6d1a46638dea34c210eaf5c1390b03155e53f89f,2024-08,-9,pre,2024-08-02T13:39:46+02:00,2024-08-02T13:39:46+02:00,u17307de1894bf722,u17307de1894bf722@users.invalid,GitHub,noreply@github.com,1,0,9,457,31,4,195,5,,,,,,0,624,Feat: check project token (#624),"Feat: check project token (#624)

* feat(api): project token management

* tests + alembic revision

Signed-off-by: u09dcc1f39603dd20 <u09dcc1f39603dd20@users.invalid>

* temp

Signed-off-by: u09dcc1f39603dd20 <u09dcc1f39603dd20@users.invalid>

* feat(api): check project-token when calling experiments endpoints

* fix sql return + small refactor of project_has_access in project token service

* feat: create emission and create run need project token in header

* add unit test for when there is no token in header

Signed-off-by: u09dcc1f39603dd20 <u09dcc1f39603dd20@users.invalid>

* fix: x-api-token instead of project-token

---------

Signed-off-by: u09dcc1f39603dd20 <u09dcc1f39603dd20@users.invalid>"
mlco2/codecarbon,a98809ef580354032a3967d8c1bfbbe6508ba039,2024-08,-9,pre,2024-08-04T10:58:39+02:00,2024-08-04T10:58:39+02:00,udac73e5f9c4e72f7,udac73e5f9c4e72f7@users.invalid,GitHub,noreply@github.com,2,1,0,0,0,0,0,0,,,,,,0,,Merge branch 'master' into feat/rework_cli,Merge branch 'master' into feat/rework_cli
mlco2/codecarbon,714d005900c512a1481a82b3dd3ea4b197d562f4,2024-08,-9,pre,2024-08-04T12:09:33+02:00,2024-08-04T12:09:33+02:00,udac73e5f9c4e72f7,udac73e5f9c4e72f7@users.invalid,udac73e5f9c4e72f7,udac73e5f9c4e72f7@users.invalid,1,0,12,289,227,1,0,67,,,,,,0,,fixes requirements issues before merging,fixes requirements issues before merging
mlco2/codecarbon,1dc5249bd49fc8b1962634a17e066ae17fa775db,2024-08,-9,pre,2024-08-05T11:40:33+02:00,2024-08-05T11:40:33+02:00,u17307de1894bf722,u17307de1894bf722@users.invalid,GitHub,noreply@github.com,1,0,1,1,1,1,1,1,,,,,,0,628,release 2.5.1 (#628),release 2.5.1 (#628)
mlco2/codecarbon,8ffd7c491c4fa3f3e08808d4e89333f6aaa1668a,2024-08,-9,pre,2024-08-08T12:58:28+02:00,2024-08-08T12:58:28+02:00,uffb4481896b75bc7,uffb4481896b75bc7@users.invalid,uffb4481896b75bc7,uffb4481896b75bc7@users.invalid,1,0,1,38,21,1,38,21,,,,,,0,,Added type hints and docstring to GPUDevice,Added type hints and docstring to GPUDevice
mlco2/codecarbon,f6ecf54f4223ab7863dc8a4ce28b48a66a0b047c,2024-08,-9,pre,2024-08-08T13:01:58+02:00,2024-08-08T13:01:58+02:00,uffb4481896b75bc7,uffb4481896b75bc7@users.invalid,uffb4481896b75bc7,uffb4481896b75bc7@users.invalid,1,0,1,1,1,1,1,1,,,,,,0,,Sorted imports because build failed on remote.,Sorted imports because build failed on remote.
mlco2/codecarbon,f4c70f96abcb97457247aa57b83902d0e9829b3c,2024-08,-9,pre,2024-08-08T19:06:10+02:00,2024-08-08T19:06:10+02:00,udac73e5f9c4e72f7,udac73e5f9c4e72f7@users.invalid,udac73e5f9c4e72f7,udac73e5f9c4e72f7@users.invalid,1,0,22,125,86,0,0,0,,,,,,0,,docs(CLI): :memo: update docs and add asciinema links,docs(CLI): :memo: update docs and add asciinema links
mlco2/codecarbon,65be9fabbb4a9f51c176d4aaa4a5d668d3363e2f,2024-08,-9,pre,2024-08-08T19:07:28+02:00,2024-08-08T19:07:28+02:00,udac73e5f9c4e72f7,udac73e5f9c4e72f7@users.invalid,GitHub,noreply@github.com,2,1,0,0,0,0,0,0,,,,,,0,,Merge branch 'master' into feat/rework_cli,Merge branch 'master' into feat/rework_cli
mlco2/codecarbon,489ba66b9358971d53b7085e864d3f5cd1251193,2024-08,-9,pre,2024-08-08T19:13:33+02:00,2024-08-08T19:13:33+02:00,udac73e5f9c4e72f7,udac73e5f9c4e72f7@users.invalid,GitHub,noreply@github.com,2,1,0,0,0,0,0,0,,,,,,0,506,Merge pull request #506 from mlco2/feat/rework_cli,"Merge pull request #506 from mlco2/feat/rework_cli

Feat/rework cli
WIP : works with local API only now. Needs some work to include authentication"
mlco2/codecarbon,35fd5b2b67459d269237c965cb72299757c21382,2024-08,-9,pre,2024-08-08T19:23:48+02:00,2024-08-08T19:23:48+02:00,udac73e5f9c4e72f7,udac73e5f9c4e72f7@users.invalid,udac73e5f9c4e72f7,udac73e5f9c4e72f7@users.invalid,1,0,4,43,19,0,0,0,,,,,,0,,docs(CLI): :memo: fix asciinema links,docs(CLI): :memo: fix asciinema links
mlco2/codecarbon,a1a15e251f8c1aa047013792c1ff7296ba00c682,2024-08,-9,pre,2024-08-08T19:25:32+02:00,2024-08-08T19:25:32+02:00,udac73e5f9c4e72f7,udac73e5f9c4e72f7@users.invalid,udac73e5f9c4e72f7,udac73e5f9c4e72f7@users.invalid,2,1,0,0,0,0,0,0,,,,,,0,,Merge remote-tracking branch 'origin/master' into docs/update_asciinema,Merge remote-tracking branch 'origin/master' into docs/update_asciinema
mlco2/codecarbon,39b35608a206ae96bb6ae71e5bcf40f79964ecee,2024-08,-9,pre,2024-08-09T19:04:03+02:00,2024-07-15T12:02:52-05:00,u288c8f0300620854,u288c8f0300620854@users.invalid,u9dae085cd51385f2,u9dae085cd51385f2@users.invalid,1,0,3,1567,1629,0,0,0,,,,,,0,,Updated static data with 2023 values from OWID,Updated static data with 2023 values from OWID
mlco2/codecarbon,8ad7027a17f160459fae71e5535ab1924fb96987,2024-08,-9,pre,2024-08-09T19:04:03+02:00,2024-07-15T14:34:53-05:00,u288c8f0300620854,u288c8f0300620854@users.invalid,u9dae085cd51385f2,u9dae085cd51385f2@users.invalid,1,0,2,25,2,1,8,2,,,,,,0,,Added error handling for GPU energy measurements,Added error handling for GPU energy measurements
mlco2/codecarbon,7a7f4c4ba7b0773aed2e394bf7aa381a95896cc6,2024-08,-9,pre,2024-08-09T19:04:03+02:00,2024-07-16T10:01:03-05:00,u288c8f0300620854,u288c8f0300620854@users.invalid,u9dae085cd51385f2,u9dae085cd51385f2@users.invalid,1,0,1,1,0,1,1,0,,,,,,0,,Logged failure to retrieve gpu energy consumption,Logged failure to retrieve gpu energy consumption
mlco2/codecarbon,dee5e7e021c12dbe14694c0cb9b1a82d9e128e4f,2024-08,-9,pre,2024-08-09T19:04:03+02:00,2024-08-09T19:03:10+02:00,u9dae085cd51385f2,u9dae085cd51385f2@users.invalid,u9dae085cd51385f2,u9dae085cd51385f2@users.invalid,1,0,1,3,1,1,3,1,,,,,,0,,lint,lint
mlco2/codecarbon,47a5423f69eb7ab9ed27a414e2e5e54f1a9cb690,2024-08,-9,pre,2024-08-09T19:28:54+02:00,2024-08-09T19:28:54+02:00,u9dae085cd51385f2,u9dae085cd51385f2@users.invalid,GitHub,noreply@github.com,2,1,0,0,0,0,0,0,,,,,,0,613,Merge pull request #613 from h51c392eebdc0092f/bug/gpu_emissions_error,"Merge pull request #613 from h51c392eebdc0092f/bug/gpu_emissions_error

Catch error from pynvml.nvmlDeviceGetTotalEnergyConsumption (Issue #586)"
mlco2/codecarbon,60e31afb3dfa4b310effba9c17814ad2bb29539e,2024-08,-9,pre,2024-08-09T19:30:32+02:00,2024-07-10T18:20:54+02:00,u9dae085cd51385f2,u9dae085cd51385f2@users.invalid,u9dae085cd51385f2,u9dae085cd51385f2@users.invalid,1,0,9,50,62,0,0,0,,,,,,0,,Update deps,Update deps
mlco2/codecarbon,f1285e6cf6b83191c42531427c86ab9d12b974ad,2024-08,-9,pre,2024-08-09T19:30:32+02:00,2024-07-10T18:21:56+02:00,u9dae085cd51385f2,u9dae085cd51385f2@users.invalid,u9dae085cd51385f2,u9dae085cd51385f2@users.invalid,1,0,1,25,9,1,25,9,,,,,,0,,wip: remove pkg_resources,wip: remove pkg_resources
mlco2/codecarbon,e3577ce3dae4120aa5f8d26874ee129c215dd8b4,2024-08,-9,pre,2024-08-09T19:30:32+02:00,2024-07-11T21:55:34+02:00,u11d965fe4df279f7,u11d965fe4df279f7@users.invalid,u9dae085cd51385f2,u9dae085cd51385f2@users.invalid,1,0,10,37,30,0,0,0,,,,,,0,,Add importlib-resources,Add importlib-resources
mlco2/codecarbon,b7982579bb4586d714aa6e4e43a0bb9307cfd44b,2024-08,-9,pre,2024-08-09T19:30:32+02:00,2024-07-11T21:56:04+02:00,u11d965fe4df279f7,u11d965fe4df279f7@users.invalid,u9dae085cd51385f2,u9dae085cd51385f2@users.invalid,1,0,1,4,4,1,4,4,,,,,,0,,Use importlib,Use importlib
mlco2/codecarbon,cfa1b9a323c7e5960e3b4e5681938651f49b7895,2024-08,-9,pre,2024-08-09T19:30:32+02:00,2024-07-11T22:14:40+02:00,u11d965fe4df279f7,u11d965fe4df279f7@users.invalid,u9dae085cd51385f2,u9dae085cd51385f2@users.invalid,1,0,6,16,16,0,0,0,,,,,,0,,Numpy support,Numpy support
mlco2/codecarbon,72535a9a28f29074cd6b4c67ac57db754cf4d810,2024-08,-9,pre,2024-08-09T19:30:32+02:00,2024-08-09T19:26:31+02:00,u9dae085cd51385f2,u9dae085cd51385f2@users.invalid,u9dae085cd51385f2,u9dae085cd51385f2@users.invalid,1,0,10,90,55,0,0,0,,,,,,0,,Bump deps,Bump deps
mlco2/codecarbon,663c79dc779565e14983a6119d56523e671f1107,2024-08,-9,pre,2024-08-09T19:31:57+02:00,2024-08-09T19:31:57+02:00,u9dae085cd51385f2,u9dae085cd51385f2@users.invalid,u9dae085cd51385f2,u9dae085cd51385f2@users.invalid,1,0,1,1,1,1,1,1,,,,,,0,,Bump version to 2.6,Bump version to 2.6
mlco2/codecarbon,ba396a7ae19d3c8e6533ddfffba74b3ac9c2cb22,2024-08,-9,pre,2024-08-09T19:35:24+02:00,2024-08-09T19:35:24+02:00,u9dae085cd51385f2,u9dae085cd51385f2@users.invalid,GitHub,noreply@github.com,2,1,0,0,0,0,0,0,,,,,,0,607,Merge pull request #607 from mlco2/feat/py312_support,"Merge pull request #607 from mlco2/feat/py312_support

Python 3.12 support"
mlco2/codecarbon,daa2b6c20213138315aed97de4e2541417f3e4d2,2024-08,-9,pre,2024-08-10T11:50:07+02:00,2024-08-10T11:50:07+02:00,udac73e5f9c4e72f7,udac73e5f9c4e72f7@users.invalid,GitHub,noreply@github.com,2,1,0,0,0,0,0,0,,,,,,0,,Merge branch 'master' into docs/update_asciinema,Merge branch 'master' into docs/update_asciinema
mlco2/codecarbon,aec270921560d9c486390f26405cd62bc23a4305,2024-08,-9,pre,2024-08-10T19:53:28+02:00,2024-08-10T19:53:28+02:00,udac73e5f9c4e72f7,udac73e5f9c4e72f7@users.invalid,GitHub,noreply@github.com,2,1,0,0,0,0,0,0,,,,,,0,632,Merge pull request #632 from mlco2/docs/update_asciinema,"Merge pull request #632 from mlco2/docs/update_asciinema

docs(CLI): :memo: fix asciinema links"
mlco2/codecarbon,acc29550cef93ee9979fe047eecf1ba33738dcd7,2024-08,-9,pre,2024-08-12T12:08:22+02:00,2024-08-12T12:08:22+02:00,uffb4481896b75bc7,uffb4481896b75bc7@users.invalid,uffb4481896b75bc7,uffb4481896b75bc7@users.invalid,2,1,0,0,0,0,0,0,,,,,,0,,Merge remote-tracking branch 'origin' into improvement-added-type-hints-and-docstring-to-gpu-device,Merge remote-tracking branch 'origin' into improvement-added-type-hints-and-docstring-to-gpu-device
mlco2/codecarbon,52189f4d8981f78b706fc0f508d9035e19fe16c2,2024-08,-9,pre,2024-08-12T19:02:03+02:00,2024-08-12T19:02:03+02:00,u9dae085cd51385f2,u9dae085cd51385f2@users.invalid,GitHub,noreply@github.com,2,1,0,0,0,0,0,0,,,,,,0,631,Merge pull request #631 from hbc2757127bed89bc/improvement-added-type-hints-and-docstring-to-gpu-device,"Merge pull request #631 from hbc2757127bed89bc/improvement-added-type-hints-and-docstring-to-gpu-device

Added type hints and docstring to GPUDevice"
mlco2/codecarbon,417b77dec37b623ae8001d07b783ebf6637e7e84,2024-08,-9,pre,2024-08-12T19:02:56+02:00,2024-08-01T14:30:04+02:00,u682dc643b9a590e0,u682dc643b9a590e0@users.invalid,u9dae085cd51385f2,u9dae085cd51385f2@users.invalid,1,0,1,1,0,0,0,0,,,,,,0,,fix: added the TDP of CPU Intel Core i7-1360P,fix: added the TDP of CPU Intel Core i7-1360P
mlco2/codecarbon,ce569296fbf20dc6468559bab0dfc509c21008f0,2024-08,-9,pre,2024-08-12T19:36:44+02:00,2024-08-12T19:36:44+02:00,u9dae085cd51385f2,u9dae085cd51385f2@users.invalid,GitHub,noreply@github.com,2,1,0,0,0,0,0,0,,,,,,0,626,Merge pull request #626 from h2836facb22e5d291/fix/add_i7-1360p_TDP,"Merge pull request #626 from h2836facb22e5d291/fix/add_i7-1360p_TDP

fix: added the TDP of CPU Intel Core i7-1360P"
mlco2/codecarbon,fe8871717ea4230a6bb4a6a77c00d56f48124247,2024-08,-9,pre,2024-08-13T11:14:09+02:00,2024-08-13T11:14:09+02:00,uffb4481896b75bc7,uffb4481896b75bc7@users.invalid,GitHub,noreply@github.com,1,0,1,1,1,0,0,0,,,,,,0,,Fixed typo in CONTRIBUTING.md,"Fixed typo in CONTRIBUTING.md

Fixed a minor typo in the markdown file."
mlco2/codecarbon,dd1e35897704657701fb343e882f9b65934a7215,2024-08,-9,pre,2024-08-13T16:19:17+02:00,2024-08-13T16:19:17+02:00,u9dae085cd51385f2,u9dae085cd51385f2@users.invalid,GitHub,noreply@github.com,2,1,0,0,0,0,0,0,,,,,,0,633,Merge pull request #633 from hbc2757127bed89bc/patch-1,"Merge pull request #633 from hbc2757127bed89bc/patch-1

Fixed typo in CONTRIBUTING.md"
mlco2/codecarbon,709fb2ecf909da894192fc5559e97fe7ca04b61d,2024-08,-9,pre,2024-08-14T17:20:56+02:00,2024-08-14T17:20:56+02:00,uffb4481896b75bc7,uffb4481896b75bc7@users.invalid,uffb4481896b75bc7,uffb4481896b75bc7@users.invalid,1,0,1,16,16,1,16,16,,,,,,0,,subprocess.Popen now uses a with-statement in powermetrics.py _has_powermetrics_sudo() function,subprocess.Popen now uses a with-statement in powermetrics.py _has_powermetrics_sudo() function
mlco2/codecarbon,ebe3579215d3f289dfa1c7743cb9a24c5f23bf51,2024-08,-9,pre,2024-08-20T20:55:07+02:00,2024-07-24T15:57:37+02:00,ubdc5dce21025c873,ubdc5dce21025c873@users.invalid,u9e998c0e62e11e7f,u9e998c0e62e11e7f@users.invalid,1,0,56,9596,0,0,0,0,,,,,,0,,First commit of the web app - half finished,First commit of the web app - half finished
mlco2/codecarbon,e7ee9f35ea16c19556dc16a86a24d4cf0c538f89,2024-08,-9,pre,2024-08-20T20:55:07+02:00,2024-07-24T16:16:05+02:00,ubdc5dce21025c873,ubdc5dce21025c873@users.invalid,u9e998c0e62e11e7f,u9e998c0e62e11e7f@users.invalid,1,0,1,1,0,0,0,0,,,,,,0,,Test Vercel automated deployment,Test Vercel automated deployment
mlco2/codecarbon,e1fae492d21673ba9338483336718c1026af63d8,2024-08,-9,pre,2024-08-20T20:55:07+02:00,2024-07-24T16:31:40+02:00,ubdc5dce21025c873,ubdc5dce21025c873@users.invalid,u9e998c0e62e11e7f,u9e998c0e62e11e7f@users.invalid,1,0,5,254,230,0,0,0,,,,,,0,,Fix build issues,Fix build issues
mlco2/codecarbon,aa74bfcba59193f334b418cea1fdd58a7560c1a1,2024-08,-9,pre,2024-08-20T20:55:07+02:00,2024-07-24T16:41:15+02:00,ubdc5dce21025c873,ubdc5dce21025c873@users.invalid,u9e998c0e62e11e7f,u9e998c0e62e11e7f@users.invalid,1,0,21,1537,1414,0,0,0,,,,,,0,,Fix build issues 2,Fix build issues 2
mlco2/codecarbon,744f04754d5d101985315c16726c078ee50e08ce,2024-08,-9,pre,2024-08-20T20:55:07+02:00,2024-07-24T17:09:58+02:00,ubdc5dce21025c873,ubdc5dce21025c873@users.invalid,u9e998c0e62e11e7f,u9e998c0e62e11e7f@users.invalid,1,0,4,52,47,0,0,0,,,,,,0,,Added logs to debug,Added logs to debug
mlco2/codecarbon,4a568cd9b74a32abab2a2b8f5ca27b51b052cee4,2024-08,-9,pre,2024-08-20T20:55:07+02:00,2024-07-25T09:03:21+02:00,ubdc5dce21025c873,ubdc5dce21025c873@users.invalid,u9e998c0e62e11e7f,u9e998c0e62e11e7f@users.invalid,1,0,1,4,1,0,0,0,,,,,,0,,Fix navbar empty,Fix navbar empty
mlco2/codecarbon,e3a3e3fd6e102848de344bf2addb6623383879ee,2024-08,-9,pre,2024-08-20T20:55:07+02:00,2024-07-25T13:19:12+02:00,ubdc5dce21025c873,ubdc5dce21025c873@users.invalid,u9e998c0e62e11e7f,u9e998c0e62e11e7f@users.invalid,1,0,21,536,311,0,0,0,,,,,,0,,Fixed nav bar flickering,Fixed nav bar flickering
mlco2/codecarbon,5b99effc94a32ee1ff0139800abe076eb1edd6fc,2024-08,-9,pre,2024-08-20T20:55:07+02:00,2024-07-25T16:16:26+02:00,ubdc5dce21025c873,ubdc5dce21025c873@users.invalid,u9e998c0e62e11e7f,u9e998c0e62e11e7f@users.invalid,1,0,5,75,18,0,0,0,,,,,,0,,Added loading state,Added loading state
mlco2/codecarbon,b92842b01cb8102a1e2ff4e965b4399a170eec39,2024-08,-9,pre,2024-08-20T20:55:07+02:00,2024-07-25T16:41:26+02:00,ubdc5dce21025c873,ubdc5dce21025c873@users.invalid,u9e998c0e62e11e7f,u9e998c0e62e11e7f@users.invalid,1,0,7,31,46,0,0,0,,,,,,0,,Improved initial display,Improved initial display
mlco2/codecarbon,6ca7243dc23b789401ac09cfa1f83ab2a09a6a33,2024-08,-9,pre,2024-08-20T20:55:07+02:00,2024-07-25T18:56:28+02:00,ubdc5dce21025c873,ubdc5dce21025c873@users.invalid,u9e998c0e62e11e7f,u9e998c0e62e11e7f@users.invalid,1,0,6,134,74,0,0,0,,,,,,0,,Add /auth/check call after login + navbar collapse in small screen,Add /auth/check call after login + navbar collapse in small screen
mlco2/codecarbon,ff4547c531ac8c1d4b76b396f612c6d7f0221c8a,2024-08,-9,pre,2024-08-20T20:55:07+02:00,2024-07-25T20:11:04+02:00,ud79fc260951ed870,ud79fc260951ed870@users.invalid,u9e998c0e62e11e7f,u9e998c0e62e11e7f@users.invalid,1,0,1,2,2,0,0,0,,,,,,0,,Change /auth/check into /auth/login to create user in applicative db,Change /auth/check into /auth/login to create user in applicative db
mlco2/codecarbon,1fa7f0292de73b2e86a94c91cc8f2c2f306797ea,2024-08,-9,pre,2024-08-20T20:55:07+02:00,2024-07-29T08:01:00+02:00,ud32d0346b8111cc9,ud32d0346b8111cc9@users.invalid,u9e998c0e62e11e7f,u9e998c0e62e11e7f@users.invalid,1,0,2,2,2,0,0,0,,,,,,0,625,config(webapp) edit auth/callback urls (#625),config(webapp) edit auth/callback urls (#625)
mlco2/codecarbon,0720d6e90f05f862b888408a8ffbd7b07db8e6f8,2024-08,-9,pre,2024-08-20T20:55:07+02:00,2024-07-29T08:52:14+02:00,ud79fc260951ed870,ud79fc260951ed870@users.invalid,u9e998c0e62e11e7f,u9e998c0e62e11e7f@users.invalid,1,0,1,4,3,0,0,0,,,,,,0,,chore: add clever config,chore: add clever config
mlco2/codecarbon,a99237ad2757d71c82d55738fe8d0dee249c542d,2024-08,-9,pre,2024-08-20T20:55:07+02:00,2024-08-09T18:34:55+02:00,u5d18afb8afb1c84e,u5d18afb8afb1c84e@users.invalid,u9e998c0e62e11e7f,u9e998c0e62e11e7f@users.invalid,1,0,2,3,3,0,0,0,,,,,,0,,fix(webapp) use simple a link for login,fix(webapp) use simple a link for login
mlco2/codecarbon,d5058aee540c431a33c3d24220a8a7628097020d,2024-08,-9,pre,2024-08-20T20:55:07+02:00,2024-07-25T18:37:37+02:00,u5d18afb8afb1c84e,u5d18afb8afb1c84e@users.invalid,u9e998c0e62e11e7f,u9e998c0e62e11e7f@users.invalid,1,0,2,38,20,2,38,20,,,,,,0,,fix(api) allow user to authenticate using cookie,fix(api) allow user to authenticate using cookie
mlco2/codecarbon,d6307bd65cabb3323db403dae554cdb9c5d68660,2024-08,-9,pre,2024-08-20T20:55:07+02:00,2024-08-12T15:31:03+02:00,u5d18afb8afb1c84e,u5d18afb8afb1c84e@users.invalid,u9e998c0e62e11e7f,u9e998c0e62e11e7f@users.invalid,1,0,2,11,1,2,11,1,,,,,,0,,fix(api) mount api to/api and fix a few missing pieces,fix(api) mount api to/api and fix a few missing pieces
mlco2/codecarbon,9bf4baf1f68769a750eb3b2faef0363ea2c74248,2024-08,-9,pre,2024-08-20T20:55:07+02:00,2024-08-20T20:45:32+02:00,u5d18afb8afb1c84e,u5d18afb8afb1c84e@users.invalid,u9e998c0e62e11e7f,u9e998c0e62e11e7f@users.invalid,1,0,2,19,6,1,18,6,,,,,,0,,fix(api) fix auth redirect not working.,"fix(api) fix auth redirect not working.

Use a html script redirect instead of a 307 response.
Also remove some prints."
mlco2/codecarbon,58ee93479cb2708f2c9b05d5b6a0ea34362bdea5,2024-08,-9,pre,2024-08-21T14:35:49+01:00,2024-08-21T14:35:49+01:00,uffb4481896b75bc7,uffb4481896b75bc7@users.invalid,GitHub,noreply@github.com,2,1,0,0,0,0,0,0,,,,,,0,,Merge branch 'master' into improvement-added-using-with-R1732-powermetrics,Merge branch 'master' into improvement-added-using-with-R1732-powermetrics
mlco2/codecarbon,e51a4f87c8c2a5414f4d0c1b31d929b0c6d7a233,2024-08,-9,pre,2024-08-28T09:31:55+02:00,2024-08-28T09:31:55+02:00,u4ffc173d8f6238b8,u4ffc173d8f6238b8@users.invalid,GitHub,noreply@github.com,1,0,33,460,522,21,390,289,,,,,,0,643,init refacto for functional filtering in api (#643),"init refacto for functional filtering in api (#643)

* feat: init refacto

* feat: test functional authorization

* temp: skipping failing tests, to be reactivated in following PR (WIP)"
mlco2/codecarbon,1f86957e1b7cb1f3472fdde91f6c42141b2d9bad,2024-08,-9,pre,2024-08-28T09:36:19+02:00,2024-08-28T09:36:19+02:00,dependabot[bot],49699333+dependabot[bot]@users.noreply.github.com,GitHub,noreply@github.com,1,0,1,7,7,0,0,0,,,,,dependabot,0,644,chore(deps): bump micromatch from 4.0.7 to 4.0.8 in /webapp (#644),"chore(deps): bump micromatch from 4.0.7 to 4.0.8 in /webapp (#644)

Bumps [micromatch](https://github.com/micromatch/micromatch) from 4.0.7 to 4.0.8.
- [Release notes](https://github.com/micromatch/micromatch/releases)
- [Changelog](https://github.com/micromatch/micromatch/blob/master/CHANGELOG.md)
- [Commits](https://github.com/micromatch/micromatch/compare/4.0.7...4.0.8)

---
updated-dependencies:
- dependency-name: micromatch
  dependency-type: indirect
...

Signed-off-by: dependabot[bot] <support@github.com>
Co-authored-by: dependabot[bot] <49699333+dependabot[bot]@users.noreply.github.com>"
mlco2/codecarbon,d73485733f1a2a7303f9304c43f461ed2f983e20,2024-08,-9,pre,2024-08-28T10:14:19+02:00,2024-08-27T09:37:58+02:00,u5d18afb8afb1c84e,u5d18afb8afb1c84e@users.invalid,u9e998c0e62e11e7f,u9e998c0e62e11e7f@users.invalid,1,0,13,290,29,10,222,27,,,,,,0,,feat(api) use new membership table to manage org members,"feat(api) use new membership table to manage org members

We want to have a list of users and admins in an organization.
Instead of having user.organizations and organization.admins,
we use a new table."
mlco2/codecarbon,ee40e72312e4fab0e2c8f093900c1ecfba75874f,2024-08,-9,pre,2024-08-28T14:40:41+02:00,2024-08-28T14:40:41+02:00,u4ffc173d8f6238b8,u4ffc173d8f6238b8@users.invalid,GitHub,noreply@github.com,1,0,24,117,85,4,3,3,,,,,,0,645,fix: fix tests (#645),fix: fix tests (#645)
mlco2/codecarbon,d1bb04f42d55fe70d3f87a622044fcbc32e1bde8,2024-08,-9,pre,2024-08-29T13:42:13+02:00,2024-08-29T13:42:13+02:00,uffb4481896b75bc7,uffb4481896b75bc7@users.invalid,GitHub,noreply@github.com,2,1,0,0,0,0,0,0,,,,,,0,,Merge branch 'master' into improvement-added-using-with-R1732-powermetrics,Merge branch 'master' into improvement-added-using-with-R1732-powermetrics
mlco2/codecarbon,aabe58428ed4474de1e63ac2fef3a6f3065d74fc,2024-08,-9,pre,2024-08-29T14:29:55+02:00,2024-08-28T21:51:39+02:00,u5d18afb8afb1c84e,u5d18afb8afb1c84e@users.invalid,u9e998c0e62e11e7f,u9e998c0e62e11e7f@users.invalid,1,0,8,97,19,6,85,18,,,,,,0,,feat(api) new routes to add users to organizations,feat(api) new routes to add users to organizations
mlco2/codecarbon,f16c986aa7cb52f6b4e7439fbc100691a1339432,2024-08,-9,pre,2024-08-29T15:27:02+02:00,2024-08-28T18:11:32+02:00,u5d18afb8afb1c84e,u5d18afb8afb1c84e@users.invalid,u9e998c0e62e11e7f,u9e998c0e62e11e7f@users.invalid,1,0,2,115,29,0,0,0,,,,,,0,,feat(webapp) form to add users to organization,feat(webapp) form to add users to organization
mlco2/codecarbon,1f0188d1e8e860d922bae17dff86ec9b03974fe1,2024-09,-8,pre,2024-09-02T10:00:48+02:00,2024-09-02T10:00:48+02:00,uffb4481896b75bc7,uffb4481896b75bc7@users.invalid,GitHub,noreply@github.com,2,1,0,0,0,0,0,0,,,,,,0,,Merge branch 'master' into improvement-added-using-with-R1732-powermetrics,Merge branch 'master' into improvement-added-using-with-R1732-powermetrics
mlco2/codecarbon,9a7887f470aea512a6acb278349186e1dcd44f57,2024-09,-8,pre,2024-09-03T16:17:58+02:00,2024-09-03T16:17:58+02:00,u9dae085cd51385f2,u9dae085cd51385f2@users.invalid,GitHub,noreply@github.com,2,1,0,0,0,0,0,0,,,,,,0,637,Merge pull request #637 from hbc2757127bed89bc/improvement-added-using-with-R1732-powermetrics,"Merge pull request #637 from hbc2757127bed89bc/improvement-added-using-with-R1732-powermetrics

subprocess.Popen now uses a with-statement in powermetrics.py"
mlco2/codecarbon,18c41ffc7ab07288b98bef1a9eff6586e49f1cc4,2024-09,-8,pre,2024-09-03T16:38:31+02:00,2024-08-15T00:50:09+02:00,uffb4481896b75bc7,uffb4481896b75bc7@users.invalid,u9dae085cd51385f2,u9dae085cd51385f2@users.invalid,1,0,1,5,3,1,5,3,,,,,,0,,Added type hints in co2_signal.py,Added type hints in co2_signal.py
mlco2/codecarbon,6cdd73d7a9bde225a9c158df9c9f339de4577c6b,2024-09,-8,pre,2024-09-03T16:38:31+02:00,2024-08-15T01:02:17+02:00,uffb4481896b75bc7,uffb4481896b75bc7@users.invalid,u9dae085cd51385f2,u9dae085cd51385f2@users.invalid,1,0,1,25,0,1,25,0,,,,,,0,,Added docstring,Added docstring
mlco2/codecarbon,32c5242074251a43c767fd7895387ed46f7a9a79,2024-09,-8,pre,2024-09-03T16:38:31+02:00,2024-08-15T01:03:47+02:00,uffb4481896b75bc7,uffb4481896b75bc7@users.invalid,u9dae085cd51385f2,u9dae085cd51385f2@users.invalid,1,0,1,1,1,1,1,1,,,,,,0,,Shortened docstring,Shortened docstring
mlco2/codecarbon,818b4b9e81ea135b2ea6ae18503bc0594378ae83,2024-09,-8,pre,2024-09-03T17:19:43+02:00,2024-09-03T17:19:43+02:00,u9dae085cd51385f2,u9dae085cd51385f2@users.invalid,GitHub,noreply@github.com,2,1,0,0,0,0,0,0,,,,,,0,638,Merge pull request #638 from hbc2757127bed89bc/added-type-hint-co2-signal,"Merge pull request #638 from hbc2757127bed89bc/added-type-hint-co2-signal

Added type hint co2 signal"
mlco2/codecarbon,d82cda4d757b46bd3ed73bf56daff0519eafe145,2024-09,-8,pre,2024-09-03T17:20:26+02:00,2024-08-14T17:01:00+02:00,uffb4481896b75bc7,uffb4481896b75bc7@users.invalid,u9dae085cd51385f2,u9dae085cd51385f2@users.invalid,1,0,1,25,6,1,25,6,,,,,,0,,Added type hints to functions and docstring to Powermetrics class,Added type hints to functions and docstring to Powermetrics class
mlco2/codecarbon,ed821f6da99285d4da0c62b8f05f282453f3f37e,2024-09,-8,pre,2024-09-03T17:49:30+02:00,2024-09-03T17:49:30+02:00,u9dae085cd51385f2,u9dae085cd51385f2@users.invalid,GitHub,noreply@github.com,2,1,0,0,0,0,0,0,,,,,,0,636,Merge pull request #636 from hbc2757127bed89bc/improvment-added-type-hints-and-docstring-powermetrics,"Merge pull request #636 from hbc2757127bed89bc/improvment-added-type-hints-and-docstring-powermetrics

Added type hints to functions and docstring to ApplePowermetrics class"
mlco2/codecarbon,030cb1b1156662cda7948391da1971824ee79e19,2024-09,-8,pre,2024-09-03T17:50:13+02:00,2024-08-13T12:46:14+02:00,uffb4481896b75bc7,uffb4481896b75bc7@users.invalid,u9dae085cd51385f2,u9dae085cd51385f2@users.invalid,1,0,1,118,29,1,118,29,,,,,,0,,Pushed proposed refactoring changes,Pushed proposed refactoring changes
mlco2/codecarbon,933f8b2041c66a8082c5211317ddc3473b7120fc,2024-09,-8,pre,2024-09-03T17:50:13+02:00,2024-08-13T13:11:42+02:00,uffb4481896b75bc7,uffb4481896b75bc7@users.invalid,u9dae085cd51385f2,u9dae085cd51385f2@users.invalid,1,0,1,2,2,1,2,2,,,,,,0,,Added type hints,Added type hints
mlco2/codecarbon,36c2e2bed090367cfa0b457124ddd6578f8927ac,2024-09,-8,pre,2024-09-03T17:50:13+02:00,2024-08-13T13:18:48+02:00,uffb4481896b75bc7,uffb4481896b75bc7@users.invalid,u9dae085cd51385f2,u9dae085cd51385f2@users.invalid,1,0,1,3,4,1,3,4,,,,,,0,,Pre-commit commit,Pre-commit commit
mlco2/codecarbon,7a99ddad1ae6f45163e842825bfcaad071181608,2024-09,-8,pre,2024-09-04T07:54:15+02:00,2024-09-04T07:54:15+02:00,u9dae085cd51385f2,u9dae085cd51385f2@users.invalid,GitHub,noreply@github.com,2,1,0,0,0,0,0,0,,,,,,0,634,Merge pull request #634 from hbc2757127bed89bc/refactor-core-cpu-file,"Merge pull request #634 from hbc2757127bed89bc/refactor-core-cpu-file

Proposed refactoring changes to cpu.py"
mlco2/codecarbon,7daa8e5cfbedf142ac2ecce59c0f75fb1e4fba5a,2024-09,-8,pre,2024-09-04T14:42:52+02:00,2024-08-14T16:46:51+02:00,uffb4481896b75bc7,uffb4481896b75bc7@users.invalid,u9dae085cd51385f2,u9dae085cd51385f2@users.invalid,1,0,1,0,3,1,0,3,,,,,,0,,Removed redundant dangling return keywords,Removed redundant dangling return keywords
mlco2/codecarbon,ba0c6e7f3655d772d1c1d26209e1c651cdec9b99,2024-09,-8,pre,2024-09-04T14:55:19+02:00,2024-09-04T14:55:19+02:00,u9dae085cd51385f2,u9dae085cd51385f2@users.invalid,GitHub,noreply@github.com,2,1,0,0,0,0,0,0,,,,,,0,635,Merge pull request #635 from hbc2757127bed89bc/improvement-remove-redundant-return-statements,"Merge pull request #635 from hbc2757127bed89bc/improvement-remove-redundant-return-statements

Removed redundant dangling return keywords from `rapl.py`"
mlco2/codecarbon,f165d1beb79b7475b96824c9bf57b8fabd874a58,2024-09,-8,pre,2024-09-04T16:48:31+02:00,2024-09-04T16:48:31+02:00,u17307de1894bf722,u17307de1894bf722@users.invalid,GitHub,noreply@github.com,1,0,1,49,29,0,0,0,,,,,,0,651,fix(ui): remove imports + add await (#651),"fix(ui): remove imports + add await (#651)

Signed-off-by: u09dcc1f39603dd20 <u09dcc1f39603dd20@users.invalid>"
mlco2/codecarbon,b91735a9cedcb779f12e6fc2e0b0b2842b22ced5,2024-09,-8,pre,2024-09-04T16:54:59+02:00,2024-09-04T16:54:59+02:00,u17307de1894bf722,u17307de1894bf722@users.invalid,GitHub,noreply@github.com,1,0,47,7218,7140,0,0,0,,,,,,0,652,ci(ui): setup ci for the ui + prettier (#652),"ci(ui): setup ci for the ui + prettier (#652)

* ci(ui): setup ci for the ui + prettier

* fix: ci job to use webapp

Signed-off-by: u09dcc1f39603dd20 <u09dcc1f39603dd20@users.invalid>

---------

Signed-off-by: u09dcc1f39603dd20 <u09dcc1f39603dd20@users.invalid>"
mlco2/codecarbon,de2c79c785d8745e939753f4fcd4912cb10e3206,2024-09,-8,pre,2024-09-05T16:44:44+02:00,2024-09-05T16:44:44+02:00,dependabot[bot],49699333+dependabot[bot]@users.noreply.github.com,GitHub,noreply@github.com,1,0,1,1,1,0,0,0,,,,,dependabot,0,650,chore(deps): bump cryptography from 43.0.0 to 43.0.1 in /requirements (#650),"chore(deps): bump cryptography from 43.0.0 to 43.0.1 in /requirements (#650)

Bumps [cryptography](https://github.com/pyca/cryptography) from 43.0.0 to 43.0.1.
- [Changelog](https://github.com/pyca/cryptography/blob/main/CHANGELOG.rst)
- [Commits](https://github.com/pyca/cryptography/compare/43.0.0...43.0.1)

---
updated-dependencies:
- dependency-name: cryptography
  dependency-type: direct:production
...

Signed-off-by: dependabot[bot] <support@github.com>
Co-authored-by: dependabot[bot] <49699333+dependabot[bot]@users.noreply.github.com>
Co-authored-by: u4ffc173d8f6238b8 <u4ffc173d8f6238b8@users.invalid>"
mlco2/codecarbon,c83c6560cd187328a6f23d7cbcf60eb3c074617c,2024-09,-8,pre,2024-09-08T10:22:09+02:00,2024-08-19T19:24:01-05:00,u04f195be3c3059c2,u04f195be3c3059c2@users.invalid,u9dae085cd51385f2,u9dae085cd51385f2@users.invalid,1,0,1,44,38,1,44,38,,,,,,0,,"feat: create separate function for setting ram, cpu, gpu tracking","feat: create separate function for setting ram, cpu, gpu tracking"
mlco2/codecarbon,85650007c4c17ef4342ea3a200748def88d2489a,2024-09,-8,pre,2024-09-08T10:22:09+02:00,2024-08-20T17:26:32-05:00,u04f195be3c3059c2,u04f195be3c3059c2@users.invalid,u9dae085cd51385f2,u9dae085cd51385f2@users.invalid,1,0,2,43,4,2,43,4,,,,,,0,,feat: add logs for tracking methods chosen and instructions for installing cpu tracking requirements,feat: add logs for tracking methods chosen and instructions for installing cpu tracking requirements
mlco2/codecarbon,47754fa84f4416e9703033a373e01b2025679815,2024-09,-8,pre,2024-09-08T10:22:09+02:00,2024-09-03T20:14:32-05:00,ud3a258c567c02880,ud3a258c567c02880@users.invalid,u9dae085cd51385f2,u9dae085cd51385f2@users.invalid,1,0,1,1,1,1,1,1,,,,,,0,,Update codecarbon/emissions_tracker.py,"Update codecarbon/emissions_tracker.py

Co-authored-by: u9dae085cd51385f2 <u9dae085cd51385f2@users.invalid>"
mlco2/codecarbon,a80e1158ef6c508527aae48d3f1e1a52b1cf82a6,2024-09,-8,pre,2024-09-08T10:22:09+02:00,2024-09-03T20:15:14-05:00,ud3a258c567c02880,ud3a258c567c02880@users.invalid,u9dae085cd51385f2,u9dae085cd51385f2@users.invalid,1,0,1,1,1,1,1,1,,,,,,0,,Update codecarbon/emissions_tracker.py,"Update codecarbon/emissions_tracker.py

Co-authored-by: u9dae085cd51385f2 <u9dae085cd51385f2@users.invalid>"
mlco2/codecarbon,1df4503ce147955a1952d05fe64c804aad3949b2,2024-09,-8,pre,2024-09-08T10:22:09+02:00,2024-09-03T20:15:59-05:00,ud3a258c567c02880,ud3a258c567c02880@users.invalid,u9dae085cd51385f2,u9dae085cd51385f2@users.invalid,1,0,1,1,1,1,1,1,,,,,,0,,Update codecarbon/emissions_tracker.py change comment requested change,"Update codecarbon/emissions_tracker.py change comment requested change

Co-authored-by: u9dae085cd51385f2 <u9dae085cd51385f2@users.invalid>"
mlco2/codecarbon,0ae9464ed543fa510933eb04836eb0c0e62cb226,2024-09,-8,pre,2024-09-08T10:22:09+02:00,2024-09-03T20:39:53-05:00,u04f195be3c3059c2,u04f195be3c3059c2@users.invalid,u9dae085cd51385f2,u9dae085cd51385f2@users.invalid,1,0,1,1,1,1,1,1,,,,,,0,,fix: add import sys,fix: add import sys
mlco2/codecarbon,1982dff8d777787fb287fd6b72877952b7819f20,2024-09,-8,pre,2024-09-08T10:22:09+02:00,2024-09-04T13:09:21-04:00,u04f195be3c3059c2,u04f195be3c3059c2@users.invalid,u9dae085cd51385f2,u9dae085cd51385f2@users.invalid,1,0,2,2,1,2,2,1,,,,,,0,,fix: remove invalid escape sequences,fix: remove invalid escape sequences
mlco2/codecarbon,260d92589ee9af567a5fdbdf9d7b3ec07f3822c5,2024-09,-8,pre,2024-09-08T10:22:09+02:00,2024-09-04T14:38:23-04:00,u04f195be3c3059c2,u04f195be3c3059c2@users.invalid,u9dae085cd51385f2,u9dae085cd51385f2@users.invalid,1,0,1,1,2,1,1,2,,,,,,0,,Update emissions_tracker.py,Update emissions_tracker.py
mlco2/codecarbon,df67793e058370bbde91d2170eb14af098bfd05a,2024-09,-8,pre,2024-09-08T10:22:09+02:00,2024-09-04T15:54:26-04:00,u04f195be3c3059c2,u04f195be3c3059c2@users.invalid,u9dae085cd51385f2,u9dae085cd51385f2@users.invalid,1,0,2,18,3,2,18,3,,,,,,0,,fix: precommit fixes,fix: precommit fixes
mlco2/codecarbon,da4a6c4af3b581214321e8d442bd6e742e0d5584,2024-09,-8,pre,2024-09-08T10:25:28+02:00,2024-09-08T10:25:28+02:00,u9dae085cd51385f2,u9dae085cd51385f2@users.invalid,GitHub,noreply@github.com,2,1,0,0,0,0,0,0,,,,,,0,641,Merge pull request #641 from hf157205b06d86f3a/feature/log-required-installs,"Merge pull request #641 from hf157205b06d86f3a/feature/log-required-installs

Log tracking method used and required installs for tracking CPU"
mlco2/codecarbon,a7572fa279135cfad9e0aa31503bd85437382b0e,2024-09,-8,pre,2024-09-08T10:47:14+02:00,2024-07-14T18:10:41+02:00,u11d965fe4df279f7,u11d965fe4df279f7@users.invalid,u9dae085cd51385f2,u9dae085cd51385f2@users.invalid,1,0,2,7,1,2,7,1,,,,,,0,,Check output folder exist at startup,Check output folder exist at startup
mlco2/codecarbon,a3ef804e2c67f9334415fac0258634dd1cf86c30,2024-09,-8,pre,2024-09-08T11:18:14+02:00,2024-09-08T11:17:41+02:00,ue19f46c78ae2109a,ue19f46c78ae2109a@users.invalid,ue19f46c78ae2109a,ue19f46c78ae2109a@users.invalid,1,0,1,4,3,0,0,0,,,,,,0,,mock test,mock test
mlco2/codecarbon,c0d32945dae46b909d0169989142f9429b03052c,2024-09,-8,pre,2024-09-08T11:18:14+02:00,2024-09-08T11:18:00+02:00,ue19f46c78ae2109a,ue19f46c78ae2109a@users.invalid,ue19f46c78ae2109a,ue19f46c78ae2109a@users.invalid,1,0,1,1,1,0,0,0,,,,,,0,,doc,doc
mlco2/codecarbon,78dc59dedb95e3cc36bde9e74bec4dfa8c69204b,2024-09,-8,pre,2024-09-08T11:21:01+02:00,2024-09-08T11:21:01+02:00,u9dae085cd51385f2,u9dae085cd51385f2@users.invalid,GitHub,noreply@github.com,2,1,0,0,0,0,0,0,,,,,,0,611,Merge pull request #611 from mlco2/fix/check_output_folder,"Merge pull request #611 from mlco2/fix/check_output_folder

Check output folder exist at startup"
mlco2/codecarbon,490b5b50d01d0c0acadcd7ff70b93c85a6601674,2024-09,-8,pre,2024-09-08T11:23:11+02:00,2024-05-28T18:07:46+02:00,u09dcc1f39603dd20,u09dcc1f39603dd20@users.invalid,u9dae085cd51385f2,u9dae085cd51385f2@users.invalid,1,0,3,97,0,2,62,0,,,,,,0,,feat: ensure only one instance of codecarbon is run per machine,feat: ensure only one instance of codecarbon is run per machine
mlco2/codecarbon,b5fda1cca1ace4ddd571fe0cd95284eebd750049,2024-09,-8,pre,2024-09-08T11:23:11+02:00,2024-05-29T09:45:43+02:00,u09dcc1f39603dd20,u09dcc1f39603dd20@users.invalid,u9dae085cd51385f2,u9dae085cd51385f2@users.invalid,1,0,3,56,4,2,12,4,,,,,,0,,feat: prevent_multiple_runs param,feat: prevent_multiple_runs param
mlco2/codecarbon,5b484274b896261800f3f5b23d77f731985d4f89,2024-09,-8,pre,2024-09-08T11:23:11+02:00,2024-05-29T20:10:08+02:00,u09dcc1f39603dd20,u09dcc1f39603dd20@users.invalid,u9dae085cd51385f2,u9dae085cd51385f2@users.invalid,1,0,2,20,14,1,1,1,,,,,,0,,fix: _prevent_multiple_runs var + fix unit test,fix: _prevent_multiple_runs var + fix unit test
mlco2/codecarbon,bcefc94a299a153739da00ac8dda7caaf34efb83,2024-09,-8,pre,2024-09-08T11:23:11+02:00,2024-06-03T20:51:38+02:00,u09dcc1f39603dd20,u09dcc1f39603dd20@users.invalid,u9dae085cd51385f2,u9dae085cd51385f2@users.invalid,1,0,5,31,15,2,15,9,,,,,,0,,Allow_multiple_runs parameter,Allow_multiple_runs parameter
mlco2/codecarbon,70d3745687c0da74e5053bacdef2b902c6a19db2,2024-09,-8,pre,2024-09-08T11:23:11+02:00,2024-06-05T21:30:55+02:00,u09dcc1f39603dd20,u09dcc1f39603dd20@users.invalid,u9dae085cd51385f2,u9dae085cd51385f2@users.invalid,1,0,3,76,58,2,60,44,,,,,,0,,fix: lock does not do sys.exit,fix: lock does not do sys.exit
mlco2/codecarbon,4c1ec98f5ba8b6f91405caf519179ec672851195,2024-09,-8,pre,2024-09-08T11:26:25+02:00,2024-09-08T11:26:25+02:00,u9dae085cd51385f2,u9dae085cd51385f2@users.invalid,GitHub,noreply@github.com,2,1,0,0,0,0,0,0,,,,,,0,562,Merge pull request #562 from mlco2/feat/lock,"Merge pull request #562 from mlco2/feat/lock

feat: ensure only one instance of codecarbon is run per machine"
mlco2/codecarbon,c78667775d38ac0b40281ea659ef63d212adbffc,2024-09,-8,pre,2024-09-08T11:26:48+02:00,2024-06-25T14:06:00+02:00,u38097e275ef51704,u38097e275ef51704@users.invalid,u9dae085cd51385f2,u9dae085cd51385f2@users.invalid,1,0,6,20,6,2,3,1,,,,,,0,,Add experiment_id to tracker-logged report,Add experiment_id to tracker-logged report
mlco2/codecarbon,6574205e4d60503c960be7ded80bbfbba1012830,2024-09,-8,pre,2024-09-08T11:38:26+02:00,2024-09-08T11:38:26+02:00,ue19f46c78ae2109a,ue19f46c78ae2109a@users.invalid,ue19f46c78ae2109a,ue19f46c78ae2109a@users.invalid,1,0,1,3,3,0,0,0,,,,,,0,,Upgrade precommit,Upgrade precommit
mlco2/codecarbon,b50be9352a9b4423defef94a85608d2ffb751a4a,2024-09,-8,pre,2024-09-08T11:38:39+02:00,2024-09-08T11:38:39+02:00,ue19f46c78ae2109a,ue19f46c78ae2109a@users.invalid,ue19f46c78ae2109a,ue19f46c78ae2109a@users.invalid,1,0,2,16,5,0,0,0,,,,,,0,,Lint,Lint
mlco2/codecarbon,2fe95dfb6cb011510548c64ee6400825a779a52a,2024-09,-8,pre,2024-09-08T11:43:47+02:00,2024-09-08T11:43:47+02:00,u9dae085cd51385f2,u9dae085cd51385f2@users.invalid,GitHub,noreply@github.com,2,1,0,0,0,0,0,0,,,,,,0,594,Merge pull request #594 from h4a38e6ff2a20906e/master,"Merge pull request #594 from h4a38e6ff2a20906e/master

Add experiment_id to tracker-logged report"
mlco2/codecarbon,9c3f216cff343f90ab5869a43905424df7c4ecb1,2024-09,-8,pre,2024-09-08T11:44:10+02:00,2024-09-02T16:52:19+02:00,u4d626499a4c7a8ce,u4d626499a4c7a8ce@users.invalid,u9dae085cd51385f2,u9dae085cd51385f2@users.invalid,1,0,1,1,1,1,1,1,,,,,,0,,Fixed duration values in task monitoring,Fixed duration values in task monitoring
mlco2/codecarbon,30811386542542162484512b2049e3a1c33fa911,2024-09,-8,pre,2024-09-08T11:44:10+02:00,2024-09-08T09:39:39+02:00,ue19f46c78ae2109a,ue19f46c78ae2109a@users.invalid,u9dae085cd51385f2,u9dae085cd51385f2@users.invalid,1,0,2,5,7,2,5,7,,,,,,0,,Switch to perf_counter() in package,Switch to perf_counter() in package
mlco2/codecarbon,867586448b10c88006cabf3eea95dcee01631d52,2024-09,-8,pre,2024-09-08T11:44:10+02:00,2024-09-08T09:40:03+02:00,ue19f46c78ae2109a,ue19f46c78ae2109a@users.invalid,u9dae085cd51385f2,u9dae085cd51385f2@users.invalid,1,0,6,12,12,0,0,0,,,,,,0,,Switch to perf_counter() in tests,Switch to perf_counter() in tests
mlco2/codecarbon,0f15c25d25fc098d1c8b4ff44ab21f43f764e484,2024-09,-8,pre,2024-09-08T11:44:10+02:00,2024-09-08T09:51:30+02:00,ue19f46c78ae2109a,ue19f46c78ae2109a@users.invalid,u9dae085cd51385f2,u9dae085cd51385f2@users.invalid,1,0,1,57,52,0,0,0,,,,,,0,,Update contributing,Update contributing
mlco2/codecarbon,116fcd45983caf65807106167c7f5fc358d3f81c,2024-09,-8,pre,2024-09-08T11:44:10+02:00,2024-09-08T09:53:26+02:00,ue19f46c78ae2109a,ue19f46c78ae2109a@users.invalid,u9dae085cd51385f2,u9dae085cd51385f2@users.invalid,1,0,1,1,1,1,1,1,,,,,,0,,bump to 2.7.0,bump to 2.7.0
mlco2/codecarbon,944c5342b99447b1a9318a1b367148e06a926d93,2024-09,-8,pre,2024-09-08T11:44:10+02:00,2024-09-08T09:53:35+02:00,ue19f46c78ae2109a,ue19f46c78ae2109a@users.invalid,u9dae085cd51385f2,u9dae085cd51385f2@users.invalid,1,0,10,132,146,0,0,0,,,,,,0,,bump deps,bump deps
mlco2/codecarbon,c86a866dfc6ea32bc0cdee216032056eab8ed063,2024-09,-8,pre,2024-09-08T11:44:10+02:00,2024-09-08T10:13:13+02:00,ue19f46c78ae2109a,ue19f46c78ae2109a@users.invalid,u9dae085cd51385f2,u9dae085cd51385f2@users.invalid,1,0,1,4,4,0,0,0,,,,,,0,,update contributing,update contributing
mlco2/codecarbon,80a0f1d9cb675b970592a54eebc4ec16c6750efd,2024-09,-8,pre,2024-09-08T11:44:10+02:00,2024-09-08T10:13:57+02:00,ue19f46c78ae2109a,ue19f46c78ae2109a@users.invalid,u9dae085cd51385f2,u9dae085cd51385f2@users.invalid,1,0,2,25,0,0,0,0,,,,,,0,,Adding bumpver,Adding bumpver
mlco2/codecarbon,3ac4a09fbf8f8149f4b402d9eeaf9013caaefddd,2024-09,-8,pre,2024-09-08T11:44:10+02:00,2024-09-08T10:14:13+02:00,ue19f46c78ae2109a,ue19f46c78ae2109a@users.invalid,u9dae085cd51385f2,u9dae085cd51385f2@users.invalid,1,0,1,1,1,0,0,0,,,,,,0,,Bump docs,Bump docs
mlco2/codecarbon,cba421130d9b20fa7b826718f8f4c2c07c5119b7,2024-09,-8,pre,2024-09-08T11:44:10+02:00,2024-09-08T10:14:57+02:00,ue19f46c78ae2109a,ue19f46c78ae2109a@users.invalid,u9dae085cd51385f2,u9dae085cd51385f2@users.invalid,1,0,18,34,34,0,0,0,,,,,,0,,Rebuild doc,Rebuild doc
mlco2/codecarbon,bd74f6427916e2188464d661055bc0c96bc5a75d,2024-09,-8,pre,2024-09-08T11:44:10+02:00,2024-09-08T10:15:42+02:00,ue19f46c78ae2109a,ue19f46c78ae2109a@users.invalid,u9dae085cd51385f2,u9dae085cd51385f2@users.invalid,1,0,1,1,0,0,0,0,,,,,,0,,doc,doc
mlco2/codecarbon,905c486f1c83cb7b5a10d9d1928b17c053ccba4e,2024-09,-8,pre,2024-09-08T11:44:10+02:00,2024-09-08T10:19:33+02:00,ue19f46c78ae2109a,ue19f46c78ae2109a@users.invalid,u9dae085cd51385f2,u9dae085cd51385f2@users.invalid,1,0,1,1,1,0,0,0,,,,,,0,,update precommit,update precommit
mlco2/codecarbon,bc2456559e6fb5b5639e0539448292b77886e3b9,2024-09,-8,pre,2024-09-08T11:44:10+02:00,2024-09-08T10:19:40+02:00,ue19f46c78ae2109a,ue19f46c78ae2109a@users.invalid,u9dae085cd51385f2,u9dae085cd51385f2@users.invalid,1,0,7,18,7,1,0,1,,,,,,0,,Lint,Lint
mlco2/codecarbon,ec4a507c2e61dbd83b9a47fe8da95a704eb74c93,2024-09,-8,pre,2024-09-08T11:50:20+02:00,2024-09-08T11:50:20+02:00,u9dae085cd51385f2,u9dae085cd51385f2@users.invalid,GitHub,noreply@github.com,2,1,0,0,0,0,0,0,,,,,,0,649,Merge pull request #649 from h6cb4b8393fa4083d/fix/task_duration,"Merge pull request #649 from h6cb4b8393fa4083d/fix/task_duration

Fixed duration values in task monitoring"
mlco2/codecarbon,0245b683ebffdd1faffea8d35040f37f412a8bef,2024-09,-8,pre,2024-09-08T17:01:34+02:00,2024-08-29T22:07:47+02:00,u5d18afb8afb1c84e,u5d18afb8afb1c84e@users.invalid,u9e998c0e62e11e7f,u9e998c0e62e11e7f@users.invalid,1,0,2,13,0,2,13,0,,,,,,0,,feat(api) add jwt bearer auth,"feat(api) add jwt bearer auth

Add simple jwt bearer auth to test api on develop"
mlco2/codecarbon,49922ad2e8e51ec7cf47e89f6d0cfe026cd4b357,2024-09,-8,pre,2024-09-09T08:25:12+02:00,2024-09-09T08:25:12+02:00,ud32d0346b8111cc9,ud32d0346b8111cc9@users.invalid,GitHub,noreply@github.com,1,0,2,7,10,2,7,10,,,,,,0,657,fix(api) fix jwt token and signup (#657),"fix(api) fix jwt token and signup (#657)

- token should not be mandatory
- issue with return value during signup"
mlco2/codecarbon,6a165ed8cde966aab631a0504e78a52fc41f2b5e,2024-09,-8,pre,2024-09-10T10:16:43+02:00,2024-09-10T10:16:43+02:00,ud32d0346b8111cc9,ud32d0346b8111cc9@users.invalid,GitHub,noreply@github.com,1,0,2,32,15,0,0,0,,,,,,0,660,fix(webapp) fix frontend after backend changes (#660),fix(webapp) fix frontend after backend changes (#660)
mlco2/codecarbon,a82089b85eb44133f354a57539852ee770420af3,2024-09,-8,pre,2024-09-10T20:14:02+02:00,2024-09-10T20:14:02+02:00,u9dae085cd51385f2,u9dae085cd51385f2@users.invalid,u9dae085cd51385f2,u9dae085cd51385f2@users.invalid,1,0,2,1,2,2,1,2,,,,,,0,,Remove print,Remove print
mlco2/codecarbon,71258af354e0da6b20ebbc9ca8b5291821248efb,2024-09,-8,pre,2024-09-10T20:24:21+02:00,2024-09-10T20:24:21+02:00,u9dae085cd51385f2,u9dae085cd51385f2@users.invalid,u9dae085cd51385f2,u9dae085cd51385f2@users.invalid,1,0,1,52,47,0,0,0,,,,,,0,,doc,doc
mlco2/codecarbon,f4d9580b28a8b51828046c4c72b3a3d86f0cd308,2024-09,-8,pre,2024-09-10T20:24:50+02:00,2024-09-10T20:24:50+02:00,u9dae085cd51385f2,u9dae085cd51385f2@users.invalid,u9dae085cd51385f2,u9dae085cd51385f2@users.invalid,1,0,3,3,3,1,1,1,,,,,,0,,bump,bump
mlco2/codecarbon,467cbcefe72d78e8859a656a4b4860648524cf95,2024-09,-8,pre,2024-09-10T20:30:16+02:00,2024-09-10T20:30:16+02:00,u9dae085cd51385f2,u9dae085cd51385f2@users.invalid,u9dae085cd51385f2,u9dae085cd51385f2@users.invalid,1,0,25,244,311,0,0,0,,,,,,0,,Update doc,Update doc
mlco2/codecarbon,e6d1ca5e93028f03368a5c54ba9f8765ee1ac55a,2024-09,-8,pre,2024-09-11T09:32:53+02:00,2024-09-11T09:32:53+02:00,u9dae085cd51385f2,u9dae085cd51385f2@users.invalid,GitHub,noreply@github.com,2,1,0,0,0,0,0,0,,,,,,0,662,Merge pull request #662 from mlco2/fix/print,"Merge pull request #662 from mlco2/fix/print

Fix unwanted print in 2.7.0"
mlco2/codecarbon,3863361d0ad3721f1817e4f91de502ee54867fa1,2024-09,-8,pre,2024-09-12T11:05:41+02:00,2024-09-12T11:05:41+02:00,u4ffc173d8f6238b8,u4ffc173d8f6238b8@users.invalid,GitHub,noreply@github.com,1,0,7,102,81,2,15,1,,,,,,0,661,doc(api): update local deployment procedure (#661),"doc(api): update local deployment procedure (#661)

* doc: add env vars to local deployment setup, and fix fastapi_pagination version (downgrade to prevent a bug introduced in latest fastapi release to happen, to be removed)

* fix: add cors configuration"
mlco2/codecarbon,d9c0ad1cad577aa283d2ef76495c0f8c7ca57786,2024-09,-8,pre,2024-09-12T16:42:55+02:00,2024-09-12T16:42:55+02:00,ubdc5dce21025c873,ubdc5dce21025c873@users.invalid,GitHub,noreply@github.com,1,0,13,90,251,0,0,0,,,,,,0,663,Clean server side api calls to use SWR for now + apply theme colors and IBM Space Mono font (#663),Clean server side api calls to use SWR for now + apply theme colors and IBM Space Mono font (#663)
mlco2/codecarbon,a6cea7cfe75bf5206f3905b2a7db78a81e5a19a2,2024-09,-8,pre,2024-09-12T19:22:15+02:00,2024-09-12T19:22:15+02:00,ud32d0346b8111cc9,ud32d0346b8111cc9@users.invalid,GitHub,noreply@github.com,1,0,5,62,19,5,62,19,,,,,,0,659,WIP feat(api) add permissions checks where needed (#659),WIP feat(api) add permissions checks where needed (#659)
mlco2/codecarbon,91ee266a49f171342a42ef08b53666adecd98411,2024-09,-8,pre,2024-09-12T21:27:24+02:00,2024-09-12T21:27:24+02:00,ubdc5dce21025c873,ubdc5dce21025c873@users.invalid,GitHub,noreply@github.com,1,0,1,5,5,0,0,0,,,,,,0,665,More vibrant primary color (#665),More vibrant primary color (#665)
mlco2/codecarbon,9006e55c9eb494de01fe493f6e861a08d8ca8684,2024-09,-8,pre,2024-09-13T09:41:39+02:00,2024-09-13T09:41:39+02:00,dependabot[bot],49699333+dependabot[bot]@users.noreply.github.com,GitHub,noreply@github.com,1,0,1,3,4,0,0,0,,,,,dependabot,0,666,chore(deps): bump path-to-regexp from 6.2.2 to 6.3.0 in /webapp (#666),"chore(deps): bump path-to-regexp from 6.2.2 to 6.3.0 in /webapp (#666)

Bumps [path-to-regexp](https://github.com/pillarjs/path-to-regexp) from 6.2.2 to 6.3.0.
- [Release notes](https://github.com/pillarjs/path-to-regexp/releases)
- [Changelog](https://github.com/pillarjs/path-to-regexp/blob/master/History.md)
- [Commits](https://github.com/pillarjs/path-to-regexp/compare/v6.2.2...v6.3.0)

---
updated-dependencies:
- dependency-name: path-to-regexp
  dependency-type: indirect
...

Signed-off-by: dependabot[bot] <support@github.com>
Co-authored-by: dependabot[bot] <49699333+dependabot[bot]@users.noreply.github.com>"
mlco2/codecarbon,d273ffc6b69c4e2719af6d234027d3f42a2b4d90,2024-09,-8,pre,2024-09-13T10:23:53+02:00,2024-09-13T10:23:53+02:00,u17307de1894bf722,u17307de1894bf722@users.invalid,GitHub,noreply@github.com,1,0,4,52,18,4,52,18,,,,,,0,664,feat(cli): use api-token to save emissions in API (#664),"feat(cli): use api-token to save emissions in API (#664)

Signed-off-by: u09dcc1f39603dd20 <u09dcc1f39603dd20@users.invalid>"
mlco2/codecarbon,c8a0d5f278a1bc39c88b24dde229ae3ca8096312,2024-09,-8,pre,2024-09-17T19:38:25+02:00,2024-09-16T19:07:13+02:00,u5d18afb8afb1c84e,u5d18afb8afb1c84e@users.invalid,u9e998c0e62e11e7f,u9e998c0e62e11e7f@users.invalid,1,0,1,10,5,0,0,0,,,,,,0,,fix(webapp) fix app crashing when fetching organizations list without auth,fix(webapp) fix app crashing when fetching organizations list without auth
mlco2/codecarbon,52f3ddf656218eaaf223358fb0b190048b85d468,2024-09,-8,pre,2024-09-18T17:37:19+02:00,2024-09-18T17:37:19+02:00,u4ffc173d8f6238b8,u4ffc173d8f6238b8@users.invalid,GitHub,noreply@github.com,1,0,15,274,92,7,38,24,,,,,,0,668,"feat(api, webapp): various changes (#668)","feat(api, webapp): various changes (#668)

* Add barchar for experiment

* fix: fix user transmission in get_one_project

* feat: add runs scatter plot tooltip

* feat: add experiments to get one project method

* feat: add aggregated descriptions

* lint

---------

Co-authored-by: uf1d37614ef326776 <uf1d37614ef326776@users.invalid>"
mlco2/codecarbon,794cbd9fada6c7c83323e7c7bd2c802ac4f79cfd,2024-09,-8,pre,2024-09-18T20:36:36+02:00,2024-09-12T19:22:15+02:00,ud32d0346b8111cc9,ud32d0346b8111cc9@users.invalid,u9e998c0e62e11e7f,u9e998c0e62e11e7f@users.invalid,1,0,18,292,128,12,155,58,,,,,,0,659,feat(api) add permissions checks where needed (#659),"feat(api) add permissions checks where needed (#659)

- add an initial_data script to add API test user to develop
- add auth to the e2e tests
- add db shell function to init script (temporary place)
- fix project permission check (it was using old db column)
- a few fixes to comply with changes"
mlco2/codecarbon,480c7081dcc954250445ff363f4665b463f8c369,2024-09,-8,pre,2024-09-22T14:15:41+02:00,2024-09-21T16:46:32+02:00,u5d18afb8afb1c84e,u5d18afb8afb1c84e@users.invalid,u9e998c0e62e11e7f,u9e998c0e62e11e7f@users.invalid,1,0,13,108,13,4,88,12,,,,,,0,,"feat(cli,api) add auth to cli for new api","feat(cli,api) add auth to cli for new api

feat(CLI): :sparkles: if there is no local config file revert to global config file
chore: :see_no_evil: credentials.json

Co-authored-by: udac73e5f9c4e72f7 <udac73e5f9c4e72f7@users.invalid>"
mlco2/codecarbon,ef4ee2a5bd7ba293c4d7c034e032b64721314ab0,2024-10,-7,pre,2024-10-08T09:25:06+02:00,2024-10-08T09:25:06+02:00,u17307de1894bf722,u17307de1894bf722@users.invalid,GitHub,noreply@github.com,1,0,12,455,12,0,0,0,,,,,,0,683,feat: project tokens UI (#683),"feat: project tokens UI (#683)

* temp

Signed-off-by: u09dcc1f39603dd20 <u09dcc1f39603dd20@users.invalid>

* feat: crud project tokens


* feat: crud project tokens


* fix: experiments infinite loading


* fix: settings infinite loading


* fix: run scatter infinite loading


* remove not needed logs + comments


---------

Signed-off-by: u09dcc1f39603dd20 <u09dcc1f39603dd20@users.invalid>"
mlco2/codecarbon,b4797bf0f83407824ef676057149ced4cbc3ed75,2024-10,-7,pre,2024-10-10T10:36:53+02:00,2024-10-10T10:36:53+02:00,u4ffc173d8f6238b8,u4ffc173d8f6238b8@users.invalid,GitHub,noreply@github.com,1,0,25,1284,245,0,0,0,,,,,,0,676,feat: add missing charts (#676),"feat: add missing charts (#676)

* feat: add donut chart

* feat: read selected experiment from barchart

* wip

* test: add missing graph

* test: add timeseries chart

* test: add metadata"
mlco2/codecarbon,0d3c3a9616b0e9b5a97c844e6f8ee96c5c827084,2024-10,-7,pre,2024-10-10T15:09:48+02:00,2024-10-10T15:09:48+02:00,u17307de1894bf722,u17307de1894bf722@users.invalid,GitHub,noreply@github.com,1,0,3,35,13,0,0,0,,,,,,0,685,fix: infinite load in project components (#685),"fix: infinite load in project components (#685)

Signed-off-by: u09dcc1f39603dd20 <u09dcc1f39603dd20@users.invalid>"
mlco2/codecarbon,2f9d76907c425e1139cd707d1027a3dceff750da,2024-10,-7,pre,2024-10-10T15:19:01+02:00,2024-10-10T15:19:01+02:00,u17307de1894bf722,u17307de1894bf722@users.invalid,GitHub,noreply@github.com,1,0,7,307,81,0,0,0,,,,,,0,684,feat(ui): create new project (#684),"feat(ui): create new project (#684)

* chores: refactor projectTokenModal so it can be reused elsewhere

* feat: create project modal

Signed-off-by: u09dcc1f39603dd20 <u09dcc1f39603dd20@users.invalid>

* fix: refresh list of projects when project is created

---------

Signed-off-by: u09dcc1f39603dd20 <u09dcc1f39603dd20@users.invalid>"
mlco2/codecarbon,c74a32e6771aaedef391b12a9ca2ae2bbd41d675,2024-10,-7,pre,2024-10-15T21:25:06+02:00,2024-10-15T21:25:06+02:00,dependabot[bot],49699333+dependabot[bot]@users.noreply.github.com,GitHub,noreply@github.com,1,0,1,1,1,0,0,0,,,,,dependabot,0,690,chore(deps): bump starlette from 0.38.4 to 0.40.0 in /requirements (#690),"chore(deps): bump starlette from 0.38.4 to 0.40.0 in /requirements (#690)

Bumps [starlette](https://github.com/encode/starlette) from 0.38.4 to 0.40.0.
- [Release notes](https://github.com/encode/starlette/releases)
- [Changelog](https://github.com/encode/starlette/blob/master/docs/release-notes.md)
- [Commits](https://github.com/encode/starlette/compare/0.38.4...0.40.0)

---
updated-dependencies:
- dependency-name: starlette
  dependency-type: direct:production
...

Signed-off-by: dependabot[bot] <support@github.com>
Co-authored-by: dependabot[bot] <49699333+dependabot[bot]@users.noreply.github.com>"
mlco2/codecarbon,6df081f4bf51cd532e099fa2e9ee3d5abd71239e,2024-10,-7,pre,2024-10-16T10:26:57+02:00,2024-10-16T10:26:57+02:00,u17307de1894bf722,u17307de1894bf722@users.invalid,GitHub,noreply@github.com,1,0,8,153,97,0,0,0,,,,,,0,686,style + fixes (ui): project page (#686),"style + fixes (ui): project page (#686)

* style: project page

* feat: get project details

* fix: style in graphs

* fix: add separator

* fix: selected bar is highlighted

Signed-off-by: u09dcc1f39603dd20 <u09dcc1f39603dd20@users.invalid>

* fix: text in project graphs + style

Signed-off-by: u09dcc1f39603dd20 <u09dcc1f39603dd20@users.invalid>

* fix: runs/run-id endpoint call

Signed-off-by: u09dcc1f39603dd20 <u09dcc1f39603dd20@users.invalid>

* format date in scatter chart

Signed-off-by: u09dcc1f39603dd20 <u09dcc1f39603dd20@users.invalid>

---------

Signed-off-by: u09dcc1f39603dd20 <u09dcc1f39603dd20@users.invalid>"
mlco2/codecarbon,29e61dcd3d7795a173f367a2155fe4bc67889aae,2024-10,-7,pre,2024-10-18T21:16:45+02:00,2024-10-18T21:16:45+02:00,u17307de1894bf722,u17307de1894bf722@users.invalid,GitHub,noreply@github.com,1,0,10,200,48,9,199,46,,,,,,0,688,feat: hashed passwords + alembic migration (#688),"feat: hashed passwords + alembic migration (#688)

* feat: hashed passwords + alembic migration

Signed-off-by: u09dcc1f39603dd20 <u09dcc1f39603dd20@users.invalid>

* :hammer: refactor (api): verify all possible tokens

Signed-off-by: u09dcc1f39603dd20 <u09dcc1f39603dd20@users.invalid>

* :bug: fix(api): remove token expiration date

Signed-off-by: u09dcc1f39603dd20 <u09dcc1f39603dd20@users.invalid>

* :lipstick: pre-commit style

Signed-off-by: u09dcc1f39603dd20 <u09dcc1f39603dd20@users.invalid>

---------

Signed-off-by: u09dcc1f39603dd20 <u09dcc1f39603dd20@users.invalid>"
mlco2/codecarbon,9dfd1c1503a15667093403ea82db2c9a454bb491,2024-10,-7,pre,2024-10-19T16:30:59+02:00,2024-10-19T16:30:59+02:00,u17307de1894bf722,u17307de1894bf722@users.invalid,GitHub,noreply@github.com,1,0,1,1,1,0,0,0,,,,,,0,691,fix: starlette version compatible with fastapi (#691),fix: starlette version compatible with fastapi (#691)
mlco2/codecarbon,92408174ec939bfaf29ae20039f2b1b0ad55e78f,2024-10,-7,pre,2024-10-22T18:30:56+02:00,2024-09-04T10:24:36+02:00,u09dcc1f39603dd20,u09dcc1f39603dd20@users.invalid,u9e998c0e62e11e7f,u9e998c0e62e11e7f@users.invalid,1,0,24,836,66,5,403,5,,,,,,0,,feat: New docker-compose setup Includes a deploy.py script to help setup local dev instance,"feat: New docker-compose setup
Includes a deploy.py script to help setup local dev instance

Co-authored-by: u09dcc1f39603dd20 <u09dcc1f39603dd20@users.invalid>"
mlco2/codecarbon,cbc3e6b7440a2ef1a844ad63cf46c3d203e1f2b1,2024-10,-7,pre,2024-10-27T09:52:54+01:00,2024-10-25T20:08:50+02:00,u5d18afb8afb1c84e,u5d18afb8afb1c84e@users.invalid,u9e998c0e62e11e7f,u9e998c0e62e11e7f@users.invalid,1,0,4,40,5,1,5,2,,,,,,0,,config(docker) add config to use local backend,config(docker) add config to use local backend
mlco2/codecarbon,7a125e17d74cae4dc17b7b3b0e35ef3ef3b7cea9,2024-10,-7,pre,2024-10-27T09:57:59+01:00,2024-10-27T09:57:59+01:00,u17307de1894bf722,u17307de1894bf722@users.invalid,GitHub,noreply@github.com,1,0,3,71,63,0,0,0,,,,,,0,694,feat: 🔨 use react state in the organization page (#694),feat: 🔨 use react state in the organization page (#694)
mlco2/codecarbon,8dead2702537565fec5cf46eff3af88ca3af7139,2024-10,-7,pre,2024-10-27T10:01:49+01:00,2024-10-27T10:01:49+01:00,dependabot[bot],49699333+dependabot[bot]@users.noreply.github.com,GitHub,noreply@github.com,1,0,7,7,7,0,0,0,,,,,dependabot,0,696,chore(deps): bump werkzeug from 3.0.4 to 3.0.6 in /requirements (#696),"chore(deps): bump werkzeug from 3.0.4 to 3.0.6 in /requirements (#696)

Bumps [werkzeug](https://github.com/pallets/werkzeug) from 3.0.4 to 3.0.6.
- [Release notes](https://github.com/pallets/werkzeug/releases)
- [Changelog](https://github.com/pallets/werkzeug/blob/main/CHANGES.rst)
- [Commits](https://github.com/pallets/werkzeug/compare/3.0.4...3.0.6)

---
updated-dependencies:
- dependency-name: werkzeug
  dependency-type: direct:production
...

Signed-off-by: dependabot[bot] <support@github.com>
Co-authored-by: dependabot[bot] <49699333+dependabot[bot]@users.noreply.github.com>
Co-authored-by: u17307de1894bf722 <u17307de1894bf722@users.invalid>"
mlco2/codecarbon,e7d6fef0f7561a5b595e94edbed6f751fa33b64e,2024-10,-7,pre,2024-10-28T10:39:19+01:00,2024-10-28T10:39:19+01:00,ud32d0346b8111cc9,ud32d0346b8111cc9@users.invalid,GitHub,noreply@github.com,1,0,1,1,1,1,1,1,,,,,,0,698,fix(deploy) fix typo (#698),fix(deploy) fix typo (#698)
mlco2/codecarbon,5f6a808c255b8ff0fc8ab8687913bf82b5b35ee8,2024-10,-7,pre,2024-10-28T14:48:55+01:00,2024-10-28T10:33:42+01:00,uae81257adf1d3460,uae81257adf1d3460@users.invalid,u9dae085cd51385f2,u9dae085cd51385f2@users.invalid,1,0,1,3,4,0,0,0,,,,,,0,,Build with hatch,Build with hatch
mlco2/codecarbon,00ce3c8d1ef4329e5924f1ea22b2209f2100411e,2024-10,-7,pre,2024-10-28T14:48:55+01:00,2024-10-28T10:34:29+01:00,uae81257adf1d3460,uae81257adf1d3460@users.invalid,u9dae085cd51385f2,u9dae085cd51385f2@users.invalid,1,0,3,3,3,1,1,1,,,,,,0,,bump,bump
mlco2/codecarbon,ab6c2ad9597628c06730ce69024f8809ae0128f6,2024-10,-7,pre,2024-10-28T14:48:55+01:00,2024-10-28T10:35:16+01:00,uae81257adf1d3460,uae81257adf1d3460@users.invalid,u9dae085cd51385f2,u9dae085cd51385f2@users.invalid,1,0,28,666,406,0,0,0,,,,,,0,,rebuild doc,rebuild doc
mlco2/codecarbon,2ecdf5e88d1930e85906f4ab1cc985682d40c8bb,2024-10,-7,pre,2024-10-28T14:51:59+01:00,2024-10-28T14:51:59+01:00,u9dae085cd51385f2,u9dae085cd51385f2@users.invalid,GitHub,noreply@github.com,2,1,0,0,0,0,0,0,,,,,,0,699,Merge pull request #699 from mlco2/fix/wrong_code_in_package,"Merge pull request #699 from mlco2/fix/wrong_code_in_package

Build with Hatch instead of `build`"
mlco2/codecarbon,308bc71ae15fb3d6282e608e50fbe0084deb1b26,2024-10,-7,pre,2024-10-30T14:55:46+01:00,2024-10-30T14:55:46+01:00,ue19f46c78ae2109a,ue19f46c78ae2109a@users.invalid,ue19f46c78ae2109a,ue19f46c78ae2109a@users.invalid,1,0,3,52,50,0,0,0,,,,,,0,,rattler-build recipe,rattler-build recipe
mlco2/codecarbon,caaa03aabe102507139716ac15ccfbc3987e58d6,2024-10,-7,pre,2024-10-30T14:59:52+01:00,2024-10-30T14:59:52+01:00,ue19f46c78ae2109a,ue19f46c78ae2109a@users.invalid,ue19f46c78ae2109a,ue19f46c78ae2109a@users.invalid,1,0,1,95,0,1,95,0,,,,,,0,,Script to update recipe.yaml,Script to update recipe.yaml
mlco2/codecarbon,bec7323f2c78bf0b21630b6addf46d03862099ab,2024-10,-7,pre,2024-10-30T15:17:50+01:00,2024-10-30T15:17:50+01:00,ue19f46c78ae2109a,ue19f46c78ae2109a@users.invalid,ue19f46c78ae2109a,ue19f46c78ae2109a@users.invalid,1,0,2,93,43,0,0,0,,,,,,0,, build conda with rattler-build,build conda with rattler-build
mlco2/codecarbon,670f8fad724472b6bee126e18efc79fe453047bb,2024-10,-7,pre,2024-10-30T15:23:22+01:00,2024-10-30T15:23:22+01:00,ue19f46c78ae2109a,ue19f46c78ae2109a@users.invalid,ue19f46c78ae2109a,ue19f46c78ae2109a@users.invalid,1,0,1,1,1,0,0,0,,,,,,0,,typo,typo
mlco2/codecarbon,e44e03902ae1183dd7536a3e574e8249025d820a,2024-10,-7,pre,2024-10-30T15:36:05+01:00,2024-10-30T15:36:05+01:00,ue19f46c78ae2109a,ue19f46c78ae2109a@users.invalid,ue19f46c78ae2109a,ue19f46c78ae2109a@users.invalid,1,0,1,5,7,0,0,0,,,,,,0,,fix recipe,fix recipe
mlco2/codecarbon,afefd97395ae2b0797957d27795ab72264e3c40c,2024-10,-7,pre,2024-10-30T15:42:04+01:00,2024-10-30T15:42:04+01:00,ue19f46c78ae2109a,ue19f46c78ae2109a@users.invalid,ue19f46c78ae2109a,ue19f46c78ae2109a@users.invalid,1,0,1,2,1,0,0,0,,,,,,0,,Add python 3.13,Add python 3.13
mlco2/codecarbon,a1790edaa679026139a4e65e573f0e6fcdebf4a9,2024-10,-7,pre,2024-10-30T15:42:16+01:00,2024-10-30T15:42:16+01:00,ue19f46c78ae2109a,ue19f46c78ae2109a@users.invalid,ue19f46c78ae2109a,ue19f46c78ae2109a@users.invalid,1,0,1,3,0,0,0,0,,,,,,0,,Add entry_points,Add entry_points
mlco2/codecarbon,d2a2c5e7f782c4ea2b68d53f610a92183ac3aa99,2024-10,-7,pre,2024-10-30T15:58:26+01:00,2024-10-30T15:58:26+01:00,ue19f46c78ae2109a,ue19f46c78ae2109a@users.invalid,ue19f46c78ae2109a,ue19f46c78ae2109a@users.invalid,1,0,4,3,6,0,0,0,,,,,,0,,Drop support of Python 3.7,Drop support of Python 3.7
mlco2/codecarbon,bd2f9a86092ec433091395de55d578d02b906b4b,2024-10,-7,pre,2024-10-30T16:02:36+01:00,2024-10-30T16:02:36+01:00,ue19f46c78ae2109a,ue19f46c78ae2109a@users.invalid,ue19f46c78ae2109a,ue19f46c78ae2109a@users.invalid,1,0,4,6,3,0,0,0,,,,,,1,,"Revert ""Drop support of Python 3.7""","Revert ""Drop support of Python 3.7""

This reverts commit d2a2c5e7f782c4ea2b68d53f610a92183ac3aa99."
mlco2/codecarbon,b6b2ab3c4ff2166aab6af22a8f28149528864d60,2024-10,-7,pre,2024-10-30T16:05:57+01:00,2024-10-30T16:05:57+01:00,ue19f46c78ae2109a,ue19f46c78ae2109a@users.invalid,ue19f46c78ae2109a,ue19f46c78ae2109a@users.invalid,1,0,1,5,1,1,5,1,,,,,,0,,Handle fief conda,Handle fief conda
mlco2/codecarbon,fb8be077ce412aa2373afce435ef2f9bee16a326,2024-10,-7,pre,2024-10-30T16:14:26+01:00,2024-10-30T16:14:26+01:00,ue19f46c78ae2109a,ue19f46c78ae2109a@users.invalid,ue19f46c78ae2109a,ue19f46c78ae2109a@users.invalid,1,0,1,1,1,1,1,1,,,,,,0,,Add yaspin,Add yaspin
mlco2/codecarbon,0b33506762ae2553a02eca3804f7672155f79903,2024-10,-7,pre,2024-10-30T16:40:15+01:00,2024-10-30T16:40:15+01:00,ue19f46c78ae2109a,ue19f46c78ae2109a@users.invalid,ue19f46c78ae2109a,ue19f46c78ae2109a@users.invalid,1,0,2,30,33,0,0,0,,,,,,0,,Put back conda publish only on master,Put back conda publish only on master
mlco2/codecarbon,1f3c225910c635349fc04558cbef52e352d746d3,2024-10,-7,pre,2024-10-30T16:41:03+01:00,2024-10-30T16:41:03+01:00,ue19f46c78ae2109a,ue19f46c78ae2109a@users.invalid,ue19f46c78ae2109a,ue19f46c78ae2109a@users.invalid,1,0,3,3,3,1,1,1,,,,,,0,,bump,bump
mlco2/codecarbon,a0a0f4c3efa8df12686f6f17969f88d9729f5eb9,2024-10,-7,pre,2024-10-30T16:42:25+01:00,2024-10-30T16:42:25+01:00,ue19f46c78ae2109a,ue19f46c78ae2109a@users.invalid,ue19f46c78ae2109a,ue19f46c78ae2109a@users.invalid,1,0,1,1,0,0,0,0,,,,,,0,,Add 3.13 in variants.yaml,Add 3.13 in variants.yaml
mlco2/codecarbon,edc7d25354591da64424b75811926435cfe73d79,2024-10,-7,pre,2024-10-31T10:36:28+01:00,2024-10-31T10:36:28+01:00,u9dae085cd51385f2,u9dae085cd51385f2@users.invalid,GitHub,noreply@github.com,1,0,1,2,1,0,0,0,,,,,,0,,Switch from conda-forge to codecarbon,Switch from conda-forge to codecarbon
mlco2/codecarbon,067e0ecbdd9545de8344f0e705d1264c97adb10f,2024-10,-7,pre,2024-10-31T11:55:38+01:00,2024-10-31T11:55:38+01:00,u9dae085cd51385f2,u9dae085cd51385f2@users.invalid,GitHub,noreply@github.com,2,1,0,0,0,0,0,0,,,,,,0,700,Merge pull request #700 from mlco2/fix/conda_build,"Merge pull request #700 from mlco2/fix/conda_build

[CI] Fix Conda build"
mlco2/codecarbon,6391b66c7947b06d48e485b99da32816390c865d,2024-11,-6,pre,2024-11-04T09:48:18+01:00,2024-11-04T09:48:18+01:00,u17307de1894bf722,u17307de1894bf722@users.invalid,GitHub,noreply@github.com,1,0,1,16,1,1,16,1,,,,,,0,701,fix: lock release when there is a python error (#701),"fix: lock release when there is a python error (#701)

Signed-off-by: u09dcc1f39603dd20 <u09dcc1f39603dd20@users.invalid>"
mlco2/codecarbon,87abfb935d731307b3fb9534edc051cf2b84e554,2024-11,-6,pre,2024-11-07T11:15:09+01:00,2024-11-07T11:15:09+01:00,u17307de1894bf722,u17307de1894bf722@users.invalid,GitHub,noreply@github.com,1,0,1,4,1,0,0,0,,,,,,0,703,ui: aclaratory text for token modal (#703),ui: aclaratory text for token modal (#703)
mlco2/codecarbon,3f25fa6a5572e2293d89543d4c25bb80a514cad5,2024-11,-6,pre,2024-11-10T10:44:43+01:00,2024-11-10T10:44:43+01:00,u17307de1894bf722,u17307de1894bf722@users.invalid,GitHub,noreply@github.com,1,0,42,1201,719,2,2,2,,,,,,0,704,release: 2.7.4 (#704),"release: 2.7.4 (#704)

* release 2.7.4

* fix hatch and hatchling versions

Signed-off-by: u09dcc1f39603dd20 <u09dcc1f39603dd20@users.invalid>

* workflow: purge pip cache before running

Signed-off-by: u09dcc1f39603dd20 <u09dcc1f39603dd20@users.invalid>

* worflow: use pip instead of pipx to install hatch

Signed-off-by: u09dcc1f39603dd20 <u09dcc1f39603dd20@users.invalid>

---------

Signed-off-by: u09dcc1f39603dd20 <u09dcc1f39603dd20@users.invalid>"
mlco2/codecarbon,668abac3f70070b5b47da94f8d1062862d9722a8,2024-11,-6,pre,2024-11-10T12:48:40+01:00,2024-11-10T12:48:40+01:00,u17307de1894bf722,u17307de1894bf722@users.invalid,GitHub,noreply@github.com,1,0,1,2,1,0,0,0,,,,,,0,706,fix: fix versions of hatch and hatchling (#706),"fix: fix versions of hatch and hatchling (#706)

Signed-off-by: u09dcc1f39603dd20 <u09dcc1f39603dd20@users.invalid>"
mlco2/codecarbon,4f166a5593132480ae545a54fb61f69d0f58b68b,2024-11,-6,pre,2024-11-15T11:40:43+01:00,2024-09-20T16:38:52+02:00,u708090ba8fd4e713,u708090ba8fd4e713@users.invalid,u9dae085cd51385f2,u9dae085cd51385f2@users.invalid,1,0,2,4611,1144,0,0,0,,,,,,0,,update python script to retrieve our word in data's data,update python script to retrieve our word in data's data
mlco2/codecarbon,55d5aa32ffefe5a567a57ad25d6e6fc5e578b45c,2024-11,-6,pre,2024-11-15T11:40:43+01:00,2024-11-15T11:19:44+01:00,u11d965fe4df279f7,u11d965fe4df279f7@users.invalid,u9dae085cd51385f2,u9dae085cd51385f2@users.invalid,1,0,1,195,75,0,0,0,,,,,,0,,Update notebook,Update notebook
mlco2/codecarbon,d0d1c0b146177ab39663d0262b245e2e106c1845,2024-11,-6,pre,2024-11-15T11:40:43+01:00,2024-11-15T11:36:25+01:00,u11d965fe4df279f7,u11d965fe4df279f7@users.invalid,u9dae085cd51385f2,u9dae085cd51385f2@users.invalid,1,0,1,8,5,0,0,0,,,,,,0,,Fix JOR test,Fix JOR test
mlco2/codecarbon,022ee19b837718907a5d219b14f8b0bade69ec5e,2024-11,-6,pre,2024-11-15T11:40:43+01:00,2024-11-15T11:38:34+01:00,u11d965fe4df279f7,u11d965fe4df279f7@users.invalid,u9dae085cd51385f2,u9dae085cd51385f2@users.invalid,1,0,1,1,1,0,0,0,,,,,,0,,Default bump to patch,Default bump to patch
mlco2/codecarbon,f26ec8e4b758ae5f00da575065813886ca59a2d5,2024-11,-6,pre,2024-11-15T11:42:16+01:00,2024-11-15T11:41:42+01:00,u11d965fe4df279f7,u11d965fe4df279f7@users.invalid,u11d965fe4df279f7,u11d965fe4df279f7@users.invalid,1,0,1,2,2,0,0,0,,,,,,0,,ignore .venv-notebook-data,ignore .venv-notebook-data
mlco2/codecarbon,77af54625b138e10538aa2fae94319179f379c2f,2024-11,-6,pre,2024-11-15T11:46:14+01:00,2024-11-15T11:46:14+01:00,u9dae085cd51385f2,u9dae085cd51385f2@users.invalid,GitHub,noreply@github.com,2,1,0,0,0,0,0,0,,,,,,0,674,Merge pull request #674 from mlco2/dataUpdate,"Merge pull request #674 from mlco2/dataUpdate

update python script to retrieve our word in data's data"
mlco2/codecarbon,11fb65d01e60169c6345b36f84d75676d7c4b726,2024-11,-6,pre,2024-11-15T12:01:48+01:00,2024-11-15T12:01:48+01:00,ud32d0346b8111cc9,ud32d0346b8111cc9@users.invalid,GitHub,noreply@github.com,1,0,1,4,1,0,0,0,,,,,,0,710,fix(webapp) avoid broken request when no experimentid (#710),"fix(webapp) avoid broken request when no experimentid (#710)

experimentId is not present at page load and the app
will try to fetch from a wrong url (missing id)

Co-authored-by: u17307de1894bf722 <u17307de1894bf722@users.invalid>"
mlco2/codecarbon,b8265bd8b763513281b08f895efab9113cfc2d42,2024-11,-6,pre,2024-11-18T20:55:46+01:00,2024-11-15T11:52:22+01:00,u11d965fe4df279f7,u11d965fe4df279f7@users.invalid,u9dae085cd51385f2,u9dae085cd51385f2@users.invalid,1,0,3,7,7,0,0,0,,,,,,0,,Drop Python 3.8 from CI : https://devguide.python.org/versions/,Drop Python 3.8 from CI : https://devguide.python.org/versions/
mlco2/codecarbon,f6563835859603e2b7bc725f71ba92f56e0670b0,2024-11,-6,pre,2024-11-18T20:55:46+01:00,2024-11-15T18:33:20+01:00,u11d965fe4df279f7,u11d965fe4df279f7@users.invalid,u9dae085cd51385f2,u9dae085cd51385f2@users.invalid,1,0,2,20,0,1,3,0,,,,,,0,,handle CUDA_VISIBLE_DEVICES,handle CUDA_VISIBLE_DEVICES
mlco2/codecarbon,d0f61c8102ddfa179bd75a191422a937cb59c8a8,2024-11,-6,pre,2024-11-18T20:55:46+01:00,2024-11-15T21:11:34+01:00,u11d965fe4df279f7,u11d965fe4df279f7@users.invalid,u9dae085cd51385f2,u9dae085cd51385f2@users.invalid,1,0,1,4,1,1,4,1,,,,,,0,,Handle case of Another instance in CLI,Handle case of Another instance in CLI
mlco2/codecarbon,03f07d0cb717e61e949f2405c17e3275c858e1c8,2024-11,-6,pre,2024-11-18T20:55:46+01:00,2024-11-15T21:11:53+01:00,u11d965fe4df279f7,u11d965fe4df279f7@users.invalid,u9dae085cd51385f2,u9dae085cd51385f2@users.invalid,1,0,3,3,3,1,1,1,,,,,,0,,bump,bump
mlco2/codecarbon,4ae8b66ccb7a73f4aaa10b79fae8a19a57fe02ff,2024-11,-6,pre,2024-11-18T20:55:46+01:00,2024-11-15T22:52:41+01:00,u11d965fe4df279f7,u11d965fe4df279f7@users.invalid,u9dae085cd51385f2,u9dae085cd51385f2@users.invalid,1,0,1,2,0,0,0,0,,,,,,0,,doc,doc
mlco2/codecarbon,f4be0206e9ee955d52386dc3d230b0259f8ffdcf,2024-11,-6,pre,2024-11-18T20:55:46+01:00,2024-11-15T22:53:27+01:00,u11d965fe4df279f7,u11d965fe4df279f7@users.invalid,u9dae085cd51385f2,u9dae085cd51385f2@users.invalid,1,0,2,2,2,2,2,2,,,,,,0,,Tell user the lockfille name,Tell user the lockfille name
mlco2/codecarbon,11492dc79ae5365bb8dd1790821c95cbc3413dc7,2024-11,-6,pre,2024-11-18T20:55:46+01:00,2024-11-15T22:54:09+01:00,u11d965fe4df279f7,u11d965fe4df279f7@users.invalid,u9dae085cd51385f2,u9dae085cd51385f2@users.invalid,1,0,1,4,1,1,4,1,,,,,,0,,Handle Another instance in CLI,Handle Another instance in CLI
mlco2/codecarbon,61a7b8cbb1f13fe893e82685554cad72367f48bd,2024-11,-6,pre,2024-11-18T20:55:46+01:00,2024-11-15T23:15:54+01:00,u11d965fe4df279f7,u11d965fe4df279f7@users.invalid,u9dae085cd51385f2,u9dae085cd51385f2@users.invalid,1,0,2,30,7,2,30,7,,,,,,0,,Inform the user about the monitored GPU,Inform the user about the monitored GPU
mlco2/codecarbon,63609a99f17112707b411783014ac1773a42fdb2,2024-11,-6,pre,2024-11-18T20:55:46+01:00,2024-11-16T12:11:56+01:00,u11d965fe4df279f7,u11d965fe4df279f7@users.invalid,u9dae085cd51385f2,u9dae085cd51385f2@users.invalid,1,0,1,4,2,0,0,0,,,,,,0,,Better methodology,Better methodology
mlco2/codecarbon,9ded912c72755f8286a191ef7a32d841917b5bdd,2024-11,-6,pre,2024-11-18T20:55:46+01:00,2024-11-18T11:20:06+01:00,u11d965fe4df279f7,u11d965fe4df279f7@users.invalid,u9dae085cd51385f2,u9dae085cd51385f2@users.invalid,1,0,4,45,21,1,1,1,,,,,,0,,Doc changes,Doc changes
mlco2/codecarbon,c78e09c5f5156e5ed4984d585f14e4d3d7bbc9b8,2024-11,-6,pre,2024-11-18T20:55:46+01:00,2024-11-18T11:20:35+01:00,u11d965fe4df279f7,u11d965fe4df279f7@users.invalid,u9dae085cd51385f2,u9dae085cd51385f2@users.invalid,1,0,31,571,457,0,0,0,,,,,,0,,Doc rebuild,Doc rebuild
mlco2/codecarbon,8cfaeab47c60ace590dfad648c0c668da3aebac7,2024-11,-6,pre,2024-11-18T20:55:46+01:00,2024-11-18T11:46:20+01:00,u11d965fe4df279f7,u11d965fe4df279f7@users.invalid,u9dae085cd51385f2,u9dae085cd51385f2@users.invalid,1,0,2,3,3,1,1,1,,,,,,0,,fix test,fix test
mlco2/codecarbon,b02041ffff4c07b2f660b9fd6ec6c73359bbedd9,2024-11,-6,pre,2024-11-18T20:55:46+01:00,2024-11-18T11:46:20+01:00,u11d965fe4df279f7,u11d965fe4df279f7@users.invalid,u9dae085cd51385f2,u9dae085cd51385f2@users.invalid,1,0,1,29,13,0,0,0,,,,,,0,,fix test,fix test
mlco2/codecarbon,09ccc823eebba6c5da6dd69756959c70ccc1a2ca,2024-11,-6,pre,2024-11-18T20:55:46+01:00,2024-11-18T17:10:31+01:00,u11d965fe4df279f7,u11d965fe4df279f7@users.invalid,u9dae085cd51385f2,u9dae085cd51385f2@users.invalid,1,0,1,12,0,0,0,0,,,,,,0,,Add codecarbon monitor debug config,Add codecarbon monitor debug config
mlco2/codecarbon,ec0b2451743f6618792fb33f9e489ca3d12420b7,2024-11,-6,pre,2024-11-18T20:55:46+01:00,2024-11-18T18:41:06+01:00,u11d965fe4df279f7,u11d965fe4df279f7@users.invalid,u9dae085cd51385f2,u9dae085cd51385f2@users.invalid,1,0,1,1,1,1,1,1,,,,,,0,,fix a bug,fix a bug
mlco2/codecarbon,dc723960325cb258a52a64a97ff883099f3a1dfe,2024-11,-6,pre,2024-11-18T20:55:46+01:00,2024-11-18T18:42:29+01:00,u11d965fe4df279f7,u11d965fe4df279f7@users.invalid,u9dae085cd51385f2,u9dae085cd51385f2@users.invalid,1,0,2,95,34,0,0,0,,,,,,0,,Add tests,Add tests
mlco2/codecarbon,ff410067df6e84f6a8f8fa5119df4aac0f76f609,2024-11,-6,pre,2024-11-18T20:55:58+01:00,2024-11-18T20:52:59+01:00,u11d965fe4df279f7,u11d965fe4df279f7@users.invalid,u11d965fe4df279f7,u11d965fe4df279f7@users.invalid,1,0,1,1,1,0,0,0,,,,,,0,,doc,doc
mlco2/codecarbon,1b651e6b7c01027926ff9e9768dd2c42f3e80db0,2024-11,-6,pre,2024-11-20T11:27:16+01:00,2024-11-20T11:27:16+01:00,u9dae085cd51385f2,u9dae085cd51385f2@users.invalid,GitHub,noreply@github.com,1,0,1,1,1,1,1,1,,,,,,0,,Update codecarbon/external/hardware.py,"Update codecarbon/external/hardware.py

Co-authored-by: u17307de1894bf722 <u17307de1894bf722@users.invalid>"
mlco2/codecarbon,801fbe3ef836364e0038fbf58023d3fc12196ba0,2024-11,-6,pre,2024-11-22T21:48:19+01:00,2024-11-22T21:48:19+01:00,u9dae085cd51385f2,u9dae085cd51385f2@users.invalid,GitHub,noreply@github.com,2,1,0,0,0,0,0,0,,,,,,0,712,Merge pull request #712 from mlco2/689-use-cuda_visible_devices-by-default,"Merge pull request #712 from mlco2/689-use-cuda_visible_devices-by-default

Use CUDA_VISIBLE_DEVICES by default"
mlco2/codecarbon,d46694934e0f8cb293a825a639c134d156870cca,2024-11,-6,pre,2024-11-23T10:13:53+01:00,2024-11-23T10:13:53+01:00,dependabot[bot],49699333+dependabot[bot]@users.noreply.github.com,GitHub,noreply@github.com,1,0,1,5,5,0,0,0,,,,,dependabot,0,719,chore(deps): bump cross-spawn from 7.0.3 to 7.0.6 in /webapp (#719),"chore(deps): bump cross-spawn from 7.0.3 to 7.0.6 in /webapp (#719)

Bumps [cross-spawn](https://github.com/moxystudio/node-cross-spawn) from 7.0.3 to 7.0.6.
- [Changelog](https://github.com/moxystudio/node-cross-spawn/blob/master/CHANGELOG.md)
- [Commits](https://github.com/moxystudio/node-cross-spawn/compare/v7.0.3...v7.0.6)

---
updated-dependencies:
- dependency-name: cross-spawn
  dependency-type: indirect
...

Signed-off-by: dependabot[bot] <support@github.com>
Co-authored-by: dependabot[bot] <49699333+dependabot[bot]@users.noreply.github.com>"
mlco2/codecarbon,6592dddcfc5e39740b2cf1375ac080c3b996a5b6,2024-11,-6,pre,2024-11-23T11:09:46+01:00,2024-11-23T11:09:46+01:00,u17307de1894bf722,u17307de1894bf722@users.invalid,GitHub,noreply@github.com,1,0,5,157,9,0,0,0,,,,,,0,718,feat: add new organization modal (#718),"feat: add new organization modal (#718)

Signed-off-by: u09dcc1f39603dd20 <u09dcc1f39603dd20@users.invalid>"
mlco2/codecarbon,b1d7320108b16361aa9087661965625d6cfbe871,2024-11,-6,pre,2024-11-24T14:02:14+01:00,2024-11-18T20:15:37+01:00,u5d18afb8afb1c84e,u5d18afb8afb1c84e@users.invalid,u9e998c0e62e11e7f,u9e998c0e62e11e7f@users.invalid,1,0,9,85,19,9,85,19,,,,,,0,,"fix(carbonserver,codecarbon) fix some issues with cli auth","fix(carbonserver,codecarbon) fix some issues with cli auth

project token is no longer required to send data to api
the user credentials can also be used"
mlco2/codecarbon,6973ed99e78a8929848e164f5abb38489283bc5d,2024-11,-6,pre,2024-11-24T14:09:18+01:00,2024-11-06T21:55:59+01:00,u5d18afb8afb1c84e,u5d18afb8afb1c84e@users.invalid,u9e998c0e62e11e7f,u9e998c0e62e11e7f@users.invalid,1,0,1,32,1,0,0,0,,,,,,0,,feat(webapp) add more complete getting started message,feat(webapp) add more complete getting started message
mlco2/codecarbon,9db53a28f5c4624e857dedc4344af64cb0b20a62,2024-12,-5,pre,2024-12-02T10:07:09+01:00,2024-12-02T10:07:09+01:00,u17307de1894bf722,u17307de1894bf722@users.invalid,GitHub,noreply@github.com,1,0,1,6,3,1,6,3,,,,,,0,721,fix(cli): codecarbon monitor --no-api working again (#721),fix(cli): codecarbon monitor --no-api working again (#721)
mlco2/codecarbon,6029f422c4644bb98009da2ee7e15ad02519efbc,2024-12,-5,pre,2024-12-03T10:57:11+01:00,2024-12-03T10:57:11+01:00,u9dae085cd51385f2,u9dae085cd51385f2@users.invalid,GitHub,noreply@github.com,1,0,24,49,43,2,9,1,,,,,,0,725,Fix API calls (#725),"Fix API calls (#725)

* Fix API calls

* Bump to 2.8.1

* API call example

* rebuild doc

---------

Co-authored-by: u11d965fe4df279f7 <u11d965fe4df279f7@users.invalid>"
mlco2/codecarbon,a51d6d4a30954138ebac01d159f29b1a4214f6cb,2024-12,-5,pre,2024-12-03T11:04:36+01:00,2024-12-03T10:54:47+01:00,u09dcc1f39603dd20,u09dcc1f39603dd20@users.invalid,u9dae085cd51385f2,u9dae085cd51385f2@users.invalid,1,0,1,12,0,1,12,0,,,,,,0,,feat: log where the config file is,feat: log where the config file is
mlco2/codecarbon,917d1278eb299965c2d4fe0ae0efbac20f0d73c7,2024-12,-5,pre,2024-12-03T11:08:03+01:00,2024-12-03T11:08:03+01:00,u9dae085cd51385f2,u9dae085cd51385f2@users.invalid,GitHub,noreply@github.com,2,1,0,0,0,0,0,0,,,,,,0,726,Merge pull request #726 from mlco2/feat/log-codecarbon-config-file,"Merge pull request #726 from mlco2/feat/log-codecarbon-config-file

feat: log where the config file is"
mlco2/codecarbon,bcdea7c3aa497f98a9a7c7993160e58b3a12d948,2024-12,-5,pre,2024-12-03T15:41:24+01:00,2024-12-03T15:41:24+01:00,u17307de1894bf722,u17307de1894bf722@users.invalid,GitHub,noreply@github.com,1,0,2,46,45,0,0,0,,,,,,0,727,fix: scatter chart shows correct timestamp (#727),fix: scatter chart shows correct timestamp (#727)
mlco2/codecarbon,090db3b1b6dcbdd66aa46648a0f5c716eff944ea,2024-12,-5,pre,2024-12-05T17:22:08+01:00,2024-12-05T17:22:08+01:00,u17307de1894bf722,u17307de1894bf722@users.invalid,GitHub,noreply@github.com,1,0,8,118,64,0,0,0,,,,,,0,728,fix(ui): units are now kg and kWh (#728),"fix(ui): units are now kg and kWh (#728)

* fix(ui): units are now kg and kWh

* fix: sources for constants + equivalent TV in days"
mlco2/codecarbon,28ac1145627b7c04eac3a789c57958dcfeb365c4,2024-12,-5,pre,2024-12-11T11:57:11+01:00,2024-12-11T11:57:11+01:00,u11d965fe4df279f7,u11d965fe4df279f7@users.invalid,u11d965fe4df279f7,u11d965fe4df279f7@users.invalid,1,0,1,80,0,0,0,0,,,,,,0,,Add SmolLM2 example,Add SmolLM2 example
mlco2/codecarbon,d11c9c19e33b6f6e813dc0936c524502b33f4fed,2024-12,-5,pre,2024-12-11T13:58:29+01:00,2024-12-11T13:58:29+01:00,u9dae085cd51385f2,u9dae085cd51385f2@users.invalid,GitHub,noreply@github.com,2,1,0,0,0,0,0,0,,,,,,0,734,Merge pull request #734 from mlco2/feat/SmolLM2,"Merge pull request #734 from mlco2/feat/SmolLM2

Add SmolLM2 example"
mlco2/codecarbon,23f212c802102af5a35f11a3c432644df3d2d7ab,2024-12,-5,pre,2024-12-12T19:49:49+01:00,2024-12-12T19:44:06+01:00,u5d18afb8afb1c84e,u5d18afb8afb1c84e@users.invalid,u9e998c0e62e11e7f,u9e998c0e62e11e7f@users.invalid,1,0,1,1,0,1,1,0,,,,,,0,,chore(carbonserver) update cors config,chore(carbonserver) update cors config
mlco2/codecarbon,102fe6975defb5599bbbe0917ee343d85cf4d72f,2024-12,-5,pre,2024-12-12T20:19:06+01:00,2024-12-12T20:06:58+01:00,u5d18afb8afb1c84e,u5d18afb8afb1c84e@users.invalid,u9e998c0e62e11e7f,u9e998c0e62e11e7f@users.invalid,1,0,1,1,0,1,1,0,,,,,,0,,chore(carbonserver) more cors,chore(carbonserver) more cors
mlco2/codecarbon,2fc116638413a8ac955f13706ba8f632228b5e8c,2024-12,-5,pre,2024-12-13T13:07:21+01:00,2024-12-12T21:54:21+01:00,u11d965fe4df279f7,u11d965fe4df279f7@users.invalid,uae81257adf1d3460,uae81257adf1d3460@users.invalid,1,0,2,153,135,2,153,135,,,,,,0,,ResourceTracker,ResourceTracker
mlco2/codecarbon,94e2ca8cf10b91ebbf06af12954e987f3a5f9428,2024-12,-5,pre,2024-12-13T13:29:39+01:00,2024-12-13T13:29:39+01:00,u9dae085cd51385f2,u9dae085cd51385f2@users.invalid,GitHub,noreply@github.com,2,1,0,0,0,0,0,0,,,,,,0,741,Merge pull request #741 from mlco2/feat/refactor_set_CPU_GPU_ram_tracking,"Merge pull request #741 from mlco2/feat/refactor_set_CPU_GPU_ram_tracking

Add a ResourceTracker to have cleaner code"
mlco2/codecarbon,87046ccd0376f044a02b0070f43f4f971e32b77c,2024-12,-5,pre,2024-12-13T19:38:34+01:00,2024-12-12T20:52:43+01:00,u5d18afb8afb1c84e,u5d18afb8afb1c84e@users.invalid,u9e998c0e62e11e7f,u9e998c0e62e11e7f@users.invalid,1,0,1,4,3,1,4,3,,,,,,0,,config(codecarbon) update cli auth settings,config(codecarbon) update cli auth settings
mlco2/codecarbon,b911e77936e37feeab72213a991ec7f1d3a7a046,2024-12,-5,pre,2024-12-17T10:43:52+01:00,2024-12-17T10:43:52+01:00,u17307de1894bf722,u17307de1894bf722@users.invalid,GitHub,noreply@github.com,1,0,3,104,22,1,29,22,,,,,,0,737,fix: codecarbon lock multithread safe (#737),fix: codecarbon lock multithread safe (#737)
mlco2/codecarbon,54578d89118d33a992465ef5f695b024b1c30e7b,2024-12,-5,pre,2024-12-18T12:45:33+01:00,2024-12-18T12:45:33+01:00,u4ffc173d8f6238b8,u4ffc173d8f6238b8@users.invalid,GitHub,noreply@github.com,1,0,15,30,96,12,25,94,,,,,,0,748,Fix/fix prod api (#748),"Fix/fix prod api (#748)

* test: print bearer token

* fix: remove jwt test for add run endpoint

* fix: remove access token from emissions_tracker.py

* fix: various fixes

* fix(codecarbon) add back the bearer cli auth ; avoid 2 auths in //

* fix(codecarbon) fix show_config not using auth

* test(codecarbon) add missing mock

---------

Co-authored-by: u5d18afb8afb1c84e <u5d18afb8afb1c84e@users.invalid>"
mlco2/codecarbon,31baf1ae9ee8b0534cb5e6da732101388c78106d,2024-12,-5,pre,2024-12-18T18:13:34+01:00,2024-12-14T08:57:58+01:00,u11d965fe4df279f7,u11d965fe4df279f7@users.invalid,u9dae085cd51385f2,u9dae085cd51385f2@users.invalid,1,0,1,131,142,0,0,0,,,,,,0,,Update contributing,Update contributing
mlco2/codecarbon,7177c74f0d7d11bd680a4d56e0631daba95c2d9d,2024-12,-5,pre,2024-12-18T18:13:34+01:00,2024-12-14T08:58:11+01:00,u11d965fe4df279f7,u11d965fe4df279f7@users.invalid,u9dae085cd51385f2,u9dae085cd51385f2@users.invalid,1,0,3,3,3,1,1,1,,,,,,0,,bump,bump
mlco2/codecarbon,06b1e60aa3d41343adc5a937ef94edc2967b04e9,2024-12,-5,pre,2024-12-18T18:13:34+01:00,2024-12-14T08:58:36+01:00,u11d965fe4df279f7,u11d965fe4df279f7@users.invalid,u9dae085cd51385f2,u9dae085cd51385f2@users.invalid,1,0,17,33,33,0,0,0,,,,,,0,,rebuild doc,rebuild doc
mlco2/codecarbon,df9de728a4d34371067827af988d0b9272e7186c,2024-12,-5,pre,2024-12-18T18:13:34+01:00,2024-12-14T09:07:28+01:00,u11d965fe4df279f7,u11d965fe4df279f7@users.invalid,u9dae085cd51385f2,u9dae085cd51385f2@users.invalid,1,0,12,154,129,0,0,0,,,,,,0,,bump deps,bump deps
mlco2/codecarbon,ec3b563b5ba5fd7a2f9276af4ae2f55994cd0556,2024-12,-5,pre,2024-12-18T18:54:50+01:00,2024-12-18T18:54:50+01:00,u11d965fe4df279f7,u11d965fe4df279f7@users.invalid,u11d965fe4df279f7,u11d965fe4df279f7@users.invalid,1,0,1,13,5,1,13,5,,,,,,0,,Get api_key in config,Get api_key in config
mlco2/codecarbon,edb45db996897d9f7d0524079c1a02c019e9c89f,2024-12,-5,pre,2024-12-18T18:58:51+01:00,2024-12-18T18:58:51+01:00,u11d965fe4df279f7,u11d965fe4df279f7@users.invalid,u11d965fe4df279f7,u11d965fe4df279f7@users.invalid,1,0,1,0,1,1,0,1,,,,,,0,,Remove print,Remove print
mlco2/codecarbon,135fb7ae8b98d28b6ec93f851367e48765cf0ecf,2024-12,-5,pre,2024-12-18T20:03:51+01:00,2024-12-18T20:03:51+01:00,u11d965fe4df279f7,u11d965fe4df279f7@users.invalid,u11d965fe4df279f7,u11d965fe4df279f7@users.invalid,1,0,1,10,1,0,0,0,,,,,,0,,Fix test,Fix test
mlco2/codecarbon,150eabb6f63555654767b924f0493bded965283f,2024-12,-5,pre,2024-12-18T20:18:01+01:00,2024-12-18T20:18:01+01:00,u9dae085cd51385f2,u9dae085cd51385f2@users.invalid,GitHub,noreply@github.com,2,1,0,0,0,0,0,0,,,,,,0,745,Merge pull request #745 from mlco2/release_2.8.2,"Merge pull request #745 from mlco2/release_2.8.2

Release 2.8.2"
mlco2/codecarbon,53a7333541ff77d3fe09597d8423d260d1a8aa3b,2024-12,-5,pre,2024-12-19T07:49:25+01:00,2024-12-19T07:49:25+01:00,dependabot[bot],49699333+dependabot[bot]@users.noreply.github.com,GitHub,noreply@github.com,1,0,1,3,4,0,0,0,,,,,dependabot,0,747,chore(deps): bump nanoid from 3.3.7 to 3.3.8 in /webapp (#747),"chore(deps): bump nanoid from 3.3.7 to 3.3.8 in /webapp (#747)

Bumps [nanoid](https://github.com/ai/nanoid) from 3.3.7 to 3.3.8.
- [Release notes](https://github.com/ai/nanoid/releases)
- [Changelog](https://github.com/ai/nanoid/blob/main/CHANGELOG.md)
- [Commits](https://github.com/ai/nanoid/compare/3.3.7...3.3.8)

---
updated-dependencies:
- dependency-name: nanoid
  dependency-type: indirect
...

Signed-off-by: dependabot[bot] <support@github.com>
Co-authored-by: dependabot[bot] <49699333+dependabot[bot]@users.noreply.github.com>
Co-authored-by: u4ffc173d8f6238b8 <u4ffc173d8f6238b8@users.invalid>"
mlco2/codecarbon,fee5084fa321dec197c8b113d869a8928d93f2a6,2024-12,-5,pre,2024-12-19T08:01:26+01:00,2024-12-19T08:01:26+01:00,dependabot[bot],49699333+dependabot[bot]@users.noreply.github.com,GitHub,noreply@github.com,1,0,2,45,56,0,0,0,,,,,dependabot,0,750,chore(deps): bump next from 14.2.12 to 14.2.15 in /webapp (#750),chore(deps): bump next from 14.2.12 to 14.2.15 in /webapp (#750)
mlco2/codecarbon,2c79269469ab713c762ef66218af02ae60c78649,2024-12,-5,pre,2024-12-24T01:06:20Z,2024-12-24T01:06:20Z,dependabot[bot],49699333+dependabot[bot]@users.noreply.github.com,GitHub,noreply@github.com,1,0,8,8,8,0,0,0,,,,,dependabot,0,,chore(deps): bump jinja2 from 3.1.4 to 3.1.5 in /requirements,"chore(deps): bump jinja2 from 3.1.4 to 3.1.5 in /requirements

Bumps [jinja2](https://github.com/pallets/jinja) from 3.1.4 to 3.1.5.
- [Release notes](https://github.com/pallets/jinja/releases)
- [Changelog](https://github.com/pallets/jinja/blob/main/CHANGES.rst)
- [Commits](https://github.com/pallets/jinja/compare/3.1.4...3.1.5)

---
updated-dependencies:
- dependency-name: jinja2
  dependency-type: direct:production
...

Signed-off-by: dependabot[bot] <support@github.com>"
mlco2/codecarbon,3a5856c0dd7e5c81d897028f12450d1f17b6ab51,2024-12,-5,pre,2024-12-24T11:18:26+01:00,2024-12-24T11:18:26+01:00,u9dae085cd51385f2,u9dae085cd51385f2@users.invalid,GitHub,noreply@github.com,2,1,0,0,0,0,0,0,,,,,,0,753,Merge pull request #753 from mlco2/dependabot/pip/requirements/jinja2-3.1.5,"Merge pull request #753 from mlco2/dependabot/pip/requirements/jinja2-3.1.5

chore(deps): bump jinja2 from 3.1.4 to 3.1.5 in /requirements"
mlco2/codecarbon,87aa7478e8be5c54083c1953aea096f8d7258c7f,2025-01,-4,pre,2025-01-02T17:44:20+01:00,2024-12-23T20:13:56+01:00,u11d965fe4df279f7,u11d965fe4df279f7@users.invalid,u9dae085cd51385f2,u9dae085cd51385f2@users.invalid,1,0,1,5,1,1,5,1,,,,,,0,,Fix CLI error,Fix CLI error
mlco2/codecarbon,44a8a6010c7b62e427c991c26c616a011e1bb660,2025-01,-4,pre,2025-01-02T17:44:20+01:00,2024-12-23T22:51:03+01:00,u11d965fe4df279f7,u11d965fe4df279f7@users.invalid,u9dae085cd51385f2,u9dae085cd51385f2@users.invalid,1,0,1,100,0,0,0,0,,,,,,0,,wip : service doc,wip : service doc
mlco2/codecarbon,15f56f9232f0562a5c2cdc8850e1eab99aad2b60,2025-01,-4,pre,2025-01-02T17:44:20+01:00,2024-12-24T10:45:18+01:00,u11d965fe4df279f7,u11d965fe4df279f7@users.invalid,u9dae085cd51385f2,u9dae085cd51385f2@users.invalid,1,0,1,6,4,1,6,4,,,,,,0,,"Prevent reading ""./credentials.json"" if we don't need it to avoid Permission denied error.","Prevent reading ""./credentials.json"" if we don't need it to avoid Permission denied error."
mlco2/codecarbon,c479e8997975c5ea60fed54ceb79294cc2f7fc9c,2025-01,-4,pre,2025-01-02T17:44:20+01:00,2024-12-24T11:06:39+01:00,u11d965fe4df279f7,u11d965fe4df279f7@users.invalid,u9dae085cd51385f2,u9dae085cd51385f2@users.invalid,1,0,2,31,19,0,0,0,,,,,,0,,Doc,Doc
mlco2/codecarbon,d8c50879cd00e9d0e49f361724363ff38705be9a,2025-01,-4,pre,2025-01-02T17:44:20+01:00,2024-12-24T11:06:53+01:00,u11d965fe4df279f7,u11d965fe4df279f7@users.invalid,u9dae085cd51385f2,u9dae085cd51385f2@users.invalid,1,0,1,2,3,0,0,0,,,,,,0,,Prevent token leaks,Prevent token leaks
mlco2/codecarbon,d3ac941202fcbb6c3d11f478c3be9802ab13a2dd,2025-01,-4,pre,2025-01-02T17:48:33+01:00,2025-01-02T17:48:33+01:00,u9dae085cd51385f2,u9dae085cd51385f2@users.invalid,GitHub,noreply@github.com,2,1,0,0,0,0,0,0,,,,,,0,754,Merge pull request #754 from mlco2/doc_service,"Merge pull request #754 from mlco2/doc_service

Document how to run CodeCarbon as a service"
mlco2/codecarbon,5385c506a1237f265511dd51bb8db9cf37959794,2025-01,-4,pre,2025-01-18T17:55:02+01:00,2025-01-18T17:55:02+01:00,u17307de1894bf722,u17307de1894bf722@users.invalid,GitHub,noreply@github.com,1,0,12,163,43,7,82,11,,,,,,0,746,feat(api): add auth to project token endpoints (#746),"feat(api): add auth to project token endpoints (#746)

* feat(api): add auth to project token endpoints

* fix: add auth_context to project-token-service container

* chores(api): run api unit tests on the CI

Signed-off-by: u09dcc1f39603dd20 <u09dcc1f39603dd20@users.invalid>

* add logs to project-token call

* chores: custom CORS taken from env variable

* fix: log fief response when there is no access token

* fix: credentials included in fetch for project tokens

* fix: remove use server from project token api calls

Signed-off-by: u09dcc1f39603dd20 <u09dcc1f39603dd20@users.invalid>

* fix: remove useless prints

Signed-off-by: u09dcc1f39603dd20 <u09dcc1f39603dd20@users.invalid>

---------

Signed-off-by: u09dcc1f39603dd20 <u09dcc1f39603dd20@users.invalid>"
mlco2/codecarbon,c257f4f0cbf33e57487c6f1f8d094f8b8a60d36c,2025-01,-4,pre,2025-01-19T18:09:12+01:00,2025-01-14T12:53:42+01:00,u5d18afb8afb1c84e,u5d18afb8afb1c84e@users.invalid,u9e998c0e62e11e7f,u9e998c0e62e11e7f@users.invalid,1,0,14,202,49,12,121,30,,,,,,0,,feat(carbonserver) allow accessing public project data,"feat(carbonserver) allow accessing public project data

Add public flag to project
Allow getting data for public project without authentication"
mlco2/codecarbon,c91c696c7814696cf9341f02dc5b2a40daad9060,2025-01,-4,pre,2025-01-19T19:19:32+01:00,2025-01-19T19:19:32+01:00,dependabot[bot],49699333+dependabot[bot]@users.noreply.github.com,GitHub,noreply@github.com,1,0,2,45,45,0,0,0,,,,,dependabot,0,762,chore(deps): bump next from 14.2.15 to 14.2.21 in /webapp (#762),"chore(deps): bump next from 14.2.15 to 14.2.21 in /webapp (#762)

Bumps [next](https://github.com/vercel/next.js) from 14.2.15 to 14.2.21.
- [Release notes](https://github.com/vercel/next.js/releases)
- [Changelog](https://github.com/vercel/next.js/blob/canary/release.js)
- [Commits](https://github.com/vercel/next.js/compare/v14.2.15...v14.2.21)

---
updated-dependencies:
- dependency-name: next
  dependency-type: direct:production
...

Signed-off-by: dependabot[bot] <support@github.com>
Co-authored-by: dependabot[bot] <49699333+dependabot[bot]@users.noreply.github.com>"
mlco2/codecarbon,71c98775516403eb52e19879e5c760337657b87b,2025-01,-4,pre,2025-01-19T19:26:15+01:00,2025-01-19T19:26:15+01:00,u17307de1894bf722,u17307de1894bf722@users.invalid,GitHub,noreply@github.com,1,0,2,72,5,0,0,0,,,,,,0,761,feat: update project settings (name +description) (#761),"feat: update project settings (name +description) (#761)

* feat: settings page update project

* add animation saying changes saved

Signed-off-by: u09dcc1f39603dd20 <u09dcc1f39603dd20@users.invalid>

---------

Signed-off-by: u09dcc1f39603dd20 <u09dcc1f39603dd20@users.invalid>"
mlco2/codecarbon,3284a4df5c31b691e538b2c26221bf3a9ebeb8ea,2025-01,-4,pre,2025-01-19T19:30:50+01:00,2025-01-19T19:30:50+01:00,u4ffc173d8f6238b8,u4ffc173d8f6238b8@users.invalid,GitHub,noreply@github.com,1,0,10,123,7,8,47,4,,,,,,0,763,fix: redirect user to dashboard after cli account creation (#763),"fix: redirect user to dashboard after cli account creation (#763)

* fix: fix account creation with cli login

---------

Co-authored-by: u5d18afb8afb1c84e <u5d18afb8afb1c84e@users.invalid>"
mlco2/codecarbon,46789d305673a2beb601239bbc2b95b58ed86242,2025-01,-4,pre,2025-01-19T20:07:39+01:00,2025-01-19T20:07:39+01:00,u4ffc173d8f6238b8,u4ffc173d8f6238b8@users.invalid,GitHub,noreply@github.com,1,0,37,443,246,1,1,1,,,,,,0,765,chore: bump version (#765),chore: bump version (#765)
mlco2/codecarbon,7cf0b0e3d8bc4dfe7f546b424949fcac812eb6ea,2025-01,-4,pre,2025-01-22T10:49:31+01:00,2025-01-22T10:49:31+01:00,u9dae085cd51385f2,u9dae085cd51385f2@users.invalid,GitHub,noreply@github.com,1,0,1,15,0,0,0,0,,,,,,0,,Create FUNDING.yml,Create FUNDING.yml
mlco2/codecarbon,4c6fa5510d2e884824e5527e9b2674697c282ff9,2025-01,-4,pre,2025-01-22T11:06:44+01:00,2025-01-22T11:06:44+01:00,u9dae085cd51385f2,u9dae085cd51385f2@users.invalid,GitHub,noreply@github.com,2,1,0,0,0,0,0,0,,,,,,0,766,Merge pull request #766 from mlco2/feat/funding,"Merge pull request #766 from mlco2/feat/funding

Create FUNDING.yml"
mlco2/codecarbon,0a1f6f4527bc3df11085d6a83f55bec997cf69de,2025-01,-4,pre,2025-01-22T21:37:49+01:00,2025-01-22T21:37:49+01:00,u41164bd42c19d964,u41164bd42c19d964@users.invalid,u41164bd42c19d964,u41164bd42c19d964@users.invalid,1,0,1,69,29,1,69,29,,,,,,0,,Improve arguments consistency in track_emissions decorator,Improve arguments consistency in track_emissions decorator
mlco2/codecarbon,842ccf60c0899fe3cb98a1dc8a54946a03a88097,2025-01,-4,pre,2025-01-24T07:59:30+01:00,2025-01-24T07:59:30+01:00,u9dae085cd51385f2,u9dae085cd51385f2@users.invalid,GitHub,noreply@github.com,2,1,0,0,0,0,0,0,,,,,,0,769,Merge pull request #769 from h35bae48f0bb12eff/master,"Merge pull request #769 from h35bae48f0bb12eff/master

Improve arguments consistency in track_emissions decorator"
mlco2/codecarbon,0f4ea32c3a69643013c637d4a0f761a6300db3d3,2025-01,-4,pre,2025-01-26T16:53:11+01:00,2025-01-26T16:53:11+01:00,u17307de1894bf722,u17307de1894bf722@users.invalid,GitHub,noreply@github.com,1,0,1,43,0,0,0,0,,,,,,0,772,ci: deploy app from ci (#772),"ci: deploy app from ci (#772)

* ci: deploy app from ci

* test triggering the deploy

Signed-off-by: u09dcc1f39603dd20 <u09dcc1f39603dd20@users.invalid>

* fix: add reference to local clever cli

* unshallow the fetch

Signed-off-by: u09dcc1f39603dd20 <u09dcc1f39603dd20@users.invalid>

* fix: deploy to multiple applications using --alias APP_NAME

Signed-off-by: u09dcc1f39603dd20 <u09dcc1f39603dd20@users.invalid>

* reduce verbosity of deploy logs (no need for app logs)

Signed-off-by: u09dcc1f39603dd20 <u09dcc1f39603dd20@users.invalid>

* .

---------

Signed-off-by: u09dcc1f39603dd20 <u09dcc1f39603dd20@users.invalid>"
mlco2/codecarbon,a172bb9e7132be128c39a8461522ec24be2471e6,2025-01,-4,pre,2025-01-28T20:09:31+01:00,2025-01-28T20:09:31+01:00,u9dae085cd51385f2,u9dae085cd51385f2@users.invalid,u9dae085cd51385f2,u9dae085cd51385f2@users.invalid,1,0,8,106,91,0,0,0,,,,,,0,,deps bump,deps bump
mlco2/codecarbon,65cdea2f6c3437f763f4cb0f7eeedc6454e7630b,2025-01,-4,pre,2025-01-28T20:24:43+01:00,2025-01-28T20:24:43+01:00,u9dae085cd51385f2,u9dae085cd51385f2@users.invalid,u9dae085cd51385f2,u9dae085cd51385f2@users.invalid,1,0,1,20,0,1,20,0,,,,,,0,,Check if tracker iniialized.,Check if tracker iniialized.
mlco2/codecarbon,773dea188d82ea9575f1c02ee7dc281a93829872,2025-01,-4,pre,2025-01-29T13:35:24+01:00,2025-01-29T13:35:24+01:00,u11d965fe4df279f7,u11d965fe4df279f7@users.invalid,u11d965fe4df279f7,u11d965fe4df279f7@users.invalid,1,0,3,81,2,2,12,2,,,,,,0,,Fix empty country,Fix empty country
mlco2/codecarbon,268604fcd34cc2a667fb0c5e18c92e5860a8ebdb,2025-01,-4,pre,2025-01-29T13:51:55+01:00,2025-01-29T13:51:55+01:00,u11d965fe4df279f7,u11d965fe4df279f7@users.invalid,u11d965fe4df279f7,u11d965fe4df279f7@users.invalid,1,0,10,97,110,0,0,0,,,,,,0,,Bump deps,Bump deps
mlco2/codecarbon,3ab4d43fafcbf31fbf6eafd245f0322175345cc7,2025-01,-4,pre,2025-01-31T10:21:46+01:00,2025-01-31T10:21:46+01:00,u9dae085cd51385f2,u9dae085cd51385f2@users.invalid,GitHub,noreply@github.com,2,1,0,0,0,0,0,0,,,,,,0,776,Merge pull request #776 from mlco2/fix/#773_emissions,"Merge pull request #776 from mlco2/fix/#773_emissions

Fix/#773 emissions"
mlco2/codecarbon,b22e0b53b385c5dd0090ca4f77b5f8a563eff41f,2025-02,-3,pre,2025-02-13T17:16:59+01:00,2025-02-13T17:16:59+01:00,uddf0965537341540,uddf0965537341540@users.invalid,GitHub,noreply@github.com,1,0,1,1,1,1,1,1,,,,,,0,785,Fix(lock):  SIGTERM handling to allow cleanup code execution (#785),Fix(lock):  SIGTERM handling to allow cleanup code execution (#785)
mlco2/codecarbon,ca6e8cd8d1aef269a1cf8e28519055dff04a3491,2025-03,-2,pre,2025-03-08T22:39:30+01:00,2025-03-08T22:37:27+01:00,u09dcc1f39603dd20,u09dcc1f39603dd20@users.invalid,u09dcc1f39603dd20,u09dcc1f39603dd20@users.invalid,1,0,2,139,6,1,4,6,,,,,,0,,fix(api): auth context can read project,fix(api): auth context can read project
mlco2/codecarbon,bb37fb3330cf05dc6008080e6ece10370fbbaeb3,2025-03,-2,pre,2025-03-08T22:50:34+01:00,2025-03-08T22:50:34+01:00,u09dcc1f39603dd20,u09dcc1f39603dd20@users.invalid,u09dcc1f39603dd20,u09dcc1f39603dd20@users.invalid,1,0,1,3,1,0,0,0,,,,,,0,,fix: unit test,fix: unit test
mlco2/codecarbon,6a81c29729712bdce9da86b575741d0e809afe86,2025-03,-2,pre,2025-03-09T12:53:12+01:00,2025-03-09T12:53:12+01:00,u17307de1894bf722,u17307de1894bf722@users.invalid,GitHub,noreply@github.com,1,0,1,1,1,1,1,1,,,,,,0,794,fix: minor change in log that says where the codecarbon output is (#794),fix: minor change in log that says where the codecarbon output is (#794)
mlco2/codecarbon,2d3dfc7ac8f9dfc6050298ffc43d45a88c1fcac0,2025-03,-2,pre,2025-03-10T14:54:56+01:00,2025-03-09T17:54:01+01:00,u5d18afb8afb1c84e,u5d18afb8afb1c84e@users.invalid,u9e998c0e62e11e7f,u9e998c0e62e11e7f@users.invalid,1,0,1,0,15,1,0,15,,,,,,0,,chore(carbonserver) remove unused users endpoint,chore(carbonserver) remove unused users endpoint
mlco2/codecarbon,53390bf6767bb12dc5d8d756c4321689abde9160,2025-03,-2,pre,2025-03-10T21:41:24+01:00,2025-03-10T21:41:24+01:00,u17307de1894bf722,u17307de1894bf722@users.invalid,GitHub,noreply@github.com,2,1,0,0,0,0,0,0,,,,,,0,,Merge branch 'master' into fix/auth-context-get-one-project,Merge branch 'master' into fix/auth-context-get-one-project
mlco2/codecarbon,4987537caf48d3bbc970cee558cd7e7c23fdd966,2025-03,-2,pre,2025-03-10T22:02:23+01:00,2025-03-10T22:02:23+01:00,u17307de1894bf722,u17307de1894bf722@users.invalid,GitHub,noreply@github.com,2,1,0,0,0,0,0,0,,,,,,0,795,Merge pull request #795 from mlco2/fix/auth-context-get-one-project,"Merge pull request #795 from mlco2/fix/auth-context-get-one-project

fix(api): auth context can read project"
mlco2/codecarbon,e1177b52b1b8c97fb8afa8a834b7411b33fbe729,2025-03,-2,pre,2025-03-19T10:41:19+01:00,2025-03-19T10:41:19+01:00,ua2bab2dc3780f20e,ua2bab2dc3780f20e@users.invalid,ua2bab2dc3780f20e,ua2bab2dc3780f20e@users.invalid,1,0,1,1,0,0,0,0,,,,,,0,,added AMD EPYC 9454 TDP to cpu_power.csv,added AMD EPYC 9454 TDP to cpu_power.csv
mlco2/codecarbon,57069fc7f98946527eeeb1376971096015992fc2,2025-03,-2,pre,2025-03-20T13:04:43+01:00,2025-03-20T13:04:43+01:00,ubb144910c0293ef5,ubb144910c0293ef5@users.invalid,ubb144910c0293ef5,ubb144910c0293ef5@users.invalid,1,0,1,1,0,0,0,0,,,,,,0,,Add Intel Core Ultra 7 165H,Add Intel Core Ultra 7 165H
mlco2/codecarbon,a2347128e6d5320bf87c0cb96c5f10d6d4ed1291,2025-03,-2,pre,2025-03-25T09:46:27+01:00,2025-03-25T09:27:12+01:00,u09dcc1f39603dd20,u09dcc1f39603dd20@users.invalid,u09dcc1f39603dd20,u09dcc1f39603dd20@users.invalid,1,0,2,56,45,0,0,0,,,,,,0,,fix: update nextjs to latest to prevent known vulnerability,fix: update nextjs to latest to prevent known vulnerability
mlco2/codecarbon,a484c30b7c648a0ee5443fcb8b716630daadd93e,2025-03,-2,pre,2025-03-25T09:56:19+01:00,2025-03-25T09:56:19+01:00,u17307de1894bf722,u17307de1894bf722@users.invalid,GitHub,noreply@github.com,2,1,0,0,0,0,0,0,,,,,,0,,fix: update nextjs to latest to prevent known vulnerability,"fix: update nextjs to latest to prevent known vulnerability

fix: update nextjs to latest to prevent known vulnerability"
mlco2/codecarbon,81cc84121358b88f8fc23c254581652b55ce97d9,2025-03,-2,pre,2025-03-27T09:00:09+01:00,2025-03-27T09:00:09+01:00,u17307de1894bf722,u17307de1894bf722@users.invalid,GitHub,noreply@github.com,2,1,0,0,0,0,0,0,,,,,,0,,Merge branch 'master' into add-cpu-amd-epyc-9454,Merge branch 'master' into add-cpu-amd-epyc-9454
mlco2/codecarbon,a9fa7f776c29e5001282a8199431c6b1292af161,2025-03,-2,pre,2025-03-31T13:59:15+02:00,2025-03-31T13:59:15+02:00,u17307de1894bf722,u17307de1894bf722@users.invalid,GitHub,noreply@github.com,2,1,0,0,0,0,0,0,,,,,,0,,Add CPU TDP for AMD EPYC 9454,"Add CPU TDP for AMD EPYC 9454

Add CPU TDP for AMD EPYC 9454"
mlco2/codecarbon,9fb998c3733557d251419795f8867c939314c4dc,2025-03,-2,pre,2025-03-31T13:59:49+02:00,2025-03-31T13:59:49+02:00,u17307de1894bf722,u17307de1894bf722@users.invalid,GitHub,noreply@github.com,2,1,0,0,0,0,0,0,,,,,,0,,Merge branch 'master' into cpu-intel-core-ultra-7-165h,Merge branch 'master' into cpu-intel-core-ultra-7-165h
mlco2/codecarbon,e69626ed1e8899d0df4c4b98f055b3926363e8c5,2025-04,-1,pre,2025-04-01T09:46:42+02:00,2025-04-01T09:46:42+02:00,u17307de1894bf722,u17307de1894bf722@users.invalid,GitHub,noreply@github.com,2,1,0,0,0,0,0,0,,,,,,0,,Add Intel Core Ultra 7 165H,"Add Intel Core Ultra 7 165H

Add Intel Core Ultra 7 165H"
mlco2/codecarbon,e73726688308194819f7c631f5d3ab85ffb21e3a,2025-04,-1,pre,2025-04-01T10:13:23+02:00,2025-04-01T10:13:23+02:00,u17307de1894bf722,u17307de1894bf722@users.invalid,GitHub,noreply@github.com,1,0,5,193,167,0,0,0,,,,,,0,812,chores: split github workflows (#812),"chores: split github workflows (#812)

* chores: split github workflows

* docs: typo in the name of the build jobs

Signed-off-by: u09dcc1f39603dd20 <u09dcc1f39603dd20@users.invalid>

---------

Signed-off-by: u09dcc1f39603dd20 <u09dcc1f39603dd20@users.invalid>"
mlco2/codecarbon,84f028aa6cb389f820a4a8bd0dea635785ab743d,2025-04,-1,pre,2025-04-04T09:05:21+02:00,2025-04-04T09:05:21+02:00,u17307de1894bf722,u17307de1894bf722@users.invalid,GitHub,noreply@github.com,1,0,8,182,7,2,4,2,,,,,,0,816,Feat: create new experiment from the webapp (#816),"Feat: create new experiment from the webapp (#816)

* feat: add experiment modal

Signed-off-by: u09dcc1f39603dd20 <u09dcc1f39603dd20@users.invalid>

* fix: timestamp optional

* fix: timestamp

* rearrange the ui

* fix: experiment creation

* fix: show id of created experiment

Signed-off-by: u09dcc1f39603dd20 <u09dcc1f39603dd20@users.invalid>

* fix: remove unnecessary fields from experiments

Signed-off-by: u09dcc1f39603dd20 <u09dcc1f39603dd20@users.invalid>

---------

Signed-off-by: u09dcc1f39603dd20 <u09dcc1f39603dd20@users.invalid>"
mlco2/codecarbon,934d7661ba713dd913617c8a0c69d2f51b6cd068,2025-04,-1,pre,2025-04-04T13:17:18+02:00,2025-04-04T13:17:18+02:00,dependabot[bot],49699333+dependabot[bot]@users.noreply.github.com,GitHub,noreply@github.com,1,0,1,3,3,0,0,0,,,,,dependabot,0,811,chore(deps): bump @babel/runtime from 7.24.8 to 7.27.0 in /webapp (#811),"chore(deps): bump @babel/runtime from 7.24.8 to 7.27.0 in /webapp (#811)

Bumps [@babel/runtime](https://github.com/babel/babel/tree/HEAD/packages/babel-runtime) from 7.24.8 to 7.27.0.
- [Release notes](https://github.com/babel/babel/releases)
- [Changelog](https://github.com/babel/babel/blob/main/CHANGELOG.md)
- [Commits](https://github.com/babel/babel/commits/v7.27.0/packages/babel-runtime)

---
updated-dependencies:
- dependency-name: ""@babel/runtime""
  dependency-type: indirect
...

Signed-off-by: dependabot[bot] <support@github.com>
Co-authored-by: dependabot[bot] <49699333+dependabot[bot]@users.noreply.github.com>"
mlco2/codecarbon,4a22eb9d076f735d5a42667fb697477447a43f1f,2025-04,-1,pre,2025-04-11T12:24:38+02:00,2025-04-11T12:24:38+02:00,ubdc5dce21025c873,ubdc5dce21025c873@users.invalid,GitHub,noreply@github.com,1,0,74,13250,3252,0,0,0,,,,,,0,818,feat(ui): share project page (#818),"feat(ui): share project page (#818)

* improvement: Upgrade to Next 15

* fix: organization navbar select not empty

* feat: improved member page + loader + breadcrumb layout

* feat: project settings page + code refactoring + public project page

* lib: upgrade next for security

* fix: clarify api client/server side with fief auth

* feat: export json and csv + refactorings

* improvement: create org and create project loading and refresh logic

* fix: downgrade react-day-picker

* build: update package.json

* doc: updated readme to use pnpm

* build: trigger build

* feat: export to json button and data fetching

* fix: build issue after rebase

* fix: githbu build webapp with pnpm

* fix: build-ui github action use pnpm build

* fix: prettier fixes

* fix: prettier pnpm lock

* fix: ignore lock files in prettier"
mlco2/codecarbon,5821c81ab8819518c085e14e617059f65326dc1e,2025-04,-1,pre,2025-04-12T18:15:52+02:00,2025-04-11T10:26:32+02:00,u9dae085cd51385f2,u9dae085cd51385f2@users.invalid,u9dae085cd51385f2,u9dae085cd51385f2@users.invalid,1,0,1,1,0,0,0,0,,,,,,0,,Update cpu_power.csv,"Update cpu_power.csv

Intel(R) Xeon(R) W-11955M CPU @ 2.60GHz"
mlco2/codecarbon,5495560569dd4150148142234311d12c5d513b24,2025-04,-1,pre,2025-04-12T18:35:52+02:00,2025-04-12T18:35:52+02:00,u9dae085cd51385f2,u9dae085cd51385f2@users.invalid,GitHub,noreply@github.com,2,1,0,0,0,0,0,0,,,,,,0,819,Merge pull request #819 from mlco2/benoit-cty-patch-1,"Merge pull request #819 from mlco2/benoit-cty-patch-1

Update cpu_power.csv for Intel(R) Xeon(R) W-11955M CPU @ 2.60GHz"
mlco2/codecarbon,af650b9423b90ba5e3d40f27bb6785e5d6a092c4,2025-04,-1,pre,2025-04-13T16:54:07+02:00,2025-04-13T16:54:07+02:00,u17307de1894bf722,u17307de1894bf722@users.invalid,GitHub,noreply@github.com,1,0,12,198,34,0,0,0,,,,,,0,817,feat(ui): list experiments of a project in the webapp (#817),"feat(ui): list experiments of a project in the webapp (#817)

* feat: experiments list

* fix: remove experiment creation from public page

Signed-off-by: u09dcc1f39603dd20 <u09dcc1f39603dd20@users.invalid>

* fix: prettier issue with package-lock.json

Signed-off-by: u09dcc1f39603dd20 <u09dcc1f39603dd20@users.invalid>

---------

Signed-off-by: u09dcc1f39603dd20 <u09dcc1f39603dd20@users.invalid>"
mlco2/codecarbon,d3c467e193bd6125d0a50c19253af4a01b1ce143,2025-04,-1,pre,2025-04-13T18:08:35+02:00,2025-03-25T08:57:19Z,dependabot[bot],49699333+dependabot[bot]@users.noreply.github.com,u9dae085cd51385f2,u9dae085cd51385f2@users.invalid,1,0,8,8,8,0,0,0,,,,,dependabot,0,,chore(deps): bump jinja2 from 3.1.5 to 3.1.6 in /requirements,"chore(deps): bump jinja2 from 3.1.5 to 3.1.6 in /requirements

Bumps [jinja2](https://github.com/pallets/jinja) from 3.1.5 to 3.1.6.
- [Release notes](https://github.com/pallets/jinja/releases)
- [Changelog](https://github.com/pallets/jinja/blob/main/CHANGES.rst)
- [Commits](https://github.com/pallets/jinja/compare/3.1.5...3.1.6)

---
updated-dependencies:
- dependency-name: jinja2
  dependency-type: direct:production
...

Signed-off-by: dependabot[bot] <support@github.com>"
mlco2/codecarbon,36b4e5d61e2ca3bec62518c8b997ee80ab130c74,2025-04,-1,pre,2025-04-13T18:09:07+02:00,2025-04-13T18:09:07+02:00,u9dae085cd51385f2,u9dae085cd51385f2@users.invalid,GitHub,noreply@github.com,2,1,0,0,0,0,0,0,,,,,,0,810,Merge pull request #810 from mlco2/dependabot/pip/requirements/jinja2-3.1.6,"Merge pull request #810 from mlco2/dependabot/pip/requirements/jinja2-3.1.6

chore(deps): bump jinja2 from 3.1.5 to 3.1.6 in /requirements"
mlco2/codecarbon,f63cfc5b49b301d0d46c435ff3f7ce72ae9e1966,2025-04,-1,pre,2025-04-13T21:56:41+02:00,2025-01-30T22:44:56+01:00,u11d965fe4df279f7,u11d965fe4df279f7@users.invalid,u9dae085cd51385f2,u9dae085cd51385f2@users.invalid,1,0,1,103,0,0,0,0,,,,,,0,,Ollama example,Ollama example
mlco2/codecarbon,df9abe1176125018b90551054329c462a7c46af1,2025-04,-1,pre,2025-04-13T21:56:41+02:00,2025-01-31T08:20:12+01:00,u11d965fe4df279f7,u11d965fe4df279f7@users.invalid,u9dae085cd51385f2,u9dae085cd51385f2@users.invalid,1,0,1,44,0,0,0,0,,,,,,0,,Command line tool,Command line tool
mlco2/codecarbon,8d5335d31502d3e70d4eefe98af516e087790f4a,2025-04,-1,pre,2025-04-13T22:08:59+02:00,2025-04-13T22:08:59+02:00,u9dae085cd51385f2,u9dae085cd51385f2@users.invalid,GitHub,noreply@github.com,2,1,0,0,0,0,0,0,,,,,,0,777,Merge pull request #777 from mlco2/ollama,"Merge pull request #777 from mlco2/ollama

Add an Ollama and a command line tool example"
mlco2/codecarbon,c94b67f7cf6fa21651a0e13de4c6e29642dd4606,2025-04,-1,pre,2025-04-13T22:09:22+02:00,2025-02-11T19:34:15Z,dependabot[bot],49699333+dependabot[bot]@users.noreply.github.com,u9dae085cd51385f2,u9dae085cd51385f2@users.invalid,1,0,11,11,11,0,0,0,,,,,dependabot,0,,chore(deps): bump cryptography from 44.0.0 to 44.0.1,"chore(deps): bump cryptography from 44.0.0 to 44.0.1

Bumps [cryptography](https://github.com/pyca/cryptography) from 44.0.0 to 44.0.1.
- [Changelog](https://github.com/pyca/cryptography/blob/main/CHANGELOG.rst)
- [Commits](https://github.com/pyca/cryptography/compare/44.0.0...44.0.1)

---
updated-dependencies:
- dependency-name: cryptography
  dependency-type: direct:production
...

Signed-off-by: dependabot[bot] <support@github.com>"
mlco2/codecarbon,29b117523bff420d21af26327e145c8420974b46,2025-04,-1,pre,2025-04-13T22:12:56+02:00,2025-04-13T22:12:56+02:00,u9dae085cd51385f2,u9dae085cd51385f2@users.invalid,GitHub,noreply@github.com,2,1,0,0,0,0,0,0,,,,,,0,783,Merge pull request #783 from mlco2/dependabot/pip/cryptography-44.0.1,"Merge pull request #783 from mlco2/dependabot/pip/cryptography-44.0.1

chore(deps): bump cryptography from 44.0.0 to 44.0.1"
mlco2/codecarbon,fac012625373fa0d700b1ae94d63d53f516af462,2025-04,-1,pre,2025-04-13T22:20:53+02:00,2025-03-11T10:16:55+01:00,u09dcc1f39603dd20,u09dcc1f39603dd20@users.invalid,u9dae085cd51385f2,u9dae085cd51385f2@users.invalid,1,0,2,12,5,2,12,5,,,,,,0,,fix: improve cli error-handling,fix: improve cli error-handling
mlco2/codecarbon,abc59322c51b54107fe48800dc36a5d9562489d8,2025-04,-1,pre,2025-04-13T22:21:38+02:00,2025-04-13T22:21:38+02:00,u9dae085cd51385f2,u9dae085cd51385f2@users.invalid,GitHub,noreply@github.com,2,1,0,0,0,0,0,0,,,,,,0,798,Merge pull request #798 from mlco2/fix/cli-improvements,"Merge pull request #798 from mlco2/fix/cli-improvements

fix: improve cli error-handling"
mlco2/codecarbon,cadfa0008ac4b9a25b66ac26d9b2c8c7ce0d5edc,2025-04,-1,pre,2025-04-14T20:53:22+02:00,2024-12-18T09:35:44+03:00,uc171a1a3fc222e5b,uc171a1a3fc222e5b@users.invalid,u9dae085cd51385f2,u9dae085cd51385f2@users.invalid,1,0,1,39,0,0,0,0,,,,,,0,,Added Documentation on Estimation of Equivalent Usage Emissions,"Added Documentation on Estimation of Equivalent Usage Emissions

Signed-off-by: uc171a1a3fc222e5b <uc171a1a3fc222e5b@users.invalid>"
mlco2/codecarbon,86617207c3755f3b15b86b02339b1f5ecf603b01,2025-04,-1,pre,2025-04-14T20:53:22+02:00,2024-12-18T14:54:58+03:00,uc171a1a3fc222e5b,uc171a1a3fc222e5b@users.invalid,u9dae085cd51385f2,u9dae085cd51385f2@users.invalid,1,0,1,1,1,0,0,0,,,,,,0,,Update docs/_sources/methodology.rst.txt,"Update docs/_sources/methodology.rst.txt

Co-authored-by: u9dae085cd51385f2 <u9dae085cd51385f2@users.invalid>"
mlco2/codecarbon,48ee6aac810ff1e802d78f3ee80856444ea9a520,2025-04,-1,pre,2025-04-14T20:53:22+02:00,2024-12-18T14:55:17+03:00,uc171a1a3fc222e5b,uc171a1a3fc222e5b@users.invalid,u9dae085cd51385f2,u9dae085cd51385f2@users.invalid,1,0,1,1,1,0,0,0,,,,,,0,,Update docs/_sources/methodology.rst.txt,"Update docs/_sources/methodology.rst.txt

Co-authored-by: u9dae085cd51385f2 <u9dae085cd51385f2@users.invalid>"
mlco2/codecarbon,e97a912fff90f5b79ab2c88edb6551bea9966e2e,2025-04,-1,pre,2025-04-14T20:53:22+02:00,2024-12-18T15:22:45+03:00,uc171a1a3fc222e5b,uc171a1a3fc222e5b@users.invalid,u9dae085cd51385f2,u9dae085cd51385f2@users.invalid,1,0,1,9,6,0,0,0,,,,,,0,,Corrections,"Corrections

Signed-off-by: uc171a1a3fc222e5b <uc171a1a3fc222e5b@users.invalid>"
mlco2/codecarbon,408b46584e8a2c58ae4d7bc9d669712b92e36e11,2025-04,-1,pre,2025-04-14T20:53:22+02:00,2024-12-20T01:26:27+03:00,uc171a1a3fc222e5b,uc171a1a3fc222e5b@users.invalid,u9dae085cd51385f2,u9dae085cd51385f2@users.invalid,1,0,1,20,4,0,0,0,,,,,,0,,Added Calculations for US Citizen Weekly Emissions,Added Calculations for US Citizen Weekly Emissions
mlco2/codecarbon,5bc063cefaadb007b4bf5de043e9ce7e7afa3e97,2025-04,-1,pre,2025-04-14T20:53:22+02:00,2024-12-21T00:33:36+03:00,uc171a1a3fc222e5b,uc171a1a3fc222e5b@users.invalid,u9dae085cd51385f2,u9dae085cd51385f2@users.invalid,1,0,2,25,4,1,23,2,,,,,,0,,Updated RAM Power Usage Assumption to 5 Watts Per Module,Updated RAM Power Usage Assumption to 5 Watts Per Module
mlco2/codecarbon,834d6d15093b258aa5681c74748858540f67160f,2025-04,-1,pre,2025-04-14T20:53:22+02:00,2025-04-14T20:41:56+02:00,u11d965fe4df279f7,u11d965fe4df279f7@users.invalid,u9dae085cd51385f2,u9dae085cd51385f2@users.invalid,1,0,2,4,25,1,2,23,,,,,,1,,"Revert ""Updated RAM Power Usage Assumption to 5 Watts Per Module""","Revert ""Updated RAM Power Usage Assumption to 5 Watts Per Module""

This reverts commit 0b2548910a6df0bfc595f6d84dcb33df41d952d8."
mlco2/codecarbon,e6df19fe6b7d63eb082f14383cb7987c338d5291,2025-04,-1,pre,2025-04-14T20:53:22+02:00,2025-04-14T20:52:20+02:00,u11d965fe4df279f7,u11d965fe4df279f7@users.invalid,u9dae085cd51385f2,u9dae085cd51385f2@users.invalid,1,0,1,67,0,0,0,0,,,,,,0,,Write in main file.,Write in main file.
mlco2/codecarbon,769c0ba05dc22f643ef4872dc0d66c35c88e4403,2025-04,-1,pre,2025-04-14T20:55:31+02:00,2025-04-14T20:55:31+02:00,u9dae085cd51385f2,u9dae085cd51385f2@users.invalid,GitHub,noreply@github.com,2,1,0,0,0,0,0,0,,,,,,0,749,Merge pull request #749 from h0a6cd54010cc820a/master,"Merge pull request #749 from h0a6cd54010cc820a/master

Added Documentation on Estimation of Equivalent Usage Emissions"
mlco2/codecarbon,e255c2558d44e4894c41d0e2049b1725b8518d03,2025-04,-1,pre,2025-04-14T20:56:00+02:00,2024-03-06T20:56:00+01:00,uffb4481896b75bc7,uffb4481896b75bc7@users.invalid,u9dae085cd51385f2,u9dae085cd51385f2@users.invalid,1,0,1,3,2,1,3,2,,,,,,0,,Added missing return type hint and updated doc string,Added missing return type hint and updated doc string
mlco2/codecarbon,4b382d33b006834e3b9e9d83aee470841ddfb610,2025-04,-1,pre,2025-04-14T20:59:06+02:00,2025-04-14T20:59:06+02:00,u9dae085cd51385f2,u9dae085cd51385f2@users.invalid,GitHub,noreply@github.com,2,1,0,0,0,0,0,0,,,,,,0,511,Merge pull request #511 from hbc2757127bed89bc/fix-stop-task-signature-and-comment,"Merge pull request #511 from hbc2757127bed89bc/fix-stop-task-signature-and-comment

Draft: Fixed wrong return type hint and updated doc string"
mlco2/codecarbon,bf560dd50d51fd981da78fffd3e6231be425b044,2025-04,-1,pre,2025-04-15T10:32:13+02:00,2025-01-17T10:30:01+01:00,u11d965fe4df279f7,u11d965fe4df279f7@users.invalid,u9dae085cd51385f2,u9dae085cd51385f2@users.invalid,1,0,12,355,113,0,0,0,,,,,,0,,Ansible Playbook,Ansible Playbook
mlco2/codecarbon,71eb81c71a9811a1e92d90a2882ac1b9a05f49c7,2025-04,-1,pre,2025-04-15T10:32:13+02:00,2025-01-17T14:28:27+01:00,u11d965fe4df279f7,u11d965fe4df279f7@users.invalid,u9dae085cd51385f2,u9dae085cd51385f2@users.invalid,1,0,1,1,1,0,0,0,,,,,,0,,doc,doc
mlco2/codecarbon,903561a0356339842fd1b7618490bc8199deb7e7,2025-04,-1,pre,2025-04-15T10:32:13+02:00,2025-01-22T09:55:27+01:00,u11d965fe4df279f7,u11d965fe4df279f7@users.invalid,u9dae085cd51385f2,u9dae085cd51385f2@users.invalid,1,0,1,1,1,0,0,0,,,,,,0,,log_level=INFO,log_level=INFO
mlco2/codecarbon,77c59ef429997f9d9e3732c82fd6902f9b923860,2025-04,-1,pre,2025-04-15T10:32:13+02:00,2025-01-22T10:56:22+01:00,u11d965fe4df279f7,u11d965fe4df279f7@users.invalid,u9dae085cd51385f2,u9dae085cd51385f2@users.invalid,1,0,2,2,2,0,0,0,,,,,,0,,log_level=WARNING,log_level=WARNING
mlco2/codecarbon,dfb586c7ea90546973cb17c722f8c59e147efb07,2025-04,-1,pre,2025-04-15T10:33:12+02:00,2025-04-15T10:33:12+02:00,u9dae085cd51385f2,u9dae085cd51385f2@users.invalid,GitHub,noreply@github.com,2,1,0,0,0,0,0,0,,,,,,0,760,Merge pull request #760 from mlco2/doc_ansible,"Merge pull request #760 from mlco2/doc_ansible

Ansible Playbook"
mlco2/codecarbon,db45cb7be05d32413e87c29f727175478ec46c89,2025-04,-1,pre,2025-04-15T10:41:07+02:00,2025-03-28T21:32:19+01:00,u11d965fe4df279f7,u11d965fe4df279f7@users.invalid,u11d965fe4df279f7,u11d965fe4df279f7@users.invalid,1,0,1,3,11,1,3,11,,,,,,0,,Prevent to always create a run.,Prevent to always create a run.
mlco2/codecarbon,684b4df9974061e2b5a13990edb2d2d6ee3ff372,2025-04,-1,pre,2025-04-15T10:41:07+02:00,2025-04-14T20:10:41+02:00,u11d965fe4df279f7,u11d965fe4df279f7@users.invalid,u11d965fe4df279f7,u11d965fe4df279f7@users.invalid,1,0,2,88,70,1,11,7,,,,,,0,,Add test,Add test
mlco2/codecarbon,ad8ab9e50c6ae954e37a68867782f7099a1e4f5e,2025-04,-1,pre,2025-04-15T10:41:07+02:00,2025-04-15T10:40:55+02:00,u11d965fe4df279f7,u11d965fe4df279f7@users.invalid,u11d965fe4df279f7,u11d965fe4df279f7@users.invalid,1,0,2,4,4,1,3,3,,,,,,0,,Remove double negation,Remove double negation
mlco2/codecarbon,47780359f2b5cc0f72cd5cffed24cc7bf938f427,2025-04,-1,pre,2025-04-15T10:41:44+02:00,2025-04-15T10:41:44+02:00,u11d965fe4df279f7,u11d965fe4df279f7@users.invalid,u11d965fe4df279f7,u11d965fe4df279f7@users.invalid,1,0,3,3,3,1,1,1,,,,,,0,,bump to 2.8.4,bump to 2.8.4
mlco2/codecarbon,a11adecbc39db4e7efd3c7aa5b93828ebb2c99e0,2025-04,-1,pre,2025-04-15T10:47:59+02:00,2025-04-15T10:47:59+02:00,u11d965fe4df279f7,u11d965fe4df279f7@users.invalid,u11d965fe4df279f7,u11d965fe4df279f7@users.invalid,1,0,11,222,270,0,0,0,,,,,,0,,bump deps,bump deps
mlco2/codecarbon,23cb32f269c912bdbd0a1b77759eed35affbf823,2025-04,-1,pre,2025-04-15T10:48:31+02:00,2025-04-15T10:48:31+02:00,u11d965fe4df279f7,u11d965fe4df279f7@users.invalid,u11d965fe4df279f7,u11d965fe4df279f7@users.invalid,1,0,27,698,322,0,0,0,,,,,,0,,build doc,build doc
mlco2/codecarbon,a7d78effd95a4f0d9b6110c08a2e4cec82ac6a86,2025-04,-1,pre,2025-04-15T10:52:00+02:00,2025-04-15T10:52:00+02:00,u9dae085cd51385f2,u9dae085cd51385f2@users.invalid,GitHub,noreply@github.com,2,1,0,0,0,0,0,0,,,,,,0,814,Merge pull request #814 from mlco2/feat/api_cleaning,"Merge pull request #814 from mlco2/feat/api_cleaning

Prevent to always create a run"
mlco2/codecarbon,d8409ae0605b7489689c841cf86949692e4d2c1a,2025-04,-1,pre,2025-04-15T21:11:14+02:00,2024-12-11T14:06:26+01:00,u11d965fe4df279f7,u11d965fe4df279f7@users.invalid,u11d965fe4df279f7,u11d965fe4df279f7@users.invalid,1,0,3,3,4,0,0,0,,,,,,0,,build on codecarbon_v3_rc,build on codecarbon_v3_rc
mlco2/codecarbon,a31f4bd6bde5c10f5e2082c60c38a05042acad03,2025-04,-1,pre,2025-04-15T21:12:02+02:00,2024-12-11T14:06:50+01:00,u11d965fe4df279f7,u11d965fe4df279f7@users.invalid,u11d965fe4df279f7,u11d965fe4df279f7@users.invalid,1,0,1,1,1,1,1,1,,,,,,0,,bump,bump
mlco2/codecarbon,b3bf6224b626f4eede5553576469d594b00bb1ac,2025-04,-1,pre,2025-04-15T21:12:55+02:00,2024-12-11T14:17:27+01:00,u11d965fe4df279f7,u11d965fe4df279f7@users.invalid,u11d965fe4df279f7,u11d965fe4df279f7@users.invalid,1,0,1,2,2,0,0,0,,,,,,0,,hatch run dev:bumpver update --set-version 3.0.0-rc0  --tag-num,hatch run dev:bumpver update --set-version 3.0.0-rc0  --tag-num
mlco2/codecarbon,b8e1a9a141db08eba1cde908d2bd671591cc0c0b,2025-04,-1,pre,2025-04-15T21:14:19+02:00,2022-06-13T22:44:40+02:00,u9dae085cd51385f2,u9dae085cd51385f2@users.invalid,u11d965fe4df279f7,u11d965fe4df279f7@users.invalid,1,0,4,90,2,3,27,2,,,,,,0,,Add CPU load tracking,Add CPU load tracking
mlco2/codecarbon,455cb6ba4f87cd25d7b0074cbdc4c2b1983ee3e1,2025-04,-1,pre,2025-04-15T21:14:19+02:00,2022-06-14T06:56:59+02:00,u9dae085cd51385f2,u9dae085cd51385f2@users.invalid,u11d965fe4df279f7,u11d965fe4df279f7@users.invalid,1,0,1,2,0,0,0,0,,,,,,0,,Add new CPU,Add new CPU
mlco2/codecarbon,b9ce8860e24db0c95c4c5905d4c55f6d13140456,2025-04,-1,pre,2025-04-15T21:14:19+02:00,2022-06-14T21:58:01+02:00,u9dae085cd51385f2,u9dae085cd51385f2@users.invalid,u11d965fe4df279f7,u11d965fe4df279f7@users.invalid,1,0,1,1,1,0,0,0,,,,,,0,,Add mandatory country,Add mandatory country
mlco2/codecarbon,0fb78058e26cac24de25d3ee8bee645ea1e000a5,2025-04,-1,pre,2025-04-15T21:14:19+02:00,2022-06-14T21:59:21+02:00,u9dae085cd51385f2,u9dae085cd51385f2@users.invalid,u11d965fe4df279f7,u11d965fe4df279f7@users.invalid,1,0,13,265,20,5,59,17,,,,,,0,,Fix RAPL fallback,"Fix RAPL fallback

Add CPU process tracking mode

Fix No such file or directory in test

Took minimum of 10% TDP

WIP: compare RAPL with manual

wip : debug rapl

wip

doc

measure_options.drawio

Mettre à jour Diagramme sans nom.drawio

Mettre à jour Diagramme sans nom.drawio

Doc

Rename Diagramme sans nom.drawio to cpu_fallback.drawio

Add cpu-load to RAPL

Fake version

Lint

Avoid error on deleted lock file

Put back move instead of copy for input

Fix test

Add a force_add_mode_cpu_load"
mlco2/codecarbon,747637f9738f2562f4ffc1eb78c6200ed4a3f329,2025-04,-1,pre,2025-04-15T21:14:19+02:00,2024-11-26T18:13:00+01:00,u11d965fe4df279f7,u11d965fe4df279f7@users.invalid,u11d965fe4df279f7,u11d965fe4df279f7@users.invalid,1,0,1,223,0,0,0,0,,,,,,0,,debug RAPL,debug RAPL
mlco2/codecarbon,7118d1e2fa9219029a8acb0858cd893566cdbb7e,2025-04,-1,pre,2025-04-15T21:14:19+02:00,2024-12-11T19:58:55+01:00,u11d965fe4df279f7,u11d965fe4df279f7@users.invalid,u11d965fe4df279f7,u11d965fe4df279f7@users.invalid,1,0,1,1,1,0,0,0,,,,,,0,,Release Drafter,Release Drafter
mlco2/codecarbon,dca73f3a9ab1518f8e6999d23110fdc94e079445,2025-04,-1,pre,2025-04-15T21:14:19+02:00,2024-12-11T22:31:32+01:00,u11d965fe4df279f7,u11d965fe4df279f7@users.invalid,u11d965fe4df279f7,u11d965fe4df279f7@users.invalid,1,0,3,17,11,2,13,9,,,,,,0,,refacto ResourceTracker,refacto ResourceTracker
mlco2/codecarbon,59b3a15b463ff00933bdfc4c61387fa7cd4dc93b,2025-04,-1,pre,2025-04-15T21:14:19+02:00,2024-12-12T21:24:44+01:00,u11d965fe4df279f7,u11d965fe4df279f7@users.invalid,u11d965fe4df279f7,u11d965fe4df279f7@users.invalid,1,0,1,1,1,0,0,0,,,,,,0,,example,example
mlco2/codecarbon,e30ba69a5a81e83df149a5fecfb8a28c14106665,2025-04,-1,pre,2025-04-15T21:14:19+02:00,2025-01-07T10:08:43+01:00,u11d965fe4df279f7,u11d965fe4df279f7@users.invalid,u11d965fe4df279f7,u11d965fe4df279f7@users.invalid,1,0,1,38,9,1,38,9,,,,,,0,,Add CPU load,Add CPU load
mlco2/codecarbon,cc1e6610fa14c2238d7f44d2ca36d8c53d96bcd7,2025-04,-1,pre,2025-04-15T21:14:19+02:00,2025-01-07T20:34:30+01:00,u11d965fe4df279f7,u11d965fe4df279f7@users.invalid,u11d965fe4df279f7,u11d965fe4df279f7@users.invalid,1,0,1,6,0,1,6,0,,,,,,0,,Add division to Power,Add division to Power
mlco2/codecarbon,9f73cbffe5d4ef681742ecf0d9c9e139f440c366,2025-04,-1,pre,2025-04-15T21:14:19+02:00,2025-01-07T20:35:55+01:00,u11d965fe4df279f7,u11d965fe4df279f7@users.invalid,u11d965fe4df279f7,u11d965fe4df279f7@users.invalid,1,0,1,5,7,1,5,7,,,,,,0,,Handle Pandas warning,Handle Pandas warning
mlco2/codecarbon,6a9509dd4efb147100b6691ff92eb6082a402515,2025-04,-1,pre,2025-04-15T21:14:19+02:00,2025-01-07T20:39:35+01:00,u11d965fe4df279f7,u11d965fe4df279f7@users.invalid,u11d965fe4df279f7,u11d965fe4df279f7@users.invalid,1,0,3,89,14,3,89,14,,,,,,0,,CPU Load task support,CPU Load task support
mlco2/codecarbon,8172f7324958229af5a82392ace0bd9a60c810d3,2025-04,-1,pre,2025-04-15T21:14:19+02:00,2025-01-07T20:40:02+01:00,u11d965fe4df279f7,u11d965fe4df279f7@users.invalid,u11d965fe4df279f7,u11d965fe4df279f7@users.invalid,1,0,1,293,0,0,0,0,,,,,,0,,CPU load and RAPL comparison,"CPU load and RAPL comparison

CPU load and RAPL comparison"
mlco2/codecarbon,69384f34b228480f28942abf0ed804b7b79d002d,2025-04,-1,pre,2025-04-15T21:14:19+02:00,2025-01-08T12:43:52+01:00,u11d965fe4df279f7,u11d965fe4df279f7@users.invalid,u11d965fe4df279f7,u11d965fe4df279f7@users.invalid,1,0,3,374,45,1,23,11,,,,,,0,,Better cpu load estimation,"Better cpu load estimation

Better cpu load estimation"
mlco2/codecarbon,e3740a287aeeaf980792d6e307c7a206196c89c8,2025-04,-1,pre,2025-04-15T21:15:38+02:00,2025-01-10T09:08:53+01:00,u11d965fe4df279f7,u11d965fe4df279f7@users.invalid,u11d965fe4df279f7,u11d965fe4df279f7@users.invalid,1,0,2,3,3,0,0,0,,,,,,0,,change version,change version
mlco2/codecarbon,185fa1acd4b02999e0eb804e8d9429cbfc312171,2025-04,-1,pre,2025-04-15T21:15:38+02:00,2025-01-10T10:45:24+01:00,u11d965fe4df279f7,u11d965fe4df279f7@users.invalid,u11d965fe4df279f7,u11d965fe4df279f7@users.invalid,1,0,6,130,75,3,19,6,,,,,,0,,Fix test test_carbon_tracker_offline_region_error,"Fix test test_carbon_tracker_offline_region_error

Fix test_cpu_total_power

debug test

Fix test_cpu_total_power"
mlco2/codecarbon,e8089f4c7b4270dd437e6e36fbcf21a382f39e7b,2025-04,-1,pre,2025-04-15T21:15:38+02:00,2025-01-10T14:57:42+01:00,u11d965fe4df279f7,u11d965fe4df279f7@users.invalid,u11d965fe4df279f7,u11d965fe4df279f7@users.invalid,1,0,2,10,10,1,1,1,,,,,,0,,RAPL path,RAPL path
mlco2/codecarbon,af293f41d0ee1fb32c15ab673d85a65c67d34053,2025-04,-1,pre,2025-04-15T21:15:38+02:00,2025-01-10T14:58:16+01:00,u11d965fe4df279f7,u11d965fe4df279f7@users.invalid,u11d965fe4df279f7,u11d965fe4df279f7@users.invalid,1,0,1,26,1,0,0,0,,,,,,0,,Handle no Tapo,Handle no Tapo
mlco2/codecarbon,c9b4e59eecfbdc964c65d03b812ea624f3a5fc97,2025-04,-1,pre,2025-04-15T21:15:38+02:00,2025-01-10T14:58:29+01:00,u11d965fe4df279f7,u11d965fe4df279f7@users.invalid,u11d965fe4df279f7,u11d965fe4df279f7@users.invalid,1,0,1,13,5,0,0,0,,,,,,0,,Debug config,Debug config
mlco2/codecarbon,776289648b61ed1d06d09aefa303df0004192791,2025-04,-1,pre,2025-04-15T21:15:38+02:00,2025-01-10T14:58:56+01:00,u11d965fe4df279f7,u11d965fe4df279f7@users.invalid,u11d965fe4df279f7,u11d965fe4df279f7@users.invalid,1,0,1,27,0,0,0,0,,,,,,0,,wip: test on Scaleway,wip: test on Scaleway
mlco2/codecarbon,6316c131ddd437747742de4a8c2cc18cbd5bf05d,2025-04,-1,pre,2025-04-15T21:15:38+02:00,2025-01-10T16:40:00+01:00,u11d965fe4df279f7,u11d965fe4df279f7@users.invalid,u11d965fe4df279f7,u11d965fe4df279f7@users.invalid,1,0,1,142,81,0,0,0,,,,,,0,,Add load per core,Add load per core
mlco2/codecarbon,9b92614eae76a69638d5227b64c1b3becfbfe47f,2025-04,-1,pre,2025-04-15T21:16:02+02:00,2025-01-11T09:31:25+01:00,u11d965fe4df279f7,u11d965fe4df279f7@users.invalid,u11d965fe4df279f7,u11d965fe4df279f7@users.invalid,1,0,1,2,0,0,0,0,,,,,,0,,Add E5-2620 v3,Add E5-2620 v3
mlco2/codecarbon,0d21378adae9d6a9e56e785b53d493632a16f30d,2025-04,-1,pre,2025-04-15T21:16:02+02:00,2025-01-11T09:49:02+01:00,u11d965fe4df279f7,u11d965fe4df279f7@users.invalid,u11d965fe4df279f7,u11d965fe4df279f7@users.invalid,1,0,3,24,12,2,11,8,,,,,,0,,Add a TDP test,"Add a TDP test

Add a TDP test

Add a TDP test

Add a TDP test"
mlco2/codecarbon,ce725f931ffb4aa0ad069bc65efc54a2516946d0,2025-04,-1,pre,2025-04-15T21:16:02+02:00,2025-01-11T10:49:58+01:00,u11d965fe4df279f7,u11d965fe4df279f7@users.invalid,u11d965fe4df279f7,u11d965fe4df279f7@users.invalid,1,0,2,18,0,1,13,0,,,,,,0,,Fix match for Intel(R) Xeon(R) CPU E5-2620 v3 @ 2.40GHz,Fix match for Intel(R) Xeon(R) CPU E5-2620 v3 @ 2.40GHz
mlco2/codecarbon,8c87972d65b322d5efbc81215f4f1fe814209394,2025-04,-1,pre,2025-04-15T21:16:02+02:00,2025-01-11T10:55:53+01:00,u11d965fe4df279f7,u11d965fe4df279f7@users.invalid,u11d965fe4df279f7,u11d965fe4df279f7@users.invalid,1,0,1,2,2,1,2,2,,,,,,0,,Fix psutil detection,Fix psutil detection
mlco2/codecarbon,95757d37ffe0745eac6183806c7d77ee485aed47,2025-04,-1,pre,2025-04-15T21:16:02+02:00,2025-01-11T12:48:45+01:00,u11d965fe4df279f7,u11d965fe4df279f7@users.invalid,u11d965fe4df279f7,u11d965fe4df279f7@users.invalid,1,0,1,21,14,0,0,0,,,,,,0,,Fix cpu 0,Fix cpu 0
mlco2/codecarbon,c20b05dba2b57d66e3d6fcd16ac88ca158805fa1,2025-04,-1,pre,2025-04-15T21:16:02+02:00,2025-01-12T09:58:31+01:00,u11d965fe4df279f7,u11d965fe4df279f7@users.invalid,u11d965fe4df279f7,u11d965fe4df279f7@users.invalid,1,0,2,1299,133,0,0,0,,,,,,0,,Scaleway test results,Scaleway test results
mlco2/codecarbon,89587099c46ae30542c37bd336f5e1740dc55ba6,2025-04,-1,pre,2025-04-15T21:16:22+02:00,2025-01-12T21:34:17+01:00,u11d965fe4df279f7,u11d965fe4df279f7@users.invalid,u11d965fe4df279f7,u11d965fe4df279f7@users.invalid,1,0,1,239,1,0,0,0,,,,,,0,,Notes on E5-2620,Notes on E5-2620
mlco2/codecarbon,05bb94ed9555370c732941fe9180c30e3d308aac,2025-04,-1,pre,2025-04-15T21:16:22+02:00,2025-01-14T11:29:35+01:00,u11d965fe4df279f7,u11d965fe4df279f7@users.invalid,u11d965fe4df279f7,u11d965fe4df279f7@users.invalid,1,0,3,52,2,2,24,2,,,,,,0,,Add count_physical_cpus,Add count_physical_cpus
mlco2/codecarbon,95a0e72bbaaf6b275595395da5b2c1259f3d9e7a,2025-04,-1,pre,2025-04-15T21:16:22+02:00,2025-01-14T11:46:28+01:00,u11d965fe4df279f7,u11d965fe4df279f7@users.invalid,u11d965fe4df279f7,u11d965fe4df279f7@users.invalid,1,0,1,25,24,1,25,24,,,,,,0,,Multiply TDP per physical CPU,Multiply TDP per physical CPU
mlco2/codecarbon,21dc0aa092ba1cb2e0bb247862621f698f2c96b2,2025-04,-1,pre,2025-04-15T21:16:22+02:00,2025-01-14T11:48:03+01:00,u11d965fe4df279f7,u11d965fe4df279f7@users.invalid,u11d965fe4df279f7,u11d965fe4df279f7@users.invalid,1,0,2,266,223,0,0,0,,,,,,0,,Custom CPU load,Custom CPU load
mlco2/codecarbon,edb5645103d70200c9a22defecfbdfb6028f43de,2025-04,-1,pre,2025-04-15T21:16:22+02:00,2025-01-14T12:28:59+01:00,u11d965fe4df279f7,u11d965fe4df279f7@users.invalid,u11d965fe4df279f7,u11d965fe4df279f7@users.invalid,1,0,1,28,12,0,0,0,,,,,,0,,Find RAM domain,Find RAM domain
mlco2/codecarbon,2fbe2a91f90c3dea97434b1efc907705bf640e2c,2025-04,-1,pre,2025-04-15T21:16:22+02:00,2025-01-14T13:31:27+01:00,u11d965fe4df279f7,u11d965fe4df279f7@users.invalid,u11d965fe4df279f7,u11d965fe4df279f7@users.invalid,1,0,1,25,7,0,0,0,,,,,,0,,Handle RAPL RAM,Handle RAPL RAM
mlco2/codecarbon,5711478770468ef836b4d81a8ebb99c57226a09e,2025-04,-1,pre,2025-04-15T21:16:22+02:00,2025-01-14T15:15:22+01:00,u11d965fe4df279f7,u11d965fe4df279f7@users.invalid,u11d965fe4df279f7,u11d965fe4df279f7@users.invalid,1,0,3,4,4,3,4,4,,,,,,0,,Improve RAPL,"Improve RAPL

Improve RAPL"
mlco2/codecarbon,07fec48c04197063c0340155ad7cf059f9959e2c,2025-04,-1,pre,2025-04-15T21:16:22+02:00,2025-01-14T15:47:32+01:00,u11d965fe4df279f7,u11d965fe4df279f7@users.invalid,u11d965fe4df279f7,u11d965fe4df279f7@users.invalid,1,0,1,3,1,1,3,1,,,,,,0,,Do not read core,Do not read core
mlco2/codecarbon,692c128b8e5695133839d502846cd30ace690a82,2025-04,-1,pre,2025-04-15T21:16:22+02:00,2025-01-14T18:06:56+01:00,u11d965fe4df279f7,u11d965fe4df279f7@users.invalid,u11d965fe4df279f7,u11d965fe4df279f7@users.invalid,1,0,3,1333,864,0,0,0,,,,,,0,,Docs,Docs
mlco2/codecarbon,25f10743c9fdddd8e7649740be31f0308a3d2d5a,2025-04,-1,pre,2025-04-15T21:16:22+02:00,2025-01-17T15:06:23+01:00,u11d965fe4df279f7,u11d965fe4df279f7@users.invalid,u11d965fe4df279f7,u11d965fe4df279f7@users.invalid,1,0,3,137,104,0,0,0,,,,,,0,,CPU Fallback doc,CPU Fallback doc
mlco2/codecarbon,5ef48974d5d3d15336eecfc5c501741e295b6817,2025-04,-1,pre,2025-04-15T21:16:22+02:00,2025-02-03T22:05:18+01:00,u11d965fe4df279f7,u11d965fe4df279f7@users.invalid,u11d965fe4df279f7,u11d965fe4df279f7@users.invalid,1,0,4,2571,3,0,0,0,,,,,,0,,AMD CPU,AMD CPU
mlco2/codecarbon,12357e3bf2326306dc335aa249b1db1e81d5c7d1,2025-04,-1,pre,2025-04-15T21:16:22+02:00,2025-02-04T20:04:17+01:00,u9dae085cd51385f2,u9dae085cd51385f2@users.invalid,u11d965fe4df279f7,u11d965fe4df279f7@users.invalid,1,0,3,15,2,3,15,2,,,,,,0,,Add W per core for default,Add W per core for default
mlco2/codecarbon,e3e14103b4cc87b6729598bc0bee9b2c39b68759,2025-04,-1,pre,2025-04-15T21:16:22+02:00,2025-02-14T09:42:12+01:00,u11d965fe4df279f7,u11d965fe4df279f7@users.invalid,u11d965fe4df279f7,u11d965fe4df279f7@users.invalid,1,0,19,124,0,0,0,0,,,,,,0,,Data on CPU loads,Data on CPU loads
mlco2/codecarbon,239af2cdcc97b7c40fa602288e9dd65be31ff3d8,2025-04,-1,pre,2025-04-15T21:16:22+02:00,2025-02-15T22:53:26+01:00,u11d965fe4df279f7,u11d965fe4df279f7@users.invalid,u11d965fe4df279f7,u11d965fe4df279f7@users.invalid,1,0,3,5,6,3,5,6,,,,,,0,,fix circular import,fix circular import
mlco2/codecarbon,19a46a82593e840ffa6143172d866b5f2475f278,2025-04,-1,pre,2025-04-15T21:16:22+02:00,2025-02-15T23:02:41+01:00,u11d965fe4df279f7,u11d965fe4df279f7@users.invalid,u11d965fe4df279f7,u11d965fe4df279f7@users.invalid,1,0,1,2,0,1,2,0,,,,,,0,,Default to 1 CPU,Default to 1 CPU
mlco2/codecarbon,ec42aa912126520876490f4f386702723f9e0f08,2025-04,-1,pre,2025-04-15T21:16:22+02:00,2025-02-15T23:03:42+01:00,u11d965fe4df279f7,u11d965fe4df279f7@users.invalid,u11d965fe4df279f7,u11d965fe4df279f7@users.invalid,1,0,1,1,1,1,1,1,,,,,,0,,Fix case TDP is None,Fix case TDP is None
mlco2/codecarbon,ad9f7441cd29c642b5605e5ae6a0be74d547eaed,2025-04,-1,pre,2025-04-15T21:16:49+02:00,2025-02-15T23:07:38+01:00,u11d965fe4df279f7,u11d965fe4df279f7@users.invalid,u11d965fe4df279f7,u11d965fe4df279f7@users.invalid,1,0,2,2,2,0,0,0,,,,,,0,,bump,bump
mlco2/codecarbon,cfd8c1f81f6572381b9ee74cd6224d2e87ef91b6,2025-04,-1,pre,2025-04-15T21:19:32+02:00,2025-02-15T23:08:35+01:00,u11d965fe4df279f7,u11d965fe4df279f7@users.invalid,u11d965fe4df279f7,u11d965fe4df279f7@users.invalid,1,0,26,741,60,0,0,0,,,,,,0,,docs,docs
mlco2/codecarbon,682f960b663a6468f93e9042b5fb26abdbcb477e,2025-04,-1,pre,2025-04-15T21:19:32+02:00,2025-02-17T22:00:39+01:00,ud79fc260951ed870,ud79fc260951ed870@users.invalid,u11d965fe4df279f7,u11d965fe4df279f7@users.invalid,1,0,1,2,4,1,2,4,,,,,,0,,fix: remove percpu argument for psutil.cpu_percent & process.cpu_percent calls,fix: remove percpu argument for psutil.cpu_percent & process.cpu_percent calls
mlco2/codecarbon,a82ac13bdd3a04f033d359179d2e3d0f60856eb7,2025-04,-1,pre,2025-04-15T21:19:32+02:00,2025-02-18T21:25:52+01:00,u11d965fe4df279f7,u11d965fe4df279f7@users.invalid,u11d965fe4df279f7,u11d965fe4df279f7@users.invalid,1,0,1,3,3,0,0,0,,,,,,0,,remove percpu,remove percpu
mlco2/codecarbon,3d050b037e174178ae5eff857342c801bc7cda92,2025-04,-1,pre,2025-04-15T21:19:32+02:00,2025-02-18T21:26:56+01:00,u11d965fe4df279f7,u11d965fe4df279f7@users.invalid,u11d965fe4df279f7,u11d965fe4df279f7@users.invalid,1,0,1,1,1,0,0,0,,,,,,0,,Set minimal version for psutil,Set minimal version for psutil
mlco2/codecarbon,850a6b1b7cefdbeaf330b6590be9841f66dba99e,2025-04,-1,pre,2025-04-15T21:19:59+02:00,2025-02-18T21:31:51+01:00,u11d965fe4df279f7,u11d965fe4df279f7@users.invalid,u11d965fe4df279f7,u11d965fe4df279f7@users.invalid,1,0,10,10,10,0,0,0,,,,,,0,,bump deps,bump deps
mlco2/codecarbon,176d4fa1a3cc51cf59f0977b8fd90513ad73924d,2025-04,-1,pre,2025-04-15T21:20:23+02:00,2025-02-18T21:32:26+01:00,u11d965fe4df279f7,u11d965fe4df279f7@users.invalid,u11d965fe4df279f7,u11d965fe4df279f7@users.invalid,1,0,1,1,1,0,0,0,,,,,,0,,bump to rc2,bump to rc2
mlco2/codecarbon,89e19f20268b2da3708c7b85b3b47b4160dfd673,2025-04,-1,pre,2025-04-15T21:20:23+02:00,2025-02-18T21:42:31+01:00,u11d965fe4df279f7,u11d965fe4df279f7@users.invalid,u11d965fe4df279f7,u11d965fe4df279f7@users.invalid,1,0,2,21,1,1,3,1,,,,,,0,,Fix _get_power_from_cpu_load in process mode,Fix _get_power_from_cpu_load in process mode
mlco2/codecarbon,08d6caff86fa40dfb12054fb852761791e86e439,2025-04,-1,pre,2025-04-15T21:20:23+02:00,2025-02-18T21:47:11+01:00,u11d965fe4df279f7,u11d965fe4df279f7@users.invalid,u11d965fe4df279f7,u11d965fe4df279f7@users.invalid,1,0,1,6,5,1,6,5,,,,,,0,,Fix pandas warning,Fix pandas warning
mlco2/codecarbon,b428426e0bdfcfabd2ca900f5b0dbac50daeffe7,2025-04,-1,pre,2025-04-15T21:20:35+02:00,2025-02-20T15:23:17+01:00,u9dae085cd51385f2,u9dae085cd51385f2@users.invalid,u11d965fe4df279f7,u11d965fe4df279f7@users.invalid,1,0,1,1,0,0,0,0,,,,,,0,,Add AMD EPYC 7R13,Add AMD EPYC 7R13
mlco2/codecarbon,511e3f37166b5ef38015bac6459bb44c4836e3ea,2025-04,-1,pre,2025-04-15T21:20:35+02:00,2025-02-20T15:29:35+01:00,uae81257adf1d3460,uae81257adf1d3460@users.invalid,u11d965fe4df279f7,u11d965fe4df279f7@users.invalid,1,0,1,2,2,1,2,2,,,,,,0,,Fix percentage,Fix percentage
mlco2/codecarbon,9b803bc2d434b62a64d2155148f41f84c9e92297,2025-04,-1,pre,2025-04-15T21:20:54+02:00,2025-02-20T15:29:48+01:00,uae81257adf1d3460,uae81257adf1d3460@users.invalid,u11d965fe4df279f7,u11d965fe4df279f7@users.invalid,1,0,1,1,1,0,0,0,,,,,,0,,bump,bump
mlco2/codecarbon,d5c2e24f3e80dab9891752c619828d0568b6d85b,2025-04,-1,pre,2025-04-15T21:21:10+02:00,2025-01-19T19:30:50+01:00,u4ffc173d8f6238b8,u4ffc173d8f6238b8@users.invalid,u11d965fe4df279f7,u11d965fe4df279f7@users.invalid,1,0,1,5,0,1,5,0,,,,,,0,763,fix: redirect user to dashboard after cli account creation (#763),"fix: redirect user to dashboard after cli account creation (#763)

* fix: fix account creation with cli login

---------

Co-authored-by: u5d18afb8afb1c84e <u5d18afb8afb1c84e@users.invalid>"
mlco2/codecarbon,2432703141c7eecbff240fd6478227178cdaddc9,2025-04,-1,pre,2025-04-15T21:22:24+02:00,2025-01-19T20:07:39+01:00,u4ffc173d8f6238b8,u4ffc173d8f6238b8@users.invalid,u11d965fe4df279f7,u11d965fe4df279f7@users.invalid,1,0,10,146,55,0,0,0,,,,,,0,765,chore: bump version (#765),chore: bump version (#765)
mlco2/codecarbon,50c77b44b978889a56a19221ca0b1ccdd8031d43,2025-04,-1,pre,2025-04-15T21:22:24+02:00,2025-02-06T10:51:48+01:00,u09dcc1f39603dd20,u09dcc1f39603dd20@users.invalid,u11d965fe4df279f7,u11d965fe4df279f7@users.invalid,1,0,1,1,1,1,1,1,,,,,,0,,feat: allow_multiple_runs is true by default,"feat: allow_multiple_runs is true by default

Signed-off-by: u09dcc1f39603dd20 <u09dcc1f39603dd20@users.invalid>"
mlco2/codecarbon,7a032ef7dcc9b0b542a187c0d01aea7fa5896d68,2025-04,-1,pre,2025-04-15T21:22:38+02:00,2025-01-28T20:09:31+01:00,u9dae085cd51385f2,u9dae085cd51385f2@users.invalid,u11d965fe4df279f7,u11d965fe4df279f7@users.invalid,1,0,4,34,25,0,0,0,,,,,,0,,deps bump,deps bump
mlco2/codecarbon,e9286af216480fc283bbeff90ec406fe46ad5d1b,2025-04,-1,pre,2025-04-15T21:22:51+02:00,2025-01-29T13:51:55+01:00,u11d965fe4df279f7,u11d965fe4df279f7@users.invalid,u11d965fe4df279f7,u11d965fe4df279f7@users.invalid,1,0,4,25,34,0,0,0,,,,,,0,,Bump deps,Bump deps
mlco2/codecarbon,6389e8a67cfe3364a5e416cb3d230b655b6c7357,2025-04,-1,pre,2025-04-15T21:25:00+02:00,2025-04-13T18:34:20+02:00,u11d965fe4df279f7,u11d965fe4df279f7@users.invalid,u11d965fe4df279f7,u11d965fe4df279f7@users.invalid,1,0,1,1,1,0,0,0,,,,,,0,,fix line feed,fix line feed
mlco2/codecarbon,404ac4636a9b3776a4273eca5f84c1925828f874,2025-04,-1,pre,2025-04-15T21:25:18+02:00,2025-04-13T18:34:45+02:00,u11d965fe4df279f7,u11d965fe4df279f7@users.invalid,u11d965fe4df279f7,u11d965fe4df279f7@users.invalid,1,0,21,194,82,0,0,0,,,,,,0,,rebuild docs,rebuild docs
mlco2/codecarbon,1310f0a0af4f7366fb1bf88383efbc3dd5c94d90,2025-04,-1,pre,2025-04-15T21:25:31+02:00,2025-04-13T18:38:48+02:00,u11d965fe4df279f7,u11d965fe4df279f7@users.invalid,u11d965fe4df279f7,u11d965fe4df279f7@users.invalid,1,0,1,1,1,0,0,0,,,,,,0,,bump deps,bump deps
mlco2/codecarbon,6502d40503afc05ee7a45e5eb2989b1ac1aa929b,2025-04,-1,pre,2025-04-15T21:25:31+02:00,2025-03-15T09:58:51+01:00,u11d965fe4df279f7,u11d965fe4df279f7@users.invalid,u11d965fe4df279f7,u11d965fe4df279f7@users.invalid,1,0,2,327,3,1,169,3,,,,,,0,,New heuristic for RAM,New heuristic for RAM
mlco2/codecarbon,39e52db809a465845eeefbe75f9eabdba8bc14c8,2025-04,-1,pre,2025-04-15T21:25:31+02:00,2025-03-15T22:16:54+01:00,u11d965fe4df279f7,u11d965fe4df279f7@users.invalid,u11d965fe4df279f7,u11d965fe4df279f7@users.invalid,1,0,5,451,421,4,365,339,,,,,,0,,Fix test and RAM slot power,Fix test and RAM slot power
mlco2/codecarbon,59583460722f702b9be3d85497f946f864cb1932,2025-04,-1,pre,2025-04-15T21:25:31+02:00,2025-03-28T21:28:42+01:00,u11d965fe4df279f7,u11d965fe4df279f7@users.invalid,u11d965fe4df279f7,u11d965fe4df279f7@users.invalid,1,0,5,74,30,4,72,28,,,,,,0,,force ram and cpu power,force ram and cpu power
mlco2/codecarbon,09a045ad5bc70a6c0dc01a1bc7f65a9697d02515,2025-04,-1,pre,2025-04-15T21:25:31+02:00,2025-03-28T21:29:38+01:00,u11d965fe4df279f7,u11d965fe4df279f7@users.invalid,u11d965fe4df279f7,u11d965fe4df279f7@users.invalid,1,0,2,30,2,0,0,0,,,,,,0,,tests,tests
mlco2/codecarbon,449f8c3f8b562d8fe2b8cc689675e5afe013a00f,2025-04,-1,pre,2025-04-15T21:25:31+02:00,2025-04-02T11:26:34+02:00,u11d965fe4df279f7,u11d965fe4df279f7@users.invalid,u11d965fe4df279f7,u11d965fe4df279f7@users.invalid,1,0,1,1,1,1,1,1,,,,,,0,,force_ram_power,force_ram_power
mlco2/codecarbon,903526dc8243174c03bfc73ebac2649f9757b5ee,2025-04,-1,pre,2025-04-15T21:25:31+02:00,2025-04-02T21:35:08+02:00,u11d965fe4df279f7,u11d965fe4df279f7@users.invalid,u11d965fe4df279f7,u11d965fe4df279f7@users.invalid,1,0,4,40,7,2,16,6,,,,,,0,,seems to work,seems to work
mlco2/codecarbon,c28bdc0d88c4d6872c7a7814349be952ef1313b2,2025-04,-1,pre,2025-04-15T21:25:31+02:00,2025-04-06T10:35:43+02:00,u11d965fe4df279f7,u11d965fe4df279f7@users.invalid,u11d965fe4df279f7,u11d965fe4df279f7@users.invalid,1,0,5,21,5,3,18,2,,,,,,0,,Fix test,Fix test
mlco2/codecarbon,cde578cea2897dcc4c0509a8cd54337674fcf20a,2025-04,-1,pre,2025-04-15T21:26:03+02:00,2025-04-06T11:21:56+02:00,u11d965fe4df279f7,u11d965fe4df279f7@users.invalid,u11d965fe4df279f7,u11d965fe4df279f7@users.invalid,1,0,38,555,195,1,4,42,,,,,,0,,bump and docs,bump and docs
mlco2/codecarbon,d007d331ca32806e5086db35997dead00e6737cb,2025-04,-1,pre,2025-04-15T21:26:12+02:00,2025-04-06T11:34:27+02:00,u11d965fe4df279f7,u11d965fe4df279f7@users.invalid,u11d965fe4df279f7,u11d965fe4df279f7@users.invalid,1,0,6,59,21,0,0,0,,,,,,0,,doc,doc
mlco2/codecarbon,3aaddb0d7b82f65d7d25af27bd93b4f869a0215f,2025-04,-1,pre,2025-04-15T21:26:12+02:00,2025-04-11T15:55:01+02:00,u11d965fe4df279f7,u11d965fe4df279f7@users.invalid,u11d965fe4df279f7,u11d965fe4df279f7@users.invalid,1,0,1,4,1,1,4,1,,,,,,0,,fix bug with psutil detection,fix bug with psutil detection
mlco2/codecarbon,ad94a4ede95d54fc313fc52e21f0671f6ac032b4,2025-04,-1,pre,2025-04-15T21:26:30+02:00,2025-04-11T15:55:21+02:00,u11d965fe4df279f7,u11d965fe4df279f7@users.invalid,u11d965fe4df279f7,u11d965fe4df279f7@users.invalid,1,0,1,1,1,0,0,0,,,,,,0,,bump,bump
mlco2/codecarbon,8732fc88a2faf69b020a2a15ed5eab853cd28469,2025-04,-1,pre,2025-04-15T21:26:30+02:00,2025-04-11T18:32:04+02:00,u11d965fe4df279f7,u11d965fe4df279f7@users.invalid,u11d965fe4df279f7,u11d965fe4df279f7@users.invalid,1,0,2,3,2,2,3,2,,,,,,0,,Add a minimum of 10% TDP,Add a minimum of 10% TDP
mlco2/codecarbon,24ebb41bc29d8992831664700fe9d623119ad242,2025-04,-1,pre,2025-04-15T21:26:30+02:00,2025-04-11T18:32:32+02:00,u11d965fe4df279f7,u11d965fe4df279f7@users.invalid,u11d965fe4df279f7,u11d965fe4df279f7@users.invalid,1,0,1,1,1,1,1,1,,,,,,0,,Log modes to INFO,Log modes to INFO
mlco2/codecarbon,c968ccccf0ea6e7a34a6ac5099bcb8481f4978d5,2025-04,-1,pre,2025-04-15T21:26:43+02:00,2025-04-11T18:33:18+02:00,u11d965fe4df279f7,u11d965fe4df279f7@users.invalid,u11d965fe4df279f7,u11d965fe4df279f7@users.invalid,1,0,1,1,1,0,0,0,,,,,,0,,bump,bump
mlco2/codecarbon,74261fd0ea3a89bcb81f37cdc630360c25fe4acd,2025-04,-1,pre,2025-04-15T21:26:43+02:00,2025-04-11T21:30:12+02:00,u11d965fe4df279f7,u11d965fe4df279f7@users.invalid,u11d965fe4df279f7,u11d965fe4df279f7@users.invalid,1,0,2,2,2,1,1,1,,,,,,0,,fix max,fix max
mlco2/codecarbon,c609e261d11732469728587111ed290b73c84834,2025-04,-1,pre,2025-04-15T21:26:53+02:00,2025-04-12T18:28:09+02:00,u11d965fe4df279f7,u11d965fe4df279f7@users.invalid,u11d965fe4df279f7,u11d965fe4df279f7@users.invalid,1,0,22,142,6,0,0,0,,,,,,0,,Typo,Typo
mlco2/codecarbon,a9a7183eb595c256d7db1c06421b4054b6858494,2025-04,-1,pre,2025-04-15T21:27:00+02:00,2025-04-12T18:43:06+02:00,u11d965fe4df279f7,u11d965fe4df279f7@users.invalid,u11d965fe4df279f7,u11d965fe4df279f7@users.invalid,1,0,4,7,3,0,0,0,,,,,,0,,typo,typo
mlco2/codecarbon,ecbe924a2ab26bf7cd4727212de749ec5a14b8b4,2025-04,-1,pre,2025-04-15T21:27:00+02:00,2025-04-13T20:29:14+02:00,u11d965fe4df279f7,u11d965fe4df279f7@users.invalid,u11d965fe4df279f7,u11d965fe4df279f7@users.invalid,1,0,9,60,20,0,0,0,,,,,,0,,bump deps,bump deps
mlco2/codecarbon,66cd832beb65b065b78584c1f9deb5a9fdf3cf56,2025-04,-1,pre,2025-04-15T21:27:07+02:00,2025-04-13T21:54:25+02:00,u11d965fe4df279f7,u11d965fe4df279f7@users.invalid,u11d965fe4df279f7,u11d965fe4df279f7@users.invalid,1,0,5,15,8,1,2,2,,,,,,0,,doc,doc
mlco2/codecarbon,545983dc3bb0b9a44476380312fa9b7ce59e24ef,2025-04,-1,pre,2025-04-15T21:28:16+02:00,2025-04-15T21:28:16+02:00,u11d965fe4df279f7,u11d965fe4df279f7@users.invalid,u11d965fe4df279f7,u11d965fe4df279f7@users.invalid,1,0,2,2,2,0,0,0,,,,,,0,,bump to 3.0.0,bump to 3.0.0
mlco2/codecarbon,67e821e55a9cb1061e8df955a59d10eab2b3759e,2025-04,-1,pre,2025-04-15T21:29:01+02:00,2025-04-15T21:29:01+02:00,u11d965fe4df279f7,u11d965fe4df279f7@users.invalid,u11d965fe4df279f7,u11d965fe4df279f7@users.invalid,1,0,24,69,878,0,0,0,,,,,,0,,build doc,build doc
mlco2/codecarbon,0792bc8870eff4a43f35ae49e5fa959253ed4a73,2025-04,-1,pre,2025-04-15T21:31:51+02:00,2025-04-15T21:31:51+02:00,u11d965fe4df279f7,u11d965fe4df279f7@users.invalid,u11d965fe4df279f7,u11d965fe4df279f7@users.invalid,1,0,11,22,22,0,0,0,,,,,,0,,bump deps,bump deps
mlco2/codecarbon,00407779ced49160e86547b43feef1e86b0134b1,2025-04,-1,pre,2025-04-17T08:41:20+02:00,2025-04-17T08:41:20+02:00,uae81257adf1d3460,uae81257adf1d3460@users.invalid,uae81257adf1d3460,uae81257adf1d3460@users.invalid,1,0,1,0,5,1,0,5,,,,,,0,,lint,lint
mlco2/codecarbon,a5e001eea148dca587f5120faaa18df05735507b,2025-04,-1,pre,2025-04-17T08:47:50+02:00,2025-04-17T08:47:50+02:00,uae81257adf1d3460,uae81257adf1d3460@users.invalid,uae81257adf1d3460,uae81257adf1d3460@users.invalid,1,0,3,2,5,0,0,0,,,,,,0,,cleaning,cleaning
mlco2/codecarbon,9112997a2fd1442849f386313649e5fb83830cf2,2025-04,-1,pre,2025-04-17T14:46:05+02:00,2025-04-17T14:46:05+02:00,u9dae085cd51385f2,u9dae085cd51385f2@users.invalid,GitHub,noreply@github.com,2,1,0,0,0,0,0,0,,,,,,0,735,Merge pull request #735 from mlco2/codecarbon_v3_rc,"Merge pull request #735 from mlco2/codecarbon_v3_rc

Codecarbon version 3.0.0"
mlco2/codecarbon,3120a449319dbf3f4c3d8bc3c76eaaa72ff40100,2025-04,-1,pre,2025-04-17T18:17:12+02:00,2025-04-17T18:17:12+02:00,u9dae085cd51385f2,u9dae085cd51385f2@users.invalid,GitHub,noreply@github.com,1,0,2,29,2,1,1,2,,,,,,0,823,Remove duplicate PUE (#823),"Remove duplicate PUE (#823)

* Remove duplicate PUE

* Add tests on pull_request

* doc

---------

Co-authored-by: uae81257adf1d3460 <uae81257adf1d3460@users.invalid>"
mlco2/codecarbon,fd3826a4d9df9eb8774918a98d52a5f10e289f1b,2025-04,-1,pre,2025-04-24T05:43:32+03:00,2025-04-24T05:43:32+03:00,uc171a1a3fc222e5b,uc171a1a3fc222e5b@users.invalid,uc171a1a3fc222e5b,uc171a1a3fc222e5b@users.invalid,1,0,1,1,0,0,0,0,,,,,,0,,Add i9-14900HX to supported CPU list #821,"Add i9-14900HX to supported CPU list #821

For more accurate energy and emissions estimation for users with this CPU, avoiding fallback values and improving the precision of CodeCarbon's tracking, I added support for the i9-14900HX to supported CPU list.

Fixes https://github.com/mlco2/codecarbon/issues/821"
mlco2/codecarbon,a1c691b290a28564746f98209e737ea689a15ab6,2025-04,-1,pre,2025-04-27T19:51:24+02:00,2025-04-27T19:51:24+02:00,u9dae085cd51385f2,u9dae085cd51385f2@users.invalid,GitHub,noreply@github.com,1,0,1,2,2,0,0,0,,,,,,0,,Fix RAPL path,Fix RAPL path
mlco2/codecarbon,62bd43400518892c46e0ac29745fc3112bd6c72a,2025-04,-1,pre,2025-04-28T10:06:40+02:00,2025-04-28T10:06:40+02:00,u9dae085cd51385f2,u9dae085cd51385f2@users.invalid,GitHub,noreply@github.com,2,1,0,0,0,0,0,0,,,,,,0,829,Merge pull request #829 from mlco2/fix/rapl-ansible,"Merge pull request #829 from mlco2/fix/rapl-ansible

[Ansible] Fix RAPL path"
mlco2/codecarbon,8974d0608072bd0d5c7e97022bfa91f30d77f6a1,2025-05,0,m0,2025-05-01T08:30:39+02:00,2025-05-01T08:30:39+02:00,u11d965fe4df279f7,u11d965fe4df279f7@users.invalid,u11d965fe4df279f7,u11d965fe4df279f7@users.invalid,1,0,2,15,7,1,11,7,,,,,,0,,Fix #830,Fix #830
mlco2/codecarbon,4d5b0935fce4d606faa123e31354cf96657388cc,2025-05,0,m0,2025-05-01T08:35:42+02:00,2025-05-01T08:35:42+02:00,u9dae085cd51385f2,u9dae085cd51385f2@users.invalid,GitHub,noreply@github.com,1,0,1,1,1,1,1,1,,B,copilot,trailer,,0,,Update codecarbon/emissions_tracker.py,"Update codecarbon/emissions_tracker.py

Co-authored-by: Copilot <175728472+Copilot@users.noreply.github.com>"
mlco2/codecarbon,7780c9696ca2d6f00bc5983115f8f420868d240c,2025-05,0,m0,2025-05-01T08:47:56+02:00,2025-05-01T08:47:56+02:00,u11d965fe4df279f7,u11d965fe4df279f7@users.invalid,u11d965fe4df279f7,u11d965fe4df279f7@users.invalid,1,0,23,41,41,1,1,1,,,,,,0,,bump,bump
mlco2/codecarbon,a2a1cc72c3f55f1422f14e3a717f19ef17afec88,2025-05,0,m0,2025-05-01T21:26:15+02:00,2025-05-01T21:26:15+02:00,u9dae085cd51385f2,u9dae085cd51385f2@users.invalid,GitHub,noreply@github.com,2,1,0,0,0,0,0,0,,,,,,0,831,Merge pull request #831 from mlco2/fix/config_#830,"Merge pull request #831 from mlco2/fix/config_#830

Fix type error #830"
mlco2/codecarbon,ad3ca6b557a934d1d4ac25e8924db6a71516c5b8,2025-05,0,m0,2025-05-01T21:31:33+02:00,2025-04-20T03:20:35+03:00,uc171a1a3fc222e5b,uc171a1a3fc222e5b@users.invalid,u9dae085cd51385f2,u9dae085cd51385f2@users.invalid,1,0,1,1,1,0,0,0,,,,,,0,,Updated cpu_power.csv,Updated cpu_power.csv
mlco2/codecarbon,5a60b6dcae1d8b6158ff0456a26aa583b82fdecb,2025-05,0,m0,2025-05-01T21:31:33+02:00,2025-04-20T03:30:40+03:00,uc171a1a3fc222e5b,uc171a1a3fc222e5b@users.invalid,u9dae085cd51385f2,u9dae085cd51385f2@users.invalid,1,0,1,1,1,0,0,0,,,,,,0,,Update add: Intel(R) Core(TM) i7-12700H with 45W TDP to cpu_power.csv,Update add: Intel(R) Core(TM) i7-12700H with 45W TDP to cpu_power.csv
mlco2/codecarbon,aa5a90fc2ef5818fecfc65ee6181ff2dce4a2977,2025-05,0,m0,2025-05-02T15:54:14+03:00,2025-05-02T15:54:14+03:00,uc171a1a3fc222e5b,uc171a1a3fc222e5b@users.invalid,GitHub,noreply@github.com,1,0,1,1,1,0,0,0,,,,,,0,,Update codecarbon/data/hardware/cpu_power.csv,"Update codecarbon/data/hardware/cpu_power.csv

Co-authored-by: u9dae085cd51385f2 <u9dae085cd51385f2@users.invalid>"
mlco2/codecarbon,018cc95937d1ffea07f03d3711d145321bab5266,2025-05,0,m0,2025-05-04T18:29:16+02:00,2025-05-04T18:29:16+02:00,ud32d0346b8111cc9,ud32d0346b8111cc9@users.invalid,GitHub,noreply@github.com,1,0,1,6,1,1,6,1,,,,,,0,825,fix(carbonserver) validate fief token (#825),fix(carbonserver) validate fief token (#825)
mlco2/codecarbon,be705558f1d7a7243939fc53d3d094acf68d24a0,2025-05,0,m0,2025-05-09T11:20:43+02:00,2025-05-09T11:20:43+02:00,u78dbf6fbbf3256df,u78dbf6fbbf3256df@users.invalid,GitHub,noreply@github.com,1,0,1,1,1,0,0,0,,,,,,0,835,Fix typos in doc (#835),Fix typos in doc (#835)
mlco2/codecarbon,633ac6cde873cbc8373c64745e301f70ac9a2759,2025-05,0,m0,2025-05-20T08:34:36+02:00,2025-05-20T08:34:36+02:00,u78dbf6fbbf3256df,u78dbf6fbbf3256df@users.invalid,GitHub,noreply@github.com,1,0,1,1,0,0,0,0,,,,,,0,834,Add missing empty line before code block (#834),"Add missing empty line before code block (#834)

Co-authored-by: u17307de1894bf722 <u17307de1894bf722@users.invalid>"
mlco2/codecarbon,2ddb693f15619bc22f536f9a0778711718482664,2025-05,0,m0,2025-05-23T14:29:45+02:00,2025-05-23T14:29:45+02:00,u6d60596eaebeb6e0,u6d60596eaebeb6e0@users.invalid,u6d60596eaebeb6e0,u6d60596eaebeb6e0@users.invalid,1,0,1,1,1,0,0,0,,,,,,0,,fix link to image,fix link to image
mlco2/codecarbon,5b820cf427f04d05367acd7f5f35a0d0bdbf04c4,2025-05,0,m0,2025-05-23T15:03:32+02:00,2025-05-23T15:02:47+02:00,u9e85d463b297efac,u9e85d463b297efac@users.invalid,u9e85d463b297efac,u9e85d463b297efac@users.invalid,1,0,3,69,2,2,40,2,,,,,,0,,Adjust unit based on emissions,Adjust unit based on emissions
mlco2/codecarbon,7f0940ef6157895be392f8cd557113569f0b8add,2025-05,0,m0,2025-05-23T15:04:02+02:00,2025-05-23T15:04:02+02:00,u9e85d463b297efac,u9e85d463b297efac@users.invalid,u9e85d463b297efac,u9e85d463b297efac@users.invalid,1,0,2,2,2,1,1,1,,,,,,0,,Reformat code,Reformat code
mlco2/codecarbon,1024b04260ac880597dd401a4fbd3119cbd1e057,2025-05,0,m0,2025-05-24T11:38:52+02:00,2025-05-24T11:38:52+02:00,u11d965fe4df279f7,u11d965fe4df279f7@users.invalid,u11d965fe4df279f7,u11d965fe4df279f7@users.invalid,1,0,26,86,95,0,0,0,,,,,,0,,Fix png path,Fix png path
mlco2/codecarbon,98e7dedc6eddd27e4f063a9a2cd23f87a0abf63c,2025-05,0,m0,2025-05-24T12:38:37+02:00,2025-05-24T12:38:37+02:00,u11d965fe4df279f7,u11d965fe4df279f7@users.invalid,u11d965fe4df279f7,u11d965fe4df279f7@users.invalid,1,0,4,4,4,0,0,0,,,,,,0,,Fix typo,Fix typo
mlco2/codecarbon,b4c5d89a4ffe30efa1d98a224210b3316e520658,2025-05,0,m0,2025-05-24T12:40:27+02:00,2025-05-24T12:40:27+02:00,u11d965fe4df279f7,u11d965fe4df279f7@users.invalid,u11d965fe4df279f7,u11d965fe4df279f7@users.invalid,1,0,3,6,5,0,0,0,,,,,,0,,typo,typo
mlco2/codecarbon,4ff276a0b1de05d7b8f5b728f0a882c2d1488685,2025-05,0,m0,2025-05-24T12:41:46+02:00,2025-05-24T12:41:46+02:00,u9dae085cd51385f2,u9dae085cd51385f2@users.invalid,GitHub,noreply@github.com,2,1,0,0,0,0,0,0,,,,,,0,843,Merge pull request #843 from h888224d6d86ebc00/feature/842-broken-image,"Merge pull request #843 from h888224d6d86ebc00/feature/842-broken-image

fix link to image"
mlco2/codecarbon,2eb88f1c4b022022f4bae0ea6228661ee540d6b1,2025-05,0,m0,2025-05-24T12:42:16+02:00,2025-05-23T15:31:50+02:00,ufb027c07bba1bfa2,ufb027c07bba1bfa2@users.invalid,u9dae085cd51385f2,u9dae085cd51385f2@users.invalid,1,0,5,5,5,4,4,4,,,,,,0,,Fix/845: Change to use app.run(),"Fix/845: Change to use app.run()

The Dash App v3.0+ switched from using app.run_server() to app.run()."
mlco2/codecarbon,6c65774056824fb8006c7a7bc93e77689da57e62,2025-05,0,m0,2025-05-24T12:54:14+02:00,2025-04-24T17:18:12Z,dependabot[bot],49699333+dependabot[bot]@users.noreply.github.com,u9dae085cd51385f2,u9dae085cd51385f2@users.invalid,1,0,10,10,10,0,0,0,,,,,dependabot,0,,Bump h11 from 0.14.0 to 0.16.0 in /requirements,"Bump h11 from 0.14.0 to 0.16.0 in /requirements

Bumps [h11](https://github.com/python-hyper/h11) from 0.14.0 to 0.16.0.
- [Commits](https://github.com/python-hyper/h11/compare/v0.14.0...v0.16.0)

---
updated-dependencies:
- dependency-name: h11
  dependency-version: 0.16.0
  dependency-type: direct:production
...

Signed-off-by: dependabot[bot] <support@github.com>"
mlco2/codecarbon,9f564e2cefafe9568eadae142da7ff5de47a8511,2025-05,0,m0,2025-05-25T10:01:37+02:00,2025-05-25T10:01:37+02:00,u9dae085cd51385f2,u9dae085cd51385f2@users.invalid,GitHub,noreply@github.com,2,1,0,0,0,0,0,0,,,,,,0,828,Merge pull request #828 from mlco2/dependabot/pip/requirements/h11-0.16.0,"Merge pull request #828 from mlco2/dependabot/pip/requirements/h11-0.16.0

Bump h11 from 0.14.0 to 0.16.0 in /requirements"
mlco2/codecarbon,4492c829657d0c430ede28cf62a158030b9e7767,2025-05,0,m0,2025-05-25T10:38:26+02:00,2025-05-25T10:38:26+02:00,u9e85d463b297efac,u9e85d463b297efac@users.invalid,u9e85d463b297efac,u9e85d463b297efac@users.invalid,1,0,3,4,3,2,3,2,,,,,,0,,Resolve precommit issues,Resolve precommit issues
mlco2/codecarbon,4c466f258e334084ff848b7ffce7fc60152e8a3c,2025-05,0,m0,2025-05-25T10:39:00+02:00,2025-05-25T10:39:00+02:00,u9e85d463b297efac,u9e85d463b297efac@users.invalid,u9e85d463b297efac,u9e85d463b297efac@users.invalid,1,0,1,1,1,1,1,1,,,,,,0,,Adjust to review feedback,Adjust to review feedback
mlco2/codecarbon,e20aa258845a3ed9649ea1982df604de5e8a00a1,2025-05,0,m0,2025-05-25T11:51:46+02:00,2025-05-18T11:36:45-07:00,uc171a1a3fc222e5b,uc171a1a3fc222e5b@users.invalid,u9dae085cd51385f2,u9dae085cd51385f2@users.invalid,1,0,1,134,0,1,134,0,,,,,,0,,feat(data): add automated CPU batch updater >> >> - This script provides a complete automated solution to update CPU power consumption data for both Intel and AMD processors in one run >> >> Addresses issue #840,"feat(data): add automated CPU batch updater
>>
>> - This script provides a complete automated solution to update CPU power consumption data for both Intel and AMD processors in one run
>>
>> Addresses issue #840"
mlco2/codecarbon,cbc5158f5bf361a03d2686e9a601f1471bcbccc4,2025-05,0,m0,2025-05-25T11:51:46+02:00,2025-05-19T14:06:37-07:00,uc171a1a3fc222e5b,uc171a1a3fc222e5b@users.invalid,u9dae085cd51385f2,u9dae085cd51385f2@users.invalid,1,0,1,70,63,1,70,63,,,,,,0,,style: auto-fix formatting with isort and black,style: auto-fix formatting with isort and black
mlco2/codecarbon,e511dea29f899b6993470b6da534c9462eed390e,2025-05,0,m0,2025-05-25T11:51:46+02:00,2025-05-25T09:59:45+02:00,u11d965fe4df279f7,u11d965fe4df279f7@users.invalid,u9dae085cd51385f2,u9dae085cd51385f2@users.invalid,1,0,4,4460,1532,2,434,0,,,,,,0,,Intel CPU Scrapper,Intel CPU Scrapper
mlco2/codecarbon,9997e2cd8075df9f7ed7687beb1aa1968fb430ac,2025-05,0,m0,2025-05-25T11:51:46+02:00,2025-05-25T10:04:35+02:00,u11d965fe4df279f7,u11d965fe4df279f7@users.invalid,u9dae085cd51385f2,u9dae085cd51385f2@users.invalid,1,0,3,2,2,2,2,2,,,,,,0,,Rename file,Rename file
mlco2/codecarbon,a788317a53c82aa86f1c142f8354fc15865a6c6b,2025-05,0,m0,2025-05-25T11:51:46+02:00,2025-05-25T11:07:31+02:00,u11d965fe4df279f7,u11d965fe4df279f7@users.invalid,u9dae085cd51385f2,u9dae085cd51385f2@users.invalid,1,0,6,2431,962,3,263,94,,,,,,0,,Add AMD dataset download,Add AMD dataset download
mlco2/codecarbon,3753e249e5dae64be54078b2851074253e99f566,2025-05,0,m0,2025-05-25T11:51:46+02:00,2025-05-25T11:15:55+02:00,u11d965fe4df279f7,u11d965fe4df279f7@users.invalid,u9dae085cd51385f2,u9dae085cd51385f2@users.invalid,1,0,11,17,967,4,2,143,,,,,,0,,Cleaning and documentations,Cleaning and documentations
mlco2/codecarbon,99e2cedd70056980db81740205263eafe97a4e3c,2025-05,0,m0,2025-05-25T11:51:46+02:00,2025-05-25T11:29:39+02:00,u11d965fe4df279f7,u11d965fe4df279f7@users.invalid,u9dae085cd51385f2,u9dae085cd51385f2@users.invalid,1,0,4,176,207,3,120,162,,,,,,0,,Lint,Lint
mlco2/codecarbon,b05e5123b989ad0da2a8c2c88f0abbe41945eb6d,2025-05,0,m0,2025-05-25T12:10:41+02:00,2025-05-25T12:10:41+02:00,u11d965fe4df279f7,u11d965fe4df279f7@users.invalid,u11d965fe4df279f7,u11d965fe4df279f7@users.invalid,1,0,9,150,149,0,0,0,,,,,,0,,Fix deps,Fix deps
mlco2/codecarbon,5a51e1638de977016870eb520108891e374c357f,2025-05,0,m0,2025-05-25T15:51:30+02:00,2025-05-25T15:51:30+02:00,u11d965fe4df279f7,u11d965fe4df279f7@users.invalid,u11d965fe4df279f7,u11d965fe4df279f7@users.invalid,1,0,3,47,45,0,0,0,,,,,,0,,deps,deps
mlco2/codecarbon,5f162a8e79276550755c48f6ca94fb623c7af09a,2025-05,0,m0,2025-05-25T15:54:58+02:00,2025-05-25T15:54:58+02:00,u9dae085cd51385f2,u9dae085cd51385f2@users.invalid,GitHub,noreply@github.com,1,0,1,1,1,1,1,1,,B,copilot,trailer,,0,,Update codecarbon/data/hardware/cpu_dataset_builder/merge_scrapped_cpu_power.py,"Update codecarbon/data/hardware/cpu_dataset_builder/merge_scrapped_cpu_power.py

Co-authored-by: Copilot <175728472+Copilot@users.noreply.github.com>"
mlco2/codecarbon,c30c09a2d4aba13c4f518c2ce531b450ff9f2b6a,2025-05,0,m0,2025-05-25T17:30:22+02:00,2025-05-25T17:30:06+02:00,u11d965fe4df279f7,u11d965fe4df279f7@users.invalid,u11d965fe4df279f7,u11d965fe4df279f7@users.invalid,1,0,3,196,240,1,3,1,,,,,,0,,Remove with,Remove with
mlco2/codecarbon,06082b2c3c490b3c7ee419bf0e1d8ba1947880ec,2025-05,0,m0,2025-05-25T18:49:02+02:00,2025-05-25T18:49:02+02:00,u9dae085cd51385f2,u9dae085cd51385f2@users.invalid,GitHub,noreply@github.com,2,1,0,0,0,0,0,0,,,,,,0,841,Merge pull request #841 from h0a6cd54010cc820a/master,"Merge pull request #841 from h0a6cd54010cc820a/master

feat(data): Added automated CPU batch updater"
mlco2/codecarbon,b37a15cffcf38d838bc1a2ff5fd3905ac261e7d3,2025-05,0,m0,2025-05-25T21:34:05+02:00,2025-05-24T11:24:09+02:00,u11d965fe4df279f7,u11d965fe4df279f7@users.invalid,u9dae085cd51385f2,u9dae085cd51385f2@users.invalid,1,0,2,127,3,1,4,3,,,,,,0,,Fix #838 with jules.google.com,Fix #838 with jules.google.com
mlco2/codecarbon,a62c330c5e946216f72f72c25952d862f462b3eb,2025-05,0,m0,2025-05-26T14:40:43+02:00,2025-05-26T14:40:43+02:00,uae81257adf1d3460,uae81257adf1d3460@users.invalid,uae81257adf1d3460,uae81257adf1d3460@users.invalid,1,0,3,3,3,1,1,1,,,,,,0,,bump,bump
mlco2/codecarbon,f89021363950253e89e6ec58641ae4b8f1c8a3bc,2025-05,0,m0,2025-05-26T14:40:53+02:00,2025-05-26T14:40:53+02:00,uae81257adf1d3460,uae81257adf1d3460@users.invalid,uae81257adf1d3460,uae81257adf1d3460@users.invalid,1,0,25,129,127,0,0,0,,,,,,0,,build doc,build doc
mlco2/codecarbon,f7e61ef642e99d567b7aa59cc6bf5e7b28b78f81,2025-05,0,m0,2025-05-26T15:23:39+02:00,2025-05-26T15:23:39+02:00,u9dae085cd51385f2,u9dae085cd51385f2@users.invalid,GitHub,noreply@github.com,2,1,0,0,0,0,0,0,,,,,,0,848,Merge pull request #848 from mlco2/fix/gpu_unsupported_#838,"Merge pull request #848 from mlco2/fix/gpu_unsupported_#838

Fix/838 Handle unsupported GPU"
mlco2/codecarbon,fc0d5a74707b815d2b32bdc06a27bd54b9382c30,2025-05,0,m0,2025-05-27T09:20:23+02:00,2025-05-27T09:20:23+02:00,u17307de1894bf722,u17307de1894bf722@users.invalid,GitHub,noreply@github.com,1,0,1,2,2,1,2,2,,,,,,0,850,fix(cli): auth error when doing codecarbon login (#850),fix(cli): auth error when doing codecarbon login (#850)
mlco2/codecarbon,9741b6998af8baa9574683bf5cd656f55bb11c3b,2025-05,0,m0,2025-05-27T15:01:52+02:00,2025-05-27T15:01:52+02:00,ufa080491febad082,ufa080491febad082@users.invalid,GitHub,noreply@github.com,2,1,0,0,0,0,0,0,,,,,,0,,Merge branch 'master' into fix/839-unit-magic-for-low-and-high-emissions,Merge branch 'master' into fix/839-unit-magic-for-low-and-high-emissions
mlco2/codecarbon,f2db9ab47eb520e3a0764f56f3164643e737bd11,2025-06,1,post,2025-06-08T11:14:39+02:00,2025-06-08T11:14:39+02:00,u11d965fe4df279f7,u11d965fe4df279f7@users.invalid,u11d965fe4df279f7,u11d965fe4df279f7@users.invalid,1,0,2,24,9,0,0,0,,,,,,0,,Doc update,Doc update
mlco2/codecarbon,67e6f6be1e56278ce2c934733b62dbbcd6714f44,2025-06,1,post,2025-06-08T11:15:05+02:00,2025-06-08T11:15:05+02:00,u11d965fe4df279f7,u11d965fe4df279f7@users.invalid,u11d965fe4df279f7,u11d965fe4df279f7@users.invalid,1,0,9,112,116,1,1,1,,,,,,0,,Bump Dash,Bump Dash
mlco2/codecarbon,7d8b98da01bee155c0b3b84591e4c34999a2d850,2025-06,1,post,2025-06-09T00:12:02+02:00,2025-06-09T00:12:02+02:00,u11d965fe4df279f7,u11d965fe4df279f7@users.invalid,u11d965fe4df279f7,u11d965fe4df279f7@users.invalid,1,0,4,4,4,3,3,3,,,,,,0,,app.run_server,app.run_server
mlco2/codecarbon,9041255ad86d13b1f62c233ae60867c50f3864a5,2025-06,1,post,2025-06-09T00:15:44+02:00,2025-06-09T00:15:44+02:00,u11d965fe4df279f7,u11d965fe4df279f7@users.invalid,u11d965fe4df279f7,u11d965fe4df279f7@users.invalid,1,0,1,1,3,1,1,3,,,,,,0,,lint,lint
mlco2/codecarbon,b4ce9c98fa2222a679bf5e4d8130de298916e2b8,2025-06,1,post,2025-06-09T15:29:42+02:00,2025-06-09T15:29:42+02:00,u11d965fe4df279f7,u11d965fe4df279f7@users.invalid,u11d965fe4df279f7,u11d965fe4df279f7@users.invalid,1,0,3,23,1,0,0,0,,,,,,0,,wip: fix test,wip: fix test
mlco2/codecarbon,eda4eecc6823fac021d5e2e3656308e45a466be6,2025-06,1,post,2025-06-09T19:26:50+02:00,2025-06-09T19:26:50+02:00,u11d965fe4df279f7,u11d965fe4df279f7@users.invalid,u11d965fe4df279f7,u11d965fe4df279f7@users.invalid,1,0,1,30,19,0,0,0,,,,,,0,,Fix test_cli.py,Fix test_cli.py
mlco2/codecarbon,4a0ae7d69ca01ea958948a9d11469175db1392e6,2025-06,1,post,2025-06-09T20:44:50+02:00,2025-06-09T20:44:50+02:00,u11d965fe4df279f7,u11d965fe4df279f7@users.invalid,u11d965fe4df279f7,u11d965fe4df279f7@users.invalid,1,0,2,20,17,0,0,0,,,,,,0,,Lint,Lint
mlco2/codecarbon,2a0f5a15be61d140dad547c74bdd10ca3c1d75c4,2025-06,1,post,2025-06-09T20:50:18+02:00,2025-06-09T20:50:18+02:00,u11d965fe4df279f7,u11d965fe4df279f7@users.invalid,u11d965fe4df279f7,u11d965fe4df279f7@users.invalid,1,0,1,8,0,0,0,0,,,,,,0,,Put back tests,Put back tests
mlco2/codecarbon,1440d6749eceda8ccdca059b0cc5a6eb1182aa44,2025-06,1,post,2025-06-09T20:54:32+02:00,2025-06-09T20:54:32+02:00,u11d965fe4df279f7,u11d965fe4df279f7@users.invalid,u11d965fe4df279f7,u11d965fe4df279f7@users.invalid,1,0,9,18,21,0,0,0,,,,,,0,,bump deps,bump deps
mlco2/codecarbon,3adf0ddbc36c03934135e6b244e3d1e7b94791c4,2025-06,1,post,2025-06-09T21:07:58+02:00,2025-06-09T21:07:58+02:00,u11d965fe4df279f7,u11d965fe4df279f7@users.invalid,u11d965fe4df279f7,u11d965fe4df279f7@users.invalid,1,0,3,37,33,0,0,0,,,,,,0,,bump deps,bump deps
mlco2/codecarbon,24fa8c3dcef9c26bf5681b2735d0dfd4717d5b8c,2025-06,1,post,2025-06-09T21:16:22+02:00,2025-06-09T21:16:22+02:00,u9dae085cd51385f2,u9dae085cd51385f2@users.invalid,GitHub,noreply@github.com,2,1,0,0,0,0,0,0,,,,,,0,844,Merge pull request #844 from hfe94146487df43d4/fix/839-unit-magic-for-low-and-high-emissions,"Merge pull request #844 from hfe94146487df43d4/fix/839-unit-magic-for-low-and-high-emissions

Fix/839 unit magic for low and high emissions"
mlco2/codecarbon,611400fb97414534de66845e40873d4b8d85d50c,2025-06,1,post,2025-06-09T21:17:39+02:00,2025-06-09T21:17:39+02:00,u9dae085cd51385f2,u9dae085cd51385f2@users.invalid,GitHub,noreply@github.com,2,1,0,0,0,0,0,0,,,,,,0,,Merge branch 'master' into master,Merge branch 'master' into master
mlco2/codecarbon,f12dac1ef94842d5f0c237aa1ee0d69b15f360b6,2025-06,1,post,2025-06-09T21:18:51+02:00,2025-06-09T21:18:51+02:00,u9dae085cd51385f2,u9dae085cd51385f2@users.invalid,GitHub,noreply@github.com,2,1,0,0,0,0,0,0,,,,,,0,847,Merge pull request #847 from hf6c529b8eebafba1/master,"Merge pull request #847 from hf6c529b8eebafba1/master

Fix/845: Change to use app.run()"
mlco2/codecarbon,40d1c6a9e1b14e68099544ebefe5b4dbefc38125,2025-06,1,post,2025-06-10T17:23:51+02:00,2025-06-09T19:37:20Z,dependabot[bot],49699333+dependabot[bot]@users.noreply.github.com,u9dae085cd51385f2,u9dae085cd51385f2@users.invalid,1,0,1,1,1,0,0,0,,,,,dependabot,0,,Bump requests from 2.32.3 to 2.32.4 in /requirements,"Bump requests from 2.32.3 to 2.32.4 in /requirements

Bumps [requests](https://github.com/psf/requests) from 2.32.3 to 2.32.4.
- [Release notes](https://github.com/psf/requests/releases)
- [Changelog](https://github.com/psf/requests/blob/main/HISTORY.md)
- [Commits](https://github.com/psf/requests/compare/v2.32.3...v2.32.4)

---
updated-dependencies:
- dependency-name: requests
  dependency-version: 2.32.4
  dependency-type: direct:production
...

Signed-off-by: dependabot[bot] <support@github.com>"
mlco2/codecarbon,3ac0901a22bfe82fc5c0ca525fcf145a30297b55,2025-06,1,post,2025-06-10T17:24:35+02:00,2025-06-10T17:24:35+02:00,u9dae085cd51385f2,u9dae085cd51385f2@users.invalid,GitHub,noreply@github.com,2,1,0,0,0,0,0,0,,,,,,0,856,Merge pull request #856 from mlco2/dependabot/pip/requirements/requests-2.32.4,"Merge pull request #856 from mlco2/dependabot/pip/requirements/requests-2.32.4

Bump requests from 2.32.3 to 2.32.4 in /requirements"
mlco2/codecarbon,6f1acef282f96764289603a17eef5945f11dfd09,2025-06,1,post,2025-06-15T08:35:20+02:00,2025-06-15T08:35:20+02:00,u9dae085cd51385f2,u9dae085cd51385f2@users.invalid,GitHub,noreply@github.com,2,1,0,0,0,0,0,0,,,,,,0,,Merge branch 'master' into codecarbon3,Merge branch 'master' into codecarbon3
mlco2/codecarbon,58f92500b3b4b8c63411a60667c7902314e86ce3,2025-06,1,post,2025-06-15T08:40:58+02:00,2025-06-15T08:40:58+02:00,u9dae085cd51385f2,u9dae085cd51385f2@users.invalid,GitHub,noreply@github.com,2,1,0,0,0,0,0,0,,,,,,0,827,Merge pull request #827 from h0a6cd54010cc820a/codecarbon3,"Merge pull request #827 from h0a6cd54010cc820a/codecarbon3

Add i9-14900HX to supported CPU list #821"
mlco2/codecarbon,cb73b9174347340edafcc392e7145a12bf4c51ce,2025-06,1,post,2025-06-15T08:47:21+02:00,2025-06-15T08:47:21+02:00,u9dae085cd51385f2,u9dae085cd51385f2@users.invalid,GitHub,noreply@github.com,2,1,0,0,0,0,0,0,,,,,,0,,Merge branch 'master' into codecarbon2,Merge branch 'master' into codecarbon2
mlco2/codecarbon,ef1d1d91eba1277c9052f3c6f7a78c3849619009,2025-06,1,post,2025-06-15T09:03:51+02:00,2025-06-15T09:03:51+02:00,u9dae085cd51385f2,u9dae085cd51385f2@users.invalid,GitHub,noreply@github.com,2,1,0,0,0,0,0,0,,,,,,0,824,Merge pull request #824 from h0a6cd54010cc820a/codecarbon2,"Merge pull request #824 from h0a6cd54010cc820a/codecarbon2

Added: Intel(R) Core(TM) i7-12700H with 45W TDP to cpu_power.csv"
mlco2/codecarbon,a296673df53ac65489ba573552f18f363ea51ec4,2025-06,1,post,2025-06-15T09:10:05+02:00,2025-02-10T09:39:53-07:00,ua8f01be838145fa0,ua8f01be838145fa0@users.invalid,u9dae085cd51385f2,u9dae085cd51385f2@users.invalid,1,0,1,32,34,1,32,34,,,,,,0,,added option for CLI to monitor offline,added option for CLI to monitor offline
mlco2/codecarbon,08447eb0cd55b1da1abb36e9b3a0b8ca3a93fa7b,2025-06,1,post,2025-06-15T09:10:05+02:00,2025-02-10T09:48:22-07:00,ua8f01be838145fa0,ua8f01be838145fa0@users.invalid,u9dae085cd51385f2,u9dae085cd51385f2@users.invalid,1,0,1,18,1,1,18,1,,,,,,0,,added option for CLI to monitor offline,added option for CLI to monitor offline
mlco2/codecarbon,ccd5a12ed4be5325de0ed2a787b2a4d76d5510ac,2025-06,1,post,2025-06-15T12:11:42+02:00,2025-06-15T12:11:42+02:00,u11d965fe4df279f7,u11d965fe4df279f7@users.invalid,u11d965fe4df279f7,u11d965fe4df279f7@users.invalid,1,0,1,11,6,0,0,0,,,,,,0,,doc,doc
mlco2/codecarbon,f73024ac1350189dacc5ddcdd08547f90404d955,2025-06,1,post,2025-06-15T12:12:11+02:00,2025-06-15T12:12:11+02:00,u11d965fe4df279f7,u11d965fe4df279f7@users.invalid,u11d965fe4df279f7,u11d965fe4df279f7@users.invalid,1,0,1,30,13,1,30,13,,,,,,0,,lint,lint
mlco2/codecarbon,865809a4e2f02088895e117018cfefa3134a02ca,2025-06,1,post,2025-06-15T12:21:55+02:00,2025-06-15T12:21:55+02:00,u9dae085cd51385f2,u9dae085cd51385f2@users.invalid,GitHub,noreply@github.com,2,1,0,0,0,0,0,0,,,,,,0,782,Merge pull request #782 from hce71fc84cb2ddc82/master,"Merge pull request #782 from hce71fc84cb2ddc82/master

CLI can be called in offline mode without and API endpoint"
mlco2/codecarbon,04e14ea4798f96a4817f7b4ab73d20c819ebf44a,2025-06,1,post,2025-06-16T11:06:32+02:00,2025-06-16T11:06:32+02:00,u17307de1894bf722,u17307de1894bf722@users.invalid,GitHub,noreply@github.com,1,0,1,91,0,0,0,0,,,,,,0,859,chore (security): Setup code scanning alerts (#859),"chore (security): Setup code scanning alerts (#859)

* chore (security): Setup code scanning alerts

This is to set up the feature of code scanning. It helps to automatically detect common vulnerability and coding errors. The job will be run every Saturday at 17:36. We can change this in the future.

* Apply suggestions from code review

Co-authored-by: u9dae085cd51385f2 <u9dae085cd51385f2@users.invalid>

---------

Co-authored-by: u9dae085cd51385f2 <u9dae085cd51385f2@users.invalid>"
mlco2/codecarbon,6c90508d3e8de7e5c6cb76841505c4df93d6e553,2025-06,1,post,2025-06-16T11:10:37+02:00,2025-06-16T11:10:37+02:00,u17307de1894bf722,u17307de1894bf722@users.invalid,GitHub,noreply@github.com,1,0,1,9,0,0,0,0,,,,,,0,862,chore: Create SECURITY.md (#862),"chore: Create SECURITY.md (#862)

* Create SECURITY.md

* Update SECURITY.md

Co-authored-by: u9dae085cd51385f2 <u9dae085cd51385f2@users.invalid>

* Update SECURITY.md

Co-authored-by: u9dae085cd51385f2 <u9dae085cd51385f2@users.invalid>

---------

Co-authored-by: u9dae085cd51385f2 <u9dae085cd51385f2@users.invalid>"
mlco2/codecarbon,ccb309b20736d4ec09564f0615586e08664588c2,2025-06,1,post,2025-06-20T09:59:13+02:00,2025-06-20T09:59:13+02:00,dependabot[bot],49699333+dependabot[bot]@users.noreply.github.com,GitHub,noreply@github.com,1,0,10,10,10,0,0,0,,,,,dependabot,0,872,Bump urllib3 in /requirements in the pip group across 1 directory (#872),"Bump urllib3 in /requirements in the pip group across 1 directory (#872)

Bumps the pip group with 1 update in the /requirements directory: [urllib3](https://github.com/urllib3/urllib3).


Updates `urllib3` from 2.2.3 to 2.5.0
- [Release notes](https://github.com/urllib3/urllib3/releases)
- [Changelog](https://github.com/urllib3/urllib3/blob/main/CHANGES.rst)
- [Commits](https://github.com/urllib3/urllib3/compare/2.2.3...2.5.0)

---
updated-dependencies:
- dependency-name: urllib3
  dependency-version: 2.5.0
  dependency-type: direct:production
  dependency-group: pip
...

Signed-off-by: dependabot[bot] <support@github.com>
Co-authored-by: dependabot[bot] <49699333+dependabot[bot]@users.noreply.github.com>"
mlco2/codecarbon,f12b4a59e3e53e7dd16be30cf57b4a7d7c7ea484,2025-06,1,post,2025-06-20T15:20:42+02:00,2025-06-20T15:20:42+02:00,u17307de1894bf722,u17307de1894bf722@users.invalid,GitHub,noreply@github.com,1,0,2,40,17,0,0,0,,,,,,0,875,feat(webapp): add more info to main login page (#875),"feat(webapp): add more info to main login page (#875)

* feat(webapp): add more info to main login page

* fix: html semantics + less verbose"
mlco2/codecarbon,5239045ede195f382ca65ffbf68b6a76a85d1262,2025-06,1,post,2025-06-22T09:57:36+02:00,2025-06-16T20:49:27+02:00,u09dcc1f39603dd20,u09dcc1f39603dd20@users.invalid,u9dae085cd51385f2,u9dae085cd51385f2@users.invalid,1,0,2,16,3,1,15,2,,,,,,0,,fix (cli): do not show traceback when error,fix (cli): do not show traceback when error
mlco2/codecarbon,e5489e2af4a7835118379fedb72c1c37e60b171f,2025-06,1,post,2025-06-22T10:25:46+02:00,2025-06-22T10:25:46+02:00,u9dae085cd51385f2,u9dae085cd51385f2@users.invalid,GitHub,noreply@github.com,2,1,0,0,0,0,0,0,,,,,,0,864,Merge pull request #864 from mlco2/fix/remove-traceback-cli,"Merge pull request #864 from mlco2/fix/remove-traceback-cli

fix (cli): do not show traceback when error"
mlco2/codecarbon,682199cf8f107c23c68d1577a33f1d3536591458,2025-06,1,post,2025-06-22T10:26:04+02:00,2025-06-02T12:19:37Z,google-labs-jules[bot],161369871+google-labs-jules[bot]@users.noreply.github.com,u9dae085cd51385f2,u9dae085cd51385f2@users.invalid,1,0,3,231,6,2,119,6,,B,gemini,identity,google-labs-jules,0,,Fix: Prevent intermittent zero energy reporting for tasks,"Fix: Prevent intermittent zero energy reporting for tasks

Problem:
EmissionsTracker.stop_task() would occasionally report zero energy
consumed for a task, even when the task performed work and underlying
hardware measurements indicated energy consumption.

Cause:
The issue stemmed from the `self._previous_emissions` instance variable,
which is used to calculate energy deltas. This variable was being
updated by a 'live API update' mechanism that could trigger during
the manual call to `_measure_power_and_energy()` within `stop_task()`.
If this live update occurred, `self._previous_emissions` would be set
to the current total energy values *including* the task's consumption.
Subsequently, when `stop_task()` attempted to calculate the task's
specific delta, it would compare these updated totals against the (now also
updated) `self._previous_emissions`, effectively calculating a delta
between two identical states, resulting in zero.

Solution:
1. Introduced a new instance variable `self._active_task_emissions_at_start`
   in `BaseEmissionsTracker`.
2. In `start_task()`, a snapshot (deep copy) of the `EmissionsData`
   (representing total accumulated energy up to that point) is taken using
   `self._prepare_emissions_data()` and stored in
   `self._active_task_emissions_at_start`.
3. In `stop_task()`:
    a. The energy delta for the completed task is now calculated by
       comparing the current total emissions (after the task's work)
       against the preserved `self._active_task_emissions_at_start`
       snapshot. This ensures the delta is specific to the task's duration
       and consumption.
    b. After the task-specific delta is determined, the global
       `self._previous_emissions` state is updated by calling
       `self._compute_emissions_delta()` with the current total emissions.
       This maintains the correct state for ongoing non-task-specific
       measurements or live API updates.
    c. `self._active_task_emissions_at_start` is cleared when the task
       stops.

This change isolates the delta calculation for tasks from the global
update mechanism for `_previous_emissions`, ensuring accurate energy
reporting for individual tasks."
mlco2/codecarbon,3a9ee48fca09824f9e387457110d0b0d287bae31,2025-06,1,post,2025-06-22T10:26:04+02:00,2025-06-02T14:45:01+02:00,uae81257adf1d3460,uae81257adf1d3460@users.invalid,u9dae085cd51385f2,u9dae085cd51385f2@users.invalid,1,0,4,93,120,2,14,8,,,,,,0,,Lint,Lint
mlco2/codecarbon,20a29388fe7ce497f98f4cf1b9cdce359bc00dfd,2025-06,1,post,2025-06-22T10:26:04+02:00,2025-06-07T15:17:51Z,google-labs-jules[bot],161369871+google-labs-jules[bot]@users.noreply.github.com,u9dae085cd51385f2,u9dae085cd51385f2@users.invalid,1,0,5,187,94,2,8,14,,B,gemini,identity,google-labs-jules,0,,Test: Add unit test for task energy calculation with live updates,"Test: Add unit test for task energy calculation with live updates

This commit adds a new unit test, `test_task_energy_with_live_update_interference`,
to `tests/test_emissions_tracker.py`.

The test is designed to:
- Verify that `EmissionsTracker.stop_task()` correctly calculates task-specific
  energy consumption.
- Specifically, it ensures accuracy even when an internal 'live API update'
  (triggered by `api_call_interval` being met during the `_measure_power_and_energy`
  call within `stop_task()`) occurs. This was the scenario that previously
  caused `_previous_emissions` to be updated prematurely, leading to
  intermittent zero-energy reporting for tasks.

The test mocks hardware energy measurements (CPU and RAM) to return
controlled, non-zero values and sets `api_call_interval=1` to reliably
trigger the problematic condition. It then asserts that the `EmissionsData`
returned by `stop_task()` reflects the correct, non-zero energy consumed
during the task.

This unit test complements the fix that ensures `_active_task_emissions_at_start`
is used for task-specific delta calculations, safeguarding against regressions."
mlco2/codecarbon,c7f6d6278d60c5c085414b0ad542caa334a7246d,2025-06,1,post,2025-06-22T10:26:04+02:00,2025-06-10T22:41:28+02:00,u9dae085cd51385f2,u9dae085cd51385f2@users.invalid,u9dae085cd51385f2,u9dae085cd51385f2@users.invalid,1,0,5,136,73,2,14,8,,,,,,0,,lint,lint
mlco2/codecarbon,118873936dadf2608ae4d2af9862fcca4c2fe3d6,2025-06,1,post,2025-06-22T10:26:04+02:00,2025-06-14T19:25:54+02:00,u11d965fe4df279f7,u11d965fe4df279f7@users.invalid,u9dae085cd51385f2,u9dae085cd51385f2@users.invalid,1,0,4,86,230,2,12,88,,,,,,0,,Cleaning,Cleaning
mlco2/codecarbon,c18ff0f3602d45ae46daae77036f2b8cc6799592,2025-06,1,post,2025-06-22T10:26:04+02:00,2025-06-14T19:41:13+02:00,u11d965fe4df279f7,u11d965fe4df279f7@users.invalid,u9dae085cd51385f2,u9dae085cd51385f2@users.invalid,1,0,1,1,0,0,0,0,,,,,,0,,Put back test,Put back test
mlco2/codecarbon,eca114e729a4fa5587ce38efd1a973738a5f667e,2025-06,1,post,2025-06-22T10:41:20+02:00,2025-06-22T10:41:20+02:00,u9dae085cd51385f2,u9dae085cd51385f2@users.invalid,GitHub,noreply@github.com,2,1,0,0,0,0,0,0,,,,,,0,853,Merge pull request #853 from mlco2/fix/intermittent-zero-task-energy,"Merge pull request #853 from mlco2/fix/intermittent-zero-task-energy

Fix: Prevent intermittent zero energy reporting for tasks"
mlco2/codecarbon,72b80ff85e767e0db276dc011d2651ba151fd62a,2025-06,1,post,2025-06-22T10:43:58+02:00,2025-06-22T08:26:58Z,dependabot[bot],49699333+dependabot[bot]@users.noreply.github.com,u9dae085cd51385f2,u9dae085cd51385f2@users.invalid,1,0,1,1,1,0,0,0,,,,,dependabot,0,,Bump urllib3 from 2.4.0 to 2.5.0 in the pip group across 1 directory,"Bump urllib3 from 2.4.0 to 2.5.0 in the pip group across 1 directory

Bumps the pip group with 1 update in the / directory: [urllib3](https://github.com/urllib3/urllib3).


Updates `urllib3` from 2.4.0 to 2.5.0
- [Release notes](https://github.com/urllib3/urllib3/releases)
- [Changelog](https://github.com/urllib3/urllib3/blob/main/CHANGES.rst)
- [Commits](https://github.com/urllib3/urllib3/compare/2.4.0...2.5.0)

---
updated-dependencies:
- dependency-name: urllib3
  dependency-version: 2.5.0
  dependency-type: direct:production
  dependency-group: pip
...

Signed-off-by: dependabot[bot] <support@github.com>"
mlco2/codecarbon,da043fa3132ffa5f0ef7a02f34b2b26933115175,2025-06,1,post,2025-06-22T11:43:05+02:00,2025-06-22T11:43:05+02:00,u9dae085cd51385f2,u9dae085cd51385f2@users.invalid,GitHub,noreply@github.com,2,1,0,0,0,0,0,0,,,,,,0,876,Merge pull request #876 from mlco2/dependabot/pip/pip-2c7469b053,"Merge pull request #876 from mlco2/dependabot/pip/pip-2c7469b053

Bump urllib3 from 2.4.0 to 2.5.0 in the pip group across 1 directory"
mlco2/codecarbon,7e9d5a9abce37bd9d1b48ba83fbce01832c6ad3d,2025-06,1,post,2025-06-25T05:06:35+03:00,2025-06-25T05:06:35+03:00,uc171a1a3fc222e5b,uc171a1a3fc222e5b@users.invalid,uc171a1a3fc222e5b,uc171a1a3fc222e5b@users.invalid,1,0,2,0,15,0,0,0,,,,,,0,,Created a Proper Directory Structure and Deleted Initial Issue Template,Created a Proper Directory Structure and Deleted Initial Issue Template
mlco2/codecarbon,2780cece84220776685ac8d98e07309e080b6a2e,2025-06,1,post,2025-06-25T05:07:44+03:00,2025-06-25T05:07:44+03:00,uc171a1a3fc222e5b,uc171a1a3fc222e5b@users.invalid,uc171a1a3fc222e5b,uc171a1a3fc222e5b@users.invalid,1,0,1,31,0,0,0,0,,,,,,0,,Added Bug Report Template,Added Bug Report Template
mlco2/codecarbon,05f70d703eb9cb957cb03ea71acec96e57032ec0,2025-06,1,post,2025-06-25T05:08:52+03:00,2025-06-25T05:08:52+03:00,uc171a1a3fc222e5b,uc171a1a3fc222e5b@users.invalid,uc171a1a3fc222e5b,uc171a1a3fc222e5b@users.invalid,1,0,1,19,0,0,0,0,,,,,,0,,Added Feature Request Template,Added Feature Request Template
mlco2/codecarbon,c1bb1d5ff2886f9073cc4707e784aa5639712d81,2025-06,1,post,2025-06-25T05:09:55+03:00,2025-06-25T05:09:55+03:00,uc171a1a3fc222e5b,uc171a1a3fc222e5b@users.invalid,uc171a1a3fc222e5b,uc171a1a3fc222e5b@users.invalid,1,0,1,16,0,0,0,0,,,,,,0,,Added Documentation Improvement Template,Added Documentation Improvement Template
mlco2/codecarbon,a8e3d4f5273c9997b5c0f49fbe738f0d4899cb32,2025-06,1,post,2025-06-25T05:14:30+03:00,2025-06-25T05:14:30+03:00,uc171a1a3fc222e5b,uc171a1a3fc222e5b@users.invalid,uc171a1a3fc222e5b,uc171a1a3fc222e5b@users.invalid,1,0,1,28,0,0,0,0,,,,,,0,,Added Pull Request Template,Added Pull Request Template
mlco2/codecarbon,03e772d198867f0168761ccb9a54ac8d44b8adc1,2025-06,1,post,2025-06-25T08:58:34+02:00,2025-06-25T08:58:34+02:00,u9dae085cd51385f2,u9dae085cd51385f2@users.invalid,GitHub,noreply@github.com,2,1,0,0,0,0,0,0,,,,,,0,880,Merge pull request #880 from h0a6cd54010cc820a/feature,"Merge pull request #880 from h0a6cd54010cc820a/feature

feat: add GitHub issue and PR templates"
mlco2/codecarbon,97229563282481540332a3e29a099ca53f33bb5b,2025-07,2,post,2025-07-01T10:52:49+02:00,2025-07-01T10:52:49+02:00,u4ffc173d8f6238b8,u4ffc173d8f6238b8@users.invalid,GitHub,noreply@github.com,1,0,1,2,2,0,0,0,,,,,,0,882,fix: change app name to app id for deploy (#882),fix: change app name to app id for deploy (#882)
mlco2/codecarbon,8af0049321829e80c44b66593b8f6ee400ae7aae,2025-07,2,post,2025-07-02T12:09:06+02:00,2024-12-11T14:06:26+01:00,u11d965fe4df279f7,u11d965fe4df279f7@users.invalid,uae81257adf1d3460,uae81257adf1d3460@users.invalid,1,0,1,1,1,0,0,0,,,,,,0,,build on codecarbon_v3_rc,build on codecarbon_v3_rc
mlco2/codecarbon,b6d62c6936b5dab463e9310cbd6a098065ac2abe,2025-07,2,post,2025-07-02T12:10:40+02:00,2024-12-11T14:32:08+01:00,u11d965fe4df279f7,u11d965fe4df279f7@users.invalid,uae81257adf1d3460,uae81257adf1d3460@users.invalid,1,0,1,167,0,0,0,0,,,,,,0,,build,build
mlco2/codecarbon,8891cb69d7f8217d2b710f60d47295319d2aa0ef,2025-07,2,post,2025-07-02T12:17:33+02:00,2025-01-07T20:39:35+01:00,u11d965fe4df279f7,u11d965fe4df279f7@users.invalid,uae81257adf1d3460,uae81257adf1d3460@users.invalid,1,0,3,27,29,3,27,29,,,,,,0,,CPU Load task support,CPU Load task support
mlco2/codecarbon,a87113fdb47cc9ba656b8f57fc5d55bc5cf2bb9b,2025-07,2,post,2025-07-02T12:20:21+02:00,2025-01-10T14:57:42+01:00,u11d965fe4df279f7,u11d965fe4df279f7@users.invalid,uae81257adf1d3460,uae81257adf1d3460@users.invalid,1,0,1,22,9,0,0,0,,,,,,0,,RAPL path,RAPL path
mlco2/codecarbon,c0c6d27dac993f0261a63ffb6b70fcb2a535e72e,2025-07,2,post,2025-07-02T12:21:25+02:00,2025-01-12T09:59:35+01:00,u11d965fe4df279f7,u11d965fe4df279f7@users.invalid,uae81257adf1d3460,uae81257adf1d3460@users.invalid,1,0,1,25,0,0,0,0,,,,,,0,,TO REVERT : publish RC to Pypi,TO REVERT : publish RC to Pypi
mlco2/codecarbon,de25f27ba91030e3c81ebef1d4a83ee18367b7a1,2025-07,2,post,2025-07-02T12:22:05+02:00,2025-02-03T22:05:18+01:00,u11d965fe4df279f7,u11d965fe4df279f7@users.invalid,uae81257adf1d3460,uae81257adf1d3460@users.invalid,1,0,3,2455,0,0,0,0,,,,,,0,,AMD CPU,AMD CPU
mlco2/codecarbon,2d78181c06746dec9871c1d850fdf46f369bdf77,2025-07,2,post,2025-07-02T12:25:51+02:00,2025-02-15T23:08:35+01:00,u11d965fe4df279f7,u11d965fe4df279f7@users.invalid,uae81257adf1d3460,uae81257adf1d3460@users.invalid,1,0,1,112,0,0,0,0,,,,,,0,,docs,docs
mlco2/codecarbon,bc510c413d9cd84609c0848fbda5453f43b3bb4a,2025-07,2,post,2025-07-02T12:27:39+02:00,2025-04-02T11:49:53+02:00,u11d965fe4df279f7,u11d965fe4df279f7@users.invalid,uae81257adf1d3460,uae81257adf1d3460@users.invalid,1,0,3,6013,144,0,0,0,,,,,,0,,Use UV,Use UV
mlco2/codecarbon,43e2c7135d30d386f7fc249d0f0e73313bcba81f,2025-07,2,post,2025-07-02T12:29:37+02:00,2025-04-02T12:01:27+02:00,u11d965fe4df279f7,u11d965fe4df279f7@users.invalid,uae81257adf1d3460,uae81257adf1d3460@users.invalid,1,0,2,617,13,0,0,0,,,,,,0,,Task,Task
mlco2/codecarbon,58ad9f53802d274b8def73bc58fb0a3cd04af971,2025-07,2,post,2025-07-02T12:38:55+02:00,2025-07-02T12:38:55+02:00,uae81257adf1d3460,uae81257adf1d3460@users.invalid,uae81257adf1d3460,uae81257adf1d3460@users.invalid,1,0,8,24,2663,2,22,14,,,,,,0,,Cleanup after rebase,Cleanup after rebase
mlco2/codecarbon,5d9cb81d1461132660dd38d5a33f7b7aff52d9d6,2025-07,2,post,2025-07-02T12:41:11+02:00,2025-07-02T12:41:11+02:00,uae81257adf1d3460,uae81257adf1d3460@users.invalid,uae81257adf1d3460,uae81257adf1d3460@users.invalid,1,0,2,0,125,0,0,0,,,,,,0,,Cleanup after rebase,Cleanup after rebase
mlco2/codecarbon,967080175fd8d6b2575470feb2521239da6e3f27,2025-07,2,post,2025-07-02T14:04:35+02:00,2025-07-02T14:04:35+02:00,u9dae085cd51385f2,u9dae085cd51385f2@users.invalid,GitHub,noreply@github.com,1,0,1,0,1,0,0,0,,B,copilot,trailer,,0,,Duplicate pytest in pyproject.toml,"Duplicate pytest in pyproject.toml

Co-authored-by: Copilot <175728472+Copilot@users.noreply.github.com>"
mlco2/codecarbon,7efabb27b7919d378dca073f4b034cc9009ce468,2025-07,2,post,2025-07-02T15:08:23+02:00,2025-07-02T15:08:23+02:00,uae81257adf1d3460,uae81257adf1d3460@users.invalid,uae81257adf1d3460,uae81257adf1d3460@users.invalid,1,0,3,1249,793,0,0,0,,,,,,0,,How to build doc,How to build doc
mlco2/codecarbon,b129d962aa5f0ccc9775044be52935bbdd30a166,2025-07,2,post,2025-07-02T17:26:33+02:00,2025-07-02T17:26:33+02:00,uae81257adf1d3460,uae81257adf1d3460@users.invalid,uae81257adf1d3460,uae81257adf1d3460@users.invalid,1,0,2,5,8,0,0,0,,,,,,0,,task,task
mlco2/codecarbon,e1ba3c5f9c51decafa2701ca61bcee20d42a1e93,2025-07,2,post,2025-07-02T17:32:27+02:00,2025-07-02T17:32:27+02:00,uae81257adf1d3460,uae81257adf1d3460@users.invalid,uae81257adf1d3460,uae81257adf1d3460@users.invalid,1,0,4,70,94,0,0,0,,,,,,0,,Migrate CI to UV,Migrate CI to UV
mlco2/codecarbon,8d0fde332464490c1c501cc6204dc17cbf07f769,2025-07,2,post,2025-07-06T17:24:56+02:00,2025-07-06T12:01:38+02:00,u11d965fe4df279f7,u11d965fe4df279f7@users.invalid,u11d965fe4df279f7,u11d965fe4df279f7@users.invalid,1,0,4,947,117,0,0,0,,,,,,0,,wip: CI,"wip: CI

wip: CI

wip: CI"
mlco2/codecarbon,4de8ba52f262a490644b8f33e0a5aec94276832e,2025-07,2,post,2025-07-06T17:24:59+02:00,2025-07-06T12:26:05+02:00,u11d965fe4df279f7,u11d965fe4df279f7@users.invalid,u11d965fe4df279f7,u11d965fe4df279f7@users.invalid,1,0,1,1,3,1,1,3,,,,,,0,,Fix cpu_percent for process,"Fix cpu_percent for process

lint"
mlco2/codecarbon,7f3c3ce33294887bb37646edc99bd47992cbe7e3,2025-07,2,post,2025-07-06T17:27:31+02:00,2025-07-06T17:27:31+02:00,u11d965fe4df279f7,u11d965fe4df279f7@users.invalid,u11d965fe4df279f7,u11d965fe4df279f7@users.invalid,1,0,1,1,5,0,0,0,,,,,,0,,uv install doc,uv install doc
mlco2/codecarbon,b8550b02626b126f0d46f350d777b84eab2a63e6,2025-07,2,post,2025-07-06T21:23:12+02:00,2025-07-06T21:23:12+02:00,u9dae085cd51385f2,u9dae085cd51385f2@users.invalid,GitHub,noreply@github.com,2,1,0,0,0,0,0,0,,,,,,0,815,Merge pull request #815 from mlco2/feat/switch_to_uv,"Merge pull request #815 from mlco2/feat/switch_to_uv

Switch from Hatch to UV"
mlco2/codecarbon,a4c3adbed534a4fe8b2ddc84228cc89adad11337,2025-07,2,post,2025-07-07T14:01:25+02:00,2025-07-07T14:01:25+02:00,Copilot,198982749+Copilot@users.noreply.github.com,GitHub,noreply@github.com,1,0,1,198,0,0,0,0,.github/copilot-instructions.md,B,copilot,trailer;identity,,0,884,Add Copilot instructions to help navigate CodeCarbon repository (#884),"Add Copilot instructions to help navigate CodeCarbon repository (#884)

* Initial plan

* Add comprehensive Copilot instructions for CodeCarbon repository

Co-authored-by: u9dae085cd51385f2 <u9dae085cd51385f2@users.invalid>

* Change to dashboard

* Update Copilot instructions to use uv instead of hatch

Co-authored-by: u17307de1894bf722 <u17307de1894bf722@users.invalid>

* doc

---------

Co-authored-by: copilot-swe-agent[bot] <198982749+Copilot@users.noreply.github.com>
Co-authored-by: u9dae085cd51385f2 <u9dae085cd51385f2@users.invalid>
Co-authored-by: uae81257adf1d3460 <uae81257adf1d3460@users.invalid>
Co-authored-by: u17307de1894bf722 <u17307de1894bf722@users.invalid>"
mlco2/codecarbon,cc356aa8e9b067f5e9a66762323f34ed60acd007,2025-07,2,post,2025-07-10T13:29:55+02:00,2025-07-10T13:29:55+02:00,u9dae085cd51385f2,u9dae085cd51385f2@users.invalid,GitHub,noreply@github.com,1,0,1,1,0,0,0,0,,,,,,0,,Update cpu_power.csv for Intel Xeon W7-2495X,Update cpu_power.csv for Intel Xeon W7-2495X
mlco2/codecarbon,c396bddc0b5f2e84e414cebc0395842cb87abeea,2025-07,2,post,2025-07-10T13:34:05+02:00,2025-07-10T13:34:05+02:00,u9dae085cd51385f2,u9dae085cd51385f2@users.invalid,GitHub,noreply@github.com,2,1,0,0,0,0,0,0,,,,,,0,889,Merge pull request #889 from mlco2/cpu/IntelXeonW7-2495X,"Merge pull request #889 from mlco2/cpu/IntelXeonW7-2495X

Update cpu_power.csv for Intel Xeon W7-2495X"
mlco2/codecarbon,f469cf58d4ff802af7955e1394586d21e50cdc36,2025-07,2,post,2025-07-10T19:45:43+02:00,2025-07-10T07:45:43-10:00,u1716ec94747fb805,u1716ec94747fb805@users.invalid,GitHub,noreply@github.com,1,0,12,56,38,0,0,0,,,,,,0,890,Pin versions of actions by hash (#890),"Pin versions of actions by hash (#890)

Signed-off-by: u1716ec94747fb805 <u1716ec94747fb805@users.invalid>"
mlco2/codecarbon,2318c3772a69c4ffd236b453e8958f1699ee8339,2025-07,2,post,2025-07-11T19:47:58+02:00,2025-07-11T19:47:58+02:00,uae81257adf1d3460,uae81257adf1d3460@users.invalid,uae81257adf1d3460,uae81257adf1d3460@users.invalid,1,0,3,3,3,1,1,1,,,,,,0,,bump to 3.0.3,bump to 3.0.3
mlco2/codecarbon,82646c4fbbe05d88a5e1ab513f692333a89ea988,2025-07,2,post,2025-07-11T19:54:59+02:00,2025-07-11T19:54:59+02:00,uae81257adf1d3460,uae81257adf1d3460@users.invalid,uae81257adf1d3460,uae81257adf1d3460@users.invalid,1,0,1,1,1,0,0,0,,,,,,0,,bump pre-commit,bump pre-commit
mlco2/codecarbon,172e10a08e50f52a996418896d6013ab7e07c9c0,2025-07,2,post,2025-07-11T20:03:40+02:00,2025-07-11T20:03:40+02:00,uae81257adf1d3460,uae81257adf1d3460@users.invalid,uae81257adf1d3460,uae81257adf1d3460@users.invalid,1,0,1,1,2,0,0,0,,,,,,0,,doc,doc
mlco2/codecarbon,b41e914399426fa5c159d1faee87feb161cd8f70,2025-07,2,post,2025-07-11T20:04:01+02:00,2025-07-11T20:04:01+02:00,uae81257adf1d3460,uae81257adf1d3460@users.invalid,uae81257adf1d3460,uae81257adf1d3460@users.invalid,1,0,2,308,266,0,0,0,,,,,,0,,bump deps,bump deps
mlco2/codecarbon,ddc913cf0093fd7b5ca75c4e6ec3f750c666b151,2025-07,2,post,2025-07-11T20:04:27+02:00,2025-07-11T20:04:27+02:00,uae81257adf1d3460,uae81257adf1d3460@users.invalid,uae81257adf1d3460,uae81257adf1d3460@users.invalid,1,0,27,160,153,0,0,0,,,,,,0,,build docs,build docs
mlco2/codecarbon,cf964354fdf328f015535ae4b3fcaff6532077c3,2025-07,2,post,2025-07-12T10:34:35+02:00,2025-07-12T10:34:35+02:00,u9dae085cd51385f2,u9dae085cd51385f2@users.invalid,GitHub,noreply@github.com,1,0,1,1,1,0,0,0,,,,,,0,,Update docs/usage.html,"Update docs/usage.html

Co-authored-by: u17307de1894bf722 <u17307de1894bf722@users.invalid>"
mlco2/codecarbon,66363cecefa59a52ecb78467d83802f607d03208,2025-07,2,post,2025-07-12T10:36:35+02:00,2025-07-12T10:36:35+02:00,u9dae085cd51385f2,u9dae085cd51385f2@users.invalid,GitHub,noreply@github.com,2,1,0,0,0,0,0,0,,,,,,0,893,Merge pull request #893 from mlco2/feat/release_3.0.3,"Merge pull request #893 from mlco2/feat/release_3.0.3

Release 3.0.3"
mlco2/codecarbon,43175e12ced0c2450acd91214995724e05e9e59c,2025-07,2,post,2025-07-12T12:10:21+02:00,2025-07-12T12:10:21+02:00,u17307de1894bf722,u17307de1894bf722@users.invalid,GitHub,noreply@github.com,1,0,1,78,0,0,0,0,,,,,,0,891,chores: create ossf scorecard workflow (#891),chores: create ossf scorecard workflow (#891)
mlco2/codecarbon,439f2ec3b4dddc1923454068b52c538d6d818ae3,2025-07,2,post,2025-07-12T16:40:03+02:00,2025-07-12T16:40:03+02:00,u4ffc173d8f6238b8,u4ffc173d8f6238b8@users.invalid,GitHub,noreply@github.com,1,0,1,2,0,0,0,0,,B,copilot,trailer;identity,,0,897,Potential fix for code scanning alert no. 22: Workflow does not contain permissions (#897),"Potential fix for code scanning alert no. 22: Workflow does not contain permissions (#897)

Co-authored-by: Copilot Autofix powered by AI <62310815+github-advanced-security[bot]@users.noreply.github.com>"
mlco2/codecarbon,64a65d09d6c18ad5e68e0e5dc2eb2e018180e3ef,2025-07,2,post,2025-07-12T16:57:46+02:00,2025-07-12T16:57:46+02:00,u4ffc173d8f6238b8,u4ffc173d8f6238b8@users.invalid,GitHub,noreply@github.com,1,0,1,2,0,0,0,0,,B,copilot,trailer;identity,,0,898,Potential fix for code scanning alert no. 20: Workflow does not contain permissions (#898),"Potential fix for code scanning alert no. 20: Workflow does not contain permissions (#898)

Co-authored-by: Copilot Autofix powered by AI <62310815+github-advanced-security[bot]@users.noreply.github.com>
Co-authored-by: u17307de1894bf722 <u17307de1894bf722@users.invalid>"
mlco2/codecarbon,005826dc6bb081a9e90ac16a9e384d51a8f163b2,2025-07,2,post,2025-07-12T17:05:02+02:00,2025-07-12T17:05:02+02:00,u4ffc173d8f6238b8,u4ffc173d8f6238b8@users.invalid,GitHub,noreply@github.com,1,0,1,2,0,0,0,0,,B,copilot,trailer;identity,,0,899,Potential fix for code scanning alert no. 19: Workflow does not contain permissions (#899),"Potential fix for code scanning alert no. 19: Workflow does not contain permissions (#899)

Co-authored-by: Copilot Autofix powered by AI <62310815+github-advanced-security[bot]@users.noreply.github.com>
Co-authored-by: u17307de1894bf722 <u17307de1894bf722@users.invalid>"
mlco2/codecarbon,984586e80d2835ae8f63e7d1f034bba671bdcdf6,2025-07,2,post,2025-07-12T17:11:39+02:00,2025-07-12T17:11:39+02:00,u4ffc173d8f6238b8,u4ffc173d8f6238b8@users.invalid,GitHub,noreply@github.com,1,0,1,2,0,0,0,0,,B,copilot,trailer;identity,,0,900,Potential fix for code scanning alert no. 17: Workflow does not contain permissions (#900),"Potential fix for code scanning alert no. 17: Workflow does not contain permissions (#900)

Co-authored-by: Copilot Autofix powered by AI <62310815+github-advanced-security[bot]@users.noreply.github.com>
Co-authored-by: u17307de1894bf722 <u17307de1894bf722@users.invalid>"
mlco2/codecarbon,2d785bcf1f7c7700152c3e4dea9275d9637673ff,2025-07,2,post,2025-07-12T17:31:34+02:00,2025-07-12T17:31:34+02:00,u09dcc1f39603dd20,u09dcc1f39603dd20@users.invalid,u09dcc1f39603dd20,u09dcc1f39603dd20@users.invalid,1,0,25,0,13385,12,0,2404,,,,,,0,,chores: delete old dashboard,chores: delete old dashboard
mlco2/codecarbon,66dfe9d8a5796e88e0acc848dfde68828d525f66,2025-07,2,post,2025-07-12T17:45:38+02:00,2025-07-12T17:45:38+02:00,u9dae085cd51385f2,u9dae085cd51385f2@users.invalid,GitHub,noreply@github.com,2,1,0,0,0,0,0,0,,,,,,0,901,Merge pull request #901 from mlco2/chores/delete-dashboard,"Merge pull request #901 from mlco2/chores/delete-dashboard

chores: delete old dashboard"
mlco2/codecarbon,450dbe323739bd558593860bb0cbc5e9fd56d769,2025-07,2,post,2025-07-12T17:50:00+02:00,2025-07-11T17:26:15Z,copilot-swe-agent[bot],198982749+Copilot@users.noreply.github.com,uae81257adf1d3460,uae81257adf1d3460@users.invalid,1,0,0,0,0,0,0,0,,B,copilot,identity,copilot-swe-agent,0,,Initial plan,Initial plan
mlco2/codecarbon,3dfd2075cb4bc980c7de8bd9ec4ea405ae58820c,2025-07,2,post,2025-07-12T17:51:43+02:00,2025-07-11T17:39:13Z,copilot-swe-agent[bot],198982749+Copilot@users.noreply.github.com,uae81257adf1d3460,uae81257adf1d3460@users.invalid,1,0,13,3196,283,3,5,5,,B,copilot,identity,copilot-swe-agent,0,,Remove Hatch completely and replace with setuptools + UV,"Remove Hatch completely and replace with setuptools + UV

Co-authored-by: u9dae085cd51385f2 <u9dae085cd51385f2@users.invalid>"
mlco2/codecarbon,25688ac51ef09d5a01522fa3a6e7362f7088c179,2025-07,2,post,2025-07-12T17:51:43+02:00,2025-07-11T17:40:28Z,copilot-swe-agent[bot],198982749+Copilot@users.noreply.github.com,uae81257adf1d3460,uae81257adf1d3460@users.invalid,1,0,2,4,3,0,0,0,,B,copilot,identity,copilot-swe-agent,0,,Update remaining hatch references in examples and conda recipe,"Update remaining hatch references in examples and conda recipe

Co-authored-by: u9dae085cd51385f2 <u9dae085cd51385f2@users.invalid>"
mlco2/codecarbon,a0b251415f812e9b1ccd68af32c66111cd62ad4e,2025-07,2,post,2025-07-12T17:51:43+02:00,2025-07-12T16:57:30+02:00,u9dae085cd51385f2,u9dae085cd51385f2@users.invalid,uae81257adf1d3460,uae81257adf1d3460@users.invalid,1,0,1,0,1,0,0,0,,,,,,0,,Update docs/edit/test_on_scaleway.rst,Update docs/edit/test_on_scaleway.rst
mlco2/codecarbon,974c5df661f5ad4c3e793b6cb0e8006b67277b28,2025-07,2,post,2025-07-12T17:51:43+02:00,2025-07-12T17:19:33+02:00,uae81257adf1d3460,uae81257adf1d3460@users.invalid,uae81257adf1d3460,uae81257adf1d3460@users.invalid,1,0,4,13,45,0,0,0,.github/copilot-instructions.md,,,,,0,,Doc cleaning,Doc cleaning
mlco2/codecarbon,aff55e5955506d02e42e46a0784303244be5eef2,2025-07,2,post,2025-07-12T17:51:43+02:00,2025-07-12T17:19:50+02:00,uae81257adf1d3460,uae81257adf1d3460@users.invalid,uae81257adf1d3460,uae81257adf1d3460@users.invalid,1,0,11,0,5240,0,0,0,,,,,,0,,Clean requirements.txt,Clean requirements.txt
mlco2/codecarbon,619d0416661276723feb4eb3256ba20dcba4350b,2025-07,2,post,2025-07-12T17:51:43+02:00,2025-07-12T17:20:02+02:00,uae81257adf1d3460,uae81257adf1d3460@users.invalid,uae81257adf1d3460,uae81257adf1d3460@users.invalid,1,0,1,1,1,0,0,0,,,,,,0,,deps upgrade,deps upgrade
mlco2/codecarbon,46df5e402808add4552e9ee0edd336c8b0254fc4,2025-07,2,post,2025-07-12T17:54:14+02:00,2025-07-12T17:54:14+02:00,u9dae085cd51385f2,u9dae085cd51385f2@users.invalid,GitHub,noreply@github.com,2,1,0,0,0,0,0,0,,B,copilot,branch,,0,892,Merge pull request #892 from mlco2/copilot/fix-887,"Merge pull request #892 from mlco2/copilot/fix-887

Remove Hatch completely and replace with UV + setuptools"
mlco2/codecarbon,62290372b98235a0448a4d3677ad084ffc1c2e4e,2025-07,2,post,2025-07-15T10:19:20+02:00,2025-07-15T10:19:20+02:00,u17307de1894bf722,u17307de1894bf722@users.invalid,GitHub,noreply@github.com,1,0,1,1,0,0,0,0,,,,,,0,907,Add openssf scorecard to README (#907),Add openssf scorecard to README (#907)
mlco2/codecarbon,2233365465f6691ce52c2352d876ec6f2c991c2a,2025-07,2,post,2025-07-15T11:02:20+02:00,2025-07-13T16:11:56+02:00,ud79fc260951ed870,ud79fc260951ed870@users.invalid,u9dae085cd51385f2,u9dae085cd51385f2@users.invalid,1,0,1,7,1,0,0,0,,,,,,0,,fix: add csv / json files to build,fix: add csv / json files to build
mlco2/codecarbon,b223c1477fc0010b9a6a68aa05e34b8b8ee81969,2025-07,2,post,2025-07-15T11:05:22+02:00,2025-07-13T18:57:16+02:00,uae81257adf1d3460,uae81257adf1d3460@users.invalid,u11d965fe4df279f7,u11d965fe4df279f7@users.invalid,1,0,3,203,7,0,0,0,,,,,,0,,wip : packaging,"wip : packaging

wip : packaging"
mlco2/codecarbon,0ac30df603bd7493a3306b17527d9892b6c662d8,2025-07,2,post,2025-07-15T11:05:25+02:00,2025-07-13T21:15:22+02:00,u09dcc1f39603dd20,u09dcc1f39603dd20@users.invalid,u11d965fe4df279f7,u11d965fe4df279f7@users.invalid,1,0,1,5,4,0,0,0,,,,,,0,,fix: uncomment needed line in pyproject,"fix: uncomment needed line in pyproject

Fix data file"
mlco2/codecarbon,a52b2b91826c83894a78351a2e13883ca8ef8d6c,2025-07,2,post,2025-07-15T11:05:29+02:00,2025-07-14T21:34:18+02:00,uae81257adf1d3460,uae81257adf1d3460@users.invalid,u11d965fe4df279f7,u11d965fe4df279f7@users.invalid,1,0,1,13,0,0,0,0,,,,,,0,,testing doc,testing doc
mlco2/codecarbon,a744e1a7c4293493c9cf0dfc33c15ea636f2f290,2025-07,2,post,2025-07-15T11:05:29+02:00,2025-07-14T21:35:09+02:00,uae81257adf1d3460,uae81257adf1d3460@users.invalid,u11d965fe4df279f7,u11d965fe4df279f7@users.invalid,1,0,1,6,8,0,0,0,,,,,,0,,Dockerfile for testing,Dockerfile for testing
mlco2/codecarbon,27c8ab2aa000759107ce02d890c78b6e5f1ef44a,2025-07,2,post,2025-07-15T11:05:29+02:00,2025-07-14T21:39:16+02:00,uae81257adf1d3460,uae81257adf1d3460@users.invalid,u11d965fe4df279f7,u11d965fe4df279f7@users.invalid,1,0,2,75,20,0,0,0,,,,,,0,,Update workflow,Update workflow
mlco2/codecarbon,98f4fba53dda8c9cdcf054bef09a2ca885fe7cb6,2025-07,2,post,2025-07-15T11:05:29+02:00,2025-07-14T21:40:03+02:00,uae81257adf1d3460,uae81257adf1d3460@users.invalid,u11d965fe4df279f7,u11d965fe4df279f7@users.invalid,1,0,3,3,3,1,1,1,,,,,,0,,bump 3.04,bump 3.04
mlco2/codecarbon,bbd69512a7a778a85ff8980e1a5a23f9b35eab8e,2025-07,2,post,2025-07-15T11:05:29+02:00,2025-07-14T21:40:23+02:00,uae81257adf1d3460,uae81257adf1d3460@users.invalid,u11d965fe4df279f7,u11d965fe4df279f7@users.invalid,1,0,25,212,225,0,0,0,,,,,,0,,rebuild docs,"rebuild docs

fux indent

fix indent

Remove matrix

Fix artifact version

fix venv

fix tests files

Add missing files

Change master pipeline"
mlco2/codecarbon,63958e4747be8717001f0ef52eb8ac8ca9111e77,2025-07,2,post,2025-07-15T11:05:33+02:00,2025-07-15T10:58:12+02:00,u11d965fe4df279f7,u11d965fe4df279f7@users.invalid,u11d965fe4df279f7,u11d965fe4df279f7@users.invalid,1,0,4,4,67,0,0,0,,,,,,0,,cleaning,"cleaning

cleaning"
mlco2/codecarbon,a30fe4d0f66f0db046bfb22007c9d5464e5be544,2025-07,2,post,2025-07-15T11:09:55+02:00,2025-07-15T11:09:55+02:00,u9dae085cd51385f2,u9dae085cd51385f2@users.invalid,GitHub,noreply@github.com,2,1,0,0,0,0,0,0,,,,,,0,903,Merge pull request #903 from mlco2/patch/add_cpu_power_csv_to_build,"Merge pull request #903 from mlco2/patch/add_cpu_power_csv_to_build

fix: add missing csv / json files to build"
mlco2/codecarbon,26aff300da87a52e10eb330c76b69a2842156fb3,2025-07,2,post,2025-07-15T13:56:30+02:00,2025-07-15T13:56:30+02:00,u17307de1894bf722,u17307de1894bf722@users.invalid,GitHub,noreply@github.com,1,0,1,1,1,0,0,0,,,,,,0,908,fix: tensorflow dependencies in examples (#908),fix: tensorflow dependencies in examples (#908)
mlco2/codecarbon,b1ebd33b771762a63df33f0924e7d79e83e58003,2025-07,2,post,2025-07-20T18:04:16+02:00,2025-07-20T18:04:16+02:00,u17307de1894bf722,u17307de1894bf722@users.invalid,GitHub,noreply@github.com,1,0,2,5179,6791,0,0,0,,,,,,0,909,fix(ui): update webapp dependencies (#909),fix(ui): update webapp dependencies (#909)
mlco2/codecarbon,bfb2fdb3023ae77eea977b507282ac2b49cfe141,2025-07,2,post,2025-07-29T12:50:53+02:00,2025-07-29T12:50:53+02:00,u17307de1894bf722,u17307de1894bf722@users.invalid,GitHub,noreply@github.com,1,0,1,1,0,0,0,0,,,,,,0,912,feat: add ARMv8 Processor rev 0 (v8l) (#912),feat: add ARMv8 Processor rev 0 (v8l) (#912)
mlco2/codecarbon,c2aceb4b4967e14faae69934ecabda59561dfdef,2025-08,3,post,2025-08-08T17:07:12-04:00,2025-08-08T17:07:12-04:00,uff41197c171293bd,uff41197c171293bd@users.invalid,uff41197c171293bd,uff41197c171293bd@users.invalid,1,0,4,194,3,1,1,1,,,,,,0,,added updated (2023) Canadian regional emissions data,added updated (2023) Canadian regional emissions data
mlco2/codecarbon,ee527fd27e003704352c47b36a2a2cbaf5a6d6d3,2025-08,3,post,2025-08-23T19:52:57+02:00,2025-08-23T19:52:57+02:00,u4ffc173d8f6238b8,u4ffc173d8f6238b8@users.invalid,GitHub,noreply@github.com,1,0,22,338,18,12,15,10,,,,,,0,916,Fix clever deployment (#916),"Fix clever deployment (#916)

* chore: change package management to uv for backend

* lint / fix tests"
mlco2/codecarbon,96393d61a28ab687e0fa8bea15097ae11671eb7f,2025-08,3,post,2025-08-23T17:54:15Z,2025-08-23T17:54:15Z,dependabot[bot],49699333+dependabot[bot]@users.noreply.github.com,GitHub,noreply@github.com,1,0,1,667,580,0,0,0,,,,,dependabot,0,,Bump brace-expansion,"Bump brace-expansion

Bumps the npm_and_yarn group with 1 update in the /webapp directory: [brace-expansion](https://github.com/juliangruber/brace-expansion).


Updates `brace-expansion` from 1.1.11 to 1.1.12
- [Release notes](https://github.com/juliangruber/brace-expansion/releases)
- [Commits](https://github.com/juliangruber/brace-expansion/compare/1.1.11...v1.1.12)

---
updated-dependencies:
- dependency-name: brace-expansion
  dependency-version: 1.1.12
  dependency-type: indirect
  dependency-group: npm_and_yarn
...

Signed-off-by: dependabot[bot] <support@github.com>"
mlco2/codecarbon,d1600c7ae7f4fe80247e3bc8eac894548c80f8c1,2025-08,3,post,2025-08-26T15:27:30+02:00,2025-08-26T15:27:30+02:00,u9dae085cd51385f2,u9dae085cd51385f2@users.invalid,GitHub,noreply@github.com,2,1,0,0,0,0,0,0,,,,,,0,917,Merge pull request #917 from mlco2/dependabot/npm_and_yarn/webapp/npm_and_yarn-6ea9762674,"Merge pull request #917 from mlco2/dependabot/npm_and_yarn/webapp/npm_and_yarn-6ea9762674

Bump brace-expansion from 1.1.11 to 1.1.12 in /webapp in the npm_and_yarn group across 1 directory"
mlco2/codecarbon,3807a36769a102fd47fa0f6b1013ebaa791412aa,2025-08,3,post,2025-08-26T11:21:10-04:00,2025-08-26T11:21:10-04:00,uff41197c171293bd,uff41197c171293bd@users.invalid,uff41197c171293bd,uff41197c171293bd@users.invalid,2,1,0,0,0,0,0,0,,,,,,0,,Merge remote-tracking branch 'upstream/master',Merge remote-tracking branch 'upstream/master'
mlco2/codecarbon,cb6abeb2adc915f63d7ac44928ba6e0c7be341dd,2025-08,3,post,2025-08-26T11:47:37-04:00,2025-08-26T11:47:37-04:00,uff41197c171293bd,uff41197c171293bd@users.invalid,uff41197c171293bd,uff41197c171293bd@users.invalid,1,0,1,3,20,0,0,0,,,,,,0,,updated linting. Removed uneccessary comments: formula is         ( coal kgc02 * proportion of coal in the energy mix +         petroleum kgc02 * proportion of petroleum in the energy mix +         naturalGas kgc02 * proportion of natural gas in the energy mix) / total energy mix,"updated linting. Removed uneccessary comments: formula is
        ( coal kgc02 * proportion of coal in the energy mix +
        petroleum kgc02 * proportion of petroleum in the energy mix +
        naturalGas kgc02 * proportion of natural gas in the energy mix) / total energy mix

        # not included are:
        fossil kgc02 * proportion of fossil in the energy mix +
        geothermal kgc02 * proportion of geothermal in the energy mix +
        hydroelectricity kgc02 * proportion of hydroelectricity in the energy mix +
        nuclear kgc02 * proportion of nuclear in the energy mix +
        solar kgc02 * proportion of solar in the energy mix +
        wind kgc02 * proportion of wind in the energy mix) / total energy mix * energy consumed"
mlco2/codecarbon,9c978c46dde4b73429421f8428eff44f6be90c03,2025-08,3,post,2025-08-27T11:26:34+02:00,2025-08-27T11:26:34+02:00,u9dae085cd51385f2,u9dae085cd51385f2@users.invalid,GitHub,noreply@github.com,2,1,0,0,0,0,0,0,,,,,,0,914,Merge pull request #914 from hd06ed3d649a75c1d/master,"Merge pull request #914 from hd06ed3d649a75c1d/master

Updated (2023) Canadian regional emissions data"
mlco2/codecarbon,3c1deee2bf4575a17be4b5ba9598a52e7fdd7694,2025-08,3,post,2025-08-30T06:40:10Z,2025-08-30T06:40:10Z,dependabot[bot],49699333+dependabot[bot]@users.noreply.github.com,GitHub,noreply@github.com,1,0,3,409,328,0,0,0,,,,,dependabot,0,,Bump next in /webapp in the npm_and_yarn group across 1 directory,"Bump next in /webapp in the npm_and_yarn group across 1 directory

Bumps the npm_and_yarn group with 1 update in the /webapp directory: [next](https://github.com/vercel/next.js).


Updates `next` from 15.2.4 to 15.4.7
- [Release notes](https://github.com/vercel/next.js/releases)
- [Changelog](https://github.com/vercel/next.js/blob/canary/release.js)
- [Commits](https://github.com/vercel/next.js/compare/v15.2.4...v15.4.7)

---
updated-dependencies:
- dependency-name: next
  dependency-version: 15.4.7
  dependency-type: direct:production
  dependency-group: npm_and_yarn
...

Signed-off-by: dependabot[bot] <support@github.com>"
mlco2/codecarbon,8b794a1e789b67b298226ccd8ecb9bd1db220160,2025-08,3,post,2025-08-30T13:25:38+02:00,2025-08-30T13:25:38+02:00,u9dae085cd51385f2,u9dae085cd51385f2@users.invalid,GitHub,noreply@github.com,2,1,0,0,0,0,0,0,,,,,,0,921,Merge pull request #921 from mlco2/dependabot/npm_and_yarn/webapp/npm_and_yarn-2cb8645c2b,"Merge pull request #921 from mlco2/dependabot/npm_and_yarn/webapp/npm_and_yarn-2cb8645c2b

Bump next from 15.2.4 to 15.4.7 in /webapp in the npm_and_yarn group across 1 directory"
mlco2/codecarbon,9650f77b54fb5a321be74b9ef157a7587f82fcb8,2025-09,4,post,2025-09-01T10:36:23+02:00,2025-08-25T22:24:38+01:00,u14be2bec7c133bb5,u14be2bec7c133bb5@users.invalid,u9dae085cd51385f2,u9dae085cd51385f2@users.invalid,1,0,5,100,58,3,56,38,,,,,,0,,Initial commit,Initial commit
mlco2/codecarbon,9a49286e9f977b5d57cdaeec57bf9d148441a0e2,2025-09,4,post,2025-09-01T10:36:23+02:00,2025-08-27T17:26:19+01:00,u14be2bec7c133bb5,u14be2bec7c133bb5@users.invalid,u9dae085cd51385f2,u9dae085cd51385f2@users.invalid,1,0,2,9,2,0,0,0,,,,,,0,,Fixing two tests that fail on Mac:,"Fixing two tests that fail on Mac:

1. tests/test_cpu_load.py - allow for `AppleSiliconChip` CPU type.
1. tests/test_unsupported_gpu.py - don't bother running this on Mac
   since NVML is not supported and the test becomes flaky becomes
   sometimes the AppleSiliconChip GPU power consumption is close
   enough to zero to pass, and sometimes it isn't."
mlco2/codecarbon,cbf929802c0f41e944d466d61a7ae4c4c3917cec,2025-09,4,post,2025-09-01T10:36:23+02:00,2025-08-27T17:47:24+01:00,u14be2bec7c133bb5,u14be2bec7c133bb5@users.invalid,u9dae085cd51385f2,u9dae085cd51385f2@users.invalid,1,0,5,58,100,3,38,56,,,,,,0,,Restoring files that we don't want for the test fix PR,Restoring files that we don't want for the test fix PR
mlco2/codecarbon,6220f31a4b6b221d312a39dc565493b3f63e4724,2025-09,4,post,2025-09-01T10:36:23+02:00,2025-08-27T18:00:20+01:00,u14be2bec7c133bb5,u14be2bec7c133bb5@users.invalid,u9dae085cd51385f2,u9dae085cd51385f2@users.invalid,1,0,1,1,1,0,0,0,,,,,,0,,Fix typo,Fix typo
mlco2/codecarbon,014e2390cf809c17d6c9ebb4f67d50f667c2ecb7,2025-09,4,post,2025-09-01T11:12:30+02:00,2025-09-01T11:12:30+02:00,u9dae085cd51385f2,u9dae085cd51385f2@users.invalid,GitHub,noreply@github.com,2,1,0,0,0,0,0,0,,,,,,0,920,Merge pull request #920 from h223673a7f4ee1c3e/test/fix-gpu-and-cpu-tests-for-mac,"Merge pull request #920 from h223673a7f4ee1c3e/test/fix-gpu-and-cpu-tests-for-mac

Fix two gpu and cpu tests for mac"
mlco2/codecarbon,de3df56b7603ddbfc68accaa21b6f9d0f721bdce,2025-09,4,post,2025-09-02T16:03:23+02:00,2025-09-02T16:03:23+02:00,u085b861680ba7df6,u085b861680ba7df6@users.invalid,GitHub,noreply@github.com,1,0,1,1,0,0,0,0,,,,,,0,922,Update cpu_power.csv (#922),Update cpu_power.csv (#922)
mlco2/codecarbon,2be9d111f8891a8051ce8eed8622352a54989876,2025-09,4,post,2025-09-06T15:48:36Z,2025-09-06T15:48:36Z,copilot-swe-agent[bot],198982749+Copilot@users.noreply.github.com,copilot-swe-agent[bot],198982749+Copilot@users.noreply.github.com,1,0,0,0,0,0,0,0,,B,copilot,identity,copilot-swe-agent,0,,Initial plan,Initial plan
mlco2/codecarbon,26ad1f3d7d889c71edfdfd6da0829431aecee1e5,2025-09,4,post,2025-09-06T16:00:59Z,2025-09-06T16:00:59Z,copilot-swe-agent[bot],198982749+Copilot@users.noreply.github.com,copilot-swe-agent[bot],198982749+Copilot@users.noreply.github.com,1,0,1,1,1,1,1,1,,B,copilot,identity,copilot-swe-agent,0,,Fix: Disable scheduler warning in task mode,"Fix: Disable scheduler warning in task mode

- Add condition to check if we're in task mode (self._active_task is not None)
- Skip scheduler warning when in task mode since scheduler is intentionally stopped
- Preserves warning functionality in normal mode when there are actual delays
- Tested with task mode examples and integration tests

Co-authored-by: u9dae085cd51385f2 <u9dae085cd51385f2@users.invalid>"
mlco2/codecarbon,eb655b2cd9cbe0a101108ff6f634f8e8ed34fa0b,2025-09,4,post,2025-09-06T16:19:54Z,2025-09-06T16:19:54Z,copilot-swe-agent[bot],198982749+Copilot@users.noreply.github.com,copilot-swe-agent[bot],198982749+Copilot@users.noreply.github.com,1,0,2,75,1,1,1,1,,B,copilot,identity,copilot-swe-agent,0,,Use scheduler state instead of task state for warning condition and add tests,"Use scheduler state instead of task state for warning condition and add tests

- Replace `self._active_task is None` with `not self._scheduler._stopped` in warning condition
- Add comprehensive tests to verify warning behavior when scheduler is stopped vs running
- Tests confirm warning is suppressed when scheduler is intentionally stopped (e.g., in task mode)
- Tests confirm warning still appears when scheduler should be running but is delayed

Co-authored-by: u9dae085cd51385f2 <u9dae085cd51385f2@users.invalid>"
mlco2/codecarbon,240651274bd5d8ac51485569b46eaa3a91560739,2025-09,4,post,2025-09-10T08:49:46+02:00,2025-09-10T08:49:46+02:00,u11d965fe4df279f7,u11d965fe4df279f7@users.invalid,u11d965fe4df279f7,u11d965fe4df279f7@users.invalid,1,0,1,29,15,0,0,0,,,,,,0,,lint,lint
mlco2/codecarbon,c4360782bc2caf4a5a17a182b7f032029d19531c,2025-09,4,post,2025-09-10T08:53:42+02:00,2025-09-10T08:53:42+02:00,u9dae085cd51385f2,u9dae085cd51385f2@users.invalid,GitHub,noreply@github.com,2,1,0,0,0,0,0,0,,B,copilot,branch,,0,926,Merge pull request #926 from mlco2/copilot/fix-925,"Merge pull request #926 from mlco2/copilot/fix-925

Fix: Disable scheduler warning when scheduler is stopped"
mlco2/codecarbon,ef08f3e1d3777e7d31af7082894e5cc161e319c2,2025-09,4,post,2025-09-14T17:48:21+02:00,2025-09-14T16:48:21+01:00,u14be2bec7c133bb5,u14be2bec7c133bb5@users.invalid,GitHub,noreply@github.com,1,0,7,114,60,3,58,38,,,,,,0,923,Add ability to speficy GPUs by UUID prefix (#923),"Add ability to speficy GPUs by UUID prefix (#923)

* Add the ability to pass UUID prefixes as a way of specifying what GPUs to track..

This is to address https://github.com/mlco2/codecarbon/issues/873
Prior to this change you could only pass an index into the number of GPUs on the system.
Now you can pass a UUID prefix, including the 'MIG-' prefix per
https://docs.nvidia.com/cuda/cuda-c-programming-guide/index.html#cuda-environment-variables
if desired.

Note that I have not been able to test this on real life repo. The reporter of
https://github.com/mlco2/codecarbon/issues/873 was not able to provide a repro.

* Update logging and documentation for GPU indentifier prefix matching.

* Update the rst parameters file for GPU prefix matching and generate the matching html file."
mlco2/codecarbon,68abba1987a96e53465791c96729556793db87d4,2025-09,4,post,2025-09-15T14:14:31+02:00,2025-09-15T14:14:31+02:00,u17307de1894bf722,u17307de1894bf722@users.invalid,GitHub,noreply@github.com,1,0,2,137,2,1,6,2,,,,,,0,930,fix: empty emissions file is allowed (#930),fix: empty emissions file is allowed (#930)
mlco2/codecarbon,65f6ea1d22c97dd9f7b80a906fe4e3f4e60310a0,2025-09,4,post,2025-09-20T19:14:28+02:00,2025-07-13T14:51:29Z,copilot-swe-agent[bot],198982749+Copilot@users.noreply.github.com,u11d965fe4df279f7,u11d965fe4df279f7@users.invalid,1,0,1,117,1,1,117,1,,B,copilot,identity,copilot-swe-agent,0,,Improve pyproject_versions.py with version coherence checking,"Improve pyproject_versions.py with version coherence checking

Co-authored-by: u9dae085cd51385f2 <u9dae085cd51385f2@users.invalid>"
mlco2/codecarbon,949348381c21f1a1db1b9ab0a152bd7aa581bb4f,2025-09,4,post,2025-09-20T19:23:44+02:00,2025-09-20T19:23:44+02:00,u11d965fe4df279f7,u11d965fe4df279f7@users.invalid,u11d965fe4df279f7,u11d965fe4df279f7@users.invalid,1,0,2,4,7,1,3,6,,,,,,0,,Add to CI,Add to CI
mlco2/codecarbon,887ed31b07b470b2b468d0fdc6c6e3477f53d546,2025-09,4,post,2025-09-20T19:34:12+02:00,2025-09-20T19:34:12+02:00,u11d965fe4df279f7,u11d965fe4df279f7@users.invalid,u11d965fe4df279f7,u11d965fe4df279f7@users.invalid,1,0,5,10,84,2,6,80,,,,,,0,,Remove check_version,Remove check_version
mlco2/codecarbon,fd83f6f04dfd3a65952d508f8be4c4c8a5015bc6,2025-09,4,post,2025-09-20T19:34:27+02:00,2025-09-20T19:34:27+02:00,u11d965fe4df279f7,u11d965fe4df279f7@users.invalid,u11d965fe4df279f7,u11d965fe4df279f7@users.invalid,1,0,3,3,3,1,1,1,,,,,,0,,bump,bump
mlco2/codecarbon,3126125e7e6fa1c5409bbc607172491db66be41c,2025-09,4,post,2025-09-20T19:34:54+02:00,2025-09-20T19:34:54+02:00,u11d965fe4df279f7,u11d965fe4df279f7@users.invalid,u11d965fe4df279f7,u11d965fe4df279f7@users.invalid,1,0,1,3838,3393,0,0,0,,,,,,0,,uv sync --upgrade,uv sync --upgrade
mlco2/codecarbon,4f7d489bd2aa75f9894bb5efc36c14feeb365bb3,2025-09,4,post,2025-09-20T19:35:29+02:00,2025-09-20T19:35:29+02:00,u11d965fe4df279f7,u11d965fe4df279f7@users.invalid,u11d965fe4df279f7,u11d965fe4df279f7@users.invalid,1,0,23,42,40,0,0,0,,,,,,0,,docs,docs
mlco2/codecarbon,afc707d8c021a50b57bebd3205d29a13dd7d860e,2025-09,4,post,2025-09-20T19:38:11+02:00,2025-09-20T19:38:11+02:00,u11d965fe4df279f7,u11d965fe4df279f7@users.invalid,u11d965fe4df279f7,u11d965fe4df279f7@users.invalid,1,0,1,1,1,0,0,0,,,,,,0,,typo,typo
mlco2/codecarbon,6546c74be8da855266badf2796aa7ed1b627e267,2025-09,4,post,2025-09-20T19:45:06+02:00,2025-09-20T19:45:06+02:00,u9dae085cd51385f2,u9dae085cd51385f2@users.invalid,GitHub,noreply@github.com,2,1,0,0,0,0,0,0,,B,copilot,branch,,0,905,Merge pull request #905 from mlco2/copilot/fix-904,"Merge pull request #905 from mlco2/copilot/fix-904

Improve pyproject_versions.py with version coherence checking"
mlco2/codecarbon,bcfa2d0ba89c802e6088b8c214c638a112428d1a,2025-09,4,post,2025-09-21T23:42:39+01:00,2025-09-17T10:05:32+01:00,u14be2bec7c133bb5,u14be2bec7c133bb5@users.invalid,u14be2bec7c133bb5,u14be2bec7c133bb5@users.invalid,1,0,23,146,137,0,0,0,,,,,,0,,Fix some typos and sphinx warnings.,"Fix some typos and sphinx warnings.

A few small typos, sphinx warnings about too-short underlines, duplicate anchors and incorrent sublist indentation."
mlco2/codecarbon,a75b8db99da2010523f6583fa69e4a85a48a8925,2025-09,4,post,2025-09-21T23:42:44+01:00,2025-09-17T10:31:32+01:00,u14be2bec7c133bb5,u14be2bec7c133bb5@users.invalid,u14be2bec7c133bb5,u14be2bec7c133bb5@users.invalid,1,0,3,16,11,0,0,0,,,,,,0,,Add missing blank lines to fix lists,Add missing blank lines to fix lists
mlco2/codecarbon,8d7acf47fd25bdb94bf11d3ff61268c94e9b3ba9,2025-09,4,post,2025-09-24T12:33:27+02:00,2025-09-24T12:33:27+02:00,u9dae085cd51385f2,u9dae085cd51385f2@users.invalid,GitHub,noreply@github.com,2,1,0,0,0,0,0,0,,,,,,0,932,Merge pull request #932 from h223673a7f4ee1c3e/docs/typo-fixes,"Merge pull request #932 from h223673a7f4ee1c3e/docs/typo-fixes

Fix some typos and sphinx warnings in documentation."
mlco2/codecarbon,987997c4bf691282837416b61cf5ef6bf47b63a7,2025-09,4,post,2025-09-24T19:23:23+02:00,2025-09-24T19:23:23+02:00,Copilot,198982749+Copilot@users.noreply.github.com,GitHub,noreply@github.com,1,0,1,13,2,0,0,0,,B,copilot,trailer;identity,,0,934,Fix: Add missing uv installation to deploy workflow (#934),"Fix: Add missing uv installation to deploy workflow (#934)

* Initial plan

* Fix: Add missing uv installation to deploy workflow

Co-authored-by: u9dae085cd51385f2 <u9dae085cd51385f2@users.invalid>

* fix: fix env var values for deploy and remove manual trigger

---------

Co-authored-by: copilot-swe-agent[bot] <198982749+Copilot@users.noreply.github.com>
Co-authored-by: u9dae085cd51385f2 <u9dae085cd51385f2@users.invalid>
Co-authored-by: u17307de1894bf722 <u17307de1894bf722@users.invalid>
Co-authored-by: ud79fc260951ed870 <ud79fc260951ed870@users.invalid>"
mlco2/codecarbon,e775b49fc0237969f3a78f063fb4ea7a008df1a2,2025-09,4,post,2025-09-24T21:19:39+02:00,2025-09-24T21:19:39+02:00,u17307de1894bf722,u17307de1894bf722@users.invalid,GitHub,noreply@github.com,1,0,1,2,1,0,0,0,,,,,,0,931,fix: redirect to Fief profile page (#931),fix: redirect to Fief profile page (#931)
mlco2/codecarbon,0c33c7cefa805fe652f4ccdf25f3db01ad11f506,2025-10,5,post,2025-10-05T09:28:01+02:00,2025-10-05T09:28:01+02:00,Copilot,198982749+Copilot@users.noreply.github.com,GitHub,noreply@github.com,1,0,30,482,433,1,1,1,,B,copilot,trailer;identity,,0,942,Replace deprecated pynvml with nvidia-ml-py package (#942),"Replace deprecated pynvml with nvidia-ml-py package (#942)

* Initial plan

* Replace deprecated pynvml with nvidia-ml-py package

- Updated pyproject.toml to replace pynvml with nvidia-ml-py
- Updated documentation to reflect the new package name
- All tests pass without deprecation warnings
- nvidia-ml-py provides the same pynvml module for backward compatibility

Co-authored-by: u9dae085cd51385f2 <u9dae085cd51385f2@users.invalid>

* deps upgrade

* bump

* rebuild docs

---------

Co-authored-by: copilot-swe-agent[bot] <198982749+Copilot@users.noreply.github.com>
Co-authored-by: u9dae085cd51385f2 <u9dae085cd51385f2@users.invalid>
Co-authored-by: u11d965fe4df279f7 <u11d965fe4df279f7@users.invalid>"
mlco2/codecarbon,732106a32943f2bcd7f7db831e14c70e499c47d6,2025-10,5,post,2025-10-06T08:30:57+02:00,2025-10-06T08:30:57+02:00,u17307de1894bf722,u17307de1894bf722@users.invalid,GitHub,noreply@github.com,1,0,1,1,1,0,0,0,,,,,,0,939,fix: pip install require-hashes in dockerfile (#939),fix: pip install require-hashes in dockerfile (#939)
mlco2/codecarbon,733bb5c334af6368529edb8ee95613577ca5579e,2025-10,5,post,2025-10-06T08:32:37+02:00,2025-10-06T08:32:37+02:00,u17307de1894bf722,u17307de1894bf722@users.invalid,GitHub,noreply@github.com,1,0,1,13,5,0,0,0,,,,,,0,938,fix: update eslint to a safer version (#938),fix: update eslint to a safer version (#938)
mlco2/codecarbon,a2c4bc5f139cfb46e12a4840ec9e327504d82467,2025-10,5,post,2025-10-06T08:36:50+02:00,2025-10-06T08:36:50+02:00,u17307de1894bf722,u17307de1894bf722@users.invalid,GitHub,noreply@github.com,1,0,1,1,1,1,1,1,,,,,,0,940,fix: secure cookie in redirection (#940),fix: secure cookie in redirection (#940)
mlco2/codecarbon,b6d5d23faeeaba65119668e3d7d51ec872f0ac55,2025-10,5,post,2025-10-08T19:31:44+02:00,2025-10-08T19:31:44+02:00,u11d965fe4df279f7,u11d965fe4df279f7@users.invalid,u11d965fe4df279f7,u11d965fe4df279f7@users.invalid,1,0,4,62,59,0,0,0,,,,,,0,,Test Python 3.14,Test Python 3.14
mlco2/codecarbon,e5107f402eecec1c1190a8a121b6a6e9ade84298,2025-10,5,post,2025-10-08T21:23:08+02:00,2025-10-08T21:23:08+02:00,u11d965fe4df279f7,u11d965fe4df279f7@users.invalid,u11d965fe4df279f7,u11d965fe4df279f7@users.invalid,1,0,21,39,39,0,0,0,,,,,,0,,rebuild doc,rebuild doc
mlco2/codecarbon,495193bca092a5397eafe385eee3592ebc05bea1,2025-10,5,post,2025-10-08T21:23:24+02:00,2025-10-08T21:23:24+02:00,u11d965fe4df279f7,u11d965fe4df279f7@users.invalid,u11d965fe4df279f7,u11d965fe4df279f7@users.invalid,1,0,2,2,2,1,1,1,,,,,,0,,bump,bump
mlco2/codecarbon,7d00dbcb97616358909a010951e32121f57a25bc,2025-10,5,post,2025-10-08T21:56:22+02:00,2025-10-08T21:56:22+02:00,u11d965fe4df279f7,u11d965fe4df279f7@users.invalid,u11d965fe4df279f7,u11d965fe4df279f7@users.invalid,1,0,1,1,1,0,0,0,,,,,,0,,Remove 3.9 from CI,Remove 3.9 from CI
mlco2/codecarbon,e314ba6de872bf028468e7ac9c984a8f488b71d7,2025-10,5,post,2025-10-08T22:08:35+02:00,2025-10-08T22:08:35+02:00,u11d965fe4df279f7,u11d965fe4df279f7@users.invalid,u11d965fe4df279f7,u11d965fe4df279f7@users.invalid,1,0,2,234,108,0,0,0,,,,,,0,,Pandas 2.3.3,Pandas 2.3.3
mlco2/codecarbon,bcf998c16e05fc895ed0b8832cbd6eb0fb997824,2025-10,5,post,2025-10-08T22:32:28+02:00,2025-10-08T22:32:28+02:00,u9dae085cd51385f2,u9dae085cd51385f2@users.invalid,GitHub,noreply@github.com,2,1,0,0,0,0,0,0,,,,,,0,948,Merge pull request #948 from mlco2/feat/python-3.14,"Merge pull request #948 from mlco2/feat/python-3.14

Support Python 3.14"
mlco2/codecarbon,bbbdf04bf73cf47869cbc575dd6b7deda5ed6ab4,2025-10,5,post,2025-10-14T12:07:29+02:00,2025-10-14T12:07:29+02:00,u4ffc173d8f6238b8,u4ffc173d8f6238b8@users.invalid,GitHub,noreply@github.com,1,0,21,1052,148,2,128,8,,,,,,0,945,feat(back): add cascade deletion of projects (#945),"feat(back): add cascade deletion of projects (#945)

feat(front): add modal to call deletion endpoints for projects"
mlco2/codecarbon,0fd0e610b702574b256c8aa6b2a24eff832fe912,2025-10,5,post,2025-10-19T21:20:31+02:00,2025-10-19T20:20:31+01:00,u14be2bec7c133bb5,u14be2bec7c133bb5@users.invalid,GitHub,noreply@github.com,1,0,14,145,37,4,40,4,,,,,,0,941,Feature/add water usage (#941),"Feature/add water usage (#941)

* Add support for setting WUE (water usage effectiveness) via a flag and calculating water usage.

This adds a --wue flag for a L/kWh WUE value.
I also fix some tests that for some reason started failing on Mac. Unclear why they are failing
now.

* Create documentation and an example script for WUE.

Also remove an unecessary asserts in unit.py that was breaking the pue.py example script. It's uncessary because we only need to assert one number in a product is a float to get a float result.

* Check scheduler exists before checking if it has stopped - a cause of test flakiness"
mlco2/codecarbon,da473394d032dff73ec26003db4dcc85f0043d66,2025-10,5,post,2025-10-21T19:16:38+02:00,2025-10-21T19:16:38+02:00,u4ffc173d8f6238b8,u4ffc173d8f6238b8@users.invalid,GitHub,noreply@github.com,1,0,6,159,0,4,43,0,,,,,,0,952,chore(back): add wue value to saved emissions data in db (#952),"chore(back): add wue value to saved emissions data in db (#952)

* chore(back): add wue value to saved emissions data in db"
mlco2/codecarbon,8297adf33af39681b75dad01f03e819754344969,2025-10,5,post,2025-10-24T10:13:34+02:00,2025-10-13T21:12:24+02:00,u11d965fe4df279f7,u11d965fe4df279f7@users.invalid,u9dae085cd51385f2,u9dae085cd51385f2@users.invalid,1,0,1,1,0,0,0,0,,,,,,0,,enforces who can approve changes,enforces who can approve changes
mlco2/codecarbon,a41c49b71ab0e6bb74e612c14cd0a62d60303254,2025-10,5,post,2025-10-24T10:19:14+02:00,2025-10-24T10:19:14+02:00,u9dae085cd51385f2,u9dae085cd51385f2@users.invalid,GitHub,noreply@github.com,2,1,0,0,0,0,0,0,,,,,,0,951,Merge pull request #951 from mlco2/feat/security/limit-merge,"Merge pull request #951 from mlco2/feat/security/limit-merge

Enforces who can approve changes"
mlco2/codecarbon,3d5db3b941d3c2ee9fd35320ae29a29d7c32c563,2025-10,5,post,2025-10-29T19:19:52+01:00,2025-10-29T19:19:52+01:00,u9dae085cd51385f2,u9dae085cd51385f2@users.invalid,GitHub,noreply@github.com,1,0,26,930,641,1,1,1,,,,,,0,955,Release/3.0.8 (#955),"Release/3.0.8 (#955)

* bump

* bump deps

* build doc

---------

Co-authored-by: u11d965fe4df279f7 <u11d965fe4df279f7@users.invalid>"
mlco2/codecarbon,146cd32cf196db25e2b05cb096462ff60abf6f78,2025-10,5,post,2025-10-31T14:57:42+01:00,2025-10-31T14:57:42+01:00,u9dae085cd51385f2,u9dae085cd51385f2@users.invalid,GitHub,noreply@github.com,1,0,1,9,2,0,0,0,,,,,,0,,Add websites links,Add websites links
mlco2/codecarbon,e136186ed996affbafc3a470bbd2f8c117d30a0c,2025-10,5,post,2025-10-31T19:45:42+01:00,2025-10-31T19:45:42+01:00,u9dae085cd51385f2,u9dae085cd51385f2@users.invalid,GitHub,noreply@github.com,2,1,0,0,0,0,0,0,,,,,,0,956,Merge pull request #956 from mlco2/feat/websites,"Merge pull request #956 from mlco2/feat/websites

Add websites links"
mlco2/codecarbon,b2060c570edfc5c25e700e0838c0d4edd8a15dbc,2025-11,6,post,2025-11-01T15:13:03+01:00,2025-10-28T22:39:26Z,dependabot[bot],49699333+dependabot[bot]@users.noreply.github.com,u9dae085cd51385f2,u9dae085cd51385f2@users.invalid,1,0,1,1,1,0,0,0,,,,,dependabot,0,,Bump starlette in /requirements in the pip group across 1 directory,"Bump starlette in /requirements in the pip group across 1 directory

Bumps the pip group with 1 update in the /requirements directory: [starlette](https://github.com/Kludex/starlette).


Updates `starlette` from 0.47.2 to 0.49.1
- [Release notes](https://github.com/Kludex/starlette/releases)
- [Changelog](https://github.com/Kludex/starlette/blob/main/docs/release-notes.md)
- [Commits](https://github.com/Kludex/starlette/compare/0.47.2...0.49.1)

---
updated-dependencies:
- dependency-name: starlette
  dependency-version: 0.49.1
  dependency-type: direct:production
  dependency-group: pip
...

Signed-off-by: dependabot[bot] <support@github.com>"
mlco2/codecarbon,8b801c8da21ce39d03392f81fdd8a6ad70b15f07,2025-11,6,post,2025-11-01T15:24:28+01:00,2025-11-01T15:24:28+01:00,u9dae085cd51385f2,u9dae085cd51385f2@users.invalid,GitHub,noreply@github.com,2,1,0,0,0,0,0,0,,,,,,0,954,Merge pull request #954 from mlco2/dependabot/pip/requirements/pip-91ab757ed1,"Merge pull request #954 from mlco2/dependabot/pip/requirements/pip-91ab757ed1

Bump starlette from 0.47.2 to 0.49.1 in /requirements in the pip group across 1 directory"
mlco2/codecarbon,e7ec872cdfdb9ed7b34d75b302c91a43d452493c,2025-11,6,post,2025-11-04T09:02:05+01:00,2025-11-04T09:02:05+01:00,u9dae085cd51385f2,u9dae085cd51385f2@users.invalid,GitHub,noreply@github.com,1,0,1,3,0,0,0,0,,,,,,0,958,Add carbonboard assets to build (#958),"Add carbonboard assets to build (#958)

adding 'codecarbon/viz/assets/car_icon.png'
adding 'codecarbon/viz/assets/house_icon.png'
adding 'codecarbon/viz/assets/tv_icon.png'

Co-authored-by: u11d965fe4df279f7 <u11d965fe4df279f7@users.invalid>"
mlco2/codecarbon,5718b3c2379fc17b4c677e5a9a125de87fb61218,2025-11,6,post,2025-11-04T09:45:12+01:00,2025-11-04T09:45:12+01:00,u4ffc173d8f6238b8,u4ffc173d8f6238b8@users.invalid,GitHub,noreply@github.com,1,0,4,70,55,0,0,0,,,,,,0,959,chore(back): remove constraint on fastapi-pagination to be able to get latest fastapi version (#959),chore(back): remove constraint on fastapi-pagination to be able to get latest fastapi version (#959)
mlco2/codecarbon,7573dea005bef750ebc4ef3667237d57deed5577,2025-11,6,post,2025-11-15T12:38:03+01:00,2025-11-15T11:38:03Z,u14be2bec7c133bb5,u14be2bec7c133bb5@users.invalid,GitHub,noreply@github.com,1,0,2,166,31,1,19,31,,,,,,0,964,"Specify all labels, including empty ones, when sending data to prometheus. (#964)","Specify all labels, including empty ones, when sending data to prometheus. (#964)"
mlco2/codecarbon,529dbf501cffbf6ca9ba2a1427be1c0135a690fd,2025-11,6,post,2025-11-15T16:54:51+01:00,2025-11-15T16:54:51+01:00,u11d965fe4df279f7,u11d965fe4df279f7@users.invalid,u11d965fe4df279f7,u11d965fe4df279f7@users.invalid,1,0,3,3,3,1,1,1,,,,,,0,,bump,bump
mlco2/codecarbon,6b694756dab79e7365c54d0e6c4c7c574b4b4177,2025-11,6,post,2025-11-15T16:55:09+01:00,2025-11-15T16:55:09+01:00,u11d965fe4df279f7,u11d965fe4df279f7@users.invalid,u11d965fe4df279f7,u11d965fe4df279f7@users.invalid,1,0,1,339,228,0,0,0,,,,,,0,,bump deps,bump deps
mlco2/codecarbon,05a3cdc38995a60661d8b1ac80a6cf85a0d9955e,2025-11,6,post,2025-11-15T16:55:33+01:00,2025-11-15T16:55:33+01:00,u11d965fe4df279f7,u11d965fe4df279f7@users.invalid,u11d965fe4df279f7,u11d965fe4df279f7@users.invalid,1,0,20,38,38,0,0,0,,,,,,0,,build docs,build docs
mlco2/codecarbon,329d2a333512343161bf7b701b671ba7212998a7,2025-11,6,post,2025-11-15T18:24:35+01:00,2025-11-15T18:24:35+01:00,u9dae085cd51385f2,u9dae085cd51385f2@users.invalid,GitHub,noreply@github.com,2,1,0,0,0,0,0,0,,,,,,0,967,Merge pull request #967 from mlco2/release/3.0.9,"Merge pull request #967 from mlco2/release/3.0.9

Release 3.0.9"
mlco2/codecarbon,420ecf4baad84a8c363c80dd9ff62381d41faeaa,2025-11,6,post,2025-11-15T18:28:17+01:00,2025-11-15T10:56:37Z,dependabot[bot],49699333+dependabot[bot]@users.noreply.github.com,u9dae085cd51385f2,u9dae085cd51385f2@users.invalid,1,0,2,37,20,0,0,0,,,,,dependabot,0,,Bump js-yaml in /webapp in the npm_and_yarn group across 1 directory,"Bump js-yaml in /webapp in the npm_and_yarn group across 1 directory

Bumps the npm_and_yarn group with 1 update in the /webapp directory: [js-yaml](https://github.com/nodeca/js-yaml).


Updates `js-yaml` from 4.1.0 to 4.1.1
- [Changelog](https://github.com/nodeca/js-yaml/blob/master/CHANGELOG.md)
- [Commits](https://github.com/nodeca/js-yaml/compare/4.1.0...4.1.1)

---
updated-dependencies:
- dependency-name: js-yaml
  dependency-version: 4.1.1
  dependency-type: indirect
  dependency-group: npm_and_yarn
...

Signed-off-by: dependabot[bot] <support@github.com>"
mlco2/codecarbon,bf5ddd1a98d851ee58194da5e006fcdfa425436e,2025-11,6,post,2025-11-15T18:34:44+01:00,2025-11-15T18:34:44+01:00,u9dae085cd51385f2,u9dae085cd51385f2@users.invalid,GitHub,noreply@github.com,2,1,0,0,0,0,0,0,,,,,,0,966,Merge pull request #966 from mlco2/dependabot/npm_and_yarn/webapp/npm_and_yarn-3c67cbb9cd,"Merge pull request #966 from mlco2/dependabot/npm_and_yarn/webapp/npm_and_yarn-3c67cbb9cd

Bump js-yaml from 4.1.0 to 4.1.1 in /webapp in the npm_and_yarn group across 1 directory"
mlco2/codecarbon,eb4f124ded75f43b7d49df4e5887c2983bed2461,2025-11,6,post,2025-11-15T18:34:58+01:00,2025-10-12T09:44:55+02:00,u11d965fe4df279f7,u11d965fe4df279f7@users.invalid,u9dae085cd51385f2,u9dae085cd51385f2@users.invalid,1,0,2,205,32,2,205,32,,,,,,0,,Better RAPL,Better RAPL
mlco2/codecarbon,8a8f2f016a193e0556e5efe36be5707cef8c88e6,2025-11,6,post,2025-11-15T18:34:58+01:00,2025-10-12T09:45:47+02:00,u11d965fe4df279f7,u11d965fe4df279f7@users.invalid,u9dae085cd51385f2,u9dae085cd51385f2@users.invalid,1,0,1,82,0,0,0,0,,,,,,0,,unit tests,unit tests
mlco2/codecarbon,e0265565815b31243107d4fc3067ed347299be2f,2025-11,6,post,2025-11-15T18:34:58+01:00,2025-10-12T16:29:13+02:00,u11d965fe4df279f7,u11d965fe4df279f7@users.invalid,u9dae085cd51385f2,u9dae085cd51385f2@users.invalid,1,0,4,330,77,1,169,60,,,,,,0,,Fix test,Fix test
mlco2/codecarbon,fee6a0f9f7fc4669aec09a3a01205129d9a2bf3c,2025-11,6,post,2025-11-15T18:34:58+01:00,2025-10-12T16:34:27+02:00,u11d965fe4df279f7,u11d965fe4df279f7@users.invalid,u9dae085cd51385f2,u9dae085cd51385f2@users.invalid,1,0,2,34,7,0,0,0,,,,,,0,,Fix test,Fix test
mlco2/codecarbon,ddae8dbab93d3cc7486dc151eb3000ea9a210fd6,2025-11,6,post,2025-11-15T18:34:58+01:00,2025-10-26T15:39:34+01:00,u585ec54554c4b434,u585ec54554c4b434@users.invalid,u9dae085cd51385f2,u9dae085cd51385f2@users.invalid,1,0,4,350,40,1,126,27,,,,,,0,,Better RAPL handling,Better RAPL handling
mlco2/codecarbon,e9f3afe68f61097b83ac14dc3437f572174783e5,2025-11,6,post,2025-11-15T18:34:58+01:00,2025-11-01T10:42:18+01:00,u11d965fe4df279f7,u11d965fe4df279f7@users.invalid,u9dae085cd51385f2,u9dae085cd51385f2@users.invalid,1,0,1,5,1,0,0,0,,,,,,0,,doc,doc
mlco2/codecarbon,feae7eeceaa5638262706a285f9d863e0b63815e,2025-11,6,post,2025-11-15T18:34:58+01:00,2025-11-01T10:42:47+01:00,u11d965fe4df279f7,u11d965fe4df279f7@users.invalid,u9dae085cd51385f2,u9dae085cd51385f2@users.invalid,1,0,1,22,8,1,22,8,,,,,,0,,Warn user if RAPL file not readable,Warn user if RAPL file not readable
mlco2/codecarbon,752699c4e16607ccd77c66d482e9f7941fb5bd82,2025-11,6,post,2025-11-15T18:34:58+01:00,2025-11-01T10:43:11+01:00,u11d965fe4df279f7,u11d965fe4df279f7@users.invalid,u9dae085cd51385f2,u9dae085cd51385f2@users.invalid,1,0,1,1,1,1,1,1,,,,,,0,,Better message,Better message
mlco2/codecarbon,407cc6e2712d0430b0e8256c2f891a4d5030ed92,2025-11,6,post,2025-11-15T18:34:58+01:00,2025-11-01T10:43:57+01:00,u11d965fe4df279f7,u11d965fe4df279f7@users.invalid,u9dae085cd51385f2,u9dae085cd51385f2@users.invalid,1,0,1,0,4,1,0,4,,,,,,0,,Supress divide for Threadripper,Supress divide for Threadripper
mlco2/codecarbon,cc05fb5010c96e9deeb2a6122c229aa00dace2cf,2025-11,6,post,2025-11-15T18:34:58+01:00,2025-11-01T11:03:57+01:00,u11d965fe4df279f7,u11d965fe4df279f7@users.invalid,u9dae085cd51385f2,u9dae085cd51385f2@users.invalid,1,0,1,23,13,1,23,13,,,,,,0,,Reduce warnings,Reduce warnings
mlco2/codecarbon,c1cfb77bddd5ae94926a621bb1671bf41d07d4de,2025-11,6,post,2025-11-15T18:34:58+01:00,2025-11-01T12:23:53+01:00,u9dae085cd51385f2,u9dae085cd51385f2@users.invalid,u9dae085cd51385f2,u9dae085cd51385f2@users.invalid,1,0,1,1,1,0,0,0,,,,,,0,,contrib doc,contrib doc
mlco2/codecarbon,bf0dfbb9c0d337debcbccd5ec5a36d4be06ddb97,2025-11,6,post,2025-11-15T18:34:58+01:00,2025-11-01T12:26:18+01:00,u9dae085cd51385f2,u9dae085cd51385f2@users.invalid,u9dae085cd51385f2,u9dae085cd51385f2@users.invalid,1,0,1,138,78,1,138,78,,,,,,0,,Change RAPL read,Change RAPL read
mlco2/codecarbon,73a7dfddaaf4cdbda4c3a0d752980845724b1438,2025-11,6,post,2025-11-15T18:34:58+01:00,2025-11-01T14:16:37+01:00,u9dae085cd51385f2,u9dae085cd51385f2@users.invalid,u9dae085cd51385f2,u9dae085cd51385f2@users.invalid,1,0,7,770,0,0,0,0,,,,,,0,,RAPL debug script,RAPL debug script
mlco2/codecarbon,ad7d5dbe3c3ce318597e421e3fede17b9af117c3,2025-11,6,post,2025-11-15T18:34:58+01:00,2025-11-01T14:49:04+01:00,u11d965fe4df279f7,u11d965fe4df279f7@users.invalid,u9dae085cd51385f2,u9dae085cd51385f2@users.invalid,1,0,2,6,4,1,1,1,,,,,,0,,Fix test_intel_rapl and test_carbon_tracker_offline_constant_force_cpu_power,Fix test_intel_rapl and test_carbon_tracker_offline_constant_force_cpu_power
mlco2/codecarbon,971e7c0f28317b7d56285dfbf6dedfb54bd5d27c,2025-11,6,post,2025-11-15T18:34:58+01:00,2025-11-01T15:04:23+01:00,u11d965fe4df279f7,u11d965fe4df279f7@users.invalid,u9dae085cd51385f2,u9dae085cd51385f2@users.invalid,1,0,1,9,2,0,0,0,,,,,,0,,fix test_carbon_tracker_offline_load_force_cpu_power,fix test_carbon_tracker_offline_load_force_cpu_power
mlco2/codecarbon,e893d46ef91081a3a783a5e94877145d4f78915a,2025-11,6,post,2025-11-15T18:34:58+01:00,2025-11-01T15:15:21+01:00,u11d965fe4df279f7,u11d965fe4df279f7@users.invalid,u9dae085cd51385f2,u9dae085cd51385f2@users.invalid,1,0,1,31,4,1,31,4,,,,,,0,,Fix test_carbon_tracker_offline_region_error,Fix test_carbon_tracker_offline_region_error
mlco2/codecarbon,d9696e3a7f5a1a6e6f30608c5200dbb76bdb05ab,2025-11,6,post,2025-11-15T18:34:58+01:00,2025-11-01T15:16:48+01:00,u11d965fe4df279f7,u11d965fe4df279f7@users.invalid,u9dae085cd51385f2,u9dae085cd51385f2@users.invalid,1,0,1,2,2,0,0,0,,,,,,0,,Fix test_carbon_tracker_offline_load_force_cpu_power,Fix test_carbon_tracker_offline_load_force_cpu_power
mlco2/codecarbon,81c37f93c7de4c2bfd4069fd1ceabd50942703ad,2025-11,6,post,2025-11-15T18:34:58+01:00,2025-11-01T15:22:43+01:00,u11d965fe4df279f7,u11d965fe4df279f7@users.invalid,u9dae085cd51385f2,u9dae085cd51385f2@users.invalid,1,0,1,21,18,0,0,0,,,,,,0,,fix tests/test_rapl_mmio_scanning.py,fix tests/test_rapl_mmio_scanning.py
mlco2/codecarbon,d38b86c676ceefcf29bf214016acb8ac4860a9bb,2025-11,6,post,2025-11-15T18:34:58+01:00,2025-11-01T15:32:10+01:00,u11d965fe4df279f7,u11d965fe4df279f7@users.invalid,u9dae085cd51385f2,u9dae085cd51385f2@users.invalid,1,0,1,6,2,1,6,2,,,,,,0,,Fix TestCarbonTrackerFlush,Fix TestCarbonTrackerFlush
mlco2/codecarbon,b24b83de7a77263ad8d0261a556f63244876891f,2025-11,6,post,2025-11-15T18:34:58+01:00,2025-11-01T15:43:13+01:00,u11d965fe4df279f7,u11d965fe4df279f7@users.invalid,u9dae085cd51385f2,u9dae085cd51385f2@users.invalid,1,0,1,17,10,1,17,10,,,,,,0,,Fix test_intel_rapl after CI fail,Fix test_intel_rapl after CI fail
mlco2/codecarbon,17050a55eb5db15110e9cfebcab74e56ea5107af,2025-11,6,post,2025-11-15T18:34:58+01:00,2025-11-02T12:41:47+01:00,u585ec54554c4b434,u585ec54554c4b434@users.invalid,u9dae085cd51385f2,u9dae085cd51385f2@users.invalid,1,0,1,8,16,0,0,0,,,,,,0,,Clean full_cpu example,Clean full_cpu example
mlco2/codecarbon,2dc6638cee9f859d022a3dd2d69a1fcfa437f96e,2025-11,6,post,2025-11-15T18:34:58+01:00,2025-11-02T12:56:11+01:00,u585ec54554c4b434,u585ec54554c4b434@users.invalid,u9dae085cd51385f2,u9dae085cd51385f2@users.invalid,1,0,1,1,0,0,0,0,,,,,,0,,Add 265H CPU,Add 265H CPU
mlco2/codecarbon,fd7dcabb1e2583f67f9151caadf6edaa371b5fcf,2025-11,6,post,2025-11-15T18:34:58+01:00,2025-11-02T12:56:24+01:00,u585ec54554c4b434,u585ec54554c4b434@users.invalid,u9dae085cd51385f2,u9dae085cd51385f2@users.invalid,1,0,1,24,2,0,0,0,,,,,,0,,265H tests,265H tests
mlco2/codecarbon,2157529bdd40b392c04d41935bf5d1cc5e14c9b7,2025-11,6,post,2025-11-15T18:34:58+01:00,2025-11-02T14:56:20+01:00,u9dae085cd51385f2,u9dae085cd51385f2@users.invalid,u9dae085cd51385f2,u9dae085cd51385f2@users.invalid,1,0,1,36,0,0,0,0,,,,,,0,,Test on i7-7600U,Test on i7-7600U
mlco2/codecarbon,dec619eeb5355839416326987ea04291a782397b,2025-11,6,post,2025-11-15T18:34:58+01:00,2025-11-02T15:00:46+01:00,u9dae085cd51385f2,u9dae085cd51385f2@users.invalid,u9dae085cd51385f2,u9dae085cd51385f2@users.invalid,1,0,1,2,0,0,0,0,,,,,,0,,Test on i7-7600U,Test on i7-7600U
mlco2/codecarbon,462d577cb7a09f93fedd534e9705e184ab76a28b,2025-11,6,post,2025-11-15T18:34:58+01:00,2025-11-02T15:28:57+01:00,u585ec54554c4b434,u585ec54554c4b434@users.invalid,u9dae085cd51385f2,u9dae085cd51385f2@users.invalid,1,0,1,1,0,0,0,0,,,,,,0,,Add OCCT,Add OCCT
mlco2/codecarbon,f8837714ef663f328fbc3226c4eb7a2485abdd0d,2025-11,6,post,2025-11-15T18:34:58+01:00,2025-11-02T15:29:21+01:00,u585ec54554c4b434,u585ec54554c4b434@users.invalid,u9dae085cd51385f2,u9dae085cd51385f2@users.invalid,1,0,1,16,0,0,0,0,,,,,,0,,doc Ultra 7 265H,doc Ultra 7 265H
mlco2/codecarbon,1fade6e8ead2c9b899b56f2859705166b2763c9b,2025-11,6,post,2025-11-15T18:34:58+01:00,2025-11-02T21:08:44+01:00,u585ec54554c4b434,u585ec54554c4b434@users.invalid,u9dae085cd51385f2,u9dae085cd51385f2@users.invalid,1,0,2,275,81,0,0,0,,,,,,0,,doc,doc
mlco2/codecarbon,817d169e38678d827246efa6ef5284a79b2518f3,2025-11,6,post,2025-11-15T18:34:58+01:00,2025-11-02T21:16:09+01:00,u585ec54554c4b434,u585ec54554c4b434@users.invalid,u9dae085cd51385f2,u9dae085cd51385f2@users.invalid,1,0,8,561,23,4,77,15,,,,,,0,,Add rapl psys and dram parameters,Add rapl psys and dram parameters
mlco2/codecarbon,37b960b305098c27c7223f477af091b8e9fbc5a2,2025-11,6,post,2025-11-15T18:34:58+01:00,2025-11-03T22:18:01+01:00,u11d965fe4df279f7,u11d965fe4df279f7@users.invalid,u9dae085cd51385f2,u9dae085cd51385f2@users.invalid,1,0,2,73,41,1,0,4,,,,,,0,,doc,doc
mlco2/codecarbon,f08b8dd9295a44892cf59bd78964630f40563887,2025-11,6,post,2025-11-15T18:34:58+01:00,2025-11-05T19:36:21+01:00,u585ec54554c4b434,u585ec54554c4b434@users.invalid,u9dae085cd51385f2,u9dae085cd51385f2@users.invalid,1,0,2,353,327,0,0,0,,,,,,0,,Docs,Docs
mlco2/codecarbon,d65347f0b4c8c12ae3fbf2fc13d86fc091a9d46d,2025-11,6,post,2025-11-15T18:34:58+01:00,2025-11-05T19:37:12+01:00,u585ec54554c4b434,u585ec54554c4b434@users.invalid,u9dae085cd51385f2,u9dae085cd51385f2@users.invalid,1,0,1,11,1,0,0,0,,,,,,0,,Add CPU model in test script,Add CPU model in test script
mlco2/codecarbon,c3efd68d4f75707fa1e69e7888fd0a045322743d,2025-11,6,post,2025-11-15T18:34:58+01:00,2025-11-05T20:14:35+01:00,u585ec54554c4b434,u585ec54554c4b434@users.invalid,u9dae085cd51385f2,u9dae085cd51385f2@users.invalid,1,0,1,1,0,0,0,0,,,,,,0,,Doc index,Doc index
mlco2/codecarbon,5305f33fe2d0631d0649713c42b790738cb9f9da,2025-11,6,post,2025-11-15T18:34:58+01:00,2025-11-06T20:32:06+01:00,u585ec54554c4b434,u585ec54554c4b434@users.invalid,u9dae085cd51385f2,u9dae085cd51385f2@users.invalid,1,0,1,2,0,0,0,0,,,,,,0,,Skip flaky test on CI,Skip flaky test on CI
mlco2/codecarbon,0cef18d832f28ef16c89c56c117c7f267b29c60a,2025-11,6,post,2025-11-15T18:34:58+01:00,2025-11-09T20:26:54+01:00,u585ec54554c4b434,u585ec54554c4b434@users.invalid,u9dae085cd51385f2,u9dae085cd51385f2@users.invalid,1,0,3,3,174,2,3,26,,,,,,0,,after review fix,after review fix
mlco2/codecarbon,d13cc4c38accf285b6cd9c4d9fe4c3a3610ce10a,2025-11,6,post,2025-11-15T18:34:58+01:00,2025-11-09T21:12:17+01:00,u585ec54554c4b434,u585ec54554c4b434@users.invalid,u9dae085cd51385f2,u9dae085cd51385f2@users.invalid,1,0,7,23,23,3,9,9,,,,,,0,,Put DRAM=False as default,Put DRAM=False as default
mlco2/codecarbon,326c405080e63414a8c9c9c48f86fc18596f7e07,2025-11,6,post,2025-11-15T18:34:58+01:00,2025-11-14T18:28:34+01:00,u11d965fe4df279f7,u11d965fe4df279f7@users.invalid,u9dae085cd51385f2,u9dae085cd51385f2@users.invalid,1,0,4,481,427,2,478,425,,,,,,0,,Refactor to reduce complexity,Refactor to reduce complexity
mlco2/codecarbon,49b1adf594d05b1d0d86da1a8945aa3ff1304729,2025-11,6,post,2025-11-15T18:53:20+01:00,2025-11-15T18:53:20+01:00,u9dae085cd51385f2,u9dae085cd51385f2@users.invalid,GitHub,noreply@github.com,2,1,0,0,0,0,0,0,,,,,,0,950,Merge pull request #950 from mlco2/fix/rapl-mmio,"Merge pull request #950 from mlco2/fix/rapl-mmio

Fix/rapl mmio"
mlco2/codecarbon,5c0b14b03197a79b577bcccc226634a83bd00b70,2025-11,6,post,2025-11-15T18:54:39+01:00,2025-11-15T18:54:39+01:00,u11d965fe4df279f7,u11d965fe4df279f7@users.invalid,u11d965fe4df279f7,u11d965fe4df279f7@users.invalid,1,0,3,3,3,1,1,1,,,,,,0,,Bump,Bump
mlco2/codecarbon,2d9a6a2854b54c9f5d781b573d6ac0c4f9ec24f5,2025-11,6,post,2025-11-15T18:55:13+01:00,2025-11-15T18:55:13+01:00,u11d965fe4df279f7,u11d965fe4df279f7@users.invalid,u11d965fe4df279f7,u11d965fe4df279f7@users.invalid,1,0,27,916,104,0,0,0,,,,,,0,,docs,docs
mlco2/codecarbon,f4191bd1cedfe35a25df7140231afc4ee39eaf43,2025-11,6,post,2025-11-15T19:03:08+01:00,2025-11-15T19:03:08+01:00,u9dae085cd51385f2,u9dae085cd51385f2@users.invalid,GitHub,noreply@github.com,2,1,0,0,0,0,0,0,,,,,,0,968,Merge pull request #968 from mlco2/release/3.1.0,"Merge pull request #968 from mlco2/release/3.1.0

Release/3.1.0"
mlco2/codecarbon,d9b4b516899240ccef6139d8b5aa8d97cd2bc492,2025-11,6,post,2025-11-16T10:02:25+01:00,2025-11-16T09:53:06+01:00,u11d965fe4df279f7,u11d965fe4df279f7@users.invalid,u11d965fe4df279f7,u11d965fe4df279f7@users.invalid,1,0,2,247,2,0,0,0,,,,,,0,,Contact,Contact
mlco2/codecarbon,30e6f1e4dd29268ff31c55768aecf46f94d22991,2025-11,6,post,2025-11-16T10:02:40+01:00,2025-11-16T09:58:55+01:00,u11d965fe4df279f7,u11d965fe4df279f7@users.invalid,u11d965fe4df279f7,u11d965fe4df279f7@users.invalid,1,0,1,61,22,0,0,0,,,,,,0,,GPT-5 pass to add API specific terms,GPT-5 pass to add API specific terms
mlco2/codecarbon,66cc37220f4c2c7b67d0424945d6a13c1b309b23,2025-11,6,post,2025-11-19T11:05:28+01:00,2025-11-19T11:05:28+01:00,u9dae085cd51385f2,u9dae085cd51385f2@users.invalid,GitHub,noreply@github.com,2,1,0,0,0,0,0,0,,,,,,0,971,Merge pull request #971 from mlco2/doc-contact_discord_privacy,"Merge pull request #971 from mlco2/doc-contact_discord_privacy

Doc : Discord contact and Privacy Policy draft"
mlco2/codecarbon,c21f5960fa7adb724387b5b3e4917549dd2c2578,2025-11,6,post,2025-11-19T19:12:09+01:00,2025-07-16T21:43:15+03:00,uc171a1a3fc222e5b,uc171a1a3fc222e5b@users.invalid,u585ec54554c4b434,u585ec54554c4b434@users.invalid,1,0,2,14,3,2,14,3,,,,,,0,,Add CPU and RAM utilization tracking,"Add CPU and RAM utilization tracking

- Implement CPU and RAM utilization percentage tracking using psutil
- Add cpu_utilization_percent, ram_utilization_percent, and ram_used_gb metrics
- Include utilization metrics in emissions data output
- Update IntelPowerGadget and IntelRAPL classes to collect utilization data

Resolves #885"
mlco2/codecarbon,fc9b3d81a4aea9f8ca453b3e381798fecfbbbde5,2025-11,6,post,2025-11-19T19:12:16+01:00,2025-08-01T11:39:32+03:00,uc171a1a3fc222e5b,uc171a1a3fc222e5b@users.invalid,u585ec54554c4b434,u585ec54554c4b434@users.invalid,1,0,2,8,6,2,8,6,,,,,,0,,style: fix linting issues,style: fix linting issues
mlco2/codecarbon,0999d9c19705dc9518dc1d74d0eb83eac20f36f0,2025-11,6,post,2025-11-19T19:12:16+01:00,2025-11-19T11:35:37+01:00,u585ec54554c4b434,u585ec54554c4b434@users.invalid,u585ec54554c4b434,u585ec54554c4b434@users.invalid,1,0,3,30,11,3,30,11,,,,,,0,,Collect CPU and RAM utilization metrics,Collect CPU and RAM utilization metrics
mlco2/codecarbon,55a1352dd83323f482c03eae66b787d3815f0089,2025-11,6,post,2025-11-19T19:12:16+01:00,2025-11-19T18:46:31+01:00,u585ec54554c4b434,u585ec54554c4b434@users.invalid,u585ec54554c4b434,u585ec54554c4b434@users.invalid,1,0,6,424,10,2,23,9,,,,,,0,,Add GPU laod tracking,Add GPU laod tracking
mlco2/codecarbon,363b5c9762142f3a6f976fe2808baed077265d4a,2025-11,6,post,2025-11-19T19:12:16+01:00,2025-11-19T19:05:28+01:00,u585ec54554c4b434,u585ec54554c4b434@users.invalid,u585ec54554c4b434,u585ec54554c4b434@users.invalid,1,0,8,110,0,8,110,0,,,,,,0,,"Add CPU, GPU and RAM load to API","Add CPU, GPU and RAM load to API"
mlco2/codecarbon,05d9d4d0ddd581ac74ee1e1615f0b13422a03ece,2025-11,6,post,2025-11-19T22:02:07+01:00,2025-11-19T22:02:07+01:00,u585ec54554c4b434,u585ec54554c4b434@users.invalid,u585ec54554c4b434,u585ec54554c4b434@users.invalid,1,0,2,9,9,2,9,9,,,,,,0,,wip: fix test,wip: fix test
mlco2/codecarbon,2a81596cc1a7acb2de5549552e8d31e6cca508cf,2025-11,6,post,2025-11-22T11:47:41+01:00,2025-11-22T10:47:41Z,u14be2bec7c133bb5,u14be2bec7c133bb5@users.invalid,GitHub,noreply@github.com,1,0,2,259,7,1,59,7,,,,,,0,978,Add unittests for output_methods/file.py (#978),"Add unittests for output_methods/file.py (#978)

* Add tests for file output.

Also:
* Add docstrings for file.py
* Drop empty columsn before doing dataframe concatenations to prevent panda warnings.
* Fix the ""update"" logic in FileOutput.out() when a single matching row exists.

* Remove a defunct comment and debug print.

* Remove unused imports and variables"
mlco2/codecarbon,3e9fc9fd4295fa4c27706e86a2925b2347b8cef0,2025-11,6,post,2025-11-22T18:36:21+01:00,2025-11-22T17:36:21Z,u14be2bec7c133bb5,u14be2bec7c133bb5@users.invalid,GitHub,noreply@github.com,1,0,2,7,135,0,0,0,,,,,,0,981,Add a unit test to verify that has_valid_headers() succeeds for an empty file. This allows removing test_fileoutput_has_valid_headers.py which is now completley redundant. (#981),Add a unit test to verify that has_valid_headers() succeeds for an empty file. This allows removing test_fileoutput_has_valid_headers.py which is now completley redundant. (#981)
mlco2/codecarbon,5c39b773405ec5691259f0fa47fab2565f7d9a9d,2025-11,6,post,2025-11-22T18:43:54+01:00,2025-11-21T20:29:02+01:00,u585ec54554c4b434,u585ec54554c4b434@users.invalid,u9dae085cd51385f2,u9dae085cd51385f2@users.invalid,1,0,8,92,87,3,40,33,,,,,,0,,Swith from CO2Signal to ElectricityMaps,Swith from CO2Signal to ElectricityMaps
mlco2/codecarbon,d467245c1367b281348459f34892d3f130232ebb,2025-11,6,post,2025-11-22T18:43:54+01:00,2025-11-21T20:40:19+01:00,u585ec54554c4b434,u585ec54554c4b434@users.invalid,u9dae085cd51385f2,u9dae085cd51385f2@users.invalid,1,0,5,319,3,2,63,3,,,,,,0,,ElectricityMaps_Backward_compatibility,ElectricityMaps_Backward_compatibility
mlco2/codecarbon,3e9819fb5464054407a30142f0e1a4286e291ef5,2025-11,6,post,2025-11-22T18:43:54+01:00,2025-11-22T12:57:43+01:00,u585ec54554c4b434,u585ec54554c4b434@users.invalid,u9dae085cd51385f2,u9dae085cd51385f2@users.invalid,1,0,3,3,3,1,1,1,,,,,,0,,bump,bump
mlco2/codecarbon,4a5acda6fda0aa2e7d965f37c1b9e77970464d5d,2025-11,6,post,2025-11-22T18:43:54+01:00,2025-11-22T12:58:16+01:00,u585ec54554c4b434,u585ec54554c4b434@users.invalid,u9dae085cd51385f2,u9dae085cd51385f2@users.invalid,1,0,1,175,148,0,0,0,,,,,,0,,bump deps,bump deps
mlco2/codecarbon,eae7b56d9002632bba6d58d9b3edc4af482f4c32,2025-11,6,post,2025-11-22T18:43:54+01:00,2025-11-22T13:18:23+01:00,u585ec54554c4b434,u585ec54554c4b434@users.invalid,u9dae085cd51385f2,u9dae085cd51385f2@users.invalid,1,0,1,6,1,1,6,1,,,,,,0,,Add debug logs,Add debug logs
mlco2/codecarbon,85eca6423a1b9d24a96951d4bf6a87f8943fe904,2025-11,6,post,2025-11-22T18:43:54+01:00,2025-11-22T13:18:43+01:00,u585ec54554c4b434,u585ec54554c4b434@users.invalid,u9dae085cd51385f2,u9dae085cd51385f2@users.invalid,1,0,1,0,105,0,0,0,,,,,,0,,cleaning,cleaning
mlco2/codecarbon,876ed0f72adb7e9c0ec3d7633932a277c966780d,2025-11,6,post,2025-11-22T18:54:54+01:00,2025-11-22T18:54:54+01:00,u11d965fe4df279f7,u11d965fe4df279f7@users.invalid,u11d965fe4df279f7,u11d965fe4df279f7@users.invalid,1,0,24,51,51,0,0,0,,,,,,0,,Build doc,Build doc
mlco2/codecarbon,8507dcca5936cdf7a3615e35c7cce6b7157e507e,2025-11,6,post,2025-11-23T16:02:12+01:00,2025-11-23T16:02:12+01:00,u11d965fe4df279f7,u11d965fe4df279f7@users.invalid,u11d965fe4df279f7,u11d965fe4df279f7@users.invalid,1,0,2,3,2,1,1,1,,,,,,0,,Add unit,Add unit
mlco2/codecarbon,2b24a0de3e1506ccc314a6bae3779ac59f08a40d,2025-11,6,post,2025-11-23T16:04:24+01:00,2025-11-23T16:04:24+01:00,u9dae085cd51385f2,u9dae085cd51385f2@users.invalid,GitHub,noreply@github.com,1,0,1,0,1,0,0,0,,,,,,0,,Update tests/test_electricitymaps_config_backward_compatibility.py,"Update tests/test_electricitymaps_config_backward_compatibility.py

Co-authored-by: u17307de1894bf722 <u17307de1894bf722@users.invalid>"
mlco2/codecarbon,44923006c6f47fc2e1f4875ce860500e4e27ecfa,2025-11,6,post,2025-11-23T16:04:41+01:00,2025-11-23T16:04:41+01:00,u9dae085cd51385f2,u9dae085cd51385f2@users.invalid,GitHub,noreply@github.com,1,0,1,0,1,0,0,0,,,,,,0,,Update tests/test_electricitymaps_backward_compatibility.py,"Update tests/test_electricitymaps_backward_compatibility.py

Co-authored-by: u17307de1894bf722 <u17307de1894bf722@users.invalid>"
mlco2/codecarbon,eceae959595d10a58d9f5fa05ed0a9d35dfed908,2025-11,6,post,2025-11-23T16:04:49+01:00,2025-11-23T16:04:49+01:00,u9dae085cd51385f2,u9dae085cd51385f2@users.invalid,GitHub,noreply@github.com,1,0,1,0,1,0,0,0,,,,,,0,,Update tests/test_electricitymaps_backward_compatibility.py,"Update tests/test_electricitymaps_backward_compatibility.py

Co-authored-by: u17307de1894bf722 <u17307de1894bf722@users.invalid>"
mlco2/codecarbon,76dd989b44398fdfe49fb60f30f5ddbd95932ecc,2025-11,6,post,2025-11-23T16:04:56+01:00,2025-11-23T16:04:56+01:00,u9dae085cd51385f2,u9dae085cd51385f2@users.invalid,GitHub,noreply@github.com,1,0,1,0,1,0,0,0,,,,,,0,,Update tests/test_electricitymaps_config_backward_compatibility.py,"Update tests/test_electricitymaps_config_backward_compatibility.py

Co-authored-by: u17307de1894bf722 <u17307de1894bf722@users.invalid>"
mlco2/codecarbon,ef595c2510eed2175783dcd34dcc27b5d4f9bf09,2025-11,6,post,2025-11-23T16:07:36+01:00,2025-11-23T16:07:36+01:00,u11d965fe4df279f7,u11d965fe4df279f7@users.invalid,u11d965fe4df279f7,u11d965fe4df279f7@users.invalid,1,0,1,0,4,0,0,0,,,,,,0,,lint,lint
mlco2/codecarbon,a3b53eadae1bf41d9ce749872333bbf317f18ff5,2025-11,6,post,2025-11-23T16:08:22+01:00,2025-11-23T16:08:22+01:00,u11d965fe4df279f7,u11d965fe4df279f7@users.invalid,u11d965fe4df279f7,u11d965fe4df279f7@users.invalid,2,1,0,0,0,0,0,0,,,,,,0,,Merge branch 'fix/979_electricitymaps_api' of github.com:mlco2/codecarbon into fix/979_electricitymaps_api,Merge branch 'fix/979_electricitymaps_api' of github.com:mlco2/codecarbon into fix/979_electricitymaps_api
mlco2/codecarbon,c5f70d7db7c1afdf49c97e5da167b5eab441138c,2025-11,6,post,2025-11-23T22:55:15+01:00,2025-11-23T22:55:15+01:00,u11d965fe4df279f7,u11d965fe4df279f7@users.invalid,u11d965fe4df279f7,u11d965fe4df279f7@users.invalid,1,0,1,0,2,0,0,0,,,,,,0,,lint,lint
mlco2/codecarbon,f44672f745ad5ebde623e37551bfa74c42e79ef0,2025-11,6,post,2025-11-23T23:01:55+01:00,2025-11-23T23:01:55+01:00,u9dae085cd51385f2,u9dae085cd51385f2@users.invalid,GitHub,noreply@github.com,2,1,0,0,0,0,0,0,,,,,,0,980,Merge pull request #980 from mlco2/fix/979_electricitymaps_api,"Merge pull request #980 from mlco2/fix/979_electricitymaps_api

Switch from CO2Signal to ElectricityMaps"
mlco2/codecarbon,fdfacd4ca3e73defbeeb63fe78312108172b3af8,2025-11,6,post,2025-11-25T21:40:11+03:00,2025-11-25T21:40:11+03:00,uc171a1a3fc222e5b,uc171a1a3fc222e5b@users.invalid,GitHub,noreply@github.com,2,1,0,0,0,0,0,0,,,,,,0,,Merge branch 'mlco2:master' into 885,Merge branch 'mlco2:master' into 885
mlco2/codecarbon,3ac22ea11ec99d989e8eca4310f50944f5983590,2025-11,6,post,2025-11-25T22:43:52Z,2025-11-25T22:43:52Z,u72a7e6f3064ca973,u72a7e6f3064ca973@users.invalid,u72a7e6f3064ca973,u72a7e6f3064ca973@users.invalid,1,0,1,38,3,1,38,3,,,,,,0,,"report mean of cpu,gpu,ram from samples instead of just the latest","report mean of cpu,gpu,ram from samples instead of just the latest"
mlco2/codecarbon,6db1f8beaa5e2d6b1dc7adfe1da31c14043cebd2,2025-11,6,post,2025-11-26T01:46:06+03:00,2025-11-26T01:46:06+03:00,uc171a1a3fc222e5b,uc171a1a3fc222e5b@users.invalid,uc171a1a3fc222e5b,uc171a1a3fc222e5b@users.invalid,1,0,1,2,2,0,0,0,,,,,,0,,test: update test data with new utilization columns,"test: update test data with new utilization columns

- Add cpu_utilization_percent, gpu_utilization_percent,
  ram_utilization_percent, and ram_used_gb columns to test data
- Fixes test_offline_tracker_valid_headers test failure
- Ensures CSV validation works with new utilization tracking fields"
mlco2/codecarbon,6b79dc3e65d95fa6c591da2e24aa0d5fab59d03a,2025-11,6,post,2025-11-27T22:54:15+01:00,2025-11-27T22:54:15+01:00,u11d965fe4df279f7,u11d965fe4df279f7@users.invalid,u11d965fe4df279f7,u11d965fe4df279f7@users.invalid,1,0,1,4,4,0,0,0,,,,,,0,,Doc,Doc
mlco2/codecarbon,be73aecf9addfa796005bf10a30d0ef5a8d9660f,2025-11,6,post,2025-11-27T22:56:11+01:00,2025-11-27T22:56:11+01:00,u9dae085cd51385f2,u9dae085cd51385f2@users.invalid,GitHub,noreply@github.com,2,1,0,0,0,0,0,0,,,,,,0,986,Merge pull request #986 from h35ab88575553fb87/bug/985,"Merge pull request #986 from h35ab88575553fb87/bug/985

report mean of cpu,gpu,ram from samples instead of just the latest"
mlco2/codecarbon,82c9cfb567bceae471c6edc80ba7d69688cba9ee,2025-11,6,post,2025-11-28T13:31:49Z,2025-11-27T19:24:48Z,u14be2bec7c133bb5,u14be2bec7c133bb5@users.invalid,u14be2bec7c133bb5,u14be2bec7c133bb5@users.invalid,1,0,6,277,6,2,6,6,,,,,,0,,Add unit tests for logfire and http output methods.,"Add unit tests for logfire and http output methods.

This requires adding logfire as a dev dependency so we can import it in tests.
Also make it clearer which `EmissionsData` params are unnecessary for the `out`
and `live_out` methods."
mlco2/codecarbon,5b8a47b12db74690658e3a1be91f1f8f12be0d70,2025-11,6,post,2025-11-28T13:31:49Z,2025-11-28T13:28:23Z,u14be2bec7c133bb5,u14be2bec7c133bb5@users.invalid,u14be2bec7c133bb5,u14be2bec7c133bb5@users.invalid,1,0,2,32,18,1,3,3,,,,,,0,,Sort CSV headers before comparing so that we don't spuriously create backup output files.,Sort CSV headers before comparing so that we don't spuriously create backup output files.
mlco2/codecarbon,d0ff5e47eb5c7576774dfa38d097ae0cf78a7b25,2025-11,6,post,2025-11-29T09:52:17+01:00,2025-11-29T09:52:17+01:00,u9dae085cd51385f2,u9dae085cd51385f2@users.invalid,GitHub,noreply@github.com,2,1,0,0,0,0,0,0,,,,,,0,989,Merge pull request #989 from mlco2/bug/csv_ordering,"Merge pull request #989 from mlco2/bug/csv_ordering

Sort CSV headers before comparing so that we don't spuriously create backup output files."
mlco2/codecarbon,dc7c22e82eccdc8a52a55e6592b3565aba64c862,2025-11,6,post,2025-11-29T17:52:23+01:00,2025-11-29T17:52:23+01:00,u17307de1894bf722,u17307de1894bf722@users.invalid,GitHub,noreply@github.com,1,0,1,1,1,0,0,0,,,,,,0,990,chore: add logfire to CI test run (#990),chore: add logfire to CI test run (#990)
mlco2/codecarbon,16807f3bd3ee6aec46df32d1a7d66de14e9054c8,2025-11,6,post,2025-11-29T21:58:47Z,2025-11-29T21:57:17Z,u14be2bec7c133bb5,u14be2bec7c133bb5@users.invalid,u14be2bec7c133bb5,u14be2bec7c133bb5@users.invalid,1,0,3,134,6,1,6,6,,,,,,0,,Add tests for logger output method and move test_logfire under the metrics subdirectory.,Add tests for logger output method and move test_logfire under the metrics subdirectory.
mlco2/codecarbon,3a4b70b329f27a344365d8215d065a1635be37b9,2025-11,6,post,2025-11-30T12:26:24+01:00,2025-11-30T12:26:24+01:00,u9dae085cd51385f2,u9dae085cd51385f2@users.invalid,GitHub,noreply@github.com,2,1,0,0,0,0,0,0,,,,,,0,991,Merge pull request #991 from mlco2/test/test_logging,"Merge pull request #991 from mlco2/test/test_logging

Add tests for logger output methods"
mlco2/codecarbon,4d3a957439c77a2cf91deb12574fd068400faea4,2025-11,6,post,2025-11-30T20:55:21+01:00,2025-11-30T20:55:21+01:00,u09dcc1f39603dd20,u09dcc1f39603dd20@users.invalid,u09dcc1f39603dd20,u09dcc1f39603dd20@users.invalid,1,0,1,5,3,0,0,0,,,,,,0,,chore: use trusted publisher to publish to pypi,chore: use trusted publisher to publish to pypi
mlco2/codecarbon,926b26a14a4e92b7bb336a0ea7e3b248d7e39271,2025-11,6,post,2025-11-30T21:46:01+01:00,2025-11-30T21:46:01+01:00,u11d965fe4df279f7,u11d965fe4df279f7@users.invalid,u11d965fe4df279f7,u11d965fe4df279f7@users.invalid,1,0,3,3,3,1,1,1,,,,,,0,,bump,bump
mlco2/codecarbon,6376eb5631124964dec3dc204b8e9bf339a9b401,2025-11,6,post,2025-11-30T21:46:11+01:00,2025-11-30T21:46:11+01:00,u11d965fe4df279f7,u11d965fe4df279f7@users.invalid,u11d965fe4df279f7,u11d965fe4df279f7@users.invalid,1,0,1,199,153,0,0,0,,,,,,0,,bump deps,bump deps
mlco2/codecarbon,3bbfce2b5beea5d582ae2981d8540485a8acc156,2025-11,6,post,2025-11-30T21:46:58+01:00,2025-11-30T21:46:58+01:00,u11d965fe4df279f7,u11d965fe4df279f7@users.invalid,u11d965fe4df279f7,u11d965fe4df279f7@users.invalid,1,0,52,6237,0,0,0,0,,,,,,0,,rebuild doc,rebuild doc
mlco2/codecarbon,35ac171bb31bc21fdffde7380d0f146d1d18665b,2025-11,6,post,2025-11-30T21:48:51+01:00,2025-11-30T21:48:51+01:00,u11d965fe4df279f7,u11d965fe4df279f7@users.invalid,u11d965fe4df279f7,u11d965fe4df279f7@users.invalid,1,0,1,1,1,0,0,0,,,,,,0,,bump gh-action-pypi-publish,bump gh-action-pypi-publish
mlco2/codecarbon,78baaa73699abb7d6439cd9e11913393c5dfb050,2025-11,6,post,2025-11-30T21:53:10+01:00,2025-11-30T21:53:10+01:00,u9dae085cd51385f2,u9dae085cd51385f2@users.invalid,GitHub,noreply@github.com,2,1,0,0,0,0,0,0,,,,,,0,992,Merge pull request #992 from mlco2/chore/trusted-publisher,"Merge pull request #992 from mlco2/chore/trusted-publisher

chore: use trusted publisher to publish to pypi"
mlco2/codecarbon,a3e5ca0818f1f93378bd3df1e9aed919c8a86bc6,2025-12,7,post,2025-12-02T23:04:25+01:00,2025-12-02T23:01:32+01:00,u585ec54554c4b434,u585ec54554c4b434@users.invalid,u9dae085cd51385f2,u9dae085cd51385f2@users.invalid,1,0,1,3,3,1,3,3,,,,,,0,,Wrong type for PUE and WUE,Wrong type for PUE and WUE
mlco2/codecarbon,02f536db6b32297fd1e3406ccb11efdc871c9dfb,2025-12,7,post,2025-12-03T16:12:11+01:00,2025-12-03T16:12:11+01:00,u9dae085cd51385f2,u9dae085cd51385f2@users.invalid,GitHub,noreply@github.com,2,1,0,0,0,0,0,0,,,,,,0,993,Merge pull request #993 from mlco2/fix/wue-pue_type,"Merge pull request #993 from mlco2/fix/wue-pue_type

Wrong type for PUE and WUE"
mlco2/codecarbon,b5a530ebc26de827a4a673cd54ea7d8c8835075a,2025-12,7,post,2025-12-03T20:43:42Z,2025-12-03T20:43:42Z,dependabot[bot],49699333+dependabot[bot]@users.noreply.github.com,GitHub,noreply@github.com,1,0,3,242,236,0,0,0,,,,,dependabot,0,,Bump next in /webapp in the npm_and_yarn group across 1 directory,"Bump next in /webapp in the npm_and_yarn group across 1 directory

Bumps the npm_and_yarn group with 1 update in the /webapp directory: [next](https://github.com/vercel/next.js).


Updates `next` from 15.4.7 to 15.4.8
- [Release notes](https://github.com/vercel/next.js/releases)
- [Changelog](https://github.com/vercel/next.js/blob/canary/release.js)
- [Commits](https://github.com/vercel/next.js/compare/v15.4.7...v15.4.8)

---
updated-dependencies:
- dependency-name: next
  dependency-version: 15.4.8
  dependency-type: direct:production
  dependency-group: npm_and_yarn
...

Signed-off-by: dependabot[bot] <support@github.com>"
mlco2/codecarbon,4a73be614638ed875bdd050adf383b207731d79d,2025-12,7,post,2025-12-04T09:43:14+01:00,2025-12-04T09:43:14+01:00,u9dae085cd51385f2,u9dae085cd51385f2@users.invalid,GitHub,noreply@github.com,2,1,0,0,0,0,0,0,,,,,,0,996,Merge pull request #996 from mlco2/dependabot/npm_and_yarn/webapp/npm_and_yarn-c8f0bf63ea,"Merge pull request #996 from mlco2/dependabot/npm_and_yarn/webapp/npm_and_yarn-c8f0bf63ea

Bump next from 15.4.7 to 15.4.8 in /webapp in the npm_and_yarn group across 1 directory"
mlco2/codecarbon,36dcc227c6984fb5ecc8e8a05139ff238d421664,2025-12,7,post,2025-12-06T07:58:37+01:00,2025-12-06T07:58:37+01:00,dependabot[bot],49699333+dependabot[bot]@users.noreply.github.com,GitHub,noreply@github.com,1,0,1,1,1,0,0,0,,,,,dependabot,0,997,Bump urllib3 in /requirements in the pip group across 1 directory (#997),Bump urllib3 in /requirements in the pip group across 1 directory (#997)
mlco2/codecarbon,c1a16e5427cf1c313ed1bb5416adf5d5711dec42,2025-12,7,post,2025-12-11T13:22:04+01:00,2025-12-11T13:22:04+01:00,u17307de1894bf722,u17307de1894bf722@users.invalid,GitHub,noreply@github.com,1,0,4,26,281,0,0,0,,,,,,0,998,deploy: use uv in docker image (#998),deploy: use uv in docker image (#998)
mlco2/codecarbon,56aa981ecfd78a4e36a75ebd129aa715cffcf958,2025-12,7,post,2025-12-11T16:19:01+01:00,2025-12-11T16:19:01+01:00,u17307de1894bf722,u17307de1894bf722@users.invalid,GitHub,noreply@github.com,1,0,4,895,9,0,0,0,,,,,,0,1001,deploy: fix + check requirements-api.txt is up to date (#1001),"deploy: fix + check requirements-api.txt is up to date (#1001)

* deploy: fix + check requirements-api.txt is up to date

* use uv export instead of uv pip compile"
mlco2/codecarbon,233fcf7679577e230a639e0095915a6de4c0cc85,2025-12,7,post,2025-12-12T09:34:03+01:00,2025-12-12T09:34:03+01:00,dependabot[bot],49699333+dependabot[bot]@users.noreply.github.com,GitHub,noreply@github.com,1,0,3,22,22,0,0,0,,,,,dependabot,0,1003,Bump next in /webapp in the npm_and_yarn group across 1 directory (#1003),"Bump next in /webapp in the npm_and_yarn group across 1 directory (#1003)

Bumps the npm_and_yarn group with 1 update in the /webapp directory: [next](https://github.com/vercel/next.js).


Updates `next` from 15.4.8 to 15.4.9
- [Release notes](https://github.com/vercel/next.js/releases)
- [Changelog](https://github.com/vercel/next.js/blob/canary/release.js)
- [Commits](https://github.com/vercel/next.js/compare/v15.4.8...v15.4.9)

---
updated-dependencies:
- dependency-name: next
  dependency-version: 15.4.9
  dependency-type: direct:production
  dependency-group: npm_and_yarn
...

Signed-off-by: dependabot[bot] <support@github.com>
Co-authored-by: dependabot[bot] <49699333+dependabot[bot]@users.noreply.github.com>"
mlco2/codecarbon,b86a854c2bb4fe22ee236e05eac8268b8b2d42d7,2025-12,7,post,2025-12-12T18:30:52+01:00,2025-12-12T18:30:52+01:00,dependabot[bot],49699333+dependabot[bot]@users.noreply.github.com,GitHub,noreply@github.com,1,0,3,18,18,0,0,0,,,,,dependabot,0,1005,Bump next in /webapp in the npm_and_yarn group across 1 directory (#1005),"Bump next in /webapp in the npm_and_yarn group across 1 directory (#1005)

Bumps the npm_and_yarn group with 1 update in the /webapp directory: [next](https://github.com/vercel/next.js).


Updates `next` from 15.4.9 to 15.4.10
- [Release notes](https://github.com/vercel/next.js/releases)
- [Changelog](https://github.com/vercel/next.js/blob/canary/release.js)
- [Commits](https://github.com/vercel/next.js/compare/v15.4.9...v15.4.10)

---
updated-dependencies:
- dependency-name: next
  dependency-version: 15.4.10
  dependency-type: direct:production
  dependency-group: npm_and_yarn
...

Signed-off-by: dependabot[bot] <support@github.com>
Co-authored-by: dependabot[bot] <49699333+dependabot[bot]@users.noreply.github.com>"
mlco2/codecarbon,2e2ce93f81d10cbf66fa46c44b60171bf3d86803,2025-12,7,post,2025-12-14T10:47:11+01:00,2025-12-14T10:47:11+01:00,u17307de1894bf722,u17307de1894bf722@users.invalid,GitHub,noreply@github.com,1,0,3,108,724,0,0,0,,,,,,0,1006,deploy: recommit requirements-api.txt (#1006),deploy: recommit requirements-api.txt (#1006)
mlco2/codecarbon,61f72c40d414a3982c6fa1e5f5e26efcf6e1b7f4,2025-12,7,post,2025-12-14T15:40:16+01:00,2025-12-14T15:40:16+01:00,u17307de1894bf722,u17307de1894bf722@users.invalid,GitHub,noreply@github.com,1,0,2,595,0,0,0,0,,,,,,0,944,docs: example notebook (#944),"docs: example notebook (#944)

* docs: example notebook

* update colab link

* docs: update dashboard config

* doc: update colab link to master"
mlco2/codecarbon,a47dcc39ca92b33d1f442b52adfdf2a2696bba13,2025-12,7,post,2025-12-16T09:44:53Z,2025-12-16T09:44:53Z,dependabot[bot],49699333+dependabot[bot]@users.noreply.github.com,GitHub,noreply@github.com,1,0,1,1,1,0,0,0,,,,,dependabot,0,,Bump urllib3 in /requirements in the pip group across 1 directory,"Bump urllib3 in /requirements in the pip group across 1 directory

Bumps the pip group with 1 update in the /requirements directory: [urllib3](https://github.com/urllib3/urllib3).


Updates `urllib3` from 2.5.0 to 2.6.0
- [Release notes](https://github.com/urllib3/urllib3/releases)
- [Changelog](https://github.com/urllib3/urllib3/blob/main/CHANGES.rst)
- [Commits](https://github.com/urllib3/urllib3/compare/2.5.0...2.6.0)

---
updated-dependencies:
- dependency-name: urllib3
  dependency-version: 2.6.0
  dependency-type: direct:production
  dependency-group: pip
...

Signed-off-by: dependabot[bot] <support@github.com>"
mlco2/codecarbon,c7e7bc31f72d8bf7ced7dd395edf157d66cf529c,2025-12,7,post,2025-12-16T21:09:42+01:00,2025-12-16T21:09:42+01:00,u9dae085cd51385f2,u9dae085cd51385f2@users.invalid,GitHub,noreply@github.com,2,1,0,0,0,0,0,0,,,,,,0,1011,Merge pull request #1011 from mlco2/dependabot/pip/requirements/pip-a6aa50acab,"Merge pull request #1011 from mlco2/dependabot/pip/requirements/pip-a6aa50acab

Bump urllib3 from 2.5.0 to 2.6.0 in /requirements in the pip group across 1 directory"
mlco2/codecarbon,446282905201fe2d01eab1dfecaae688cd4f0d83,2025-12,7,post,2025-12-22T23:50:58+01:00,2025-12-22T23:50:58+01:00,u9dae085cd51385f2,u9dae085cd51385f2@users.invalid,GitHub,noreply@github.com,1,0,6,67,49,1,29,3,,,,,,0,1014,Better support for carbonboard (#1014),"Better support for carbonboard (#1014)

Co-authored-by: u585ec54554c4b434 <u585ec54554c4b434@users.invalid>"
mlco2/codecarbon,ffb5cdeb65945f1eaadac8c2a2661243890f7369,2025-12,7,post,2025-12-28T11:43:21+01:00,2025-12-03T10:38:39+01:00,u566c53265cf50d47,u566c53265cf50d47@users.invalid,u9dae085cd51385f2,u9dae085cd51385f2@users.invalid,1,0,2,42,2,1,18,2,,,,,,0,,"Fix EmptyDataError when reading empty CSV files Handle pandas.errors.EmptyDataError that occurs when pd.read_csv() encounters an existing but empty CSV file. This fix catches the error in both 'append' and 'update' modes and treats the empty file as if it doesn't exist, creating a new file with the current data.","Fix EmptyDataError when reading empty CSV files
Handle pandas.errors.EmptyDataError that occurs when pd.read_csv() encounters an existing but empty CSV file. This fix catches the error in both 'append' and 'update' modes and treats the empty file as if it doesn't exist, creating a new file with the current data.

The fix prevents crashes when emission CSV files exist but are empty, which can happen if a previous write operation was interrupted.

Added test cases for both append and update modes with empty files."
mlco2/codecarbon,9cc0a548191fa73372d14636e36d4a0aa0973d30,2025-12,7,post,2025-12-28T11:43:21+01:00,2025-12-05T16:20:29+01:00,u566c53265cf50d47,u566c53265cf50d47@users.invalid,u9dae085cd51385f2,u9dae085cd51385f2@users.invalid,1,0,1,7,18,1,7,18,,,,,,0,,Fix EmptyDataError when reading empty CSV files,Fix EmptyDataError when reading empty CSV files
mlco2/codecarbon,d8b4f58d4329e561d656a8bc5a21743bb2318708,2025-12,7,post,2025-12-28T11:47:24+01:00,2025-12-28T11:47:24+01:00,u9dae085cd51385f2,u9dae085cd51385f2@users.invalid,GitHub,noreply@github.com,2,1,0,0,0,0,0,0,,,,,,0,995,Merge pull request #995 from hd13b82786a4df724/fix/handle-empty-csv-files,"Merge pull request #995 from hd13b82786a4df724/fix/handle-empty-csv-files

Fix EmptyDataError when reading empty CSV files"
mlco2/codecarbon,11b951582624a8e71cb68c90546258cb7590f0d3,2025-12,7,post,2025-12-28T11:48:03+01:00,2025-12-15T09:53:01+01:00,ub7cfa38477aea804,ub7cfa38477aea804@users.invalid,u9dae085cd51385f2,u9dae085cd51385f2@users.invalid,1,0,4,57,8,4,57,8,,,,,,0,,Added total energy to prometheus Added auto cleanup after shutdown from push gateway Renamed attributes,"Added total energy to prometheus
Added auto cleanup after shutdown from push gateway
Renamed attributes"
mlco2/codecarbon,e8419c3eb3e71e15a3e22ae6b81b80e03c0ce0dc,2025-12,7,post,2025-12-28T11:48:03+01:00,2025-12-15T12:14:43+01:00,ub7cfa38477aea804,ub7cfa38477aea804@users.invalid,u9dae085cd51385f2,u9dae085cd51385f2@users.invalid,1,0,3,7,8,3,7,8,,,,,,0,,Run Precommit hooks,Run Precommit hooks
mlco2/codecarbon,efff41a3d6ba8131d3e5c190f295f5d7af32a172,2025-12,7,post,2025-12-28T11:58:52+01:00,2025-12-28T11:58:52+01:00,u9dae085cd51385f2,u9dae085cd51385f2@users.invalid,GitHub,noreply@github.com,1,0,1,1,1,1,1,1,,,,,,0,,Apply suggestion from @h223673a7f4ee1c3e,"Apply suggestion from @h223673a7f4ee1c3e

Co-authored-by: u14be2bec7c133bb5 <u14be2bec7c133bb5@users.invalid>"
mlco2/codecarbon,8d19e19017bd62bd802f11920d114c337e768297,2025-12,7,post,2025-12-28T12:10:59+01:00,2025-12-28T12:10:29+01:00,u11d965fe4df279f7,u11d965fe4df279f7@users.invalid,u11d965fe4df279f7,u11d965fe4df279f7@users.invalid,1,0,2,10,5,2,10,5,,,,,,0,,rename variable and sanitize,rename variable and sanitize
mlco2/codecarbon,698a6fd980cbafa06de4ab86b82332591eb54eb5,2025-12,7,post,2025-12-28T12:10:59+01:00,2025-12-28T12:10:40+01:00,u11d965fe4df279f7,u11d965fe4df279f7@users.invalid,u11d965fe4df279f7,u11d965fe4df279f7@users.invalid,1,0,1,6,0,0,0,0,,,,,,0,,Add test,Add test
mlco2/codecarbon,9a32b1284cdf1247db9f836156bd66ef7d0ad05f,2025-12,7,post,2025-12-28T12:20:14+01:00,2025-12-28T12:20:14+01:00,u9dae085cd51385f2,u9dae085cd51385f2@users.invalid,GitHub,noreply@github.com,2,1,0,0,0,0,0,0,,,,,,0,,Merge branch 'master' into 885,Merge branch 'master' into 885
mlco2/codecarbon,d06433a88fa778e22b75ef92943757b47925fb07,2025-12,7,post,2025-12-28T12:26:32+01:00,2025-12-28T12:26:32+01:00,u11d965fe4df279f7,u11d965fe4df279f7@users.invalid,u11d965fe4df279f7,u11d965fe4df279f7@users.invalid,1,0,4,121,93,1,30,12,,,,,,0,,Fix pre-commit,Fix pre-commit
mlco2/codecarbon,613e495c6756db26e0e6a79da2e1361414e6ce3c,2025-12,7,post,2025-12-28T12:28:06+01:00,2025-12-28T12:28:06+01:00,u11d965fe4df279f7,u11d965fe4df279f7@users.invalid,u11d965fe4df279f7,u11d965fe4df279f7@users.invalid,1,0,2,6,6,0,0,0,,,,,,0,,Fix pre-commit,Fix pre-commit
mlco2/codecarbon,13c9b0bb7b89dbbf168f0746a2c263d44013b80e,2025-12,7,post,2025-12-28T22:01:21+01:00,2025-12-28T22:01:21+01:00,u11d965fe4df279f7,u11d965fe4df279f7@users.invalid,u11d965fe4df279f7,u11d965fe4df279f7@users.invalid,1,0,1,2,2,1,2,2,,,,,,0,,Fix alembic migration chain,Fix alembic migration chain
mlco2/codecarbon,161860f225350d8fff0aaf818f10002a31a4eaf3,2025-12,7,post,2025-12-29T11:01:27+01:00,2025-12-29T11:01:27+01:00,u4ffc173d8f6238b8,u4ffc173d8f6238b8@users.invalid,GitHub,noreply@github.com,1,0,4,212,31,2,86,30,,,,,,0,1015,feat: cache csv & json loaded data to avoid I/O at each start / stop task execution (#1015),"feat: cache csv & json loaded data to avoid I/O at each start / stop task execution (#1015)

feat: add cache to detect cpu model function"
mlco2/codecarbon,a2921331c6fff3bb905bf0770bcc9747dbc4e86b,2025-12,7,post,2025-12-30T21:25:37+01:00,2025-12-30T21:25:37+01:00,u11d965fe4df279f7,u11d965fe4df279f7@users.invalid,u11d965fe4df279f7,u11d965fe4df279f7@users.invalid,1,0,2,0,196,0,0,0,,,,,,0,,cleaning,cleaning
mlco2/codecarbon,bdaf27ebd5e2e4e58d4d20c304484e2035107952,2025-12,7,post,2025-12-30T21:33:09+01:00,2025-12-30T21:33:09+01:00,u9dae085cd51385f2,u9dae085cd51385f2@users.invalid,GitHub,noreply@github.com,2,1,0,0,0,0,0,0,,,,,,0,,Merge branch 'master' into 885,Merge branch 'master' into 885
mlco2/codecarbon,7465ae4d175fe8d632c0b84c64899b7923ee08a2,2025-12,7,post,2025-12-30T21:36:09+01:00,2025-12-30T21:36:09+01:00,u9dae085cd51385f2,u9dae085cd51385f2@users.invalid,GitHub,noreply@github.com,2,1,0,0,0,0,0,0,,,,,,0,911,Merge pull request #911 from h0a6cd54010cc820a/885,"Merge pull request #911 from h0a6cd54010cc820a/885

Added CPU and RAM utilization tracking"
mlco2/codecarbon,128414e3c5fe55204358973f78aa7b432fe79022,2026-01,8,post,2026-01-01T21:32:53+01:00,2026-01-01T21:32:53+01:00,u11d965fe4df279f7,u11d965fe4df279f7@users.invalid,u11d965fe4df279f7,u11d965fe4df279f7@users.invalid,1,0,82,134,4766,0,0,0,,,,,,0,,docs,docs
mlco2/codecarbon,d42dff200475372d4d47b53c90de8733cbfe1a02,2026-01,8,post,2026-01-01T21:33:21+01:00,2026-01-01T21:33:21+01:00,u11d965fe4df279f7,u11d965fe4df279f7@users.invalid,u11d965fe4df279f7,u11d965fe4df279f7@users.invalid,1,0,3,725,568,1,1,1,,,,,,0,,bump 3.2.1,bump 3.2.1
mlco2/codecarbon,37f7b7c9d1370a402aa8f26b21bdfdce4bcac187,2026-01,8,post,2026-01-02T10:57:01+01:00,2026-01-02T10:57:01+01:00,u9dae085cd51385f2,u9dae085cd51385f2@users.invalid,GitHub,noreply@github.com,2,1,0,0,0,0,0,0,,,,,,0,1016,Merge pull request #1016 from mlco2/chore/bump_3.2.1,"Merge pull request #1016 from mlco2/chore/bump_3.2.1

Chore/bump 3.2.1"
mlco2/codecarbon,3c47f29ef56c5275c7cc7fc1fd532845a60f3175,2026-01,8,post,2026-01-08T07:50:28+01:00,2026-01-08T07:50:28+01:00,dependabot[bot],49699333+dependabot[bot]@users.noreply.github.com,GitHub,noreply@github.com,1,0,1,1,1,0,0,0,,,,,dependabot,0,1020,Bump urllib3 in /requirements in the pip group across 1 directory (#1020),"Bump urllib3 in /requirements in the pip group across 1 directory (#1020)

Bumps the pip group with 1 update in the /requirements directory: [urllib3](https://github.com/urllib3/urllib3).


Updates `urllib3` from 2.6.0 to 2.6.3
- [Release notes](https://github.com/urllib3/urllib3/releases)
- [Changelog](https://github.com/urllib3/urllib3/blob/main/CHANGES.rst)
- [Commits](https://github.com/urllib3/urllib3/compare/2.6.0...2.6.3)

---
updated-dependencies:
- dependency-name: urllib3
  dependency-version: 2.6.3
  dependency-type: direct:production
  dependency-group: pip
...

Signed-off-by: dependabot[bot] <support@github.com>
Co-authored-by: dependabot[bot] <49699333+dependabot[bot]@users.noreply.github.com>"
mlco2/codecarbon,7d8c0bac08bd0498e57569b38505e85cfb9235cd,2026-01,8,post,2026-01-09T19:08:59Z,2026-01-09T19:08:59Z,ufa1675858df18178,ufa1675858df18178@users.invalid,ufa1675858df18178,ufa1675858df18178@users.invalid,1,0,5,4,4,0,0,0,,,,,,0,,Add single quotes to extras in Visualize install docs. Fixes #1022.,Add single quotes to extras in Visualize install docs. Fixes #1022.
mlco2/codecarbon,68b98adf39b31548f5f0a404167ff7fa7e243705,2026-01,8,post,2026-01-10T12:03:54+01:00,2026-01-10T12:03:54+01:00,u9dae085cd51385f2,u9dae085cd51385f2@users.invalid,GitHub,noreply@github.com,2,1,0,0,0,0,0,0,,,,,,0,1023,Merge pull request #1023 from hd9499e55680c12d9/fix-dashboard-install-docs,"Merge pull request #1023 from hd9499e55680c12d9/fix-dashboard-install-docs

Add single quotes to extras in Visualize install docs. Fixes #1022."
mlco2/codecarbon,0b3754dab302cc2f9fb7c440a98634d2b5676a42,2026-01,8,post,2026-01-10T12:06:51+01:00,2026-01-06T21:35:50+03:00,uc171a1a3fc222e5b,uc171a1a3fc222e5b@users.invalid,u9dae085cd51385f2,u9dae085cd51385f2@users.invalid,1,0,8,49,222,1,33,59,,,,,,0,,Remove Conda support and update documentation Fixes #1017,Remove Conda support and update documentation Fixes #1017
mlco2/codecarbon,eac1e1d2151ac14d1c2ecef191ee4946586bb20d,2026-01,8,post,2026-01-10T12:27:35+01:00,2026-01-10T12:27:35+01:00,u11d965fe4df279f7,u11d965fe4df279f7@users.invalid,u11d965fe4df279f7,u11d965fe4df279f7@users.invalid,1,0,1,1,0,0,0,0,CLAUDE.md,,,,,0,,Link claude and copilot instructions,Link claude and copilot instructions
mlco2/codecarbon,c3c14ea120790f569a606711ab04f67e7256edb4,2026-01,8,post,2026-01-10T12:28:17+01:00,2026-01-10T12:28:17+01:00,u11d965fe4df279f7,u11d965fe4df279f7@users.invalid,u11d965fe4df279f7,u11d965fe4df279f7@users.invalid,1,0,1,1,1,0,0,0,,,,,,0,,Change md type of command,Change md type of command
mlco2/codecarbon,0916dd069d2123466e95c12db3a94ad537064683,2026-01,8,post,2026-01-10T12:30:21+01:00,2026-01-10T12:30:21+01:00,u11d965fe4df279f7,u11d965fe4df279f7@users.invalid,u11d965fe4df279f7,u11d965fe4df279f7@users.invalid,1,0,1,0,1,0,0,0,,,,,,0,,Remove space,Remove space
mlco2/codecarbon,ed166c2ecadfbef9e914f38a6699992d21bc9656,2026-01,8,post,2026-01-10T12:36:32+01:00,2026-01-10T12:36:32+01:00,u9dae085cd51385f2,u9dae085cd51385f2@users.invalid,GitHub,noreply@github.com,2,1,0,0,0,0,0,0,,,,,,0,1019,Merge pull request #1019 from h0a6cd54010cc820a/Remove-Conda-Support,"Merge pull request #1019 from h0a6cd54010cc820a/Remove-Conda-Support

Remove Conda support and update documentation Fixes #1017"
mlco2/codecarbon,93dd3cf8192ca4868df8f79faedeb7f0f57bdb75,2026-01,8,post,2026-01-11T10:38:43+01:00,2026-01-11T10:38:43+01:00,u17307de1894bf722,u17307de1894bf722@users.invalid,GitHub,noreply@github.com,1,0,12,4774,4045,6,344,51,,,,,,0,999,feat: allow any authentication provider + fief OIDC (#999),"feat: allow any authentication provider + fief OIDC (#999)

* feat: allow any authentication provider

* fix: use oidc instead of fief

* fix: update client id retrieval

* fix: remove auth provider abstract

* test: add integration test for auth"
mlco2/codecarbon,222b697d4fcfe2651bc4dbd7b7f19f67ad51542e,2026-01,8,post,2026-01-11T13:05:09+01:00,2026-01-11T13:05:09+01:00,u4ffc173d8f6238b8,u4ffc173d8f6238b8@users.invalid,GitHub,noreply@github.com,1,0,2,46,53,0,0,0,,,,,,0,1024,chore: set glob min version (#1024),chore: set glob min version (#1024)
mlco2/codecarbon,dfd51b3171d99e27da71478b8c3e45c12c526606,2026-01,8,post,2026-01-12T08:41:46+01:00,2026-01-12T08:41:46+01:00,uaf3f3caec227e280,uaf3f3caec227e280@users.invalid,GitHub,noreply@github.com,2,1,0,0,0,0,0,0,,,,,,0,,Merge branch 'master' into Prometheus_Exporter_Update,Merge branch 'master' into Prometheus_Exporter_Update
mlco2/codecarbon,46f5d39d7615f3ce333decbac3745cdb99473cc9,2026-01,8,post,2026-01-12T10:32:45+01:00,2026-01-12T10:32:45+01:00,u9dae085cd51385f2,u9dae085cd51385f2@users.invalid,GitHub,noreply@github.com,2,1,0,0,0,0,0,0,,,,,,0,1007,Merge pull request #1007 from h55bfe65669b0ed22/Prometheus_Exporter_Update,"Merge pull request #1007 from h55bfe65669b0ed22/Prometheus_Exporter_Update

Prometheus Exporter - added total energy & auto cleanup, renamed Exports"
mlco2/codecarbon,4d96624cbe88f0f082bda3db3d37d7244b8aa9d3,2026-01,8,post,2026-01-16T21:24:28+01:00,2026-01-16T21:24:28+01:00,dependabot[bot],49699333+dependabot[bot]@users.noreply.github.com,GitHub,noreply@github.com,1,0,1,1,1,0,0,0,,,,,dependabot,0,1028,Bump the uv group across 2 directories with 1 update (#1028),"Bump the uv group across 2 directories with 1 update (#1028)

Bumps the uv group with 1 update in the / directory: [pyasn1](https://github.com/pyasn1/pyasn1).
Bumps the uv group with 1 update in the /requirements directory: [pyasn1](https://github.com/pyasn1/pyasn1).


Updates `pyasn1` from 0.6.1 to 0.6.2
- [Release notes](https://github.com/pyasn1/pyasn1/releases)
- [Changelog](https://github.com/pyasn1/pyasn1/blob/main/CHANGES.rst)
- [Commits](https://github.com/pyasn1/pyasn1/compare/v0.6.1...v0.6.2)

Updates `pyasn1` from 0.6.1 to 0.6.2
- [Release notes](https://github.com/pyasn1/pyasn1/releases)
- [Changelog](https://github.com/pyasn1/pyasn1/blob/main/CHANGES.rst)
- [Commits](https://github.com/pyasn1/pyasn1/compare/v0.6.1...v0.6.2)

---
updated-dependencies:
- dependency-name: pyasn1
  dependency-version: 0.6.2
  dependency-type: direct:production
  dependency-group: uv
- dependency-name: pyasn1
  dependency-version: 0.6.2
  dependency-type: direct:production
  dependency-group: uv
...

Signed-off-by: dependabot[bot] <support@github.com>
Co-authored-by: dependabot[bot] <49699333+dependabot[bot]@users.noreply.github.com>"
mlco2/codecarbon,b2c178fd4782022509c32eb79714b79c23ad6d17,2026-01,8,post,2026-01-18T17:19:31Z,2026-01-18T17:19:31Z,u14be2bec7c133bb5,u14be2bec7c133bb5@users.invalid,u14be2bec7c133bb5,u14be2bec7c133bb5@users.invalid,1,0,14,150,52,2,52,8,,,,,,0,, Adding `codecarbon detect` CLI and the ability to report on hardware without running measurements.,"Adding `codecarbon detect` CLI and the ability to report on hardware without running measurements.

   * Add `detect` command to CLI to report system hardware without starting a tracker.
   * Create `EmissionsTracker.get_detected_hardware()` to return basic hardware information.
   * Update internal logging to use `get_detected_hardware()`.
   * Create `examples/print_hardware.py` and unit tests.
   * Add documentation for the `detect` command in README and usage guide."
mlco2/codecarbon,398bbe49da45eeb61136d58d1248c0857a7b5f78,2026-01,8,post,2026-01-18T20:26:42Z,2026-01-18T20:26:42Z,u14be2bec7c133bb5,u14be2bec7c133bb5@users.invalid,u14be2bec7c133bb5,u14be2bec7c133bb5@users.invalid,1,0,1,1,0,0,0,0,GEMINI.md,,,,,0,,Link GEMINI.md to copilot instructions.,Link GEMINI.md to copilot instructions.
mlco2/codecarbon,bfc565631e4915e0a8dd3fabf8a22cb47898809c,2026-01,8,post,2026-01-19T09:39:19+01:00,2026-01-19T08:39:19Z,u14be2bec7c133bb5,u14be2bec7c133bb5@users.invalid,GitHub,noreply@github.com,1,0,14,150,52,2,52,8,,,,,,0,1031, Adding `codecarbon detect` CLI and the ability to report on hardware without running measurements. (#1031),"Adding `codecarbon detect` CLI and the ability to report on hardware without running measurements. (#1031)

* Add `detect` command to CLI to report system hardware without starting a tracker.
   * Create `EmissionsTracker.get_detected_hardware()` to return basic hardware information.
   * Update internal logging to use `get_detected_hardware()`.
   * Create `examples/print_hardware.py` and unit tests.
   * Add documentation for the `detect` command in README and usage guide."
mlco2/codecarbon,4563d75e556ef127e84653a54b4b1ad3851a962b,2026-01,8,post,2026-01-19T09:39:46+01:00,2026-01-19T09:39:46+01:00,u17307de1894bf722,u17307de1894bf722@users.invalid,GitHub,noreply@github.com,2,1,0,0,0,0,0,0,,,,,,0,,Merge branch 'master' into feature/gemini-instructions,Merge branch 'master' into feature/gemini-instructions
mlco2/codecarbon,4df10e1dda168f0ab598e4ea752883aaa997e003,2026-01,8,post,2026-01-19T10:28:12+01:00,2026-01-19T10:28:12+01:00,u9dae085cd51385f2,u9dae085cd51385f2@users.invalid,GitHub,noreply@github.com,2,1,0,0,0,0,0,0,,,,,,0,1032,Merge pull request #1032 from mlco2/feature/gemini-instructions,"Merge pull request #1032 from mlco2/feature/gemini-instructions

Link GEMINI.md to copilot instructions"
mlco2/codecarbon,5b455e72cd9711ec46820dc7f8a51f85de6ac398,2026-01,8,post,2026-01-19T15:42:56+01:00,2026-01-19T15:42:56+01:00,u4ffc173d8f6238b8,u4ffc173d8f6238b8@users.invalid,GitHub,noreply@github.com,1,0,1,0,3,1,0,3,,,,,,0,1033,fix: remove duplicate injection of auth_provider in auth endpoint (#1033),fix: remove duplicate injection of auth_provider in auth endpoint (#1033)
mlco2/codecarbon,579aa2d7c4cacd6f70be508de25be6cc8ec92e94,2026-01,8,post,2026-01-19T16:56:05+01:00,2026-01-19T16:56:05+01:00,u4ffc173d8f6238b8,u4ffc173d8f6238b8@users.invalid,GitHub,noreply@github.com,1,0,1,2,5,1,2,5,,,,,,0,1034,fi: deactive audience verification (#1034),fi: deactive audience verification (#1034)
mlco2/codecarbon,fb18c9e2ed12a97db1d167c6222a52eec40e4654,2026-01,8,post,2026-01-22T09:34:08+01:00,2026-01-22T09:34:08+01:00,dependabot[bot],49699333+dependabot[bot]@users.noreply.github.com,GitHub,noreply@github.com,1,0,3,311,148,0,0,0,,,,,dependabot,0,1035,Bump lodash in /webapp in the npm_and_yarn group across 1 directory (#1035),"Bump lodash in /webapp in the npm_and_yarn group across 1 directory (#1035)

Bumps the npm_and_yarn group with 1 update in the /webapp directory: [lodash](https://github.com/lodash/lodash).


Updates `lodash` from 4.17.21 to 4.17.23
- [Release notes](https://github.com/lodash/lodash/releases)
- [Commits](https://github.com/lodash/lodash/compare/4.17.21...4.17.23)

---
updated-dependencies:
- dependency-name: lodash
  dependency-version: 4.17.23
  dependency-type: indirect
  dependency-group: npm_and_yarn
...

Signed-off-by: dependabot[bot] <support@github.com>
Co-authored-by: dependabot[bot] <49699333+dependabot[bot]@users.noreply.github.com>"
mlco2/codecarbon,faf89df14fb5957696d892593ac198294962e38a,2026-01,8,post,2026-01-22T09:41:54+01:00,2026-01-22T09:41:54+01:00,dependabot[bot],49699333+dependabot[bot]@users.noreply.github.com,GitHub,noreply@github.com,1,0,2,4015,4105,0,0,0,,,,,dependabot,0,1036,Bump the uv group across 1 directory with 2 updates (#1036),"Bump the uv group across 1 directory with 2 updates (#1036)

Bumps the uv group with 1 update in the / directory: [filelock](https://github.com/tox-dev/py-filelock).


Updates `filelock` from 3.12.2 to 3.20.3
- [Release notes](https://github.com/tox-dev/py-filelock/releases)
- [Changelog](https://github.com/tox-dev/filelock/blob/main/docs/changelog.rst)
- [Commits](https://github.com/tox-dev/py-filelock/compare/3.12.2...3.20.3)

Updates `virtualenv` from 20.26.6 to 16.7.12
- [Release notes](https://github.com/pypa/virtualenv/releases)
- [Changelog](https://github.com/pypa/virtualenv/blob/16.7.12/docs/changes.rst)
- [Commits](https://github.com/pypa/virtualenv/compare/20.26.6...16.7.12)

---
updated-dependencies:
- dependency-name: filelock
  dependency-version: 3.20.3
  dependency-type: indirect
  dependency-group: uv
- dependency-name: virtualenv
  dependency-version: 16.7.12
  dependency-type: indirect
  dependency-group: uv
...

Signed-off-by: dependabot[bot] <support@github.com>
Co-authored-by: dependabot[bot] <49699333+dependabot[bot]@users.noreply.github.com>"
mlco2/codecarbon,8df711fcd9132af928af34dc7f81835aee4d7e9c,2026-01,8,post,2026-01-24T16:25:38+01:00,2026-01-03T21:09:29+01:00,u5d18afb8afb1c84e,u5d18afb8afb1c84e@users.invalid,u9e998c0e62e11e7f,u9e998c0e62e11e7f@users.invalid,1,0,9,26,142,0,0,0,,,,,,0,,Remove fief lib from frontend,Remove fief lib from frontend
mlco2/codecarbon,df1a1cdd3f6034ebec8fd6d3d5f7d41a2d35112b,2026-01,8,post,2026-01-25T15:42:36Z,2026-01-25T15:42:36Z,u14be2bec7c133bb5,u14be2bec7c133bb5@users.invalid,u14be2bec7c133bb5,u14be2bec7c133bb5@users.invalid,1,0,1,0,0,0,0,0,GEMINI.md,,,,,0,,Fix GEMINI.md symlink,Fix GEMINI.md symlink
mlco2/codecarbon,3ffd89dbc33785eade44665f140b94729f266039,2026-01,8,post,2026-01-25T15:47:16Z,2026-01-25T15:47:16Z,u14be2bec7c133bb5,u14be2bec7c133bb5@users.invalid,GitHub,noreply@github.com,2,1,0,0,0,0,0,0,,,,,,0,,Merge branch 'master' into feature/gemini-instructions,Merge branch 'master' into feature/gemini-instructions
mlco2/codecarbon,b861a4e1e6a4a15f243febbb73324bd3f77d1691,2026-01,8,post,2026-01-25T15:47:47Z,2026-01-25T15:42:36Z,u14be2bec7c133bb5,u14be2bec7c133bb5@users.invalid,u14be2bec7c133bb5,u14be2bec7c133bb5@users.invalid,1,0,1,0,0,0,0,0,GEMINI.md,,,,,0,,Fix GEMINI.md symlink,Fix GEMINI.md symlink
mlco2/codecarbon,758bc0db0c81a1295b6db77275abb016d39d8a25,2026-01,8,post,2026-01-25T16:00:16Z,2026-01-25T16:00:16Z,u14be2bec7c133bb5,u14be2bec7c133bb5@users.invalid,u14be2bec7c133bb5,u14be2bec7c133bb5@users.invalid,2,1,0,0,0,0,0,0,,,,,,0,,Merge branch 'feature/gemini-instructions' of github.com:mlco2/codecarbon into feature/gemini-instructions,Merge branch 'feature/gemini-instructions' of github.com:mlco2/codecarbon into feature/gemini-instructions
mlco2/codecarbon,b748dd82022f3c921143fdb73d2247414a075b4f,2026-01,8,post,2026-01-25T19:44:50+01:00,2026-01-25T19:44:50+01:00,u9dae085cd51385f2,u9dae085cd51385f2@users.invalid,GitHub,noreply@github.com,2,1,0,0,0,0,0,0,,,,,,0,1041,Merge pull request #1041 from mlco2/feature/gemini-instructions,"Merge pull request #1041 from mlco2/feature/gemini-instructions

Fix GEMINI.md symlink"
mlco2/codecarbon,826ca5680e98c876dee1283dbed2a953d7308a0c,2026-01,8,post,2026-01-25T19:45:24+01:00,2026-01-22T15:48:14+01:00,u085b861680ba7df6,u085b861680ba7df6@users.invalid,u9dae085cd51385f2,u9dae085cd51385f2@users.invalid,1,0,1,4,1,1,4,1,,,,,,0,,Add error handling for memory info retrieval,"Add error handling for memory info retrieval

Handle NVMLError_NotSupported when getting memory info for NVIDIA Blackwell GPUs"
mlco2/codecarbon,58d77d23f5d61503699ad0f00d5fcd4c936d87e8,2026-01,8,post,2026-01-25T19:45:24+01:00,2026-01-22T16:31:27+01:00,u9dae085cd51385f2,u9dae085cd51385f2@users.invalid,u9dae085cd51385f2,u9dae085cd51385f2@users.invalid,1,0,1,2,1,1,2,1,,,,,,0,,lint,lint
mlco2/codecarbon,ac5a465f72f1bd7f652a6af4d57ff5adf7f6bac7,2026-01,8,post,2026-01-25T19:45:24+01:00,2026-01-22T17:13:05+01:00,u085b861680ba7df6,u085b861680ba7df6@users.invalid,u9dae085cd51385f2,u9dae085cd51385f2@users.invalid,1,0,1,1,1,1,1,1,,,,,,0,,Fix exception catching syntax,Fix exception catching syntax
mlco2/codecarbon,4a371a3db60f7761f75920439eb9be8b6117d542,2026-01,8,post,2026-01-25T19:45:24+01:00,2026-01-22T17:15:03+01:00,u085b861680ba7df6,u085b861680ba7df6@users.invalid,u9dae085cd51385f2,u9dae085cd51385f2@users.invalid,1,0,1,1,1,1,1,1,,,,,,0,,Update error comment,Update error comment
mlco2/codecarbon,9f4e7c433c097cf2401ce584cf2832e2bff72f5e,2026-01,8,post,2026-01-26T10:11:13+01:00,2026-01-26T10:11:13+01:00,u9dae085cd51385f2,u9dae085cd51385f2@users.invalid,GitHub,noreply@github.com,2,1,0,0,0,0,0,0,,,,,,0,1038,Merge pull request #1038 from h61a2eb2faa55bb19/master,"Merge pull request #1038 from h61a2eb2faa55bb19/master

Fix tracking for NVIDIA Blackwell GPUs (catching pynvml.NVMLError_NotSupported)"
mlco2/codecarbon,ff42ef0a7c116b362ba8fd77bcf329e951326107,2026-01,8,post,2026-01-27T11:07:24+01:00,2025-11-17T20:38:22+01:00,u0f73e971f3544cff,u0f73e971f3544cff@users.invalid,u9dae085cd51385f2,u9dae085cd51385f2@users.invalid,1,0,1,137,0,0,0,0,,,,,,0,,Add Contributor Covenant Code of Conduct,"Add Contributor Covenant Code of Conduct

Added a comprehensive Code of Conduct for community participation, outlining pledges, standards, enforcement responsibilities, and guidelines."
mlco2/codecarbon,920fde37fa987e1a688e41040afb6a62c57eca5a,2026-01,8,post,2026-01-27T11:07:24+01:00,2025-11-22T18:10:51+01:00,u0f73e971f3544cff,u0f73e971f3544cff@users.invalid,u9dae085cd51385f2,u9dae085cd51385f2@users.invalid,1,0,1,56,101,0,0,0,,,,,,0,,Revise Code of Conduct to Contributor Covenant 3.0,"Revise Code of Conduct to Contributor Covenant 3.0

Updated the Code of Conduct to version 3.0, incorporating new standards and enforcement guidelines."
mlco2/codecarbon,0e7a1cc1a6aa885088953edb2009a4134fb4a12c,2026-02,9,post,2026-02-01T11:08:13+01:00,2026-02-01T11:08:13+01:00,u585ec54554c4b434,u585ec54554c4b434@users.invalid,u585ec54554c4b434,u585ec54554c4b434@users.invalid,1,0,3,3,3,1,1,1,,,,,,0,,bump,bump
mlco2/codecarbon,56ac4c7d658991d330f743ae21745e41af41f877,2026-02,9,post,2026-02-01T11:08:52+01:00,2026-02-01T11:08:52+01:00,u585ec54554c4b434,u585ec54554c4b434@users.invalid,u585ec54554c4b434,u585ec54554c4b434@users.invalid,1,0,1,1749,869,0,0,0,,,,,,0,,bump deps,bump deps
mlco2/codecarbon,d45ec0df23dbc9043546a62a5afb1cc5fc4d8aed,2026-02,9,post,2026-02-01T11:10:05+01:00,2026-02-01T11:10:05+01:00,u585ec54554c4b434,u585ec54554c4b434@users.invalid,u585ec54554c4b434,u585ec54554c4b434@users.invalid,1,0,27,264,379,0,0,0,,,,,,0,,docs website,docs website
mlco2/codecarbon,efedba874bfc3feeeaca600f6aef9cb034e5abb6,2026-02,9,post,2026-02-01T22:54:27+01:00,2026-02-01T22:54:27+01:00,u9dae085cd51385f2,u9dae085cd51385f2@users.invalid,GitHub,noreply@github.com,2,1,0,0,0,0,0,0,,,,,,0,1042,Merge pull request #1042 from mlco2/chore/next_release,"Merge pull request #1042 from mlco2/chore/next_release

Release V3.2.2"
mlco2/codecarbon,ccbd84be95a50c1aca016935667f461df59f9837,2026-02,9,post,2026-02-01T22:00:13Z,2026-02-01T22:00:13Z,dependabot[bot],49699333+dependabot[bot]@users.noreply.github.com,GitHub,noreply@github.com,1,0,2,25,121,0,0,0,,,,,dependabot,0,,Bump the uv group across 2 directories with 3 updates,"Bump the uv group across 2 directories with 3 updates

Bumps the uv group with 2 updates in the / directory: [filelock](https://github.com/tox-dev/py-filelock) and [protobuf](https://github.com/protocolbuffers/protobuf).
Bumps the uv group with 1 update in the /requirements directory: [protobuf](https://github.com/protocolbuffers/protobuf).


Updates `filelock` from 3.12.2 to 3.20.3
- [Release notes](https://github.com/tox-dev/py-filelock/releases)
- [Changelog](https://github.com/tox-dev/filelock/blob/main/docs/changelog.rst)
- [Commits](https://github.com/tox-dev/py-filelock/compare/3.12.2...3.20.3)

Updates `protobuf` from 6.33.4 to 6.33.5
- [Release notes](https://github.com/protocolbuffers/protobuf/releases)
- [Commits](https://github.com/protocolbuffers/protobuf/commits)

Updates `virtualenv` from 20.26.6 to 16.7.12
- [Release notes](https://github.com/pypa/virtualenv/releases)
- [Changelog](https://github.com/pypa/virtualenv/blob/16.7.12/docs/changes.rst)
- [Commits](https://github.com/pypa/virtualenv/compare/20.26.6...16.7.12)

Updates `protobuf` from 6.33.4 to 6.33.5
- [Release notes](https://github.com/protocolbuffers/protobuf/releases)
- [Commits](https://github.com/protocolbuffers/protobuf/commits)

---
updated-dependencies:
- dependency-name: filelock
  dependency-version: 3.20.3
  dependency-type: indirect
  dependency-group: uv
- dependency-name: protobuf
  dependency-version: 6.33.5
  dependency-type: direct:production
  dependency-group: uv
- dependency-name: virtualenv
  dependency-version: 16.7.12
  dependency-type: indirect
  dependency-group: uv
- dependency-name: protobuf
  dependency-version: 6.33.5
  dependency-type: direct:production
  dependency-group: uv
...

Signed-off-by: dependabot[bot] <support@github.com>"
mlco2/codecarbon,4ff99ec7bed8134e2504d440912e569f0a055a1a,2026-02,9,post,2026-02-02T11:46:12+01:00,2026-02-02T11:46:12+01:00,u9dae085cd51385f2,u9dae085cd51385f2@users.invalid,GitHub,noreply@github.com,2,1,0,0,0,0,0,0,,,,,,0,1047,Merge pull request #1047 from mlco2/dependabot/uv/uv-e3afb25b62,"Merge pull request #1047 from mlco2/dependabot/uv/uv-e3afb25b62

Bump the uv group across 2 directories with 3 updates"
mlco2/codecarbon,57af69cc7feef03d670ee0a85ebac588e5745857,2026-02,9,post,2026-02-03T08:35:46Z,2026-02-03T09:35:46+01:00,u4ffc173d8f6238b8,u4ffc173d8f6238b8@users.invalid,GitHub,noreply@github.com,1,0,1,1,3,0,0,0,,,,,,0,1048,chore: re-compile dependencies (#1048),"chore: re-compile dependencies (#1048)

Co-authored-by: u17307de1894bf722 <u17307de1894bf722@users.invalid>"
mlco2/codecarbon,60ced447958be1842bcc93e2fcf6505769b59aaa,2026-02,9,post,2026-02-03T17:21:08Z,2026-02-03T17:14:30Z,u14be2bec7c133bb5,u14be2bec7c133bb5@users.invalid,u14be2bec7c133bb5,u14be2bec7c133bb5@users.invalid,1,0,4,467,1,0,0,0,,,,,,0,,Add coverage badge and workflow,Add coverage badge and workflow
mlco2/codecarbon,1db90eb2eb597cc4453511929ecd2995f7efc708,2026-02,9,post,2026-02-03T18:48:30Z,2026-02-03T18:42:07Z,u14be2bec7c133bb5,u14be2bec7c133bb5@users.invalid,u14be2bec7c133bb5,u14be2bec7c133bb5@users.invalid,1,0,1,116,104,0,0,0,,,,,,0,,Fix uv.lock consistency,Fix uv.lock consistency
mlco2/codecarbon,087927b924980f1a95de812fac0fcfc74e0af3b6,2026-02,9,post,2026-02-04T09:35:35+01:00,2026-02-04T09:35:35+01:00,u9dae085cd51385f2,u9dae085cd51385f2@users.invalid,GitHub,noreply@github.com,2,1,0,0,0,0,0,0,,,,,,0,1049,Merge pull request #1049 from mlco2/feature/coverage_badge,"Merge pull request #1049 from mlco2/feature/coverage_badge

Add coverage badge and workflow"
mlco2/codecarbon,979343cf3716e905726a516ce1a4d5172744c3e3,2026-02,9,post,2026-02-04T08:43:48Z,2026-02-04T09:43:48+01:00,u17307de1894bf722,u17307de1894bf722@users.invalid,GitHub,noreply@github.com,1,0,4,1956,1472,0,0,0,,,,,,0,1044,chore (ui): upgrade node (#1044),"chore (ui): upgrade node (#1044)

* chore: upgrade node

* fix: update packages

* fix: node 24 instead"
mlco2/codecarbon,2d52a203cd32b8fc5f7b1d709d96983b9d216e24,2026-02,9,post,2026-02-05T16:08:21Z,2026-02-05T16:08:21Z,u1e24b8681418bf9d,u1e24b8681418bf9d@users.invalid,u1e24b8681418bf9d,u1e24b8681418bf9d@users.invalid,1,0,1,1,1,0,0,0,,B,claude,trailer;identity,,0,,fix: update setuptools requirement to >=77 for PEP639 support,"fix: update setuptools requirement to >=77 for PEP639 support

The project uses PEP639 project source metadata (license = ""MIT"" and
license-files = [""LICENSE""]) which requires setuptools >= 77. This fixes
installation failures when using older versions of setuptools.

Fixes #1052

Co-Authored-By: Claude (claude-opus-4-5) <noreply@anthropic.com>"
mlco2/codecarbon,94f933593df41acf63df87245b5ffe72dff042be,2026-02,9,post,2026-02-05T17:59:47+01:00,2026-02-05T17:59:47+01:00,u9dae085cd51385f2,u9dae085cd51385f2@users.invalid,GitHub,noreply@github.com,2,1,0,0,0,0,0,0,,,,,,0,1053,Merge pull request #1053 from h566712721121bebb/fix/update-setuptools-requirement-for-pep639,"Merge pull request #1053 from h566712721121bebb/fix/update-setuptools-requirement-for-pep639

fix: update setuptools requirement to >=77 for PEP639 support"
mlco2/codecarbon,53eec49b943c7ac84bba8af5fc3a09bb3ce25b25,2026-02,9,post,2026-02-08T17:21:28+01:00,2026-02-08T17:21:28+01:00,u17307de1894bf722,u17307de1894bf722@users.invalid,GitHub,noreply@github.com,1,0,6,7,85,3,3,13,,,,,,0,1055,fix(api): remove logfire from api server (#1055),"fix(api): remove logfire from api server (#1055)

* fix(api): deactivate logfire if not compatible

* fix: remove logfire depencies

* fix: remove logfire from the server"
mlco2/codecarbon,91eee4a0fd7c6acefa35d501b63ccfbd2cd8f438,2026-02,9,post,2026-02-08T19:24:26+01:00,2026-02-05T17:51:47+01:00,u42bc0ddbe0f9c4d7,u42bc0ddbe0f9c4d7@users.invalid,u585ec54554c4b434,u585ec54554c4b434@users.invalid,1,0,2,43,8,2,43,8,,,,,,0,,fix: improve CPU detection on Windows and enhance psutil availability check to work on Windows as well,fix: improve CPU detection on Windows and enhance psutil availability check to work on Windows as well
mlco2/codecarbon,489afe5463ba39b6af5595da5c5f577cb458ce35,2026-02,9,post,2026-02-08T19:24:26+01:00,2026-02-06T16:59:04+01:00,u42bc0ddbe0f9c4d7,u42bc0ddbe0f9c4d7@users.invalid,u585ec54554c4b434,u585ec54554c4b434@users.invalid,1,0,2,39,8,1,17,6,,,,,,0,,fix: add tests for psutil availability and physical cpu count,fix: add tests for psutil availability and physical cpu count
mlco2/codecarbon,6020c6d1d0bdfed218d338c9ebe0893d16f01e6d,2026-02,9,post,2026-02-08T19:31:35+01:00,2026-02-08T19:31:35+01:00,u585ec54554c4b434,u585ec54554c4b434@users.invalid,u585ec54554c4b434,u585ec54554c4b434@users.invalid,1,0,2,4,5,2,4,5,,,,,,0,,lint,lint
mlco2/codecarbon,31c3f4c5d0969c4fd925c32534dc656d1afbc1b4,2026-02,9,post,2026-02-08T19:46:56+01:00,2026-02-08T19:46:56+01:00,u585ec54554c4b434,u585ec54554c4b434@users.invalid,u585ec54554c4b434,u585ec54554c4b434@users.invalid,1,0,1,1,9,1,1,9,,,,,,0,,Fix type,Fix type
mlco2/codecarbon,9e72978a601a3d58ce0a2f1db62192bcd6c354f2,2026-02,9,post,2026-02-08T19:47:24+01:00,2026-02-08T19:47:24+01:00,u585ec54554c4b434,u585ec54554c4b434@users.invalid,u585ec54554c4b434,u585ec54554c4b434@users.invalid,1,0,1,20,11,0,0,0,,,,,,0,,Better test,Better test
mlco2/codecarbon,abcaf046353e0a39dfe15c9a9a65b8bb43b976d2,2026-02,9,post,2026-02-08T20:17:47+01:00,2026-02-08T20:17:47+01:00,u585ec54554c4b434,u585ec54554c4b434@users.invalid,u585ec54554c4b434,u585ec54554c4b434@users.invalid,1,0,1,30,0,0,0,0,,,,,,0,,test: improve coverage for Windows platform detection,"test: improve coverage for Windows platform detection

- Add test for is_psutil_available() with small nice value
- Add comprehensive error handling tests for count_physical_cpus() on Windows:
  - CalledProcessError
  - TimeoutExpired
  - ValueError for invalid output

This brings test coverage to 100% for the Windows-specific code paths added in the PR."
mlco2/codecarbon,3242f27a015d74bdeaf15b17553e81692952b481,2026-02,9,post,2026-02-08T20:25:28+01:00,2026-02-08T20:25:28+01:00,u9dae085cd51385f2,u9dae085cd51385f2@users.invalid,GitHub,noreply@github.com,2,1,0,0,0,0,0,0,,,,,,0,1054,Merge pull request #1054 from hedd9d962c5a61af1/experiment,"Merge pull request #1054 from hedd9d962c5a61af1/experiment

Fix issues for Windows hosts"
mlco2/codecarbon,b2f025dcfed01913a1c91fe12f46d4364bea60aa,2026-02,9,post,2026-02-08T20:35:23+01:00,2026-02-04T16:32:31Z,u14be2bec7c133bb5,u14be2bec7c133bb5@users.invalid,u9dae085cd51385f2,u9dae085cd51385f2@users.invalid,1,0,2,123,6,1,23,6,,,,,,0,994,Accumulate emissions periodically to capture carbon intensity variations (#994),Accumulate emissions periodically to capture carbon intensity variations (#994)
mlco2/codecarbon,7505c65cf27edf76490b8a982aeeb53d3b69d285,2026-02,9,post,2026-02-08T20:35:23+01:00,2026-02-04T17:26:54Z,u14be2bec7c133bb5,u14be2bec7c133bb5@users.invalid,u9dae085cd51385f2,u9dae085cd51385f2@users.invalid,1,0,1,93,0,0,0,0,,,,,,0,,Merge cumulative emissions test into TestVariableEmissions and delete temp file,Merge cumulative emissions test into TestVariableEmissions and delete temp file
mlco2/codecarbon,176db276449a54a3159a2cde2c18fcb5180494ae,2026-02,9,post,2026-02-08T20:35:23+01:00,2026-02-04T17:30:01Z,u14be2bec7c133bb5,u14be2bec7c133bb5@users.invalid,u9dae085cd51385f2,u9dae085cd51385f2@users.invalid,1,0,1,0,100,0,0,0,,,,,,0,,Fix TestVariableEmissions class definition and cleanup,Fix TestVariableEmissions class definition and cleanup
mlco2/codecarbon,cc62d32a201463de722f6b4fb8875a2e7cef24ea,2026-02,9,post,2026-02-08T20:35:23+01:00,2026-02-04T17:34:20Z,u14be2bec7c133bb5,u14be2bec7c133bb5@users.invalid,u9dae085cd51385f2,u9dae085cd51385f2@users.invalid,1,0,1,7,5,0,0,0,,,,,,0,,Refactor: Unified TestVariableEmissions class and merged cumulative tests,Refactor: Unified TestVariableEmissions class and merged cumulative tests
mlco2/codecarbon,e38dfb30084b5eb7a35017e9388711b445e7c77b,2026-02,9,post,2026-02-08T20:38:49+01:00,2026-02-08T20:38:49+01:00,u9dae085cd51385f2,u9dae085cd51385f2@users.invalid,GitHub,noreply@github.com,2,1,0,0,0,0,0,0,,,,,,0,1050,Merge pull request #1050 from mlco2/feature/issue-994,"Merge pull request #1050 from mlco2/feature/issue-994

Compute emissions based on ongoing carbon intensity"
mlco2/codecarbon,f21512e2807282975134c9c83ada8033ee241a76,2026-02,9,post,2026-02-12T12:43:23+01:00,2026-02-12T12:43:23+01:00,u17307de1894bf722,u17307de1894bf722@users.invalid,GitHub,noreply@github.com,1,0,2,12,12,1,0,5,,,,,,0,1059,chore: update pre-commit to run autoflake first (#1059),chore: update pre-commit to run autoflake first (#1059)
mlco2/codecarbon,938ec47375af15aa3e5c6b526a8cbf59e10b71cc,2026-02,9,post,2026-02-12T22:13:12+01:00,2026-02-11T02:45:42Z,dependabot[bot],49699333+dependabot[bot]@users.noreply.github.com,u9dae085cd51385f2,u9dae085cd51385f2@users.invalid,1,0,1,2,2,0,0,0,,,,,dependabot,0,,Bump the pip group across 2 directories with 1 update,"Bump the pip group across 2 directories with 1 update

Bumps the pip group with 1 update in the / directory: [cryptography](https://github.com/pyca/cryptography).
Bumps the pip group with 1 update in the /requirements directory: [cryptography](https://github.com/pyca/cryptography).


Updates `cryptography` from 46.0.3 to 46.0.5
- [Changelog](https://github.com/pyca/cryptography/blob/main/CHANGELOG.rst)
- [Commits](https://github.com/pyca/cryptography/compare/46.0.3...46.0.5)

Updates `cryptography` from 46.0.3 to 46.0.5
- [Changelog](https://github.com/pyca/cryptography/blob/main/CHANGELOG.rst)
- [Commits](https://github.com/pyca/cryptography/compare/46.0.3...46.0.5)

---
updated-dependencies:
- dependency-name: cryptography
  dependency-version: 46.0.5
  dependency-type: direct:production
  dependency-group: pip
- dependency-name: cryptography
  dependency-version: 46.0.5
  dependency-type: direct:production
  dependency-group: pip
...

Signed-off-by: dependabot[bot] <support@github.com>"
mlco2/codecarbon,c4be42328371c242c8df76616f61c6c982dd3c4f,2026-02,9,post,2026-02-12T22:13:49+01:00,2026-02-12T22:13:49+01:00,u9dae085cd51385f2,u9dae085cd51385f2@users.invalid,GitHub,noreply@github.com,2,1,0,0,0,0,0,0,,,,,,0,1058,Merge pull request #1058 from mlco2/dependabot/pip/pip-4ec0571fdd,"Merge pull request #1058 from mlco2/dependabot/pip/pip-4ec0571fdd

Bump the pip group across 2 directories with 1 update"
mlco2/codecarbon,f13351a0992d8c5a8f23a2dd5b5e76c37a35d4cc,2026-02,9,post,2026-02-13T19:12:16+01:00,2026-02-13T19:12:16+01:00,u17307de1894bf722,u17307de1894bf722@users.invalid,GitHub,noreply@github.com,1,0,6,372,18,3,221,16,,,,,,0,1004,feat: codecarbon monitor -- any_command (#1004),"feat: codecarbon monitor -- any_command (#1004)

* feat: codecarbon run -- any_command

* Process mode

* Monitor sub-process

* fix: rename to codecarbon monitor

* style: pre-commit changes

* tests: tests for the cli

---------

Co-authored-by: u11d965fe4df279f7 <u11d965fe4df279f7@users.invalid>"
mlco2/codecarbon,c06daf5113a67ce407bd66c8ea661b68580748d4,2026-02,9,post,2026-02-15T17:27:33+01:00,2026-02-15T17:27:33+01:00,ud32d0346b8111cc9,ud32d0346b8111cc9@users.invalid,GitHub,noreply@github.com,1,0,11,6400,4786,5,46,255,,,,,,0,1040,use oauth lib for oidc (#1040),"use oauth lib for oidc (#1040)

* use oauth lib for oidc

let the lib do the work instead of building requests and urls
uses the well-known endpoint
fixes the urls only working on fief

* fix: add authlib + format code

* fix: starlette version

* use oauth lib for oidc

let the lib do the work instead of building requests and urls
uses the well-known endpoint
fixes the urls only working on fief

* fix: add authlib + format code

* chore(carbonserver) adjust auth test

* update lock file

* fix: itsdangerous added to pyproject

---------

Co-authored-by: ucc4fe1881791db26 <ucc4fe1881791db26@users.invalid>
Co-authored-by: u09dcc1f39603dd20 <u09dcc1f39603dd20@users.invalid>"
mlco2/codecarbon,136c10665829b94a265e14190dd0615f6d7b667b,2026-02,9,post,2026-02-15T17:50:53+01:00,2026-01-24T19:39:55+01:00,u5d18afb8afb1c84e,u5d18afb8afb1c84e@users.invalid,u9e998c0e62e11e7f,u9e998c0e62e11e7f@users.invalid,1,0,2,68,400,1,23,0,,,,,,0,,use oauth lib for oidc,"use oauth lib for oidc

let the lib do the work instead of building requests and urls
uses the well-known endpoint
fixes the urls only working on fief"
mlco2/codecarbon,9b1d259bff0b1bf84183821b132fee89069e806b,2026-02,9,post,2026-02-16T19:56:41+01:00,2026-02-16T19:56:41+01:00,u17307de1894bf722,u17307de1894bf722@users.invalid,GitHub,noreply@github.com,1,0,3,27,18,3,27,18,,,,,,0,1069,fix: get fief config from env var (#1069),"fix: get fief config from env var (#1069)

* tmp

* fix: get fief config from env var"
mlco2/codecarbon,ad5efeae9bd397a9508c8fd62c2817feb9712ded,2026-02,9,post,2026-02-18T09:23:06+01:00,2026-02-18T09:23:06+01:00,u17307de1894bf722,u17307de1894bf722@users.invalid,GitHub,noreply@github.com,1,0,2,14,7,2,14,7,,,,,,0,1070,fix(api): add call to sign_up_service (#1070),"fix(api): add call to sign_up_service (#1070)

* test(carbonserver): unit tests were escaped

* temp

* fix: add call to sign_up_service

* fix: get_user_info in auth_provider

* test: delete authenticate test

* fix: remove unrelated files"
mlco2/codecarbon,0b37824274a92b0a3e35e6c4fd4838dad2775bfb,2026-02,9,post,2026-02-18T08:23:47Z,2026-02-18T09:23:47+01:00,u17307de1894bf722,u17307de1894bf722@users.invalid,GitHub,noreply@github.com,1,0,6,23,24,2,2,3,,,,,,0,1068,test(carbonserver): unit tests were escaped (#1068),test(carbonserver): unit tests were escaped (#1068)
mlco2/codecarbon,145fe9934cf2c77dbbc4075550789fb8903285ef,2026-02,9,post,2026-02-22T11:14:48+01:00,2026-02-22T11:14:48+01:00,ud32d0346b8111cc9,ud32d0346b8111cc9@users.invalid,GitHub,noreply@github.com,1,0,6,380,42,2,233,38,,,,,,0,1066,fix: Cli OIDC fix (#1066),"fix: Cli OIDC fix (#1066)

* feat: add missing oidc auth on cli

* fix: add authlib to core dependencies

fix: fix tests

* test: add auth tests for the cli

---------

Co-authored-by: ud79fc260951ed870 <ud79fc260951ed870@users.invalid>
Co-authored-by: u09dcc1f39603dd20 <u09dcc1f39603dd20@users.invalid>"
mlco2/codecarbon,91ec9aca91d8027228a958eef77c6817e6b1f200,2026-02,9,post,2026-02-22T11:31:00+01:00,2026-02-22T11:31:00+01:00,u17307de1894bf722,u17307de1894bf722@users.invalid,GitHub,noreply@github.com,1,0,5,103,13,2,44,12,,,,,,0,1074,fix(api): logout flow in the dashboard (#1074),"fix(api): logout flow in the dashboard (#1074)

* fix(api): logout flow in the dashboard

* fix:allow only authenticated users to logout

* test: fix test_authenticate

* fix: move create_redirect_response to auth_provider"
mlco2/codecarbon,ab4d7ef92b7bf78cdd9bbf961d49dd4e8b85a158,2026-02,9,post,2026-02-22T13:19:51+01:00,2026-02-13T20:13:26+01:00,u585ec54554c4b434,u585ec54554c4b434@users.invalid,u585ec54554c4b434,u585ec54554c4b434@users.invalid,1,0,1,1,0,0,0,0,,,,,,0,,Add i5-1335U,Add i5-1335U
mlco2/codecarbon,232f704a9758309a2f970abfab1b01a9eab3428e,2026-02,9,post,2026-02-22T13:19:51+01:00,2026-02-13T20:45:28+01:00,u585ec54554c4b434,u585ec54554c4b434@users.invalid,u585ec54554c4b434,u585ec54554c4b434@users.invalid,1,0,1,5,3,0,0,0,,,,,,0,,clean doc,clean doc
mlco2/codecarbon,75725d13bc23693b5d29d871c41ee0c7f661bbb8,2026-02,9,post,2026-02-22T13:19:51+01:00,2026-02-13T20:47:38+01:00,u585ec54554c4b434,u585ec54554c4b434@users.invalid,u585ec54554c4b434,u585ec54554c4b434@users.invalid,1,0,1,6,0,0,0,0,,,,,,0,,doc,doc
mlco2/codecarbon,23965300350a6a722168817b611fb160dcab07d6,2026-02,9,post,2026-02-22T13:19:51+01:00,2026-02-13T20:48:59+01:00,u585ec54554c4b434,u585ec54554c4b434@users.invalid,u585ec54554c4b434,u585ec54554c4b434@users.invalid,1,0,2,63,8,1,14,8,,,,,,0,,Fix You have a 13th Gen Intel(R) Core(TM) i5-1335U but we don't know it Fixes #1051,"Fix You have a 13th Gen Intel(R) Core(TM) i5-1335U but we don't know it
Fixes #1051"
mlco2/codecarbon,7c482a49a8660294bb8ba36f2cad59398c88d2fc,2026-02,9,post,2026-02-22T13:20:24+01:00,2026-02-13T20:49:14+01:00,u585ec54554c4b434,u585ec54554c4b434@users.invalid,u585ec54554c4b434,u585ec54554c4b434@users.invalid,1,0,4,867,4327,1,1,1,,,,,,0,,bump,bump
mlco2/codecarbon,ed7a9886f1d4b4c0b0dc4efc2438878f8229d9ea,2026-02,9,post,2026-02-22T13:20:25+01:00,2026-02-13T22:23:15+01:00,u585ec54554c4b434,u585ec54554c4b434@users.invalid,u585ec54554c4b434,u585ec54554c4b434@users.invalid,1,0,23,156,43,0,0,0,,,,,,0,,build doc,build doc
mlco2/codecarbon,a40f5049bf7802370669c1dce5a437607f20fb86,2026-02,9,post,2026-02-22T13:20:25+01:00,2026-02-13T22:34:41+01:00,u585ec54554c4b434,u585ec54554c4b434@users.invalid,u585ec54554c4b434,u585ec54554c4b434@users.invalid,1,0,1,76,0,0,0,0,,,,,,0,,Add more test,Add more test
mlco2/codecarbon,387a468de8dd96e7670bfcbebfba5f2818f0a158,2026-02,9,post,2026-02-22T13:20:25+01:00,2026-02-13T23:07:16+01:00,u585ec54554c4b434,u585ec54554c4b434@users.invalid,u585ec54554c4b434,u585ec54554c4b434@users.invalid,1,0,2,18,2,0,0,0,,,,,,0,,coverage config,coverage config
mlco2/codecarbon,65f08c9cdf1624723af1ad7ce0bd9aee6b04cedd,2026-02,9,post,2026-02-22T13:20:25+01:00,2026-02-22T13:18:49+01:00,u585ec54554c4b434,u585ec54554c4b434@users.invalid,u585ec54554c4b434,u585ec54554c4b434@users.invalid,1,0,1,25,0,0,0,0,,,,,,0,,doc rebase,doc rebase
mlco2/codecarbon,0e791bb77406ca0eac424bb2d4a420cea0fa473f,2026-02,9,post,2026-02-22T13:21:31+01:00,2026-02-22T13:21:31+01:00,u585ec54554c4b434,u585ec54554c4b434@users.invalid,u585ec54554c4b434,u585ec54554c4b434@users.invalid,1,0,1,3279,3144,0,0,0,,,,,,0,,Deps upgrade,Deps upgrade
mlco2/codecarbon,f5fa2905ecf8b0f44cd376387f77b4ccea4bd1c0,2026-02,9,post,2026-02-22T13:29:47+01:00,2026-02-22T13:29:47+01:00,u9dae085cd51385f2,u9dae085cd51385f2@users.invalid,GitHub,noreply@github.com,2,1,0,0,0,0,0,0,,,,,,0,1060,Merge pull request #1060 from mlco2/fix/#1051,"Merge pull request #1060 from mlco2/fix/#1051

Fix #1051 - Fix a warning about CPU when RAPL works so did not need CPU"
mlco2/codecarbon,404a0c269c3a40738cbf417f4e703f1a930335bf,2026-02,9,post,2026-02-22T12:31:37Z,2026-02-22T12:31:37Z,dependabot[bot],49699333+dependabot[bot]@users.noreply.github.com,GitHub,noreply@github.com,1,0,1,46,79,0,0,0,,,,,dependabot,0,,Bump filelock from 3.16.1 to 3.20.3 in the uv group across 1 directory,"Bump filelock from 3.16.1 to 3.20.3 in the uv group across 1 directory

Bumps the uv group with 1 update in the / directory: [filelock](https://github.com/tox-dev/py-filelock).


Updates `filelock` from 3.16.1 to 3.20.3
- [Release notes](https://github.com/tox-dev/py-filelock/releases)
- [Changelog](https://github.com/tox-dev/filelock/blob/main/docs/changelog.rst)
- [Commits](https://github.com/tox-dev/py-filelock/compare/3.16.1...3.20.3)

---
updated-dependencies:
- dependency-name: filelock
  dependency-version: 3.20.3
  dependency-type: indirect
  dependency-group: uv
...

Signed-off-by: dependabot[bot] <support@github.com>"
mlco2/codecarbon,b370a5a1a8d3b55b15b2f832825f6c0bfdbec7bc,2026-02,9,post,2026-02-22T13:48:57+01:00,2026-02-22T13:48:57+01:00,u9dae085cd51385f2,u9dae085cd51385f2@users.invalid,GitHub,noreply@github.com,2,1,0,0,0,0,0,0,,,,,,0,1075,Merge pull request #1075 from mlco2/dependabot/uv/uv-81c3d069c8,"Merge pull request #1075 from mlco2/dependabot/uv/uv-81c3d069c8

Bump filelock from 3.16.1 to 3.20.3 in the uv group across 1 directory"
mlco2/codecarbon,521adc8b79680bb73e2d13a14e39ae948a16fc4a,2026-02,9,post,2026-02-26T11:02:52+01:00,2026-02-26T15:32:52+05:30,u1d278a10c4c3b128,u1d278a10c4c3b128@users.invalid,GitHub,noreply@github.com,1,0,2,38,5,1,5,5,,,,,,0,1080,fix(cli): avoid traceback noise in config auth failures (#1080),fix(cli): avoid traceback noise in config auth failures (#1080)
mlco2/codecarbon,db0d7495ebefacb21cbc44d0e9618c26364724af,2026-02,9,post,2026-02-27T10:43:50+01:00,2026-02-27T10:43:50+01:00,u943e2fa1191679f0,u943e2fa1191679f0@users.invalid,GitHub,noreply@github.com,1,0,235,4365,45285,2,58,46,.github/copilot-instructions.md,B,cursor,trailer;identity,,0,1073,docs: port documentation to Markdown with Zensical theme (#1073),"docs: port documentation to Markdown with Zensical theme (#1073)

* docs: port documentation to Markdown with Zensical theme

- Convert RST docs to Markdown format
- Add zensical.yml configuration
- Use CodeCarbon teal branding (matching logo)
- Fix index.md formatting
- Add proper headers and structure matching original RST

* chore: update documentation and configuration for Zensical theme

- Added deployment directory to .gitignore
- Updated CONTRIBUTING.md to reflect changes in documentation structure
- Replaced Sphinx with Zensical for documentation generation
- Updated README and other documentation files to align with new structure
- Removed obsolete zensical.toml and related files
- Adjusted build commands in pyproject.toml for Zensical integration

---------

Co-authored-by: ud79fc260951ed870 <ud79fc260951ed870@users.invalid>
Co-authored-by: u09dcc1f39603dd20 <u09dcc1f39603dd20@users.invalid>

* refactor(tests): format assertion for better readability in test_emissions_tracker_constant

- Updated the assertion for cpu_power to improve code clarity by breaking it into multiple lines.

* docs: add standalone installer instructions for non-Python users

- Included instructions for downloading and running a standalone installer using curl for Unix-based systems and PowerShell for Windows users.
- Updated command line section header to include an anchor for easier navigation.

* ci: add GitHub Actions workflows for documentation build and deployment

- Introduced `build-docs.yml` to automate Sphinx and Zensical documentation builds on push and pull request events.
- Added `deploy-docs.yml` for deploying documentation to GitHub Pages with versioning on master branch pushes and release events.
- Configured Python environment and dependencies for both workflows.

* ci: update deploy-docs workflow to include script path and fix pip command

- Added the path for `scripts/deploy-docs.sh` to the workflow triggers.
- Corrected the pip installation command by removing the 'uv' prefix for clarity.

* ci: update deploy-docs workflow to include script path and fix pip command

- Added the path for `scripts/deploy-docs.sh` to the trigger paths in `deploy-docs.yml`.
- Corrected the command to install dependencies from `uv pip install` to `pip install` for proper execution.

* ci: refactor build-docs workflow to streamline documentation build process

- Consolidated Sphinx and Zensical build steps into a single job.
- Updated paths to trigger on changes to `mkdocs.yml` instead of `zensical.toml`.
- Replaced Sphinx build commands with Zensical commands for documentation generation.
- Adjusted Python version setup and dependency installation using `uv` for improved compatibility.

* ci: update workflows to enhance documentation build and deployment

- Added permissions for read access in `build-docs.yml` and adjusted the build command to use `uv run`.
- Updated `deploy-docs.yml` to set permissions for write access and modified the version retrieval command to utilize `uv run` for consistency in execution.

* docs(quickstart): add login and no-api guidance in markdown docs

* fix(docs): address PR review comments

- usage.md: remove def_list colon, fix indentation, remove escaping
- comet.md, api.md: remove unnecessary escaping
- rapl.md: fix Threadripper measurements formatting
- output.md: add CodeCarbon API and Logfire sections
- faq.md: update API data answer, link to methodology for hardware
- mkdocs.yml: edit_uri master, Parameters nav label, add test_on_scaleway

Made-with: Cursor

* docs: update parameter documentation and fix formatting issues

- Removed `grafana_token` parameter from the parameters table in `parameters.md`.
- Corrected formatting inconsistencies in `methodology.md` and `visualize.md`, including adjustments to bullet points and mathematical expressions for clarity.

* docs: enhance documentation and update mkdocs configuration

- Added mkdocstrings plugin for improved documentation generation with Python support.
- Updated navigation in mkdocs.yml to include the Parameters section.
- Enhanced parameter descriptions in emissions_tracker.py for clarity and consistency.
- Corrected minor typos in API and parameters documentation.
- Introduced new check-docs-drift script in pyproject.toml for documentation consistency checks.

* chore: update dependencies and workflow configurations

- Added `setuptools` to the `dev` dependencies in `pyproject.toml` for improved package management.
- Updated `uv.lock` to include specific versions of `setuptools` based on Python version compatibility.
- Modified `build-docs.yml` to restrict branch triggers to `master` only, simplifying the workflow.

* fix: add new line back between 1: & 2:

* chore: add new lines for improved readability in various scripts

- Added new lines in `check_powerstat_approach.py`, `intel_rapl_show.py`, `test_default_dram.py`, `test_dram_option.py`, `test_rapl_domains.py`, and `test_rapl_fix.py` for better code organization and readability.
- Fixed formatting in `emissions_tracker.py` to ensure consistent spacing in parameter documentation.

---------

Co-authored-by: ud32d0346b8111cc9 <ud32d0346b8111cc9@users.invalid>
Co-authored-by: ud79fc260951ed870 <ud79fc260951ed870@users.invalid>
Co-authored-by: u09dcc1f39603dd20 <u09dcc1f39603dd20@users.invalid>
Co-authored-by: u17307de1894bf722 <u17307de1894bf722@users.invalid>
Co-authored-by: u585ec54554c4b434 <u585ec54554c4b434@users.invalid>
Co-authored-by: Cursor <cursoragent@cursor.com>
Co-authored-by: u1d278a10c4c3b128 <u1d278a10c4c3b128@users.invalid>
Co-authored-by: u4ffc173d8f6238b8 <u4ffc173d8f6238b8@users.invalid>"
mlco2/codecarbon,e0d6ebe83f33845d2f434eff6ae5c42b6af05ebf,2026-02,9,post,2026-02-27T11:06:29+01:00,2026-02-27T11:06:29+01:00,u943e2fa1191679f0,u943e2fa1191679f0@users.invalid,GitHub,noreply@github.com,1,0,2,3,1,0,0,0,,,,,,0,1086,fix: add CNAME to deploy script and set site_url for docs.codecarbon.io (#1086),"fix: add CNAME to deploy script and set site_url for docs.codecarbon.io (#1086)

- deploy-docs.sh: write CNAME file so every deploy includes custom domain
- mkdocs.yml: set site_url to docs.codecarbon.io for correct asset paths

Merging to master will trigger the deploy-docs workflow, which will push
to gh-pages with CNAME included.

Made-with: Cursor"
mlco2/codecarbon,e7e518621213e78d2f35358fd5855617a4ae6f4c,2026-02,9,post,2026-02-27T11:10:13+01:00,2026-02-27T11:08:46+01:00,u943e2fa1191679f0,u943e2fa1191679f0@users.invalid,u943e2fa1191679f0,u943e2fa1191679f0@users.invalid,1,0,2,2,1,0,0,0,,,,,,0,,fix: use .deploy-docs-workdir to avoid conflict with repo deploy/ folder,"fix: use .deploy-docs-workdir to avoid conflict with repo deploy/ folder

The deploy script used deploy/ as workdir, which conflicts with the repo's
deploy/ folder. Git checkout of gh-pages failed with 'untracked working
tree files would be overwritten'. Use isolated .deploy-docs-workdir instead.

Made-with: Cursor"
mlco2/codecarbon,01c2fc5399526b667368f339c363433dcf46cd53,2026-02,9,post,2026-02-27T15:12:30+01:00,2026-02-27T15:12:30+01:00,u17307de1894bf722,u17307de1894bf722@users.invalid,GitHub,noreply@github.com,1,0,1,4,2,0,0,0,,,,,,0,1088,Update video of the main page (#1088),Update video of the main page (#1088)
mlco2/codecarbon,4ff41071c5d32679e7aaf3a5920fc850f041f3ef,2026-03,10,post,2026-03-01T19:18:09+05:30,2026-03-01T19:18:09+05:30,uf0966c01c9c9f342,uf0966c01c9c9f342@users.invalid,uf0966c01c9c9f342,uf0966c01c9c9f342@users.invalid,1,0,4,140,9,3,8,9,,,,,,0,,fix: prevent CSV column inconsistency for gpu_count and gpu_model fields,"fix: prevent CSV column inconsistency for gpu_count and gpu_model fields

dropna(axis=1, how=""all"") was applied to both the existing CSV data and
the new row before concatenation. On CPU-only machines, gpu_count and
gpu_model are always NaN, so the second write stripped those columns
entirely. The third write then detected a schema mismatch via
has_valid_headers(), triggering a spurious backup and new file, creating
a repeating cycle of columns appearing and disappearing.

- Remove dropna from existing DataFrame in the append path; apply only
  to new_df
- Simplify task_out to avoid redundant empty DataFrame + concat
- Default gpu_count to 0 and gpu_model to """" when no GPU is detected
- Add regression tests for both None and zero-default GPU values"
mlco2/codecarbon,0eee57c497cc520228c0bdc18a0ca5584a63164c,2026-03,10,post,2026-03-01T18:59:19+01:00,2026-03-01T18:59:19+01:00,u9dae085cd51385f2,u9dae085cd51385f2@users.invalid,GitHub,noreply@github.com,2,1,0,0,0,0,0,0,,,,,,0,1094,Merge pull request #1094 from h8834b0abb6b4a939/fix/csv-gpu-columns-dropna,"Merge pull request #1094 from h8834b0abb6b4a939/fix/csv-gpu-columns-dropna

fix: prevent CSV column inconsistency for gpu_count and gpu_model fields (fixes #1092)"
mlco2/codecarbon,691d5e9bba926a43d4e634e792ab99d6581a3050,2026-03,10,post,2026-03-01T19:01:14+01:00,2026-03-01T17:17:43+05:30,uf0966c01c9c9f342,uf0966c01c9c9f342@users.invalid,u9dae085cd51385f2,u9dae085cd51385f2@users.invalid,1,0,2,1,0,0,0,0,,,,,,0,,chore(types): add py.typed marker,chore(types): add py.typed marker
mlco2/codecarbon,09b94188836545c35e0a0034def18a95e76ba967,2026-03,10,post,2026-03-01T19:06:03+01:00,2026-03-01T19:06:03+01:00,u9dae085cd51385f2,u9dae085cd51385f2@users.invalid,GitHub,noreply@github.com,2,1,0,0,0,0,0,0,,,,,,0,1093,Merge pull request #1093 from h8834b0abb6b4a939/chore/add-pytyped,"Merge pull request #1093 from h8834b0abb6b4a939/chore/add-pytyped

chore(types): add py.typed marker"
mlco2/codecarbon,8f0ae0b49f567c9858b6085ec848a3aee73c692c,2026-03,10,post,2026-03-01T19:22:21+01:00,2026-02-28T00:24:40+08:00,u3c9d9f52d416f401,u3c9d9f52d416f401@users.invalid,u9dae085cd51385f2,u9dae085cd51385f2@users.invalid,1,0,1,1,3,0,0,0,,,,,,0,,chore: drop Python 3.8 and 3.9 support,chore: drop Python 3.8 and 3.9 support
mlco2/codecarbon,0abc07573c56a6e908678272e36cf0b2f3e137be,2026-03,10,post,2026-03-01T19:22:21+01:00,2026-02-28T00:24:48+08:00,u3c9d9f52d416f401,u3c9d9f52d416f401@users.invalid,u9dae085cd51385f2,u9dae085cd51385f2@users.invalid,1,0,1,2,7,1,2,7,,,,,,0,,chore: remove Python 3.8/3.9 compat code in input.py,chore: remove Python 3.8/3.9 compat code in input.py
mlco2/codecarbon,7649454ee29af6f80e790cc402a8ab55e903cb29,2026-03,10,post,2026-03-01T19:41:12+01:00,2026-03-01T19:41:12+01:00,u585ec54554c4b434,u585ec54554c4b434@users.invalid,u585ec54554c4b434,u585ec54554c4b434@users.invalid,1,0,2,67,50,1,2,4,,,,,,0,,lint,lint
mlco2/codecarbon,90e65aecd4fbb8db5674843ca7bf276a90730754,2026-03,10,post,2026-03-01T19:53:34+01:00,2026-03-01T19:53:34+01:00,u585ec54554c4b434,u585ec54554c4b434@users.invalid,u585ec54554c4b434,u585ec54554c4b434@users.invalid,1,0,1,4,2,0,0,0,,,,,,0,,Update contributing,Update contributing
mlco2/codecarbon,9be333ac74d11fea203fbe5283ada9b30ca9bed8,2026-03,10,post,2026-03-01T20:03:03+01:00,2026-03-01T20:03:03+01:00,u9dae085cd51385f2,u9dae085cd51385f2@users.invalid,GitHub,noreply@github.com,2,1,0,0,0,0,0,0,,,,,,0,1091,Merge pull request #1091 from h30bf04cbc2fbc579/fix/issue-1082,"Merge pull request #1091 from h30bf04cbc2fbc579/fix/issue-1082

chore: drop Python 3.8 and 3.9 support"
mlco2/codecarbon,faed9033213f2a4462287c6d692cd98473c14d0b,2026-03,10,post,2026-03-06T11:21:41+01:00,2026-03-06T11:21:41+01:00,u17307de1894bf722,u17307de1894bf722@users.invalid,GitHub,noreply@github.com,1,0,7,2245,7198,0,0,0,,,,,,0,1098,chore(api): separate api and package pyproject (#1098),"chore(api): separate api and package pyproject (#1098)

* chore(api): separate api and package pyproject

* fix: setupdb scripts

* fix: add back authlib to the package"
mlco2/codecarbon,22826587fb223a9f37832bee7f302e48a89f6ba0,2026-03,10,post,2026-03-06T16:23:21+01:00,2026-03-06T16:23:21+01:00,u4ffc173d8f6238b8,u4ffc173d8f6238b8@users.invalid,GitHub,noreply@github.com,1,0,12,515,462,5,165,144,,,,,,0,1067,"chore: migrate pydantic to v2, fastapi to 0.129 (#1067)","chore: migrate pydantic to v2, fastapi to 0.129 (#1067)"
mlco2/codecarbon,7a7892e041078470f165637cc3fff31aeec5da6f,2026-03,10,post,2026-03-10T12:04:05+01:00,2026-03-10T12:04:05+01:00,u17307de1894bf722,u17307de1894bf722@users.invalid,GitHub,noreply@github.com,1,0,2,14,3,0,0,0,,,,,,0,1100,fix: docs build to throw error if fails (#1100),"fix: docs build to throw error if fails (#1100)

* fix: docs build to throw error if fails

* docs: members init should be array"
mlco2/codecarbon,caf4db8361003cb776e9d9eab0099c54a80443b0,2026-03,10,post,2026-03-13T10:26:48+01:00,2026-03-13T10:26:48+01:00,dependabot[bot],49699333+dependabot[bot]@users.noreply.github.com,GitHub,noreply@github.com,1,0,1,1313,1312,0,0,0,,,,,dependabot,0,1102,build(deps-dev): bump black in the uv group across 1 directory (#1102),"build(deps-dev): bump black in the uv group across 1 directory (#1102)

Bumps the uv group with 1 update in the / directory: [black](https://github.com/psf/black).


Updates `black` from 26.1.0 to 26.3.1
- [Release notes](https://github.com/psf/black/releases)
- [Changelog](https://github.com/psf/black/blob/main/CHANGES.md)
- [Commits](https://github.com/psf/black/compare/26.1.0...26.3.1)

---
updated-dependencies:
- dependency-name: black
  dependency-version: 26.3.1
  dependency-type: direct:development
  dependency-group: uv
...

Signed-off-by: dependabot[bot] <support@github.com>
Co-authored-by: dependabot[bot] <49699333+dependabot[bot]@users.noreply.github.com>"
mlco2/codecarbon,917610d00cd7c8706c41ff61d100a34d4f9c7118,2026-03,10,post,2026-03-15T12:38:40+01:00,2026-03-14T16:47:47+01:00,uf18284fb3c52dfaf,uf18284fb3c52dfaf@users.invalid,uf18284fb3c52dfaf,uf18284fb3c52dfaf@users.invalid,1,0,2,65,3,1,6,3,,,,,,0,,fix(logger): preserve user-defined handlers in set_logger_format(),"fix(logger): preserve user-defined handlers in set_logger_format()

Previously, set_logger_format() called logger.handlers.clear() which
removed all handlers including user-defined FileHandlers. This made it
impossible to capture initialization logs to a file.

Fix: only remove pure StreamHandlers, preserving FileHandlers and other
custom handlers added by the user.

Closes #375"
mlco2/codecarbon,b655866ad0f25d6cb410f1080f6f1058e0fb4721,2026-03,10,post,2026-03-16T10:27:19+01:00,2026-03-16T10:27:19+01:00,u9dae085cd51385f2,u9dae085cd51385f2@users.invalid,GitHub,noreply@github.com,2,1,0,0,0,0,0,0,,,,,,0,1105,Merge pull request #1105 from he24f2de02535f5fc/fix/issue-375-preserve-log-handlers,"Merge pull request #1105 from he24f2de02535f5fc/fix/issue-375-preserve-log-handlers

fix(logger): preserve user-defined handlers in set_logger_format()"
mlco2/codecarbon,89e5a62a87ba76559a8fa947e0e56fe42cc7bc7d,2026-03,10,post,2026-03-16T09:17:54-07:00,2026-03-16T09:17:54-07:00,uddf0965537341540,uddf0965537341540@users.invalid,uddf0965537341540,uddf0965537341540@users.invalid,1,0,5,60,52,1,25,17,,,,,,0,,fix: update geolocation fallback API and use static country code mapping,fix: update geolocation fallback API and use static country code mapping
mlco2/codecarbon,a6de0baf4d8bd03f50dc327b2216d8874d862098,2026-03,10,post,2026-03-16T17:34:13+01:00,2026-03-16T17:34:13+01:00,u9dae085cd51385f2,u9dae085cd51385f2@users.invalid,GitHub,noreply@github.com,2,1,0,0,0,0,0,0,,,,,,0,1104,Merge pull request #1104 from h42eb1f08c3e149a1/fix-geolocation-fallback,"Merge pull request #1104 from h42eb1f08c3e149a1/fix-geolocation-fallback

fix: update geolocation fallback API and use static country code mapping"
mlco2/codecarbon,9bdfcca7ceaf0ea006eeb8b674286f37be0c51f1,2026-03,10,post,2026-03-16T16:39:57Z,2026-03-16T16:39:57Z,dependabot[bot],49699333+dependabot[bot]@users.noreply.github.com,GitHub,noreply@github.com,1,0,1,1,1,0,0,0,,,,,dependabot,0,,build(deps): bump authlib,"build(deps): bump authlib

Bumps the uv group with 1 update in the /requirements directory: [authlib](https://github.com/authlib/authlib).


Updates `authlib` from 1.6.8 to 1.6.9
- [Release notes](https://github.com/authlib/authlib/releases)
- [Changelog](https://github.com/authlib/authlib/blob/main/docs/changelog.rst)
- [Commits](https://github.com/authlib/authlib/compare/v1.6.8...v1.6.9)

---
updated-dependencies:
- dependency-name: authlib
  dependency-version: 1.6.9
  dependency-type: direct:production
  dependency-group: uv
...

Signed-off-by: dependabot[bot] <support@github.com>"
mlco2/codecarbon,b33536509fb5010298ead96c8ff848ca15b01397,2026-03,10,post,2026-03-16T17:43:00+01:00,2026-03-16T17:43:00+01:00,u9dae085cd51385f2,u9dae085cd51385f2@users.invalid,GitHub,noreply@github.com,2,1,0,0,0,0,0,0,,,,,,0,1111,Merge pull request #1111 from mlco2/dependabot/uv/requirements/uv-67de942c1e,"Merge pull request #1111 from mlco2/dependabot/uv/requirements/uv-67de942c1e

build(deps): bump authlib from 1.6.8 to 1.6.9 in /requirements in the uv group across 1 directory"
mlco2/codecarbon,f4e204e42d12c8073317bffdbcab2291ec3d6001,2026-03,10,post,2026-03-17T08:46:53Z,2026-03-17T08:46:53Z,copilot-swe-agent[bot],198982749+Copilot@users.noreply.github.com,copilot-swe-agent[bot],198982749+Copilot@users.noreply.github.com,1,0,0,0,0,0,0,0,,B,copilot,identity,copilot-swe-agent,0,,Initial plan,Initial plan
mlco2/codecarbon,6a2d36050f52017f2b27b4cabd33b88b6f16d349,2026-03,10,post,2026-03-17T08:50:48Z,2026-03-17T08:50:48Z,copilot-swe-agent[bot],198982749+Copilot@users.noreply.github.com,copilot-swe-agent[bot],198982749+Copilot@users.noreply.github.com,1,0,2,2,2,1,1,1,,B,copilot,identity,copilot-swe-agent,0,,Add support for Apple M4 chip,"Add support for Apple M4 chip

Co-authored-by: u9dae085cd51385f2 <u9dae085cd51385f2@users.invalid>"
mlco2/codecarbon,ae8192be27c3721cbfa4fe1f2d9358c7f9e1130b,2026-03,10,post,2026-03-18T09:07:39+01:00,2026-03-18T09:07:39+01:00,u585ec54554c4b434,u585ec54554c4b434@users.invalid,u585ec54554c4b434,u585ec54554c4b434@users.invalid,1,0,4,44,4,2,12,2,,,,,,0,,Use a regexp,Use a regexp
mlco2/codecarbon,7c4da325f42ffb529a302594c99e21fc40dc9e60,2026-03,10,post,2026-03-18T09:18:28+01:00,2026-03-18T09:18:28+01:00,u585ec54554c4b434,u585ec54554c4b434@users.invalid,u585ec54554c4b434,u585ec54554c4b434@users.invalid,1,0,1,43,0,0,0,0,,,,,,0,,Add tests,Add tests
mlco2/codecarbon,c2b8df8bdc61b1964a62488b196f25c6ff70cfe1,2026-03,10,post,2026-03-18T09:28:06+01:00,2026-03-18T09:28:06+01:00,u9dae085cd51385f2,u9dae085cd51385f2@users.invalid,GitHub,noreply@github.com,2,1,0,0,0,0,0,0,,B,copilot,branch,,0,1112,Merge pull request #1112 from mlco2/copilot/add-support-for-apple-m4,"Merge pull request #1112 from mlco2/copilot/add-support-for-apple-m4

Add support for Apple M4"
mlco2/codecarbon,ae520428bc46e16495c831781a215717ce961b2f,2026-03,10,post,2026-03-18T09:28:56+01:00,2024-01-16T09:10:24Z,u42cdc5c13d85a29e,u42cdc5c13d85a29e@users.invalid,u585ec54554c4b434,u585ec54554c4b434@users.invalid,1,0,4,204,51,4,204,51,,,,,,0,,added amd-smi interface,added amd-smi interface
mlco2/codecarbon,1b8c799797681ab9901596daa03ffedf57ae713a,2026-03,10,post,2026-03-18T09:28:56+01:00,2024-01-16T09:46:50Z,u42cdc5c13d85a29e,u42cdc5c13d85a29e@users.invalid,u585ec54554c4b434,u585ec54554c4b434@users.invalid,1,0,1,6,2,1,6,2,,,,,,0,,fix energy unit,fix energy unit
mlco2/codecarbon,00d01d9f5711ba707123528f1146212d48206783,2026-03,10,post,2026-03-18T09:28:56+01:00,2024-01-16T10:04:52Z,u42cdc5c13d85a29e,u42cdc5c13d85a29e@users.invalid,u585ec54554c4b434,u585ec54554c4b434@users.invalid,1,0,1,3,6,1,3,6,,,,,,0,,use counter_resolution instead of hard coding it,use counter_resolution instead of hard coding it
mlco2/codecarbon,91b551a7762931828150c8142eac8cffbd30c81e,2026-03,10,post,2026-03-18T09:28:56+01:00,2024-01-26T12:40:28+01:00,u11d965fe4df279f7,u11d965fe4df279f7@users.invalid,u585ec54554c4b434,u585ec54554c4b434@users.invalid,1,0,1,15,14,1,15,14,,,,,,0,,wip : handle AMD and Nvidia at the same time,wip : handle AMD and Nvidia at the same time
mlco2/codecarbon,3a0571d967d4ace47362c4d8b30a7e2e7d18e1d7,2026-03,10,post,2026-03-18T09:31:50+01:00,2024-01-29T14:36:50Z,u42cdc5c13d85a29e,u42cdc5c13d85a29e@users.invalid,u585ec54554c4b434,u585ec54554c4b434@users.invalid,1,0,4,162,160,4,162,160,,,,,,0,,added support for amd and nvidia at the same time,added support for amd and nvidia at the same time
mlco2/codecarbon,c24c1f829c054fdacbf3f589790893aaf5caa4f8,2026-03,10,post,2026-03-18T09:31:50+01:00,2026-02-18T15:01:45+01:00,u585ec54554c4b434,u585ec54554c4b434@users.invalid,u585ec54554c4b434,u585ec54554c4b434@users.invalid,1,0,3,31,23,3,31,23,,,,,,0,,Fix merge conflict,Fix merge conflict
mlco2/codecarbon,4b25b01917f1945123c5b938a0a67a28a7ee09da,2026-03,10,post,2026-03-18T09:31:50+01:00,2026-02-18T16:30:29+01:00,u585ec54554c4b434,u585ec54554c4b434@users.invalid,u585ec54554c4b434,u585ec54554c4b434@users.invalid,1,0,7,359,56,5,257,56,,,,,,0,,Upgrade AMDSMI entries,"Upgrade AMDSMI entries

Remove warning for amdsmi.amdsmi_get_gpu_process_list

Debug detection

Fix Uninitialized

amdsmi_get_energy_count

fix Slurm log

Handle ROCR_VISIBLE_DEVICES

AMD debug

wip: AMD debug

wip: AMD debug

wip: AMD debug

wip: AMD debug

Handle AMDSMI_STATUS_NOT_INIT

Cleaning log

Cleaning log

Introduce a GPU index

Introduce a GPU index

debug ROCR_VISIBLE_DEVICES

debug ROCR_VISIBLE_DEVICES

debug ROCR_VISIBLE_DEVICES

wip: debug AMD

wip: debug AMD

amdsmi fallback

wip: debug AMD"
mlco2/codecarbon,1d11bc967179af83ba938c7bed947cb5732d8879,2026-03,10,post,2026-03-18T09:31:50+01:00,2026-03-04T09:54:10+01:00,u585ec54554c4b434,u585ec54554c4b434@users.invalid,u585ec54554c4b434,u585ec54554c4b434@users.invalid,1,0,1,11,11,1,11,11,,,,,,0,,Breaking change : Watt,Breaking change : Watt
mlco2/codecarbon,a5c8949beb2f3a10059507254853658a1a1a1871,2026-03,10,post,2026-03-18T09:31:50+01:00,2026-03-04T09:55:57+01:00,u585ec54554c4b434,u585ec54554c4b434@users.invalid,u585ec54554c4b434,u585ec54554c4b434@users.invalid,1,0,8,703,7,1,13,7,,,,,,0,,Adastra,"Adastra

Handle power and energy_accumulator

Adastra

Adastra Doc"
mlco2/codecarbon,7601a3e0ce93fd9b8a183f70ce0a7e0353e71989,2026-03,10,post,2026-03-18T09:31:50+01:00,2026-03-04T19:15:29+01:00,u585ec54554c4b434,u585ec54554c4b434@users.invalid,u585ec54554c4b434,u585ec54554c4b434@users.invalid,1,0,1,12,0,0,0,0,,,,,,0,,Contributing to a PR,Contributing to a PR
mlco2/codecarbon,17ccee34ad61a7c45c344d32cee5d856239c985b,2026-03,10,post,2026-03-18T09:31:50+01:00,2026-03-04T20:52:57+01:00,u585ec54554c4b434,u585ec54554c4b434@users.invalid,u585ec54554c4b434,u585ec54554c4b434@users.invalid,1,0,1,18,48,1,18,48,,,,,,0,,fix merge errors,fix merge errors
mlco2/codecarbon,ef945305420a63742e281cfb6e3db509ebd91481,2026-03,10,post,2026-03-18T09:32:23+01:00,2026-03-05T09:10:05+01:00,u585ec54554c4b434,u585ec54554c4b434@users.invalid,u585ec54554c4b434,u585ec54554c4b434@users.invalid,1,0,3,110,7,2,35,7,,,,,,0,,Warn about dual GCD,Warn about dual GCD
mlco2/codecarbon,bdc3c1d5eb569b1b4f8d035ad7df26e218a687b5,2026-03,10,post,2026-03-18T09:32:23+01:00,2026-03-05T09:22:22+01:00,u585ec54554c4b434,u585ec54554c4b434@users.invalid,u585ec54554c4b434,u585ec54554c4b434@users.invalid,1,0,1,4,4,0,0,0,,,,,,0,,Fix GPU tests,Fix GPU tests
mlco2/codecarbon,330aa6ee56c994412cb27afc95b091497faec07b,2026-03,10,post,2026-03-18T09:32:23+01:00,2026-03-05T09:32:02+01:00,u585ec54554c4b434,u585ec54554c4b434@users.invalid,u585ec54554c4b434,u585ec54554c4b434@users.invalid,1,0,1,148,82,0,0,0,,,,,,0,,Matrix multiplication across all devices,Matrix multiplication across all devices
mlco2/codecarbon,9ba8d2e5b2772aa96bc793517c721f91c15f6dc1,2026-03,10,post,2026-03-18T09:32:23+01:00,2026-03-05T09:49:02+01:00,u585ec54554c4b434,u585ec54554c4b434@users.invalid,u585ec54554c4b434,u585ec54554c4b434@users.invalid,1,0,4,48,36,3,43,32,,,,,,0,,Warn about dual GCD,"Warn about dual GCD

Warn about dual GCD"
mlco2/codecarbon,cadeec8ad71d42daaf46f4a7eb147808da621eda,2026-03,10,post,2026-03-18T09:32:23+01:00,2026-03-05T10:57:56+01:00,u585ec54554c4b434,u585ec54554c4b434@users.invalid,u585ec54554c4b434,u585ec54554c4b434@users.invalid,1,0,1,59,0,0,0,0,,,,,,0,,Docs on power estimation,Docs on power estimation
mlco2/codecarbon,af7c0dcc0695db0207f13463772e844cbbcac50c,2026-03,10,post,2026-03-18T09:32:23+01:00,2026-03-05T10:58:25+01:00,u585ec54554c4b434,u585ec54554c4b434@users.invalid,u585ec54554c4b434,u585ec54554c4b434@users.invalid,1,0,1,12,0,0,0,0,,,,,,0,,Adastra,Adastra
mlco2/codecarbon,3b5d8f83ae6b36b78f88dc9626b4a9b183be2764,2026-03,10,post,2026-03-18T09:32:23+01:00,2026-03-05T11:05:15+01:00,u585ec54554c4b434,u585ec54554c4b434@users.invalid,u585ec54554c4b434,u585ec54554c4b434@users.invalid,1,0,1,15,0,0,0,0,,,,,,0,,Docs on power estimation,Docs on power estimation
mlco2/codecarbon,983bb872126a051859430016f83aa3d990262b59,2026-03,10,post,2026-03-18T09:32:23+01:00,2026-03-05T11:10:49+01:00,u585ec54554c4b434,u585ec54554c4b434@users.invalid,u585ec54554c4b434,u585ec54554c4b434@users.invalid,1,0,2,9,4,2,9,4,,,,,,0,,Fix start(),Fix start()
mlco2/codecarbon,8c9340486a78952f64b58e94186b241cc5e4d335,2026-03,10,post,2026-03-18T09:32:23+01:00,2026-03-05T11:20:22+01:00,u585ec54554c4b434,u585ec54554c4b434@users.invalid,u585ec54554c4b434,u585ec54554c4b434@users.invalid,1,0,1,9,1,1,9,1,,,,,,0,,Fix too much call to _get_gpu_ids,Fix too much call to _get_gpu_ids
mlco2/codecarbon,1798e44d68d322524d3e12c4ac044b1fad042d7d,2026-03,10,post,2026-03-18T09:32:23+01:00,2026-03-05T11:48:04+01:00,u585ec54554c4b434,u585ec54554c4b434@users.invalid,u585ec54554c4b434,u585ec54554c4b434@users.invalid,1,0,3,24,49,1,19,14,,,,,,0,,MI300,MI300
mlco2/codecarbon,18e08576c91c1330594482a0f1c24813b948b023,2026-03,10,post,2026-03-18T09:32:23+01:00,2026-03-05T11:53:38+01:00,u585ec54554c4b434,u585ec54554c4b434@users.invalid,u585ec54554c4b434,u585ec54554c4b434@users.invalid,1,0,1,12,3,1,12,3,,,,,,0,,Fix _get_power_usage,Fix _get_power_usage
mlco2/codecarbon,f0ef29bdd5473d3ee08e8a84b79c731a3287566d,2026-03,10,post,2026-03-18T09:32:23+01:00,2026-03-05T12:07:11+01:00,u585ec54554c4b434,u585ec54554c4b434@users.invalid,u585ec54554c4b434,u585ec54554c4b434@users.invalid,1,0,1,2,2,1,2,2,,,,,,0,,Handle SLURM CPU allocation for default TDP,Handle SLURM CPU allocation for default TDP
mlco2/codecarbon,ddfde2128fc928a629ec5f07466a815a74cd2866,2026-03,10,post,2026-03-18T09:32:23+01:00,2026-03-05T12:13:43+01:00,u585ec54554c4b434,u585ec54554c4b434@users.invalid,u585ec54554c4b434,u585ec54554c4b434@users.invalid,1,0,1,4,2,1,4,2,,,,,,0,,Exclude MI210 single GCD,Exclude MI210 single GCD
mlco2/codecarbon,faf91997a0cb07ba27eecb8b69336d8b49d241a5,2026-03,10,post,2026-03-18T09:32:23+01:00,2026-03-05T12:39:58+01:00,u585ec54554c4b434,u585ec54554c4b434@users.invalid,u585ec54554c4b434,u585ec54554c4b434@users.invalid,1,0,1,0,1,1,0,1,,,,,,0,,Remove login sensitive informations,Remove login sensitive informations
mlco2/codecarbon,ad59dc3e4d053f32c2d28f324d2c2ecba031beb6,2026-03,10,post,2026-03-18T09:32:23+01:00,2026-03-05T12:40:27+01:00,u585ec54554c4b434,u585ec54554c4b434@users.invalid,u585ec54554c4b434,u585ec54554c4b434@users.invalid,1,0,1,23,3,0,0,0,,,,,,0,,fix tests,fix tests
mlco2/codecarbon,5930507b92bad175f6f2bd5c3f9d29a7c4d59be4,2026-03,10,post,2026-03-18T09:33:40+01:00,2026-03-05T16:17:31+01:00,u585ec54554c4b434,u585ec54554c4b434@users.invalid,u585ec54554c4b434,u585ec54554c4b434@users.invalid,1,0,3,615,2,0,0,0,,,,,,0,,Add tests,"Add tests

Add test"
mlco2/codecarbon,332a6751368895e26a880ecc86ab02bb89feaf74,2026-03,10,post,2026-03-18T09:33:40+01:00,2026-03-07T10:00:07+01:00,u585ec54554c4b434,u585ec54554c4b434@users.invalid,u585ec54554c4b434,u585ec54554c4b434@users.invalid,1,0,7,841,611,4,537,506,,,,,,0,,wip: refacto GPU,"wip: refacto GPU

wip: refacto GPU"
mlco2/codecarbon,dd2ade23622c1444cb632e039c0796ac784946b4,2026-03,10,post,2026-03-18T09:33:40+01:00,2026-03-07T16:21:54+01:00,u585ec54554c4b434,u585ec54554c4b434@users.invalid,u585ec54554c4b434,u585ec54554c4b434@users.invalid,1,0,1,64,12,0,0,0,,,,,,0,,fix test,fix test
mlco2/codecarbon,f3b042590048c0c3a9189d5bd0e23266a31339f4,2026-03,10,post,2026-03-18T09:33:40+01:00,2026-03-07T16:55:27+01:00,u585ec54554c4b434,u585ec54554c4b434@users.invalid,u585ec54554c4b434,u585ec54554c4b434@users.invalid,1,0,7,948,908,1,0,16,,,,,,0,,Docs and split GPU tests,Docs and split GPU tests
mlco2/codecarbon,be47ad7b3d8a3ab8d5b18362d689e2ae7af3ab3e,2026-03,10,post,2026-03-18T09:33:40+01:00,2026-03-08T10:30:22+01:00,u9dae085cd51385f2,u9dae085cd51385f2@users.invalid,u585ec54554c4b434,u585ec54554c4b434@users.invalid,1,0,1,2,2,1,2,2,,,,,,0,,Suggest OffLine mode in the CLI,Suggest OffLine mode in the CLI
mlco2/codecarbon,42a423be7a96d218bef127fc2620ed053bf40faf,2026-03,10,post,2026-03-18T09:33:40+01:00,2026-03-08T10:30:36+01:00,u9dae085cd51385f2,u9dae085cd51385f2@users.invalid,u585ec54554c4b434,u585ec54554c4b434@users.invalid,1,0,1,1,0,0,0,0,,,,,,0,,Debug log for PUE,Debug log for PUE
mlco2/codecarbon,c6911fe9e544594d0bfc7a3a530eea54d103e031,2026-03,10,post,2026-03-18T09:33:40+01:00,2026-03-08T10:36:57+01:00,u9dae085cd51385f2,u9dae085cd51385f2@users.invalid,u585ec54554c4b434,u585ec54554c4b434@users.invalid,1,0,2,3,2,1,2,1,,,,,,0,,pre-commit,pre-commit
mlco2/codecarbon,79db8c948246934ccb3e5c4709135868bd9652b9,2026-03,10,post,2026-03-18T09:33:40+01:00,2026-03-08T10:52:24+01:00,u9dae085cd51385f2,u9dae085cd51385f2@users.invalid,u585ec54554c4b434,u585ec54554c4b434@users.invalid,1,0,1,0,2,1,0,2,,,,,,0,,remove commented lines,remove commented lines
mlco2/codecarbon,4fee98ae1c548e81205f6349f2e8fd3854f79c4e,2026-03,10,post,2026-03-18T09:33:40+01:00,2026-03-08T10:53:06+01:00,u9dae085cd51385f2,u9dae085cd51385f2@users.invalid,u585ec54554c4b434,u585ec54554c4b434@users.invalid,1,0,3,8,5,3,8,5,,,,,,0,,review on emit_selection_warning,review on emit_selection_warning
mlco2/codecarbon,ac14e4141fff3fa610c4bd942179affa897df83b,2026-03,10,post,2026-03-18T09:33:40+01:00,2026-03-08T10:55:20+01:00,u9dae085cd51385f2,u9dae085cd51385f2@users.invalid,u585ec54554c4b434,u585ec54554c4b434@users.invalid,1,0,1,1,1,0,0,0,,,,,,0,,fix test cli,fix test cli
mlco2/codecarbon,569149594d9ffcda66481a647037abd26f8fad26,2026-03,10,post,2026-03-18T09:33:40+01:00,2026-03-08T11:00:04+01:00,u9dae085cd51385f2,u9dae085cd51385f2@users.invalid,u585ec54554c4b434,u585ec54554c4b434@users.invalid,1,0,1,2,1,0,0,0,,,,,,0,,doc,doc
mlco2/codecarbon,d0fc0282b00112f5b4f74f3a62afaf484ba48e1f,2026-03,10,post,2026-03-18T09:33:40+01:00,2026-03-08T11:08:24+01:00,u9dae085cd51385f2,u9dae085cd51385f2@users.invalid,u585ec54554c4b434,u585ec54554c4b434@users.invalid,1,0,1,5,3,0,0,0,,,,,,0,,fix tests/test_gpu_amd.py,fix tests/test_gpu_amd.py
mlco2/codecarbon,ef9ac9954d63cb686a796fa50ac81227d9ea5fc1,2026-03,10,post,2026-03-18T09:34:22+01:00,2026-03-14T09:47:39+01:00,u585ec54554c4b434,u585ec54554c4b434@users.invalid,u585ec54554c4b434,u585ec54554c4b434@users.invalid,1,0,5,126,7,3,43,6,,,,,,0,,Add _normalize_gpu_ids,"Add _normalize_gpu_ids

Move normalize_gpu_ids in config"
mlco2/codecarbon,b8b22886785ba742ade585f7871ef894dbc4bd74,2026-03,10,post,2026-03-18T09:34:22+01:00,2026-03-14T11:41:03+01:00,u585ec54554c4b434,u585ec54554c4b434@users.invalid,u585ec54554c4b434,u585ec54554c4b434@users.invalid,1,0,5,78,74,0,0,0,,,,,,0,,Documentation,"Documentation

Docs"
mlco2/codecarbon,57d60f2bf81fa48e1c883f7edbbbfeee8197fb5f,2026-03,10,post,2026-03-18T09:34:22+01:00,2026-03-14T11:54:16+01:00,u9dae085cd51385f2,u9dae085cd51385f2@users.invalid,u585ec54554c4b434,u585ec54554c4b434@users.invalid,1,0,1,2,1,1,2,1,,B,copilot,trailer;identity,,0,,Potential fix for code scanning alert no. 44: Clear-text logging of sensitive information,"Potential fix for code scanning alert no. 44: Clear-text logging of sensitive information

Co-authored-by: Copilot Autofix powered by AI <62310815+github-advanced-security[bot]@users.noreply.github.com>"
mlco2/codecarbon,a429a4b856c643fc8b4218bb2c82c5e50f0d46d8,2026-03,10,post,2026-03-18T09:40:06+01:00,2026-03-18T09:40:06+01:00,u585ec54554c4b434,u585ec54554c4b434@users.invalid,u585ec54554c4b434,u585ec54554c4b434@users.invalid,1,0,1,9,1,0,0,0,,,,,,0,,lint,lint
mlco2/codecarbon,b804b9d78618a10ab546e1c51ef46fef2e25ed73,2026-03,10,post,2026-03-18T09:43:31+01:00,2026-01-24T09:14:57+05:30,u837a478bd67820ab,u837a478bd67820ab@users.invalid,u9dae085cd51385f2,u9dae085cd51385f2@users.invalid,1,0,2,91,0,1,22,0,,,,,,0,,Add Nordic region emission factors and update emissions logic,"Add Nordic region emission factors and update emissions logic

- Created nordic_emissions.json with static emission factors (gCO2eq/kWh) for Nordic regions: SE1-4, NO1-5, FI
- Updated emissions.py to check for Nordic regions and load static factors from the new JSON file
- Sweden/Norway regions use 18 gCO2eq/kWh, Finland uses 72 gCO2eq/kWh based on ENTSO-E data"
mlco2/codecarbon,89ef16277d3f0cbc9ab52096ee1eace9b2271061,2026-03,10,post,2026-03-18T09:43:31+01:00,2026-01-26T22:38:14+05:30,u837a478bd67820ab,u837a478bd67820ab@users.invalid,u9dae085cd51385f2,u9dae085cd51385f2@users.invalid,1,0,1,24,0,1,24,0,,,,,,0,,Add comprehensive documentation for Nordic emission factors,"Add comprehensive documentation for Nordic emission factors

- Added detailed comments explaining data sources (ENTSO-E, Fingrid)
- Included update procedure for annual maintenance
- Documented emission values: 18 gCO2eq/kWh (SE/NO), 72 gCO2eq/kWh (FI)
- Added direct links to data sources for future updates"
mlco2/codecarbon,5bcddb4c708cd1181a6dc796361fdb5822be9875,2026-03,10,post,2026-03-18T09:43:31+01:00,2026-01-27T22:43:27+05:30,u837a478bd67820ab,u837a478bd67820ab@users.invalid,u9dae085cd51385f2,u9dae085cd51385f2@users.invalid,1,0,1,1,1,1,1,1,,,,,,0,,Fix syntax error: add missing closing parenthesis to logger.warning,Fix syntax error: add missing closing parenthesis to logger.warning
mlco2/codecarbon,f36dff159f5f18609d8ac0d2c01eca2e8cf397b1,2026-03,10,post,2026-03-18T09:43:31+01:00,2026-01-27T22:59:12+05:30,u837a478bd67820ab,u837a478bd67820ab@users.invalid,u9dae085cd51385f2,u9dae085cd51385f2@users.invalid,1,0,1,12,0,1,12,0,,,,,,0,,Add caching for Nordic country energy mix data,"Add caching for Nordic country energy mix data

- Load and cache Nordic country energy mix data in _load_static_data()
- Add get_nordic_country_energy_mix_data() method to retrieve cached data
- This addresses the caching performance request in PR #1039"
mlco2/codecarbon,b2a6304669e07c3379110c7876a31c7dc83f06eb,2026-03,10,post,2026-03-18T09:43:31+01:00,2026-01-27T23:04:28+05:30,u837a478bd67820ab,u837a478bd67820ab@users.invalid,u9dae085cd51385f2,u9dae085cd51385f2@users.invalid,1,0,1,2,5,1,2,5,,,,,,0,,Refactor emissions.py to use cached Nordic energy mix data,"Refactor emissions.py to use cached Nordic energy mix data

- Replace direct JSON file loading with cached data retrieval
- Use self._data_source.get_nordic_country_energy_mix_data() method
- Improves performance by eliminating repeated file I/O operations
- Part of implementation for PR #1039 reviewer feedback"
mlco2/codecarbon,6b6d139920fe9fa69510fa91609d0a440897df8f,2026-03,10,post,2026-03-18T09:43:31+01:00,2026-01-27T23:07:04+05:30,u837a478bd67820ab,u837a478bd67820ab@users.invalid,u9dae085cd51385f2,u9dae085cd51385f2@users.invalid,1,0,1,31,0,0,0,0,,,,,,0,,Add unit tests for Nordic emissions functionality,"Add unit tests for Nordic emissions functionality

- Add test_get_emissions_PRIVATE_INFRA_NORDIC_REGION for Swedish region SE2
- Add test_get_emissions_PRIVATE_INFRA_NORDIC_FINLAND for Finland region FI
- Tests verify that Nordic regions use static emission factors correctly
- Tests check that emissions are positive and proportional to energy consumed
- Implements unit test requirement from PR #1039 reviewer feedback"
mlco2/codecarbon,99f79e69fa5c036e240fe4b6e3a8b1ba0e949301,2026-03,10,post,2026-03-18T09:43:31+01:00,2026-01-27T23:26:15+05:30,u837a478bd67820ab,u837a478bd67820ab@users.invalid,u9dae085cd51385f2,u9dae085cd51385f2@users.invalid,1,0,1,1,1,1,1,1,,,,,,0,,Update path for Nordic emissions data file,"Update path for Nordic emissions data file

Fix filename mismatch: Changed from 'nordic_country_energy_mix.json' to 'nordic_emissions.json' to match the actual file that was created."
mlco2/codecarbon,8c8b9f9f2f948ca973016bf83636509050c3fc87,2026-03,10,post,2026-03-18T09:43:31+01:00,2026-01-27T23:35:24+05:30,u837a478bd67820ab,u837a478bd67820ab@users.invalid,u9dae085cd51385f2,u9dae085cd51385f2@users.invalid,1,0,1,1,1,1,1,1,,,,,,0,,Remove leftover json.load code from line 187,Remove leftover json.load code from line 187
mlco2/codecarbon,501cc8439e82b71af198be97e0c1637c0004968c,2026-03,10,post,2026-03-18T09:43:31+01:00,2026-01-30T20:36:42+01:00,u585ec54554c4b434,u585ec54554c4b434@users.invalid,u9dae085cd51385f2,u9dae085cd51385f2@users.invalid,1,0,1,1,1,0,0,0,,,,,,0,,doc,doc
mlco2/codecarbon,7a2e3f08dce092ec9266c042e1682a45ccffdd09,2026-03,10,post,2026-03-18T09:43:31+01:00,2026-01-30T20:37:24+01:00,u585ec54554c4b434,u585ec54554c4b434@users.invalid,u9dae085cd51385f2,u9dae085cd51385f2@users.invalid,1,0,3,43,23,2,40,20,,,,,,0,,lint,lint
mlco2/codecarbon,e392ebf4ef0df8f58cb041634ab8428d8c2351a8,2026-03,10,post,2026-03-18T09:43:31+01:00,2026-02-01T10:52:19+01:00,u585ec54554c4b434,u585ec54554c4b434@users.invalid,u9dae085cd51385f2,u9dae085cd51385f2@users.invalid,1,0,2,78,68,1,57,64,,,,,,0,,refacto,refacto
mlco2/codecarbon,f30457bfb4f58f9d4e7852293848682f1d0245a2,2026-03,10,post,2026-03-18T09:45:40+01:00,2026-03-18T09:45:40+01:00,u9dae085cd51385f2,u9dae085cd51385f2@users.invalid,GitHub,noreply@github.com,1,0,1,1,1,0,0,0,,,,,,0,,Update codecarbon/data/private_infra/nordic_emissions.json,Update codecarbon/data/private_infra/nordic_emissions.json
mlco2/codecarbon,e168655d5ce3d5d75f901854333ee6a6384009b5,2026-03,10,post,2026-03-18T10:06:49+01:00,2026-03-18T10:06:49+01:00,u9dae085cd51385f2,u9dae085cd51385f2@users.invalid,GitHub,noreply@github.com,2,1,0,0,0,0,0,0,,,,,,0,1072,Merge pull request #1072 from mlco2/feat/rocm,"Merge pull request #1072 from mlco2/feat/rocm

AMD ROCm support"
mlco2/codecarbon,f28a4f7d116239c78e73c9dbb897d3c9fc23c24f,2026-03,10,post,2026-03-18T10:55:25+01:00,2026-03-18T10:55:25+01:00,dependabot[bot],49699333+dependabot[bot]@users.noreply.github.com,GitHub,noreply@github.com,1,0,1,1,1,0,0,0,,,,,dependabot,0,1116,build(deps): bump the pip group across 2 directories with 1 update (#1116),"build(deps): bump the pip group across 2 directories with 1 update (#1116)

Bumps the pip group with 1 update in the / directory: [pyasn1](https://github.com/pyasn1/pyasn1).
Bumps the pip group with 1 update in the /requirements directory: [pyasn1](https://github.com/pyasn1/pyasn1).


Updates `pyasn1` from 0.6.2 to 0.6.3
- [Release notes](https://github.com/pyasn1/pyasn1/releases)
- [Changelog](https://github.com/pyasn1/pyasn1/blob/main/CHANGES.rst)
- [Commits](https://github.com/pyasn1/pyasn1/compare/v0.6.2...v0.6.3)

Updates `pyasn1` from 0.6.2 to 0.6.3
- [Release notes](https://github.com/pyasn1/pyasn1/releases)
- [Changelog](https://github.com/pyasn1/pyasn1/blob/main/CHANGES.rst)
- [Commits](https://github.com/pyasn1/pyasn1/compare/v0.6.2...v0.6.3)

---
updated-dependencies:
- dependency-name: pyasn1
  dependency-version: 0.6.3
  dependency-type: direct:production
  dependency-group: pip
- dependency-name: pyasn1
  dependency-version: 0.6.3
  dependency-type: direct:production
  dependency-group: pip
...

Signed-off-by: dependabot[bot] <support@github.com>
Co-authored-by: dependabot[bot] <49699333+dependabot[bot]@users.noreply.github.com>"
mlco2/codecarbon,9092e2f913c1fd22cb896218ceb8bbef0d8c6774,2026-03,10,post,2026-03-18T12:29:51+01:00,2026-03-18T12:23:25+01:00,u585ec54554c4b434,u585ec54554c4b434@users.invalid,u585ec54554c4b434,u585ec54554c4b434@users.invalid,1,0,1,55,0,0,0,0,,,,,,0,,Add tests,Add tests
mlco2/codecarbon,bab3ea1db8e3a78bf275b2c1f4490c27ca7e6c80,2026-03,10,post,2026-03-18T12:32:44+01:00,2026-03-18T12:32:44+01:00,u9dae085cd51385f2,u9dae085cd51385f2@users.invalid,GitHub,noreply@github.com,2,1,0,0,0,0,0,0,,,,,,0,,Merge branch 'master' into add-nordic-emission-factors,Merge branch 'master' into add-nordic-emission-factors
mlco2/codecarbon,6dbd1253a354e67cd678511d168458948d406c7c,2026-03,10,post,2026-03-18T13:51:27+01:00,2026-03-18T13:51:27+01:00,u9dae085cd51385f2,u9dae085cd51385f2@users.invalid,GitHub,noreply@github.com,2,1,0,0,0,0,0,0,,,,,,0,1039,Merge pull request #1039 from hebc890099d729b93/add-nordic-emission-factors,"Merge pull request #1039 from hebc890099d729b93/add-nordic-emission-factors

Add Nordic region emission factors and update emissions logic"
mlco2/codecarbon,59212c23d411c0401f2f8c5d5e090896a05d9138,2026-03,10,post,2026-03-18T13:52:57+01:00,2026-03-18T09:56:47Z,dependabot[bot],49699333+dependabot[bot]@users.noreply.github.com,u9dae085cd51385f2,u9dae085cd51385f2@users.invalid,1,0,1,442,379,0,0,0,,,,,dependabot,0,,build(deps): bump the uv group across 2 directories with 1 update,"build(deps): bump the uv group across 2 directories with 1 update

Bumps the uv group with 1 update in the /carbonserver directory: [pyasn1](https://github.com/pyasn1/pyasn1).
Bumps the uv group with 1 update in the /requirements directory: [pyasn1](https://github.com/pyasn1/pyasn1).


Updates `pyasn1` from 0.6.2 to 0.6.3
- [Release notes](https://github.com/pyasn1/pyasn1/releases)
- [Changelog](https://github.com/pyasn1/pyasn1/blob/main/CHANGES.rst)
- [Commits](https://github.com/pyasn1/pyasn1/compare/v0.6.2...v0.6.3)

Updates `pyasn1` from 0.6.2 to 0.6.3
- [Release notes](https://github.com/pyasn1/pyasn1/releases)
- [Changelog](https://github.com/pyasn1/pyasn1/blob/main/CHANGES.rst)
- [Commits](https://github.com/pyasn1/pyasn1/compare/v0.6.2...v0.6.3)

---
updated-dependencies:
- dependency-name: pyasn1
  dependency-version: 0.6.3
  dependency-type: indirect
  dependency-group: uv
- dependency-name: pyasn1
  dependency-version: 0.6.3
  dependency-type: direct:production
  dependency-group: uv
...

Signed-off-by: dependabot[bot] <support@github.com>"
mlco2/codecarbon,dfbd45a842a2757a755f096dde06b24f67467f68,2026-03,10,post,2026-03-18T13:54:08+01:00,2026-03-18T13:54:08+01:00,u9dae085cd51385f2,u9dae085cd51385f2@users.invalid,GitHub,noreply@github.com,2,1,0,0,0,0,0,0,,,,,,0,1115,Merge pull request #1115 from mlco2/dependabot/uv/carbonserver/uv-aa1903b12b,"Merge pull request #1115 from mlco2/dependabot/uv/carbonserver/uv-aa1903b12b

build(deps): bump the uv group across 2 directories with 1 update"
mlco2/codecarbon,44b41b0bb5cf632ffba146db80987329b7066a48,2026-03,10,post,2026-03-18T14:48:26+01:00,2026-03-18T14:48:26+01:00,u585ec54554c4b434,u585ec54554c4b434@users.invalid,u585ec54554c4b434,u585ec54554c4b434@users.invalid,1,0,3,380,375,1,1,1,,,,,,0,,bump,bump
mlco2/codecarbon,27ff5db93c51441252aa10f1984380e5ca792039,2026-03,10,post,2026-03-18T15:36:43+01:00,2026-03-18T15:36:43+01:00,u585ec54554c4b434,u585ec54554c4b434@users.invalid,u585ec54554c4b434,u585ec54554c4b434@users.invalid,1,0,1,1,6,0,0,0,,,,,,0,,Fix workflow bug,Fix workflow bug
mlco2/codecarbon,31b4dacc65185bb985b6a6fed2b945ac8961b164,2026-03,10,post,2026-03-18T19:14:04+01:00,2026-03-18T19:14:04+01:00,u9dae085cd51385f2,u9dae085cd51385f2@users.invalid,GitHub,noreply@github.com,2,1,0,0,0,0,0,0,,,,,,0,1117,Merge pull request #1117 from mlco2/chore/release_3.2.4,"Merge pull request #1117 from mlco2/chore/release_3.2.4

Release v3.2.4"
mlco2/codecarbon,5656bb97346f32fd8847d6773c8c0c6ae1868337,2026-03,10,post,2026-03-19T12:59:47+01:00,2026-03-19T12:59:47+01:00,u17307de1894bf722,u17307de1894bf722@users.invalid,GitHub,noreply@github.com,1,0,5,104,76,0,0,0,,,,,,0,1120,fix: add json to pyproject + run package verification on ci (#1120),"fix: add json to pyproject + run package verification on ci (#1120)

* fix: add nordic regions json to package

* ci: run package verification before publishing"
mlco2/codecarbon,d15f525ee6605d3d497ba96c206e168cf620b649,2026-03,10,post,2026-03-19T13:02:54+01:00,2026-03-19T13:02:54+01:00,u09dcc1f39603dd20,u09dcc1f39603dd20@users.invalid,u09dcc1f39603dd20,u09dcc1f39603dd20@users.invalid,1,0,2,2,2,1,1,1,,,,,,0,,release: 3.2.5,release: 3.2.5
mlco2/codecarbon,7ea496584e3c0ff19e84e35e0db22cfed4872ad4,2026-03,10,post,2026-03-19T13:07:57+01:00,2026-03-19T13:07:57+01:00,u9dae085cd51385f2,u9dae085cd51385f2@users.invalid,GitHub,noreply@github.com,2,1,0,0,0,0,0,0,,,,,,0,1121,Merge pull request #1121 from mlco2/release/3.2.5,"Merge pull request #1121 from mlco2/release/3.2.5

release: 3.2.5"
mlco2/codecarbon,46ac6dd36032f1c932956d4296af586746523f56,2026-03,10,post,2026-03-19T15:00:15+01:00,2026-03-19T15:00:15+01:00,u9dae085cd51385f2,u9dae085cd51385f2@users.invalid,GitHub,noreply@github.com,1,0,2,30,2,1,3,2,,,,,,0,1122,Fix warning KeyError: 'gpu_index' (#1122),"Fix warning KeyError: 'gpu_index' (#1122)

Co-authored-by: u585ec54554c4b434 <u585ec54554c4b434@users.invalid>"
mlco2/codecarbon,7bb8d620122458925e0a0005efa1b3672d68d636,2026-03,10,post,2026-03-23T00:47:45+01:00,2026-03-23T00:47:45+01:00,ucba081277c6c6cbe,ucba081277c6c6cbe@users.invalid,ucba081277c6c6cbe,ucba081277c6c6cbe@users.invalid,1,0,2,27,4,1,4,4,,,,,,0,832,fix: handle empty power history in CPU.total_power() (#832),fix: handle empty power history in CPU.total_power() (#832)
mlco2/codecarbon,09fa462b4515b0887d8708c91928e84e74fb714e,2026-03,10,post,2026-03-25T23:05:29+01:00,2026-03-25T23:05:29+01:00,u17307de1894bf722,u17307de1894bf722@users.invalid,GitHub,noreply@github.com,1,0,5,220,20,2,15,19,,,,,,0,1123,ci(api): codecarbon test ci pushes emissions to api (#1123),"ci(api): codecarbon test ci pushes emissions to api (#1123)

* ci(api): codecarbon test ci pushes emissions to api

* trigger it

* fix: secrets access

* fix: cli uses hierarchical config as emissions tracker

* tests: add cli tests"
mlco2/codecarbon,7f057f782534fd2d05b70b9e8a40358b0a74fa08,2026-03,10,post,2026-03-26T00:38:39+01:00,2026-03-26T00:38:39+01:00,ucba081277c6c6cbe,ucba081277c6c6cbe@users.invalid,GitHub,noreply@github.com,2,1,0,0,0,0,0,0,,,,,,0,,Merge branch 'master' into fix/832-total-power-zero-division,Merge branch 'master' into fix/832-total-power-zero-division
mlco2/codecarbon,952e2c248382f5ad7fd90a3724664f76796d8ccf,2026-03,10,post,2026-03-26T09:21:18+01:00,2026-03-26T09:21:18+01:00,u4ffc173d8f6238b8,u4ffc173d8f6238b8@users.invalid,GitHub,noreply@github.com,1,0,37,1277,986,2,41,8,,,,,,0,946,Chore/front cleaning (#946),"Chore/front cleaning (#946)

* feat(back): add cascade deletion of projects
feat(front): add modal to call deletion endpoints for projects

refactor: move dashboard logic to custom hook & helper

chore: fix date-range picker, remove console.log when not needed

chore: replace magic numbers by functional values,
standardise api call with fetchApi instead of fetch + injected url,
refactor Modal usage with custom hook

chore: standardize error handling

Test Python 3.14

feat(back): add cascade deletion of projects (#945)

feat(front): add modal to call deletion endpoints for projects

feat(back): add cascade deletion of projects
feat(front): add modal to call deletion endpoints for projects

chore: fix date-range picker, remove console.log when not needed

chore: finish cleaning

chore: lint

* chore: add bundle size optimizations

* feat(api): add auth server side token revocation

* chore: upgrade dependencies, add asyncio

# Conflicts:
#	requirements/requirements-api.txt

* chore: upgrade dependencies, add asyncio

* chore: extract dev dependencies in carbonserver"
mlco2/codecarbon,4cdc500e4a85ab0679f54cba4afad696e1ee6e88,2026-03,10,post,2026-03-26T11:35:53+01:00,2026-03-26T11:35:53+01:00,dependabot[bot],49699333+dependabot[bot]@users.noreply.github.com,GitHub,noreply@github.com,1,0,3,406,408,0,0,0,,,,,dependabot,0,1140,build(deps): bump the uv group across 3 directories with 1 update (#1140),"build(deps): bump the uv group across 3 directories with 1 update (#1140)

Bumps the uv group with 1 update in the / directory: [requests](https://github.com/psf/requests).
Bumps the uv group with 1 update in the /carbonserver directory: [requests](https://github.com/psf/requests).
Bumps the uv group with 1 update in the /requirements directory: [requests](https://github.com/psf/requests).


Updates `requests` from 2.32.5 to 2.33.0
- [Release notes](https://github.com/psf/requests/releases)
- [Changelog](https://github.com/psf/requests/blob/main/HISTORY.md)
- [Commits](https://github.com/psf/requests/compare/v2.32.5...v2.33.0)

Updates `requests` from 2.32.5 to 2.33.0
- [Release notes](https://github.com/psf/requests/releases)
- [Changelog](https://github.com/psf/requests/blob/main/HISTORY.md)
- [Commits](https://github.com/psf/requests/compare/v2.32.5...v2.33.0)

Updates `requests` from 2.32.5 to 2.33.0
- [Release notes](https://github.com/psf/requests/releases)
- [Changelog](https://github.com/psf/requests/blob/main/HISTORY.md)
- [Commits](https://github.com/psf/requests/compare/v2.32.5...v2.33.0)

---
updated-dependencies:
- dependency-name: requests
  dependency-version: 2.33.0
  dependency-type: direct:production
  dependency-group: uv
- dependency-name: requests
  dependency-version: 2.33.0
  dependency-type: direct:production
  dependency-group: uv
- dependency-name: requests
  dependency-version: 2.33.0
  dependency-type: direct:production
  dependency-group: uv
...

Signed-off-by: dependabot[bot] <support@github.com>
Co-authored-by: dependabot[bot] <49699333+dependabot[bot]@users.noreply.github.com>"
mlco2/codecarbon,ce16f6465eb3b21e0c42a2b87ad24c951267afb8,2026-03,10,post,2026-03-26T11:39:46+01:00,2026-03-26T11:39:46+01:00,dependabot[bot],49699333+dependabot[bot]@users.noreply.github.com,GitHub,noreply@github.com,1,0,1,3,3,0,0,0,,,,,dependabot,0,1142,build(deps): bump the pip group across 2 directories with 3 updates (#1142),"build(deps): bump the pip group across 2 directories with 3 updates (#1142)

Bumps the pip group with 3 updates in the / directory: [authlib](https://github.com/authlib/authlib), [ecdsa](https://github.com/tlsfuzzer/python-ecdsa) and [pyasn1](https://github.com/pyasn1/pyasn1).
Bumps the pip group with 3 updates in the /requirements directory: [authlib](https://github.com/authlib/authlib), [ecdsa](https://github.com/tlsfuzzer/python-ecdsa) and [pyasn1](https://github.com/pyasn1/pyasn1).


Updates `authlib` from 1.6.8 to 1.6.9
- [Release notes](https://github.com/authlib/authlib/releases)
- [Changelog](https://github.com/authlib/authlib/blob/main/docs/changelog.rst)
- [Commits](https://github.com/authlib/authlib/compare/v1.6.8...v1.6.9)

Updates `ecdsa` from 0.19.1 to 0.19.2
- [Release notes](https://github.com/tlsfuzzer/python-ecdsa/releases)
- [Changelog](https://github.com/tlsfuzzer/python-ecdsa/blob/master/NEWS)
- [Commits](https://github.com/tlsfuzzer/python-ecdsa/compare/python-ecdsa-0.19.1...python-ecdsa-0.19.2)

Updates `pyasn1` from 0.6.2 to 0.6.3
- [Release notes](https://github.com/pyasn1/pyasn1/releases)
- [Changelog](https://github.com/pyasn1/pyasn1/blob/main/CHANGES.rst)
- [Commits](https://github.com/pyasn1/pyasn1/compare/v0.6.2...v0.6.3)

Updates `authlib` from 1.6.8 to 1.6.9
- [Release notes](https://github.com/authlib/authlib/releases)
- [Changelog](https://github.com/authlib/authlib/blob/main/docs/changelog.rst)
- [Commits](https://github.com/authlib/authlib/compare/v1.6.8...v1.6.9)

Updates `ecdsa` from 0.19.1 to 0.19.2
- [Release notes](https://github.com/tlsfuzzer/python-ecdsa/releases)
- [Changelog](https://github.com/tlsfuzzer/python-ecdsa/blob/master/NEWS)
- [Commits](https://github.com/tlsfuzzer/python-ecdsa/compare/python-ecdsa-0.19.1...python-ecdsa-0.19.2)

Updates `pyasn1` from 0.6.2 to 0.6.3
- [Release notes](https://github.com/pyasn1/pyasn1/releases)
- [Changelog](https://github.com/pyasn1/pyasn1/blob/main/CHANGES.rst)
- [Commits](https://github.com/pyasn1/pyasn1/compare/v0.6.2...v0.6.3)

---
updated-dependencies:
- dependency-name: authlib
  dependency-version: 1.6.9
  dependency-type: direct:production
  dependency-group: pip
- dependency-name: ecdsa
  dependency-version: 0.19.2
  dependency-type: direct:production
  dependency-group: pip
- dependency-name: pyasn1
  dependency-version: 0.6.3
  dependency-type: direct:production
  dependency-group: pip
- dependency-name: authlib
  dependency-version: 1.6.9
  dependency-type: direct:production
  dependency-group: pip
- dependency-name: ecdsa
  dependency-version: 0.19.2
  dependency-type: direct:production
  dependency-group: pip
- dependency-name: pyasn1
  dependency-version: 0.6.3
  dependency-type: direct:production
  dependency-group: pip
...

Signed-off-by: dependabot[bot] <support@github.com>
Co-authored-by: dependabot[bot] <49699333+dependabot[bot]@users.noreply.github.com>"
mlco2/codecarbon,c1bc92a0cb721fd401ee3a6aa7ff2a75c34fced7,2026-03,10,post,2026-03-26T15:58:58+01:00,2026-03-26T15:58:58+01:00,ucba081277c6c6cbe,ucba081277c6c6cbe@users.invalid,GitHub,noreply@github.com,2,1,0,0,0,0,0,0,,,,,,0,,Merge branch 'master' into fix/832-total-power-zero-division,Merge branch 'master' into fix/832-total-power-zero-division
mlco2/codecarbon,b10a1ffbf2af8991b6d85f7031302f3de2047134,2026-03,10,post,2026-03-26T17:52:38+01:00,2026-03-26T17:52:38+01:00,uae81257adf1d3460,uae81257adf1d3460@users.invalid,uae81257adf1d3460,uae81257adf1d3460@users.invalid,1,0,1,42,0,0,0,0,,,,,,0,,Improve coverage,Improve coverage
mlco2/codecarbon,adea1aaf1cbadd7a3834ef0414634367c4989369,2026-03,10,post,2026-03-26T17:57:02+01:00,2026-03-26T17:57:02+01:00,u9dae085cd51385f2,u9dae085cd51385f2@users.invalid,GitHub,noreply@github.com,2,1,0,0,0,0,0,0,,,,,,0,1127,Merge pull request #1127 from h3f6cd0c4b4bd333b/fix/832-total-power-zero-division,"Merge pull request #1127 from h3f6cd0c4b4bd333b/fix/832-total-power-zero-division

fix: handle empty power history in CPU.total_power() (#832)"
mlco2/codecarbon,46e234b90ba8f558d25ba2968c9945da7716ca5f,2026-03,10,post,2026-03-27T16:18:06+01:00,2026-03-27T16:18:06+01:00,u4ffc173d8f6238b8,u4ffc173d8f6238b8@users.invalid,GitHub,noreply@github.com,1,0,14,3950,1527,5,755,0,,,,,,0,1113,feat: add BoAmps as output method (#1113),"feat: add BoAmps as output method (#1113)

* feat: add BoAmps as output method

* fix: review comments

* Initial plan

* pre-commit

# Conflicts:
#	CONTRIBUTING.md

* fix: review comments

* lint

---------

Co-authored-by: u9dae085cd51385f2 <u9dae085cd51385f2@users.invalid>"
mlco2/codecarbon,5defee3c54bd64f322f244390bf06ed7b8c4b375,2026-03,10,post,2026-03-27T17:17:52+01:00,2026-03-27T16:17:52Z,ue163e6a7b38ddb5e,ue163e6a7b38ddb5e@users.invalid,GitHub,noreply@github.com,1,0,3,45,11,2,19,9,,,,,,0,1145,fix(cli): use configured API endpoint and declare option defaults (#1145),"fix(cli): use configured API endpoint and declare option defaults (#1145)

* fix(cli): use configured API endpoint and declare option defaults

* fix(cli): use configured API endpoint in CLI commands

* fix(cli): use configured API endpoint and restore typer compatibility

---------

Co-authored-by: u17307de1894bf722 <u17307de1894bf722@users.invalid>"
mlco2/codecarbon,e5a2b84f484dd30997f8a2fcc071ea6c0d6ed3e3,2026-03,10,post,2026-03-29T03:05:25Z,2026-03-29T03:05:25Z,dependabot[bot],49699333+dependabot[bot]@users.noreply.github.com,GitHub,noreply@github.com,1,0,1,1,1,0,0,0,,,,,dependabot,0,,build(deps): bump cryptography,"build(deps): bump cryptography

Bumps the pip group with 1 update in the /requirements directory: [cryptography](https://github.com/pyca/cryptography).


Updates `cryptography` from 46.0.5 to 46.0.6
- [Changelog](https://github.com/pyca/cryptography/blob/main/CHANGELOG.rst)
- [Commits](https://github.com/pyca/cryptography/compare/46.0.5...46.0.6)

---
updated-dependencies:
- dependency-name: cryptography
  dependency-version: 46.0.6
  dependency-type: direct:production
  dependency-group: pip
...

Signed-off-by: dependabot[bot] <support@github.com>"
mlco2/codecarbon,5fd9c8402b3ec933e00f73e1243335e5e54922b2,2026-03,10,post,2026-03-29T09:17:21+02:00,2026-03-29T09:17:21+02:00,u9dae085cd51385f2,u9dae085cd51385f2@users.invalid,GitHub,noreply@github.com,2,1,0,0,0,0,0,0,,,,,,0,1148,Merge pull request #1148 from mlco2/dependabot/pip/requirements/pip-6ba9ca5f64,"Merge pull request #1148 from mlco2/dependabot/pip/requirements/pip-6ba9ca5f64

build(deps): bump cryptography from 46.0.5 to 46.0.6 in /requirements in the pip group across 1 directory"
mlco2/codecarbon,9c17fc1027f1c7d09fb752770b885d97eb2f21bb,2026-03,10,post,2026-03-29T09:17:52+02:00,2026-03-29T03:07:48Z,dependabot[bot],49699333+dependabot[bot]@users.noreply.github.com,u9dae085cd51385f2,u9dae085cd51385f2@users.invalid,1,0,1,31,31,0,0,0,,,,,dependabot,0,,build(deps): bump the uv group across 2 directories with 1 update,"build(deps): bump the uv group across 2 directories with 1 update

Bumps the uv group with 1 update in the /carbonserver directory: [cryptography](https://github.com/pyca/cryptography).
Bumps the uv group with 1 update in the /requirements directory: [cryptography](https://github.com/pyca/cryptography).


Updates `cryptography` from 46.0.5 to 46.0.6
- [Changelog](https://github.com/pyca/cryptography/blob/main/CHANGELOG.rst)
- [Commits](https://github.com/pyca/cryptography/compare/46.0.5...46.0.6)

Updates `cryptography` from 46.0.5 to 46.0.6
- [Changelog](https://github.com/pyca/cryptography/blob/main/CHANGELOG.rst)
- [Commits](https://github.com/pyca/cryptography/compare/46.0.5...46.0.6)

---
updated-dependencies:
- dependency-name: cryptography
  dependency-version: 46.0.6
  dependency-type: indirect
  dependency-group: uv
- dependency-name: cryptography
  dependency-version: 46.0.6
  dependency-type: direct:production
  dependency-group: uv
...

Signed-off-by: dependabot[bot] <support@github.com>"
mlco2/codecarbon,f88be1ae25867262bc576ab9440076d2209d6c2a,2026-03,10,post,2026-03-29T09:18:15+02:00,2026-03-29T09:18:15+02:00,u9dae085cd51385f2,u9dae085cd51385f2@users.invalid,GitHub,noreply@github.com,2,1,0,0,0,0,0,0,,,,,,0,1149,Merge pull request #1149 from mlco2/dependabot/uv/carbonserver/uv-29f49ba72d,"Merge pull request #1149 from mlco2/dependabot/uv/carbonserver/uv-29f49ba72d

build(deps): bump the uv group across 2 directories with 1 update"
mlco2/codecarbon,3d3f9b00e04dfc0e3f7f0810185a06c7730385ee,2026-03,10,post,2026-03-30T13:02:07+02:00,2026-03-18T10:35:59+01:00,u585ec54554c4b434,u585ec54554c4b434@users.invalid,u9dae085cd51385f2,u9dae085cd51385f2@users.invalid,1,0,3,193,0,0,0,0,AGENTS.md,,,,,0,,Lima+OpenCode support,Lima+OpenCode support
mlco2/codecarbon,ada1aee58d1be07ad0e40ffb1750099ea851b857,2026-03,10,post,2026-03-30T13:02:07+02:00,2026-03-27T16:02:04+01:00,u585ec54554c4b434,u585ec54554c4b434@users.invalid,u9dae085cd51385f2,u9dae085cd51385f2@users.invalid,1,0,5,96,12,0,0,0,,,,,,0,,init docs,init docs
mlco2/codecarbon,4396e7778d3107c713e2980f19e078e98bee9f02,2026-03,10,post,2026-03-30T13:02:07+02:00,2026-03-27T16:05:24+01:00,u585ec54554c4b434,u585ec54554c4b434@users.invalid,u9dae085cd51385f2,u9dae085cd51385f2@users.invalid,1,0,2,9,0,0,0,0,,,,,,0,,sample config,sample config
mlco2/codecarbon,d3846cdb8ad164981accb555a632b7243c8674cd,2026-03,10,post,2026-03-30T13:02:07+02:00,2026-03-27T19:44:30+01:00,u585ec54554c4b434,u585ec54554c4b434@users.invalid,u9dae085cd51385f2,u9dae085cd51385f2@users.invalid,1,0,1,3,1,0,0,0,,,,,,0,,💩,💩
mlco2/codecarbon,5aab51bb612d9d908b1ec68ea99d76e8e886be84,2026-03,10,post,2026-03-30T13:02:07+02:00,2026-03-28T08:48:55+01:00,u9dae085cd51385f2,u9dae085cd51385f2@users.invalid,u9dae085cd51385f2,u9dae085cd51385f2@users.invalid,1,0,1,1,1,0,0,0,,,,,,0,,Update docs/contributing/AI_POLICY.md,"Update docs/contributing/AI_POLICY.md

Co-authored-by: u17307de1894bf722 <u17307de1894bf722@users.invalid>"
mlco2/codecarbon,953b6e2973d0648b56e9f640b692c961ade134a9,2026-03,10,post,2026-03-30T13:02:07+02:00,2026-03-28T09:13:13+01:00,u585ec54554c4b434,u585ec54554c4b434@users.invalid,u9dae085cd51385f2,u9dae085cd51385f2@users.invalid,1,0,1,10,0,0,0,0,,,,,,0,,AI discrimination case,AI discrimination case
mlco2/codecarbon,92c185efba27cebd8f9b0e07fa2852bb186714c0,2026-03,10,post,2026-03-30T13:02:07+02:00,2026-03-28T09:16:06+01:00,u585ec54554c4b434,u585ec54554c4b434@users.invalid,u9dae085cd51385f2,u9dae085cd51385f2@users.invalid,1,0,4,11,11,0,0,0,,,,,,0,,spell checks,spell checks
mlco2/codecarbon,ebd585a018924bad85933a616aa66d26d30cedfe,2026-03,10,post,2026-03-30T13:02:07+02:00,2026-03-28T09:18:00+01:00,u585ec54554c4b434,u585ec54554c4b434@users.invalid,u9dae085cd51385f2,u9dae085cd51385f2@users.invalid,1,0,1,11,6,0,0,0,,,,,,0,,rebase Contributing,rebase Contributing
mlco2/codecarbon,0fe6ef2cd887d1bf257c4df4020b3e81ccd7d631,2026-03,10,post,2026-03-30T13:02:07+02:00,2026-03-28T09:21:38+01:00,u585ec54554c4b434,u585ec54554c4b434@users.invalid,u9dae085cd51385f2,u9dae085cd51385f2@users.invalid,1,0,1,2,2,0,0,0,,,,,,0,,Less adversarial,Less adversarial
mlco2/codecarbon,b05e932e4a41b424079af1f6b61a1986c1da6bcb,2026-03,10,post,2026-03-30T13:02:07+02:00,2026-03-28T09:21:50+01:00,u585ec54554c4b434,u585ec54554c4b434@users.invalid,u9dae085cd51385f2,u9dae085cd51385f2@users.invalid,1,0,1,9,34,0,0,0,,,,,,0,,Spell check,Spell check
mlco2/codecarbon,ce4497e37f245217e329e92e4365e67914372a7e,2026-03,10,post,2026-03-30T13:02:07+02:00,2026-03-28T09:54:38+01:00,u585ec54554c4b434,u585ec54554c4b434@users.invalid,u9dae085cd51385f2,u9dae085cd51385f2@users.invalid,1,0,16,144,136,3,3,3,.github/copilot-instructions.md,,,,,0,,Fix links,Fix links
mlco2/codecarbon,9af10a89f34e645a4e12f6b19a1c216a7ada9326,2026-03,10,post,2026-03-30T13:02:07+02:00,2026-03-28T10:08:26+01:00,u585ec54554c4b434,u585ec54554c4b434@users.invalid,u9dae085cd51385f2,u9dae085cd51385f2@users.invalid,1,0,5,205,197,0,0,0,.github/copilot-instructions.md,,,,,0,,fixes,fixes
mlco2/codecarbon,98db9b06dc7df10264c1bce0a4b66201a713472d,2026-03,10,post,2026-03-30T13:02:07+02:00,2026-03-28T18:01:17+01:00,u585ec54554c4b434,u585ec54554c4b434@users.invalid,u9dae085cd51385f2,u9dae085cd51385f2@users.invalid,1,0,2,52,3,0,0,0,,,,,,0,,Add a read-only GitHub token for GitHub CLI,Add a read-only GitHub token for GitHub CLI
mlco2/codecarbon,08f4715347dcd68cfcec8779e7c8a05579153d1b,2026-03,10,post,2026-03-30T13:02:07+02:00,2026-03-29T17:19:00+02:00,u585ec54554c4b434,u585ec54554c4b434@users.invalid,u9dae085cd51385f2,u9dae085cd51385f2@users.invalid,1,0,1,1,1,0,0,0,,,,,,0,,GH token limit,GH token limit
mlco2/codecarbon,63562279c11d0184edc054e5ec06ab1a4df7ebe6,2026-03,10,post,2026-03-30T13:02:41+02:00,2026-03-30T13:02:41+02:00,u9dae085cd51385f2,u9dae085cd51385f2@users.invalid,GitHub,noreply@github.com,2,1,0,0,0,0,0,0,,,,,,0,1146,Merge pull request #1146 from mlco2/feat/agentic-coding,"Merge pull request #1146 from mlco2/feat/agentic-coding

AI coding policy"
mlco2/codecarbon,53cc99e4952d7b8917595f640babbf67428a9ac5,2026-03,10,post,2026-03-30T13:23:39+02:00,2026-03-27T17:11:32Z,ue163e6a7b38ddb5e,ue163e6a7b38ddb5e@users.invalid,u9dae085cd51385f2,u9dae085cd51385f2@users.invalid,1,0,4,556,0,0,0,0,,,,,,0,,test: increase CLI and API coverage,test: increase CLI and API coverage
mlco2/codecarbon,534c2c95d4b4932e8b25354b05dce2546c7fc4eb,2026-03,10,post,2026-03-30T13:23:39+02:00,2026-03-27T17:21:19Z,ue163e6a7b38ddb5e,ue163e6a7b38ddb5e@users.invalid,u9dae085cd51385f2,u9dae085cd51385f2@users.invalid,1,0,2,382,18,0,0,0,,,,,,0,,test: increase resource tracker and powermetrics coverage,test: increase resource tracker and powermetrics coverage
mlco2/codecarbon,2ab15e1d021903c3aefcf77cec7d5f6e72d16cfe,2026-03,10,post,2026-03-30T13:23:39+02:00,2026-03-27T17:28:23Z,ue163e6a7b38ddb5e,ue163e6a7b38ddb5e@users.invalid,u9dae085cd51385f2,u9dae085cd51385f2@users.invalid,1,0,1,188,0,0,0,0,,,,,,0,,test: increase cpu coverage,test: increase cpu coverage
mlco2/codecarbon,dab265142e2d4ff45333f838381a797a83670d65,2026-03,10,post,2026-03-30T13:23:39+02:00,2026-03-27T21:13:05Z,ue163e6a7b38ddb5e,ue163e6a7b38ddb5e@users.invalid,u9dae085cd51385f2,u9dae085cd51385f2@users.invalid,1,0,3,168,12,0,0,0,,,,,,0,,test: stabilize failing coverage tests,test: stabilize failing coverage tests
mlco2/codecarbon,2cb03a4f90d28ce684f16447e4ef52534e4788bd,2026-03,10,post,2026-03-30T13:23:39+02:00,2026-03-30T11:50:59+01:00,ue163e6a7b38ddb5e,ue163e6a7b38ddb5e@users.invalid,u9dae085cd51385f2,u9dae085cd51385f2@users.invalid,1,0,8,169,78,0,0,0,,,,,,0,,test: fix auth callback coverage test and temp credentials path,test: fix auth callback coverage test and temp credentials path
mlco2/codecarbon,6cf8bcb08be47fe4a540e0de23122b34cd17289f,2026-03,10,post,2026-03-30T13:36:50+02:00,2026-03-30T13:36:50+02:00,u9dae085cd51385f2,u9dae085cd51385f2@users.invalid,GitHub,noreply@github.com,2,1,0,0,0,0,0,0,,,,,,0,1147,Merge pull request #1147 from h132c4a73831e5edf/coverage-improvement-plan,"Merge pull request #1147 from h132c4a73831e5edf/coverage-improvement-plan

Coverage improvement plan"
mlco2/codecarbon,58f86396abf13513883f326b77bdb7a0fd529a22,2026-03,10,post,2026-03-30T13:40:27+02:00,2026-03-30T13:40:27+02:00,uae81257adf1d3460,uae81257adf1d3460@users.invalid,uae81257adf1d3460,uae81257adf1d3460@users.invalid,1,0,3,233,76,1,1,1,,,,,,0,,Release 3.2.6,Release 3.2.6
mlco2/codecarbon,7f099366452510af5f166e119b8bbe97b94a9c08,2026-03,10,post,2026-03-30T14:40:37+02:00,2026-03-30T14:40:37+02:00,u9dae085cd51385f2,u9dae085cd51385f2@users.invalid,GitHub,noreply@github.com,2,1,0,0,0,0,0,0,,,,,,0,1150,Merge pull request #1150 from mlco2/release/3.2.6,"Merge pull request #1150 from mlco2/release/3.2.6

Release 3.2.6"
mlco2/codecarbon,ce8cee247e53c046c2fbe8c3af5f6673b6426e05,2026-04,11,post,2026-04-01T09:29:44+02:00,2026-03-17T08:46:53Z,copilot-swe-agent[bot],198982749+Copilot@users.noreply.github.com,u585ec54554c4b434,u585ec54554c4b434@users.invalid,1,0,0,0,0,0,0,0,,B,copilot,identity,copilot-swe-agent,0,,Initial plan,Initial plan
mlco2/codecarbon,f4534535974d8a70acb4328bc634b1e65e25e628,2026-04,11,post,2026-04-01T09:31:16+02:00,2026-03-18T18:31:08+01:00,u943e2fa1191679f0,u943e2fa1191679f0@users.invalid,u585ec54554c4b434,u585ec54554c4b434@users.invalid,1,0,31,2283,2254,0,0,0,,B,claude,trailer;identity,,0,,docs: restructure documentation using Diataxis framework,"docs: restructure documentation using Diataxis framework

Reorganize all documentation into the four Diataxis quadrants:
- Tutorials: first-tracking, CLI, Python API
- How-to Guides: installation, configuration, cloud API, logging, deployment
- Explanation: motivation, methodology, RAPL, power estimation, FAQ
- Reference: API reference, CLI reference, output formats, examples

Also:
- Add mkdocs-redirects plugin to preserve all old URLs
- Update README to mirror docs homepage structure with EcoLogits reference
- Add cross-links between related pages
- Fix all internal links for new file locations

Closes #1108

Co-Authored-By: Claude Opus 4.6 <noreply@anthropic.com>"
mlco2/codecarbon,c8987371539921ea556ac5e6e6d0640f889c102e,2026-04,11,post,2026-04-01T09:31:16+02:00,2026-03-18T18:46:29+01:00,u943e2fa1191679f0,u943e2fa1191679f0@users.invalid,u585ec54554c4b434,u585ec54554c4b434@users.invalid,1,0,11,242,178,0,0,0,,B,claude,trailer;identity,,0,,docs: align content with Diataxis framework and improve narrative flow,"docs: align content with Diataxis framework and improve narrative flow

- Tutorials: Add learning goals, connective prose, and ""What's next"" sections
  * first-tracking.md: Add introduction and transitions between steps
  * python-api.md: Full restructure as a learning journey with clear progression (explicit → context manager → decorator → offline)
  * cli.md: Add learning goal and transitions, clarify online/offline modes

- How-to guides: Improve clarity and flow
  * visualize.md: Fix unclear headings (""from global"" → ""Organization & Project Overview""), add intro
  * cloud-api.md: Restructure with clear steps (prerequisites → send data → create projects → view results)
  * installation.md: Clarify conda package deprecation with warning
  * slurm.md: Reframe as Adastra example, point to linux-service.md for general approach

- Explanation: Fix broken links
  * faq.md: Fix Docker answer link (was ""Advanced Installation"", now ""installation.md"")

- Reference: Complete and deduplicate
  * cli.md: Replace ""Work in progress"" stub with comprehensive command reference (config, login, monitor, detect with full options tables and examples)
  * examples.md: Strip explanatory prose, keep code snippets, add PyTorch/HuggingFace example for broader appeal

All docs now follow Diataxis roles: tutorials teach learning paths, how-tos solve specific problems, explanations provide context, and references provide complete information.

Co-Authored-By: Claude Haiku 4.5 <noreply@anthropic.com>"
mlco2/codecarbon,2125f9352ceca7e9ef2d8cc6b022ae311cfdf069,2026-04,11,post,2026-04-01T09:31:16+02:00,2026-03-18T18:49:10+01:00,u943e2fa1191679f0,u943e2fa1191679f0@users.invalid,u585ec54554c4b434,u585ec54554c4b434@users.invalid,1,0,1,23,0,0,0,0,,B,claude,trailer;identity,,0,,docs(why.md): add Python and CLI quick-start examples,"docs(why.md): add Python and CLI quick-start examples

Show practical usage immediately after explaining the motivation. Includes:
- Python API example using EmissionsTracker
- CLI example for tracking without code modification

This makes the motivation section more actionable and concrete.

Co-Authored-By: Claude Haiku 4.5 <noreply@anthropic.com>"
mlco2/codecarbon,be07a09dd0495bce90e6e72fff67836afb0c6206,2026-04,11,post,2026-04-01T09:31:40+02:00,2026-03-18T20:06:19+01:00,u943e2fa1191679f0,u943e2fa1191679f0@users.invalid,u585ec54554c4b434,u585ec54554c4b434@users.invalid,1,0,6,104,9,0,0,0,,B,claude,trailer;identity,,0,,test: add mktestdocs-based tests for documentation code examples,"test: add mktestdocs-based tests for documentation code examples

Add comprehensive testing of all Python code blocks in documentation to catch
broken examples early. Uses the mktestdocs library to extract and execute
code blocks directly from markdown files.

Changes:
- Add mktestdocs to dev dependencies in pyproject.toml
- Create tests/test_docs_examples.py with parametrized doc tests:
  * test_doc_python_blocks: Independent Python blocks from tutorials/explanation/how-to
  * test_first_tracking_tutorial: Sequential blocks using memory=True
- Update docs to mark non-runnable code blocks with different language tags:
  * docs/tutorials/first-tracking.md: `!pip install` → console tag
  * docs/reference/examples.md: TensorFlow/PyTorch → python-skip tag

All testable Python blocks now execute in isolated temp directories to prevent
file I/O conflicts. Tests validate that examples remain working as the codebase
evolves.

Co-Authored-By: Claude Haiku 4.5 <noreply@anthropic.com>"
mlco2/codecarbon,8bb149abdd43844595de0d5c8b6995df29f55411,2026-04,11,post,2026-04-01T09:31:40+02:00,2026-03-18T20:09:18+01:00,u943e2fa1191679f0,u943e2fa1191679f0@users.invalid,u585ec54554c4b434,u585ec54554c4b434@users.invalid,1,0,1,6,2,0,0,0,,B,claude,trailer;identity,,0,,docs: mark Prometheus/Logfire examples as non-testable and add missing imports,"docs: mark Prometheus/Logfire examples as non-testable and add missing imports

- docs/reference/output.md: Mark Prometheus and Logfire examples with python-skip tag (require external services)
- Add missing import statement for OfflineEmissionsTracker in Logfire example
- Tests now pass: all runnable Python code blocks in docs are validated

Co-Authored-By: Claude Haiku 4.5 <noreply@anthropic.com>"
mlco2/codecarbon,0c0662680bf7a5355d8b5238feb1fcc3f575420b,2026-04,11,post,2026-04-01T09:31:40+02:00,2026-03-18T20:11:42+01:00,u943e2fa1191679f0,u943e2fa1191679f0@users.invalid,u585ec54554c4b434,u585ec54554c4b434@users.invalid,1,0,1,0,1,0,0,0,,B,claude,trailer;identity,,0,,fix: remove unused import in test_docs_examples.py,"fix: remove unused import in test_docs_examples.py

Autoflake detected unused 'import os' - removed.

Co-Authored-By: Claude Haiku 4.5 <noreply@anthropic.com>"
mlco2/codecarbon,4b7104f770675a3a539dd4cb5252b122d1c11a17,2026-04,11,post,2026-04-01T09:31:40+02:00,2026-03-19T07:48:57+01:00,u943e2fa1191679f0,u943e2fa1191679f0@users.invalid,u585ec54554c4b434,u585ec54554c4b434@users.invalid,1,0,1,4,4,0,0,0,,B,claude,trailer;identity,,0,,fix: enable syntax highlighting in code examples,"fix: enable syntax highlighting in code examples

Changed language identifier from 'python-skip' to 'python skip' so that
mktestdocs can still skip testing these blocks while syntax highlighting
is properly applied by the documentation renderer.

Fixes issue where code blocks in examples section were not displaying
with proper Python syntax highlighting.

Co-Authored-By: Claude Haiku 4.5 <noreply@anthropic.com>"
mlco2/codecarbon,251a40b5f36a403a48d89aeadeb14f643b05d1b0,2026-04,11,post,2026-04-01T09:31:40+02:00,2026-03-19T07:55:14+01:00,u943e2fa1191679f0,u943e2fa1191679f0@users.invalid,u585ec54554c4b434,u585ec54554c4b434@users.invalid,1,0,4,271,0,0,0,0,,B,claude,trailer;identity,,0,,feat: add Comparing Model Efficiency tutorial with cross-links,"feat: add Comparing Model Efficiency tutorial with cross-links

Create new tutorial 'comparing-model-efficiency.md' that:
- Focuses on the explicit object pattern (tracker.start()/stop()) for long-running experiments
- Shows practical ML model training examples with emissions comparison
- Demonstrates efficiency metrics and trade-off analysis between accuracy and environmental impact
- Uses scikit-learn RandomForest with 3 configurations (small/medium/large)
- Includes code for analyzing results, calculating efficiency scores, and visualizing trade-offs
- Bridges gap between reference examples and practical ML scenarios

Updates:
- docs/reference/examples.md: Add cross-link note to new tutorial
- docs/tutorials/python-api.md: Add cross-link in 'What's Next' section
- tests/test_docs_examples.py: Removed test (practical examples require sklearn/pandas dependencies not in test env)

The tutorial provides copy-paste-ready code for users to track and compare carbon efficiency
across their own ML models.

Co-Authored-By: Claude Haiku 4.5 <noreply@anthropic.com>"
mlco2/codecarbon,e4a1b9c6f7954f14df6e6df985da81de39d503ec,2026-04,11,post,2026-04-01T09:31:40+02:00,2026-03-19T08:01:44+01:00,u943e2fa1191679f0,u943e2fa1191679f0@users.invalid,u585ec54554c4b434,u585ec54554c4b434@users.invalid,1,0,4,34,13,0,0,0,,B,claude,trailer;identity,,0,,docs: restructure navigation and add CLI quickstart,"docs: restructure navigation and add CLI quickstart

Navigation improvements:
- Rename 'Your First Emissions Tracking' to 'Quickstart' for clarity
- Move Installation into Tutorials section (nav grouping)
- Add 'Comparing Model Efficiency' tutorial to Tutorials section
- Group How-to Guides into logical sections:
  - Dashboard & Visualization (cloud-api, visualize, logging, comet)
  - Deployment (linux-service, ansible, slurm, test-on-scaleway)
  - Configuration (standalone, unchanged)

Content improvements:
- docs/index.md: Add CLI quickstart section after Python quickstart
- README.md: Update Quick links table to reflect navigation changes
- docs/tutorials/first-tracking.md: Update page heading to 'Quickstart'

These changes improve navigation structure and make CLI option more discoverable
alongside Python API in both homepage and README.

Co-Authored-By: Claude Haiku 4.5 <noreply@anthropic.com>"
mlco2/codecarbon,47171ff52cde95ef24bc65e1c89322a099eba5b0,2026-04,11,post,2026-04-01T09:31:40+02:00,2026-03-19T08:04:30+01:00,u943e2fa1191679f0,u943e2fa1191679f0@users.invalid,u585ec54554c4b434,u585ec54554c4b434@users.invalid,1,0,1,8,2,0,0,0,,B,claude,trailer;identity,,0,,docs: improve Setup section readability and syntax highlighting,"docs: improve Setup section readability and syntax highlighting

- Make Setup section more conversational and welcoming
- Change code block from 'python skip' to 'python' for proper syntax highlighting
- Add explanatory bullet points about each library's purpose
- Make the section more human-friendly by explaining what we're setting up

The code block now renders with proper Python syntax highlighting and
the section reads more naturally.

Co-Authored-By: Claude Haiku 4.5 <noreply@anthropic.com>"
mlco2/codecarbon,849a961e673031246ae097fdbd96d6ba88a1f4d5,2026-04,11,post,2026-04-01T09:31:40+02:00,2026-03-19T08:05:12+01:00,u943e2fa1191679f0,u943e2fa1191679f0@users.invalid,u585ec54554c4b434,u585ec54554c4b434@users.invalid,1,0,1,7,7,0,0,0,,B,claude,trailer;identity,,0,,fix: use proper code block formatting for syntax highlighting,"fix: use proper code block formatting for syntax highlighting

Changed all code blocks from ' python' (with space after backticks)
to match the formatting used in other tutorials and ensure proper syntax highlighting
with the zensical theme.

This fixes rendering issues where code blocks weren't displaying with
proper Python syntax colors.

Co-Authored-By: Claude Haiku 4.5 <noreply@anthropic.com>"
mlco2/codecarbon,f356780687014aafd5a75fa6b25f5665ad2836e1,2026-04,11,post,2026-04-01T09:31:40+02:00,2026-03-19T08:06:04+01:00,u943e2fa1191679f0,u943e2fa1191679f0@users.invalid,u585ec54554c4b434,u585ec54554c4b434@users.invalid,1,0,1,7,7,0,0,0,,B,claude,trailer;identity,,0,,fix: use correct code block format without space,"fix: use correct code block format without space

Changed code blocks from '\\\python' (no space) to match
the correct markdown formatting used in other documentation files.

This ensures proper syntax highlighting and rendering with the documentation theme.

Co-Authored-By: Claude Haiku 4.5 <noreply@anthropic.com>"
mlco2/codecarbon,8e96637a85cd1a386f41664fc61146a601c3a8f1,2026-04,11,post,2026-04-01T09:31:40+02:00,2026-03-19T08:06:59+01:00,u943e2fa1191679f0,u943e2fa1191679f0@users.invalid,u585ec54554c4b434,u585ec54554c4b434@users.invalid,1,0,1,10,5,0,0,0,,B,claude,trailer;identity,,0,,fix: use comment-based skip marker for code blocks,"fix: use comment-based skip marker for code blocks

Changed skip blocks from '\\\python' with '# mktestdocs: skip'
comment on the first line. This follows the proper mktestdocs format where directives
are comments within the code block, not part of the language identifier.

This ensures:
- Proper Python syntax highlighting (skip is just a comment)
- Correct mktestdocs directive parsing
- Better readability in both source and rendered documentation

Co-Authored-By: Claude Haiku 4.5 <noreply@anthropic.com>"
mlco2/codecarbon,6fa701dd11f87c7ef58bdf47f0646b5876fc80bb,2026-04,11,post,2026-04-01T09:31:40+02:00,2026-03-19T08:08:31+01:00,u943e2fa1191679f0,u943e2fa1191679f0@users.invalid,u585ec54554c4b434,u585ec54554c4b434@users.invalid,1,0,1,1,0,0,0,0,,B,claude,trailer;identity,,0,,docs: add Logging group to How-to Guides,"docs: add Logging group to How-to Guides

Create a separate 'Logging' section in How-to Guides containing:
- Log to External Systems
- Integrate with Comet

This provides better organization, separating logging/integration features
from Dashboard & Visualization features.

Co-Authored-By: Claude Haiku 4.5 <noreply@anthropic.com>"
mlco2/codecarbon,f5477d0e83e0077af36e462beabde366c70b6c76,2026-04,11,post,2026-04-01T09:31:40+02:00,2026-03-19T08:13:03+01:00,u943e2fa1191679f0,u943e2fa1191679f0@users.invalid,u585ec54554c4b434,u585ec54554c4b434@users.invalid,1,0,1,7,0,0,0,0,,B,claude,trailer;identity,,0,,test: expand documentation coverage with additional files,"test: expand documentation coverage with additional files

Added tests for more documentation files with Python code blocks:
- docs/how-to/comet.md
- docs/how-to/configuration.md
- docs/how-to/logging.md
- docs/index.md

These expand the test coverage beyond the core tutorials to ensure
all actionable code examples in the documentation are correct.

Note: power-estimation.md contains code snippets referencing internal
codebase variables and is not tested as it's not meant to be run standalone.

All 8 tests pass successfully.

Co-Authored-By: Claude Haiku 4.5 <noreply@anthropic.com>"
mlco2/codecarbon,fdf0336f55de64438c6a8caf1c7deb7699047274,2026-04,11,post,2026-04-01T09:32:14+02:00,2026-03-19T08:34:20+01:00,u943e2fa1191679f0,u943e2fa1191679f0@users.invalid,u585ec54554c4b434,u585ec54554c4b434@users.invalid,1,0,18,659,244,2,4,7,,B,claude,trailer;identity,,0,,feat: add framework-specific how-to guides and reorganize documentation,"feat: add framework-specific how-to guides and reorganize documentation

- Create four framework-specific guides under docs/how-to/:
  - scikit-learn.md: ML model tracking with RandomForestClassifier
  - transformers.md: HuggingFace Transformers fine-tuning guide
  - diffusers.md: Image generation with Diffusers
  - agents.md: Local LLM inference with SmolLM2-135M-Instruct

- Reorganize documentation navigation:
  - Move ""Comparing Model Efficiency"" to How-to Guides (task-oriented)
  - Move ""Framework Examples"" to Tutorials (learning-focused)
  - Update mkdocs.yml navigation structure accordingly

- Remove docs/reference/examples.md (superseded by framework guides)
- Add redirects for backward compatibility
- Fix markdown rendering: add blank line before bullet lists
- Update tests to validate scikit-learn guide
- Update pyproject.toml: scikit-learn already in dev dependencies

Co-Authored-By: Claude Haiku 4.5 <noreply@anthropic.com>"
mlco2/codecarbon,84ddd1b149d1c8b05977e16990a38a71632d7be4,2026-04,11,post,2026-04-01T09:32:45+02:00,2026-03-19T08:40:10+01:00,u943e2fa1191679f0,u943e2fa1191679f0@users.invalid,u585ec54554c4b434,u585ec54554c4b434@users.invalid,1,0,7,293,151,0,0,0,,B,claude,trailer;identity,,0,,docs: add consistent headers and step-by-step structure to all how-to guides,"docs: add consistent headers and step-by-step structure to all how-to guides

- comet.md: Added Prerequisites, Installation, Setup Steps (5 numbered steps), Example, Next Steps
- linux-service.md: Added Prerequisites, Installation Steps (8 numbered steps), Verification, Next Steps
- test-on-scaleway.md: Added Hardware Overview, Prerequisites, Setup Steps (5 numbered steps), Results & Analysis, Next Steps
- logging.md: Added Overview, Setup Steps with Options 1-2, Complete Examples, Next Steps
- ansible.md: Added Quick Start with 3 numbered steps, Next Steps
- visualize.md: Added Dashboard Features subsections with step-by-step instructions, Next Steps
- slurm.md: Reorganized with Setup Steps (7 numbered steps), improved troubleshooting, Next Steps

All how-to guides now have consistent structure:
- Overview/Introduction
- Prerequisites
- Installation/Setup (if applicable)
- Step-by-step Instructions
- Next Steps/Additional Resources

Co-Authored-By: Claude Haiku 4.5 <noreply@anthropic.com>"
mlco2/codecarbon,6c481c662ec099a14a73fb072c4219d78df9abbb,2026-04,11,post,2026-04-01T09:32:45+02:00,2026-03-19T08:43:00+01:00,u943e2fa1191679f0,u943e2fa1191679f0@users.invalid,u585ec54554c4b434,u585ec54554c4b434@users.invalid,1,0,3,153,23,0,0,0,,B,claude,trailer;identity,,0,,docs: extract RAPL configuration into how-to guide with clear value proposition,"docs: extract RAPL configuration into how-to guide with clear value proposition

Create new how-to guide 'Improve Measurement Accuracy with RAPL' that:
- Clearly explains what RAPL is and why it improves accuracy
- Provides step-by-step permission setup instructions
- Covers temporary, permanent, and group-based access options
- Includes Docker/containerized environment guidance
- References the explanation section for technical details

Update RAPL explanation file to:
- Remove configuration/setup sections (moved to how-to guide)
- Add prominent link to the new how-to guide
- Keep all technical details about domains, hierarchy, and examples

Add new guide to mkdocs.yml under How-to Guides section.

Co-Authored-By: Claude Haiku 4.5 <noreply@anthropic.com>"
mlco2/codecarbon,f11c9b058e78457461937f16a8a98b4ca7b24179,2026-04,11,post,2026-04-01T09:32:45+02:00,2026-03-19T08:44:02+01:00,u943e2fa1191679f0,u943e2fa1191679f0@users.invalid,u585ec54554c4b434,u585ec54554c4b434@users.invalid,1,0,1,5,1,0,0,0,,B,claude,trailer;identity,,0,,docs: add Python section header to Quickstart tutorial for clarity,"docs: add Python section header to Quickstart tutorial for clarity

Add dedicated '### Python' subsection header in Step 2 to clearly indicate
that the code examples are Python-specific, aligning with README's distinction
between 'Quickstart (Python)' and 'Quickstart (CLI)'.

Co-Authored-By: Claude Haiku 4.5 <noreply@anthropic.com>"
mlco2/codecarbon,502c94c7d118229004f041875c9a11c1ad2bd1ea,2026-04,11,post,2026-04-01T09:32:45+02:00,2026-03-19T08:46:19+01:00,u943e2fa1191679f0,u943e2fa1191679f0@users.invalid,u585ec54554c4b434,u585ec54554c4b434@users.invalid,1,0,1,7,1,0,0,0,,B,claude,trailer;identity,,0,,docs: add Python section header to homepage quickstart,"docs: add Python section header to homepage quickstart

- Add ""### Python"" header to clearly distinguish Python vs CLI quickstart
- Add descriptive text for install and example usage
- Update Quick links table to point to Framework Examples (scikit-learn) instead of deleted examples.md
- Aligns homepage with Quickstart tutorial and README structure

Co-Authored-By: Claude Haiku 4.5 <noreply@anthropic.com>"
mlco2/codecarbon,c43a7a6679749465fccf238fed688dbf9a17fdf6,2026-04,11,post,2026-04-01T09:32:45+02:00,2026-03-19T08:46:45+01:00,u943e2fa1191679f0,u943e2fa1191679f0@users.invalid,u585ec54554c4b434,u585ec54554c4b434@users.invalid,1,0,1,1,5,0,0,0,,B,claude,trailer;identity,,0,,docs: remove Python header from Quickstart Step 2,"docs: remove Python header from Quickstart Step 2

- Remove ""### Python"" section header from Step 2 since it's the only option
- Integrate the context manager explanation into the step description
- Simplifies tutorial structure

Co-Authored-By: Claude Haiku 4.5 <noreply@anthropic.com>"
mlco2/codecarbon,4f749069f0c524aee067028ebf5cb271f1b61ed4,2026-04,11,post,2026-04-01T09:32:45+02:00,2026-03-19T08:47:05+01:00,u943e2fa1191679f0,u943e2fa1191679f0@users.invalid,u585ec54554c4b434,u585ec54554c4b434@users.invalid,1,0,1,1,1,0,0,0,,B,claude,trailer;identity,,0,,docs: move RAPL guide into Deployment group,"docs: move RAPL guide into Deployment group

- Move ""Improve Measurement Accuracy with RAPL"" from How-to Guides top level into Deployment group
- Makes sense as RAPL setup is part of system configuration for deployment
- Groups with other deployment guides (Linux Service, Ansible, SLURM, Scaleway)

Co-Authored-By: Claude Haiku 4.5 <noreply@anthropic.com>"
mlco2/codecarbon,1ce267e975b48142b98a297441497b08a9942b17,2026-04,11,post,2026-04-01T09:33:09+02:00,2026-03-18T14:48:26+01:00,u585ec54554c4b434,u585ec54554c4b434@users.invalid,u585ec54554c4b434,u585ec54554c4b434@users.invalid,1,0,1,377,372,0,0,0,,,,,,0,,bump,bump
mlco2/codecarbon,151c2237e61714d39fd9780a561abda3575e8b5a,2026-04,11,post,2026-04-01T09:33:27+02:00,2026-03-19T08:50:49+01:00,u943e2fa1191679f0,u943e2fa1191679f0@users.invalid,u585ec54554c4b434,u585ec54554c4b434@users.invalid,1,0,7,65,32,1,4,2,,B,claude,trailer;identity,,0,,chore: format Python code with black and update uv.lock,"chore: format Python code with black and update uv.lock

- Reformat 8 Python files to fix pre-commit black formatting
- Update uv.lock to include scikit-learn and numpy dependencies

Co-Authored-By: Claude Haiku 4.5 <noreply@anthropic.com>"
mlco2/codecarbon,b5c148efe6f941cf0cbecb3f2772248badc501cf,2026-04,11,post,2026-04-01T09:33:34+02:00,2026-03-19T09:00:41+01:00,u943e2fa1191679f0,u943e2fa1191679f0@users.invalid,u585ec54554c4b434,u585ec54554c4b434@users.invalid,1,0,8,61,109,1,2,4,,B,claude,trailer;identity,,0,,fix: regenerate uv.lock to resolve scikit-learn dependency,"fix: regenerate uv.lock to resolve scikit-learn dependency

The uv.lock file was corrupted with a missing numpy==2.4.2 dependency
that scikit-learn requires. Regenerated the lock file from scratch to
properly resolve all dependencies including the new dev dependency on
scikit-learn for documentation testing.

Also applied code formatting with black to match project style.

Co-Authored-By: Claude Haiku 4.5 <noreply@anthropic.com>"
mlco2/codecarbon,d35b9c622b142462978776c4b476f1c7cebda05e,2026-04,11,post,2026-04-01T09:33:40+02:00,2026-03-19T10:01:49+01:00,u943e2fa1191679f0,u943e2fa1191679f0@users.invalid,u585ec54554c4b434,u585ec54554c4b434@users.invalid,1,0,7,65,32,1,4,2,,B,claude,trailer;identity,,0,,chore: apply black formatting from pre-commit hook,"chore: apply black formatting from pre-commit hook

Black reformatted 8 files to comply with code style standards.
Changes include improved string literal wrapping and function
call formatting for better readability.

Co-Authored-By: Claude Haiku 4.5 <noreply@anthropic.com>"
mlco2/codecarbon,894156f20f116f7a0989d614b00eeec650e40dbc,2026-04,11,post,2026-04-01T10:49:42+02:00,2026-04-01T10:49:42+02:00,u585ec54554c4b434,u585ec54554c4b434@users.invalid,u585ec54554c4b434,u585ec54554c4b434@users.invalid,1,0,6,18,4,0,0,0,,,,,,0,,Move contributing,Move contributing
mlco2/codecarbon,dc391133d38b7d68de15b9f6fe3ef7489b488901,2026-04,11,post,2026-04-01T10:54:06+02:00,2026-04-01T10:54:06+02:00,u585ec54554c4b434,u585ec54554c4b434@users.invalid,u585ec54554c4b434,u585ec54554c4b434@users.invalid,1,0,1,1,1,0,0,0,.github/copilot-instructions.md,,,,,0,,Agent Instructions,Agent Instructions
mlco2/codecarbon,cadaf645cfacff9398da8dfacb251adb972dfcb6,2026-04,11,post,2026-04-01T10:55:58+02:00,2026-04-01T10:55:58+02:00,u585ec54554c4b434,u585ec54554c4b434@users.invalid,u585ec54554c4b434,u585ec54554c4b434@users.invalid,1,0,2,1,1,0,0,0,,,,,,0,,security.md,security.md
mlco2/codecarbon,b1b918641a5b6034b72a757882fcfd2c1a135c7e,2026-04,11,post,2026-04-01T11:01:00+02:00,2026-04-01T11:01:00+02:00,u585ec54554c4b434,u585ec54554c4b434@users.invalid,u585ec54554c4b434,u585ec54554c4b434@users.invalid,1,0,3,4,4,0,0,0,,,,,,0,,AI Policy,AI Policy
mlco2/codecarbon,e16bc9e3382c4cd4c0a817522f66adef5a044302,2026-04,11,post,2026-04-01T11:03:25+02:00,2026-04-01T11:03:25+02:00,u585ec54554c4b434,u585ec54554c4b434@users.invalid,u585ec54554c4b434,u585ec54554c4b434@users.invalid,1,0,3,2,2,0,0,0,,,,,,0,,CODE_OF_CONDUCT.md,CODE_OF_CONDUCT.md
mlco2/codecarbon,2fd26b3f9be98ca6a6efe7c42e805b69a19765fa,2026-04,11,post,2026-04-01T11:04:37+02:00,2026-04-01T11:04:37+02:00,u585ec54554c4b434,u585ec54554c4b434@users.invalid,u585ec54554c4b434,u585ec54554c4b434@users.invalid,1,0,1,0,0,0,0,0,,,,,,0,,Working with agents,Working with agents
mlco2/codecarbon,fb5fac11e0b155c817ede46b25465ba428eba899,2026-04,11,post,2026-04-01T11:10:32+02:00,2026-04-01T11:10:32+02:00,u585ec54554c4b434,u585ec54554c4b434@users.invalid,u585ec54554c4b434,u585ec54554c4b434@users.invalid,1,0,1,1,1,0,0,0,,,,,,0,,doc link,doc link
mlco2/codecarbon,69a863bfd3b91d3bdca2d5587abed396363e23ed,2026-04,11,post,2026-04-01T14:34:22+02:00,2026-04-01T14:34:22+02:00,u585ec54554c4b434,u585ec54554c4b434@users.invalid,u585ec54554c4b434,u585ec54554c4b434@users.invalid,1,0,1,16,13,0,0,0,,,,,,0,,Add Docker Sandbox,Add Docker Sandbox
mlco2/codecarbon,33a0bfaeab7af45af74e3abb5f0dceec341c8d5a,2026-04,11,post,2026-04-05T07:39:46+02:00,2026-04-05T07:39:46+02:00,u943e2fa1191679f0,u943e2fa1191679f0@users.invalid,u943e2fa1191679f0,u943e2fa1191679f0@users.invalid,1,0,16,468,34,4,233,4,,,,,,0,,Update documentation links and improve build process,"Update documentation links and improve build process

- Corrected links in various documentation files to point to the latest paths.
- Updated mkdocs.yml to fix the file path for working_with_agent.
- Enhanced the build process in pyproject.toml to include a script for checking documentation links after building.
- Added a new script (check_docs_links.py) to validate links in the built documentation.
- Adjusted GitHub Actions workflows to incorporate the new link checking step during documentation builds and deployments."
mlco2/codecarbon,2439ad4687954b375c42f6632ef5a1a8b1da0b00,2026-04,11,post,2026-04-05T07:55:12+02:00,2026-04-05T07:55:12+02:00,u943e2fa1191679f0,u943e2fa1191679f0@users.invalid,u943e2fa1191679f0,u943e2fa1191679f0@users.invalid,1,0,1,65,21,1,65,21,,,,,,0,,Refactor link checking script for improved functionality,"Refactor link checking script for improved functionality

- Introduced new helper functions to streamline the process of checking local and external links in documentation.
- Enhanced the handling of GitHub URLs to skip 403 errors more effectively.
- Improved readability and organization of the code by restructuring existing functions and adding detailed docstrings.
- Updated the main function to maintain clarity in the link checking process."
mlco2/codecarbon,fd77aad5014c5e426206ea7dee182fa814d5642a,2026-04,11,post,2026-04-05T08:14:06+02:00,2026-04-05T08:14:06+02:00,u943e2fa1191679f0,u943e2fa1191679f0@users.invalid,u943e2fa1191679f0,u943e2fa1191679f0@users.invalid,1,0,1,7,3,0,0,0,,,,,,0,,Update package validation workflow to improve test execution,"Update package validation workflow to improve test execution

- Modified the test execution commands to run directly with Python instead of using 'uv run', accommodating the sparse checkout environment.
- Added exclusions for 'tests/test_viz_data.py' and 'tests/test_docs_examples.py' in the pytest command to streamline testing and avoid unnecessary failures."
mlco2/codecarbon,de88bef7af78e3d5dea268d77b62a58038468ac3,2026-04,11,post,2026-04-05T08:25:44+02:00,2026-04-05T08:25:44+02:00,u943e2fa1191679f0,u943e2fa1191679f0@users.invalid,u943e2fa1191679f0,u943e2fa1191679f0@users.invalid,1,0,1,10,16,0,0,0,,,,,,0,,Enhance package validation workflow for conditional execution and dependency management,"Enhance package validation workflow for conditional execution and dependency management

- Added conditional execution for the build-package job based on event types and branches.
- Updated sparse checkout to include additional files: docs/, pyproject.toml, and uv.lock.
- Refined dependency installation process by syncing dev dependencies from the lockfile and installing the package from the wheel.
- Modified test execution commands to utilize 'uv run' for improved environment consistency."
mlco2/codecarbon,c49101d09fc72650ae87288ce68325ae13d018bd,2026-04,11,post,2026-04-07T22:05:07+02:00,2026-04-07T22:05:07+02:00,u585ec54554c4b434,u585ec54554c4b434@users.invalid,u585ec54554c4b434,u585ec54554c4b434@users.invalid,1,0,8,15,15,3,3,3,,,,,,0,,Fix link to latest version,Fix link to latest version
mlco2/codecarbon,5aca5f7981f557900736a548c2b45c14d280daeb,2026-04,11,post,2026-04-07T22:19:11+02:00,2026-04-07T22:19:11+02:00,u585ec54554c4b434,u585ec54554c4b434@users.invalid,u585ec54554c4b434,u585ec54554c4b434@users.invalid,1,0,11,20,20,0,0,0,,,,,,0,,update dep in GH Actions,update dep in GH Actions
mlco2/codecarbon,462b21682db31b1ad8408a7a3ec6f0b68f9b9eeb,2026-04,11,post,2026-04-08T08:13:42+02:00,2026-04-08T08:13:42+02:00,u585ec54554c4b434,u585ec54554c4b434@users.invalid,u585ec54554c4b434,u585ec54554c4b434@users.invalid,1,0,1,5,5,0,0,0,,,,,,0,,Try to fix uv run,Try to fix uv run
mlco2/codecarbon,a32b03d021309489a887ac3f73f0a306bc6a66d0,2026-04,11,post,2026-04-08T08:18:35+02:00,2026-04-08T08:18:35+02:00,u9dae085cd51385f2,u9dae085cd51385f2@users.invalid,GitHub,noreply@github.com,2,1,0,0,0,0,0,0,,,,,,0,1118,Merge pull request #1118 from mlco2/issue-1108,"Merge pull request #1118 from mlco2/issue-1108

docs: restructure documentation using Diataxis framework"
mlco2/codecarbon,d858c6818289705bef6f99378f6ae54ac90ec817,2026-04,11,post,2026-04-08T09:37:36+02:00,2026-04-08T09:37:36+02:00,u9dae085cd51385f2,u9dae085cd51385f2@users.invalid,GitHub,noreply@github.com,1,0,9,26,26,3,3,3,,,,,,0,1153,Add /latest/ to all links (#1153),"Add /latest/ to all links (#1153)

Co-authored-by: u585ec54554c4b434 <u585ec54554c4b434@users.invalid>"
mlco2/codecarbon,a2a370d2f2c4a35e2069565c496b9034e6f53b99,2026-04,11,post,2026-04-08T07:39:30Z,2026-04-08T07:39:30Z,dependabot[bot],49699333+dependabot[bot]@users.noreply.github.com,GitHub,noreply@github.com,1,0,3,12,12,0,0,0,,,,,dependabot,0,1152,build(deps): bump the uv group across 3 directories with 2 updates (#1152),"build(deps): bump the uv group across 3 directories with 2 updates (#1152)

Bumps the uv group with 2 updates in the / directory: [requests](https://github.com/psf/requests) and [jwcrypto](https://github.com/latchset/jwcrypto).
Bumps the uv group with 1 update in the /carbonserver directory: [jwcrypto](https://github.com/latchset/jwcrypto).
Bumps the uv group with 1 update in the /requirements directory: [jwcrypto](https://github.com/latchset/jwcrypto).


Updates `requests` from 2.32.5 to 2.33.0
- [Release notes](https://github.com/psf/requests/releases)
- [Changelog](https://github.com/psf/requests/blob/main/HISTORY.md)
- [Commits](https://github.com/psf/requests/compare/v2.32.5...v2.33.0)

Updates `jwcrypto` from 1.5.6 to 1.5.7
- [Release notes](https://github.com/latchset/jwcrypto/releases)
- [Commits](https://github.com/latchset/jwcrypto/compare/v1.5.6...v1.5.7)

Updates `jwcrypto` from 1.5.6 to 1.5.7
- [Release notes](https://github.com/latchset/jwcrypto/releases)
- [Commits](https://github.com/latchset/jwcrypto/compare/v1.5.6...v1.5.7)

Updates `jwcrypto` from 1.5.6 to 1.5.7
- [Release notes](https://github.com/latchset/jwcrypto/releases)
- [Commits](https://github.com/latchset/jwcrypto/compare/v1.5.6...v1.5.7)

---
updated-dependencies:
- dependency-name: requests
  dependency-version: 2.33.0
  dependency-type: direct:production
  dependency-group: uv
- dependency-name: jwcrypto
  dependency-version: 1.5.7
  dependency-type: direct:production
  dependency-group: uv
- dependency-name: jwcrypto
  dependency-version: 1.5.7
  dependency-type: indirect
  dependency-group: uv
- dependency-name: jwcrypto
  dependency-version: 1.5.7
  dependency-type: direct:production
  dependency-group: uv
...

Signed-off-by: dependabot[bot] <support@github.com>
Co-authored-by: dependabot[bot] <49699333+dependabot[bot]@users.noreply.github.com>"
mlco2/codecarbon,09cf628f952c6a1f834c43c4342662475fd07587,2026-04,11,post,2026-04-08T23:53:31+02:00,2026-04-08T23:53:31+02:00,dependabot[bot],49699333+dependabot[bot]@users.noreply.github.com,GitHub,noreply@github.com,1,0,1,31,31,0,0,0,,,,,dependabot,0,1155,build(deps): bump cryptography (#1155),"build(deps): bump cryptography (#1155)

Bumps the uv group with 1 update in the /carbonserver directory: [cryptography](https://github.com/pyca/cryptography).


Updates `cryptography` from 46.0.6 to 46.0.7
- [Changelog](https://github.com/pyca/cryptography/blob/main/CHANGELOG.rst)
- [Commits](https://github.com/pyca/cryptography/compare/46.0.6...46.0.7)

---
updated-dependencies:
- dependency-name: cryptography
  dependency-version: 46.0.7
  dependency-type: indirect
  dependency-group: uv
...

Signed-off-by: dependabot[bot] <support@github.com>
Co-authored-by: dependabot[bot] <49699333+dependabot[bot]@users.noreply.github.com>"
mlco2/codecarbon,811df7ff71473d89178b31f8c22c873bb55d458b,2026-04,11,post,2026-04-13T15:44:14-03:00,2026-04-13T15:44:14-03:00,u364612826e4b8aee,u364612826e4b8aee@users.invalid,u364612826e4b8aee,u364612826e4b8aee@users.invalid,1,0,1,1,0,0,0,0,,,,,,0,,Add Intel Core Ultra 7 155H to cpu_power.csv (TDP 28W),Add Intel Core Ultra 7 155H to cpu_power.csv (TDP 28W)
mlco2/codecarbon,74faa9897a8b4ebd8409f5009ae30701f57fd6db,2026-04,11,post,2026-04-14T09:59:10+02:00,2026-04-14T09:59:10+02:00,u9dae085cd51385f2,u9dae085cd51385f2@users.invalid,GitHub,noreply@github.com,2,1,0,0,0,0,0,0,,,,,,0,1157,Merge pull request #1157 from h935485f45b85fb97/add-intel-ultra-7-155h,"Merge pull request #1157 from h935485f45b85fb97/add-intel-ultra-7-155h

Add Intel Core Ultra 7 155H to cpu_power.csv"
mlco2/codecarbon,75d23a80a62be362459d46410b382e333894647b,2026-04,11,post,2026-04-14T12:52:02+02:00,2026-04-14T12:52:02+02:00,dependabot[bot],49699333+dependabot[bot]@users.noreply.github.com,GitHub,noreply@github.com,1,0,2,6,6,0,0,0,,,,,dependabot,0,1158,build(deps): bump the uv group across 2 directories with 1 update (#1158),"build(deps): bump the uv group across 2 directories with 1 update (#1158)

Bumps the uv group with 1 update in the / directory: [pytest](https://github.com/pytest-dev/pytest).
Bumps the uv group with 1 update in the /carbonserver directory: [pytest](https://github.com/pytest-dev/pytest).


Updates `pytest` from 9.0.2 to 9.0.3
- [Release notes](https://github.com/pytest-dev/pytest/releases)
- [Changelog](https://github.com/pytest-dev/pytest/blob/main/CHANGELOG.rst)
- [Commits](https://github.com/pytest-dev/pytest/compare/9.0.2...9.0.3)

Updates `pytest` from 9.0.2 to 9.0.3
- [Release notes](https://github.com/pytest-dev/pytest/releases)
- [Changelog](https://github.com/pytest-dev/pytest/blob/main/CHANGELOG.rst)
- [Commits](https://github.com/pytest-dev/pytest/compare/9.0.2...9.0.3)

---
updated-dependencies:
- dependency-name: pytest
  dependency-version: 9.0.3
  dependency-type: direct:development
  dependency-group: uv
- dependency-name: pytest
  dependency-version: 9.0.3
  dependency-type: direct:production
  dependency-group: uv
...

Signed-off-by: dependabot[bot] <support@github.com>
Co-authored-by: dependabot[bot] <49699333+dependabot[bot]@users.noreply.github.com>
Co-authored-by: u17307de1894bf722 <u17307de1894bf722@users.invalid>"
mlco2/codecarbon,7b7a6b9be4c0e24ea97c68f0f52754710dda62e5,2026-04,11,post,2026-04-16T09:53:47+02:00,2026-04-16T09:53:47+02:00,dependabot[bot],49699333+dependabot[bot]@users.noreply.github.com,GitHub,noreply@github.com,1,0,1,1,1,0,0,0,,,,,dependabot,0,1160,build(deps): bump the pip group across 2 directories with 1 update (#1160),"build(deps): bump the pip group across 2 directories with 1 update (#1160)

Bumps the pip group with 1 update in the / directory: [python-multipart](https://github.com/Kludex/python-multipart).
Bumps the pip group with 1 update in the /requirements directory: [python-multipart](https://github.com/Kludex/python-multipart).


Updates `python-multipart` from 0.0.22 to 0.0.26
- [Release notes](https://github.com/Kludex/python-multipart/releases)
- [Changelog](https://github.com/Kludex/python-multipart/blob/master/CHANGELOG.md)
- [Commits](https://github.com/Kludex/python-multipart/compare/0.0.22...0.0.26)

Updates `python-multipart` from 0.0.22 to 0.0.26
- [Release notes](https://github.com/Kludex/python-multipart/releases)
- [Changelog](https://github.com/Kludex/python-multipart/blob/master/CHANGELOG.md)
- [Commits](https://github.com/Kludex/python-multipart/compare/0.0.22...0.0.26)

---
updated-dependencies:
- dependency-name: python-multipart
  dependency-version: 0.0.26
  dependency-type: direct:production
  dependency-group: pip
- dependency-name: python-multipart
  dependency-version: 0.0.26
  dependency-type: direct:production
  dependency-group: pip
...

Signed-off-by: dependabot[bot] <support@github.com>
Co-authored-by: dependabot[bot] <49699333+dependabot[bot]@users.noreply.github.com>"
mlco2/codecarbon,f7cb862e82434adc7c91905f3a780eaf66d7f44d,2026-04,11,post,2026-04-17T09:43:18+02:00,2026-04-17T09:43:18+02:00,dependabot[bot],49699333+dependabot[bot]@users.noreply.github.com,GitHub,noreply@github.com,1,0,2,2,2,0,0,0,,,,,dependabot,0,1162,build(deps): bump the pip group across 2 directories with 1 update (#1162),"build(deps): bump the pip group across 2 directories with 1 update (#1162)

Bumps the pip group with 1 update in the / directory: [authlib](https://github.com/authlib/authlib).
Bumps the pip group with 1 update in the /requirements directory: [authlib](https://github.com/authlib/authlib).


Updates `authlib` from 1.6.9 to 1.6.11
- [Release notes](https://github.com/authlib/authlib/releases)
- [Changelog](https://github.com/authlib/authlib/blob/v1.6.11/docs/changelog.rst)
- [Commits](https://github.com/authlib/authlib/compare/v1.6.9...v1.6.11)

Updates `authlib` from 1.6.9 to 1.6.11
- [Release notes](https://github.com/authlib/authlib/releases)
- [Changelog](https://github.com/authlib/authlib/blob/v1.6.11/docs/changelog.rst)
- [Commits](https://github.com/authlib/authlib/compare/v1.6.9...v1.6.11)

---
updated-dependencies:
- dependency-name: authlib
  dependency-version: 1.6.11
  dependency-type: direct:production
  dependency-group: pip
- dependency-name: authlib
  dependency-version: 1.6.11
  dependency-type: direct:production
  dependency-group: pip
...

Signed-off-by: dependabot[bot] <support@github.com>
Co-authored-by: dependabot[bot] <49699333+dependabot[bot]@users.noreply.github.com>"
mlco2/codecarbon,7e2676aea57aa67c5768e69e442e1d6479a150e4,2026-04,11,post,2026-04-22T09:04:52+02:00,2026-04-22T09:04:52+02:00,dependabot[bot],49699333+dependabot[bot]@users.noreply.github.com,GitHub,noreply@github.com,1,0,2,3,3,0,0,0,,,,,dependabot,0,1166,build(deps): bump the pip group across 2 directories with 1 update (#1166),"build(deps): bump the pip group across 2 directories with 1 update (#1166)

Bumps the pip group with 1 update in the / directory: [python-dotenv](https://github.com/theskumar/python-dotenv).
Bumps the pip group with 1 update in the /requirements directory: [python-dotenv](https://github.com/theskumar/python-dotenv).


Updates `python-dotenv` from 1.2.1 to 1.2.2
- [Release notes](https://github.com/theskumar/python-dotenv/releases)
- [Changelog](https://github.com/theskumar/python-dotenv/blob/main/CHANGELOG.md)
- [Commits](https://github.com/theskumar/python-dotenv/compare/v1.2.1...v1.2.2)

Updates `python-dotenv` from 1.2.1 to 1.2.2
- [Release notes](https://github.com/theskumar/python-dotenv/releases)
- [Changelog](https://github.com/theskumar/python-dotenv/blob/main/CHANGELOG.md)
- [Commits](https://github.com/theskumar/python-dotenv/compare/v1.2.1...v1.2.2)

---
updated-dependencies:
- dependency-name: python-dotenv
  dependency-version: 1.2.2
  dependency-type: direct:production
  dependency-group: pip
- dependency-name: python-dotenv
  dependency-version: 1.2.2
  dependency-type: direct:production
  dependency-group: pip
...

Signed-off-by: dependabot[bot] <support@github.com>
Co-authored-by: dependabot[bot] <49699333+dependabot[bot]@users.noreply.github.com>"
mlco2/codecarbon,be87461d698da3eacb74e26921eaeaf9b0f7fb25,2026-04,11,post,2026-04-22T10:03:01+01:00,2026-04-22T10:03:01+01:00,u88d8d7a56767b8ae,u88d8d7a56767b8ae@users.invalid,u88d8d7a56767b8ae,u88d8d7a56767b8ae@users.invalid,1,0,1,10,0,0,0,0,,,,,,0,484,docs: clarify machine vs process tracking modes (#484),docs: clarify machine vs process tracking modes (#484)
mlco2/codecarbon,b41ab93bc6476b1561ff897064ef49ac98f7bae8,2026-04,11,post,2026-04-27T18:50:24+02:00,2026-04-27T18:50:24+02:00,u585ec54554c4b434,u585ec54554c4b434@users.invalid,u585ec54554c4b434,u585ec54554c4b434@users.invalid,1,0,1,8,4,0,0,0,,,,,,0,,Add GPU process limitation,Add GPU process limitation
mlco2/codecarbon,f4f53870bbf8f03cc09de39fa3c2bcd57b4ac8bf,2026-04,11,post,2026-04-27T18:59:32+02:00,2026-04-27T18:59:32+02:00,u9dae085cd51385f2,u9dae085cd51385f2@users.invalid,GitHub,noreply@github.com,2,1,0,0,0,0,0,0,,,,,,0,1167,Merge pull request #1167 from hc9c342b97f96e5e4/docs/improve-tracking-mode-484,"Merge pull request #1167 from hc9c342b97f96e5e4/docs/improve-tracking-mode-484

docs: clarify machine vs process tracking modes (#484)"
mlco2/codecarbon,7e342f4789fc2a88ff7a69acfe25197c5f225ad2,2026-04,11,post,2026-04-29T18:20:21+02:00,2026-04-29T18:20:21+02:00,u943e2fa1191679f0,u943e2fa1191679f0@users.invalid,u943e2fa1191679f0,u943e2fa1191679f0@users.invalid,1,0,9,23,4,0,0,0,,,,,,0,,feat: improve Discord community references throughout docs and README,"feat: improve Discord community references throughout docs and README

Add Discord community links to key documentation and README sections to make it easier for users to get help, contribute, and connect with the community:

- README: Add Discord badge and community callout box
- Navigation menu: Add ""Join Our Discord"" link
- Documentation landing page: Add Discord to quick links table
- FAQ: Add Discord references for help and bug reporting
- Code of Conduct: Update reporting mechanism to include Discord
- Contributing guide: Add Discord to question section and add community help section
- First tracking tutorial: Add ""Need help?"" section with Discord link
- Visualization guide: Add Discord to next steps for sharing results

Moved Discord reference from Cloud API guide (overly technical) to Visualization guide (team/community-oriented) for better fit.

This makes Discord visible at multiple entry points: README → landing page → tutorials → guides → FAQ → community pages."
mlco2/codecarbon,3b15b5ea8b0d53909c4318b7064e477c270fea56,2026-04,11,post,2026-04-29T18:32:52+02:00,2026-04-29T18:32:52+02:00,u943e2fa1191679f0,u943e2fa1191679f0@users.invalid,u943e2fa1191679f0,u943e2fa1191679f0@users.invalid,1,0,3,18,3,0,0,0,,,,,,0,,docs: add contributors and acknowledgements section to landing page,"docs: add contributors and acknowledgements section to landing page

Add dedicated section on docs landing page linking to:
- GitHub contributors list
- Citation/Zenodo for research use
- Project partners and supporters

Makes it easy for users to discover and credit CodeCarbon contributors."
mlco2/codecarbon,979713ae76027e98b89332874f0daf7b2a07e586,2026-04,11,post,2026-04-29T19:08:30+02:00,2026-04-29T19:08:30+02:00,u943e2fa1191679f0,u943e2fa1191679f0@users.invalid,u943e2fa1191679f0,u943e2fa1191679f0@users.invalid,1,0,1,0,1,0,0,0,,,,,,0,,chore: remove custom_dir from theme configuration in mkdocs.yml,"chore: remove custom_dir from theme configuration in mkdocs.yml

This change simplifies the theme configuration by removing the custom_dir entry, which is no longer needed."
mlco2/codecarbon,db594c742c449bf2e9a1cd7a2bc12026c876ddca,2026-04,11,post,2026-04-29T19:09:14+02:00,2026-04-29T19:09:14+02:00,u943e2fa1191679f0,u943e2fa1191679f0@users.invalid,u943e2fa1191679f0,u943e2fa1191679f0@users.invalid,1,0,1,0,1,0,0,0,,,,,,0,,fix: remove empty custom_dir from mkdocs.yml,"fix: remove empty custom_dir from mkdocs.yml

The custom_dir: overrides was pointing to an empty directory,
causing zensical build to fail with 'No such file or directory' error.
Remove it since no template overrides are needed."
mlco2/codecarbon,edd49c8eb9733867ba6ba2be8a485e4ad09f2348,2026-04,11,post,2026-04-29T19:14:35+02:00,2026-04-29T19:14:35+02:00,u943e2fa1191679f0,u943e2fa1191679f0@users.invalid,GitHub,noreply@github.com,2,1,0,0,0,0,0,0,,,,,,0,1170,Merge pull request #1170 from mlco2/feat/improve-discord-references,"Merge pull request #1170 from mlco2/feat/improve-discord-references

feat: Improve Discord community references throughout docs and README"
mlco2/codecarbon,cf6557a2871f5359b7874dc5bf5d545de332c2e5,2026-05,12,post,2026-05-07T10:57:34+02:00,2026-05-07T09:57:34+01:00,ua2e1cef167bfdf24,ua2e1cef167bfdf24@users.invalid,GitHub,noreply@github.com,1,0,2,50,1,1,24,1,,,,,,0,1172,fix(api): handle organizations with no emissions in /sums (#693) (#1172),"fix(api): handle organizations with no emissions in /sums (#693) (#1172)

GET /organizations/{id}/sums returns 500 with `{""detail"": ""Generic error""}`
for any organization that has no emissions logged in the requested
period. From the dashboard side this makes new or quiet organizations
look broken.

Tracing through `get_organization_detailed_sums`, the joins are outer
joins but the timestamp filter on `Emission` ends up in the WHERE clause
and so cancels them out for empty organizations. The query returns
nothing, `.first()` returns `None`, and the router hands `None` back to
FastAPI which trips the global exception handler and masks the real
shape of the response.

I kept the SQL alone and handled the empty case in the usecase, where
`get_one_organization` is already available for the metadata. When the
sums query comes back as `None` we look the organization up and return
a zero-valued `OrganizationReport`. Rebuilding the joins would be a
larger, more invasive change than what the issue asks for.

Added a parallel unit test in
`tests/api/usecase/organization/test_organization_detailed_sums.py`
that mocks both repository methods so it runs without a database. On
the unfixed code it fails on the first attribute access on `None`; on
the fixed code it passes. The existing happy-path test is unchanged.

Closes #693"
mlco2/codecarbon,9c7b216ec032742b0dbb6303519e15527b923e18,2026-05,12,post,2026-05-09T04:29:30+02:00,2026-05-09T04:29:30+02:00,dependabot[bot],49699333+dependabot[bot]@users.noreply.github.com,GitHub,noreply@github.com,1,0,2,4,4,0,0,0,,,,,dependabot,0,1185,build(deps): bump the pip group across 2 directories with 1 update (#1185),"build(deps): bump the pip group across 2 directories with 1 update (#1185)

Bumps the pip group with 1 update in the / directory: [python-multipart](https://github.com/Kludex/python-multipart).
Bumps the pip group with 1 update in the /requirements directory: [python-multipart](https://github.com/Kludex/python-multipart).


Updates `python-multipart` from 0.0.26 to 0.0.27
- [Release notes](https://github.com/Kludex/python-multipart/releases)
- [Changelog](https://github.com/Kludex/python-multipart/blob/main/CHANGELOG.md)
- [Commits](https://github.com/Kludex/python-multipart/compare/0.0.26...0.0.27)

Updates `python-multipart` from 0.0.26 to 0.0.27
- [Release notes](https://github.com/Kludex/python-multipart/releases)
- [Changelog](https://github.com/Kludex/python-multipart/blob/main/CHANGELOG.md)
- [Commits](https://github.com/Kludex/python-multipart/compare/0.0.26...0.0.27)

---
updated-dependencies:
- dependency-name: python-multipart
  dependency-version: 0.0.27
  dependency-type: direct:production
  dependency-group: pip
- dependency-name: python-multipart
  dependency-version: 0.0.27
  dependency-type: direct:production
  dependency-group: pip
...

Signed-off-by: dependabot[bot] <support@github.com>
Co-authored-by: dependabot[bot] <49699333+dependabot[bot]@users.noreply.github.com>"
mlco2/codecarbon,6d0879843062e623b472e8c1d986c5328f05dce9,2026-05,12,post,2026-05-10T09:24:03+02:00,2026-04-19T18:11:32+01:00,u8878deeb61b07cdd,u8878deeb61b07cdd@users.invalid,u9dae085cd51385f2,u9dae085cd51385f2@users.invalid,1,0,1,38,0,0,0,0,,,,,,0,403,docs: explain electricitymaps_api_token and query behaviour (#403),"docs: explain electricitymaps_api_token and query behaviour (#403)

Add a dedicated ""Electricity Maps API Token"" section to configuration.md
clarifying what the parameter does (real-time vs annual-average carbon
intensity), how often the API is queried, where to get a free token, and
that co2_signal_api_token is the deprecated predecessor."
mlco2/codecarbon,e3bb7b12eb8665bd299cd7883f122bf51a52c4f4,2026-05,12,post,2026-05-10T09:30:40+02:00,2026-05-10T09:30:40+02:00,u9dae085cd51385f2,u9dae085cd51385f2@users.invalid,GitHub,noreply@github.com,2,1,0,0,0,0,0,0,,,,,,0,1164,Merge pull request #1164 from h908b1e6d6f5b2d31/docs/co2-signal-token-403,"Merge pull request #1164 from h908b1e6d6f5b2d31/docs/co2-signal-token-403

docs: explain electricitymaps_api_token and query behaviour"
mlco2/codecarbon,3ea523d80020845e26c496a7cd773e51415b8af0,2026-05,12,post,2026-05-10T11:54:54Z,2026-05-10T13:54:54+02:00,u17307de1894bf722,u17307de1894bf722@users.invalid,GitHub,noreply@github.com,1,0,1,2,1,0,0,0,,,,,,0,1184,proposal: show supported versions (#1184),"proposal: show supported versions (#1184)

Emphasized in the security.md that only the latest codecarbon version is supported."
mlco2/codecarbon,74033c9f668c162c089db2b7cbc07cb48b6778e2,2026-05,12,post,2026-05-10T13:56:59+02:00,2026-05-10T13:56:59+02:00,dependabot[bot],49699333+dependabot[bot]@users.noreply.github.com,GitHub,noreply@github.com,1,0,1,20,7,0,0,0,,,,,dependabot,0,1159,build(deps): bump the uv group across 1 directory with 1 update (#1159),"build(deps): bump the uv group across 1 directory with 1 update (#1159)

Bumps the uv group with 1 update in the /carbonserver directory: [python-multipart](https://github.com/Kludex/python-multipart).


Updates `python-multipart` from 0.0.22 to 0.0.27
- [Release notes](https://github.com/Kludex/python-multipart/releases)
- [Changelog](https://github.com/Kludex/python-multipart/blob/main/CHANGELOG.md)
- [Commits](https://github.com/Kludex/python-multipart/compare/0.0.22...0.0.27)

Updates `python-multipart` from 0.0.22 to 0.0.27
- [Release notes](https://github.com/Kludex/python-multipart/releases)
- [Changelog](https://github.com/Kludex/python-multipart/blob/main/CHANGELOG.md)
- [Commits](https://github.com/Kludex/python-multipart/compare/0.0.22...0.0.27)

Updates `python-multipart` from 0.0.22 to 0.0.27
- [Release notes](https://github.com/Kludex/python-multipart/releases)
- [Changelog](https://github.com/Kludex/python-multipart/blob/main/CHANGELOG.md)
- [Commits](https://github.com/Kludex/python-multipart/compare/0.0.22...0.0.27)

---
updated-dependencies:
- dependency-name: python-multipart
  dependency-version: 0.0.26
  dependency-type: direct:production
- dependency-name: python-multipart
  dependency-version: 0.0.26
  dependency-type: indirect
- dependency-name: python-multipart
  dependency-version: 0.0.26
  dependency-type: direct:production
...

Signed-off-by: dependabot[bot] <support@github.com>
Co-authored-by: dependabot[bot] <49699333+dependabot[bot]@users.noreply.github.com>
Co-authored-by: u17307de1894bf722 <u17307de1894bf722@users.invalid>"
mlco2/codecarbon,78e4dd505d0f8c380e56cd6ad53fa820c7530bbf,2026-05,12,post,2026-05-10T14:35:36+02:00,2026-05-10T14:35:36+02:00,dependabot[bot],49699333+dependabot[bot]@users.noreply.github.com,GitHub,noreply@github.com,1,0,2,4,4,0,0,0,,,,,dependabot,0,1186,build(deps): bump authlib in the uv group across 1 directory (#1186),"build(deps): bump authlib in the uv group across 1 directory (#1186)

Bumps the uv group with 1 update in the / directory: [authlib](https://github.com/authlib/authlib).


Updates `authlib` from 1.6.9 to 1.6.11
- [Release notes](https://github.com/authlib/authlib/releases)
- [Changelog](https://github.com/authlib/authlib/blob/v1.6.11/docs/changelog.rst)
- [Commits](https://github.com/authlib/authlib/compare/v1.6.9...v1.6.11)

---
updated-dependencies:
- dependency-name: authlib
  dependency-version: 1.6.11
  dependency-type: direct:production
  dependency-group: uv
...

Signed-off-by: dependabot[bot] <support@github.com>
Co-authored-by: dependabot[bot] <49699333+dependabot[bot]@users.noreply.github.com>"
mlco2/codecarbon,564483198ad394d1e09b0d0ba2e6016afc09bf20,2026-05,12,post,2026-05-11T19:47:02+02:00,2026-05-11T19:47:02+02:00,dependabot[bot],49699333+dependabot[bot]@users.noreply.github.com,GitHub,noreply@github.com,1,0,1,1,1,0,0,0,,,,,dependabot,0,1188,build(deps): bump the pip group across 2 directories with 1 update (#1188),"build(deps): bump the pip group across 2 directories with 1 update (#1188)

Bumps the pip group with 1 update in the / directory: [urllib3](https://github.com/urllib3/urllib3).
Bumps the pip group with 1 update in the /requirements directory: [urllib3](https://github.com/urllib3/urllib3).


Updates `urllib3` from 2.6.3 to 2.7.0
- [Release notes](https://github.com/urllib3/urllib3/releases)
- [Changelog](https://github.com/urllib3/urllib3/blob/main/CHANGES.rst)
- [Commits](https://github.com/urllib3/urllib3/compare/2.6.3...2.7.0)

Updates `urllib3` from 2.6.3 to 2.7.0
- [Release notes](https://github.com/urllib3/urllib3/releases)
- [Changelog](https://github.com/urllib3/urllib3/blob/main/CHANGES.rst)
- [Commits](https://github.com/urllib3/urllib3/compare/2.6.3...2.7.0)

---
updated-dependencies:
- dependency-name: urllib3
  dependency-version: 2.7.0
  dependency-type: direct:production
  dependency-group: pip
- dependency-name: urllib3
  dependency-version: 2.7.0
  dependency-type: direct:production
  dependency-group: pip
...

Signed-off-by: dependabot[bot] <support@github.com>
Co-authored-by: dependabot[bot] <49699333+dependabot[bot]@users.noreply.github.com>"
mlco2/codecarbon,1e94ea60a5b38b63b1defc2d8c9d0ef270315e69,2026-05,12,post,2026-05-12T16:46:32+02:00,2026-05-12T16:46:32+02:00,u4ffc173d8f6238b8,u4ffc173d8f6238b8@users.invalid,GitHub,noreply@github.com,1,0,1,1,1,1,1,1,,,,,,0,1189,fix: on cloud type for experiment report (#1189),fix: on cloud type for experiment report (#1189)
mlco2/codecarbon,2da827edbf0610ac6132b471c22e1d6fcafc1bac,2026-05,12,post,2026-05-13T21:37:54+02:00,2026-05-13T21:37:54+02:00,u34f50c4620a4651b,u34f50c4620a4651b@users.invalid,GitHub,noreply@github.com,1,0,1,1,1,0,0,0,,,,,,0,,fix: link to open in colab,"fix: link to open in colab

Link to open in collab was missing ""master"" in path"
mlco2/codecarbon,79ab7009b194d59e4932cfe797592f80eb340515,2026-05,12,post,2026-05-13T21:49:42+02:00,2026-05-13T21:49:42+02:00,u9dae085cd51385f2,u9dae085cd51385f2@users.invalid,GitHub,noreply@github.com,2,1,0,0,0,0,0,0,,,,,,0,1194,Merge pull request #1194 from h9496ad026a198eb2/patch-1,"Merge pull request #1194 from h9496ad026a198eb2/patch-1

fix: link to open in colab"
mlco2/codecarbon,3c89e6b9525eb9be3313bc12262842b3e5a1d007,2026-05,12,post,2026-05-13T21:53:12+02:00,2026-05-13T10:39:54Z,dependabot[bot],49699333+dependabot[bot]@users.noreply.github.com,u9dae085cd51385f2,u9dae085cd51385f2@users.invalid,1,0,1,1,1,0,0,0,,,,,dependabot,0,,build(deps): bump the pip group across 2 directories with 1 update,"build(deps): bump the pip group across 2 directories with 1 update

Bumps the pip group with 1 update in the / directory: [authlib](https://github.com/authlib/authlib).
Bumps the pip group with 1 update in the /requirements directory: [authlib](https://github.com/authlib/authlib).


Updates `authlib` from 1.6.11 to 1.6.12
- [Release notes](https://github.com/authlib/authlib/releases)
- [Changelog](https://github.com/authlib/authlib/blob/1.6.12/docs/changelog.rst)
- [Commits](https://github.com/authlib/authlib/compare/v1.6.11...1.6.12)

Updates `authlib` from 1.6.11 to 1.6.12
- [Release notes](https://github.com/authlib/authlib/releases)
- [Changelog](https://github.com/authlib/authlib/blob/1.6.12/docs/changelog.rst)
- [Commits](https://github.com/authlib/authlib/compare/v1.6.11...1.6.12)

---
updated-dependencies:
- dependency-name: authlib
  dependency-version: 1.6.12
  dependency-type: direct:production
  dependency-group: pip
- dependency-name: authlib
  dependency-version: 1.6.12
  dependency-type: direct:production
  dependency-group: pip
...

Signed-off-by: dependabot[bot] <support@github.com>"
mlco2/codecarbon,106e6a1f32d0c5349a964ccab9531e10df79573b,2026-05,12,post,2026-05-13T21:53:41+02:00,2026-05-13T21:53:41+02:00,u9dae085cd51385f2,u9dae085cd51385f2@users.invalid,GitHub,noreply@github.com,2,1,0,0,0,0,0,0,,,,,,0,1193,Merge pull request #1193 from mlco2/dependabot/pip/pip-2ed8c6dfee,"Merge pull request #1193 from mlco2/dependabot/pip/pip-2ed8c6dfee

build(deps): bump the pip group across 2 directories with 1 update"
mlco2/codecarbon,060afaae293ed9c9d17cdbd2b74200a3ed281584,2026-05,12,post,2026-05-13T22:15:11+02:00,2026-05-11T16:23:11Z,dependabot[bot],49699333+dependabot[bot]@users.noreply.github.com,u9dae085cd51385f2,u9dae085cd51385f2@users.invalid,1,0,1,3,3,0,0,0,,,,,dependabot,0,,build(deps): bump the uv group across 3 directories with 1 update,"build(deps): bump the uv group across 3 directories with 1 update

Bumps the uv group with 1 update in the / directory: [urllib3](https://github.com/urllib3/urllib3).
Bumps the uv group with 1 update in the /carbonserver directory: [urllib3](https://github.com/urllib3/urllib3).
Bumps the uv group with 1 update in the /requirements directory: [urllib3](https://github.com/urllib3/urllib3).


Updates `urllib3` from 2.6.3 to 2.7.0
- [Release notes](https://github.com/urllib3/urllib3/releases)
- [Changelog](https://github.com/urllib3/urllib3/blob/main/CHANGES.rst)
- [Commits](https://github.com/urllib3/urllib3/compare/2.6.3...2.7.0)

Updates `urllib3` from 2.6.3 to 2.7.0
- [Release notes](https://github.com/urllib3/urllib3/releases)
- [Changelog](https://github.com/urllib3/urllib3/blob/main/CHANGES.rst)
- [Commits](https://github.com/urllib3/urllib3/compare/2.6.3...2.7.0)

Updates `urllib3` from 2.6.3 to 2.7.0
- [Release notes](https://github.com/urllib3/urllib3/releases)
- [Changelog](https://github.com/urllib3/urllib3/blob/main/CHANGES.rst)
- [Commits](https://github.com/urllib3/urllib3/compare/2.6.3...2.7.0)

---
updated-dependencies:
- dependency-name: urllib3
  dependency-version: 2.7.0
  dependency-type: direct:production
  dependency-group: uv
- dependency-name: urllib3
  dependency-version: 2.7.0
  dependency-type: indirect
  dependency-group: uv
- dependency-name: urllib3
  dependency-version: 2.7.0
  dependency-type: direct:production
  dependency-group: uv
...

Signed-off-by: dependabot[bot] <support@github.com>"
mlco2/codecarbon,164ffcb9f66cba006cdc20b8a0ff88a32f6beb07,2026-05,12,post,2026-05-13T22:15:44+02:00,2026-05-13T22:15:44+02:00,u9dae085cd51385f2,u9dae085cd51385f2@users.invalid,GitHub,noreply@github.com,2,1,0,0,0,0,0,0,,,,,,0,1187,Merge pull request #1187 from mlco2/dependabot/uv/uv-dc55c15f20,"Merge pull request #1187 from mlco2/dependabot/uv/uv-dc55c15f20

build(deps): bump the uv group across 3 directories with 1 update"
mlco2/codecarbon,6bc290e1381955a0053ff3e9825217c8d1582e6d,2026-05,12,post,2026-05-13T22:35:28+02:00,2025-06-15T08:47:28Z,google-labs-jules[bot],161369871+google-labs-jules[bot]@users.noreply.github.com,u9dae085cd51385f2,u9dae085cd51385f2@users.invalid,1,0,4,77,1,2,49,1,,B,gemini,identity,google-labs-jules,0,,feat: Allow custom carbon intensity configuration,"feat: Allow custom carbon intensity configuration

This commit introduces a new configuration option, `custom_carbon_intensity_g_co2e_kwh`,
allowing you to specify a direct carbon intensity value (in gCO2e/kWh) for your
energy consumption.

When this value is provided (either via the `.codecarbon.config` file or the
`CODECARBON_CUSTOM_CARBON_INTENSITY_G_CO2E_KWH` environment variable),
it overrides all other methods of determining carbon intensity, including
cloud provider data, CO2 Signal API, and default geographical energy mixes.

Key changes include:
- Modifications to `codecarbon/core/config.py` to recognize the new
  configuration parameter (though existing mechanisms were largely sufficient).
- Updates to `codecarbon/emissions_tracker.py` (specifically
  `BaseEmissionsTracker`) to read, validate (must be a positive float),
  and pass the custom intensity to the `Emissions` class.
- Updates to `codecarbon/core/emissions.py` to use this custom intensity
  value in `get_cloud_emissions` and `get_private_infra_emissions` if provided,
  bypassing other data lookups.
- Comprehensive unit tests added to:
    - `tests/core/test_config.py` for configuration loading.
    - `tests/test_tracker.py` for validation and initialization logic in
      `BaseEmissionsTracker`.
    - `tests/core/test_emissions.py` for the `Emissions` class calculation
      logic using the custom value and fallback mechanisms.

This feature provides you with greater flexibility and accuracy in
reporting emissions, especially for on-premise setups with specific energy
mixes or when default data sources are not representative."
mlco2/codecarbon,69fa57fcd4b1bca3baf7712a2ce51153c546b330,2026-05,12,post,2026-05-13T22:35:28+02:00,2026-05-13T22:13:59+02:00,u11d965fe4df279f7,u11d965fe4df279f7@users.invalid,u9dae085cd51385f2,u9dae085cd51385f2@users.invalid,1,0,4,102,43,2,42,36,,,,,,0,,"Updated Emissions, EmissionsTracker, OfflineEmissionsTracker, and @track_emissions.","Updated Emissions, EmissionsTracker, OfflineEmissionsTracker, and @track_emissions."
mlco2/codecarbon,e6367927c74c774c8c106d5d91b2e545043ad5d6,2026-05,12,post,2026-05-13T22:35:28+02:00,2026-05-13T22:22:11+02:00,u11d965fe4df279f7,u11d965fe4df279f7@users.invalid,u9dae085cd51385f2,u9dae085cd51385f2@users.invalid,1,0,1,46,0,0,0,0,,,,,,0,,uncovered validation branches and the offline decorator forwarding path.,uncovered validation branches and the offline decorator forwarding path.
mlco2/codecarbon,1b0fba9712614a56ab09d491a4c28ae2b427ea68,2026-05,12,post,2026-05-13T22:35:28+02:00,2026-05-13T22:34:52+02:00,u11d965fe4df279f7,u11d965fe4df279f7@users.invalid,u9dae085cd51385f2,u9dae085cd51385f2@users.invalid,1,0,3,5,4,2,4,4,,,,,,0,,Change log level,Change log level
mlco2/codecarbon,500c75648b426cf1ed91fad384a289be9f79c7aa,2026-05,12,post,2026-05-13T22:36:00+02:00,2026-05-13T22:36:00+02:00,u9dae085cd51385f2,u9dae085cd51385f2@users.invalid,GitHub,noreply@github.com,2,1,0,0,0,0,0,0,,,,,,0,863,Merge pull request #863 from mlco2/feat/custom-carbon-intensity,"Merge pull request #863 from mlco2/feat/custom-carbon-intensity

Allow custom carbon intensity configuration"
mlco2/codecarbon,7a488826b26fd971848bdd6a968cc31012923662,2026-05,12,post,2026-05-13T22:43:17+02:00,2026-05-13T22:43:17+02:00,u11d965fe4df279f7,u11d965fe4df279f7@users.invalid,u11d965fe4df279f7,u11d965fe4df279f7@users.invalid,1,0,3,1119,1000,1,1,1,,,,,,0,,bump 3.2.7,bump 3.2.7
mlco2/codecarbon,be754a31b289be46246863026413d3295ea31bea,2026-05,12,post,2026-05-13T22:52:03+02:00,2026-05-13T22:52:03+02:00,u11d965fe4df279f7,u11d965fe4df279f7@users.invalid,u11d965fe4df279f7,u11d965fe4df279f7@users.invalid,1,0,3,6,1,0,0,0,,,,,,0,,fix docs build with zensical,fix docs build with zensical
mlco2/codecarbon,eda104e648ba36324095a31e5ece3c6bb7613981,2026-05,12,post,2026-05-13T22:55:34+02:00,2026-05-13T22:55:34+02:00,u11d965fe4df279f7,u11d965fe4df279f7@users.invalid,u11d965fe4df279f7,u11d965fe4df279f7@users.invalid,1,0,3,11,11,0,0,0,,,,,,0,,Fix links,Fix links
mlco2/codecarbon,5941cddda82f2312a825083059e64d6f9e1b938b,2026-05,12,post,2026-05-13T23:28:43Z,2026-05-13T23:28:43Z,dependabot[bot],49699333+dependabot[bot]@users.noreply.github.com,GitHub,noreply@github.com,1,0,2,4,4,0,0,0,,,,,dependabot,0,,build(deps): bump authlib in the uv group across 1 directory,"build(deps): bump authlib in the uv group across 1 directory

Bumps the uv group with 1 update in the / directory: [authlib](https://github.com/authlib/authlib).


Updates `authlib` from 1.6.11 to 1.6.12
- [Release notes](https://github.com/authlib/authlib/releases)
- [Changelog](https://github.com/authlib/authlib/blob/1.6.12/docs/changelog.rst)
- [Commits](https://github.com/authlib/authlib/compare/v1.6.11...1.6.12)

---
updated-dependencies:
- dependency-name: authlib
  dependency-version: 1.6.12
  dependency-type: direct:production
  dependency-group: uv
...

Signed-off-by: dependabot[bot] <support@github.com>"
mlco2/codecarbon,5a1dae40af4ab6fc99c30a412ffd07e871a20086,2026-05,12,post,2026-05-15T20:00:43+02:00,2026-05-15T20:00:43+02:00,u9dae085cd51385f2,u9dae085cd51385f2@users.invalid,GitHub,noreply@github.com,2,1,0,0,0,0,0,0,,,,,,0,1196,Merge pull request #1196 from mlco2/dependabot/uv/uv-d3bbf5c658,"Merge pull request #1196 from mlco2/dependabot/uv/uv-d3bbf5c658

build(deps): bump authlib from 1.6.11 to 1.6.12 in the uv group across 1 directory"
mlco2/codecarbon,d823ce36ac3c15b2ab507f1d6cffe15feadde58f,2026-05,12,post,2026-05-15T20:02:47+02:00,2026-05-15T20:02:47+02:00,u9dae085cd51385f2,u9dae085cd51385f2@users.invalid,GitHub,noreply@github.com,2,1,0,0,0,0,0,0,,,,,,0,,Merge branch 'master' into release/3.2.7,Merge branch 'master' into release/3.2.7
mlco2/codecarbon,08dcc1b33097363349fdf759e54fa07d7697624c,2026-05,12,post,2026-05-17T15:12:04+02:00,2026-05-17T15:12:04+02:00,u9dae085cd51385f2,u9dae085cd51385f2@users.invalid,GitHub,noreply@github.com,2,1,0,0,0,0,0,0,,,,,,0,1195,Merge pull request #1195 from mlco2/release/3.2.7,"Merge pull request #1195 from mlco2/release/3.2.7

Release 3.2.7"
mlco2/codecarbon,7000cd4beef23987c9e64b2030093fe8cf9512b2,2026-05,12,post,2026-05-19T16:03:47+02:00,2026-05-19T16:03:47+02:00,u9dae085cd51385f2,u9dae085cd51385f2@users.invalid,GitHub,noreply@github.com,1,0,1,20,0,0,0,0,,,,,,0,1198,How to test the release (#1198),How to test the release (#1198)
mlco2/codecarbon,01b14912f898851ae4a9af74a1d6c2755f0aa472,2026-05,12,post,2026-05-19T21:10:10Z,2026-05-19T21:10:10Z,dependabot[bot],49699333+dependabot[bot]@users.noreply.github.com,GitHub,noreply@github.com,1,0,2,4,4,0,0,0,,,,,dependabot,0,,build(deps): bump the uv group across 3 directories with 1 update,"build(deps): bump the uv group across 3 directories with 1 update

Bumps the uv group with 1 update in the / directory: [idna](https://github.com/kjd/idna).
Bumps the uv group with 1 update in the /carbonserver directory: [idna](https://github.com/kjd/idna).
Bumps the uv group with 1 update in the /requirements directory: [idna](https://github.com/kjd/idna).


Updates `idna` from 3.11 to 3.15
- [Release notes](https://github.com/kjd/idna/releases)
- [Changelog](https://github.com/kjd/idna/blob/master/HISTORY.md)
- [Commits](https://github.com/kjd/idna/compare/v3.11...v3.15)

Updates `idna` from 3.11 to 3.15
- [Release notes](https://github.com/kjd/idna/releases)
- [Changelog](https://github.com/kjd/idna/blob/master/HISTORY.md)
- [Commits](https://github.com/kjd/idna/compare/v3.11...v3.15)

Updates `idna` from 3.11 to 3.15
- [Release notes](https://github.com/kjd/idna/releases)
- [Changelog](https://github.com/kjd/idna/blob/master/HISTORY.md)
- [Commits](https://github.com/kjd/idna/compare/v3.11...v3.15)

---
updated-dependencies:
- dependency-name: idna
  dependency-version: '3.15'
  dependency-type: direct:production
  dependency-group: uv
- dependency-name: idna
  dependency-version: '3.15'
  dependency-type: indirect
  dependency-group: uv
- dependency-name: idna
  dependency-version: '3.15'
  dependency-type: direct:production
  dependency-group: uv
...

Signed-off-by: dependabot[bot] <support@github.com>"
mlco2/codecarbon,b8eb90009e4e4b737b3e235b1ffe576c429e9c38,2026-05,12,post,2026-05-20T11:19:46+02:00,2026-05-20T11:19:46+02:00,u9dae085cd51385f2,u9dae085cd51385f2@users.invalid,GitHub,noreply@github.com,2,1,0,0,0,0,0,0,,,,,,0,1205,Merge pull request #1205 from mlco2/dependabot/uv/uv-5bbef279d1,"Merge pull request #1205 from mlco2/dependabot/uv/uv-5bbef279d1

build(deps): bump the uv group across 3 directories with 1 update"
mlco2/codecarbon,89602924d02517a89aae9b94d806b80209d551cf,2026-05,12,post,2026-05-20T11:30:47+02:00,2026-05-20T03:42:26+08:00,u66fb356c1518cd25,u66fb356c1518cd25@users.invalid,u9dae085cd51385f2,u9dae085cd51385f2@users.invalid,1,0,2,9,0,0,0,0,,,,,,0,,docs: document hardware measurement scope,docs: document hardware measurement scope
mlco2/codecarbon,ad4c52d54b0c8f0cbd36452e1c4cb6602c0e076c,2026-05,12,post,2026-05-20T11:30:47+02:00,2026-05-20T14:19:33+08:00,u66fb356c1518cd25,u66fb356c1518cd25@users.invalid,u9dae085cd51385f2,u9dae085cd51385f2@users.invalid,1,0,2,7,5,0,0,0,,,,,,0,,docs: clarify hardware scope rationale,docs: clarify hardware scope rationale
mlco2/codecarbon,afa3ac816132bf7f545d3ec2a4b3402ff106b3ae,2026-05,12,post,2026-05-20T11:35:05+02:00,2026-05-20T11:35:05+02:00,u9dae085cd51385f2,u9dae085cd51385f2@users.invalid,GitHub,noreply@github.com,2,1,0,0,0,0,0,0,,,,,,0,1204,Merge pull request #1204 from h05af811c8e25555a/docs/document-hardware-scope-154,"Merge pull request #1204 from h05af811c8e25555a/docs/document-hardware-scope-154

Document hardware measurement scope"
mlco2/codecarbon,738b812a1a3bc5d23965c6d5bfdd81a488dcabbf,2026-05,12,post,2026-05-20T11:37:26+02:00,2026-05-19T20:49:38+02:00,u943e2fa1191679f0,u943e2fa1191679f0@users.invalid,u9dae085cd51385f2,u9dae085cd51385f2@users.invalid,1,0,1,4,6,1,4,6,,,,,,0,,fix: handle amdsmi load failures when libamd_smi is missing,"fix: handle amdsmi load failures when libamd_smi is missing

When the amdsmi Python package is installed without ROCm (e.g. on macOS),
import can raise KeyError while resolving libamd_smi.so. Treat AttributeError,
OSError, and KeyError like a broken install: disable AMD metrics and warn
instead of crashing the CodeCarbon CLI on import."
mlco2/codecarbon,ef18da7a157369c32c57474fd0c8ec2dd897b520,2026-05,12,post,2026-05-20T11:37:26+02:00,2026-05-19T20:51:35+02:00,u943e2fa1191679f0,u943e2fa1191679f0@users.invalid,u9dae085cd51385f2,u9dae085cd51385f2@users.invalid,1,0,1,6,4,1,6,4,,B,cursor,trailer;identity,,0,,fix(gpu_amd): only extend amdsmi import except types,"fix(gpu_amd): only extend amdsmi import except types

Keep original warning message and comment; catch OSError and KeyError
when libamd_smi fails to load (e.g. macOS with amdsmi wheel but no ROCm).

Co-authored-by: Cursor <cursoragent@cursor.com>"
mlco2/codecarbon,241e498db409241ab4ae885bdd18afac7a97289d,2026-05,12,post,2026-05-20T10:19:55Z,2026-05-20T10:19:55Z,copilot-swe-agent[bot],198982749+Copilot@users.noreply.github.com,GitHub,noreply@github.com,1,0,1,69,0,0,0,0,,B,copilot,trailer;identity,copilot-swe-agent,0,,test: add coverage for OSError/KeyError/AttributeError amdsmi import failures,"test: add coverage for OSError/KeyError/AttributeError amdsmi import failures

Agent-Logs-Url: https://github.com/mlco2/codecarbon/sessions/009db467-8429-4146-8907-bcbd0a16593b

Co-authored-by: u9dae085cd51385f2 <u9dae085cd51385f2@users.invalid>"
mlco2/codecarbon,ba1565fd487effcdc43f70022e4361977c870526,2026-05,12,post,2026-05-20T14:45:05+02:00,2026-05-20T14:45:05+02:00,u585ec54554c4b434,u585ec54554c4b434@users.invalid,u585ec54554c4b434,u585ec54554c4b434@users.invalid,1,0,1,6,2,0,0,0,,,,,,0,,run precommit,run precommit
mlco2/codecarbon,5c3331a9c3121217f96e455d3bd65817cc0b5318,2026-05,12,post,2026-05-20T14:48:43+02:00,2026-05-20T14:48:43+02:00,u9dae085cd51385f2,u9dae085cd51385f2@users.invalid,GitHub,noreply@github.com,2,1,0,0,0,0,0,0,,,,,,0,1201,Merge pull request #1201 from mlco2/fix/amdsmi-import-keyerror-macos,"Merge pull request #1201 from mlco2/fix/amdsmi-import-keyerror-macos

fix: amdsmi import when libamd_smi is missing (macOS / no ROCm)"
mlco2/codecarbon,2551f8fd40393bba38800bb0d7312e243a4babbf,2026-05,12,post,2026-05-20T17:48:38+02:00,2026-05-19T21:07:20+02:00,u943e2fa1191679f0,u943e2fa1191679f0@users.invalid,u9dae085cd51385f2,u9dae085cd51385f2@users.invalid,1,0,4,57,4,2,5,4,,B,cursor,trailer;identity,,0,,fix(cli): use OfflineEmissionsTracker for offline monitor runs,"fix(cli): use OfflineEmissionsTracker for offline monitor runs

Pass an explicit offline flag from monitor to run_and_monitor so tracker
selection matches the non-delegate path instead of inferring from kwargs.

Co-authored-by: Cursor <cursoragent@cursor.com>"
mlco2/codecarbon,e68906a7d0930c44235856d4cf6a65db37606cc9,2026-05,12,post,2026-05-20T17:48:38+02:00,2026-05-20T17:43:36+02:00,u585ec54554c4b434,u585ec54554c4b434@users.invalid,u9dae085cd51385f2,u9dae085cd51385f2@users.invalid,1,0,2,67,0,0,0,0,,,,,,0,,Add tests,Add tests
mlco2/codecarbon,d2ce06463014578d23d1d8d886ae0ecf4b9608e4,2026-05,12,post,2026-05-20T17:54:56+02:00,2026-05-20T17:54:56+02:00,u9dae085cd51385f2,u9dae085cd51385f2@users.invalid,GitHub,noreply@github.com,2,1,0,0,0,0,0,0,,,,,,0,1202,Merge pull request #1202 from mlco2/fix/monitor-offline-tracker,"Merge pull request #1202 from mlco2/fix/monitor-offline-tracker

fix(cli): use OfflineEmissionsTracker for offline monitor runs"
mlco2/codecarbon,dedca17fb05abd936935f03e342189102314cf24,2026-05,12,post,2026-05-20T18:23:37+02:00,2026-05-20T21:02:26+05:30,uccd219777b133221,uccd219777b133221@users.invalid,u9dae085cd51385f2,u9dae085cd51385f2@users.invalid,1,0,4,137,0,2,8,0,,,,,,0,,tests: check client server schema compatibility,tests: check client server schema compatibility
mlco2/codecarbon,a88000fbf6d6ce522a06870e68304ddcd56e631c,2026-05,12,post,2026-05-20T18:37:21+02:00,2026-05-20T18:37:21+02:00,u9dae085cd51385f2,u9dae085cd51385f2@users.invalid,GitHub,noreply@github.com,2,1,0,0,0,0,0,0,,,,,,0,1207,Merge pull request #1207 from h09b310d00c0709c8/tests/schema-compatibility,"Merge pull request #1207 from h09b310d00c0709c8/tests/schema-compatibility

tests: check client server schema compatibility"
mlco2/codecarbon,5a7cee8c85b6b47e3d7d710801f8929768eee647,2026-05,12,post,2026-05-26T20:22:38+02:00,2026-05-26T20:22:38+02:00,u4ffc173d8f6238b8,u4ffc173d8f6238b8@users.invalid,GitHub,noreply@github.com,1,0,144,8580,11726,2,2,2,,,,,,0,1076,front end migration to pur react (#1076),"front end migration to pur react (#1076)

* feat(front): migrate next app to react
* feat(api): add pre ping to activate sql connexion

* fix: change caddy configuration

* fix: add tests, mocks, lint

* fix: experiment id parsing, add components tests

* fix: fix pnpm version

* fix: add mock service

* fix: fix build folfder

* fix: remove pnpm"
mlco2/codecarbon,d215e2153eaa184f469aefef50a4709382ccf0e8,2026-05,12,post,2026-05-27T09:40:54+02:00,2026-05-27T13:10:54+05:30,u26755c44a4f35fbc,u26755c44a4f35fbc@users.invalid,GitHub,noreply@github.com,1,0,2,12,2,1,8,1,,,,,,0,1209,Warn when auth validation falls back to API (#1209),"Warn when auth validation falls back to API (#1209)

Log a warning when local CLI access-token validation is skipped because the auth server cannot be reached, while preserving the existing availability fallback.

Fixes #1208

Co-authored-by: uccd219777b133221 <uccd219777b133221@users.invalid>"
mlco2/codecarbon,c9af95246d9ba56816a85a55212413fdaf6f1ef3,2026-05,12,post,2026-05-31T17:46:47+02:00,2026-05-22T23:42:55+02:00,u585ec54554c4b434,u585ec54554c4b434@users.invalid,u9dae085cd51385f2,u9dae085cd51385f2@users.invalid,1,0,2,21,9,1,6,6,,,,,,0,,Fix OSX psutil detection,Fix OSX psutil detection
mlco2/codecarbon,507821be322f4daa073c73797fce08ddf6257474,2026-05,12,post,2026-05-31T17:46:47+02:00,2026-05-23T00:00:16+02:00,u585ec54554c4b434,u585ec54554c4b434@users.invalid,u9dae085cd51385f2,u9dae085cd51385f2@users.invalid,1,0,1,6,0,0,0,0,,,,,,0,,Coverage,Coverage
mlco2/codecarbon,9aa8dd0ece17a918a5a75363a72d838e4aa91e78,2026-05,12,post,2026-05-31T17:46:47+02:00,2026-05-23T15:44:04+02:00,u585ec54554c4b434,u585ec54554c4b434@users.invalid,u9dae085cd51385f2,u9dae085cd51385f2@users.invalid,1,0,1,19,6,0,0,0,,,,,,0,,Coverage,Coverage
mlco2/codecarbon,0161337c6c6b2831f474c01b45676ceab8415803,2026-05,12,post,2026-05-31T18:07:42+02:00,2026-05-31T18:07:42+02:00,u9dae085cd51385f2,u9dae085cd51385f2@users.invalid,GitHub,noreply@github.com,2,1,0,0,0,0,0,0,,,,,,0,1211,Merge pull request #1211 from mlco2/fix/#1210_psutil_mac,"Merge pull request #1211 from mlco2/fix/#1210_psutil_mac

Fix OSX psutil detection"
