repo,sha,month,offset,period,commit_date,author_date,author_name,author_email,committer_name,committer_email,parents,is_merge,files,insertions,deletions,scope_files,scope_insertions,scope_deletions,agent_files,llm_family,llm_tools,llm_signals,bot,is_revert,pr,subject,message
OEvortex/Webscout,f0f701c70216f98ad2416edafe4b3feb6d633231,2024-05,-12,pre,2024-05-03T10:25:38+05:30,2024-05-03T10:25:38+05:30,u99c389b1b7bfbd23,u99c389b1b7bfbd23@users.invalid,u99c389b1b7bfbd23,u99c389b1b7bfbd23@users.invalid,1,0,20,3481,926,11,3476,908,,,,,,0,,v1.3.9,v1.3.9
OEvortex/Webscout,61fc894febcfb29f4753d59a7465ccb489db808f,2024-05,-12,pre,2024-05-03T15:38:48+05:30,2024-05-03T15:38:48+05:30,ubebc7b870bd084ca,ubebc7b870bd084ca@users.invalid,GitHub,noreply@github.com,1,0,1,1,1,1,1,1,,,,,,0,,Update setup.py,Update setup.py
OEvortex/Webscout,2a392a45dc4ea0fad488c65c22258b55b094eded,2024-05,-12,pre,2024-05-03T16:48:46+05:30,2024-05-03T16:48:46+05:30,ubebc7b870bd084ca,ubebc7b870bd084ca@users.invalid,GitHub,noreply@github.com,1,0,9,3437,3170,7,3380,3131,,,,,,0,,solved small issues,solved small issues
OEvortex/Webscout,def99db0029f755b06bbfcf02caf35e3187386cf,2024-05,-12,pre,2024-05-04T10:57:38+05:30,2024-05-04T10:57:38+05:30,u99c389b1b7bfbd23,u99c389b1b7bfbd23@users.invalid,u99c389b1b7bfbd23,u99c389b1b7bfbd23@users.invalid,1,0,3,98,13,2,2,2,,,,,,0,,updated readme,updated readme
OEvortex/Webscout,3d41434c43be008600de5b09f41d35b002367a31,2024-05,-12,pre,2024-05-04T16:17:06+05:30,2024-05-04T16:17:06+05:30,u99c389b1b7bfbd23,u99c389b1b7bfbd23@users.invalid,u99c389b1b7bfbd23,u99c389b1b7bfbd23@users.invalid,1,0,26,288,38,3,158,23,,,,,,0,,added temp mail and number,added temp mail and number
OEvortex/Webscout,f4e34cd453a9ced2e933cf945ba77da9a50d5113,2024-05,-12,pre,2024-05-06T10:20:05+05:30,2024-05-06T10:20:05+05:30,ubebc7b870bd084ca,ubebc7b870bd084ca@users.invalid,GitHub,noreply@github.com,1,0,1,1,1,1,1,1,,,,,,0,,Update __init__.py,Update __init__.py
OEvortex/Webscout,a8a4e83f3c1ef9538d3c4feeeb1f727d45de6fcb,2024-05,-12,pre,2024-05-06T10:21:03+05:30,2024-05-06T10:21:03+05:30,ubebc7b870bd084ca,ubebc7b870bd084ca@users.invalid,GitHub,noreply@github.com,1,0,1,2,0,1,2,0,,,,,,0,,Update __init__.py,Update __init__.py
OEvortex/Webscout,98fcceb510754e0c6b3787eddabecfebf30268ff,2024-05,-12,pre,2024-05-06T10:21:41+05:30,2024-05-06T10:21:41+05:30,ubebc7b870bd084ca,ubebc7b870bd084ca@users.invalid,GitHub,noreply@github.com,1,0,1,2,1,1,2,1,,,,,,0,,Update setup.py,Update setup.py
OEvortex/Webscout,db4a1229becd2daa72b9bed8380214333a38f624,2024-05,-12,pre,2024-05-08T09:15:25+05:30,2024-05-08T09:15:25+05:30,ubebc7b870bd084ca,ubebc7b870bd084ca@users.invalid,GitHub,noreply@github.com,1,0,20,348,411,10,326,381,,,,,,0,,solved issue with youchat,solved issue with youchat
OEvortex/Webscout,55ea2b320d98d1ec3fe21b9c54187d070f6033c1,2024-05,-12,pre,2024-05-08T20:46:13+05:30,2024-05-08T20:46:13+05:30,ubebc7b870bd084ca,ubebc7b870bd084ca@users.invalid,GitHub,noreply@github.com,1,0,11,245,17,4,219,15,,,,,,0,,added gpt 3.5 provider,added gpt 3.5 provider
OEvortex/Webscout,6986cd5a4d05ce1333ee4ae067c2b4ad6a9a9303,2024-05,-12,pre,2024-05-08T21:21:15+05:30,2024-05-08T21:21:15+05:30,ubebc7b870bd084ca,ubebc7b870bd084ca@users.invalid,GitHub,noreply@github.com,1,0,1,1,1,1,1,1,,,,,,0,,v1.4.3,v1.4.3
OEvortex/Webscout,ac350b867d78e8491b331feae36cb9a8cd0590fd,2024-05,-12,pre,2024-05-08T22:04:48+05:30,2024-05-08T22:04:48+05:30,uc398e0543fa72fc6,uc398e0543fa72fc6@users.invalid,GitHub,noreply@github.com,1,0,1,42,2,0,0,0,,,,,,0,,Update README.md,Update README.md
OEvortex/Webscout,addd1b0b90603e52af2887bdfbaeca81ecc58096,2024-05,-12,pre,2024-05-09T20:08:50+05:30,2024-05-09T20:08:50+05:30,u99c389b1b7bfbd23,u99c389b1b7bfbd23@users.invalid,u99c389b1b7bfbd23,u99c389b1b7bfbd23@users.invalid,1,0,33,27,29,6,25,27,,,,,,0,,small fix,small fix
OEvortex/Webscout,a9dcf39eeef2d40cda6b804d9495b73cab3263d9,2024-05,-12,pre,2024-05-10T08:03:07+05:30,2024-05-10T08:03:07+05:30,u99c389b1b7bfbd23,u99c389b1b7bfbd23@users.invalid,u99c389b1b7bfbd23,u99c389b1b7bfbd23@users.invalid,1,0,17,303,10,8,278,10,,,,,,0,,added thinkanyai,added thinkanyai
OEvortex/Webscout,9b1d029b93d93cf7bdcf41536f62c5028b5a0f77,2024-05,-12,pre,2024-05-10T10:12:48+05:30,2024-05-10T10:12:48+05:30,u99c389b1b7bfbd23,u99c389b1b7bfbd23@users.invalid,u99c389b1b7bfbd23,u99c389b1b7bfbd23@users.invalid,1,0,4,147,88,4,147,88,,,,,,0,,fix,fix
OEvortex/Webscout,3d336c21f0092507b36b60fbdd8c63902a4275c1,2024-05,-12,pre,2024-05-10T10:20:00+05:30,2024-05-10T10:20:00+05:30,ubebc7b870bd084ca,ubebc7b870bd084ca@users.invalid,GitHub,noreply@github.com,1,0,1,2,8,1,2,8,,,,,,0,,fix,fix
OEvortex/Webscout,6d9be232db138a119907e7e910d56bf6642d64de,2024-05,-12,pre,2024-05-10T10:22:57+05:30,2024-05-10T10:22:57+05:30,ubebc7b870bd084ca,ubebc7b870bd084ca@users.invalid,GitHub,noreply@github.com,1,0,1,8,8,1,8,8,,,,,,0,,fix,fix
OEvortex/Webscout,fc6c6d09897ff28cc382740386b48d329d75be93,2024-05,-12,pre,2024-05-10T20:43:03+05:30,2024-05-10T20:43:03+05:30,u99c389b1b7bfbd23,u99c389b1b7bfbd23@users.invalid,u99c389b1b7bfbd23,u99c389b1b7bfbd23@users.invalid,1,0,19,489,40,8,489,40,,,,,,0,,added auto provider,added auto provider
OEvortex/Webscout,8a50a5e89197bef3e1260af6224866ec14f6fe4c,2024-05,-12,pre,2024-05-10T20:43:22+05:30,2024-05-10T20:43:22+05:30,u99c389b1b7bfbd23,u99c389b1b7bfbd23@users.invalid,u99c389b1b7bfbd23,u99c389b1b7bfbd23@users.invalid,2,1,0,0,0,0,0,0,,,,,,0,,Merge branch 'main' of https://github.com/h91d41a1ee299dbcf/Webscout,Merge branch 'main' of https://github.com/h91d41a1ee299dbcf/Webscout
OEvortex/Webscout,338fce39412151983e0963b6fb564f0436c2d9f3,2024-05,-12,pre,2024-05-10T20:43:52+05:30,2024-05-10T20:43:52+05:30,u99c389b1b7bfbd23,u99c389b1b7bfbd23@users.invalid,u99c389b1b7bfbd23,u99c389b1b7bfbd23@users.invalid,1,0,1,1,1,1,1,1,,,,,,0,,added auto provider,added auto provider
OEvortex/Webscout,a22b477de2cbc7e47f8ebd17e2babde192afc3c5,2024-05,-12,pre,2024-05-11T16:12:09+05:30,2024-05-11T16:12:09+05:30,u99c389b1b7bfbd23,u99c389b1b7bfbd23@users.invalid,u99c389b1b7bfbd23,u99c389b1b7bfbd23@users.invalid,1,0,60,6337,5595,23,6055,5564,,,,,,0,,v2.0,v2.0
OEvortex/Webscout,4ca1d2c4042dfad4ea5025d4bd6c3ba3971474b0,2024-05,-12,pre,2024-05-11T16:21:26+05:30,2024-05-11T16:21:26+05:30,u99c389b1b7bfbd23,u99c389b1b7bfbd23@users.invalid,u99c389b1b7bfbd23,u99c389b1b7bfbd23@users.invalid,1,0,2,4,4,2,4,4,,,,,,0,,v2.0,v2.0
OEvortex/Webscout,111059fa5fa8c473bcc44d54494d9b0b66c2aa3c,2024-05,-12,pre,2024-05-11T16:23:55+05:30,2024-05-11T16:23:55+05:30,u99c389b1b7bfbd23,u99c389b1b7bfbd23@users.invalid,u99c389b1b7bfbd23,u99c389b1b7bfbd23@users.invalid,1,0,1,1,1,1,1,1,,,,,,0,,v2.0,v2.0
OEvortex/Webscout,2be175b102fe41f5fa5bf10788b16320973e6c8e,2024-05,-12,pre,2024-05-11T16:48:29+05:30,2024-05-11T16:48:29+05:30,ubebc7b870bd084ca,ubebc7b870bd084ca@users.invalid,GitHub,noreply@github.com,1,0,1,38,0,0,0,0,,,,,,0,,Update issue templates,Update issue templates
OEvortex/Webscout,21491cfe98d8d9f3b40d9c08957652fd4d7757f3,2024-05,-12,pre,2024-05-11T16:49:20+05:30,2024-05-11T16:49:20+05:30,ubebc7b870bd084ca,ubebc7b870bd084ca@users.invalid,GitHub,noreply@github.com,1,0,1,20,0,0,0,0,,,,,,0,,Update issue templates,Update issue templates
OEvortex/Webscout,cfd60039e9ebe490c9502052e680245aa5624e71,2024-05,-12,pre,2024-05-11T20:43:23+05:30,2024-05-11T20:43:23+05:30,ubebc7b870bd084ca,ubebc7b870bd084ca@users.invalid,GitHub,noreply@github.com,1,0,1,13,0,0,0,0,,,,,,0,,Create FUNDING.yml,Create FUNDING.yml
OEvortex/Webscout,b776b0a44e8bafc953c1615e4d770ed37a2de388,2024-05,-12,pre,2024-05-12T10:59:24+05:30,2024-05-12T10:59:24+05:30,u99c389b1b7bfbd23,u99c389b1b7bfbd23@users.invalid,u99c389b1b7bfbd23,u99c389b1b7bfbd23@users.invalid,1,0,24,526,31,8,484,21,,,,,,0,,added 2 new AI providers,added 2 new AI providers
OEvortex/Webscout,2e9392038339ddb281f5700d1150039cd5a432dd,2024-05,-12,pre,2024-05-12T10:59:43+05:30,2024-05-12T10:59:43+05:30,u99c389b1b7bfbd23,u99c389b1b7bfbd23@users.invalid,u99c389b1b7bfbd23,u99c389b1b7bfbd23@users.invalid,2,1,0,0,0,0,0,0,,,,,,0,,Merge branch 'main' of https://github.com/h91d41a1ee299dbcf/Webscout,Merge branch 'main' of https://github.com/h91d41a1ee299dbcf/Webscout
OEvortex/Webscout,56643b10a3ce713825cf5bbc2c4ea5d50848b3db,2024-05,-12,pre,2024-05-13T13:06:04+05:30,2024-05-13T13:06:04+05:30,u99c389b1b7bfbd23,u99c389b1b7bfbd23@users.invalid,u99c389b1b7bfbd23,u99c389b1b7bfbd23@users.invalid,1,0,24,2253,79,12,2253,79,,,,,,0,,test,test
OEvortex/Webscout,3be32728eab58a6909898d48d8f1746cdafed4ed,2024-05,-12,pre,2024-05-13T13:55:34+05:30,2024-05-13T13:55:34+05:30,u99c389b1b7bfbd23,u99c389b1b7bfbd23@users.invalid,u99c389b1b7bfbd23,u99c389b1b7bfbd23@users.invalid,1,0,9,189,107,9,189,107,,,,,,0,,test2,test2
OEvortex/Webscout,b74aeebf18087ff81a3debe4f4d532f005b34b10,2024-05,-12,pre,2024-05-13T15:55:17+05:30,2024-05-13T15:55:17+05:30,u99c389b1b7bfbd23,u99c389b1b7bfbd23@users.invalid,u99c389b1b7bfbd23,u99c389b1b7bfbd23@users.invalid,1,0,25,61,121,10,61,121,,,,,,0,,v2.3,v2.3
OEvortex/Webscout,ce42db8f71b1eff84c22065ab145c748340ace25,2024-05,-12,pre,2024-05-14T09:03:26+05:30,2024-05-14T09:03:26+05:30,ubebc7b870bd084ca,ubebc7b870bd084ca@users.invalid,GitHub,noreply@github.com,1,0,1,1,1,0,0,0,,,,,,0,,Update FUNDING.yml,Update FUNDING.yml
OEvortex/Webscout,c977db099fbfe7071efad96a8b8d70d0c2ba965e,2024-05,-12,pre,2024-05-14T09:04:49+05:30,2024-05-14T09:04:49+05:30,ubebc7b870bd084ca,ubebc7b870bd084ca@users.invalid,GitHub,noreply@github.com,1,0,1,2,2,0,0,0,,,,,,0,,Update FUNDING.yml,Update FUNDING.yml
OEvortex/Webscout,066d389c73686b0646828e0f0ad612bd72e9438f,2024-05,-12,pre,2024-05-14T11:45:12+05:30,2024-05-14T11:45:12+05:30,u99c389b1b7bfbd23,u99c389b1b7bfbd23@users.invalid,u99c389b1b7bfbd23,u99c389b1b7bfbd23@users.invalid,1,0,14,82,11,5,82,11,,,,,,0,,added auto download to local,added auto download to local
OEvortex/Webscout,6ebbabad140e485e0b7172478c7ee957f140c272,2024-05,-12,pre,2024-05-14T11:45:29+05:30,2024-05-14T11:45:29+05:30,u99c389b1b7bfbd23,u99c389b1b7bfbd23@users.invalid,u99c389b1b7bfbd23,u99c389b1b7bfbd23@users.invalid,2,1,0,0,0,0,0,0,,,,,,0,,Merge branch 'main' of https://github.com/h91d41a1ee299dbcf/Webscout,Merge branch 'main' of https://github.com/h91d41a1ee299dbcf/Webscout
OEvortex/Webscout,416cc9478ca577bb587064826d2c2bf6624d25bd,2024-05,-12,pre,2024-05-14T13:38:55+05:30,2024-05-14T13:38:55+05:30,u99c389b1b7bfbd23,u99c389b1b7bfbd23@users.invalid,u99c389b1b7bfbd23,u99c389b1b7bfbd23@users.invalid,1,0,3,6,5,1,3,2,,,,,,0,,v2.4,v2.4
OEvortex/Webscout,dfbd4263078c5f1afddb668cf1de23afcfcb15a5,2024-05,-12,pre,2024-05-14T14:09:09+05:30,2024-05-14T14:09:09+05:30,u99c389b1b7bfbd23,u99c389b1b7bfbd23@users.invalid,u99c389b1b7bfbd23,u99c389b1b7bfbd23@users.invalid,1,0,1,1,1,1,1,1,,,,,,0,,fix,fix
OEvortex/Webscout,8ae0edb405683616240d090ad296eaf3fc565033,2024-05,-12,pre,2024-05-14T14:09:33+05:30,2024-05-14T14:09:33+05:30,u99c389b1b7bfbd23,u99c389b1b7bfbd23@users.invalid,u99c389b1b7bfbd23,u99c389b1b7bfbd23@users.invalid,1,0,1,1,1,1,1,1,,,,,,0,,fix,fix
OEvortex/Webscout,6e089bc4e49c6292e901c8f771a2cee9ff09b32a,2024-05,-12,pre,2024-05-15T19:52:56+05:30,2024-05-15T19:52:56+05:30,u99c389b1b7bfbd23,u99c389b1b7bfbd23@users.invalid,u99c389b1b7bfbd23,u99c389b1b7bfbd23@users.invalid,1,0,22,277,71,10,256,71,,,,,,0,,Added my project,Added my project
OEvortex/Webscout,112088e11e4123bd3eb9860c21cf16b51028db16,2024-05,-12,pre,2024-05-16T19:35:34+05:30,2024-05-16T19:35:34+05:30,ubebc7b870bd084ca,ubebc7b870bd084ca@users.invalid,GitHub,noreply@github.com,1,0,1,2,2,1,2,2,,,,,,0,,Update __init__.py,Update __init__.py
OEvortex/Webscout,233986c57d35de04909a897983b2beb3e28f6c57,2024-05,-12,pre,2024-05-19T20:28:59+05:30,2024-05-19T20:28:59+05:30,u99c389b1b7bfbd23,u99c389b1b7bfbd23@users.invalid,u99c389b1b7bfbd23,u99c389b1b7bfbd23@users.invalid,1,0,29,1893,1150,12,1885,1150,,,,,,0,,solved small issues,solved small issues
OEvortex/Webscout,26e161bb6f48cd3875888b3a7c027a5978e5aebf,2024-05,-12,pre,2024-05-19T20:29:15+05:30,2024-05-19T20:29:15+05:30,u99c389b1b7bfbd23,u99c389b1b7bfbd23@users.invalid,u99c389b1b7bfbd23,u99c389b1b7bfbd23@users.invalid,2,1,0,0,0,0,0,0,,,,,,0,,Merge branch 'main' of https://github.com/h91d41a1ee299dbcf/Webscout,Merge branch 'main' of https://github.com/h91d41a1ee299dbcf/Webscout
OEvortex/Webscout,cf823950c9a85cdc5fbe3fee853098178b07d95a,2024-05,-12,pre,2024-05-19T20:42:15+05:30,2024-05-19T20:42:15+05:30,u99c389b1b7bfbd23,u99c389b1b7bfbd23@users.invalid,u99c389b1b7bfbd23,u99c389b1b7bfbd23@users.invalid,1,0,13,26,20,0,0,0,,,,,,0,,solved small issues,solved small issues
OEvortex/Webscout,26002bebe3c94e52fb453eb5aa9e8bb465fa04c4,2024-05,-12,pre,2024-05-21T10:54:35+05:30,2024-05-21T10:54:35+05:30,u99c389b1b7bfbd23,u99c389b1b7bfbd23@users.invalid,u99c389b1b7bfbd23,u99c389b1b7bfbd23@users.invalid,1,0,4,58,1,3,58,1,,,,,,0,,fix,fix
OEvortex/Webscout,7b5b7e3aae8b875a0d3226e44d4d2e1c8754a258,2024-05,-12,pre,2024-05-21T10:55:33+05:30,2024-05-21T10:55:33+05:30,u99c389b1b7bfbd23,u99c389b1b7bfbd23@users.invalid,u99c389b1b7bfbd23,u99c389b1b7bfbd23@users.invalid,1,0,1,1,1,1,1,1,,,,,,0,,fix,fix
OEvortex/Webscout,cd78641e292e3ae5943920572f6f4cd375f6886d,2024-05,-12,pre,2024-05-26T18:13:19+05:30,2024-05-26T18:13:19+05:30,u99c389b1b7bfbd23,u99c389b1b7bfbd23@users.invalid,u99c389b1b7bfbd23,u99c389b1b7bfbd23@users.invalid,1,0,8,7,5,5,7,5,,,,,,0,,v2.9,v2.9
OEvortex/Webscout,68ae561c477bb4f8d14bc162a558d365abe89d01,2024-05,-12,pre,2024-05-30T13:41:43+05:30,2024-05-30T13:41:43+05:30,u99c389b1b7bfbd23,u99c389b1b7bfbd23@users.invalid,u99c389b1b7bfbd23,u99c389b1b7bfbd23@users.invalid,1,0,81,18819,157,8,486,129,,,,,,0,,Added function calling,Added function calling
OEvortex/Webscout,05438617e1535333cdf976bf8843553e5b85addc,2024-05,-12,pre,2024-05-30T13:44:25+05:30,2024-05-30T13:44:25+05:30,ubebc7b870bd084ca,ubebc7b870bd084ca@users.invalid,GitHub,noreply@github.com,1,0,60,0,17957,0,0,0,,,,,,0,,Delete build/lib directory,Delete build/lib directory
OEvortex/Webscout,c743c02c1261341a26894abbd0a649d60afc34fc,2024-06,-11,pre,2024-06-03T18:58:14+05:30,2024-06-03T18:58:14+05:30,u99c389b1b7bfbd23,u99c389b1b7bfbd23@users.invalid,u99c389b1b7bfbd23,u99c389b1b7bfbd23@users.invalid,1,0,60,1146,84,6,1057,84,,,,,,0,,Added rawdog to local,Added rawdog to local
OEvortex/Webscout,06a027afc1d5e2bccbb0eb9bd09386f3b721fbe7,2024-06,-11,pre,2024-06-04T15:11:18+05:30,2024-06-04T15:11:18+05:30,u99c389b1b7bfbd23,u99c389b1b7bfbd23@users.invalid,u99c389b1b7bfbd23,u99c389b1b7bfbd23@users.invalid,1,0,15,375,141,7,316,116,,,,,,0,,Added my project,Added my project
OEvortex/Webscout,e3120ac8f9a8922d8846ec2b73c68e7013711ff4,2024-06,-11,pre,2024-06-06T20:07:06+05:30,2024-06-06T20:07:06+05:30,u99c389b1b7bfbd23,u99c389b1b7bfbd23@users.invalid,u99c389b1b7bfbd23,u99c389b1b7bfbd23@users.invalid,1,0,5,742,32,3,9,32,,,,,,0,,history fix,history fix
OEvortex/Webscout,c5fa438d5db198b7aa345a7459671f2964fe5c16,2024-06,-11,pre,2024-06-14T13:15:53+05:30,2024-06-14T13:15:53+05:30,u7fbb635ea6ba9278,u7fbb635ea6ba9278@users.invalid,u7fbb635ea6ba9278,u7fbb635ea6ba9278@users.invalid,1,0,19,86,75,9,85,74,,,,,,0,,fix,fix
OEvortex/Webscout,1856287af5cdbfb9c6c97030b089c1598b1a485d,2024-06,-11,pre,2024-06-16T12:30:20+05:30,2024-06-16T12:30:20+05:30,u7fbb635ea6ba9278,u7fbb635ea6ba9278@users.invalid,u7fbb635ea6ba9278,u7fbb635ea6ba9278@users.invalid,1,0,7,435,8,4,400,6,,,,,,0,,Added another websearch - WEBSX,Added another websearch - WEBSX
OEvortex/Webscout,8a3418b2bf400032ee6f028ff1d3393ec6f17746,2024-06,-11,pre,2024-06-16T14:45:22+05:30,2024-06-16T14:45:22+05:30,u7fbb635ea6ba9278,u7fbb635ea6ba9278@users.invalid,u7fbb635ea6ba9278,u7fbb635ea6ba9278@users.invalid,1,0,41,1406,1289,19,1294,1076,,,,,,0,,"added VLM, deepinfra, WEBSX fixed DWEBS","added VLM, deepinfra, WEBSX fixed DWEBS"
OEvortex/Webscout,cff1c1b3e735f105283c3db5ee20028125ba6838,2024-06,-11,pre,2024-06-22T13:19:46+05:30,2024-06-22T13:19:46+05:30,u99c389b1b7bfbd23,u99c389b1b7bfbd23@users.invalid,u99c389b1b7bfbd23,u99c389b1b7bfbd23@users.invalid,1,0,52,1303,148,7,1204,55,,,,,,0,,added phind and opengptv2,added phind and opengptv2
OEvortex/Webscout,38b45aac930b0f4ff753f17f0f0f03116c15fcc1,2024-06,-11,pre,2024-06-22T20:47:51+05:30,2024-06-22T20:47:51+05:30,u342da79514dd1464,u342da79514dd1464@users.invalid,GitHub,noreply@github.com,1,0,1,10,7,1,10,7,,,,,,0,,added internal error fixer,added internal error fixer
OEvortex/Webscout,fcb29c07692d275778b3c06e63ac795a5ef1ca46,2024-06,-11,pre,2024-06-22T20:52:32+05:30,2024-06-22T20:52:32+05:30,u342da79514dd1464,u342da79514dd1464@users.invalid,GitHub,noreply@github.com,1,0,1,23,7,1,23,7,,,,,,0,,rawdog.py added error fixer for internal rawdog,rawdog.py added error fixer for internal rawdog
OEvortex/Webscout,363d0f050dfa691f7ef97f319aef1f4cc159ea19,2024-06,-11,pre,2024-06-22T21:29:29+05:30,2024-06-22T21:29:29+05:30,u99c389b1b7bfbd23,u99c389b1b7bfbd23@users.invalid,u99c389b1b7bfbd23,u99c389b1b7bfbd23@users.invalid,1,0,3,25,9,2,2,2,,,,,,0,,v3.6,v3.6
OEvortex/Webscout,837fb99237fd57114effcff2a3f124d76d12c4f1,2024-06,-11,pre,2024-06-26T09:59:26+05:30,2024-06-26T09:59:26+05:30,u99c389b1b7bfbd23,u99c389b1b7bfbd23@users.invalid,u99c389b1b7bfbd23,u99c389b1b7bfbd23@users.invalid,1,0,54,237,36,4,78,36,,,,,,0,,added autogguf,added autogguf
OEvortex/Webscout,8b1f698c02884c41a8e9c76be39da6492a92757e,2024-06,-11,pre,2024-06-26T10:13:40+05:30,2024-06-26T10:13:40+05:30,u99c389b1b7bfbd23,u99c389b1b7bfbd23@users.invalid,u99c389b1b7bfbd23,u99c389b1b7bfbd23@users.invalid,1,0,3,188,1,2,38,1,,,,,,0,,added autollama,added autollama
OEvortex/Webscout,92449a7232e6fe3e4318470c186d785a59ceae42,2024-06,-11,pre,2024-06-26T10:21:35+05:30,2024-06-26T10:21:35+05:30,u99c389b1b7bfbd23,u99c389b1b7bfbd23@users.invalid,u99c389b1b7bfbd23,u99c389b1b7bfbd23@users.invalid,1,0,10,2,5,2,2,5,,,,,,0,,added autollama,added autollama
OEvortex/Webscout,cc6c55e19c3ce8b97116f92d1774b7d0609d39cd,2024-06,-11,pre,2024-06-26T10:24:26+05:30,2024-06-26T10:24:26+05:30,u99c389b1b7bfbd23,u99c389b1b7bfbd23@users.invalid,u99c389b1b7bfbd23,u99c389b1b7bfbd23@users.invalid,1,0,2,2,2,2,2,2,,,,,,0,,added autollama,added autollama
OEvortex/Webscout,3cc6c49313840f72fd0509ef33a1e2ff1c615573,2024-06,-11,pre,2024-06-26T10:33:27+05:30,2024-06-26T10:33:27+05:30,u99c389b1b7bfbd23,u99c389b1b7bfbd23@users.invalid,u99c389b1b7bfbd23,u99c389b1b7bfbd23@users.invalid,1,0,4,315,354,2,315,45,,,,,,0,,added autollama,added autollama
OEvortex/Webscout,af8b162c746f8582a9256f510d6aa1b898be3652,2024-06,-11,pre,2024-06-26T10:37:41+05:30,2024-06-26T10:37:41+05:30,u99c389b1b7bfbd23,u99c389b1b7bfbd23@users.invalid,u99c389b1b7bfbd23,u99c389b1b7bfbd23@users.invalid,1,0,2,84,65,2,84,65,,,,,,0,,added autollama,added autollama
OEvortex/Webscout,b674170740aad66cd651df060d7ba55b783c257f,2024-06,-11,pre,2024-06-26T11:25:36+05:30,2024-06-26T11:25:36+05:30,u99c389b1b7bfbd23,u99c389b1b7bfbd23@users.invalid,u99c389b1b7bfbd23,u99c389b1b7bfbd23@users.invalid,1,0,10,478,353,7,102,350,,,,,,0,,added v3.7,added v3.7
OEvortex/Webscout,cb7e3cf14c3abdd78dc749e8f357c57bf15a3061,2024-06,-11,pre,2024-06-26T11:47:26+05:30,2024-06-26T11:47:26+05:30,u99c389b1b7bfbd23,u99c389b1b7bfbd23@users.invalid,u99c389b1b7bfbd23,u99c389b1b7bfbd23@users.invalid,1,0,4,13,8,4,13,8,,,,,,0,,added v3.8,added v3.8
OEvortex/Webscout,732d07a7cd5a26996f91d313f9976bed934f401f,2024-06,-11,pre,2024-06-26T11:58:59+05:30,2024-06-26T11:58:59+05:30,u99c389b1b7bfbd23,u99c389b1b7bfbd23@users.invalid,u99c389b1b7bfbd23,u99c389b1b7bfbd23@users.invalid,1,0,2,3,10,2,3,10,,,,,,0,,added v3.8,added v3.8
OEvortex/Webscout,8e5fa54cf142b0d719954af2b7e47dd97de6dcd5,2024-06,-11,pre,2024-06-26T12:03:03+05:30,2024-06-26T12:03:03+05:30,u99c389b1b7bfbd23,u99c389b1b7bfbd23@users.invalid,u99c389b1b7bfbd23,u99c389b1b7bfbd23@users.invalid,1,0,2,2,2,2,2,2,,,,,,0,,added v3.8,added v3.8
OEvortex/Webscout,cd31247ecb08dfd921e38799d4d3228366c15bfe,2024-06,-11,pre,2024-06-26T12:16:03+05:30,2024-06-26T12:16:03+05:30,u99c389b1b7bfbd23,u99c389b1b7bfbd23@users.invalid,u99c389b1b7bfbd23,u99c389b1b7bfbd23@users.invalid,1,0,2,2,2,2,2,2,,,,,,0,,added v3.8,added v3.8
OEvortex/Webscout,f41563ecacac6d44cfa4bf317fdd51e3b7fdec07,2024-06,-11,pre,2024-06-26T12:37:33+05:30,2024-06-26T12:37:33+05:30,ubebc7b870bd084ca,ubebc7b870bd084ca@users.invalid,GitHub,noreply@github.com,1,0,1,1,1,0,0,0,,,,,,0,,Update README.md,Update README.md
OEvortex/Webscout,67924d3de2298d698859a6d1e4a6a22b9900b4d9,2024-06,-11,pre,2024-06-26T16:34:42+05:30,2024-06-26T16:34:42+05:30,ubebc7b870bd084ca,ubebc7b870bd084ca@users.invalid,GitHub,noreply@github.com,1,0,100,24883,0,59,21809,0,,,,,,0,,V3.8 webscout can now quantize models into gguf,V3.8 webscout can now quantize models into gguf
OEvortex/Webscout,6e066e312b3129f20d8a8bd023a40b580367ac3a,2024-06,-11,pre,2024-06-26T16:38:05+05:30,2024-06-26T16:38:05+05:30,ubebc7b870bd084ca,ubebc7b870bd084ca@users.invalid,GitHub,noreply@github.com,1,0,100,0,24883,59,0,21809,,,,,,0,,Delete Webscout directory,Delete Webscout directory
OEvortex/Webscout,169fd79697351ebe072ee30490e1616808e27683,2024-06,-11,pre,2024-06-26T16:39:55+05:30,2024-06-26T16:39:55+05:30,ubebc7b870bd084ca,ubebc7b870bd084ca@users.invalid,GitHub,noreply@github.com,1,0,3,438,124,3,438,124,,,,,,0,,Add files via upload,Add files via upload
OEvortex/Webscout,dfe5a99a9df7069d67a0ad66cc793b7b55bf734c,2024-06,-11,pre,2024-06-27T09:52:57+05:30,2024-06-27T09:52:57+05:30,ubebc7b870bd084ca,ubebc7b870bd084ca@users.invalid,GitHub,noreply@github.com,1,0,1,2,2,1,2,2,,,,,,0,,Update test.py,Update test.py
OEvortex/Webscout,650626ea1f1fde84e19510b64c685c5d637b0ec3,2024-06,-11,pre,2024-06-28T18:54:41+05:30,2024-06-28T18:54:41+05:30,u99c389b1b7bfbd23,u99c389b1b7bfbd23@users.invalid,u99c389b1b7bfbd23,u99c389b1b7bfbd23@users.invalid,1,0,61,855,1289,12,851,227,,,,,,0,,Added more providers and optimized rawdog,Added more providers and optimized rawdog
OEvortex/Webscout,a253e29f8b069a62ce5780563fc5285a9d150a78,2024-06,-11,pre,2024-06-28T20:35:08+05:30,2024-06-28T20:35:08+05:30,ubebc7b870bd084ca,ubebc7b870bd084ca@users.invalid,GitHub,noreply@github.com,1,0,1,605,604,1,605,604,,,,,,0,,fix,fix
OEvortex/Webscout,36f43a132dee6e6d5faa8203d2ffb3bf9d78e12d,2024-07,-10,pre,2024-07-01T14:41:20+05:30,2024-07-01T14:41:20+05:30,u342da79514dd1464,u342da79514dd1464@users.invalid,GitHub,noreply@github.com,1,0,2,81,0,2,81,0,,,,,,0,,added weather fetch,added weather fetch
OEvortex/Webscout,979671f81df1ec7b3f7759c1e488657102b0257f,2024-07,-10,pre,2024-07-02T16:21:25+05:30,2024-07-02T16:21:25+05:30,u99c389b1b7bfbd23,u99c389b1b7bfbd23@users.invalid,u99c389b1b7bfbd23,u99c389b1b7bfbd23@users.invalid,1,0,56,139,245,6,122,242,,,,,,0,,updated cli,updated cli
OEvortex/Webscout,fa901cf5ca1053fca6aa2bc60c453fd3858cb31b,2024-07,-10,pre,2024-07-02T19:38:54+05:30,2024-07-02T19:38:54+05:30,u99c389b1b7bfbd23,u99c389b1b7bfbd23@users.invalid,u99c389b1b7bfbd23,u99c389b1b7bfbd23@users.invalid,1,0,9,1128,2,4,1128,2,,,,,,0,,"updated cli, added ytdownloader, weather","updated cli, added ytdownloader, weather"
OEvortex/Webscout,53ad7b94aa0d75a710831848ba74b211847f69cc,2024-07,-10,pre,2024-07-03T12:23:38+05:30,2024-07-03T12:23:38+05:30,u99c389b1b7bfbd23,u99c389b1b7bfbd23@users.invalid,u99c389b1b7bfbd23,u99c389b1b7bfbd23@users.invalid,1,0,64,31,26,5,4,24,,,,,,0,,4.0,4.0
OEvortex/Webscout,01113c5d8701062f8d78b25268352749e6181d6b,2024-07,-10,pre,2024-07-04T10:45:09+05:30,2024-07-04T10:45:09+05:30,u99c389b1b7bfbd23,u99c389b1b7bfbd23@users.invalid,u99c389b1b7bfbd23,u99c389b1b7bfbd23@users.invalid,1,0,20,156,82,3,156,82,,,,,,0,,added all non-api providers to AIauto,added all non-api providers to AIauto
OEvortex/Webscout,84c6b0ee2620654ff8e2de6a71f4f5f134db7843,2024-07,-10,pre,2024-07-04T10:46:37+05:30,2024-07-04T10:46:37+05:30,u99c389b1b7bfbd23,u99c389b1b7bfbd23@users.invalid,u99c389b1b7bfbd23,u99c389b1b7bfbd23@users.invalid,1,0,3,3,3,3,3,3,,,,,,0,,added all non-api providers to AIauto,added all non-api providers to AIauto
OEvortex/Webscout,256f48433472bb035e7e2904d10228c0b33e4ed6,2024-07,-10,pre,2024-07-06T17:24:18+05:30,2024-07-06T17:24:18+05:30,u99c389b1b7bfbd23,u99c389b1b7bfbd23@users.invalid,u99c389b1b7bfbd23,u99c389b1b7bfbd23@users.invalid,1,0,17,235,6,10,226,6,,,,,,0,,Added Ollama,Added Ollama
OEvortex/Webscout,25f19d3ae6a25ad166cbabcbcdec929c58715cc9,2024-07,-10,pre,2024-07-08T21:43:58+05:30,2024-07-08T21:43:58+05:30,u99c389b1b7bfbd23,u99c389b1b7bfbd23@users.invalid,u99c389b1b7bfbd23,u99c389b1b7bfbd23@users.invalid,1,0,21,425,462,12,397,462,,,,,,0,,added 1 new provider and fixed llama,added 1 new provider and fixed llama
OEvortex/Webscout,b2bb5312314ffd8edf4fe9acb8c1d5ac7b951ba1,2024-07,-10,pre,2024-07-12T19:46:38+05:30,2024-07-12T19:46:38+05:30,ue257b1df32748e3f,ue257b1df32748e3f@users.invalid,GitHub,noreply@github.com,1,0,1,46,11,1,46,11,,,,,,0,,sja diya hun,sja diya hun
OEvortex/Webscout,1e130c9bcfecc4ad44c72255782140ffc862ccd7,2024-07,-10,pre,2024-07-13T17:01:13+05:30,2024-07-13T17:01:13+05:30,ue257b1df32748e3f,ue257b1df32748e3f@users.invalid,GitHub,noreply@github.com,1,0,4,57,37,4,57,37,,,,,,0,,Made some improvemnts in Webscout,Made some improvemnts in Webscout
OEvortex/Webscout,744f7ed81a52584b1ade79a3cab01ca99dc5e990,2024-07,-10,pre,2024-07-13T17:05:10+05:30,2024-07-13T17:05:10+05:30,ue257b1df32748e3f,ue257b1df32748e3f@users.invalid,GitHub,noreply@github.com,1,0,1,555,557,1,555,557,,,,,,0,,Fixed a small bug,Fixed a small bug
OEvortex/Webscout,c20a0f9679423afa8842c543bf48eed30679f303,2024-07,-10,pre,2024-07-13T17:06:01+05:30,2024-07-13T17:06:01+05:30,ue257b1df32748e3f,ue257b1df32748e3f@users.invalid,GitHub,noreply@github.com,1,0,1,0,6,1,0,6,,,,,,0,,made some changes,made some changes
OEvortex/Webscout,401ff60f5fda770e82378bfe1a395f8531288c6b,2024-07,-10,pre,2024-07-13T17:12:18+05:30,2024-07-13T17:12:18+05:30,u99c389b1b7bfbd23,u99c389b1b7bfbd23@users.invalid,u99c389b1b7bfbd23,u99c389b1b7bfbd23@users.invalid,1,0,49,10,1,2,10,1,,,,,,0,,ui,ui
OEvortex/Webscout,c4f5baa0ba6b3ae3533084889bea39a9480a835e,2024-07,-10,pre,2024-07-14T10:23:12+05:30,2024-07-14T10:23:12+05:30,u99c389b1b7bfbd23,u99c389b1b7bfbd23@users.invalid,u99c389b1b7bfbd23,u99c389b1b7bfbd23@users.invalid,1,0,20,36,35,2,36,35,,,,,,0,,cli update,cli update
OEvortex/Webscout,adefd99f2f8ffc8062717dba9dbfcbea0e35feb1,2024-07,-10,pre,2024-07-14T18:13:25+05:30,2024-07-14T18:13:25+05:30,ue257b1df32748e3f,ue257b1df32748e3f@users.invalid,GitHub,noreply@github.com,1,0,1,21,24,1,21,24,,,,,,0,,CLI update,CLI update
OEvortex/Webscout,d9cb348f4c930bff87f42f11b0c9917b76cbf96d,2024-07,-10,pre,2024-07-15T15:30:02+05:30,2024-07-15T15:30:02+05:30,ue257b1df32748e3f,ue257b1df32748e3f@users.invalid,GitHub,noreply@github.com,1,0,1,3,0,1,3,0,,,,,,0,,Minor changes,Minor changes
OEvortex/Webscout,4e9878ccfb08fee4a9eac24b37c951bd968a7804,2024-07,-10,pre,2024-07-18T18:08:11+05:30,2024-07-18T18:08:11+05:30,u99c389b1b7bfbd23,u99c389b1b7bfbd23@users.invalid,u99c389b1b7bfbd23,u99c389b1b7bfbd23@users.invalid,1,0,17,1085,72,6,818,72,,,,,,0,,fix & added ollama provider,fix & added ollama provider
OEvortex/Webscout,37a40186125d1ddbf794759d5a18b66eff8cd833,2024-07,-10,pre,2024-07-18T18:11:21+05:30,2024-07-18T18:11:21+05:30,u99c389b1b7bfbd23,u99c389b1b7bfbd23@users.invalid,u99c389b1b7bfbd23,u99c389b1b7bfbd23@users.invalid,1,0,1,1,1,1,1,1,,,,,,0,,fix & added ollama provider,fix & added ollama provider
OEvortex/Webscout,7c457394046e6895aac0c718fb64a5fd6664beef,2024-07,-10,pre,2024-07-18T18:38:40+05:30,2024-07-18T18:38:40+05:30,ue257b1df32748e3f,ue257b1df32748e3f@users.invalid,GitHub,noreply@github.com,1,0,1,1,1,1,1,1,,,,,,0,,made some minor changes,made some minor changes
OEvortex/Webscout,c027dcaaed0d05bf9d2547a270482a9dc909944a,2024-07,-10,pre,2024-07-30T09:46:14+05:30,2024-07-30T09:46:14+05:30,ubebc7b870bd084ca,ubebc7b870bd084ca@users.invalid,GitHub,noreply@github.com,1,0,5,424,435,4,414,411,,,,,,0,,Add files via upload,Add files via upload
OEvortex/Webscout,ea8e66fe60d34ecdf4fb2dc3a6c67edefa41e802,2024-07,-10,pre,2024-07-30T09:47:40+05:30,2024-07-30T09:47:40+05:30,ubebc7b870bd084ca,ubebc7b870bd084ca@users.invalid,GitHub,noreply@github.com,1,0,1,14,1,1,14,1,,,,,,0,,Update webai.py,Update webai.py
OEvortex/Webscout,da2ce198897f166dc37abc3b7a462cf3e34f495d,2024-07,-10,pre,2024-07-30T09:48:52+05:30,2024-07-30T09:48:52+05:30,ubebc7b870bd084ca,ubebc7b870bd084ca@users.invalid,GitHub,noreply@github.com,1,0,1,2,1,1,2,1,,,,,,0,,Update webscout_search.py,Update webscout_search.py
OEvortex/Webscout,569ca7e41ed8cc8e69608a9dfc8b014dbf4a265e,2024-07,-10,pre,2024-07-30T09:49:28+05:30,2024-07-30T09:49:28+05:30,ubebc7b870bd084ca,ubebc7b870bd084ca@users.invalid,GitHub,noreply@github.com,1,0,2,360,83,2,360,83,,,,,,0,,Add files via upload,Add files via upload
OEvortex/Webscout,c43f467af7728f02ba0fba57d55380db1bf23a3e,2024-07,-10,pre,2024-07-30T09:50:32+05:30,2024-07-30T09:50:32+05:30,ubebc7b870bd084ca,ubebc7b870bd084ca@users.invalid,GitHub,noreply@github.com,1,0,7,1139,1481,7,1139,1481,,,,,,0,,Add files via upload,Add files via upload
OEvortex/Webscout,8f1fa236c636b57605c2d0bcb3e74605a6789796,2024-07,-10,pre,2024-07-30T09:57:26+05:30,2024-07-30T09:57:26+05:30,u99c389b1b7bfbd23,u99c389b1b7bfbd23@users.invalid,u99c389b1b7bfbd23,u99c389b1b7bfbd23@users.invalid,1,0,40,303,0,3,303,0,,,,,,0,,4.5,4.5
OEvortex/Webscout,d0309fa47c89b65298114910023086da4fe0ed32,2024-08,-9,pre,2024-08-04T15:52:46+05:30,2024-08-04T15:52:46+05:30,u99c389b1b7bfbd23,u99c389b1b7bfbd23@users.invalid,u99c389b1b7bfbd23,u99c389b1b7bfbd23@users.invalid,1,0,48,1311,203,19,1300,189,,,,,,0,,"fix, new providers","fix, new providers"
OEvortex/Webscout,8db41770bf43994f67b50d4038f172c5efa1c0ad,2024-08,-9,pre,2024-08-04T15:57:00+05:30,2024-08-04T15:57:00+05:30,u99c389b1b7bfbd23,u99c389b1b7bfbd23@users.invalid,u99c389b1b7bfbd23,u99c389b1b7bfbd23@users.invalid,1,0,1,1,1,1,1,1,,,,,,0,,"fix, new providers","fix, new providers"
OEvortex/Webscout,5ce8ce45d819c81801bd3e91619174e9205a6688,2024-08,-9,pre,2024-08-06T15:11:44+05:30,2024-08-06T15:11:44+05:30,u99c389b1b7bfbd23,u99c389b1b7bfbd23@users.invalid,u99c389b1b7bfbd23,u99c389b1b7bfbd23@users.invalid,1,0,12,817,53,5,790,7,,,,,,0,,Added meta ai,Added meta ai
OEvortex/Webscout,c38d36794dcf6490cc42219bb6d4532afa7f6089,2024-08,-9,pre,2024-08-12T19:06:49+05:30,2024-08-12T19:06:49+05:30,u99c389b1b7bfbd23,u99c389b1b7bfbd23@users.invalid,u99c389b1b7bfbd23,u99c389b1b7bfbd23@users.invalid,1,0,78,2533,3624,43,2308,3373,,,,,,0,,v4.8,v4.8
OEvortex/Webscout,0ddc6502dc76e420311961653a0ce806a8151f7e,2024-08,-9,pre,2024-08-12T22:59:56+09:00,2024-08-12T22:59:56+09:00,u2fe1e185c691401b,u2fe1e185c691401b@users.invalid,GitHub,noreply@github.com,1,0,1,1,1,0,0,0,,,,,,0,,docs: update README.md,"docs: update README.md

forcast -> forecast"
OEvortex/Webscout,4b6f8436f3365cb6b9eb10dc3ef0adba1ae40361,2024-08,-9,pre,2024-08-13T08:23:10+05:30,2024-08-13T08:23:10+05:30,ubebc7b870bd084ca,ubebc7b870bd084ca@users.invalid,GitHub,noreply@github.com,2,1,0,0,0,0,0,0,,,,,,0,10,Merge pull request #10 from h535c73427f6b2f98/patch-1,"Merge pull request #10 from h535c73427f6b2f98/patch-1

docs: update README.md"
OEvortex/Webscout,2cb07e4a95162e8843a2c6527ff64166e8b6f4ce,2024-08,-9,pre,2024-08-13T21:43:11+05:30,2024-08-13T21:43:11+05:30,ubebc7b870bd084ca,ubebc7b870bd084ca@users.invalid,GitHub,noreply@github.com,1,0,4,22,122,3,19,119,,,,,,0,,Add files via upload,Add files via upload
OEvortex/Webscout,21db125b879af34de5ec9270cddaf460f56db62e,2024-08,-9,pre,2024-08-13T21:46:41+05:30,2024-08-13T21:46:41+05:30,u99c389b1b7bfbd23,u99c389b1b7bfbd23@users.invalid,u99c389b1b7bfbd23,u99c389b1b7bfbd23@users.invalid,1,0,12,755,2,9,755,2,,,,,,0,,Resolved merge conflict in t.py,Resolved merge conflict in t.py
OEvortex/Webscout,847071a2b9864400cd5c53da9c708790054a8543,2024-08,-9,pre,2024-08-13T22:13:59+05:30,2024-08-13T22:13:59+05:30,u99c389b1b7bfbd23,u99c389b1b7bfbd23@users.invalid,u99c389b1b7bfbd23,u99c389b1b7bfbd23@users.invalid,1,0,8,209,63,4,209,63,,,,,,0,,added xdash,added xdash
OEvortex/Webscout,bc7f588aae8d6a6e6b6853c621bf93bdcce43e4d,2024-08,-9,pre,2024-08-13T22:37:15+05:30,2024-08-13T22:37:15+05:30,u99c389b1b7bfbd23,u99c389b1b7bfbd23@users.invalid,u99c389b1b7bfbd23,u99c389b1b7bfbd23@users.invalid,1,0,23,277,76,7,276,75,,,,,,0,,added julius,added julius
OEvortex/Webscout,8d674f2eafdc364cccc570ab3f13eee10fdd13ff,2024-08,-9,pre,2024-08-14T13:51:29+05:30,2024-08-14T13:51:29+05:30,u99c389b1b7bfbd23,u99c389b1b7bfbd23@users.invalid,u99c389b1b7bfbd23,u99c389b1b7bfbd23@users.invalid,1,0,11,517,161,7,515,159,,,,,,0,,fix,fix
OEvortex/Webscout,90cac0efbcc76f19f2ddc471faccfcf37c6f095d,2024-08,-9,pre,2024-08-15T18:32:39+05:30,2024-08-15T18:32:39+05:30,u99c389b1b7bfbd23,u99c389b1b7bfbd23@users.invalid,u99c389b1b7bfbd23,u99c389b1b7bfbd23@users.invalid,1,0,49,899,1392,15,880,1322,,,,,,0,,v4.9,v4.9
OEvortex/Webscout,5a00d9bf4819a3100c1e5c81904db18fdee945da,2024-08,-9,pre,2024-08-18T19:58:32+05:30,2024-08-18T19:58:32+05:30,u99c389b1b7bfbd23,u99c389b1b7bfbd23@users.invalid,u99c389b1b7bfbd23,u99c389b1b7bfbd23@users.invalid,1,0,12,118,104,5,118,104,,,,,,0,,updated functioncall,updated functioncall
OEvortex/Webscout,dfc310bf4ded232b3c28a8bd40786c959d4e2732,2024-08,-9,pre,2024-08-21T15:27:43+05:30,2024-08-21T15:27:43+05:30,u99c389b1b7bfbd23,u99c389b1b7bfbd23@users.invalid,u99c389b1b7bfbd23,u99c389b1b7bfbd23@users.invalid,1,0,65,244,371,5,240,215,,,,,,0,,fixed ollama and added support for autollama on wsl and windows,fixed ollama and added support for autollama on wsl and windows
OEvortex/Webscout,ccb8b18136a5fffbd8783be2767455318a62d547,2024-08,-9,pre,2024-08-21T15:28:06+05:30,2024-08-21T15:28:06+05:30,u99c389b1b7bfbd23,u99c389b1b7bfbd23@users.invalid,u99c389b1b7bfbd23,u99c389b1b7bfbd23@users.invalid,1,0,1,1,1,1,1,1,,,,,,0,,fixed ollama and added support for autollama on wsl and windows,fixed ollama and added support for autollama on wsl and windows
OEvortex/Webscout,ba12edaba3cfbc2ae3d4c8ec43307b4cc8881d02,2024-08,-9,pre,2024-08-24T20:02:13+05:30,2024-08-24T20:02:13+05:30,u99c389b1b7bfbd23,u99c389b1b7bfbd23@users.invalid,u99c389b1b7bfbd23,u99c389b1b7bfbd23@users.invalid,1,0,58,1849,746,26,1832,736,,,,,,0,,Added TTI and more,Added TTI and more
OEvortex/Webscout,923192f73fcbcfd17c2ee9ae990d95539e2f84ad,2024-08,-9,pre,2024-08-25T21:12:18+05:30,2024-08-25T21:12:18+05:30,u99c389b1b7bfbd23,u99c389b1b7bfbd23@users.invalid,u99c389b1b7bfbd23,u99c389b1b7bfbd23@users.invalid,1,0,73,732,6,10,719,6,,,,,,0,,"Added TTS, TTI","Added TTS, TTI"
OEvortex/Webscout,6e5ccec863de2c2deab4bcb0e55ba1566080f3a0,2024-08,-9,pre,2024-08-28T20:53:01+05:30,2024-08-28T20:53:01+05:30,u99c389b1b7bfbd23,u99c389b1b7bfbd23@users.invalid,u99c389b1b7bfbd23,u99c389b1b7bfbd23@users.invalid,1,0,26,385,363,9,374,291,,,,,,0,,updated transcriber,updated transcriber
OEvortex/Webscout,5a87832d7e4f295d8ad62fa9c76d9c0fb9b8158c,2024-08,-9,pre,2024-08-28T20:53:55+05:30,2024-08-28T20:53:55+05:30,u99c389b1b7bfbd23,u99c389b1b7bfbd23@users.invalid,u99c389b1b7bfbd23,u99c389b1b7bfbd23@users.invalid,1,0,1,28,68,1,28,68,,,,,,0,,fixed  repetitions,fixed  repetitions
OEvortex/Webscout,2d40c1825e6ce52ed5a2c762f568774612d6e842,2024-08,-9,pre,2024-08-28T20:59:38+05:30,2024-08-28T20:59:38+05:30,u99c389b1b7bfbd23,u99c389b1b7bfbd23@users.invalid,u99c389b1b7bfbd23,u99c389b1b7bfbd23@users.invalid,1,0,1,14,8,1,14,8,,,,,,0,,fixed html tags,fixed html tags
OEvortex/Webscout,0f0de5e000b6df42ee16f718ecb319dc960c9048,2024-08,-9,pre,2024-08-28T21:05:13+05:30,2024-08-28T21:05:13+05:30,u99c389b1b7bfbd23,u99c389b1b7bfbd23@users.invalid,u99c389b1b7bfbd23,u99c389b1b7bfbd23@users.invalid,1,0,1,0,217,1,0,217,,,,,,0,,removed Berlin4h,removed Berlin4h
OEvortex/Webscout,187ea3fc149dca27e11bdaf0c42cf321e2ceafdd,2024-08,-9,pre,2024-08-28T21:16:25+05:30,2024-08-28T21:16:25+05:30,u99c389b1b7bfbd23,u99c389b1b7bfbd23@users.invalid,u99c389b1b7bfbd23,u99c389b1b7bfbd23@users.invalid,1,0,2,32,66,2,32,66,,,,,,0,,fixed streaming,fixed streaming
OEvortex/Webscout,e3e1afa3260eece5111cc56fa69141bf7759f915,2024-08,-9,pre,2024-08-28T21:30:07+05:30,2024-08-28T21:30:07+05:30,u99c389b1b7bfbd23,u99c389b1b7bfbd23@users.invalid,u99c389b1b7bfbd23,u99c389b1b7bfbd23@users.invalid,1,0,7,206,338,6,205,337,,,,,,0,,added new providers,added new providers
OEvortex/Webscout,161481bbdf2970e065700cc1df83894de83abc5e,2024-08,-9,pre,2024-08-28T21:33:22+05:30,2024-08-28T21:33:22+05:30,u99c389b1b7bfbd23,u99c389b1b7bfbd23@users.invalid,u99c389b1b7bfbd23,u99c389b1b7bfbd23@users.invalid,1,0,44,15,282,2,15,15,,,,,,0,,fix,fix
OEvortex/Webscout,f04039c94ab577e542461ad7a53b2bb3ff5e5df0,2024-08,-9,pre,2024-08-28T21:33:56+05:30,2024-08-28T21:33:56+05:30,u99c389b1b7bfbd23,u99c389b1b7bfbd23@users.invalid,u99c389b1b7bfbd23,u99c389b1b7bfbd23@users.invalid,1,0,1,1,1,1,1,1,,,,,,0,,v5.3,v5.3
OEvortex/Webscout,146ee41132650aac4ee6e171c7f136e47de7312f,2024-08,-9,pre,2024-08-30T11:45:37+05:30,2024-08-30T11:45:37+05:30,u99c389b1b7bfbd23,u99c389b1b7bfbd23@users.invalid,u99c389b1b7bfbd23,u99c389b1b7bfbd23@users.invalid,1,0,100,939,1174,39,904,1156,,,,,,0,,removed unused imports,removed unused imports
OEvortex/Webscout,61b1c0453dc6ca80c6564ca64ffa15daa7debf87,2024-09,-8,pre,2024-09-04T09:26:46+05:30,2024-09-04T09:26:46+05:30,u99c389b1b7bfbd23,u99c389b1b7bfbd23@users.invalid,u99c389b1b7bfbd23,u99c389b1b7bfbd23@users.invalid,1,0,51,1286,370,19,1284,340,,,,,,0,,"Added Lepton, GEMINIAPI, Cleeai, Elmo, Genspark","Added Lepton, GEMINIAPI, Cleeai, Elmo, Genspark"
OEvortex/Webscout,c5dd70457a38f7b6267cb02215e914fddba29c83,2024-09,-8,pre,2024-09-10T21:45:54+05:30,2024-09-10T21:45:54+05:30,u99c389b1b7bfbd23,u99c389b1b7bfbd23@users.invalid,u99c389b1b7bfbd23,u99c389b1b7bfbd23@users.invalid,1,0,42,844,134,11,844,134,,,,,,0,,remove helpingai-t2,remove helpingai-t2
OEvortex/Webscout,dd481f21f32f5a4c108b7948e98acbfa9637aa12,2024-09,-8,pre,2024-09-10T21:50:24+05:30,2024-09-10T21:50:24+05:30,u99c389b1b7bfbd23,u99c389b1b7bfbd23@users.invalid,u99c389b1b7bfbd23,u99c389b1b7bfbd23@users.invalid,1,0,17,1,0,1,1,0,,,,,,0,,remove helpingai-t2,remove helpingai-t2
OEvortex/Webscout,cd26f86ea7db9ef3f55590da8967fd77b4961af1,2024-09,-8,pre,2024-09-15T11:45:45+05:30,2024-09-15T11:45:45+05:30,u99c389b1b7bfbd23,u99c389b1b7bfbd23@users.invalid,u99c389b1b7bfbd23,u99c389b1b7bfbd23@users.invalid,1,0,76,1182,576,40,1179,548,,,,,,0,,v5.6,v5.6
OEvortex/Webscout,f6efc420b37bbced201a458d2c2dd63f43783a0b,2024-09,-8,pre,2024-09-15T12:14:26+05:30,2024-09-15T12:14:26+05:30,u99c389b1b7bfbd23,u99c389b1b7bfbd23@users.invalid,u99c389b1b7bfbd23,u99c389b1b7bfbd23@users.invalid,1,0,8,779,3,4,778,2,,,,,,0,,v5.7,v5.7
OEvortex/Webscout,be481a3a4c846f64f294987be06ab8f71a417833,2024-09,-8,pre,2024-09-23T16:03:12+05:30,2024-09-23T16:03:12+05:30,u99c389b1b7bfbd23,u99c389b1b7bfbd23@users.invalid,u99c389b1b7bfbd23,u99c389b1b7bfbd23@users.invalid,1,0,46,1998,286,23,1996,284,,,,,,0,,v5.8,v5.8
OEvortex/Webscout,e50244cd8084fc77d90a22b9aa7b3d36e7b43daf,2024-09,-8,pre,2024-09-26T14:02:55+05:30,2024-09-26T14:02:55+05:30,ue257b1df32748e3f,ue257b1df32748e3f@users.invalid,GitHub,noreply@github.com,1,0,1,3,0,0,0,0,,,,,,0,,Update README.md,Update README.md
OEvortex/Webscout,ff57a731fab4f1a3ce392f469a96eb3a24358e32,2024-09,-8,pre,2024-09-26T14:08:51+05:30,2024-09-26T14:08:51+05:30,ue257b1df32748e3f,ue257b1df32748e3f@users.invalid,GitHub,noreply@github.com,1,0,1,3,1,0,0,0,,,,,,0,,Update README.md,Update README.md
OEvortex/Webscout,33d640de6112f627a17830e051a81db3ad071b0c,2024-09,-8,pre,2024-09-26T20:15:12+05:30,2024-09-26T20:15:12+05:30,ue257b1df32748e3f,ue257b1df32748e3f@users.invalid,GitHub,noreply@github.com,1,0,1,179,90,0,0,0,,,,,,0,,Update README.md,Update README.md
OEvortex/Webscout,e67b51e9dcbcc9cf55a3b158ed271849106084c2,2024-09,-8,pre,2024-09-27T19:20:03+05:30,2024-09-27T19:20:03+05:30,u99c389b1b7bfbd23,u99c389b1b7bfbd23@users.invalid,u99c389b1b7bfbd23,u99c389b1b7bfbd23@users.invalid,1,0,16,1176,4,13,1176,4,,,,,,0,,readme updated,readme updated
OEvortex/Webscout,b2042728b5aa9a57cce3073ad525f0c796c2d62c,2024-09,-8,pre,2024-09-27T19:21:21+05:30,2024-09-27T19:21:21+05:30,u99c389b1b7bfbd23,u99c389b1b7bfbd23@users.invalid,u99c389b1b7bfbd23,u99c389b1b7bfbd23@users.invalid,1,0,24,1,1,1,1,1,,,,,,0,,readme updated,readme updated
OEvortex/Webscout,63b050818c6b1f2a82a4e8fa230bda65ba23c13e,2024-10,-7,pre,2024-10-02T17:43:33+05:30,2024-10-02T17:43:33+05:30,u99c389b1b7bfbd23,u99c389b1b7bfbd23@users.invalid,u99c389b1b7bfbd23,u99c389b1b7bfbd23@users.invalid,1,0,82,624,857,33,622,830,,,,,,0,,fixed stream,fixed stream
OEvortex/Webscout,8b10ab93908853394d1fedede9e206ed07e93c5d,2024-10,-7,pre,2024-10-16T11:13:00+05:30,2024-10-16T11:13:00+05:30,u99c389b1b7bfbd23,u99c389b1b7bfbd23@users.invalid,u99c389b1b7bfbd23,u99c389b1b7bfbd23@users.invalid,1,0,89,6278,2932,35,3745,2813,,,,,,0,,Added my project,Added my project
OEvortex/Webscout,c67543c24990083cbfa720cf5f70569ba7514cf3,2024-10,-7,pre,2024-10-27T09:18:31+05:30,2024-10-27T09:18:31+05:30,u99c389b1b7bfbd23,u99c389b1b7bfbd23@users.invalid,u99c389b1b7bfbd23,u99c389b1b7bfbd23@users.invalid,1,0,90,619,2074,43,586,1956,,,,,,0,,new providers,new providers
OEvortex/Webscout,a1dc1090be45d61b678373be9d17bf9212bd4125,2024-10,-7,pre,2024-10-27T09:19:56+05:30,2024-10-27T09:19:56+05:30,u99c389b1b7bfbd23,u99c389b1b7bfbd23@users.invalid,u99c389b1b7bfbd23,u99c389b1b7bfbd23@users.invalid,1,0,2,1,1,1,1,1,,,,,,0,,new providers,new providers
OEvortex/Webscout,84c373137c8baf7bdbc6682ca7ad4d542581a2da,2024-10,-7,pre,2024-10-27T15:16:32+05:30,2024-10-27T15:16:32+05:30,ubebc7b870bd084ca,ubebc7b870bd084ca@users.invalid,GitHub,noreply@github.com,1,0,1,71,58,1,71,58,,,,,,0,,Update cerebras.py,Update cerebras.py
OEvortex/Webscout,7ff6ca005df933de84bc587e05e2b56e39142c7f,2024-11,-6,pre,2024-11-01T13:19:45+05:30,2024-11-01T13:19:45+05:30,u99c389b1b7bfbd23,u99c389b1b7bfbd23@users.invalid,u99c389b1b7bfbd23,u99c389b1b7bfbd23@users.invalid,2,1,0,0,0,0,0,0,,,,,,0,,v6.2,v6.2
OEvortex/Webscout,d8ce65d895c892991e56e5ae7e4fb1f37cdf454a,2024-11,-6,pre,2024-11-08T15:22:08+05:30,2024-11-08T15:22:08+05:30,ue257b1df32748e3f,ue257b1df32748e3f@users.invalid,GitHub,noreply@github.com,1,0,1,12,2,1,12,2,,,,,,0,,Added safety settings in gemini api,Added safety settings in gemini api
OEvortex/Webscout,b4d626d403f7b374637a7fe0e072a81e250d8964,2024-11,-6,pre,2024-11-08T15:41:37+05:30,2024-11-08T15:41:37+05:30,ue257b1df32748e3f,ue257b1df32748e3f@users.invalid,GitHub,noreply@github.com,1,0,1,2,2,1,2,2,,,,,,0,,AA rha Safety settings,AA rha Safety settings
OEvortex/Webscout,5af8114f530bba32c60c80d7bd535ed4339904a2,2024-11,-6,pre,2024-11-15T14:09:45+05:30,2024-11-15T14:09:45+05:30,ubebc7b870bd084ca,ubebc7b870bd084ca@users.invalid,GitHub,noreply@github.com,1,0,1,38,0,0,0,0,,,,,,0,,Update issue templates,Update issue templates
OEvortex/Webscout,63dcba8d34b11c02e3399e9f9ab47f5afab90877,2024-11,-6,pre,2024-11-15T14:12:11+05:30,2024-11-15T14:12:11+05:30,ubebc7b870bd084ca,ubebc7b870bd084ca@users.invalid,GitHub,noreply@github.com,1,0,1,20,0,0,0,0,,,,,,0,,Update issue templates,Update issue templates
OEvortex/Webscout,bf3b1fc0cc22ddf697e5edd59ef53c0a08dbfd01,2024-11,-6,pre,2024-11-15T14:22:24+05:30,2024-11-15T14:22:24+05:30,ubebc7b870bd084ca,ubebc7b870bd084ca@users.invalid,GitHub,noreply@github.com,1,0,1,15,0,0,0,0,,,,,,0,,Create FUNDING.yml,Create FUNDING.yml
OEvortex/Webscout,869c452971ae0632e92e356dc01ff0d495c8f215,2024-11,-6,pre,2024-11-21T20:33:57+05:30,2024-11-21T20:33:57+05:30,u99c389b1b7bfbd23,u99c389b1b7bfbd23@users.invalid,u99c389b1b7bfbd23,u99c389b1b7bfbd23@users.invalid,1,0,141,3110,1684,23,2898,1477,,,,,,0,,fix,fix
OEvortex/Webscout,52910b8a0c1edd60be30db91e89fd47c11a2f611,2024-12,-5,pre,2024-12-01T19:39:50+05:30,2024-12-01T19:39:50+05:30,u99c389b1b7bfbd23,u99c389b1b7bfbd23@users.invalid,u99c389b1b7bfbd23,u99c389b1b7bfbd23@users.invalid,1,0,216,17013,7914,84,13407,6391,,,,,,0,,"""v6.4: Major Update - New Components and Improvements""","""v6.4: Major Update - New Components and Improvements"""
OEvortex/Webscout,82672d37464e6503715804d21b056cd4f8c07c09,2024-12,-5,pre,2024-12-01T19:41:17+05:30,2024-12-01T19:41:17+05:30,u99c389b1b7bfbd23,u99c389b1b7bfbd23@users.invalid,u99c389b1b7bfbd23,u99c389b1b7bfbd23@users.invalid,1,0,58,24,0,1,24,0,,,,,,0,,v6.4: Major Update - New Components and Improvements,v6.4: Major Update - New Components and Improvements
OEvortex/Webscout,0cc3f7ab3268cab4610f23b6e0e603e400d38cf8,2024-12,-5,pre,2024-12-01T20:01:47+05:30,2024-12-01T20:01:47+05:30,u99c389b1b7bfbd23,u99c389b1b7bfbd23@users.invalid,u99c389b1b7bfbd23,u99c389b1b7bfbd23@users.invalid,1,0,9,20,35,9,20,35,,,,,,0,,v6.4: Major Update - New Components and Improvements,v6.4: Major Update - New Components and Improvements
OEvortex/Webscout,dd7dfb08d69f2f87fb9365624ccbb91951175658,2024-12,-5,pre,2024-12-05T21:55:09+05:30,2024-12-05T21:55:09+05:30,u4b0aae7d0179a6e7,u4b0aae7d0179a6e7@users.invalid,u4b0aae7d0179a6e7,u4b0aae7d0179a6e7@users.invalid,1,0,2,138,1,2,138,1,,,,,,0,,Integrate Deepgram TTS,Integrate Deepgram TTS
OEvortex/Webscout,d55e422ad519ee31bbdcbcd954ff7a2a7ab0dc97,2024-12,-5,pre,2024-12-05T22:04:39+05:30,2024-12-05T22:04:39+05:30,ubebc7b870bd084ca,ubebc7b870bd084ca@users.invalid,GitHub,noreply@github.com,2,1,0,0,0,0,0,0,,,,,,0,13,Merge pull request #13 from h2beec37d509d6ce6/main,"Merge pull request #13 from h2beec37d509d6ce6/main

Integrate Deepgram TTS"
OEvortex/Webscout,5ac2c167b7acc47344ca54ebcc4ed90b39bcc29f,2024-12,-5,pre,2024-12-05T22:17:33+05:30,2024-12-05T22:17:33+05:30,u4b0aae7d0179a6e7,u4b0aae7d0179a6e7@users.invalid,u4b0aae7d0179a6e7,u4b0aae7d0179a6e7@users.invalid,1,0,3,128,3,3,128,3,,,,,,0,,Integrate Elevenlabs TTS,Integrate Elevenlabs TTS
OEvortex/Webscout,d3dbafccd2c478a9e72dee85fff2a42a69cb279d,2024-12,-5,pre,2024-12-05T22:27:55+05:30,2024-12-05T22:27:55+05:30,u4b0aae7d0179a6e7,u4b0aae7d0179a6e7@users.invalid,u4b0aae7d0179a6e7,u4b0aae7d0179a6e7@users.invalid,1,0,1,1,0,1,1,0,,,,,,0,,update setup.py,update setup.py
OEvortex/Webscout,25ca929d17221390c2885e6e30018d17c786cd59,2024-12,-5,pre,2024-12-06T22:16:06+05:30,2024-12-06T22:16:06+05:30,u4b0aae7d0179a6e7,u4b0aae7d0179a6e7@users.invalid,u4b0aae7d0179a6e7,u4b0aae7d0179a6e7@users.invalid,1,0,3,272,1,3,272,1,,,,,,0,,"Integrate MurfAITTS, GesseritTTS","Integrate MurfAITTS, GesseritTTS"
OEvortex/Webscout,a137e6bb7b54e3b74d3c85419acb8a7f02f93a64,2024-12,-5,pre,2024-12-07T10:53:40+05:30,2024-12-07T10:53:40+05:30,u4b0aae7d0179a6e7,u4b0aae7d0179a6e7@users.invalid,u4b0aae7d0179a6e7,u4b0aae7d0179a6e7@users.invalid,1,0,1,103,32,1,103,32,,,,,,0,,Integrate Official Voices of PiAI for Enhanced Interaction,Integrate Official Voices of PiAI for Enhanced Interaction
OEvortex/Webscout,74acc9584ed03088fef2b4d3fc125c5f722587a7,2024-12,-5,pre,2024-12-07T11:19:00+05:30,2024-12-07T11:19:00+05:30,ubebc7b870bd084ca,ubebc7b870bd084ca@users.invalid,GitHub,noreply@github.com,2,1,0,0,0,0,0,0,,,,,,0,14,Merge pull request #14 from h2beec37d509d6ce6/main,"Merge pull request #14 from h2beec37d509d6ce6/main

Integrate Official Voices of PiAI for Enhanced Interaction"
OEvortex/Webscout,7771cb0757727d4f6fb50160b7fdffeaf0bd980f,2024-12,-5,pre,2024-12-07T11:25:14+05:30,2024-12-07T11:25:14+05:30,u99c389b1b7bfbd23,u99c389b1b7bfbd23@users.invalid,u99c389b1b7bfbd23,u99c389b1b7bfbd23@users.invalid,1,0,1,27,7,1,27,7,,,,,,0,,Update Deepgram TTS provider,Update Deepgram TTS provider
OEvortex/Webscout,7f040c71ced27ed89923f409796c2e92c0980776,2024-12,-5,pre,2024-12-07T11:26:50+05:30,2024-12-07T11:26:50+05:30,u99c389b1b7bfbd23,u99c389b1b7bfbd23@users.invalid,u99c389b1b7bfbd23,u99c389b1b7bfbd23@users.invalid,2,1,0,0,0,0,0,0,,,,,,0,,"Resolve merge conflict in deepgram.py, keeping custom sentence splitting implementation","Resolve merge conflict in deepgram.py, keeping custom sentence splitting implementation"
OEvortex/Webscout,3a3afa1edd729cb4e929389214d528ae017bd507,2024-12,-5,pre,2024-12-07T13:08:50+05:30,2024-12-07T13:08:50+05:30,u99c389b1b7bfbd23,u99c389b1b7bfbd23@users.invalid,u99c389b1b7bfbd23,u99c389b1b7bfbd23@users.invalid,1,0,227,7299,6374,56,6700,6313,,,,,,0,,"Replace BeautifulSoup with Scout in meta.py, update DWEBS.py, and other module improvements","Replace BeautifulSoup with Scout in meta.py, update DWEBS.py, and other module improvements"
OEvortex/Webscout,9a4ededed8010940d59a6ff74bdacece065b8229,2024-12,-5,pre,2024-12-07T13:19:05+05:30,2024-12-07T13:19:05+05:30,u99c389b1b7bfbd23,u99c389b1b7bfbd23@users.invalid,u99c389b1b7bfbd23,u99c389b1b7bfbd23@users.invalid,1,0,2,4,5,2,4,5,,,,,,0,,Replace appdirs with zerodir in AIutel.py and remove appdirs from setup.py,Replace appdirs with zerodir in AIutel.py and remove appdirs from setup.py
OEvortex/Webscout,fca6488dc451dd33aa07af4765dc6adeb7c210ef,2024-12,-5,pre,2024-12-07T13:22:51+05:30,2024-12-07T13:22:51+05:30,u99c389b1b7bfbd23,u99c389b1b7bfbd23@users.invalid,u99c389b1b7bfbd23,u99c389b1b7bfbd23@users.invalid,1,0,1,1,0,0,0,0,,,,,,0,,Add MarkdownLite feature link to README.md,Add MarkdownLite feature link to README.md
OEvortex/Webscout,55dc08b5eadba657b2225a6dd198492ab9a1c253,2024-12,-5,pre,2024-12-07T13:27:02+05:30,2024-12-07T13:27:02+05:30,u99c389b1b7bfbd23,u99c389b1b7bfbd23@users.invalid,u99c389b1b7bfbd23,u99c389b1b7bfbd23@users.invalid,1,0,167,2,9,3,2,9,,,,,,0,,Bumped to 6.5 - Multiple module improvements and feature additions,Bumped to 6.5 - Multiple module improvements and feature additions
OEvortex/Webscout,3eced358e7a40d66a7ec653dab85ce0b4e9bcaa0,2024-12,-5,pre,2024-12-07T13:29:03+05:30,2024-12-07T13:29:03+05:30,u99c389b1b7bfbd23,u99c389b1b7bfbd23@users.invalid,u99c389b1b7bfbd23,u99c389b1b7bfbd23@users.invalid,1,0,1,2,2,1,2,2,,,,,,0,,Fixed zerodir import and usage in AIutel.py,Fixed zerodir import and usage in AIutel.py
OEvortex/Webscout,24df2d54451b3d17f203569c53ae782fb2332a7d,2024-12,-5,pre,2024-12-07T13:31:09+05:30,2024-12-07T13:31:09+05:30,u99c389b1b7bfbd23,u99c389b1b7bfbd23@users.invalid,u99c389b1b7bfbd23,u99c389b1b7bfbd23@users.invalid,1,0,1,1,1,1,1,1,,,,,,0,,Convert ZeroDirs to string path for os.path.exists compatibility,Convert ZeroDirs to string path for os.path.exists compatibility
OEvortex/Webscout,64f42498639ded2b3b82297345938ab4c0a42cc2,2024-12,-5,pre,2024-12-07T13:33:59+05:30,2024-12-07T13:33:59+05:30,u99c389b1b7bfbd23,u99c389b1b7bfbd23@users.invalid,u99c389b1b7bfbd23,u99c389b1b7bfbd23@users.invalid,1,0,1,1,7,1,1,7,,,,,,0,,Simplify imports and remove zerodir dependency in AIutel.py,Simplify imports and remove zerodir dependency in AIutel.py
OEvortex/Webscout,b54bee31ed0f40b3b28f2d7df255a7ad5ebc9bee,2024-12,-5,pre,2024-12-08T22:58:49+05:30,2024-12-08T22:58:49+05:30,u99c389b1b7bfbd23,u99c389b1b7bfbd23@users.invalid,u99c389b1b7bfbd23,u99c389b1b7bfbd23@users.invalid,1,0,192,1780,670,18,1669,547,,,,,,0,,Add Netwrck provider,Add Netwrck provider
OEvortex/Webscout,d62a6dd818a52207683edbcca1c380e9769c2c03,2024-12,-5,pre,2024-12-11T15:04:41+05:30,2024-12-11T15:04:41+05:30,u99c389b1b7bfbd23,u99c389b1b7bfbd23@users.invalid,u99c389b1b7bfbd23,u99c389b1b7bfbd23@users.invalid,1,0,3,90,125,3,90,125,,,,,,0,,fix,fix
OEvortex/Webscout,93d14a9554a7567c1fb60d39a48893261cbe43fb,2024-12,-5,pre,2024-12-11T16:29:54+05:30,2024-12-11T16:29:54+05:30,u99c389b1b7bfbd23,u99c389b1b7bfbd23@users.invalid,u99c389b1b7bfbd23,u99c389b1b7bfbd23@users.invalid,1,0,11,4,12,3,4,12,,,,,,0,,.,.
OEvortex/Webscout,e93f4c3730e465fcd7e3e0c6bb91c0e01b0ce9e4,2024-12,-5,pre,2024-12-13T22:10:08+05:30,2024-12-13T22:10:08+05:30,u99c389b1b7bfbd23,u99c389b1b7bfbd23@users.invalid,u99c389b1b7bfbd23,u99c389b1b7bfbd23@users.invalid,1,0,10,26,609,5,25,608,,,,,,0,,Added MultiChatAI and fixed typo,Added MultiChatAI and fixed typo
OEvortex/Webscout,a32bd8bf27203e779e3a2497c0a50837cbe39af8,2024-12,-5,pre,2024-12-14T12:23:46+05:30,2024-12-14T12:23:46+05:30,u99c389b1b7bfbd23,u99c389b1b7bfbd23@users.invalid,u99c389b1b7bfbd23,u99c389b1b7bfbd23@users.invalid,1,0,7,9,233,4,8,232,,,,,,0,,Removed perplexity and genspark,Removed perplexity and genspark
OEvortex/Webscout,8c3a01ed6309ba7a239e1dea9c8997e6f81fa698,2024-12,-5,pre,2024-12-14T13:41:35+05:30,2024-12-14T13:41:35+05:30,u99c389b1b7bfbd23,u99c389b1b7bfbd23@users.invalid,u99c389b1b7bfbd23,u99c389b1b7bfbd23@users.invalid,1,0,1,42,8,1,42,8,,,,,,0,,Update YouChat provider to set claude_3_5_haiku as default model and adjust personalization settings,Update YouChat provider to set claude_3_5_haiku as default model and adjust personalization settings
OEvortex/Webscout,6464032117f8a9ad406a1257c433598ced52ff8a,2024-12,-5,pre,2024-12-14T15:04:09+05:30,2024-12-14T15:04:09+05:30,u99c389b1b7bfbd23,u99c389b1b7bfbd23@users.invalid,u99c389b1b7bfbd23,u99c389b1b7bfbd23@users.invalid,1,0,1,123,361,1,123,361,,,,,,0,,Updated YEPCHAT docstrings with examples for better clarity.,Updated YEPCHAT docstrings with examples for better clarity.
OEvortex/Webscout,666a9c218ab184e01407eedda379542a53d3793e,2024-12,-5,pre,2024-12-14T15:18:19+05:30,2024-12-14T15:18:19+05:30,u99c389b1b7bfbd23,u99c389b1b7bfbd23@users.invalid,u99c389b1b7bfbd23,u99c389b1b7bfbd23@users.invalid,1,0,1,81,9,1,81,9,,,,,,0,,🚀 Updated x0gpt.py with lit docstrings and examples! Keeping it 100 with clarity and style. 💯,🚀 Updated x0gpt.py with lit docstrings and examples! Keeping it 100 with clarity and style. 💯
OEvortex/Webscout,479266f3705223289e6d1764f3f79728b3b5d67d,2024-12,-5,pre,2024-12-14T15:36:22+05:30,2024-12-14T15:36:22+05:30,u99c389b1b7bfbd23,u99c389b1b7bfbd23@users.invalid,u99c389b1b7bfbd23,u99c389b1b7bfbd23@users.invalid,1,0,9,89,273,3,88,243,,,,,,0,,upstage provider has been removed,upstage provider has been removed
OEvortex/Webscout,1e4e49a259ca027a111fa3524265508df6e95071,2024-12,-5,pre,2024-12-15T11:46:57+05:30,2024-12-15T11:46:57+05:30,u99c389b1b7bfbd23,u99c389b1b7bfbd23@users.invalid,u99c389b1b7bfbd23,u99c389b1b7bfbd23@users.invalid,1,0,8,3,344,4,2,343,,,,,,0,,AIuncensored provider has been removed,AIuncensored provider has been removed
OEvortex/Webscout,32516c87795219115a68be0a6af59b0f9eca5d4d,2024-12,-5,pre,2024-12-15T12:07:35+05:30,2024-12-15T12:07:35+05:30,u99c389b1b7bfbd23,u99c389b1b7bfbd23@users.invalid,u99c389b1b7bfbd23,u99c389b1b7bfbd23@users.invalid,1,0,1,5,105,1,5,105,,,,,,0,,Removed html_to_terminal function and its usages from tutorai.py,Removed html_to_terminal function and its usages from tutorai.py
OEvortex/Webscout,ff3d6a805ad9a935123c6f8922fed9c460ad1fef,2024-12,-5,pre,2024-12-15T12:25:24+05:30,2024-12-15T12:25:24+05:30,u99c389b1b7bfbd23,u99c389b1b7bfbd23@users.invalid,u99c389b1b7bfbd23,u99c389b1b7bfbd23@users.invalid,1,0,3,2,6,1,2,6,,,,,,0,,fix typo,fix typo
OEvortex/Webscout,7a3ae08fd9ba2e0efcd3407d41f19a1ae7aa2288,2024-12,-5,pre,2024-12-15T12:27:07+05:30,2024-12-15T12:27:07+05:30,u99c389b1b7bfbd23,u99c389b1b7bfbd23@users.invalid,u99c389b1b7bfbd23,u99c389b1b7bfbd23@users.invalid,1,0,2,2,2,1,2,2,,,,,,0,,added litagent for ua in turboseek,added litagent for ua in turboseek
OEvortex/Webscout,ce4fd41bfae2bbd59cd848eeea9a08a57db61ffb,2024-12,-5,pre,2024-12-15T12:30:51+05:30,2024-12-15T12:30:51+05:30,u99c389b1b7bfbd23,u99c389b1b7bfbd23@users.invalid,u99c389b1b7bfbd23,u99c389b1b7bfbd23@users.invalid,1,0,2,15,2,1,15,2,,,,,,0,,add support for intro and act in TeachAnything,add support for intro and act in TeachAnything
OEvortex/Webscout,f91bebc36d36f34bfe36940dd9f58ed4a49d960a,2024-12,-5,pre,2024-12-16T22:26:41+05:30,2024-12-16T22:26:41+05:30,u99c389b1b7bfbd23,u99c389b1b7bfbd23@users.invalid,u99c389b1b7bfbd23,u99c389b1b7bfbd23@users.invalid,1,0,10,250,15,4,249,14,,,,,,0,,add JadveOpenAI,add JadveOpenAI
OEvortex/Webscout,921ffac66e252cfbc78b30fd382bb187d4ba1424,2024-12,-5,pre,2024-12-16T22:38:50+05:30,2024-12-16T22:38:50+05:30,u99c389b1b7bfbd23,u99c389b1b7bfbd23@users.invalid,u99c389b1b7bfbd23,u99c389b1b7bfbd23@users.invalid,1,0,9,6,2,5,6,2,,,,,,0,,felo moved to AISEARCH,felo moved to AISEARCH
OEvortex/Webscout,62df18fe2544506fc98ec321669b82d56742cc67,2024-12,-5,pre,2024-12-17T13:03:20+05:30,2024-12-17T13:03:20+05:30,ue257b1df32748e3f,ue257b1df32748e3f@users.invalid,GitHub,noreply@github.com,1,0,1,1,0,0,0,0,,,,,,0,,Update README.md,Update README.md
OEvortex/Webscout,33a2b2d624d991d5acf399a865daee239285e589,2024-12,-5,pre,2024-12-17T23:08:57+05:30,2024-12-17T23:08:57+05:30,u99c389b1b7bfbd23,u99c389b1b7bfbd23@users.invalid,u99c389b1b7bfbd23,u99c389b1b7bfbd23@users.invalid,1,0,9,612,292,5,611,291,,,,,,0,,updated optimizers,updated optimizers
OEvortex/Webscout,3b749fd92aed6a9fb29847aa7d1d3166ac2bd474,2024-12,-5,pre,2024-12-17T23:09:18+05:30,2024-12-17T23:09:18+05:30,u99c389b1b7bfbd23,u99c389b1b7bfbd23@users.invalid,u99c389b1b7bfbd23,u99c389b1b7bfbd23@users.invalid,2,1,0,0,0,0,0,0,,,,,,0,,Merge branch 'main' of https://github.com/h91d41a1ee299dbcf/Webscout,Merge branch 'main' of https://github.com/h91d41a1ee299dbcf/Webscout
OEvortex/Webscout,6e3ec97c28c9a9f9b238d48a5d1bbcc079d18fa3,2024-12,-5,pre,2024-12-21T19:55:09+05:30,2024-12-21T19:55:09+05:30,u99c389b1b7bfbd23,u99c389b1b7bfbd23@users.invalid,u99c389b1b7bfbd23,u99c389b1b7bfbd23@users.invalid,1,0,62,1658,904,30,1651,873,,,,,,0,,bumped to v6.6,bumped to v6.6
OEvortex/Webscout,7eba8809e03288fb50e8e34d0fd30fdb31c69cf4,2024-12,-5,pre,2024-12-22T11:11:02+03:00,2024-12-22T11:11:02+03:00,u190850f122de88c5,u190850f122de88c5@users.invalid,u190850f122de88c5,u190850f122de88c5@users.invalid,1,0,1,16,7,1,16,7,,,,,,0,,"Correction of an error during the creation of an executable file: ""PyInstaller\loader\pyimod02_importers.py "", line 384, in exec_module   The file ""webscout\litprinter\__init__.py "", line 86, in <module>     sys.stdout.reconfigure(encoding='utf-8') ^^^^^^^^^^^^^^^^^^^^^^ AttributeError: The 'NoneType' object does not have the 'reconfigure' attribute. The error occurs because sys.stdout is not initialized when an attempt is made to call sys.stdout.reconfigure(encoding='utf-8'). This can happen if the code is executed in an environment where standard output is not supported, such as when using Tkinter, or if it is called before sys.stdout has been installed.","Correction of an error during the creation of an executable file: ""PyInstaller\loader\pyimod02_importers.py "", line 384, in exec_module
  The file ""webscout\litprinter\__init__.py "", line 86, in <module>
    sys.stdout.reconfigure(encoding='utf-8')
^^^^^^^^^^^^^^^^^^^^^^
AttributeError: The 'NoneType' object does not have the 'reconfigure' attribute.
The error occurs because sys.stdout is not initialized when an attempt is made to call sys.stdout.reconfigure(encoding='utf-8'). This can happen if the code is executed in an environment where standard output is not supported, such as when using Tkinter, or if it is called before sys.stdout has been installed."
OEvortex/Webscout,029553bc97b7f368b2ee97066354fdc59c699cc9,2024-12,-5,pre,2024-12-22T15:17:36+05:30,2024-12-22T15:17:36+05:30,ubebc7b870bd084ca,ubebc7b870bd084ca@users.invalid,GitHub,noreply@github.com,2,1,0,0,0,0,0,0,,,,,,0,16,Merge pull request #16 from hc7bab155bc87beab/fix_litprinter,"Merge pull request #16 from hc7bab155bc87beab/fix_litprinter

Hello, I have discovered and fixed an issue that prevented me from building an executable file using Auto-Py-To-EXE."
OEvortex/Webscout,29e173bc1b727b5bfd55e17511f14477f2334652,2024-12,-5,pre,2024-12-22T19:00:46+03:00,2024-12-22T19:00:46+03:00,u190850f122de88c5,u190850f122de88c5@users.invalid,u190850f122de88c5,u190850f122de88c5@users.invalid,1,0,1,22,18,1,22,18,,,,,,0,,"Hello again, I noticed a problem with the Network provider and decided to fix it. The problem was that when sending the request, the response was """". This is due to the fact that the payload was transmitting incorrect request parameters, as well as the string conversation_prompt = self.conversation.gen_complete_prompt(prompt) always returns You're a Large Language Model for chatting with people. Assume role of the LLM and give your response....  instead of the user's request.","Hello again, I noticed a problem with the Network provider and decided to fix it. The problem was that when sending the request, the response was """".
This is due to the fact that the payload was transmitting incorrect request parameters, as well as the string conversation_prompt = self.conversation.gen_complete_prompt(prompt) always returns You're a Large Language Model for chatting with people. Assume role of the LLM
and give your response....  instead of the user's request."
OEvortex/Webscout,79f437d7b4307063c93a55a1d0661712ab947a22,2024-12,-5,pre,2024-12-23T12:47:12+05:30,2024-12-23T12:47:12+05:30,u99c389b1b7bfbd23,u99c389b1b7bfbd23@users.invalid,u99c389b1b7bfbd23,u99c389b1b7bfbd23@users.invalid,1,0,6,37,34,2,37,28,,,,,,0,,fix bugs in cli,fix bugs in cli
OEvortex/Webscout,5c2360c141e0f4a0d1c8777a246e918ca5ce02a9,2024-12,-5,pre,2024-12-23T13:26:35+05:30,2024-12-23T13:26:35+05:30,ubebc7b870bd084ca,ubebc7b870bd084ca@users.invalid,GitHub,noreply@github.com,2,1,0,0,0,0,0,0,,,,,,0,18,Merge pull request #18 from hc7bab155bc87beab/Netwrck_fix,"Merge pull request #18 from hc7bab155bc87beab/Netwrck_fix

Hello again, I noticed a problem with the Network provider and decided to fix it."
OEvortex/Webscout,66d9dd960c2b5892bfbd8dedfa1f8d80e50d5cb9,2024-12,-5,pre,2024-12-25T20:21:23+05:30,2024-12-25T20:21:23+05:30,u99c389b1b7bfbd23,u99c389b1b7bfbd23@users.invalid,u99c389b1b7bfbd23,u99c389b1b7bfbd23@users.invalid,1,0,12,9,26,6,8,25,,,,,,0,,🐍 fix: Python 3.7 syntax compatibility,🐍 fix: Python 3.7 syntax compatibility
OEvortex/Webscout,e457856cd848c7630391b0e7ebfd64e11ad89b42,2024-12,-5,pre,2024-12-28T19:27:31+05:30,2024-12-28T19:27:31+05:30,u99c389b1b7bfbd23,u99c389b1b7bfbd23@users.invalid,u99c389b1b7bfbd23,u99c389b1b7bfbd23@users.invalid,1,0,18,1,1,1,1,1,,,,,,0,,bumped to 6.7,bumped to 6.7
OEvortex/Webscout,002db8d0d275c0ff24c7e16e5d2a950edd35846b,2024-12,-5,pre,2024-12-29T11:42:04+05:30,2024-12-29T11:42:04+05:30,u4b0aae7d0179a6e7,u4b0aae7d0179a6e7@users.invalid,u4b0aae7d0179a6e7,u4b0aae7d0179a6e7@users.invalid,1,0,1,4,3,1,4,3,,,,,,0,,Fixed PI AI is_conversation = Flase Problem,Fixed PI AI is_conversation = Flase Problem
OEvortex/Webscout,fb95c558e62402c5fadce0497435cbc6929a844e,2024-12,-5,pre,2024-12-31T11:50:55+05:30,2024-12-31T11:50:55+05:30,ubebc7b870bd084ca,ubebc7b870bd084ca@users.invalid,GitHub,noreply@github.com,2,1,0,0,0,0,0,0,,,,,,0,23,Merge pull request #23 from h2beec37d509d6ce6/main,"Merge pull request #23 from h2beec37d509d6ce6/main

Fixed PI AI is_conversation = Flase Problem"
OEvortex/Webscout,3361946f6ee1e2e1d3501c21e8d2625070326ae0,2025-01,-4,pre,2025-01-07T19:42:40+05:30,2025-01-07T19:42:40+05:30,u99c389b1b7bfbd23,u99c389b1b7bfbd23@users.invalid,u99c389b1b7bfbd23,u99c389b1b7bfbd23@users.invalid,1,0,6,928,77,2,928,75,,,,,,0,,.,.
OEvortex/Webscout,eb91f5b600cca61c24a3b9c2220adc16d75099dd,2025-01,-4,pre,2025-01-07T19:42:49+05:30,2025-01-07T19:42:49+05:30,u99c389b1b7bfbd23,u99c389b1b7bfbd23@users.invalid,u99c389b1b7bfbd23,u99c389b1b7bfbd23@users.invalid,2,1,0,0,0,0,0,0,,,,,,0,,Merge branch 'main' of https://github.com/h91d41a1ee299dbcf/Webscout,Merge branch 'main' of https://github.com/h91d41a1ee299dbcf/Webscout
OEvortex/Webscout,d7e01b92097b2da29317392e365483d94531b233,2025-01,-4,pre,2025-01-10T21:31:08+05:30,2025-01-10T21:31:08+05:30,u99c389b1b7bfbd23,u99c389b1b7bfbd23@users.invalid,u99c389b1b7bfbd23,u99c389b1b7bfbd23@users.invalid,1,0,24,304,1704,24,304,1704,,,,,,0,,bumped to 6.8,bumped to 6.8
OEvortex/Webscout,3de3e7c04de470fde15d75af2ba119b63fef4d9e,2025-01,-4,pre,2025-01-13T16:35:33+05:30,2025-01-13T16:35:33+05:30,u99c389b1b7bfbd23,u99c389b1b7bfbd23@users.invalid,u99c389b1b7bfbd23,u99c389b1b7bfbd23@users.invalid,1,0,184,57,973,7,41,864,,,,,,0,,Fixed bug in yttoolkit,Fixed bug in yttoolkit
OEvortex/Webscout,545f751e855997975e3477bd0c1c7ed1ee4d0857,2025-01,-4,pre,2025-01-20T23:06:54+05:30,2025-01-20T23:06:54+05:30,u99c389b1b7bfbd23,u99c389b1b7bfbd23@users.invalid,u99c389b1b7bfbd23,u99c389b1b7bfbd23@users.invalid,1,0,13,1812,2004,11,1811,1955,,,,,,0,,refactor(webscout): Enhance async implementation with improved rate limiting,"refactor(webscout): Enhance async implementation with improved rate limiting

- Implement true async HTTP requests using httpx
- Add exponential backoff for rate limiting
- Improve error handling and recovery
- Add browser impersonation with modern user agents
- Support HTML and Lite backends with auto-switching
- Add proper type hints and logging support
- Clean up __pycache__ directories

Breaking Changes:
- Remove dependency on sync WEBS class
- Change backend default from 'api' to 'auto'"
OEvortex/Webscout,7b996fb6ed3268dbdbc08dd66dae5078a3e34fc0,2025-01,-4,pre,2025-01-20T23:08:36+05:30,2025-01-20T23:08:36+05:30,u99c389b1b7bfbd23,u99c389b1b7bfbd23@users.invalid,u99c389b1b7bfbd23,u99c389b1b7bfbd23@users.invalid,1,0,1,1,1,1,1,1,,,,,,0,,bumped to 6.9,bumped to 6.9
OEvortex/Webscout,b79e9e176766af9a9046e90232ab51780d3796fb,2025-01,-4,pre,2025-01-21T17:12:40+05:30,2025-01-21T17:12:40+05:30,u99c389b1b7bfbd23,u99c389b1b7bfbd23@users.invalid,u99c389b1b7bfbd23,u99c389b1b7bfbd23@users.invalid,1,0,18,571,316,7,571,316,,,,,,0,,feat(aisearch): Add DeepFind provider and refactor Felo to use AISearch,"feat(aisearch): Add DeepFind provider and refactor Felo to use AISearch

- Add new DeepFind provider using AISearch base class
- Refactor Felo to use AISearch instead of Provider
- Add Response wrapper class for better text handling
- Update documentation with comprehensive examples
- Update __init__.py to expose new provider"
OEvortex/Webscout,7423f6c0925f5eea34ec0895a00576c2fec0f6b3,2025-01,-4,pre,2025-01-23T22:11:27+05:30,2025-01-23T22:11:27+05:30,u99c389b1b7bfbd23,u99c389b1b7bfbd23@users.invalid,u99c389b1b7bfbd23,u99c389b1b7bfbd23@users.invalid,1,0,6,588,5,4,428,4,,,,,,0,,feat(webscout): Add new AI search providers DeepFind and NousHermes; update README with usage examples,feat(webscout): Add new AI search providers DeepFind and NousHermes; update README with usage examples
OEvortex/Webscout,bc063da0e59a20fdd2b6e6ff330e10dc4b70ce20,2025-02,-3,pre,2025-02-02T10:40:35+03:00,2025-02-02T10:40:35+03:00,u190850f122de88c5,u190850f122de88c5@users.invalid,u190850f122de88c5,u190850f122de88c5@users.invalid,1,0,1,1,1,1,1,1,,,,,,0,,Fix Blackbox chat endpoint,Fix Blackbox chat endpoint
OEvortex/Webscout,42421b693cdd3adff22a0c08ac205e88b4a2bfdc,2025-02,-3,pre,2025-02-02T16:19:43+05:30,2025-02-02T16:19:43+05:30,ubebc7b870bd084ca,ubebc7b870bd084ca@users.invalid,GitHub,noreply@github.com,2,1,0,0,0,0,0,0,,,,,,0,26,Merge pull request #26 from hc7bab155bc87beab/blackboxai_fix,"Merge pull request #26 from hc7bab155bc87beab/blackboxai_fix

Fix Blackbox chat endpoint"
OEvortex/Webscout,4c0ca771cd6fa7867a0bed65d1bd7b045c5437f6,2025-02,-3,pre,2025-02-02T16:22:33+05:30,2025-02-02T16:22:33+05:30,u99c389b1b7bfbd23,u99c389b1b7bfbd23@users.invalid,u99c389b1b7bfbd23,u99c389b1b7bfbd23@users.invalid,1,0,15,982,187,14,981,186,,,,,,0,,feat: Add TextPollinationsAI provider and enhance get_current_app function for cross-platform support,feat: Add TextPollinationsAI provider and enhance get_current_app function for cross-platform support
OEvortex/Webscout,692778a33ea13a49c90b9271c3bde53ee9a42376,2025-02,-3,pre,2025-02-02T16:22:42+05:30,2025-02-02T16:22:42+05:30,u99c389b1b7bfbd23,u99c389b1b7bfbd23@users.invalid,u99c389b1b7bfbd23,u99c389b1b7bfbd23@users.invalid,2,1,0,0,0,0,0,0,,,,,,0,,Merge branch 'main' of https://github.com/h91d41a1ee299dbcf/Webscout,Merge branch 'main' of https://github.com/h91d41a1ee299dbcf/Webscout
OEvortex/Webscout,2b26df6c92af166db91aa65c1a7cf56e5a8f52ae,2025-02,-3,pre,2025-02-02T16:56:33+05:30,2025-02-02T16:56:33+05:30,u99c389b1b7bfbd23,u99c389b1b7bfbd23@users.invalid,u99c389b1b7bfbd23,u99c389b1b7bfbd23@users.invalid,1,0,1,28,22,1,28,22,,,,,,0,,feat(YouChat): Update available models and enhance payload structure for improved API interaction,feat(YouChat): Update available models and enhance payload structure for improved API interaction
OEvortex/Webscout,2ff86ac7fd2660689a24249560e1cc1871bda87c,2025-02,-3,pre,2025-02-02T17:15:39+05:30,2025-02-02T17:15:39+05:30,u99c389b1b7bfbd23,u99c389b1b7bfbd23@users.invalid,u99c389b1b7bfbd23,u99c389b1b7bfbd23@users.invalid,1,0,3,210,1,2,209,0,,,,,,0,,feat: Add GliderAI provider and update README,feat: Add GliderAI provider and update README
OEvortex/Webscout,eeb2bd515d4357e9d04aac49642936acc2639e09,2025-02,-3,pre,2025-02-02T21:38:57+05:30,2025-02-02T21:38:57+05:30,u99c389b1b7bfbd23,u99c389b1b7bfbd23@users.invalid,u99c389b1b7bfbd23,u99c389b1b7bfbd23@users.invalid,1,0,1,1,0,1,1,0,,,,,,0,,`Added new model to LLMChat provider`,`Added new model to LLMChat provider`
OEvortex/Webscout,be82d8d998da747e4322dff2ecc6b4ec25dce0c9,2025-02,-3,pre,2025-02-05T10:14:53+05:30,2025-02-05T10:14:53+05:30,u99c389b1b7bfbd23,u99c389b1b7bfbd23@users.invalid,u99c389b1b7bfbd23,u99c389b1b7bfbd23@users.invalid,1,0,3,190,2,2,189,1,,,,,,0,,feat: Add DGAFAI provider,feat: Add DGAFAI provider
OEvortex/Webscout,0611fbd1227743b54e17ca7d9b610cc82a8f8cce,2025-02,-3,pre,2025-02-05T10:23:22+05:30,2025-02-05T10:23:22+05:30,u99c389b1b7bfbd23,u99c389b1b7bfbd23@users.invalid,u99c389b1b7bfbd23,u99c389b1b7bfbd23@users.invalid,1,0,1,1,1,1,1,1,,,,,,0,,diff: Update version number in webscout/version.py from 6.9 to 7.0.,diff: Update version number in webscout/version.py from 6.9 to 7.0.
OEvortex/Webscout,f4b6fc46b480a25e5031db194035a72c3ebfea82,2025-02,-3,pre,2025-02-07T14:27:26+05:30,2025-02-07T14:27:26+05:30,u99c389b1b7bfbd23,u99c389b1b7bfbd23@users.invalid,u99c389b1b7bfbd23,u99c389b1b7bfbd23@users.invalid,1,0,1,1,1,1,1,1,,,,,,0,,`Update LLM model in example usage to Mistral-Small-24B-Instruct-2501`,`Update LLM model in example usage to Mistral-Small-24B-Instruct-2501`
OEvortex/Webscout,34a4ff63d0ebdf9ad9d78859691fd7851ea71d58,2025-02,-3,pre,2025-02-07T14:59:05+05:30,2025-02-07T14:59:05+05:30,u99c389b1b7bfbd23,u99c389b1b7bfbd23@users.invalid,u99c389b1b7bfbd23,u99c389b1b7bfbd23@users.invalid,1,0,2,118,95,2,118,95,,,,,,0,,`Refactored LLAMA3 class to Sambanova class with updated API interactions and streaming support`,`Refactored LLAMA3 class to Sambanova class with updated API interactions and streaming support`
OEvortex/Webscout,3bf75f19c27abc54f6c1555a2b4c4d224e389ca1,2025-02,-3,pre,2025-02-07T15:13:04+05:30,2025-02-07T15:13:04+05:30,u99c389b1b7bfbd23,u99c389b1b7bfbd23@users.invalid,u99c389b1b7bfbd23,u99c389b1b7bfbd23@users.invalid,1,0,1,26,23,1,26,23,,,,,,0,,`Added support for new models and improved error handling in TypeGPT API interactions.`,`Added support for new models and improved error handling in TypeGPT API interactions.`
OEvortex/Webscout,1dfcb8973dca7f504a65f8f973af6191511d612c,2025-02,-3,pre,2025-02-08T09:30:56+05:30,2025-02-08T09:30:56+05:30,u99c389b1b7bfbd23,u99c389b1b7bfbd23@users.invalid,u99c389b1b7bfbd23,u99c389b1b7bfbd23@users.invalid,1,0,1,6,2,1,6,2,,,,,,0,,feat: Add new models to TextPollinationsAI provider,feat: Add new models to TextPollinationsAI provider
OEvortex/Webscout,f57b40d9ec74423cab8e7a946cbb232c875b50a1,2025-02,-3,pre,2025-02-08T09:42:05+05:30,2025-02-08T09:42:05+05:30,u99c389b1b7bfbd23,u99c389b1b7bfbd23@users.invalid,u99c389b1b7bfbd23,u99c389b1b7bfbd23@users.invalid,1,0,2,0,274,2,0,274,,,,,,0,,refactor: Remove RUBIKSAI provider and update imports,refactor: Remove RUBIKSAI provider and update imports
OEvortex/Webscout,0b1fa05f6558392d5afb7a0a2797014eeaf86acf,2025-02,-3,pre,2025-02-09T14:49:46+03:00,2025-02-09T14:49:46+03:00,u190850f122de88c5,u190850f122de88c5@users.invalid,u190850f122de88c5,u190850f122de88c5@users.invalid,1,0,2,5,4,2,5,4,,,,,,0,,Add new model o3-mini,Add new model o3-mini
OEvortex/Webscout,9f70dafaa2cfb2f376cb4ce03586a25b9551acac,2025-02,-3,pre,2025-02-09T17:48:46+05:30,2025-02-09T17:48:46+05:30,ubebc7b870bd084ca,ubebc7b870bd084ca@users.invalid,GitHub,noreply@github.com,2,1,0,0,0,0,0,0,,,,,,0,27,Merge pull request #27 from hc7bab155bc87beab/webscout_search_model,"Merge pull request #27 from hc7bab155bc87beab/webscout_search_model

Add new model o3-mini"
OEvortex/Webscout,8ace3c12d2b85ee0e62089b510eff158b7c0396d,2025-02,-3,pre,2025-02-09T17:55:37+05:30,2025-02-09T17:55:37+05:30,u99c389b1b7bfbd23,u99c389b1b7bfbd23@users.invalid,u99c389b1b7bfbd23,u99c389b1b7bfbd23@users.invalid,1,0,1,26,18,1,26,18,,,,,,0,,`Update GROQ provider models in Groq.py `,`Update GROQ provider models in Groq.py `
OEvortex/Webscout,9eb38f9c2176fbdf3c95c042875996d8ab644f98,2025-02,-3,pre,2025-02-09T17:59:34+05:30,2025-02-09T17:59:34+05:30,u99c389b1b7bfbd23,u99c389b1b7bfbd23@users.invalid,u99c389b1b7bfbd23,u99c389b1b7bfbd23@users.invalid,1,0,1,2,2,1,2,2,,,,,,0,,feat: Update available model in YEPCHAT provider,feat: Update available model in YEPCHAT provider
OEvortex/Webscout,a921ddc36a1fbd13a5ac7b1d52fec045e0536a02,2025-02,-3,pre,2025-02-09T18:39:54+05:30,2025-02-09T18:39:54+05:30,u99c389b1b7bfbd23,u99c389b1b7bfbd23@users.invalid,u99c389b1b7bfbd23,u99c389b1b7bfbd23@users.invalid,1,0,3,79,124,3,79,124,,,,,,0,,🔧 refactor: enhance PI provider logging & voice,🔧 refactor: enhance PI provider logging & voice
OEvortex/Webscout,174ee5b904e973fdaca657a7b05c5ba947075d02,2025-02,-3,pre,2025-02-09T18:45:29+05:30,2025-02-09T18:45:29+05:30,u99c389b1b7bfbd23,u99c389b1b7bfbd23@users.invalid,u99c389b1b7bfbd23,u99c389b1b7bfbd23@users.invalid,1,0,1,72,48,1,72,48,,,,,,0,,`Added logging capabilities to TextPollinationsAI class`,`Added logging capabilities to TextPollinationsAI class`
OEvortex/Webscout,83dfb85bb86c41eeb529ba523508e28cfed03ec0,2025-02,-3,pre,2025-02-09T18:46:53+05:30,2025-02-09T18:46:53+05:30,u99c389b1b7bfbd23,u99c389b1b7bfbd23@users.invalid,u99c389b1b7bfbd23,u99c389b1b7bfbd23@users.invalid,1,0,1,2,2,1,2,2,,,,,,0,,feat: use dynamic User-Agent in TextPollinationsAI class,feat: use dynamic User-Agent in TextPollinationsAI class
OEvortex/Webscout,2aeceb96e3cb476fbdfe07eeeb72ccd6dad319a6,2025-02,-3,pre,2025-02-09T19:08:41+05:30,2025-02-09T19:08:41+05:30,u99c389b1b7bfbd23,u99c389b1b7bfbd23@users.invalid,u99c389b1b7bfbd23,u99c389b1b7bfbd23@users.invalid,1,0,1,129,82,1,129,82,,,,,,0,,feat: enhance PizzaGPT provider with web search capability and improved logging,feat: enhance PizzaGPT provider with web search capability and improved logging
OEvortex/Webscout,b1ee3f196e07ad5bad9b86ab75dccf2492729c53,2025-02,-3,pre,2025-02-09T19:35:21+05:30,2025-02-09T19:35:21+05:30,u99c389b1b7bfbd23,u99c389b1b7bfbd23@users.invalid,u99c389b1b7bfbd23,u99c389b1b7bfbd23@users.invalid,1,0,1,61,49,1,61,49,,,,,,0,,🔧 feat: enhance Netwrck provider logging & models,🔧 feat: enhance Netwrck provider logging & models
OEvortex/Webscout,359384a546193470341a2d72f09e8dd0ebda181d,2025-02,-3,pre,2025-02-09T19:52:13+05:30,2025-02-09T19:52:13+05:30,u99c389b1b7bfbd23,u99c389b1b7bfbd23@users.invalid,u99c389b1b7bfbd23,u99c389b1b7bfbd23@users.invalid,1,0,1,136,137,1,136,137,,,,,,0,,✨ feat(blackbox): update model list & improve response handling,"✨ feat(blackbox): update model list & improve response handling

• 🔄 Add new models (Claude-3.5, Gemini-1.5/2.0)
• 🛠️ Fix model resolution logic
• 📝 Improve text formatting in responses"
OEvortex/Webscout,e51bad3536efe524eec4b83741194f57e50bb9eb,2025-02,-3,pre,2025-02-09T20:34:38+05:30,2025-02-09T20:34:38+05:30,u99c389b1b7bfbd23,u99c389b1b7bfbd23@users.invalid,u99c389b1b7bfbd23,u99c389b1b7bfbd23@users.invalid,1,0,1,205,104,1,205,104,,,,,,0,,"`Added logging capabilities to MultiChatAI class, improved code organization and readability and added new models.`","`Added logging capabilities to MultiChatAI class, improved code organization and readability and added new models.`"
OEvortex/Webscout,2dbf2e870046ef53c868d36c4df80eeeb7754465,2025-02,-3,pre,2025-02-09T20:50:04+05:30,2025-02-09T20:50:04+05:30,u99c389b1b7bfbd23,u99c389b1b7bfbd23@users.invalid,u99c389b1b7bfbd23,u99c389b1b7bfbd23@users.invalid,1,0,1,6,6,1,6,6,,,,,,0,,`Replace hardcoded user-agents with Lit().random() in webscout/Provider/meta.py`,`Replace hardcoded user-agents with Lit().random() in webscout/Provider/meta.py`
OEvortex/Webscout,8496f3ba975f139d63402087f3981ddbe56e3ea8,2025-02,-3,pre,2025-02-09T20:56:10+05:30,2025-02-09T20:56:10+05:30,u99c389b1b7bfbd23,u99c389b1b7bfbd23@users.invalid,u99c389b1b7bfbd23,u99c389b1b7bfbd23@users.invalid,1,0,1,65,10,1,65,10,,,,,,0,,feat(logging): Enhance Marcus provider monitoring,feat(logging): Enhance Marcus provider monitoring
OEvortex/Webscout,50d8ae2afb3b4b482975126f461d7d4b1f5d9ad9,2025-02,-3,pre,2025-02-09T21:11:38+05:30,2025-02-09T21:11:38+05:30,u99c389b1b7bfbd23,u99c389b1b7bfbd23@users.invalid,u99c389b1b7bfbd23,u99c389b1b7bfbd23@users.invalid,1,0,1,61,35,1,61,35,,,,,,0,,feat: Implement logging in LLMChat,feat: Implement logging in LLMChat
OEvortex/Webscout,4699c82a25d152ea7a8646776c0b17356f5fadd1,2025-02,-3,pre,2025-02-09T21:17:41+05:30,2025-02-09T21:17:41+05:30,u99c389b1b7bfbd23,u99c389b1b7bfbd23@users.invalid,u99c389b1b7bfbd23,u99c389b1b7bfbd23@users.invalid,1,0,1,72,62,1,72,62,,,,,,0,,feat: Add LitLogger to LlamaTutor provider,feat: Add LitLogger to LlamaTutor provider
OEvortex/Webscout,75d583b508c018ec754bd4635775eef1b0955da6,2025-02,-3,pre,2025-02-09T22:31:53+05:30,2025-02-09T22:31:53+05:30,u99c389b1b7bfbd23,u99c389b1b7bfbd23@users.invalid,u99c389b1b7bfbd23,u99c389b1b7bfbd23@users.invalid,1,0,1,109,77,1,109,77,,,,,,0,,`Added logging functionality to JadveOpenAI class and improved code readability with comments and docstrings.`,`Added logging functionality to JadveOpenAI class and improved code readability with comments and docstrings.`
OEvortex/Webscout,c28572b0fcdecbf6171557ac6c9474c63a269146,2025-02,-3,pre,2025-02-09T22:59:32+05:30,2025-02-09T22:59:32+05:30,u99c389b1b7bfbd23,u99c389b1b7bfbd23@users.invalid,u99c389b1b7bfbd23,u99c389b1b7bfbd23@users.invalid,1,0,2,107,68,2,107,68,,,,,,0,,`Added logging capabilities to GaurishCerebras API client and modified response handling in chat and ask methods.`,`Added logging capabilities to GaurishCerebras API client and modified response handling in chat and ask methods.`
OEvortex/Webscout,a1eda853a5ef36e3f4f905b326ccec7102f8cf15,2025-02,-3,pre,2025-02-10T10:34:13+05:30,2025-02-10T10:34:13+05:30,u99c389b1b7bfbd23,u99c389b1b7bfbd23@users.invalid,u99c389b1b7bfbd23,u99c389b1b7bfbd23@users.invalid,1,0,1,74,59,1,74,59,,,,,,0,,`Added comprehensive logging to GliderAI class`,`Added comprehensive logging to GliderAI class`
OEvortex/Webscout,726a49cf71647947780c50ee2ad98d4617ae40ab,2025-02,-3,pre,2025-02-10T10:58:25+05:30,2025-02-10T10:58:25+05:30,u99c389b1b7bfbd23,u99c389b1b7bfbd23@users.invalid,u99c389b1b7bfbd23,u99c389b1b7bfbd23@users.invalid,1,0,1,68,39,1,68,39,,,,,,0,,feat: Add logging capabilities to DGAFAI class,feat: Add logging capabilities to DGAFAI class
OEvortex/Webscout,6458c317178328e89e6da3ea85ab21758c513722,2025-02,-3,pre,2025-02-10T11:06:07+05:30,2025-02-10T11:06:07+05:30,u99c389b1b7bfbd23,u99c389b1b7bfbd23@users.invalid,u99c389b1b7bfbd23,u99c389b1b7bfbd23@users.invalid,1,0,1,59,35,1,59,35,,,,,,0,,feat: add logging and litagent in deepinfra,feat: add logging and litagent in deepinfra
OEvortex/Webscout,63f6b0c5df5cebff15ba69740156ad7eda9011b8,2025-02,-3,pre,2025-02-10T11:17:18+05:30,2025-02-10T11:17:18+05:30,u99c389b1b7bfbd23,u99c389b1b7bfbd23@users.invalid,u99c389b1b7bfbd23,u99c389b1b7bfbd23@users.invalid,1,0,1,92,78,1,92,78,,,,,,0,,feat: models & logger,feat: models & logger
OEvortex/Webscout,5123775a780ae9ac07e4066a6137a0f508fddaec,2025-02,-3,pre,2025-02-10T12:08:51+05:30,2025-02-10T12:08:51+05:30,u99c389b1b7bfbd23,u99c389b1b7bfbd23@users.invalid,u99c389b1b7bfbd23,u99c389b1b7bfbd23@users.invalid,1,0,4,52,67,2,1,2,,,,,,0,,"chore: update README formatting, remove yaspin dependency, and bump version to 7.1","chore: update README formatting, remove yaspin dependency, and bump version to 7.1"
OEvortex/Webscout,62825246cb75afc54c1707be7f3b8858ad606e57,2025-02,-3,pre,2025-02-10T12:30:38+05:30,2025-02-10T12:30:38+05:30,u9413bd7eaa8e420b,u9413bd7eaa8e420b@users.invalid,GitHub,noreply@github.com,1,0,1,2,2,1,2,2,,,,,,0,,Update setup.py,Update setup.py
OEvortex/Webscout,e5b5f0bbf9e4f1c16d48df9494d807f64d790c08,2025-02,-3,pre,2025-02-10T12:34:03+05:30,2025-02-10T12:34:03+05:30,u9413bd7eaa8e420b,u9413bd7eaa8e420b@users.invalid,GitHub,noreply@github.com,1,0,1,2,1,1,2,1,,,,,,0,,Update setup.py,Update setup.py
OEvortex/Webscout,a3ec214ca43ffeafe88801497c4bafd99fff504c,2025-02,-3,pre,2025-02-10T14:30:59+05:30,2025-02-10T14:30:59+05:30,u99c389b1b7bfbd23,u99c389b1b7bfbd23@users.invalid,u99c389b1b7bfbd23,u99c389b1b7bfbd23@users.invalid,1,0,3,230,1,2,229,0,,,,,,0,,feat: add ChatGPTGratis provider with logging and streaming capabilities,feat: add ChatGPTGratis provider with logging and streaming capabilities
OEvortex/Webscout,55f69790b9836857379c69d4ecbc1ddff45151e3,2025-02,-3,pre,2025-02-10T14:43:54+05:30,2025-02-10T14:43:54+05:30,u99c389b1b7bfbd23,u99c389b1b7bfbd23@users.invalid,u99c389b1b7bfbd23,u99c389b1b7bfbd23@users.invalid,1,0,2,131,124,2,131,124,,,,,,0,,`Added support for Claude variant in Free2GPT API client`,`Added support for Claude variant in Free2GPT API client`
OEvortex/Webscout,71ec978557e081cf9cb634670d42a8d2457c4968,2025-02,-3,pre,2025-02-10T16:35:01+05:30,2025-02-10T16:35:01+05:30,ubebc7b870bd084ca,ubebc7b870bd084ca@users.invalid,GitHub,noreply@github.com,2,1,0,0,0,0,0,0,,,,,,0,29,Merge pull request #29 from hac263a9584f7d0b0/patch-1,"Merge pull request #29 from hac263a9584f7d0b0/patch-1

Update setup.py"
OEvortex/Webscout,4e8ab51517b673275258532d8c766c8a416fe740,2025-02,-3,pre,2025-02-10T16:35:14+05:30,2025-02-10T16:35:14+05:30,ubebc7b870bd084ca,ubebc7b870bd084ca@users.invalid,GitHub,noreply@github.com,2,1,0,0,0,0,0,0,,,,,,0,30,Merge pull request #30 from hac263a9584f7d0b0/patch-2,"Merge pull request #30 from hac263a9584f7d0b0/patch-2

Update setup.py"
OEvortex/Webscout,7a8d77edf198f9a500209b9fc642b98cea05633b,2025-02,-3,pre,2025-02-12T18:07:57+05:30,2025-02-12T18:07:57+05:30,u99c389b1b7bfbd23,u99c389b1b7bfbd23@users.invalid,u99c389b1b7bfbd23,u99c389b1b7bfbd23@users.invalid,1,0,2,2,2,2,2,2,,,,,,0,,fix: update deprecated model mappings for llama variants,fix: update deprecated model mappings for llama variants
OEvortex/Webscout,cd03cdc748218f9b5b7ff85df03281c2d692233c,2025-02,-3,pre,2025-02-13T14:53:19+05:30,2025-02-13T14:53:19+05:30,u99c389b1b7bfbd23,u99c389b1b7bfbd23@users.invalid,u99c389b1b7bfbd23,u99c389b1b7bfbd23@users.invalid,1,0,3,280,1,2,279,0,,,,,,0,,feat: add QwenLM provider to the list of available providers in the API,feat: add QwenLM provider to the list of available providers in the API
OEvortex/Webscout,bc1c12a9d3ff170b2d158ad72d9b002e0a222295,2025-02,-3,pre,2025-02-13T20:10:31+05:30,2025-02-13T20:10:31+05:30,u99c389b1b7bfbd23,u99c389b1b7bfbd23@users.invalid,u99c389b1b7bfbd23,u99c389b1b7bfbd23@users.invalid,1,0,3,226,1,2,225,0,,,,,,0,,NEW PROVIDER,NEW PROVIDER
OEvortex/Webscout,7291098d3f9ffe6f5c68bb8cab540f448659c9e2,2025-02,-3,pre,2025-02-14T11:21:06+03:00,2025-02-14T11:21:06+03:00,u190850f122de88c5,u190850f122de88c5@users.invalid,u190850f122de88c5,u190850f122de88c5@users.invalid,1,0,1,40,10,1,40,10,,,,,,0,,"1. Fixed the for_non_stream method as it returned an empty string 2. Added the ability to use different types of chats, for example, t2t - regular chat, search - chat + search for data on the Internet, also in the future it will be possible to use t2i and t2v - to generate photos and videos, but for this you will need to implement the appropriate logic.","1. Fixed the for_non_stream method as it returned an empty string 2. Added the ability to use different types of chats, for example, t2t - regular chat, search - chat + search for data on the Internet, also in the future it will be possible to use t2i and t2v - to generate photos and videos, but for this you will need to implement the appropriate logic."
OEvortex/Webscout,bbbbbd3b76b53baea5d8884fe57071c6339687e6,2025-02,-3,pre,2025-02-14T11:29:35+03:00,2025-02-14T11:29:35+03:00,u190850f122de88c5,u190850f122de88c5@users.invalid,u190850f122de88c5,u190850f122de88c5@users.invalid,1,0,1,9,5,1,9,5,,,,,,0,,Code more safety,Code more safety
OEvortex/Webscout,2b56a52252d4f91dadd7ccb75154f82d07d01527,2025-02,-3,pre,2025-02-14T19:27:18+05:30,2025-02-14T19:27:18+05:30,ubebc7b870bd084ca,ubebc7b870bd084ca@users.invalid,GitHub,noreply@github.com,2,1,0,0,0,0,0,0,,,,,,0,31,Merge pull request #31 from hc7bab155bc87beab/Update-QwenLM,"Merge pull request #31 from hc7bab155bc87beab/Update-QwenLM

Update QwenLM provider code"
OEvortex/Webscout,e7e39c3cb0d695aba5aaa38a6df32f420b382f84,2025-02,-3,pre,2025-02-18T22:42:59+05:30,2025-02-18T22:42:59+05:30,u99c389b1b7bfbd23,u99c389b1b7bfbd23@users.invalid,u99c389b1b7bfbd23,u99c389b1b7bfbd23@users.invalid,1,0,1,5,1,1,5,1,,,,,,0,,feat: add new models to the GROQ provider,feat: add new models to the GROQ provider
OEvortex/Webscout,00346596cc4f29577ff1278902c67ec9857c9ce9,2025-02,-3,pre,2025-02-21T17:07:08+05:30,2025-02-21T17:07:08+05:30,u99c389b1b7bfbd23,u99c389b1b7bfbd23@users.invalid,u99c389b1b7bfbd23,u99c389b1b7bfbd23@users.invalid,1,0,2,6,8,2,6,8,,,,,,0,,refactor: clean up docstrings and update deprecated model mappings,refactor: clean up docstrings and update deprecated model mappings
OEvortex/Webscout,1f72427518de792967df765836875f6638add56b,2025-02,-3,pre,2025-02-22T11:26:41+05:30,2025-02-22T11:26:41+05:30,u99c389b1b7bfbd23,u99c389b1b7bfbd23@users.invalid,u99c389b1b7bfbd23,u99c389b1b7bfbd23@users.invalid,1,0,2,17,2,2,17,2,,,,,,0,,"🔄 Update Cerebras available models (llama3.1-8b, llama-3.3-70b, deepseek-r1-distill-llama-70b)","🔄 Update Cerebras available models (llama3.1-8b, llama-3.3-70b, deepseek-r1-distill-llama-70b)"
OEvortex/Webscout,60a80f29956764802d192902d57d76c7645dcbc0,2025-02,-3,pre,2025-02-22T12:33:01+05:30,2025-02-22T12:33:01+05:30,u99c389b1b7bfbd23,u99c389b1b7bfbd23@users.invalid,u99c389b1b7bfbd23,u99c389b1b7bfbd23@users.invalid,1,0,2,443,276,2,443,276,,,,,,0,,feat: enhance GEMINI provider with model support and logging capabilities,feat: enhance GEMINI provider with model support and logging capabilities
OEvortex/Webscout,ecb240d3fdcce69bbaa83d2de36a59d5c8318e86,2025-02,-3,pre,2025-02-22T13:03:00+05:30,2025-02-22T13:03:00+05:30,u99c389b1b7bfbd23,u99c389b1b7bfbd23@users.invalid,u99c389b1b7bfbd23,u99c389b1b7bfbd23@users.invalid,1,0,3,196,1,2,195,0,,,,,,0,,feat: add WiseCat provider,feat: add WiseCat provider
OEvortex/Webscout,36ba4c2a660c77949bbc87be4d0f702a6641e1b1,2025-02,-3,pre,2025-02-23T12:40:22+03:00,2025-02-23T12:40:22+03:00,u190850f122de88c5,u190850f122de88c5@users.invalid,u190850f122de88c5,u190850f122de88c5@users.invalid,1,0,2,185,1,2,185,1,,,,,,0,,"Added a new provider for AI search Isou.chat. For now, it can only work in streaming mode.","Added a new provider for AI search Isou.chat. For now, it can only work in streaming mode."
OEvortex/Webscout,e175955413fd7991a091e4949b91a1bdca9399f8,2025-02,-3,pre,2025-02-23T15:13:35+05:30,2025-02-23T15:13:35+05:30,u99c389b1b7bfbd23,u99c389b1b7bfbd23@users.invalid,u99c389b1b7bfbd23,u99c389b1b7bfbd23@users.invalid,1,0,16,1634,736,16,1634,736,,,,,,0,,feat: implement core logging functionality with handlers and utilities,feat: implement core logging functionality with handlers and utilities
OEvortex/Webscout,ad7e21afd6b6934ee51e7f015c70b559f1b75059,2025-02,-3,pre,2025-02-23T12:48:33+03:00,2025-02-23T12:48:33+03:00,u190850f122de88c5,u190850f122de88c5@users.invalid,u190850f122de88c5,u190850f122de88c5@users.invalid,1,0,1,6,0,1,6,0,,,,,,0,,Code update,Code update
OEvortex/Webscout,18b3a1a90c811b5dfc437e278c436f11d296b988,2025-02,-3,pre,2025-02-23T12:52:48+03:00,2025-02-23T12:52:48+03:00,u190850f122de88c5,u190850f122de88c5@users.invalid,u190850f122de88c5,u190850f122de88c5@users.invalid,1,0,1,4,2,1,4,2,,,,,,0,,Add resource cleanup method,Add resource cleanup method
OEvortex/Webscout,bef2197736f68d8cbc5c5302bdd87ced518ae9d2,2025-02,-3,pre,2025-02-23T17:06:26+05:30,2025-02-23T17:06:26+05:30,u99c389b1b7bfbd23,u99c389b1b7bfbd23@users.invalid,u99c389b1b7bfbd23,u99c389b1b7bfbd23@users.invalid,1,0,62,459,244,61,458,243,,,,,,0,,feat: update version to 7.2 and refactor logging implementation across modules,feat: update version to 7.2 and refactor logging implementation across modules
OEvortex/Webscout,8ee437200ab7c02206e45835ed2595e2d01449a5,2025-02,-3,pre,2025-02-23T20:04:05+05:30,2025-02-23T20:04:05+05:30,ubebc7b870bd084ca,ubebc7b870bd084ca@users.invalid,GitHub,noreply@github.com,2,1,0,0,0,0,0,0,,,,,,0,32,Merge pull request #32 from hc7bab155bc87beab/ISou,"Merge pull request #32 from hc7bab155bc87beab/ISou

Added a new provider for AI search Isou.chat."
OEvortex/Webscout,32fad161a253d77db825a0bfbecb299c4c325152,2025-02,-3,pre,2025-02-24T12:14:04+05:30,2025-02-24T12:14:04+05:30,u99c389b1b7bfbd23,u99c389b1b7bfbd23@users.invalid,u99c389b1b7bfbd23,u99c389b1b7bfbd23@users.invalid,1,0,7,207,84,7,207,84,,,,,,0,,"feat: enhance logging system with new log levels, formats, and console handler improvements","feat: enhance logging system with new log levels, formats, and console handler improvements"
OEvortex/Webscout,09cb4ef16f8fd6ec42c090b937ccc8ee81bc9ea4,2025-02,-3,pre,2025-02-24T12:14:10+05:30,2025-02-24T12:14:10+05:30,u99c389b1b7bfbd23,u99c389b1b7bfbd23@users.invalid,u99c389b1b7bfbd23,u99c389b1b7bfbd23@users.invalid,2,1,0,0,0,0,0,0,,,,,,0,,Merge branch 'main' of https://github.com/h91d41a1ee299dbcf/Webscout,Merge branch 'main' of https://github.com/h91d41a1ee299dbcf/Webscout
OEvortex/Webscout,b4a886875d6272a8a2ec7de696f34e9cf913edf9,2025-02,-3,pre,2025-02-25T19:43:24+03:00,2025-02-25T19:43:24+03:00,u190850f122de88c5,u190850f122de88c5@users.invalid,u190850f122de88c5,u190850f122de88c5@users.invalid,1,0,2,15,14,2,15,14,,,,,,0,,"Solve problem:     from pydantic import BaseModel, field_validator ImportError: cannot import name 'field_validator' from 'pydantic' . Did you mean: 'root_validator'? in Bard provider and The replace_links_with_numbers function is now available to call from the","Solve problem:
    from pydantic import BaseModel, field_validator
ImportError: cannot import name 'field_validator' from 'pydantic' . Did you mean: 'root_validator'? in Bard provider and The replace_links_with_numbers function is now available to call from the"
OEvortex/Webscout,4c820e90fdd17cc18aede76e0648000e71ce9a4c,2025-02,-3,pre,2025-02-25T22:22:45+05:30,2025-02-25T22:22:45+05:30,ubebc7b870bd084ca,ubebc7b870bd084ca@users.invalid,GitHub,noreply@github.com,2,1,0,0,0,0,0,0,,,,,,0,33,Merge pull request #33 from hc7bab155bc87beab/providers_fix,"Merge pull request #33 from hc7bab155bc87beab/providers_fix

Solve problems:"
OEvortex/Webscout,ca6a4c39efd0647bd7b214f3f1aff4b269adcc76,2025-03,-2,pre,2025-03-01T15:52:25+05:30,2025-03-01T15:52:25+05:30,u99c389b1b7bfbd23,u99c389b1b7bfbd23@users.invalid,u99c389b1b7bfbd23,u99c389b1b7bfbd23@users.invalid,1,0,6,509,26,4,409,1,,,,,,0,,"feat(tti): add FreeAIImager provider with DALL-E 3 & Flux models"" -m ""• Implement new TTI provider with support for 7 premium models • Add both sync (FreeAIImager) and async (AsyncFreeAIImager) classes • Include comprehensive documentation and usage examples • Support models: DALL-E 3, Flux Pro Ultra, Flux Pro, Flux Realism, etc.","feat(tti): add FreeAIImager provider with DALL-E 3 & Flux models"" -m ""• Implement new TTI provider with support for 7 premium models
• Add both sync (FreeAIImager) and async (AsyncFreeAIImager) classes
• Include comprehensive documentation and usage examples
• Support models: DALL-E 3, Flux Pro Ultra, Flux Pro, Flux Realism, etc."
OEvortex/Webscout,52dd9a2d2822b455615b480d6edb5d0d9fea9b84,2025-03,-2,pre,2025-03-01T16:11:58+05:30,2025-03-01T16:11:58+05:30,u99c389b1b7bfbd23,u99c389b1b7bfbd23@users.invalid,u99c389b1b7bfbd23,u99c389b1b7bfbd23@users.invalid,1,0,2,223,0,2,223,0,,,,,,0,,feat: implement FreeAIChat provider with multi-model support,"feat: implement FreeAIChat provider with multi-model support

Adds new provider for freeaichatplayground.com with support for 18 models including Mistral, Gemini, and GPT variants. Implements streaming responses and system prompts."
OEvortex/Webscout,15f2b3f1dc31d3bcdd28e58a3a719c01b3e99171,2025-03,-2,pre,2025-03-01T20:18:10+05:30,2025-03-01T20:18:10+05:30,u99c389b1b7bfbd23,u99c389b1b7bfbd23@users.invalid,u99c389b1b7bfbd23,u99c389b1b7bfbd23@users.invalid,1,0,7,360,300,7,360,300,,,,,,0,,feat(logging),feat(logging)
OEvortex/Webscout,40bd2a2648cce35f24567abf463f0302bcec9db0,2025-03,-2,pre,2025-03-02T10:51:58+05:30,2025-03-02T10:51:58+05:30,u99c389b1b7bfbd23,u99c389b1b7bfbd23@users.invalid,u99c389b1b7bfbd23,u99c389b1b7bfbd23@users.invalid,1,0,3,207,122,3,207,122,,,,,,0,,fix: add missing comma in BUILD_ARTIFACTS and update AVAILABLE_MODELS in YEPCHAT provider,fix: add missing comma in BUILD_ARTIFACTS and update AVAILABLE_MODELS in YEPCHAT provider
OEvortex/Webscout,ab1285f0ceec2b3d5a7ee4ecae9c4bb4cecbfdfc,2025-03,-2,pre,2025-03-02T12:05:11+05:30,2025-03-02T12:05:11+05:30,u99c389b1b7bfbd23,u99c389b1b7bfbd23@users.invalid,u99c389b1b7bfbd23,u99c389b1b7bfbd23@users.invalid,1,0,3,291,0,2,259,0,,,,,,0,,feat(yep_search): add YepSearch class for text and image search functionality,feat(yep_search): add YepSearch class for text and image search functionality
OEvortex/Webscout,3b1970add6e3215ee7e3d2ac37106504d75d7b70,2025-03,-2,pre,2025-03-02T12:11:36+05:30,2025-03-02T12:11:36+05:30,u99c389b1b7bfbd23,u99c389b1b7bfbd23@users.invalid,u99c389b1b7bfbd23,u99c389b1b7bfbd23@users.invalid,1,0,2,47,3,1,41,2,,,,,,0,,feat(yep_search): add suggestions method to YepSearch class for autocomplete functionality,feat(yep_search): add suggestions method to YepSearch class for autocomplete functionality
OEvortex/Webscout,b17c42999c8623fd4b93d430520bb5c8616c4411,2025-03,-2,pre,2025-03-02T12:37:06+05:30,2025-03-02T12:37:06+05:30,u99c389b1b7bfbd23,u99c389b1b7bfbd23@users.invalid,u99c389b1b7bfbd23,u99c389b1b7bfbd23@users.invalid,1,0,4,154,41,3,140,40,,,,,,0,,feat(weather): add synchronous and asynchronous methods for retrieving weather information from DuckDuckGo,feat(weather): add synchronous and asynchronous methods for retrieving weather information from DuckDuckGo
OEvortex/Webscout,a47ef3120c8020ae9d9b3fda83387927b4675683,2025-03,-2,pre,2025-03-02T12:59:31+05:30,2025-03-02T12:59:31+05:30,u99c389b1b7bfbd23,u99c389b1b7bfbd23@users.invalid,u99c389b1b7bfbd23,u99c389b1b7bfbd23@users.invalid,1,0,1,24,4,1,24,4,,,,,,0,,feat(TextPollinationsAI): enhance AVAILABLE_MODELS with detailed descriptions for each model,feat(TextPollinationsAI): enhance AVAILABLE_MODELS with detailed descriptions for each model
OEvortex/Webscout,107a59ee0587a0340f3f25f569f40bc29fe15a67,2025-03,-2,pre,2025-03-02T14:57:39+05:30,2025-03-02T14:57:39+05:30,u99c389b1b7bfbd23,u99c389b1b7bfbd23@users.invalid,u99c389b1b7bfbd23,u99c389b1b7bfbd23@users.invalid,1,0,1,1,1,1,1,1,,,,,,0,,chore(version): bump version to 7.3,chore(version): bump version to 7.3
OEvortex/Webscout,dc340cbeff8be8287ee262e8c9f9ad9b2d1d20bf,2025-03,-2,pre,2025-03-03T21:27:50+05:30,2025-03-03T21:27:50+05:30,u99c389b1b7bfbd23,u99c389b1b7bfbd23@users.invalid,u99c389b1b7bfbd23,u99c389b1b7bfbd23@users.invalid,1,0,1,41,1,1,41,1,,,,,,0,,feat(DeepInfra): add AVAILABLE_MODELS list and update default model with validation,feat(DeepInfra): add AVAILABLE_MODELS list and update default model with validation
OEvortex/Webscout,56804dea1e6c6bb0f8c25de1068b17e26bb2ab67,2025-03,-2,pre,2025-03-03T22:09:42+05:30,2025-03-03T22:09:42+05:30,u99c389b1b7bfbd23,u99c389b1b7bfbd23@users.invalid,u99c389b1b7bfbd23,u99c389b1b7bfbd23@users.invalid,1,0,1,135,59,1,135,59,,,,,,0,,feat(PiAI): add voice support with logging and enhance voice configuration,feat(PiAI): add voice support with logging and enhance voice configuration
OEvortex/Webscout,aa9834b1adc4402e1f69903c4864e406b87551fd,2025-03,-2,pre,2025-03-04T12:24:25+05:30,2025-03-04T12:24:25+05:30,u99c389b1b7bfbd23,u99c389b1b7bfbd23@users.invalid,u99c389b1b7bfbd23,u99c389b1b7bfbd23@users.invalid,1,0,4,274,4,2,212,3,,,,,,0,,feat(AISearch): add Genspark providers with examples and documentation updates,feat(AISearch): add Genspark providers with examples and documentation updates
OEvortex/Webscout,2d48123f994a7f33cdb34f9505e6a9901d2da062,2025-03,-2,pre,2025-03-04T12:29:24+05:30,2025-03-04T12:29:24+05:30,u99c389b1b7bfbd23,u99c389b1b7bfbd23@users.invalid,u99c389b1b7bfbd23,u99c389b1b7bfbd23@users.invalid,1,0,1,8,2,1,8,2,,,,,,0,,feat(FreeAIChat): update AVAILABLE_MODELS list by removing and adding new models,feat(FreeAIChat): update AVAILABLE_MODELS list by removing and adding new models
OEvortex/Webscout,1d72bea3b91556a73718b0fd742c19f665fc3e87,2025-03,-2,pre,2025-03-04T14:47:24+05:30,2025-03-04T14:47:24+05:30,u99c389b1b7bfbd23,u99c389b1b7bfbd23@users.invalid,u99c389b1b7bfbd23,u99c389b1b7bfbd23@users.invalid,1,0,3,315,1,2,314,0,,,,,,0,,feat(Provider): add AkashGPT to provider list and update README with new model,feat(Provider): add AkashGPT to provider list and update README with new model
OEvortex/Webscout,4559c603119274a46fca8d7c548e1d9734a885e8,2025-03,-2,pre,2025-03-04T18:06:50+05:30,2025-03-04T18:06:50+05:30,u99c389b1b7bfbd23,u99c389b1b7bfbd23@users.invalid,u99c389b1b7bfbd23,u99c389b1b7bfbd23@users.invalid,1,0,6,473,0,4,365,0,,,,,,0,,feat(GitAPI): add GitHub data extraction module with user and repository functionalities,feat(GitAPI): add GitHub data extraction module with user and repository functionalities
OEvortex/Webscout,1a9f330e759402bd3cfff8e16ba91f01aa7a1e29,2025-03,-2,pre,2025-03-04T22:48:29+05:30,2025-03-04T22:48:29+05:30,u99c389b1b7bfbd23,u99c389b1b7bfbd23@users.invalid,u99c389b1b7bfbd23,u99c389b1b7bfbd23@users.invalid,1,0,1,633,0,1,633,0,,,,,,0,,feat: Add ElectronHub provider supporting 371 AI models,"feat: Add ElectronHub provider supporting 371 AI models

Add a new provider class for ElectronHub API integration, supporting an extensive collection of 371 AI models including:
- OpenAI GPT models (gpt-3.5, gpt-4, gpt-4o, o1 variants)
- Anthropic Claude models (claude-2.x, claude-3.x, claude-3.5, claude-3.7)
- Google Gemini models (1.0 through 2.0 variants)
- Meta Llama models (llama-2, llama-3, llama-3.1, llama-3.2, llama-3.3)
- Mistral models (all sizes from tiny to large)
- Various Chinese models (GLM, Yi, Qwen, etc.)
- Image generation models (SDXL, Stable Diffusion, etc.)
- Video generation models
- Audio and embedding models

The implementation includes:
- Streaming and non-streaming chat capabilities
- Temperature and sampling parameters control
- Complete conversation history management
- LitAgent user-agent integration for API access

This expands Webscout's model selection significantly with minimal API configuration needed."
OEvortex/Webscout,a1eee9ea307f7acf7db0a46861cfb0602476929d,2025-03,-2,pre,2025-03-04T23:00:13+05:30,2025-03-04T23:00:13+05:30,u99c389b1b7bfbd23,u99c389b1b7bfbd23@users.invalid,u99c389b1b7bfbd23,u99c389b1b7bfbd23@users.invalid,1,0,1,3,2,1,3,2,,,,,,0,,feat(ElectronHub): add customizable system prompt for conversation initialization,feat(ElectronHub): add customizable system prompt for conversation initialization
OEvortex/Webscout,bf823260c852973a1e0866e52d3593d1f2f3e3e5,2025-03,-2,pre,2025-03-05T00:11:07+05:30,2025-03-05T00:11:07+05:30,u99c389b1b7bfbd23,u99c389b1b7bfbd23@users.invalid,u99c389b1b7bfbd23,u99c389b1b7bfbd23@users.invalid,1,0,3,398,1,2,397,0,,,,,,0,,feat(Provider): add PerplexityLabs to provider list and update README with new model,feat(Provider): add PerplexityLabs to provider list and update README with new model
OEvortex/Webscout,7f4b98b3427242b471d9b3bcc47c64bc071680f2,2025-03,-2,pre,2025-03-05T00:38:53+05:30,2025-03-05T00:38:53+05:30,u99c389b1b7bfbd23,u99c389b1b7bfbd23@users.invalid,u99c389b1b7bfbd23,u99c389b1b7bfbd23@users.invalid,1,0,3,17,155,3,17,155,,,,,,0,,"refactor(GliderAI, DeepInfra): remove logging capabilities and simplify initialization","refactor(GliderAI, DeepInfra): remove logging capabilities and simplify initialization"
OEvortex/Webscout,c50312052b6277d917a2cc994ac6fd2a9e484af8,2025-03,-2,pre,2025-03-05T00:56:42+05:30,2025-03-05T00:56:42+05:30,u99c389b1b7bfbd23,u99c389b1b7bfbd23@users.invalid,u99c389b1b7bfbd23,u99c389b1b7bfbd23@users.invalid,1,0,2,5,42,2,5,42,,,,,,0,,refactor(Provider): remove logging functionality from WiseCat and YEPCHAT classes,refactor(Provider): remove logging functionality from WiseCat and YEPCHAT classes
OEvortex/Webscout,48ac416864cbf63c7987de78aa128cbeb4935d18,2025-03,-2,pre,2025-03-05T01:10:23+05:30,2025-03-05T01:10:23+05:30,u99c389b1b7bfbd23,u99c389b1b7bfbd23@users.invalid,u99c389b1b7bfbd23,u99c389b1b7bfbd23@users.invalid,1,0,1,2,2,1,2,2,,,,,,0,,feat(ChatGLM): update User-Agent to use LitAgent for dynamic generation,feat(ChatGLM): update User-Agent to use LitAgent for dynamic generation
OEvortex/Webscout,be93810285c5ccae3fa1e43c639e2491cb3f509d,2025-03,-2,pre,2025-03-05T01:36:41+05:30,2025-03-05T01:36:41+05:30,u99c389b1b7bfbd23,u99c389b1b7bfbd23@users.invalid,u99c389b1b7bfbd23,u99c389b1b7bfbd23@users.invalid,1,0,1,49,63,1,49,63,,,,,,0,,feat(Jadve): update available models and remove logging functionality,feat(Jadve): update available models and remove logging functionality
OEvortex/Webscout,701563f01cfb78ce6142922b4169147c59ee3a30,2025-03,-2,pre,2025-03-05T01:44:19+05:30,2025-03-05T01:44:19+05:30,u99c389b1b7bfbd23,u99c389b1b7bfbd23@users.invalid,u99c389b1b7bfbd23,u99c389b1b7bfbd23@users.invalid,1,0,1,9,1,1,9,1,,,,,,0,,feat(KOALA): update model selection and validate against available models,feat(KOALA): update model selection and validate against available models
OEvortex/Webscout,b0267c5775382e82123bfded89e6f0c29822e3b6,2025-03,-2,pre,2025-03-05T13:35:29+05:30,2025-03-05T13:35:29+05:30,u99c389b1b7bfbd23,u99c389b1b7bfbd23@users.invalid,u99c389b1b7bfbd23,u99c389b1b7bfbd23@users.invalid,1,0,3,285,1,2,284,0,,,,,,0,,feat(Provider): add AllenAI to the list of available models in the README,feat(Provider): add AllenAI to the list of available models in the README
OEvortex/Webscout,077ae14c12ef0cb4b5737111e3472ae2be5bc867,2025-03,-2,pre,2025-03-05T15:12:07+05:30,2025-03-05T15:12:07+05:30,u99c389b1b7bfbd23,u99c389b1b7bfbd23@users.invalid,u99c389b1b7bfbd23,u99c389b1b7bfbd23@users.invalid,1,0,4,205,2,3,203,0,,,,,,0,,feat(HeckAI): add HeckAI provider with API integration and model support,feat(HeckAI): add HeckAI provider with API integration and model support
OEvortex/Webscout,2a892b7aa24e3d565e373c21eefa78c1d066b6a9,2025-03,-2,pre,2025-03-05T15:34:00+05:30,2025-03-05T15:34:00+05:30,u99c389b1b7bfbd23,u99c389b1b7bfbd23@users.invalid,u99c389b1b7bfbd23,u99c389b1b7bfbd23@users.invalid,1,0,3,203,1,2,202,0,,,,,,0,,feat(TwoAI): implement TwoAI provider with API integration and model support,feat(TwoAI): implement TwoAI provider with API integration and model support
OEvortex/Webscout,0396126c893180e58182d05f3a9b707cd9f1f017,2025-03,-2,pre,2025-03-05T16:10:01+05:30,2025-03-05T16:10:01+05:30,u99c389b1b7bfbd23,u99c389b1b7bfbd23@users.invalid,u99c389b1b7bfbd23,u99c389b1b7bfbd23@users.invalid,1,0,4,204,2,3,203,1,,,,,,0,,feat(Venice): add Venice AI provider with API integration and model support,feat(Venice): add Venice AI provider with API integration and model support
OEvortex/Webscout,92f4e43f8b7e5b0c3b7d6601e315e764ae351c3a,2025-03,-2,pre,2025-03-06T21:20:25+05:30,2025-03-06T21:20:25+05:30,u99c389b1b7bfbd23,u99c389b1b7bfbd23@users.invalid,u99c389b1b7bfbd23,u99c389b1b7bfbd23@users.invalid,1,0,8,729,50,5,528,2,,,,,,0,,"feat(Piclumen): add PiclumenImager provider with synchronous and asynchronous support, enhance README with usage examples","feat(Piclumen): add PiclumenImager provider with synchronous and asynchronous support, enhance README with usage examples"
OEvortex/Webscout,ee79c12d71eb0f5832d1e3ae92d6ce3ac3189301,2025-03,-2,pre,2025-03-07T18:36:29+03:00,2025-03-07T18:36:29+03:00,u190850f122de88c5,u190850f122de88c5@users.invalid,u190850f122de88c5,u190850f122de88c5@users.invalid,1,0,1,27,6,1,27,6,,,,,,0,,1. Fixed text encoding for Cyrillic and other encodings 2. Updated the list of models 3. Fixed function for_non_stream,"1. Fixed text encoding for Cyrillic and other encodings
2. Updated the list of models
3. Fixed function for_non_stream"
OEvortex/Webscout,6b466747923303b7a063d071069da6e68789e849,2025-03,-2,pre,2025-03-07T18:39:22+03:00,2025-03-07T18:39:22+03:00,u190850f122de88c5,u190850f122de88c5@users.invalid,u190850f122de88c5,u190850f122de88c5@users.invalid,1,0,1,2,8,1,2,8,,,,,,0,,1. Fixed text encoding for Cyrillic and other encodings 2. Updated the list of models 3. Fixed function for_non_stream,"1. Fixed text encoding for Cyrillic and other encodings
2. Updated the list of models
3. Fixed function for_non_stream"
OEvortex/Webscout,7ad870830e01b91c101f735c89b19efb8940275e,2025-03,-2,pre,2025-03-07T18:48:11+03:00,2025-03-07T18:48:11+03:00,u190850f122de88c5,u190850f122de88c5@users.invalid,u190850f122de88c5,u190850f122de88c5@users.invalid,1,0,1,14,5,1,14,5,,,,,,0,,More secure code,More secure code
OEvortex/Webscout,edc6cea8efe78fbeecfa30ff30126140a9e5ecd3,2025-03,-2,pre,2025-03-08T20:31:01+05:30,2025-03-08T20:31:01+05:30,ubebc7b870bd084ca,ubebc7b870bd084ca@users.invalid,GitHub,noreply@github.com,2,1,0,0,0,0,0,0,,,,,,0,34,Merge pull request #34 from hc7bab155bc87beab/freeaichat_fix,"Merge pull request #34 from hc7bab155bc87beab/freeaichat_fix

Some fixes"
OEvortex/Webscout,638dcc0b7193ee37ed1436b8a8a4b5bf0b21cddd,2025-03,-2,pre,2025-03-08T21:20:59+05:30,2025-03-08T21:20:59+05:30,u99c389b1b7bfbd23,u99c389b1b7bfbd23@users.invalid,u99c389b1b7bfbd23,u99c389b1b7bfbd23@users.invalid,1,0,1,1,1,1,1,1,,,,,,0,,"fix(QwenLM): update model name from ""qwq-32b-preview"" to ""qwq-32b""","fix(QwenLM): update model name from ""qwq-32b-preview"" to ""qwq-32b"""
OEvortex/Webscout,3b05a18b5d2e540d2bfe0d44f2d88ab0eb2909b4,2025-03,-2,pre,2025-03-08T21:27:28+05:30,2025-03-08T21:27:28+05:30,u99c389b1b7bfbd23,u99c389b1b7bfbd23@users.invalid,u99c389b1b7bfbd23,u99c389b1b7bfbd23@users.invalid,1,0,1,6,60,1,6,60,,,,,,0,,refactor(QwenLM): remove logging functionality and update model names,refactor(QwenLM): remove logging functionality and update model names
OEvortex/Webscout,88670e9644bc5cc98f9c077f3d009c3b504fbd69,2025-03,-2,pre,2025-03-08T21:53:55+05:30,2025-03-08T21:53:55+05:30,u99c389b1b7bfbd23,u99c389b1b7bfbd23@users.invalid,u99c389b1b7bfbd23,u99c389b1b7bfbd23@users.invalid,1,0,1,3,3,1,3,3,,,,,,0,,feat(ChatGLM): add plus_model parameter to initialize ChatGLM API client,feat(ChatGLM): add plus_model parameter to initialize ChatGLM API client
OEvortex/Webscout,4784a798e5841f890b851c9a5a483447bb30d0da,2025-03,-2,pre,2025-03-09T09:04:10+05:30,2025-03-09T09:04:10+05:30,u99c389b1b7bfbd23,u99c389b1b7bfbd23@users.invalid,u99c389b1b7bfbd23,u99c389b1b7bfbd23@users.invalid,1,0,1,1,1,1,1,1,,,,,,0,,chore(version): bump version to 7.4,chore(version): bump version to 7.4
OEvortex/Webscout,e5c666cf2c8a68b2214e090db8c5280b9804ca1d,2025-03,-2,pre,2025-03-09T10:57:07+05:30,2025-03-09T10:57:07+05:30,u99c389b1b7bfbd23,u99c389b1b7bfbd23@users.invalid,u99c389b1b7bfbd23,u99c389b1b7bfbd23@users.invalid,1,0,19,1,6123,9,0,3588,,,,,,0,,refactor(Local): remove webscout.Local,refactor(Local): remove webscout.Local
OEvortex/Webscout,a9b9b6be804a55650de47abe5515b584b1cb0ed8,2025-03,-2,pre,2025-03-09T11:17:18+03:00,2025-03-09T11:17:18+03:00,u190850f122de88c5,u190850f122de88c5@users.invalid,u190850f122de88c5,u190850f122de88c5@users.invalid,1,0,1,2,0,1,2,0,,,,,,0,,Fixed the problem: ElectronHub was not listed in init,Fixed the problem: ElectronHub was not listed in init
OEvortex/Webscout,3c9bc83637b157edad6c09e326744ff13bd393ae,2025-03,-2,pre,2025-03-09T14:34:14+05:30,2025-03-09T14:34:14+05:30,ubebc7b870bd084ca,ubebc7b870bd084ca@users.invalid,GitHub,noreply@github.com,2,1,0,0,0,0,0,0,,,,,,0,35,Merge pull request #35 from hc7bab155bc87beab/providers_init_fix,"Merge pull request #35 from hc7bab155bc87beab/providers_init_fix

Fixed the problem: ElectronHub was not listed in init"
OEvortex/Webscout,252669275c4976c91c964697a6f160e9fd74350d,2025-03,-2,pre,2025-03-09T14:58:24+03:00,2025-03-09T14:58:24+03:00,u190850f122de88c5,u190850f122de88c5@users.invalid,u190850f122de88c5,u190850f122de88c5@users.invalid,1,0,2,28,11,2,28,11,,,,,,0,,List of changes: 1. The HeckAi provider has added a new method that allows you to correct the encoding 2. The Venice provider has fixed the for_non_stream method.,"List of changes:
1. The HeckAi provider has added a new method that allows you to correct the encoding
2. The Venice provider has fixed the for_non_stream method."
OEvortex/Webscout,e4928804a63bc82d0801257aa258ff9c59fd9c6e,2025-03,-2,pre,2025-03-09T17:38:41+05:30,2025-03-09T17:38:41+05:30,ubebc7b870bd084ca,ubebc7b870bd084ca@users.invalid,GitHub,noreply@github.com,2,1,0,0,0,0,0,0,,,,,,0,36,Merge pull request #36 from hc7bab155bc87beab/providers_fix,"Merge pull request #36 from hc7bab155bc87beab/providers_fix

Some fix"
OEvortex/Webscout,6aed37b852466d54c15ee1c65608eff135fdbfc0,2025-03,-2,pre,2025-03-09T22:58:55+05:30,2025-03-09T22:58:55+05:30,u99c389b1b7bfbd23,u99c389b1b7bfbd23@users.invalid,u99c389b1b7bfbd23,u99c389b1b7bfbd23@users.invalid,1,0,3,462,1,2,461,0,,,,,,0,,Add HuggingFaceChat to provider list and update README,Add HuggingFaceChat to provider list and update README
OEvortex/Webscout,ae43b9829ae321a4ce05b4a83ebdf80ad0465dee,2025-03,-2,pre,2025-03-09T23:34:51+05:30,2025-03-09T23:34:51+05:30,u99c389b1b7bfbd23,u99c389b1b7bfbd23@users.invalid,u99c389b1b7bfbd23,u99c389b1b7bfbd23@users.invalid,1,0,3,384,1,2,383,0,,,,,,0,,Add GithubChat to provider list and update README,Add GithubChat to provider list and update README
OEvortex/Webscout,1e7043dbfbe5a94fde3bf8b8cee6b6f9f327724c,2025-03,-2,pre,2025-03-10T00:02:32+05:30,2025-03-10T00:02:32+05:30,u99c389b1b7bfbd23,u99c389b1b7bfbd23@users.invalid,u99c389b1b7bfbd23,u99c389b1b7bfbd23@users.invalid,1,0,4,323,211,0,0,0,,,,,,0,,Add site removal request templates and legal notice,Add site removal request templates and legal notice
OEvortex/Webscout,0840b5ccf81c080cd51108b9b71276851be0bc2b,2025-03,-2,pre,2025-03-10T09:35:14+05:30,2025-03-10T09:35:14+05:30,u99c389b1b7bfbd23,u99c389b1b7bfbd23@users.invalid,u99c389b1b7bfbd23,u99c389b1b7bfbd23@users.invalid,1,0,2,1,20,2,1,20,,,,,,0,,Remove unused format_prompt method from GithubChat provider,Remove unused format_prompt method from GithubChat provider
OEvortex/Webscout,b11d4a6db5dbfa1adfc9d95765a3d961dc0a88db,2025-03,-2,pre,2025-03-10T10:12:07+05:30,2025-03-10T10:12:07+05:30,u99c389b1b7bfbd23,u99c389b1b7bfbd23@users.invalid,u99c389b1b7bfbd23,u99c389b1b7bfbd23@users.invalid,1,0,3,419,0,3,419,0,,,,,,0,,Add nodriver dependency and include Copilot provider in the module exports,Add nodriver dependency and include Copilot provider in the module exports
OEvortex/Webscout,5338e70bd52faff764f8cf07a3ce563fcb14771e,2025-03,-2,pre,2025-03-10T13:15:53+05:30,2025-03-10T13:15:53+05:30,u99c389b1b7bfbd23,u99c389b1b7bfbd23@users.invalid,u99c389b1b7bfbd23,u99c389b1b7bfbd23@users.invalid,1,0,6,84,289,6,84,289,,,,,,0,,Refactor Phind and Marcus providers to standardize available models and remove logging functionality,Refactor Phind and Marcus providers to standardize available models and remove logging functionality
OEvortex/Webscout,4ddc4a0e1aec57ab2ff54088a9e06a8e196319af,2025-03,-2,pre,2025-03-12T20:06:49+05:30,2025-03-12T20:06:49+05:30,u99c389b1b7bfbd23,u99c389b1b7bfbd23@users.invalid,u99c389b1b7bfbd23,u99c389b1b7bfbd23@users.invalid,1,0,5,1037,0,4,903,0,,,,,,0,,"Add AIArta provider with synchronous and asynchronous interfaces, and introduce AuthenticationError exception","Add AIArta provider with synchronous and asynchronous interfaces, and introduce AuthenticationError exception"
OEvortex/Webscout,5c4ad7d7e5f13e8110ac875924bcd2b74bffa6e7,2025-03,-2,pre,2025-03-13T13:17:28+05:30,2025-03-13T13:17:28+05:30,u99c389b1b7bfbd23,u99c389b1b7bfbd23@users.invalid,u99c389b1b7bfbd23,u99c389b1b7bfbd23@users.invalid,1,0,1,8,5,1,8,5,,,,,,0,,Update AkashGPT provider to comment out unused models and add system prompt to request payload,Update AkashGPT provider to comment out unused models and add system prompt to request payload
OEvortex/Webscout,2da854fe49f28bf283d78fe20d96b0c188c6b894,2025-03,-2,pre,2025-03-14T11:13:56+05:30,2025-03-14T11:13:56+05:30,u99c389b1b7bfbd23,u99c389b1b7bfbd23@users.invalid,u99c389b1b7bfbd23,u99c389b1b7bfbd23@users.invalid,1,0,6,474,95,4,472,94,,,,,,0,,Add C4ai provider and update README; refactor update checker for clarity,Add C4ai provider and update README; refactor update checker for clarity
OEvortex/Webscout,ac8c50c9b64deecce81fd7eb8101b5705ae98605,2025-03,-2,pre,2025-03-14T11:20:44+05:30,2025-03-14T11:20:44+05:30,u99c389b1b7bfbd23,u99c389b1b7bfbd23@users.invalid,u99c389b1b7bfbd23,u99c389b1b7bfbd23@users.invalid,1,0,3,108,0,0,0,0,,,,,,0,,Add Dependabot configuration and workflows for automated dependency management and review,Add Dependabot configuration and workflows for automated dependency management and review
OEvortex/Webscout,604d8e12f1eac7f1dfc320775ff00b9e78613c2d,2025-03,-2,pre,2025-03-14T05:51:31Z,2025-03-14T05:51:31Z,dependabot[bot],49699333+dependabot[bot]@users.noreply.github.com,GitHub,noreply@github.com,1,0,1,1,1,0,0,0,,,,,dependabot,0,,github-actions(deps): bump dependabot/fetch-metadata from 1 to 2,"github-actions(deps): bump dependabot/fetch-metadata from 1 to 2

Bumps [dependabot/fetch-metadata](https://github.com/dependabot/fetch-metadata) from 1 to 2.
- [Release notes](https://github.com/dependabot/fetch-metadata/releases)
- [Commits](https://github.com/dependabot/fetch-metadata/compare/v1...v2)

---
updated-dependencies:
- dependency-name: dependabot/fetch-metadata
  dependency-type: direct:production
  update-type: version-update:semver-major
...

Signed-off-by: dependabot[bot] <support@github.com>"
OEvortex/Webscout,1f4a42abb2bdd70027628f91f2eced3aa3f99936,2025-03,-2,pre,2025-03-14T05:51:34Z,2025-03-14T05:51:34Z,dependabot[bot],49699333+dependabot[bot]@users.noreply.github.com,GitHub,noreply@github.com,1,0,1,1,1,0,0,0,,,,,dependabot,0,,github-actions(deps): bump actions/dependency-review-action from 3 to 4,"github-actions(deps): bump actions/dependency-review-action from 3 to 4

Bumps [actions/dependency-review-action](https://github.com/actions/dependency-review-action) from 3 to 4.
- [Release notes](https://github.com/actions/dependency-review-action/releases)
- [Commits](https://github.com/actions/dependency-review-action/compare/v3...v4)

---
updated-dependencies:
- dependency-name: actions/dependency-review-action
  dependency-type: direct:production
  update-type: version-update:semver-major
...

Signed-off-by: dependabot[bot] <support@github.com>"
OEvortex/Webscout,f3a3560e498060210f48bc3494e54a3d403ae1b1,2025-03,-2,pre,2025-03-14T05:51:53Z,2025-03-14T05:51:53Z,dependabot[bot],49699333+dependabot[bot]@users.noreply.github.com,GitHub,noreply@github.com,1,0,1,1,1,1,1,1,,,,,dependabot,0,,pip(deps): bump playsound from 1.2.2 to 1.3.0,"pip(deps): bump playsound from 1.2.2 to 1.3.0

Bumps [playsound](https://github.com/TaylorSMarks/playsound) from 1.2.2 to 1.3.0.
- [Release notes](https://github.com/TaylorSMarks/playsound/releases)
- [Changelog](https://github.com/TaylorSMarks/playsound/blob/master/CHANGES)
- [Commits](https://github.com/TaylorSMarks/playsound/commits/v1.3.0)

---
updated-dependencies:
- dependency-name: playsound
  dependency-type: direct:production
  update-type: version-update:semver-minor
...

Signed-off-by: dependabot[bot] <support@github.com>"
OEvortex/Webscout,3c965e483a88bc2113aae562055f81f26b184621,2025-03,-2,pre,2025-03-14T05:52:09Z,2025-03-14T05:52:09Z,github-actions[bot],41898282+github-actions[bot]@users.noreply.github.com,GitHub,noreply@github.com,2,1,0,0,0,0,0,0,,,,,github-actions,0,40,Merge pull request #40 from h91d41a1ee299dbcf/dependabot/pip/playsound-1.3.0,"Merge pull request #40 from h91d41a1ee299dbcf/dependabot/pip/playsound-1.3.0

pip(deps): bump playsound from 1.2.2 to 1.3.0"
OEvortex/Webscout,160e127ccbf0f1146abdd96a4147759adab4473e,2025-03,-2,pre,2025-03-14T11:32:39+05:30,2025-03-14T11:32:39+05:30,ubebc7b870bd084ca,ubebc7b870bd084ca@users.invalid,GitHub,noreply@github.com,2,1,0,0,0,0,0,0,,,,,,0,37,Merge pull request #37 from h91d41a1ee299dbcf/dependabot/github_actions/dependabot/fetch-metadata-2,"Merge pull request #37 from h91d41a1ee299dbcf/dependabot/github_actions/dependabot/fetch-metadata-2

github-actions(deps): bump dependabot/fetch-metadata from 1 to 2"
OEvortex/Webscout,b3002a241f274a01a58fb294c0e62c9ca2fd214a,2025-03,-2,pre,2025-03-14T11:33:04+05:30,2025-03-14T11:33:04+05:30,ubebc7b870bd084ca,ubebc7b870bd084ca@users.invalid,GitHub,noreply@github.com,2,1,0,0,0,0,0,0,,,,,,0,38,Merge pull request #38 from h91d41a1ee299dbcf/dependabot/github_actions/actions/dependency-review-action-4,"Merge pull request #38 from h91d41a1ee299dbcf/dependabot/github_actions/actions/dependency-review-action-4

github-actions(deps): bump actions/dependency-review-action from 3 to 4"
OEvortex/Webscout,9b45b6e434511f3ab98360d924582702517751ab,2025-03,-2,pre,2025-03-14T11:43:47+05:30,2025-03-14T11:43:47+05:30,u99c389b1b7bfbd23,u99c389b1b7bfbd23@users.invalid,u99c389b1b7bfbd23,u99c389b1b7bfbd23@users.invalid,1,0,3,45,35,3,45,35,,,,,,0,,Refactor DeepInfra and HuggingFaceChat providers; update available models and enhance initialization with assistantId,Refactor DeepInfra and HuggingFaceChat providers; update available models and enhance initialization with assistantId
OEvortex/Webscout,7a0cb5a09ed217abf6d222305ada25ebdef7354f,2025-03,-2,pre,2025-03-14T11:43:53+05:30,2025-03-14T11:43:53+05:30,u99c389b1b7bfbd23,u99c389b1b7bfbd23@users.invalid,u99c389b1b7bfbd23,u99c389b1b7bfbd23@users.invalid,2,1,0,0,0,0,0,0,,,,,,0,,Merge branch 'main' of https://github.com/h91d41a1ee299dbcf/Webscout,Merge branch 'main' of https://github.com/h91d41a1ee299dbcf/Webscout
OEvortex/Webscout,34d55c2e12c822d202143d82861693dbb58a095b,2025-03,-2,pre,2025-03-14T11:48:25+05:30,2025-03-14T11:48:25+05:30,u99c389b1b7bfbd23,u99c389b1b7bfbd23@users.invalid,u99c389b1b7bfbd23,u99c389b1b7bfbd23@users.invalid,1,0,1,4,2,1,4,2,,,,,,0,,Add system prompt parameter to HuggingFaceChat initialization,Add system prompt parameter to HuggingFaceChat initialization
OEvortex/Webscout,671c75f4595d6ed4f75778c3deb3158e50a490b5,2025-03,-2,pre,2025-03-14T13:34:12+05:30,2025-03-14T13:34:12+05:30,u99c389b1b7bfbd23,u99c389b1b7bfbd23@users.invalid,u99c389b1b7bfbd23,u99c389b1b7bfbd23@users.invalid,1,0,6,40,323,5,39,322,,,,,,0,,Remove logging functionality from Cloudflare and DeepSeek providers; update README to reflect changes in available models.,Remove logging functionality from Cloudflare and DeepSeek providers; update README to reflect changes in available models.
OEvortex/Webscout,82c1d387909a7fba471b9297a62e9eeaedc99f40,2025-03,-2,pre,2025-03-14T19:56:55+05:30,2025-03-14T19:56:55+05:30,u99c389b1b7bfbd23,u99c389b1b7bfbd23@users.invalid,u99c389b1b7bfbd23,u99c389b1b7bfbd23@users.invalid,1,0,4,185,2,3,184,1,,,,,,0,,Add Flowith provider implementation and update README; remove pygetwindow dependency,Add Flowith provider implementation and update README; remove pygetwindow dependency
OEvortex/Webscout,c0226afecaf647cbee3e049e0fcb35afebc227e9,2025-03,-2,pre,2025-03-14T19:58:57+05:30,2025-03-14T19:58:57+05:30,u99c389b1b7bfbd23,u99c389b1b7bfbd23@users.invalid,u99c389b1b7bfbd23,u99c389b1b7bfbd23@users.invalid,1,0,1,1,1,1,1,1,,,,,,0,,Bump version to 7.5,Bump version to 7.5
OEvortex/Webscout,c8f16b36259f04db82af38e9a37bab866152fa30,2025-03,-2,pre,2025-03-14T20:15:43+05:30,2025-03-14T20:15:43+05:30,u99c389b1b7bfbd23,u99c389b1b7bfbd23@users.invalid,u99c389b1b7bfbd23,u99c389b1b7bfbd23@users.invalid,1,0,1,0,1,1,0,1,,,,,,0,,Remove unused pygetwindow dependency from autocoder_utiles.py,Remove unused pygetwindow dependency from autocoder_utiles.py
OEvortex/Webscout,c8721cb4ca920bb2c883905441e8c66782d2b3c0,2025-03,-2,pre,2025-03-16T00:35:04+05:30,2025-03-16T00:35:04+05:30,u99c389b1b7bfbd23,u99c389b1b7bfbd23@users.invalid,u99c389b1b7bfbd23,u99c389b1b7bfbd23@users.invalid,1,0,15,829,651,10,443,287,,,,,,0,,"Add weather toolkit documentation, implement model management, and create GitHub workflows for labeling and releases","Add weather toolkit documentation, implement model management, and create GitHub workflows for labeling and releases"
OEvortex/Webscout,6ee2331555bd65788c6ce351620d6c3f37bc9602,2025-03,-2,pre,2025-03-16T18:07:34+05:30,2025-03-16T18:07:34+05:30,u99c389b1b7bfbd23,u99c389b1b7bfbd23@users.invalid,u99c389b1b7bfbd23,u99c389b1b7bfbd23@users.invalid,1,0,17,296,421,16,289,416,,,,,,0,,"Refactor TTS provider imports, remove Voicepods provider, and update README for new SpeechMa provider","Refactor TTS provider imports, remove Voicepods provider, and update README for new SpeechMa provider"
OEvortex/Webscout,2cb678ae9695e27624ba6e6b115b26b7ed85ee7a,2025-03,-2,pre,2025-03-16T18:55:12+05:30,2025-03-16T18:55:12+05:30,u99c389b1b7bfbd23,u99c389b1b7bfbd23@users.invalid,u99c389b1b7bfbd23,u99c389b1b7bfbd23@users.invalid,1,0,3,151,11,2,93,4,,,,,,0,,Add TTS voice management functionality and update README,Add TTS voice management functionality and update README
OEvortex/Webscout,4744b3621f845f5477cf16edf84c12e7ffff7c2a,2025-03,-2,pre,2025-03-16T19:24:59+05:30,2025-03-16T19:24:59+05:30,u99c389b1b7bfbd23,u99c389b1b7bfbd23@users.invalid,u99c389b1b7bfbd23,u99c389b1b7bfbd23@users.invalid,1,0,5,580,39,4,446,36,,,,,,0,,"Enhance LitAgent with new device types, browser fingerprinting support, and update documentation","Enhance LitAgent with new device types, browser fingerprinting support, and update documentation"
OEvortex/Webscout,64701f2e633df3e33357f6207534ff3746755113,2025-03,-2,pre,2025-03-16T19:29:00+05:30,2025-03-16T19:29:00+05:30,u99c389b1b7bfbd23,u99c389b1b7bfbd23@users.invalid,u99c389b1b7bfbd23,u99c389b1b7bfbd23@users.invalid,1,0,2,1,22,0,0,0,,,,,,0,,Update README with AI Search Providers and remove proxy rotation example from LitAgent documentation,Update README with AI Search Providers and remove proxy rotation example from LitAgent documentation
OEvortex/Webscout,002442555713f0df15ccc47a49544bc669c25ac7,2025-03,-2,pre,2025-03-16T22:03:14+05:30,2025-03-16T22:03:14+05:30,u99c389b1b7bfbd23,u99c389b1b7bfbd23@users.invalid,u99c389b1b7bfbd23,u99c389b1b7bfbd23@users.invalid,1,0,39,96,577,39,96,577,,,,,,0,,Refactor imports across multiple files to streamline code and remove unused dependencies,Refactor imports across multiple files to streamline code and remove unused dependencies
OEvortex/Webscout,1b6ce8ba2ccc243855483fd4e5bf386862db22e5,2025-03,-2,pre,2025-03-17T09:38:34+05:30,2025-03-17T09:38:34+05:30,u99c389b1b7bfbd23,u99c389b1b7bfbd23@users.invalid,u99c389b1b7bfbd23,u99c389b1b7bfbd23@users.invalid,1,0,1,8,0,1,8,0,,,,,,0,,"Add missing imports for Conversation, Optimizers, AutoCoder, and AwesomePrompts in AIutel.py","Add missing imports for Conversation, Optimizers, AutoCoder, and AwesomePrompts in AIutel.py"
OEvortex/Webscout,09bbb562140f8b86b45d4e718d3a4604f99d7c33,2025-03,-2,pre,2025-03-17T09:45:28+05:30,2025-03-17T09:45:28+05:30,u99c389b1b7bfbd23,u99c389b1b7bfbd23@users.invalid,u99c389b1b7bfbd23,u99c389b1b7bfbd23@users.invalid,1,0,1,0,14,1,0,14,,,,,,0,,Remove unused get_current_app method and its import from AutoCoder class,Remove unused get_current_app method and its import from AutoCoder class
OEvortex/Webscout,9f6c1e0fa6db121af3d6a528d20ca3f9e0fca85d,2025-03,-2,pre,2025-03-17T09:49:06+05:30,2025-03-17T09:49:06+05:30,u99c389b1b7bfbd23,u99c389b1b7bfbd23@users.invalid,u99c389b1b7bfbd23,u99c389b1b7bfbd23@users.invalid,1,0,1,3,2,1,3,2,,,,,,0,,Add tempfile import and initialize default_path for webscout_autocoder,Add tempfile import and initialize default_path for webscout_autocoder
OEvortex/Webscout,d259aee7c70e7bca1d6de22ef4383d8ac9312606,2025-03,-2,pre,2025-03-17T14:46:10+05:30,2025-03-17T14:46:10+05:30,u99c389b1b7bfbd23,u99c389b1b7bfbd23@users.invalid,u99c389b1b7bfbd23,u99c389b1b7bfbd23@users.invalid,1,0,25,484,1856,20,379,1431,,,,,,0,,Add MagicStudio provider for AI image generation and update README,Add MagicStudio provider for AI image generation and update README
OEvortex/Webscout,c2cfe81ab7ecdedd159aa6db6496e44e937bd292,2025-03,-2,pre,2025-03-17T14:47:13+05:30,2025-03-17T14:47:13+05:30,u99c389b1b7bfbd23,u99c389b1b7bfbd23@users.invalid,u99c389b1b7bfbd23,u99c389b1b7bfbd23@users.invalid,1,0,1,0,40,1,0,40,,,,,,0,,Remove AI art generation function and related imports from test.py,Remove AI art generation function and related imports from test.py
OEvortex/Webscout,f9a122b8fd518f83871455560cc6e50e664a3aa2,2025-03,-2,pre,2025-03-17T15:09:01+05:30,2025-03-17T15:09:01+05:30,u99c389b1b7bfbd23,u99c389b1b7bfbd23@users.invalid,u99c389b1b7bfbd23,u99c389b1b7bfbd23@users.invalid,1,0,8,663,0,6,530,0,,,,,,0,,Add FastFlux image generator provider and update README,Add FastFlux image generator provider and update README
OEvortex/Webscout,b12a81188d85b6e581562c908125d37d2718bc9d,2025-03,-2,pre,2025-03-19T17:34:35+05:30,2025-03-19T17:34:35+05:30,u99c389b1b7bfbd23,u99c389b1b7bfbd23@users.invalid,u99c389b1b7bfbd23,u99c389b1b7bfbd23@users.invalid,1,0,1,461,244,1,461,244,,,,,,0,,"Enhance GGUF model conversion with advanced features including imatrix quantization, model splitting, and improved hardware detection. Update CLI options and README generation for better user guidance.","Enhance GGUF model conversion with advanced features including imatrix quantization, model splitting, and improved hardware detection. Update CLI options and README generation for better user guidance."
OEvortex/Webscout,1c6161bb3a55e5255d8c65c659dc5aac2a74ad50,2025-03,-2,pre,2025-03-19T17:40:54+05:30,2025-03-19T17:40:54+05:30,u99c389b1b7bfbd23,u99c389b1b7bfbd23@users.invalid,u99c389b1b7bfbd23,u99c389b1b7bfbd23@users.invalid,1,0,1,5,5,1,5,5,,,,,,0,,Update GGUF model converter to include type hints for imports and improve train data path assignment logic,Update GGUF model converter to include type hints for imports and improve train data path assignment logic
OEvortex/Webscout,5fbefeb2571dca16d75d58122b753bdeebea2565,2025-03,-2,pre,2025-03-19T17:47:43+05:30,2025-03-19T17:47:43+05:30,u99c389b1b7bfbd23,u99c389b1b7bfbd23@users.invalid,u99c389b1b7bfbd23,u99c389b1b7bfbd23@users.invalid,1,0,1,106,87,1,106,87,,,,,,0,,Refactor GGUF model conversion process to streamline temporary directory management and encapsulate conversion logic in a helper method. This improves code organization and maintains functionality for both local and upload scenarios.,Refactor GGUF model conversion process to streamline temporary directory management and encapsulate conversion logic in a helper method. This improves code organization and maintains functionality for both local and upload scenarios.
OEvortex/Webscout,8a0b8deb6640e6facc38d949d7aaae5f561df19b,2025-03,-2,pre,2025-03-19T17:51:38+05:30,2025-03-19T17:51:38+05:30,u99c389b1b7bfbd23,u99c389b1b7bfbd23@users.invalid,u99c389b1b7bfbd23,u99c389b1b7bfbd23@users.invalid,1,0,3,0,236,2,0,218,,,,,,0,,Remove Autollama utility and related documentation from README and imports.,Remove Autollama utility and related documentation from README and imports.
OEvortex/Webscout,9b1d861a4687db787e4b14158dbf7aed5a4e0ab9,2025-03,-2,pre,2025-03-20T09:01:09+05:30,2025-03-20T09:01:09+05:30,u99c389b1b7bfbd23,u99c389b1b7bfbd23@users.invalid,u99c389b1b7bfbd23,u99c389b1b7bfbd23@users.invalid,1,0,28,820,683,26,815,678,,,,,,0,,Update license to reflect new attribution and licensing terms; remove logging options from GoogleS class; streamline provider testing in multiple classes; remove DiscordRocks provider; enhance model availability checks and error handling across various providers.,Update license to reflect new attribution and licensing terms; remove logging options from GoogleS class; streamline provider testing in multiple classes; remove DiscordRocks provider; enhance model availability checks and error handling across various providers.
OEvortex/Webscout,fedac8ba8e6e309d4e446f7ce453dbb3d9b49f01,2025-03,-2,pre,2025-03-20T10:03:25+05:30,2025-03-20T10:03:25+05:30,u99c389b1b7bfbd23,u99c389b1b7bfbd23@users.invalid,u99c389b1b7bfbd23,u99c389b1b7bfbd23@users.invalid,1,0,5,2,523,4,1,522,,,,,,0,,"Update version to 7.6, remove Amigo and Bing providers from the project, and clean up related imports in the Provider module. Adjust README to reflect current model availability.","Update version to 7.6, remove Amigo and Bing providers from the project, and clean up related imports in the Provider module. Adjust README to reflect current model availability."
OEvortex/Webscout,b1d432c565dd1e24e39a173927ba8eb3ef7ff691,2025-03,-2,pre,2025-03-21T11:40:03+03:00,2025-03-21T11:40:03+03:00,u190850f122de88c5,u190850f122de88c5@users.invalid,u190850f122de88c5,u190850f122de88c5@users.invalid,1,0,2,13,2,2,13,2,,,,,,0,,Fix some problems,Fix some problems
OEvortex/Webscout,c0a9488a19e579a23d1cc264a98215bceaf0fba6,2025-03,-2,pre,2025-03-21T11:42:05+03:00,2025-03-21T11:42:05+03:00,u190850f122de88c5,u190850f122de88c5@users.invalid,u190850f122de88c5,u190850f122de88c5@users.invalid,1,0,2,0,2,2,0,2,,,,,,0,,Fix some problems,Fix some problems
OEvortex/Webscout,9156122bf334e53eb629105cd8fa16f2a310de1a,2025-03,-2,pre,2025-03-21T15:49:39+05:30,2025-03-21T15:49:39+05:30,u99c389b1b7bfbd23,u99c389b1b7bfbd23@users.invalid,u99c389b1b7bfbd23,u99c389b1b7bfbd23@users.invalid,1,0,5,324,65,3,311,57,,,,,,0,,"Refactor GGUF model conversion to utilize ModelConverter class, enhancing README examples and improving type hints across the codebase. Update OLLAMA provider to support tools and images in chat methods, and adjust TypeGPT API endpoint for consistency.","Refactor GGUF model conversion to utilize ModelConverter class, enhancing README examples and improving type hints across the codebase. Update OLLAMA provider to support tools and images in chat methods, and adjust TypeGPT API endpoint for consistency."
OEvortex/Webscout,73f4006ba241607aa5f868f11451b78cad958283,2025-03,-2,pre,2025-03-21T18:43:04+05:30,2025-03-21T18:43:04+05:30,u99c389b1b7bfbd23,u99c389b1b7bfbd23@users.invalid,u99c389b1b7bfbd23,u99c389b1b7bfbd23@users.invalid,1,0,4,281,13,3,259,0,,,,,,0,,"Add weather functionality to CLI, including a new command for retrieving weather data and a dedicated display format. Update README with relevant links and installation instructions.","Add weather functionality to CLI, including a new command for retrieving weather data and a dedicated display format. Update README with relevant links and installation instructions."
OEvortex/Webscout,8a86d9e39674719d5a28243d97637072ab82478d,2025-03,-2,pre,2025-03-21T21:21:05+05:30,2025-03-21T21:21:05+05:30,ubebc7b870bd084ca,ubebc7b870bd084ca@users.invalid,GitHub,noreply@github.com,2,1,0,0,0,0,0,0,,,,,,0,43,Merge pull request #43 from hc7bab155bc87beab/fix_fastFlux,"Merge pull request #43 from hc7bab155bc87beab/fix_fastFlux

Fix fast flux provider"
OEvortex/Webscout,a225ef62dd41016c4884f75a7f3a2798b7bd36f4,2025-03,-2,pre,2025-03-21T21:23:14+05:30,2025-03-21T21:23:14+05:30,u99c389b1b7bfbd23,u99c389b1b7bfbd23@users.invalid,u99c389b1b7bfbd23,u99c389b1b7bfbd23@users.invalid,1,0,3,300,1,2,299,0,,,,,,0,,Update README and Provider module to include UncovrAI provider,Update README and Provider module to include UncovrAI provider
OEvortex/Webscout,a4244b75963920a2d6ba56d2761b5fce43365811,2025-03,-2,pre,2025-03-21T22:36:20+05:30,2025-03-21T22:36:20+05:30,u99c389b1b7bfbd23,u99c389b1b7bfbd23@users.invalid,u99c389b1b7bfbd23,u99c389b1b7bfbd23@users.invalid,1,0,2,244,4,2,244,4,,,,,,0,,"Enhance GliderAI to support both standard and DeepSeek response formats, improving content extraction logic for streaming text.","Enhance GliderAI to support both standard and DeepSeek response formats, improving content extraction logic for streaming text."
OEvortex/Webscout,0a6c4e991b5625e656bb35c54d9b4eef5444eebd,2025-03,-2,pre,2025-03-22T19:57:22+05:30,2025-03-22T19:57:22+05:30,uc398e0543fa72fc6,uc398e0543fa72fc6@users.invalid,uc398e0543fa72fc6,uc398e0543fa72fc6@users.invalid,1,0,13,1126,179,12,1125,178,,,,,,0,,feat: Remove logging and add new providers,"feat: Remove logging and add new providers

Removed unnecessary logging functionality across multiple providers to improve performance and reduce dependencies. Added new AI chat providers: LabyrinthAI, WebSim, LambdaChat, and ChatGPTClone.

Key Changes:
- Removed logging from AISEARCH/ISou.py and artbit providers
- Added multi-encoding response handling in flowith.py
- Updated README.md with new provider list
- Removed unused system prompt from AllenAI.py
- Simplified error handling in providers"
OEvortex/Webscout,bce699e0147b40fc00ed6dff3f78784b9c378a0c,2025-03,-2,pre,2025-03-22T20:16:20+05:30,2025-03-22T20:16:20+05:30,u99c389b1b7bfbd23,u99c389b1b7bfbd23@users.invalid,u99c389b1b7bfbd23,u99c389b1b7bfbd23@users.invalid,1,0,13,1126,179,12,1125,178,,,,,,0,,"Update README and Provider modules to include new AI providers: LabyrinthAI, WebSim, LambdaChat, and ChatGPTClone. Refactor AllenAI to streamline prompt handling and remove unused logging features from multiple providers, enhancing overall code clarity and maintainability.","Update README and Provider modules to include new AI providers: LabyrinthAI, WebSim, LambdaChat, and ChatGPTClone. Refactor AllenAI to streamline prompt handling and remove unused logging features from multiple providers, enhancing overall code clarity and maintainability."
OEvortex/Webscout,45e9adbebe3e16c0f2b6ce3effa8eb6e0af940ac,2025-03,-2,pre,2025-03-22T20:16:31+05:30,2025-03-22T20:16:31+05:30,u99c389b1b7bfbd23,u99c389b1b7bfbd23@users.invalid,u99c389b1b7bfbd23,u99c389b1b7bfbd23@users.invalid,2,1,0,0,0,0,0,0,,,,,,0,,Merge branch 'main' of https://github.com/h91d41a1ee299dbcf/Webscout,Merge branch 'main' of https://github.com/h91d41a1ee299dbcf/Webscout
OEvortex/Webscout,834413b500727b3bca5d361ed017af049ffe3ad4,2025-03,-2,pre,2025-03-22T21:36:13+05:30,2025-03-22T21:36:13+05:30,u99c389b1b7bfbd23,u99c389b1b7bfbd23@users.invalid,u99c389b1b7bfbd23,u99c389b1b7bfbd23@users.invalid,1,0,2,43,23,2,43,23,,,,,,0,,Fix,Fix
OEvortex/Webscout,ab2d335e178a1550af604a5eb72786639c35ce54,2025-03,-2,pre,2025-03-25T18:14:13+05:30,2025-03-25T18:14:13+05:30,u99c389b1b7bfbd23,u99c389b1b7bfbd23@users.invalid,u99c389b1b7bfbd23,u99c389b1b7bfbd23@users.invalid,1,0,5,598,164,5,598,164,,,,,,0,,"Enhance AutoCoder and LearnFast modules with improved error handling, execution result capture, and streamlined response processing. Key changes include:","Enhance AutoCoder and LearnFast modules with improved error handling, execution result capture, and streamlined response processing. Key changes include:

- Added detailed examples in `autocoder_utiles.py` for better user guidance.
- Refactored `AutoCoder` to capture execution results and handle timeouts more effectively.
- Updated `LearnFast` to support streaming responses and improved JSON parsing.
- Enhanced logging and output formatting using Rich for better console display.

These updates improve the overall functionality and user experience of the code execution and AI interaction features."
OEvortex/Webscout,7a8a4e8ab1fd57ff53fc5bd1a11043975888e8af,2025-03,-2,pre,2025-03-25T23:19:29+05:30,2025-03-25T23:19:29+05:30,u99c389b1b7bfbd23,u99c389b1b7bfbd23@users.invalid,u99c389b1b7bfbd23,u99c389b1b7bfbd23@users.invalid,1,0,3,15,21,3,15,21,,,,,,0,,Remove deprecated `t.py` file and update version to 7.7 in `version.py`. Refactor user agent generation in `agent.py` for improved browser handling and randomization.,Remove deprecated `t.py` file and update version to 7.7 in `version.py`. Refactor user agent generation in `agent.py` for improved browser handling and randomization.
OEvortex/Webscout,1bebc4fe1f17a83170e5458ba248946ab0d60acb,2025-03,-2,pre,2025-03-28T21:43:46+05:30,2025-03-28T21:43:46+05:30,u99c389b1b7bfbd23,u99c389b1b7bfbd23@users.invalid,u99c389b1b7bfbd23,u99c389b1b7bfbd23@users.invalid,1,0,1,13,10,1,13,10,,,,,,0,,Refactor `Bard.py` to streamline model definitions and improve code clarity. Removed unnecessary line breaks in the `UPLOAD` header and added new model `G_2_5_EXP_ADVANCED`. Marked several models as deprecated with comments for future removal. Updated type hints in the `from_name` method for consistency.,Refactor `Bard.py` to streamline model definitions and improve code clarity. Removed unnecessary line breaks in the `UPLOAD` header and added new model `G_2_5_EXP_ADVANCED`. Marked several models as deprecated with comments for future removal. Updated type hints in the `from_name` method for consistency.
OEvortex/Webscout,f97d30de4cfcb869e064c73e4d90baf0465e5cef,2025-03,-2,pre,2025-03-28T21:47:21+05:30,2025-03-28T21:47:21+05:30,u99c389b1b7bfbd23,u99c389b1b7bfbd23@users.invalid,u99c389b1b7bfbd23,u99c389b1b7bfbd23@users.invalid,1,0,1,4,18,1,4,18,,,,,,0,,Refactor `Gemini.py` to remove logging functionality and streamline model initialization. Updated model aliases to include `2.5-exp-advanced` and adjusted type hints for clarity. Removed unnecessary comments and logging code to enhance maintainability.,Refactor `Gemini.py` to remove logging functionality and streamline model initialization. Updated model aliases to include `2.5-exp-advanced` and adjusted type hints for clarity. Removed unnecessary comments and logging code to enhance maintainability.
OEvortex/Webscout,cd1037fe6f78ad2e0dce16216d536a51051d6d0d,2025-03,-2,pre,2025-03-28T22:24:47+05:30,2025-03-28T22:24:47+05:30,u99c389b1b7bfbd23,u99c389b1b7bfbd23@users.invalid,u99c389b1b7bfbd23,u99c389b1b7bfbd23@users.invalid,1,0,6,596,1,4,421,1,,,,,,0,,"Enhance `README.md` in the TTI provider to include the new `ImgSys` provider, which offers multi-provider image generation with error handling and async support.","Enhance `README.md` in the TTI provider to include the new `ImgSys` provider, which offers multi-provider image generation with error handling and async support."
OEvortex/Webscout,cc0df4b9ed0d8fd44b40e297c94449a7a6f7ff20,2025-03,-2,pre,2025-03-28T22:35:56+05:30,2025-03-28T22:35:56+05:30,u99c389b1b7bfbd23,u99c389b1b7bfbd23@users.invalid,u99c389b1b7bfbd23,u99c389b1b7bfbd23@users.invalid,1,0,6,23,5,0,0,0,,,,,,0,,"Update README.md files across multiple TTI providers to improve clarity and formatting. Added new sections and examples, ensured consistent spacing, and enhanced error handling descriptions. Notable changes include the addition of features and installation instructions for AiForce and Nexra, as well as optimizations in Piclumen and Talkai documentation.","Update README.md files across multiple TTI providers to improve clarity and formatting. Added new sections and examples, ensured consistent spacing, and enhanced error handling descriptions. Notable changes include the addition of features and installation instructions for AiForce and Nexra, as well as optimizations in Piclumen and Talkai documentation."
OEvortex/Webscout,ac455186b23cb1c18342c05a57e0154e85b22d75,2025-03,-2,pre,2025-03-29T21:55:36+05:30,2025-03-29T21:55:36+05:30,u99c389b1b7bfbd23,u99c389b1b7bfbd23@users.invalid,u99c389b1b7bfbd23,u99c389b1b7bfbd23@users.invalid,1,0,10,255,26,8,254,23,,,,,,0,,"Update README.md to include `VercelAI` in the list of providers. Modify `setup.py` to require Python 3.9 or higher. Refactor type hints in `webscout/utils.py` for improved clarity. Enhance multiple provider classes by updating response handling and adding new models in `Venice.py`. Clean up imports and streamline code in `QwenLM.py`, `uncovr.py`, and `WiseCat.py` for better maintainability.","Update README.md to include `VercelAI` in the list of providers. Modify `setup.py` to require Python 3.9 or higher. Refactor type hints in `webscout/utils.py` for improved clarity. Enhance multiple provider classes by updating response handling and adding new models in `Venice.py`. Clean up imports and streamline code in `QwenLM.py`, `uncovr.py`, and `WiseCat.py` for better maintainability."
OEvortex/Webscout,615062d7145cb1f168e4e42e42c65c82cea2fa31,2025-03,-2,pre,2025-03-29T21:57:21+05:30,2025-03-29T21:57:21+05:30,u99c389b1b7bfbd23,u99c389b1b7bfbd23@users.invalid,u99c389b1b7bfbd23,u99c389b1b7bfbd23@users.invalid,1,0,1,1,1,1,1,1,,,,,,0,,Enhance type hints in `webscout/utils.py` by adding `Union` to improve type clarity and support for multiple data types.,Enhance type hints in `webscout/utils.py` by adding `Union` to improve type clarity and support for multiple data types.
OEvortex/Webscout,c60d832863c29a642ccf3d111b306a8f4851783d,2025-03,-2,pre,2025-03-29T21:58:51+05:30,2025-03-29T21:58:51+05:30,u99c389b1b7bfbd23,u99c389b1b7bfbd23@users.invalid,u99c389b1b7bfbd23,u99c389b1b7bfbd23@users.invalid,1,0,1,8,8,1,8,8,,,,,,0,,"Refactor type hints in `tempid.py` to use `Optional` for nullable fields, enhancing type clarity and consistency across the `MessageResponseModel` class.","Refactor type hints in `tempid.py` to use `Optional` for nullable fields, enhancing type clarity and consistency across the `MessageResponseModel` class."
OEvortex/Webscout,09c7bdd85a98fe3b9336855e3e4a3a0c80c656e8,2025-03,-2,pre,2025-03-29T22:00:44+05:30,2025-03-29T22:00:44+05:30,u99c389b1b7bfbd23,u99c389b1b7bfbd23@users.invalid,u99c389b1b7bfbd23,u99c389b1b7bfbd23@users.invalid,1,0,1,4,4,1,4,4,,,,,,0,,"Refactor type hints in `tempid.py` to use `List` and `Optional` for improved type clarity and consistency in method signatures, enhancing code readability and maintainability.","Refactor type hints in `tempid.py` to use `List` and `Optional` for improved type clarity and consistency in method signatures, enhancing code readability and maintainability."
OEvortex/Webscout,e0b817d51262116c55cd5838f26c2c3114a83684,2025-03,-2,pre,2025-03-29T22:01:48+05:30,2025-03-29T22:01:48+05:30,u99c389b1b7bfbd23,u99c389b1b7bfbd23@users.invalid,u99c389b1b7bfbd23,u99c389b1b7bfbd23@users.invalid,1,0,1,2,1,1,2,1,,,,,,0,,"Refactor type hints in `AIutel.py` to use `Union` for improved type clarity in the `sanitize_stream` function, enhancing code readability and maintainability.","Refactor type hints in `AIutel.py` to use `Union` for improved type clarity in the `sanitize_stream` function, enhancing code readability and maintainability."
OEvortex/Webscout,23597fe966dd301cd1ffc1bc3d07cc001e7e13d1,2025-03,-2,pre,2025-03-29T22:03:18+05:30,2025-03-29T22:03:18+05:30,u99c389b1b7bfbd23,u99c389b1b7bfbd23@users.invalid,u99c389b1b7bfbd23,u99c389b1b7bfbd23@users.invalid,1,0,1,3,5,1,3,5,,,,,,0,,"Refactor type hints in `Llama.py` to use `Union` for improved type clarity in method signatures, enhancing code readability and maintainability.","Refactor type hints in `Llama.py` to use `Union` for improved type clarity in method signatures, enhancing code readability and maintainability."
OEvortex/Webscout,df142e261d8c9ed4bdb1330a7f07ba064873be65,2025-03,-2,pre,2025-03-29T22:07:34+05:30,2025-03-29T22:07:34+05:30,u99c389b1b7bfbd23,u99c389b1b7bfbd23@users.invalid,u99c389b1b7bfbd23,u99c389b1b7bfbd23@users.invalid,1,0,49,82,78,49,82,78,,,,,,0,,"Refactor type hints across multiple provider files to use `Union` for improved type clarity and consistency in method signatures, enhancing code readability and maintainability.","Refactor type hints across multiple provider files to use `Union` for improved type clarity and consistency in method signatures, enhancing code readability and maintainability."
OEvortex/Webscout,e3c619624d9a4c63f1ba8e24268c97b0bf506fc3,2025-03,-2,pre,2025-03-29T22:08:58+05:30,2025-03-29T22:08:58+05:30,u99c389b1b7bfbd23,u99c389b1b7bfbd23@users.invalid,u99c389b1b7bfbd23,u99c389b1b7bfbd23@users.invalid,1,0,1,3,11,1,3,11,,,,,,0,,"Refactor type hints in `Llama3.py` to improve type clarity by using `Union` in method signatures, enhancing code readability and maintainability.","Refactor type hints in `Llama3.py` to improve type clarity by using `Union` in method signatures, enhancing code readability and maintainability."
OEvortex/Webscout,2f26f8ded9432340e9ebc976f7dfc464f418bbd7,2025-03,-2,pre,2025-03-29T22:22:32+05:30,2025-03-29T22:22:32+05:30,u99c389b1b7bfbd23,u99c389b1b7bfbd23@users.invalid,u99c389b1b7bfbd23,u99c389b1b7bfbd23@users.invalid,1,0,1,2,2,1,2,2,,,,,,0,,"Refactor type hints in `bagoodex.py` to use `Union` for improved type clarity in method signatures, enhancing code readability and maintainability.","Refactor type hints in `bagoodex.py` to use `Union` for improved type clarity in method signatures, enhancing code readability and maintainability."
OEvortex/Webscout,db89ef1313db2864a1ea158bdf7dac34dad1ca50,2025-03,-2,pre,2025-03-29T22:24:18+05:30,2025-03-29T22:24:18+05:30,u99c389b1b7bfbd23,u99c389b1b7bfbd23@users.invalid,u99c389b1b7bfbd23,u99c389b1b7bfbd23@users.invalid,1,0,20,33,33,20,33,33,,,,,,0,,"Refactor type hints across multiple provider files to use `Union` for improved type clarity and consistency in method signatures, enhancing code readability and maintainability.","Refactor type hints across multiple provider files to use `Union` for improved type clarity and consistency in method signatures, enhancing code readability and maintainability."
OEvortex/Webscout,447ca305a47f9c7fd26a5dc693034ce79ce5b99e,2025-03,-2,pre,2025-03-29T22:25:35+05:30,2025-03-29T22:25:35+05:30,u99c389b1b7bfbd23,u99c389b1b7bfbd23@users.invalid,u99c389b1b7bfbd23,u99c389b1b7bfbd23@users.invalid,1,0,1,1,1,1,1,1,,,,,,0,,"Refactor type hints in `askmyai.py` to improve type clarity by using `Union` in method signatures, enhancing code readability and maintainability.","Refactor type hints in `askmyai.py` to improve type clarity by using `Union` in method signatures, enhancing code readability and maintainability."
OEvortex/Webscout,9322f5c323f7d6fd16858f58541f68ebc929eeb4,2025-03,-2,pre,2025-03-29T22:30:42+05:30,2025-03-29T22:30:42+05:30,u99c389b1b7bfbd23,u99c389b1b7bfbd23@users.invalid,u99c389b1b7bfbd23,u99c389b1b7bfbd23@users.invalid,1,0,10,11,11,10,11,11,,,,,,0,,"Refactor type hints across multiple provider files to improve type clarity by using `Union` in method signatures, enhancing code readability and maintainability.","Refactor type hints across multiple provider files to improve type clarity by using `Union` in method signatures, enhancing code readability and maintainability."
OEvortex/Webscout,bc5c64b7d79e7de9134acf45df16028e3ed5ec5c,2025-03,-2,pre,2025-03-29T22:31:48+05:30,2025-03-29T22:31:48+05:30,u99c389b1b7bfbd23,u99c389b1b7bfbd23@users.invalid,u99c389b1b7bfbd23,u99c389b1b7bfbd23@users.invalid,1,0,1,1,1,1,1,1,,,,,,0,,"Refactor type hints in `Marcus.py` to improve type clarity by using `Union` in method signatures, enhancing code readability and maintainability.","Refactor type hints in `Marcus.py` to improve type clarity by using `Union` in method signatures, enhancing code readability and maintainability."
OEvortex/Webscout,67dd2652805789b17a664744646233d01e9ccef3,2025-03,-2,pre,2025-03-29T22:32:59+05:30,2025-03-29T22:32:59+05:30,u99c389b1b7bfbd23,u99c389b1b7bfbd23@users.invalid,u99c389b1b7bfbd23,u99c389b1b7bfbd23@users.invalid,1,0,1,1,1,1,1,1,,,,,,0,,"Refactor type hints in `typegpt.py` to enhance type clarity by incorporating `Any`, `Dict`, and `Generator`, improving code readability and maintainability.","Refactor type hints in `typegpt.py` to enhance type clarity by incorporating `Any`, `Dict`, and `Generator`, improving code readability and maintainability."
OEvortex/Webscout,a46422c64f3b875fa42fc9aaa4bfb51992b8fd13,2025-03,-2,pre,2025-03-29T22:37:46+05:30,2025-03-29T22:37:46+05:30,u99c389b1b7bfbd23,u99c389b1b7bfbd23@users.invalid,u99c389b1b7bfbd23,u99c389b1b7bfbd23@users.invalid,1,0,1,2,2,1,2,2,,,,,,0,,"Refactor type hints in `multichat.py` to use `Union` in method signatures, enhancing type clarity and improving code readability and maintainability.","Refactor type hints in `multichat.py` to use `Union` in method signatures, enhancing type clarity and improving code readability and maintainability."
OEvortex/Webscout,2e66e80dd58b6a4b784560dda23b8374d4ed6ae3,2025-03,-2,pre,2025-03-29T22:43:52+05:30,2025-03-29T22:43:52+05:30,u99c389b1b7bfbd23,u99c389b1b7bfbd23@users.invalid,u99c389b1b7bfbd23,u99c389b1b7bfbd23@users.invalid,1,0,1,115,182,1,115,182,,,,,,0,,Refactor image upload handling in `copilot.py` to improve error handling and streamline the process. Added checks for the presence of the `nodriver` package and enhanced the retrieval of access tokens and cookies. Updated image upload API endpoint and improved response handling for better reliability.,Refactor image upload handling in `copilot.py` to improve error handling and streamline the process. Added checks for the presence of the `nodriver` package and enhanced the retrieval of access tokens and cookies. Updated image upload API endpoint and improved response handling for better reliability.
OEvortex/Webscout,6ab7c7c4acb3403bc172dd8a6ce7edcd62fdd33d,2025-03,-2,pre,2025-03-29T22:51:14+05:30,2025-03-29T22:51:14+05:30,u99c389b1b7bfbd23,u99c389b1b7bfbd23@users.invalid,u99c389b1b7bfbd23,u99c389b1b7bfbd23@users.invalid,1,0,1,182,115,1,182,115,,,,,,0,,"Refactor image upload and access token retrieval in `copilot.py`. Enhanced error handling, streamlined image upload process, and improved retrieval of access tokens and cookies from HAR files. Updated WebSocket message handling for better response processing.","Refactor image upload and access token retrieval in `copilot.py`. Enhanced error handling, streamlined image upload process, and improved retrieval of access tokens and cookies from HAR files. Updated WebSocket message handling for better response processing."
OEvortex/Webscout,71b9193562d0ad6bd873d27bc14f5c5ae872ab42,2025-03,-2,pre,2025-03-30T12:21:36+05:30,2025-03-30T12:21:36+05:30,u99c389b1b7bfbd23,u99c389b1b7bfbd23@users.invalid,u99c389b1b7bfbd23,u99c389b1b7bfbd23@users.invalid,1,0,7,324,12,6,323,11,,,,,,0,,"Update README and refactor type hints in AISEARCH provider files. Added `ExaChat` to the README and `__init__.py`. Enhanced type clarity in `DeepFind.py`, `felo_search.py`, `genspark_search.py`, and `ISou.py` by using `Union` in method signatures, improving code readability and maintainability.","Update README and refactor type hints in AISEARCH provider files. Added `ExaChat` to the README and `__init__.py`. Enhanced type clarity in `DeepFind.py`, `felo_search.py`, `genspark_search.py`, and `ISou.py` by using `Union` in method signatures, improving code readability and maintainability."
OEvortex/Webscout,cffcb35520764730df1c5c356612897bef2f6b4a,2025-03,-2,pre,2025-03-30T11:42:02+03:00,2025-03-30T11:42:02+03:00,u0e97fe8f10347ba6,u0e97fe8f10347ba6@users.invalid,u0e97fe8f10347ba6,u0e97fe8f10347ba6@users.invalid,1,0,1,2,39,1,2,39,,,,,,0,,Updated TypeGPT,Updated TypeGPT
OEvortex/Webscout,e3af93cc5d9c030c15855ab61ac3563cbedbd78a,2025-03,-2,pre,2025-03-30T14:17:55+05:30,2025-03-30T14:17:55+05:30,u99c389b1b7bfbd23,u99c389b1b7bfbd23@users.invalid,u99c389b1b7bfbd23,u99c389b1b7bfbd23@users.invalid,1,0,8,529,9,5,446,9,,,,,,0,,Refactor comments in `multichat.py` for consistency and clarity. Update README files in `AISEARCH` and `TTI` to include new provider details and enhance formatting. Add `pixelmuse` to the TTI provider list for improved documentation.,Refactor comments in `multichat.py` for consistency and clarity. Update README files in `AISEARCH` and `TTI` to include new provider details and enhance formatting. Add `pixelmuse` to the TTI provider list for improved documentation.
OEvortex/Webscout,3162f3591478d981973619d65213ef94aa938cfe,2025-03,-2,pre,2025-03-30T14:28:40+05:30,2025-03-30T14:28:40+05:30,uc74c24cf93966045,uc74c24cf93966045@users.invalid,GitHub,noreply@github.com,2,1,0,0,0,0,0,0,,,,,,0,44,Merge pull request #44 from h2965941bda85f5f6/main,"Merge pull request #44 from h2965941bda85f5f6/main

Updated TypeGPT"
OEvortex/Webscout,783c480322f84d3ba55dabd5d5c01b100edd389f,2025-03,-2,pre,2025-03-30T17:16:05+05:30,2025-03-30T17:16:05+05:30,u99c389b1b7bfbd23,u99c389b1b7bfbd23@users.invalid,u99c389b1b7bfbd23,u99c389b1b7bfbd23@users.invalid,1,0,2,35,24,0,0,0,,,,,,0,,Enhance formatting in TTI and pixelmuse README files by converting bullet points to asterisks for improved readability. Add spacing for better visual separation of sections.,Enhance formatting in TTI and pixelmuse README files by converting bullet points to asterisks for improved readability. Add spacing for better visual separation of sections.
OEvortex/Webscout,a0a9f804ac716beb01618fd11ea72af7ef4b75f7,2025-03,-2,pre,2025-03-31T13:56:39+05:30,2025-03-31T13:56:39+05:30,u99c389b1b7bfbd23,u99c389b1b7bfbd23@users.invalid,u99c389b1b7bfbd23,u99c389b1b7bfbd23@users.invalid,1,0,10,610,343,7,597,339,,,,,,0,,Enhance README and CLI functionality by adding a new command for interactive AI chat using DuckDuckGo's AI. Refactor output formatting in CLI commands for improved readability. Update weather command to accept location as a parameter. Introduce timeout options for various commands to enhance user experience. Update provider models in Cloudflare and ElectronHub for better compatibility with new AI models.,Enhance README and CLI functionality by adding a new command for interactive AI chat using DuckDuckGo's AI. Refactor output formatting in CLI commands for improved readability. Update weather command to accept location as a parameter. Introduce timeout options for various commands to enhance user experience. Update provider models in Cloudflare and ElectronHub for better compatibility with new AI models.
OEvortex/Webscout,b8c581e00f7f4031422385c3314c60c80f3dc43f,2025-03,-2,pre,2025-03-31T22:16:43+05:30,2025-03-31T22:16:43+05:30,u99c389b1b7bfbd23,u99c389b1b7bfbd23@users.invalid,u99c389b1b7bfbd23,u99c389b1b7bfbd23@users.invalid,1,0,3,206,16,2,205,0,,,,,,0,,Update README to remove Devs Do Code's YouTube link and enhance formatting. Add AskSteve provider to the __init__.py file for improved functionality.,Update README to remove Devs Do Code's YouTube link and enhance formatting. Add AskSteve provider to the __init__.py file for improved functionality.
OEvortex/Webscout,0d6ff18a9799de1f2bbe637431e363e4c49006e7,2025-03,-2,pre,2025-03-31T23:47:33+05:30,2025-03-31T23:47:33+05:30,u99c389b1b7bfbd23,u99c389b1b7bfbd23@users.invalid,u99c389b1b7bfbd23,u99c389b1b7bfbd23@users.invalid,1,0,3,295,1,2,294,0,,,,,,0,,Update README to include Aitopia provider and enhance the list of AI services. Add Aitopia to the __init__.py file for improved provider integration.,Update README to include Aitopia provider and enhance the list of AI services. Add Aitopia to the __init__.py file for improved provider integration.
OEvortex/Webscout,ca350e5928ccbf7220cdff43db47cf8e18a307c4,2025-04,-1,pre,2025-04-01T12:59:37+05:30,2025-04-01T12:59:37+05:30,u99c389b1b7bfbd23,u99c389b1b7bfbd23@users.invalid,u99c389b1b7bfbd23,u99c389b1b7bfbd23@users.invalid,1,0,4,306,3,2,295,0,,,,,,0,,Update README to include SearchChatAI provider and enhance TTS documentation with additional voice selection and logging details. Add SearchChatAI to the __init__.py file for improved provider integration.,Update README to include SearchChatAI provider and enhance TTS documentation with additional voice selection and logging details. Add SearchChatAI to the __init__.py file for improved provider integration.
OEvortex/Webscout,c9ea446a871960f180305cfffa0a9eb3c85bae5f,2025-04,-1,pre,2025-04-01T21:31:15+05:30,2025-04-01T21:31:15+05:30,ue257b1df32748e3f,ue257b1df32748e3f@users.invalid,GitHub,noreply@github.com,1,0,1,23,0,1,23,0,,,,,,0,,Adding thinking to autocoder,Adding thinking to autocoder
OEvortex/Webscout,ec676f99301f10797ae646a3eb27069c53993fd0,2025-04,-1,pre,2025-04-01T21:31:57+05:30,2025-04-01T21:31:57+05:30,ue257b1df32748e3f,ue257b1df32748e3f@users.invalid,GitHub,noreply@github.com,1,0,1,139,1,1,139,1,,,,,,0,,Added thinking to autocoder,Added thinking to autocoder
OEvortex/Webscout,39a97ea7cce025b063a3fc0cb15e651d63362b13,2025-04,-1,pre,2025-04-01T22:34:26+05:30,2025-04-01T22:34:26+05:30,u99c389b1b7bfbd23,u99c389b1b7bfbd23@users.invalid,u99c389b1b7bfbd23,u99c389b1b7bfbd23@users.invalid,1,0,2,270,2,2,270,2,,,,,,0,,"Add a ""NOT WORKING"" comment to oivscode.py and update type hints in method signatures. Include debugging print statement for response text to assist in troubleshooting.","Add a ""NOT WORKING"" comment to oivscode.py and update type hints in method signatures. Include debugging print statement for response text to assist in troubleshooting."
OEvortex/Webscout,2b90ea9d91fc27f07839ac9741fda79a144a2ea4,2025-04,-1,pre,2025-04-01T22:34:31+05:30,2025-04-01T22:34:31+05:30,u99c389b1b7bfbd23,u99c389b1b7bfbd23@users.invalid,u99c389b1b7bfbd23,u99c389b1b7bfbd23@users.invalid,2,1,0,0,0,0,0,0,,,,,,0,,Merge branch 'main' of https://github.com/h91d41a1ee299dbcf/Webscout,Merge branch 'main' of https://github.com/h91d41a1ee299dbcf/Webscout
OEvortex/Webscout,6d81d930becf6dd61693395957f0dae5ca6c13c2,2025-04,-1,pre,2025-04-01T23:32:47+05:30,2025-04-01T23:32:47+05:30,u99c389b1b7bfbd23,u99c389b1b7bfbd23@users.invalid,u99c389b1b7bfbd23,u99c389b1b7bfbd23@users.invalid,1,0,4,45,62,4,45,62,,,,,,0,,Remove autocoder_usage.py and update available models in FreeAIChat and FreeAIPlayground providers for improved compatibility and clarity. Add new models and enhance existing model names for better user understanding.,Remove autocoder_usage.py and update available models in FreeAIChat and FreeAIPlayground providers for improved compatibility and clarity. Add new models and enhance existing model names for better user understanding.
OEvortex/Webscout,023eb8b992de14f6ee92bad1355189e62c83a341,2025-04,-1,pre,2025-04-02T19:06:40+05:30,2025-04-02T19:06:40+05:30,u99c389b1b7bfbd23,u99c389b1b7bfbd23@users.invalid,u99c389b1b7bfbd23,u99c389b1b7bfbd23@users.invalid,1,0,3,544,431,2,499,424,,,,,,0,,"Rename GoogleS to GoogleSearch and enhance search functionality with improved error handling, support for text and news searches, and refined response parsing. Update README with new usage examples.","Rename GoogleS to GoogleSearch and enhance search functionality with improved error handling, support for text and news searches, and refined response parsing. Update README with new usage examples."
OEvortex/Webscout,f04d3c35299de3f74fac5b7200e419b658925bd7,2025-04,-1,pre,2025-04-02T19:50:36+05:30,2025-04-02T19:50:36+05:30,u99c389b1b7bfbd23,u99c389b1b7bfbd23@users.invalid,u99c389b1b7bfbd23,u99c389b1b7bfbd23@users.invalid,1,0,1,1,1,1,1,1,,,,,,0,,Bump version to 7.8 in version.py,Bump version to 7.8 in version.py
OEvortex/Webscout,51505eed339f6ba6a05cb8e0700a5ca42462ca14,2025-04,-1,pre,2025-04-02T20:33:46+05:30,2025-04-02T20:33:46+05:30,u99c389b1b7bfbd23,u99c389b1b7bfbd23@users.invalid,u99c389b1b7bfbd23,u99c389b1b7bfbd23@users.invalid,1,0,50,62,68,50,62,68,,,,,,0,,Refactor imports to use 'litagent' module for LitAgent across multiple provider files,"Refactor imports to use 'litagent' module for LitAgent across multiple provider files

- Updated import statements in Aitopia.py, AllenAI.py, Andi.py, C4ai.py, ChatGPTES.py, ChatGPTGratis.py, Chatify.py, Cloudflare.py, DARKAI.py, DeepSeek.py, Deepinfra.py, ElectronHub.py, Free2GPT.py, GithubChat.py, Glider.py, HeckAI.py, HuggingFaceChat.py, Hunyuan.py, LambdaChat.py, PI.py, Perplexitylabs.py, PizzaGPT.py, TextPollinationsAI.py, TwoAI.py, Venice.py, VercelAI.py, WebSim.py, WiseCat.py, aimathgpt.py, askmyai.py, asksteve.py, cerebras.py, chatglm.py, cleeai.py, copilot.py, elmo.py, flowith.py, freeaichat.py, gaurish.py, geminiprorealtime.py, granite.py, hermes.py, lepton.py, llama3mitril.py, llamatutor.py, llmchat.py, meta.py, promptrefine.py, searchchat.py, sonus.py."
OEvortex/Webscout,27c8370b6ccecbf137f5ea05ff3662b142d0c034,2025-04,-1,pre,2025-04-03T12:27:42+05:30,2025-04-03T12:27:42+05:30,u99c389b1b7bfbd23,u99c389b1b7bfbd23@users.invalid,u99c389b1b7bfbd23,u99c389b1b7bfbd23@users.invalid,1,0,3,397,28,3,397,28,,,,,,0,,Enhance YEPCHAT provider with tool calling functionality and update Conversation class to support tool management. Add example usage for weather tool in new script.,Enhance YEPCHAT provider with tool calling functionality and update Conversation class to support tool management. Add example usage for weather tool in new script.
OEvortex/Webscout,6401a8f17c168293e4422b1d2ed2cf50246ef28d,2025-04,-1,pre,2025-04-03T15:10:34+05:30,2025-04-03T15:10:34+05:30,ue257b1df32748e3f,ue257b1df32748e3f@users.invalid,GitHub,noreply@github.com,1,0,1,76,19,1,76,19,,,,,,0,,Update conversation.py prompting,Update conversation.py prompting
OEvortex/Webscout,66e6e8c6bb4e7aad5cc653a90a93c7c4d394c79f,2025-04,-1,pre,2025-04-03T15:28:00+05:30,2025-04-03T15:28:00+05:30,ue257b1df32748e3f,ue257b1df32748e3f@users.invalid,GitHub,noreply@github.com,1,0,1,12,3,1,12,3,,,,,,0,,intro updated,intro updated
OEvortex/Webscout,8bb7b81f5d77d2b38b98d65d8fbc14cf1f9b7174,2025-04,-1,pre,2025-04-03T15:35:54+05:30,2025-04-03T15:35:54+05:30,ue257b1df32748e3f,ue257b1df32748e3f@users.invalid,GitHub,noreply@github.com,1,0,1,38,71,1,38,71,,,,,,0,,making intro short,making intro short
OEvortex/Webscout,529f514a9b6a54a0838eace34132a671b18febb3,2025-04,-1,pre,2025-04-03T15:44:02+05:30,2025-04-03T15:44:02+05:30,ue257b1df32748e3f,ue257b1df32748e3f@users.invalid,GitHub,noreply@github.com,1,0,1,1,1,1,1,1,,,,,,0,,Rename rawdog.py to autocoder.py,Rename rawdog.py to autocoder.py
OEvortex/Webscout,6bae2d68e82b6d8f00f4ce03a5ef8f304b3f7171,2025-04,-1,pre,2025-04-04T20:05:40+05:30,2025-04-04T20:05:40+05:30,uc74c24cf93966045,uc74c24cf93966045@users.invalid,GitHub,noreply@github.com,1,0,1,30,25,0,0,0,,,,,,0,,style(README): Improve banner presentation,"style(README): Improve banner presentation

Updates the main banner, description, badges, and social link presentation at the top of the README for better clarity and visual appeal."
OEvortex/Webscout,9b5a9cb2b8855c6b9a7f64ada1ced0bc4a281fae,2025-04,-1,pre,2025-04-04T23:07:50+05:30,2025-04-04T23:07:50+05:30,u99c389b1b7bfbd23,u99c389b1b7bfbd23@users.invalid,u99c389b1b7bfbd23,u99c389b1b7bfbd23@users.invalid,1,0,10,2584,727,9,2236,685,,,,,,0,,Add enhanced debugging and logging functionality with lit and litprint modules,"Add enhanced debugging and logging functionality with lit and litprint modules

- Implemented `lit` function for enhanced printing with context information, configurable options, and logging capabilities.
- Created `litprint` function as an alias for `lit`, maintaining similar functionality for compatibility.
- Developed `log` function to log messages with various levels (debug, info, warning, error) and enhanced formatting.
- Introduced `PrettyTraceback` class for improved exception handling and traceback visualization, including syntax error formatting and local variable display.
- Integrated Pygments for syntax highlighting in tracebacks, with support for custom styles.
- Added installation and uninstallation functions for the custom exception hook to replace the default Python exception handler.
- Included extensive docstrings and examples for usage in both `lit` and `litprint` modules."
OEvortex/Webscout,342d751639bb79e10bf9697a0453896c8b4e90b8,2025-04,-1,pre,2025-04-04T23:08:03+05:30,2025-04-04T23:08:03+05:30,u99c389b1b7bfbd23,u99c389b1b7bfbd23@users.invalid,u99c389b1b7bfbd23,u99c389b1b7bfbd23@users.invalid,2,1,0,0,0,0,0,0,,,,,,0,,Merge branch 'main' of https://github.com/OEvortex/Webscout,Merge branch 'main' of https://github.com/OEvortex/Webscout
OEvortex/Webscout,489fa8aaa6257450427828efc6abbe9dc4459c60,2025-04,-1,pre,2025-04-05T00:13:31+05:30,2025-04-05T00:13:31+05:30,u99c389b1b7bfbd23,u99c389b1b7bfbd23@users.invalid,u99c389b1b7bfbd23,u99c389b1b7bfbd23@users.invalid,1,0,1,0,0,0,0,0,,,,,,0,,Updated changelog.md with a professional and modern format for better readability and organization.,Updated changelog.md with a professional and modern format for better readability and organization.
OEvortex/Webscout,05f05af7c02cdf2aa1c2fe094bb7424c9a116e5c,2025-04,-1,pre,2025-04-05T00:21:09+05:30,2025-04-05T00:21:09+05:30,u99c389b1b7bfbd23,u99c389b1b7bfbd23@users.invalid,u99c389b1b7bfbd23,u99c389b1b7bfbd23@users.invalid,1,0,2,90,9,0,0,0,,,,,,0,,docs(LEGAL_NOTICE): Enhance legal notice with clearer disclaimers and updated licensing terms,docs(LEGAL_NOTICE): Enhance legal notice with clearer disclaimers and updated licensing terms
OEvortex/Webscout,d909c5faaaf4d20ad6de2a9cba8f7bacd460ed3d,2025-04,-1,pre,2025-04-05T00:39:14+05:30,2025-04-05T00:39:14+05:30,u99c389b1b7bfbd23,u99c389b1b7bfbd23@users.invalid,u99c389b1b7bfbd23,u99c389b1b7bfbd23@users.invalid,1,0,2,244,110,0,0,0,,,,,,0,,"docs(README): Revamp README with enhanced introduction, features, and installation instructions","docs(README): Revamp README with enhanced introduction, features, and installation instructions"
OEvortex/Webscout,75684bff79dec5d565d77ec953186465def9929f,2025-04,-1,pre,2025-04-05T00:57:42+05:30,2025-04-05T00:57:42+05:30,u99c389b1b7bfbd23,u99c389b1b7bfbd23@users.invalid,u99c389b1b7bfbd23,u99c389b1b7bfbd23@users.invalid,1,0,1,1,7,1,1,7,,,,,,0,,fix(traceback): Update import statements and remove redundant warnings for better clarity,fix(traceback): Update import statements and remove redundant warnings for better clarity
OEvortex/Webscout,c3c3192d5a907ef41c0ad78c6480b958eb5b1816,2025-04,-1,pre,2025-04-05T12:13:59+05:30,2025-04-05T12:13:59+05:30,u99c389b1b7bfbd23,u99c389b1b7bfbd23@users.invalid,u99c389b1b7bfbd23,u99c389b1b7bfbd23@users.invalid,1,0,10,19,2546,9,19,2242,,,,,,0,,refactor(litprinter): replace bundled implementation with external package import,refactor(litprinter): replace bundled implementation with external package import
OEvortex/Webscout,64b400ae0c1954137c9134c524bd67ba474fdf83,2025-04,-1,pre,2025-04-05T12:14:13+05:30,2025-04-05T12:14:13+05:30,u99c389b1b7bfbd23,u99c389b1b7bfbd23@users.invalid,u99c389b1b7bfbd23,u99c389b1b7bfbd23@users.invalid,1,0,1,1,1,1,1,1,,,,,,0,,docs(__init__): clarify fallback behavior for litprinter import,docs(__init__): clarify fallback behavior for litprinter import
OEvortex/Webscout,111f28c79084b575d407b9a053c20adb1a1e4445,2025-04,-1,pre,2025-04-05T14:09:45+05:30,2025-04-05T14:09:45+05:30,u99c389b1b7bfbd23,u99c389b1b7bfbd23@users.invalid,u99c389b1b7bfbd23,u99c389b1b7bfbd23@users.invalid,1,0,9,1649,12,7,1165,0,,,,,,0,,feat: Implement TempMail package for temporary email generation,"feat: Implement TempMail package for temporary email generation

- Added `__init__.py` to initialize the TempMail package with necessary imports.
- Created `async_utils.py` for asynchronous utilities related to temporary email generation.
- Developed `base.py` with abstract classes for synchronous and asynchronous temporary email providers.
- Introduced `cli.py` for a command-line interface to manage temporary email accounts.
- Implemented `mail_tm.py` for Mail.TM provider functionality, including account creation and message retrieval.
- Added `temp_mail_io.py` for TempMail.io provider implementation, supporting both synchronous and asynchronous operations."
OEvortex/Webscout,a3b46c56c1c66e4e10482ab9d0437c6af33c47b3,2025-04,-1,pre,2025-04-05T14:51:56+05:30,2025-04-05T14:51:56+05:30,u99c389b1b7bfbd23,u99c389b1b7bfbd23@users.invalid,u99c389b1b7bfbd23,u99c389b1b7bfbd23@users.invalid,1,0,1,6,1,1,6,1,,,,,,0,,feat(freeaichat): add new models to AVAILABLE_MODELS list,feat(freeaichat): add new models to AVAILABLE_MODELS list
OEvortex/Webscout,ef9da1406124300054b7ec5a0c8949e1ba20e552,2025-04,-1,pre,2025-04-05T14:55:55+05:30,2025-04-05T14:55:55+05:30,u99c389b1b7bfbd23,u99c389b1b7bfbd23@users.invalid,u99c389b1b7bfbd23,u99c389b1b7bfbd23@users.invalid,1,0,3,1,228,2,0,227,,,,,,0,,chore(provider): remove DARKAI provider and update imports,chore(provider): remove DARKAI provider and update imports
OEvortex/Webscout,39e9f1c84c7abe0686a741d2542f40b8ead91b7d,2025-04,-1,pre,2025-04-06T13:14:37+05:30,2025-04-06T13:14:37+05:30,u99c389b1b7bfbd23,u99c389b1b7bfbd23@users.invalid,u99c389b1b7bfbd23,u99c389b1b7bfbd23@users.invalid,1,0,1,2,0,1,2,0,,,,,,0,,feat(DeepInfra): add new models to AVAILABLE_MODELS list,feat(DeepInfra): add new models to AVAILABLE_MODELS list
OEvortex/Webscout,fd129ff7bfbd9795166766bf2ab502da9a586362,2025-04,-1,pre,2025-04-06T13:44:37+05:30,2025-04-06T13:44:37+05:30,u99c389b1b7bfbd23,u99c389b1b7bfbd23@users.invalid,u99c389b1b7bfbd23,u99c389b1b7bfbd23@users.invalid,1,0,1,38,24,1,38,24,,,,,,0,,feat(GROQ): update AVAILABLE_MODELS list with new models and remove commented entries,feat(GROQ): update AVAILABLE_MODELS list with new models and remove commented entries
OEvortex/Webscout,eeecbce0de5c1d49ad4bb805028734018ce1b660,2025-04,-1,pre,2025-04-06T13:52:14+05:30,2025-04-06T13:52:14+05:30,u99c389b1b7bfbd23,u99c389b1b7bfbd23@users.invalid,u99c389b1b7bfbd23,u99c389b1b7bfbd23@users.invalid,1,0,1,2,2,1,2,2,,,,,,0,,feat(DeepInfra): restore google gemma models to AVAILABLE_MODELS list,feat(DeepInfra): restore google gemma models to AVAILABLE_MODELS list
OEvortex/Webscout,b4344b50075fd1fb016e2b7453b19f314d545cdb,2025-04,-1,pre,2025-04-06T14:00:54+05:30,2025-04-06T14:00:54+05:30,u99c389b1b7bfbd23,u99c389b1b7bfbd23@users.invalid,u99c389b1b7bfbd23,u99c389b1b7bfbd23@users.invalid,1,0,1,28,26,1,28,26,,,,,,0,,feat(TextPollinationsAI): update AVAILABLE_MODELS list with new models and improved descriptions,feat(TextPollinationsAI): update AVAILABLE_MODELS list with new models and improved descriptions
OEvortex/Webscout,0097102a21c58af777ed3cf01abe2cd395bf8a06,2025-04,-1,pre,2025-04-06T14:14:19+05:30,2025-04-06T14:14:19+05:30,u99c389b1b7bfbd23,u99c389b1b7bfbd23@users.invalid,u99c389b1b7bfbd23,u99c389b1b7bfbd23@users.invalid,1,0,1,28,15,1,28,15,,,,,,0,,feat(UncovrAI): update AVAILABLE_MODELS and enhance error handling in response parsing,feat(UncovrAI): update AVAILABLE_MODELS and enhance error handling in response parsing
OEvortex/Webscout,d1609e23a0aa304edee3066f894c6186fc212e2d,2025-04,-1,pre,2025-04-06T14:24:28+05:30,2025-04-06T14:24:28+05:30,u99c389b1b7bfbd23,u99c389b1b7bfbd23@users.invalid,u99c389b1b7bfbd23,u99c389b1b7bfbd23@users.invalid,1,0,1,20,5,1,20,5,,,,,,0,,feat(ExaChat): add cerebras models and update gemini model list,feat(ExaChat): add cerebras models and update gemini model list
OEvortex/Webscout,5b7289caa89818028c61520ab816859159277dc3,2025-04,-1,pre,2025-04-06T14:37:37+05:30,2025-04-06T14:37:37+05:30,u99c389b1b7bfbd23,u99c389b1b7bfbd23@users.invalid,u99c389b1b7bfbd23,u99c389b1b7bfbd23@users.invalid,1,0,1,2,1,1,2,1,,,,,,0,,"feat(LambdaChat): add ""qwen25-coder-32b-instruct"" to AVAILABLE_MODELS list","feat(LambdaChat): add ""qwen25-coder-32b-instruct"" to AVAILABLE_MODELS list"
OEvortex/Webscout,6ce5ef31b7af38938b5f46a3a87c5d57300a437f,2025-04,-1,pre,2025-04-08T23:04:07+05:30,2025-04-08T23:04:07+05:30,u99c389b1b7bfbd23,u99c389b1b7bfbd23@users.invalid,u99c389b1b7bfbd23,u99c389b1b7bfbd23@users.invalid,1,0,3,23,20,3,23,20,,,,,,0,,feat(litprinter): raise informative error if litprinter is not installed refactor(update_checker): improve version retrieval and error handling style(init): adjust import statements for consistency,"feat(litprinter): raise informative error if litprinter is not installed
refactor(update_checker): improve version retrieval and error handling
style(init): adjust import statements for consistency"
OEvortex/Webscout,f50e29f486de8349f56d420d82a62665e3413b4e,2025-04,-1,pre,2025-04-08T23:15:24+05:30,2025-04-08T23:15:24+05:30,u99c389b1b7bfbd23,u99c389b1b7bfbd23@users.invalid,u99c389b1b7bfbd23,u99c389b1b7bfbd23@users.invalid,1,0,1,169,169,1,169,169,,,,,,0,,style(optimizers): standardize formatting and indentation in system context prompts,style(optimizers): standardize formatting and indentation in system context prompts
OEvortex/Webscout,0ca08b74c9c0c2c74cd344633eefc8c16fb460f8,2025-04,-1,pre,2025-04-09T16:11:42+05:30,2025-04-09T16:11:42+05:30,u99c389b1b7bfbd23,u99c389b1b7bfbd23@users.invalid,u99c389b1b7bfbd23,u99c389b1b7bfbd23@users.invalid,1,0,2,14,32,2,14,32,,,,,,0,,feat(Gemini): update model aliases and remove deprecated entries,feat(Gemini): update model aliases and remove deprecated entries
OEvortex/Webscout,deb93e96451221a3a7870a38b7db2884e882a145,2025-04,-1,pre,2025-04-09T16:16:34+05:30,2025-04-09T16:16:34+05:30,u99c389b1b7bfbd23,u99c389b1b7bfbd23@users.invalid,u99c389b1b7bfbd23,u99c389b1b7bfbd23@users.invalid,1,0,1,2,0,1,2,0,,,,,,0,,feat(FreeAIChat): add Llama 4 Scout and Llama 4 Maverick to AVAILABLE_MODELS,feat(FreeAIChat): add Llama 4 Scout and Llama 4 Maverick to AVAILABLE_MODELS
OEvortex/Webscout,082a51ddefbd14db57cb8ac682b5709980faf752,2025-04,-1,pre,2025-04-09T16:26:52+05:30,2025-04-09T16:26:52+05:30,u99c389b1b7bfbd23,u99c389b1b7bfbd23@users.invalid,u99c389b1b7bfbd23,u99c389b1b7bfbd23@users.invalid,1,0,1,483,490,1,483,490,,,,,,0,,feat(ElectronHub): update AVAILABLE_MODELS with new AI model entries,feat(ElectronHub): update AVAILABLE_MODELS with new AI model entries
OEvortex/Webscout,ee3d44a34d93d17cda039c5810e9a4068f3f0bdb,2025-04,-1,pre,2025-04-09T16:40:22+05:30,2025-04-09T16:40:22+05:30,u99c389b1b7bfbd23,u99c389b1b7bfbd23@users.invalid,u99c389b1b7bfbd23,u99c389b1b7bfbd23@users.invalid,1,0,3,1,195,2,0,194,,,,,,0,,chore(Provider): remove Editee provider and update imports,chore(Provider): remove Editee provider and update imports
OEvortex/Webscout,86d5b1d3736dbf5c466ae0e50783c2d67778c2a6,2025-04,-1,pre,2025-04-09T16:41:04+05:30,2025-04-09T16:41:04+05:30,u99c389b1b7bfbd23,u99c389b1b7bfbd23@users.invalid,u99c389b1b7bfbd23,u99c389b1b7bfbd23@users.invalid,1,0,1,1,1,1,1,1,,,,,,0,,chore(version): update version to 7.9,chore(version): update version to 7.9
OEvortex/Webscout,313f7a4116a0780d0eecf4baea84cef12463f214,2025-04,-1,pre,2025-04-09T16:46:23+05:30,2025-04-09T16:46:23+05:30,u99c389b1b7bfbd23,u99c389b1b7bfbd23@users.invalid,u99c389b1b7bfbd23,u99c389b1b7bfbd23@users.invalid,1,0,1,0,0,0,0,0,,,,,,0,,chore(changelog): update changelog for version 7.9 release,chore(changelog): update changelog for version 7.9 release
OEvortex/Webscout,e4653126951a832ea1828685ce8ebd37523b00e4,2025-04,-1,pre,2025-04-09T20:48:57+05:30,2025-04-09T20:48:57+05:30,u99c389b1b7bfbd23,u99c389b1b7bfbd23@users.invalid,u99c389b1b7bfbd23,u99c389b1b7bfbd23@users.invalid,1,0,5,272,122,5,272,122,,,,,,0,,feat(AI): enhance chat functionality with retry logic and Turnstile token handling,feat(AI): enhance chat functionality with retry logic and Turnstile token handling
OEvortex/Webscout,dba0c6b7b9267b8a052d8ecbe6e6b95737d357a5,2025-04,-1,pre,2025-04-10T11:19:57+05:30,2025-04-10T11:19:57+05:30,u99c389b1b7bfbd23,u99c389b1b7bfbd23@users.invalid,u99c389b1b7bfbd23,u99c389b1b7bfbd23@users.invalid,1,0,1,72,42,1,72,42,,,,,,0,,feat(YouChat): update available models and improve API interaction,feat(YouChat): update available models and improve API interaction
OEvortex/Webscout,22c1146f6277fa6d4097ef36dda0972d25fe0416,2025-04,-1,pre,2025-04-10T11:57:43+05:30,2025-04-10T11:57:43+05:30,u99c389b1b7bfbd23,u99c389b1b7bfbd23@users.invalid,u99c389b1b7bfbd23,u99c389b1b7bfbd23@users.invalid,1,0,1,3,2,1,3,2,,,,,,0,,feat(Netwrck): update available models to include deepseek variants,feat(Netwrck): update available models to include deepseek variants
OEvortex/Webscout,cfcee97d7f7dd14d10ad62e3adea571e61098b5a,2025-04,-1,pre,2025-04-10T15:04:14+05:30,2025-04-10T15:04:14+05:30,u99c389b1b7bfbd23,u99c389b1b7bfbd23@users.invalid,u99c389b1b7bfbd23,u99c389b1b7bfbd23@users.invalid,1,0,1,121,20,1,121,20,,,,,,0,,feat(labyrinth): enhance API interaction with improved documentation and response handling,feat(labyrinth): enhance API interaction with improved documentation and response handling
OEvortex/Webscout,1bf860bbcac5f0ea4b2a96c927d4a36f4dc1cafe,2025-04,-1,pre,2025-04-10T15:13:31+05:30,2025-04-10T15:13:31+05:30,u99c389b1b7bfbd23,u99c389b1b7bfbd23@users.invalid,u99c389b1b7bfbd23,u99c389b1b7bfbd23@users.invalid,1,0,1,4,0,1,4,0,,,,,,0,,feat(ExaChat): add new models to Gemini and OpenRouter configurations,feat(ExaChat): add new models to Gemini and OpenRouter configurations
OEvortex/Webscout,2c6cbabfa7f2537be7cdd0b66febbb6a329e94ef,2025-04,-1,pre,2025-04-10T15:16:22+05:30,2025-04-10T15:16:22+05:30,u99c389b1b7bfbd23,u99c389b1b7bfbd23@users.invalid,u99c389b1b7bfbd23,u99c389b1b7bfbd23@users.invalid,1,0,1,4,1,1,4,1,,,,,,0,,feat(ExaChat): add new models to openrouter and groq configurations,feat(ExaChat): add new models to openrouter and groq configurations
OEvortex/Webscout,53e50e4a563d4ddc6458d93e6c745992abe95762,2025-04,-1,pre,2025-04-10T20:39:57+05:30,2025-04-10T20:39:57+05:30,u99c389b1b7bfbd23,u99c389b1b7bfbd23@users.invalid,u99c389b1b7bfbd23,u99c389b1b7bfbd23@users.invalid,1,0,2,335,60,1,167,38,,,,,,0,,feat(video): enhance video metadata extraction and add new properties,feat(video): enhance video metadata extraction and add new properties
OEvortex/Webscout,fe00cf7282cddcbdd3a7aff4e60cb2bf0b44606a,2025-04,-1,pre,2025-04-10T22:53:42+05:30,2025-04-10T22:53:42+05:30,u99c389b1b7bfbd23,u99c389b1b7bfbd23@users.invalid,u99c389b1b7bfbd23,u99c389b1b7bfbd23@users.invalid,1,0,3,309,1,2,308,0,,,,,,0,,feat(provider): add LLMChatCo provider for LLMChat.co API interaction,feat(provider): add LLMChatCo provider for LLMChat.co API interaction
OEvortex/Webscout,9ec6223914eb95cd8779417aa572d04051115017,2025-04,-1,pre,2025-04-10T23:11:27+05:30,2025-04-10T23:11:27+05:30,u99c389b1b7bfbd23,u99c389b1b7bfbd23@users.invalid,u99c389b1b7bfbd23,u99c389b1b7bfbd23@users.invalid,1,0,3,283,1,2,282,0,,,,,,0,,feat(provider): add TypefullyAI provider for Typefully API interaction,feat(provider): add TypefullyAI provider for Typefully API interaction
OEvortex/Webscout,e1b817c29a26b4517807c4cccbf06413198087f9,2025-04,-1,pre,2025-04-10T23:47:35+05:30,2025-04-10T23:47:35+05:30,u99c389b1b7bfbd23,u99c389b1b7bfbd23@users.invalid,u99c389b1b7bfbd23,u99c389b1b7bfbd23@users.invalid,1,0,4,255,3,3,249,3,,,,,,0,,feat(AISearch): add Monica API integration and response handling,feat(AISearch): add Monica API integration and response handling
OEvortex/Webscout,05103b34773aba992e7755e4464647092fec9cdd,2025-04,-1,pre,2025-04-11T09:44:05+05:30,2025-04-11T09:44:05+05:30,u99c389b1b7bfbd23,u99c389b1b7bfbd23@users.invalid,u99c389b1b7bfbd23,u99c389b1b7bfbd23@users.invalid,1,0,4,265,2,3,264,1,,,,,,0,,feat(provider): add ExaAI provider for Exa.ai API interaction,feat(provider): add ExaAI provider for Exa.ai API interaction
OEvortex/Webscout,929f8508cf3f73f33377abc76b97840460f05cfd,2025-04,-1,pre,2025-04-11T15:41:50+05:30,2025-04-11T15:41:50+05:30,u99c389b1b7bfbd23,u99c389b1b7bfbd23@users.invalid,u99c389b1b7bfbd23,u99c389b1b7bfbd23@users.invalid,1,0,2,59,57,2,59,57,,,,,,0,,feat(ai4chat): update API interaction and enhance parameter handling,feat(ai4chat): update API interaction and enhance parameter handling
OEvortex/Webscout,b8e719d0e012f72fd19a79cf034839ec9391631c,2025-04,-1,pre,2025-04-11T18:58:36+05:30,2025-04-11T18:58:36+05:30,u99c389b1b7bfbd23,u99c389b1b7bfbd23@users.invalid,u99c389b1b7bfbd23,u99c389b1b7bfbd23@users.invalid,1,0,4,325,1,3,294,1,,,,,,0,,feat(XDash): add XDash provider with comprehensive search capabilities and response formatting,feat(XDash): add XDash provider with comprehensive search capabilities and response formatting
OEvortex/Webscout,89e5056889d6c66776e817bc0771253fcc0804cf,2025-04,-1,pre,2025-04-11T19:17:12+05:30,2025-04-11T19:17:12+05:30,u99c389b1b7bfbd23,u99c389b1b7bfbd23@users.invalid,u99c389b1b7bfbd23,u99c389b1b7bfbd23@users.invalid,1,0,4,283,269,3,282,243,,,,,,0,,feat(provider): remove XDash provider and add webpilotai provider with comprehensive search capabilities,feat(provider): remove XDash provider and add webpilotai provider with comprehensive search capabilities
OEvortex/Webscout,fe111d6674baaab88963fd536e6fc17c18216154,2025-04,-1,pre,2025-04-11T19:45:06+05:30,2025-04-11T19:45:06+05:30,u99c389b1b7bfbd23,u99c389b1b7bfbd23@users.invalid,u99c389b1b7bfbd23,u99c389b1b7bfbd23@users.invalid,1,0,2,42,39,1,39,24,,,,,,0,,refactor(PI): update URL handling and improve error management,refactor(PI): update URL handling and improve error management
OEvortex/Webscout,57aacdefe93460129bd391de2b7c490f11085bca,2025-04,-1,pre,2025-04-11T20:13:12+05:30,2025-04-11T20:13:12+05:30,u99c389b1b7bfbd23,u99c389b1b7bfbd23@users.invalid,u99c389b1b7bfbd23,u99c389b1b7bfbd23@users.invalid,1,0,3,202,1,2,201,0,,,,,,0,,feat(provider): add OpenGPT provider for Open-GPT API interaction,feat(provider): add OpenGPT provider for Open-GPT API interaction
OEvortex/Webscout,574bb71587d57bbb70b6cdf3b540e63b2b5388b4,2025-04,-1,pre,2025-04-11T20:46:41+05:30,2025-04-11T20:46:41+05:30,u99c389b1b7bfbd23,u99c389b1b7bfbd23@users.invalid,u99c389b1b7bfbd23,u99c389b1b7bfbd23@users.invalid,1,0,1,255,122,1,255,122,,,,,,0,,feat(provider): update AllenAI provider with new API endpoint and model options,feat(provider): update AllenAI provider with new API endpoint and model options
OEvortex/Webscout,1f82454f49b4da984d7cccd2f78f7e34711318d5,2025-04,-1,pre,2025-04-11T21:42:17+05:30,2025-04-11T21:42:17+05:30,u99c389b1b7bfbd23,u99c389b1b7bfbd23@users.invalid,u99c389b1b7bfbd23,u99c389b1b7bfbd23@users.invalid,1,0,2,196,1,2,196,1,,,,,,0,,feat(hika): implement Hika API integration with search functionality and response handling,feat(hika): implement Hika API integration with search functionality and response handling
OEvortex/Webscout,03d91b5544a66922af366b696359f2a3e1221e9b,2025-04,-1,pre,2025-04-12T15:53:49+05:30,2025-04-12T15:53:49+05:30,u99c389b1b7bfbd23,u99c389b1b7bfbd23@users.invalid,u99c389b1b7bfbd23,u99c389b1b7bfbd23@users.invalid,1,0,1,2,1,1,2,1,,,,,,0,,feat(GithubChat): add new model 'gemini-2.5-pro' to available models,feat(GithubChat): add new model 'gemini-2.5-pro' to available models
OEvortex/Webscout,fb5d47d4e969abbab2e7e76c3358463cf3c22a90,2025-04,-1,pre,2025-04-12T15:59:16+05:30,2025-04-12T15:59:16+05:30,u99c389b1b7bfbd23,u99c389b1b7bfbd23@users.invalid,u99c389b1b7bfbd23,u99c389b1b7bfbd23@users.invalid,1,0,1,17,7,1,17,7,,,,,,0,,feat(DeepInfra): update available models and make system prompt configurable,feat(DeepInfra): update available models and make system prompt configurable
OEvortex/Webscout,b0007ebc080f6eb8a5b9c71cf0ec719d0b95b0f0,2025-04,-1,pre,2025-04-12T15:59:43+05:30,2025-04-12T15:59:43+05:30,u99c389b1b7bfbd23,u99c389b1b7bfbd23@users.invalid,u99c389b1b7bfbd23,u99c389b1b7bfbd23@users.invalid,1,0,1,0,2,1,0,2,,,,,,0,,chore(DeepInfra): remove non-working models from available models list,chore(DeepInfra): remove non-working models from available models list
OEvortex/Webscout,aaa356e3b123badcf30bda04ad381c8cbf036b40,2025-04,-1,pre,2025-04-12T16:50:22+05:30,2025-04-12T16:50:22+05:30,u99c389b1b7bfbd23,u99c389b1b7bfbd23@users.invalid,u99c389b1b7bfbd23,u99c389b1b7bfbd23@users.invalid,1,0,3,87,47,2,86,46,,,,,,0,,feat(provider): add SciraAI provider with multiple models and API integration,feat(provider): add SciraAI provider with multiple models and API integration
OEvortex/Webscout,e09849f4fcb9fb1b36a030f83c19fc9b510ba7ee,2025-04,-1,pre,2025-04-12T17:08:45+05:30,2025-04-12T17:08:45+05:30,u99c389b1b7bfbd23,u99c389b1b7bfbd23@users.invalid,u99c389b1b7bfbd23,u99c389b1b7bfbd23@users.invalid,1,0,1,2,5,1,2,5,,,,,,0,,fix(SciraAI): replace streaming with timezone setting for response handling,fix(SciraAI): replace streaming with timezone setting for response handling
OEvortex/Webscout,8a09f1a1bc6cd25cbbbec5d74459ca99ca42a34f,2025-04,-1,pre,2025-04-12T19:26:57+05:30,2025-04-12T19:26:57+05:30,u99c389b1b7bfbd23,u99c389b1b7bfbd23@users.invalid,u99c389b1b7bfbd23,u99c389b1b7bfbd23@users.invalid,1,0,3,357,1,2,322,1,,,,,,0,,feat(Scira): add Scira AI search provider with streaming and multiple model support and DeepSearch,feat(Scira): add Scira AI search provider with streaming and multiple model support and DeepSearch
OEvortex/Webscout,5fe8655b514d149bb735e1a967c3aa09601808e4,2025-04,-1,pre,2025-04-12T21:24:00+05:30,2025-04-12T21:24:00+05:30,u99c389b1b7bfbd23,u99c389b1b7bfbd23@users.invalid,u99c389b1b7bfbd23,u99c389b1b7bfbd23@users.invalid,1,0,1,1,1,1,1,1,,,,,,0,,chore(version): update version to 8.0,chore(version): update version to 8.0
OEvortex/Webscout,d8845d3f5b307e6427d6d9664ecc84817b5c60e2,2025-04,-1,pre,2025-04-13T10:08:36+05:30,2025-04-13T10:08:36+05:30,u99c389b1b7bfbd23,u99c389b1b7bfbd23@users.invalid,u99c389b1b7bfbd23,u99c389b1b7bfbd23@users.invalid,1,0,4,444,55,4,444,55,,,,,,0,,feat(iask): implement IAsk AI search provider with streaming support and detailed response formatting,feat(iask): implement IAsk AI search provider with streaming support and detailed response formatting
OEvortex/Webscout,bd50e6d3defd3859e32e42b7d66c7ef878a0316d,2025-04,-1,pre,2025-04-13T11:27:04+05:30,2025-04-13T11:27:04+05:30,u99c389b1b7bfbd23,u99c389b1b7bfbd23@users.invalid,u99c389b1b7bfbd23,u99c389b1b7bfbd23@users.invalid,1,0,9,320,7,8,320,7,,,,,,0,,feat(chatgpt): implement ChatGPTReversed class with authentication and response handling,feat(chatgpt): implement ChatGPTReversed class with authentication and response handling
OEvortex/Webscout,cf9258016a90b757681908066bcdb2e1b0f13d56,2025-04,-1,pre,2025-04-14T12:20:36+05:30,2025-04-14T12:20:36+05:30,u99c389b1b7bfbd23,u99c389b1b7bfbd23@users.invalid,u99c389b1b7bfbd23,u99c389b1b7bfbd23@users.invalid,1,0,13,2530,1,11,2126,1,,,,,,0,,"Implement Glider, WiseCat, and X0GPT API clients with streaming and non-streaming support; add utility classes for response handling; create Emailnator for email generation and message retrieval.","Implement Glider, WiseCat, and X0GPT API clients with streaming and non-streaming support; add utility classes for response handling; create Emailnator for email generation and message retrieval."
OEvortex/Webscout,f35dd347a18b80f9fd1023baf6610a551b23a557,2025-04,-1,pre,2025-04-14T12:40:29+05:30,2025-04-14T12:40:29+05:30,u99c389b1b7bfbd23,u99c389b1b7bfbd23@users.invalid,u99c389b1b7bfbd23,u99c389b1b7bfbd23@users.invalid,1,0,9,568,116,8,501,106,,,,,,0,,feat(venice): add Venice AI provider with model support and usage examples; update README and initialization,feat(venice): add Venice AI provider with model support and usage examples; update README and initialization
OEvortex/Webscout,8aef775f034b7f7f9bc78837dcb42943c35c4961,2025-04,-1,pre,2025-04-14T12:50:46+05:30,2025-04-14T12:50:46+05:30,u99c389b1b7bfbd23,u99c389b1b7bfbd23@users.invalid,u99c389b1b7bfbd23,u99c389b1b7bfbd23@users.invalid,1,0,4,476,2,3,416,2,,,,,,0,,feat(exaai): implement ExaAI provider with O3-Mini model support and usage examples; update README and initialization,feat(exaai): implement ExaAI provider with O3-Mini model support and usage examples; update README and initialization
OEvortex/Webscout,6d4c75e8201b2bc8a0fc2de0474a15dab5f650f3,2025-04,-1,pre,2025-04-14T13:59:07+05:30,2025-04-14T13:59:07+05:30,u99c389b1b7bfbd23,u99c389b1b7bfbd23@users.invalid,u99c389b1b7bfbd23,u99c389b1b7bfbd23@users.invalid,1,0,9,527,404,7,466,403,,,,,,0,,Refactor and integrate TypeGPT provider,"Refactor and integrate TypeGPT provider

- Updated README.md to include TypeGPT information and usage examples.
- Replaced WiseCat with TypeGPT in lol.py for chat completions.
- Added TypeGPT provider implementation in webscout/Provider/OPENAI.
- Removed Flowith provider due to deprecation.
- Enhanced TypeGPT with streaming and non-streaming completion capabilities.
- Updated __init__.py to include TypeGPT in the provider list.
- Improved utility functions for better message formatting and handling."
OEvortex/Webscout,4a4c7a4acb0446a158231d58d76efadce9f57ccb,2025-04,-1,pre,2025-04-14T14:26:15+05:30,2025-04-14T14:26:15+05:30,u99c389b1b7bfbd23,u99c389b1b7bfbd23@users.invalid,u99c389b1b7bfbd23,u99c389b1b7bfbd23@users.invalid,1,0,5,535,14,4,477,14,,,,,,0,,feat(scira): implement SciraChat provider with streaming and non-streaming support; update README with usage examples,feat(scira): implement SciraChat provider with streaming and non-streaming support; update README with usage examples
OEvortex/Webscout,0b14b132fad05f56c37c535026d34c824b8ec08d,2025-04,-1,pre,2025-04-14T14:34:06+05:30,2025-04-14T14:34:06+05:30,u99c389b1b7bfbd23,u99c389b1b7bfbd23@users.invalid,u99c389b1b7bfbd23,u99c389b1b7bfbd23@users.invalid,1,0,4,417,4,3,356,4,,,,,,0,,feat(freeaichat): implement FreeAIChat provider with streaming and non-streaming support; update README with usage examples,feat(freeaichat): implement FreeAIChat provider with streaming and non-streaming support; update README with usage examples
OEvortex/Webscout,9fca91d2320e97383d0a1ba41c4efe0df59946d8,2025-04,-1,pre,2025-04-14T15:35:30+05:30,2025-04-14T15:35:30+05:30,u99c389b1b7bfbd23,u99c389b1b7bfbd23@users.invalid,u99c389b1b7bfbd23,u99c389b1b7bfbd23@users.invalid,1,0,2,518,170,1,41,37,,,,,,0,,Refactor whitespace and formatting in FreeAIChat implementation,"Refactor whitespace and formatting in FreeAIChat implementation

- Removed unnecessary blank lines for improved readability.
- Ensured consistent spacing around code blocks and comments.
- Updated user agent header initialization to use generated fingerprint.
- Enhanced error handling and logging for JSON decoding issues."
OEvortex/Webscout,8e74060c18d6dec066b5913da892f18f2fdad261,2025-04,-1,pre,2025-04-14T15:51:17+05:30,2025-04-14T15:51:17+05:30,u99c389b1b7bfbd23,u99c389b1b7bfbd23@users.invalid,u99c389b1b7bfbd23,u99c389b1b7bfbd23@users.invalid,1,0,1,209,493,0,0,0,,,,,,0,,updated readme,updated readme
OEvortex/Webscout,1450f9d3d0428636c3c70c1887733aed85d307b7,2025-04,-1,pre,2025-04-14T16:27:02+05:30,2025-04-14T16:27:02+05:30,u99c389b1b7bfbd23,u99c389b1b7bfbd23@users.invalid,u99c389b1b7bfbd23,u99c389b1b7bfbd23@users.invalid,1,0,4,427,4,3,355,4,,,,,,0,,feat(llmchatco): implement LLMChatCo provider with streaming and non-streaming support; update README with usage examples,feat(llmchatco): implement LLMChatCo provider with streaming and non-streaming support; update README with usage examples
OEvortex/Webscout,a2550a0c8a4f1c2d4675ee61227d8e9c2bd69195,2025-04,-1,pre,2025-04-14T16:29:07+05:30,2025-04-14T16:29:07+05:30,u99c389b1b7bfbd23,u99c389b1b7bfbd23@users.invalid,u99c389b1b7bfbd23,u99c389b1b7bfbd23@users.invalid,1,0,1,12,37,1,12,37,,,,,,0,,refactor(llmchatco): enforce mandatory model parameter and improve system prompt handling,refactor(llmchatco): enforce mandatory model parameter and improve system prompt handling
OEvortex/Webscout,4aea7956c63e1394c199af1ecf16c85311f5135a,2025-04,-1,pre,2025-04-14T16:40:54+05:30,2025-04-14T16:40:54+05:30,u99c389b1b7bfbd23,u99c389b1b7bfbd23@users.invalid,u99c389b1b7bfbd23,u99c389b1b7bfbd23@users.invalid,1,0,6,405,9,5,343,7,,,,,,0,,feat(yepchat): integrate YEPCHAT provider with support for streaming and non-streaming completions; update README with usage examples,feat(yepchat): integrate YEPCHAT provider with support for streaming and non-streaming completions; update README with usage examples
OEvortex/Webscout,f1f1e1405709a08bbd7bd6946c76827245c81adb,2025-04,-1,pre,2025-04-14T16:51:23+05:30,2025-04-14T16:51:23+05:30,u99c389b1b7bfbd23,u99c389b1b7bfbd23@users.invalid,u99c389b1b7bfbd23,u99c389b1b7bfbd23@users.invalid,1,0,2,17,1,0,0,0,,,,,,0,,docs(readme): enhance README with compatibility options and detailed AI model access information,docs(readme): enhance README with compatibility options and detailed AI model access information
OEvortex/Webscout,a376ded535d5f1af8a466374d5d643c4b3e27e88,2025-04,-1,pre,2025-04-14T17:57:23+05:30,2025-04-14T17:57:23+05:30,u99c389b1b7bfbd23,u99c389b1b7bfbd23@users.invalid,u99c389b1b7bfbd23,u99c389b1b7bfbd23@users.invalid,1,0,10,2010,1184,0,0,0,,,,,,0,,Enhance documentation for AI Search Providers and SwiftCLI,"Enhance documentation for AI Search Providers and SwiftCLI

- Updated README.md for AI Search Providers with improved formatting, feature highlights, and usage examples.
- Added detailed descriptions for supported search providers and their capabilities.
- Improved installation instructions and quick start guide for SwiftCLI.
- Enhanced examples in SwiftCLI documentation, showcasing command groups, options, and advanced features.
- Included best practices and API reference sections for better user guidance."
OEvortex/Webscout,3617f7e56b8fd9dbe372393d2039d1df6bce33d8,2025-04,-1,pre,2025-04-14T18:55:49+05:30,2025-04-14T18:55:49+05:30,u99c389b1b7bfbd23,u99c389b1b7bfbd23@users.invalid,u99c389b1b7bfbd23,u99c389b1b7bfbd23@users.invalid,1,0,5,751,5,4,690,5,,,,,,0,,feat(heckai): implement HeckAI provider with streaming and non-streaming support; update README with usage examples,feat(heckai): implement HeckAI provider with streaming and non-streaming support; update README with usage examples
OEvortex/Webscout,c6fb089b4d70e600fecd705b0ed84a8a7e212190,2025-04,-1,pre,2025-04-14T19:30:26+05:30,2025-04-14T19:30:26+05:30,u99c389b1b7bfbd23,u99c389b1b7bfbd23@users.invalid,u99c389b1b7bfbd23,u99c389b1b7bfbd23@users.invalid,1,0,4,365,5,3,304,5,,,,,,0,,feat(sonus): add SonusAI provider with streaming and non-streaming support; update README with usage examples,feat(sonus): add SonusAI provider with streaming and non-streaming support; update README with usage examples
OEvortex/Webscout,a2c028bef2d441282503e725593342a1148e27ba,2025-04,-1,pre,2025-04-14T20:27:34+05:30,2025-04-14T20:27:34+05:30,u99c389b1b7bfbd23,u99c389b1b7bfbd23@users.invalid,u99c389b1b7bfbd23,u99c389b1b7bfbd23@users.invalid,1,0,4,499,4,3,426,4,,,,,,0,,feat(exachat): add ExaChat provider with multi-model support and update README,feat(exachat): add ExaChat provider with multi-model support and update README
OEvortex/Webscout,8e777f44e2d3ffad28a3ace76a63d879d8b22915,2025-04,-1,pre,2025-04-14T20:53:20+05:30,2025-04-14T20:53:20+05:30,u99c389b1b7bfbd23,u99c389b1b7bfbd23@users.invalid,u99c389b1b7bfbd23,u99c389b1b7bfbd23@users.invalid,1,0,4,417,6,3,353,6,,,,,,0,,feat(netwrck): implement Netwrck provider with streaming and non-streaming support; update README with usage examples,feat(netwrck): implement Netwrck provider with streaming and non-streaming support; update README with usage examples
OEvortex/Webscout,f7996f00f6812740188a92a4d4b9f54888ce35c7,2025-04,-1,pre,2025-04-14T20:54:22+05:30,2025-04-14T20:54:22+05:30,u99c389b1b7bfbd23,u99c389b1b7bfbd23@users.invalid,u99c389b1b7bfbd23,u99c389b1b7bfbd23@users.invalid,1,0,1,1,1,1,1,1,,,,,,0,,chore(version): update version to 8.1,chore(version): update version to 8.1
OEvortex/Webscout,ed18a457fb0262ae9a884d59cf6f6e78418b30da,2025-04,-1,pre,2025-04-14T21:03:56+05:30,2025-04-14T21:03:56+05:30,u99c389b1b7bfbd23,u99c389b1b7bfbd23@users.invalid,u99c389b1b7bfbd23,u99c389b1b7bfbd23@users.invalid,1,0,1,44,33,1,44,33,,,,,,0,,feat(setup): enhance setup.py with additional classifiers and keywords,feat(setup): enhance setup.py with additional classifiers and keywords
OEvortex/Webscout,d8f71e88af0fa0dfcebca84c5b2872452876058f,2025-04,-1,pre,2025-04-15T09:49:33+05:30,2025-04-15T09:49:33+05:30,u99c389b1b7bfbd23,u99c389b1b7bfbd23@users.invalid,u99c389b1b7bfbd23,u99c389b1b7bfbd23@users.invalid,1,0,9,1438,13,8,1378,13,,,,,,0,,Add StandardInputAI and E2B API implementations,"Add StandardInputAI and E2B API implementations

- Implemented StandardInputAI class for interacting with the Standard Input chat API, including support for multiple models and conversation history management.
- Added E2B class for encapsulating the E2B API, supporting various models and message transformations.
- Included methods for building request bodies, merging user messages, and generating system prompts.
- Enhanced error handling and response parsing for API requests.
- Provided a simplified interface for E2B API chat with example usage in the main function."
OEvortex/Webscout,daf2f8749f544ed13ba7f8b456483747ecb4194c,2025-04,-1,pre,2025-04-15T15:13:08+05:30,2025-04-15T15:13:08+05:30,u99c389b1b7bfbd23,u99c389b1b7bfbd23@users.invalid,u99c389b1b7bfbd23,u99c389b1b7bfbd23@users.invalid,1,0,5,375,3,5,375,3,,,,,,0,,feat(writecream): implement Writecream API integration and update client initialization,feat(writecream): implement Writecream API integration and update client initialization
OEvortex/Webscout,8a7e477c129a1178b0575b08984eedb20709ac60,2025-04,-1,pre,2025-04-15T16:26:41+05:30,2025-04-15T16:26:41+05:30,u99c389b1b7bfbd23,u99c389b1b7bfbd23@users.invalid,u99c389b1b7bfbd23,u99c389b1b7bfbd23@users.invalid,1,0,5,919,2,5,919,2,,,,,,0,,feat(provider): add Toolbaz and SCNet API implementations; update __init__.py for new providers,feat(provider): add Toolbaz and SCNet API implementations; update __init__.py for new providers
OEvortex/Webscout,c4943a8c68578cecf9b5e80ac07eb2a94a111cbb,2025-04,-1,pre,2025-04-16T18:57:51+05:30,2025-04-16T18:57:51+05:30,u99c389b1b7bfbd23,u99c389b1b7bfbd23@users.invalid,u99c389b1b7bfbd23,u99c389b1b7bfbd23@users.invalid,1,0,9,62,46,9,62,46,,,,,,0,,"feat(provider): update endpoints and add new models for ExaChat, GithubChat, Glider, and YouChat","feat(provider): update endpoints and add new models for ExaChat, GithubChat, Glider, and YouChat"
OEvortex/Webscout,b8bcbce0ae83471bc7e809d33a4dcb2898862f1b,2025-04,-1,pre,2025-04-17T14:17:25+05:30,2025-04-17T14:17:25+05:30,u99c389b1b7bfbd23,u99c389b1b7bfbd23@users.invalid,u99c389b1b7bfbd23,u99c389b1b7bfbd23@users.invalid,1,0,7,501,40,6,498,40,,,,,,0,,feat(provider): implement UncovrAI API integration and update related files,feat(provider): implement UncovrAI API integration and update related files
OEvortex/Webscout,f3e158aabfc47a84300dd3c0c08a986ac406ab4e,2025-04,-1,pre,2025-04-17T15:38:16+05:30,2025-04-17T15:38:16+05:30,u99c389b1b7bfbd23,u99c389b1b7bfbd23@users.invalid,u99c389b1b7bfbd23,u99c389b1b7bfbd23@users.invalid,1,0,2,2,0,2,2,0,,,,,,0,,feat(provider): add scira-o4-mini model to available models in SciraChat and SciraAI,feat(provider): add scira-o4-mini model to available models in SciraChat and SciraAI
OEvortex/Webscout,3577c5ec343f4e9aeab1672a3085129c1803d825,2025-04,-1,pre,2025-04-17T19:41:40+05:30,2025-04-17T19:41:40+05:30,u99c389b1b7bfbd23,u99c389b1b7bfbd23@users.invalid,u99c389b1b7bfbd23,u99c389b1b7bfbd23@users.invalid,1,0,262,496,11,3,495,10,,,,,,0,,feat(provider): Added OPKFC as new provider,feat(provider): Added OPKFC as new provider
OEvortex/Webscout,3220fb4cf1e34982fc9ee2f27a831ee6f1adc96c,2025-04,-1,pre,2025-04-17T19:49:26+05:30,2025-04-17T19:49:26+05:30,u99c389b1b7bfbd23,u99c389b1b7bfbd23@users.invalid,u99c389b1b7bfbd23,u99c389b1b7bfbd23@users.invalid,1,0,261,550,3,3,550,3,,,,,,0,,Remove all compiled Python files (.pyc) from the __pycache__ directories across the webscout project to ensure a clean build environment and prevent potential issues with stale bytecode.,Remove all compiled Python files (.pyc) from the __pycache__ directories across the webscout project to ensure a clean build environment and prevent potential issues with stale bytecode.
OEvortex/Webscout,9fcb5ae96a4d7077e6a56825ac311965e400dd63,2025-04,-1,pre,2025-04-17T19:56:26+05:30,2025-04-17T19:56:26+05:30,u99c389b1b7bfbd23,u99c389b1b7bfbd23@users.invalid,u99c389b1b7bfbd23,u99c389b1b7bfbd23@users.invalid,1,0,2,8,5,2,8,5,,,,,,0,,feat(provider): switch from OPKFC to ChatGPT and update model to auto,feat(provider): switch from OPKFC to ChatGPT and update model to auto
OEvortex/Webscout,6afb64c936bfe0c665cfd88b224273b85651f12c,2025-04,-1,pre,2025-04-18T12:30:48+05:30,2025-04-18T12:30:48+05:30,u99c389b1b7bfbd23,u99c389b1b7bfbd23@users.invalid,u99c389b1b7bfbd23,u99c389b1b7bfbd23@users.invalid,1,0,6,338,38,5,337,38,,,,,,0,,feat(Openai provider): integrate TextPollinations API and update related models,feat(Openai provider): integrate TextPollinations API and update related models
OEvortex/Webscout,fe23251ab95d5028018d7ab4064f972348fc00d8,2025-04,-1,pre,2025-04-18T12:38:02+05:30,2025-04-18T12:38:02+05:30,u99c389b1b7bfbd23,u99c389b1b7bfbd23@users.invalid,u99c389b1b7bfbd23,u99c389b1b7bfbd23@users.invalid,1,0,3,20,12,3,20,12,,,,,,0,,feat(provider): update available models in SciraAI and SciraChat,feat(provider): update available models in SciraAI and SciraChat
OEvortex/Webscout,6e5b029c73df8d14f863c965e781c5578664dbb3,2025-04,-1,pre,2025-04-18T14:22:54+05:30,2025-04-18T14:22:54+05:30,u99c389b1b7bfbd23,u99c389b1b7bfbd23@users.invalid,u99c389b1b7bfbd23,u99c389b1b7bfbd23@users.invalid,1,0,3,201,1,3,201,1,,,,,,0,,feat(provider): add WritingMate provider and update cleanup script to remove .pytest_cache,feat(provider): add WritingMate provider and update cleanup script to remove .pytest_cache
OEvortex/Webscout,c9287f4ab4996614f3698ae77c79133c96617cd0,2025-04,-1,pre,2025-04-18T14:34:50+05:30,2025-04-18T14:34:50+05:30,u99c389b1b7bfbd23,u99c389b1b7bfbd23@users.invalid,u99c389b1b7bfbd23,u99c389b1b7bfbd23@users.invalid,1,0,2,29,7,2,29,7,,,,,,0,,feat(provider): add XAI model configuration and update available models in ExaChat,feat(provider): add XAI model configuration and update available models in ExaChat
OEvortex/Webscout,b5b7aefe5697c15a637b10e1e1287280a07e9621,2025-04,-1,pre,2025-04-18T18:22:34+05:30,2025-04-18T18:22:34+05:30,u99c389b1b7bfbd23,u99c389b1b7bfbd23@users.invalid,u99c389b1b7bfbd23,u99c389b1b7bfbd23@users.invalid,1,0,4,406,38,3,361,33,,,,,,0,,feat(provider): add Perplexity search provider and update README with examples,feat(provider): add Perplexity search provider and update README with examples
OEvortex/Webscout,0a40112dd958f0bfb21bf9d7f7a411dac7ca43d0,2025-04,-1,pre,2025-04-18T19:18:30+05:30,2025-04-18T19:18:30+05:30,u99c389b1b7bfbd23,u99c389b1b7bfbd23@users.invalid,u99c389b1b7bfbd23,u99c389b1b7bfbd23@users.invalid,1,0,15,1964,3,13,1711,1,,,,,,0,,feat: Implement command-line interface for webscout.Local,"feat: Implement command-line interface for webscout.Local

- Added cli.py for managing models, including commands to serve, pull, list, remove, and run models.
- Integrated model management and loading functionalities.
- Enhanced user interaction with rich console outputs and prompts.

feat: Add configuration management

- Introduced config.py to handle application configuration.
- Implemented loading, saving, and accessing configuration values.
- Default configurations for models directory, API host, and port.

feat: Create LLM interface

- Developed llm.py to interface with llama-cpp-python for model loading and completion generation.
- Added methods for creating completions and chat responses.

feat: Model management functionalities

- Created model_manager.py for downloading, listing, and removing models.
- Integrated Hugging Face Hub for model downloads and file management.

feat: Implement API server

- Added server.py to create an OpenAI-compatible API using FastAPI.
- Implemented endpoints for model listing and chat/completion requests.

feat: Utility functions for webscout.local

- Introduced utils.py for various utility functions including duration parsing and image encoding/decoding."
OEvortex/Webscout,2b76f8600bdf3af41f1e920da486c22cedbf9e60,2025-04,-1,pre,2025-04-18T19:30:33+05:30,2025-04-18T19:30:33+05:30,u99c389b1b7bfbd23,u99c389b1b7bfbd23@users.invalid,u99c389b1b7bfbd23,u99c389b1b7bfbd23@users.invalid,1,0,4,19,1,1,1,1,,,,,,0,,feat(docs): update README and Local README with hardware requirements,feat(docs): update README and Local README with hardware requirements
OEvortex/Webscout,4307415ff24e9ba29a4ab3c3ca06ccd02b91c5f4,2025-04,-1,pre,2025-04-19T13:32:08+05:30,2025-04-19T13:32:08+05:30,u99c389b1b7bfbd23,u99c389b1b7bfbd23@users.invalid,u99c389b1b7bfbd23,u99c389b1b7bfbd23@users.invalid,1,0,15,1782,440,13,1633,410,,,,,,0,,Add initial test script for LMArena using cloudscraper,"Add initial test script for LMArena using cloudscraper

- Implemented a main function to test access to LMArena.
- Created a cloudscraper instance with Chrome settings.
- Tested basic access to the LMArena website and printed response details.
- Generated a unique session hash for requests.
- Constructed and sent multiple payloads to the LMArena API.
- Implemented streaming of responses from the LMArena server.
- Added error handling and traceback for debugging."
OEvortex/Webscout,ba8cf0fb6f5c75e97691f68325223c843b057e35,2025-04,-1,pre,2025-04-19T13:33:27+05:30,2025-04-19T13:33:27+05:30,u99c389b1b7bfbd23,u99c389b1b7bfbd23@users.invalid,u99c389b1b7bfbd23,u99c389b1b7bfbd23@users.invalid,1,0,1,1,0,1,1,0,,,,,,0,,fix(provider): add missing 'self' parameter to create method in Completions class,fix(provider): add missing 'self' parameter to create method in Completions class
OEvortex/Webscout,982147459530c673f523cc9452e560f955653a0b,2025-04,-1,pre,2025-04-19T13:49:39+05:30,2025-04-19T13:49:39+05:30,u99c389b1b7bfbd23,u99c389b1b7bfbd23@users.invalid,u99c389b1b7bfbd23,u99c389b1b7bfbd23@users.invalid,1,0,2,18,1,2,18,1,,,,,,0,,feat: Add E2B provider and bump version to 8.2.1,feat: Add E2B provider and bump version to 8.2.1
OEvortex/Webscout,44afbedc7c24e3542681ff815a1e5c108e7b3f28,2025-04,-1,pre,2025-04-19T15:29:47+05:30,2025-04-19T15:29:47+05:30,u99c389b1b7bfbd23,u99c389b1b7bfbd23@users.invalid,u99c389b1b7bfbd23,u99c389b1b7bfbd23@users.invalid,1,0,6,99,1,5,99,1,,,,,,0,,feat(tempmail): implement Emailnator provider and update provider list,feat(tempmail): implement Emailnator provider and update provider list
OEvortex/Webscout,dd626bed766e7d104fcaa163258c2944e5d12dcc,2025-04,-1,pre,2025-04-20T12:59:33+05:30,2025-04-20T12:59:33+05:30,u99c389b1b7bfbd23,u99c389b1b7bfbd23@users.invalid,u99c389b1b7bfbd23,u99c389b1b7bfbd23@users.invalid,1,0,6,925,22,5,885,20,,,,,,0,,fixed inferno,fixed inferno
OEvortex/Webscout,cdb0a3af36912f59377849cd28dbdff3b15f0c29,2025-04,-1,pre,2025-04-20T13:20:00+05:30,2025-04-20T13:20:00+05:30,u99c389b1b7bfbd23,u99c389b1b7bfbd23@users.invalid,u99c389b1b7bfbd23,u99c389b1b7bfbd23@users.invalid,1,0,2,160,2,1,159,1,,,,,,0,,"feat(e2b): add new models o4-mini, gpt-4o-mini, gpt-4-turbo, qwen2.5-coder-32b-instruct, and deepseek-r1 fix(dependabot): update reviewer username to OEvortex","feat(e2b): add new models o4-mini, gpt-4o-mini, gpt-4-turbo, qwen2.5-coder-32b-instruct, and deepseek-r1
fix(dependabot): update reviewer username to OEvortex"
OEvortex/Webscout,ab22e9d69a4d3cc1c2de628d552ed351405109ab,2025-04,-1,pre,2025-04-20T13:28:08+05:30,2025-04-20T13:28:08+05:30,u99c389b1b7bfbd23,u99c389b1b7bfbd23@users.invalid,u99c389b1b7bfbd23,u99c389b1b7bfbd23@users.invalid,1,0,2,1,1,1,1,1,,,,,,0,,chore(version): bump version to 8.2.2,chore(version): bump version to 8.2.2
OEvortex/Webscout,6e3456f8561ea12cd4a0d8b4cf025c0d105c8447,2025-04,-1,pre,2025-04-21T14:05:58+05:30,2025-04-21T14:05:58+05:30,u99c389b1b7bfbd23,u99c389b1b7bfbd23@users.invalid,u99c389b1b7bfbd23,u99c389b1b7bfbd23@users.invalid,1,0,5,151,1220,5,151,1220,,,,,,0,,Remove unfinished E2B API and Emailnator implementations from the project.,Remove unfinished E2B API and Emailnator implementations from the project.
OEvortex/Webscout,8fbaae846327f081ecdce0e750e31244f4a50a3b,2025-04,-1,pre,2025-04-22T13:16:32+05:30,2025-04-22T13:16:32+05:30,u99c389b1b7bfbd23,u99c389b1b7bfbd23@users.invalid,u99c389b1b7bfbd23,u99c389b1b7bfbd23@users.invalid,1,0,3,8,25,3,8,25,,,,,,0,,feat(models): update available models in Toolbaz provider,feat(models): update available models in Toolbaz provider
OEvortex/Webscout,4ff343b5ca2b08b08fc40b4299e1fbda5e7dd5ec,2025-04,-1,pre,2025-04-23T13:06:14+05:30,2025-04-23T13:06:14+05:30,u99c389b1b7bfbd23,u99c389b1b7bfbd23@users.invalid,u99c389b1b7bfbd23,u99c389b1b7bfbd23@users.invalid,1,0,12,463,77,11,393,75,,,,,,0,,feat(tts): implement base TTS provider with audio saving and streaming functionality,feat(tts): implement base TTS provider with audio saving and streaming functionality
OEvortex/Webscout,4d610fbaf7a670d1047fac827bc4c7351bcdc9d7,2025-04,-1,pre,2025-04-23T13:14:00+05:30,2025-04-23T13:14:00+05:30,u99c389b1b7bfbd23,u99c389b1b7bfbd23@users.invalid,u99c389b1b7bfbd23,u99c389b1b7bfbd23@users.invalid,1,0,2,1,1,1,1,1,,,,,,0,,chore(version): bump version to 8.2.3,chore(version): bump version to 8.2.3
OEvortex/Webscout,8db49c0e5a48900f9383958810cc8a16e95f7008,2025-04,-1,pre,2025-04-23T14:41:47+05:30,2025-04-23T14:41:47+05:30,u99c389b1b7bfbd23,u99c389b1b7bfbd23@users.invalid,u99c389b1b7bfbd23,u99c389b1b7bfbd23@users.invalid,1,0,3,146,174,3,146,174,,,,,,0,,refactor(webscout): replace primp with curl_cffi for HTTP requests,refactor(webscout): replace primp with curl_cffi for HTTP requests
OEvortex/Webscout,b047e7c839f00dd186f8a70ba4d16c36ea92f0c6,2025-04,-1,pre,2025-04-25T14:02:50+05:30,2025-04-25T14:02:50+05:30,u99c389b1b7bfbd23,u99c389b1b7bfbd23@users.invalid,u99c389b1b7bfbd23,u99c389b1b7bfbd23@users.invalid,1,0,61,5301,4265,61,5301,4265,,,,,,0,,Add GGUF RAM estimation and MultiChatAI provider implementation,"Add GGUF RAM estimation and MultiChatAI provider implementation

- Implemented `estimate_gguf_ram_requirements` function to calculate RAM requirements for GGUF models based on file size and quantization levels.
- Added utility functions for estimating model parameters, detecting GPU VRAM, and suggesting hardware based on RAM requirements.
- Created `MultiChatAI` provider for interacting with various AI models, including support for multiple endpoints and context lengths.
- Integrated error handling and response streaming for chat completions.
- Added example usage for local GGUF model estimation and Hugging Face repository integration."
OEvortex/Webscout,6b396035e6d01b10072b33a20de0689c4c36afe6,2025-04,-1,pre,2025-04-27T14:47:03+05:30,2025-04-27T14:47:03+05:30,u99c389b1b7bfbd23,u99c389b1b7bfbd23@users.invalid,u99c389b1b7bfbd23,u99c389b1b7bfbd23@users.invalid,1,0,13,614,912,13,614,912,,,,,,0,,Refactor ChatGPTClone to use curl_cffi for session management and browser impersonation; remove ChatGPTES provider; add AI4Chat provider; enhance error handling and response processing; update headers and session initialization across providers.,Refactor ChatGPTClone to use curl_cffi for session management and browser impersonation; remove ChatGPTES provider; add AI4Chat provider; enhance error handling and response processing; update headers and session initialization across providers.
OEvortex/Webscout,177bcc7db184e79a7f470dfa9edf78a340ec52f7,2025-04,-1,pre,2025-04-27T15:08:23+05:30,2025-04-27T15:08:23+05:30,u99c389b1b7bfbd23,u99c389b1b7bfbd23@users.invalid,u99c389b1b7bfbd23,u99c389b1b7bfbd23@users.invalid,1,0,1,194,91,1,194,91,,,,,,0,,feat(GROQ): implement model fetching and update available models from Groq API; switch to curl_cffi for HTTP requests,feat(GROQ): implement model fetching and update available models from Groq API; switch to curl_cffi for HTTP requests
OEvortex/Webscout,ba4c2ddacc1f0f6f15734515bdfc0d5936f82abb,2025-04,-1,pre,2025-04-27T15:27:33+05:30,2025-04-27T15:27:33+05:30,u99c389b1b7bfbd23,u99c389b1b7bfbd23@users.invalid,u99c389b1b7bfbd23,u99c389b1b7bfbd23@users.invalid,1,0,2,357,3,2,357,3,,,,,,0,,feat(Groq): implement Groq client for chat completions; switch to Groq API and update model handling,feat(Groq): implement Groq client for chat completions; switch to Groq API and update model handling
OEvortex/Webscout,a1e073c4b0fab8a53bddce9c967401cd87ca95c3,2025-04,-1,pre,2025-04-29T11:50:16+05:30,2025-04-29T11:50:16+05:30,u99c389b1b7bfbd23,u99c389b1b7bfbd23@users.invalid,u99c389b1b7bfbd23,u99c389b1b7bfbd23@users.invalid,1,0,3,95,0,3,95,0,,,,,,0,,"feat(DeepInfra, ElectronHub): update available models list and add dynamic model fetching","feat(DeepInfra, ElectronHub): update available models list and add dynamic model fetching"
OEvortex/Webscout,c77e18d146cb71d14b71b5854212fc3c4a65ee3c,2025-04,-1,pre,2025-04-29T19:39:12+05:30,2025-04-29T19:39:12+05:30,u99c389b1b7bfbd23,u99c389b1b7bfbd23@users.invalid,u99c389b1b7bfbd23,u99c389b1b7bfbd23@users.invalid,1,0,2,12,4,2,12,4,,,,,,0,,feat(HeckAI): update available models list with new entries,feat(HeckAI): update available models list with new entries
OEvortex/Webscout,0d37e47f31e81edaaf0083ee65e86d0291939692,2025-04,-1,pre,2025-04-30T22:55:06+05:30,2025-04-30T22:55:06+05:30,u99c389b1b7bfbd23,u99c389b1b7bfbd23@users.invalid,u99c389b1b7bfbd23,u99c389b1b7bfbd23@users.invalid,1,0,7,726,13,7,726,13,,,,,,0,,feat(MCPCore): implement MCPCore API client with model support and cookie handling,feat(MCPCore): implement MCPCore API client with model support and cookie handling
OEvortex/Webscout,079735d60c8684436cb25dacb46c378f0140b12f,2025-05,0,m0,2025-05-01T09:44:58+05:30,2025-05-01T09:44:58+05:30,u99c389b1b7bfbd23,u99c389b1b7bfbd23@users.invalid,u99c389b1b7bfbd23,u99c389b1b7bfbd23@users.invalid,1,0,5,330,103,5,330,103,,,,,,0,,feat(AIutel): enhance chunk processing and add byte stream decoding; integrate sanitize_stream for improved data handling,feat(AIutel): enhance chunk processing and add byte stream decoding; integrate sanitize_stream for improved data handling
OEvortex/Webscout,e37241c7865adb0ad181fb6a1fd42fd7d29a8572,2025-05,0,m0,2025-05-01T09:56:03+05:30,2025-05-01T09:56:03+05:30,u99c389b1b7bfbd23,u99c389b1b7bfbd23@users.invalid,u99c389b1b7bfbd23,u99c389b1b7bfbd23@users.invalid,1,0,4,61,30,3,61,30,,,,,,0,,chore(version): bump version to 8.2.4,chore(version): bump version to 8.2.4
OEvortex/Webscout,514eae5c268d54de70f83d8c89bed1ccaf1ecc5e,2025-05,0,m0,2025-05-01T15:17:03+05:30,2025-05-01T15:17:03+05:30,u99c389b1b7bfbd23,u99c389b1b7bfbd23@users.invalid,u99c389b1b7bfbd23,u99c389b1b7bfbd23@users.invalid,1,0,51,1650,1997,51,1650,1997,,,,,,0,,Refactor providers to integrate sanitize_stream for improved response handling,"Refactor providers to integrate sanitize_stream for improved response handling

- Added sanitize_stream to MultiChatAI for processing raw responses.
- Updated SciraAI to utilize sanitize_stream for both streaming and non-streaming responses, including error handling.
- Implemented sanitize_stream in SCNet for JSON extraction from streaming data.
- Enhanced SearchChatAI with sanitize_stream for efficient data processing.
- Integrated sanitize_stream in SonusAI for better content extraction from responses.
- Refactored Toolbaz to use sanitize_stream for tag removal in streaming text.
- Updated TurboSeek to leverage sanitize_stream for JSON object extraction.
- Implemented sanitize_stream in TypefullyAI for improved content extraction from streaming responses.
- Enhanced TypeGPT to utilize sanitize_stream for both streaming and non-streaming responses.
- Integrated sanitize_stream in UncovrAI for better handling of streaming and non-streaming data."
OEvortex/Webscout,cf8a09ad17be391fde9243de425ff5f7ee4c5750,2025-05,0,m0,2025-05-01T15:52:32+05:30,2025-05-01T15:52:32+05:30,u99c389b1b7bfbd23,u99c389b1b7bfbd23@users.invalid,u99c389b1b7bfbd23,u99c389b1b7bfbd23@users.invalid,1,0,3,4,35,3,4,35,,,,,,0,,refactor(provider): clean up import statements in ElectronHub and Glider files,refactor(provider): clean up import statements in ElectronHub and Glider files
OEvortex/Webscout,df1fa582a7d7580b117c6ce26ce5aa07c27e9fe1,2025-05,0,m0,2025-05-01T18:47:52+05:30,2025-05-01T18:47:52+05:30,u99c389b1b7bfbd23,u99c389b1b7bfbd23@users.invalid,u99c389b1b7bfbd23,u99c389b1b7bfbd23@users.invalid,1,0,1,107,80,1,107,80,,,,,,0,,feat(TwoAI): update API endpoint and enhance streaming response handling,feat(TwoAI): update API endpoint and enhance streaming response handling
OEvortex/Webscout,e60ba494d8a8866853bf42153306533cb44e3541,2025-05,0,m0,2025-05-01T19:09:19+05:30,2025-05-01T19:09:19+05:30,u99c389b1b7bfbd23,u99c389b1b7bfbd23@users.invalid,u99c389b1b7bfbd23,u99c389b1b7bfbd23@users.invalid,1,0,3,6,2,2,2,2,,,,,,0,,"feat(readme): add MultiChatAI, AI4Chat, and MCPCore to available providers","feat(readme): add MultiChatAI, AI4Chat, and MCPCore to available providers"
OEvortex/Webscout,75db0e7bf9906be632fab5f603b389c6e5d5afdd,2025-05,0,m0,2025-05-01T23:07:41+05:30,2025-05-01T23:07:41+05:30,u99c389b1b7bfbd23,u99c389b1b7bfbd23@users.invalid,u99c389b1b7bfbd23,u99c389b1b7bfbd23@users.invalid,1,0,4,655,1,4,655,1,,,,,,0,,feat(provider): add ChatSandbox and TypliAI providers with enhanced API interaction,feat(provider): add ChatSandbox and TypliAI providers with enhanced API interaction
OEvortex/Webscout,24274f33ae3c61ad1f37215ac5798863dfc92007,2025-05,0,m0,2025-05-02T14:41:58+05:30,2025-05-02T14:41:58+05:30,u99c389b1b7bfbd23,u99c389b1b7bfbd23@users.invalid,u99c389b1b7bfbd23,u99c389b1b7bfbd23@users.invalid,1,0,5,834,26,3,258,2,,,,,,0,,"docs(gguf): add detailed documentation for GGUF converter with usage examples and features feat(cli): implement Google and Yep search commands with options for region, safesearch, and result filtering refactor(conversation): clean up message validation logic","docs(gguf): add detailed documentation for GGUF converter with usage examples and features
feat(cli): implement Google and Yep search commands with options for region, safesearch, and result filtering
refactor(conversation): clean up message validation logic"
OEvortex/Webscout,468ace58ce511bacad435fdd8231ca81c96a870a,2025-05,0,m0,2025-05-02T17:06:26+05:30,2025-05-02T17:06:26+05:30,u99c389b1b7bfbd23,u99c389b1b7bfbd23@users.invalid,u99c389b1b7bfbd23,u99c389b1b7bfbd23@users.invalid,1,0,3,286,1,2,285,0,,,,,,0,,feat(GizAI): implement GizAI provider for API interaction and response handling,feat(GizAI): implement GizAI provider for API interaction and response handling
OEvortex/Webscout,8dd680f125aa4fdf6fa04539550e213357c68352,2025-05,0,m0,2025-05-02T18:33:55+05:30,2025-05-02T18:33:55+05:30,u99c389b1b7bfbd23,u99c389b1b7bfbd23@users.invalid,u99c389b1b7bfbd23,u99c389b1b7bfbd23@users.invalid,1,0,17,21,3441,14,1,3153,,,,,,0,,"Refactor: Remove LLM interface, model manager, server, utility functions, and update version to 8.2.5","Refactor: Remove LLM interface, model manager, server, utility functions, and update version to 8.2.5

- Deleted LLM interface implementation in llm.py
- Removed model management logic from model_manager.py
- Eliminated API server code in server.py
- Removed utility functions in utils.py
- Updated version number to 8.2.5 in version.py"
OEvortex/Webscout,a77bc56bd9dbe1fb66b128f830c0a04207be00fa,2025-05,0,m0,2025-05-02T18:38:16+05:30,2025-05-02T18:38:16+05:30,u99c389b1b7bfbd23,u99c389b1b7bfbd23@users.invalid,u99c389b1b7bfbd23,u99c389b1b7bfbd23@users.invalid,1,0,1,1,13,1,1,13,,,,,,0,,chore(setup): remove inferno package and local dependencies from setup.py,chore(setup): remove inferno package and local dependencies from setup.py
OEvortex/Webscout,1539eeb55c72fbdf9ff0162e9bd027d3494010d1,2025-05,0,m0,2025-05-03T09:26:06+05:30,2025-05-03T09:26:06+05:30,u99c389b1b7bfbd23,u99c389b1b7bfbd23@users.invalid,u99c389b1b7bfbd23,u99c389b1b7bfbd23@users.invalid,1,0,1,120,241,1,120,241,,,,,,0,,refactor(AIutel): enhance encoding support and improve chunk processing logic,refactor(AIutel): enhance encoding support and improve chunk processing logic
OEvortex/Webscout,57c182b02126a15d1a1099ae4dd3e83b0ea3c130,2025-05,0,m0,2025-05-03T10:15:20+05:30,2025-05-03T10:15:20+05:30,u99c389b1b7bfbd23,u99c389b1b7bfbd23@users.invalid,u99c389b1b7bfbd23,u99c389b1b7bfbd23@users.invalid,1,0,4,359,724,4,359,724,,,,,,0,,Refactor AutoCoder and Conversation classes for enhanced error handling and functionality,"Refactor AutoCoder and Conversation classes for enhanced error handling and functionality

- Added a new run_system_command function to execute system commands with improved error handling.
- Removed TutorAI provider and its references from the codebase.
- Updated the Conversation class to include robust message handling with metadata support.
- Enhanced logging capabilities in the Conversation class for better error tracking.
- Improved the message validation process and added a method to compress chat history.
- Refined the function call parsing and execution logic to handle tool responses more effectively."
OEvortex/Webscout,a10096e8af3a95d499b11f495fd0510e699eca8d,2025-05,0,m0,2025-05-03T13:06:53+05:30,2025-05-03T13:06:53+05:30,u99c389b1b7bfbd23,u99c389b1b7bfbd23@users.invalid,u99c389b1b7bfbd23,u99c389b1b7bfbd23@users.invalid,1,0,1,17,0,1,17,0,,,,,,0,,feat(conversation): add method to update chat history with prompt-response pairs,feat(conversation): add method to update chat history with prompt-response pairs
OEvortex/Webscout,c46ec35990b5a0dcdac847998fc027d95e8c9810,2025-05,0,m0,2025-05-03T14:11:30+05:30,2025-05-03T14:11:30+05:30,u99c389b1b7bfbd23,u99c389b1b7bfbd23@users.invalid,u99c389b1b7bfbd23,u99c389b1b7bfbd23@users.invalid,1,0,17,2666,1674,16,2455,794,,,,,,0,,"Add decorators for options, output formatting, and plugin management in SwiftCLI","Add decorators for options, output formatting, and plugin management in SwiftCLI

- Implemented option decorators for command-line options in options.py.
- Added output formatting decorators including table, progress, panel, and format output in output.py.
- Created exception classes for error handling in exceptions.py.
- Developed a plugin system with base plugin class and plugin manager in the plugins directory.
- Introduced utility functions for text formatting and argument parsing in utils directory."
OEvortex/Webscout,d57c59bf8da9da7b9b3f547cfdf6715eb1ac56b1,2025-05,0,m0,2025-05-03T15:48:34+05:30,2025-05-03T15:48:34+05:30,u99c389b1b7bfbd23,u99c389b1b7bfbd23@users.invalid,u99c389b1b7bfbd23,u99c389b1b7bfbd23@users.invalid,1,0,1,53,60,1,53,60,,,,,,0,,refactor(akashgpt): enhance streaming response handling and add content extractor,refactor(akashgpt): enhance streaming response handling and add content extractor
OEvortex/Webscout,4eb600eee02da1410bc8f40dd3df2abdf84beb81,2025-05,0,m0,2025-05-03T16:44:37+05:30,2025-05-03T16:44:37+05:30,u99c389b1b7bfbd23,u99c389b1b7bfbd23@users.invalid,u99c389b1b7bfbd23,u99c389b1b7bfbd23@users.invalid,1,0,2,372,0,2,372,0,,,,,,0,,feat(provider): add WrDoChat provider for oi.wr.do chat API integration,feat(provider): add WrDoChat provider for oi.wr.do chat API integration
OEvortex/Webscout,8c73f0dd6125a55d09ec83c074e24f834e4a69c0,2025-05,0,m0,2025-05-03T17:52:55+05:30,2025-05-03T17:52:55+05:30,u99c389b1b7bfbd23,u99c389b1b7bfbd23@users.invalid,u99c389b1b7bfbd23,u99c389b1b7bfbd23@users.invalid,1,0,1,57,43,1,57,43,,,,,,0,,feat(freeaichat): enhance API integration with new model support and improved streaming response handling,feat(freeaichat): enhance API integration with new model support and improved streaming response handling
OEvortex/Webscout,7671fdc63939007d45e0dc2b9127bc34d2977952,2025-05,0,m0,2025-05-04T13:22:59+05:30,2025-05-04T13:22:59+05:30,u99c389b1b7bfbd23,u99c389b1b7bfbd23@users.invalid,u99c389b1b7bfbd23,u99c389b1b7bfbd23@users.invalid,1,0,2,214,0,2,214,0,,,,,,0,,feat(provider): add NEMOTRON provider for nemotron.one API integration,feat(provider): add NEMOTRON provider for nemotron.one API integration
OEvortex/Webscout,c04586023b74761c703e39c89cd55d193530a852,2025-05,0,m0,2025-05-05T11:47:24+05:30,2025-05-05T11:47:24+05:30,u99c389b1b7bfbd23,u99c389b1b7bfbd23@users.invalid,u99c389b1b7bfbd23,u99c389b1b7bfbd23@users.invalid,1,0,4,17,8,4,17,8,,,,,,0,,feat(models): add 'scira-anthropic' model to Scira and NEMOTRON providers,feat(models): add 'scira-anthropic' model to Scira and NEMOTRON providers
OEvortex/Webscout,add689007219f704ded90356dc9228e67c5c8b75,2025-05,0,m0,2025-05-05T20:22:39+05:30,2025-05-05T20:22:39+05:30,u99c389b1b7bfbd23,u99c389b1b7bfbd23@users.invalid,u99c389b1b7bfbd23,u99c389b1b7bfbd23@users.invalid,1,0,16,187,924,15,168,923,,,,,,0,,"Refactor and clean up codebase: - Removed LLM.py file and its associated classes. - Updated autocoder.py to remove unused imports. - Modified GizAI, TeachAnything, and AI4Chat providers to handle response types more flexibly. - Deleted PizzaGPT and PromptRefine provider files. - Adjusted AkashGPT to use api_key instead of session_token for authentication. - Changed default model in WiseCat provider from ""chat-model-large"" to ""chat-model-small"". - Updated SCNet provider's intro prompt for clarity. - Removed unnecessary imports in __init__.py. - Bumped version to 8.2.6.","Refactor and clean up codebase:
- Removed LLM.py file and its associated classes.
- Updated autocoder.py to remove unused imports.
- Modified GizAI, TeachAnything, and AI4Chat providers to handle response types more flexibly.
- Deleted PizzaGPT and PromptRefine provider files.
- Adjusted AkashGPT to use api_key instead of session_token for authentication.
- Changed default model in WiseCat provider from ""chat-model-large"" to ""chat-model-small"".
- Updated SCNet provider's intro prompt for clarity.
- Removed unnecessary imports in __init__.py.
- Bumped version to 8.2.6."
OEvortex/Webscout,6e7b8a271f2ec9b4be1306f24e21fc8b30041b93,2025-05,0,m0,2025-05-05T20:33:14+05:30,2025-05-05T20:33:14+05:30,u99c389b1b7bfbd23,u99c389b1b7bfbd23@users.invalid,u99c389b1b7bfbd23,u99c389b1b7bfbd23@users.invalid,1,0,1,0,0,0,0,0,,,,,,0,,chore(changelog): update changelog for version 8.2.6,chore(changelog): update changelog for version 8.2.6
OEvortex/Webscout,b5aa9d74445687b409b74f8707b1ab5f20f22600,2025-05,0,m0,2025-05-06T09:07:23+05:30,2025-05-06T09:07:23+05:30,u99c389b1b7bfbd23,u99c389b1b7bfbd23@users.invalid,u99c389b1b7bfbd23,u99c389b1b7bfbd23@users.invalid,1,0,1,2,2,1,2,2,,,,,,0,,fix(cli): update entry points to use 'main' function,fix(cli): update entry points to use 'main' function
OEvortex/Webscout,538bb027611fa0d538d370bfbb19b051f9034548,2025-05,0,m0,2025-05-06T09:35:34+05:30,2025-05-06T09:35:34+05:30,u99c389b1b7bfbd23,u99c389b1b7bfbd23@users.invalid,u99c389b1b7bfbd23,u99c389b1b7bfbd23@users.invalid,1,0,4,113,203,2,0,203,,,,,,0,,chore: migrate project configuration from setup.py to pyproject.toml and remove legacy files,chore: migrate project configuration from setup.py to pyproject.toml and remove legacy files
OEvortex/Webscout,0fd226aaef6463a710c14edb88a0c4940e98769f,2025-05,0,m0,2025-05-06T10:12:24+05:30,2025-05-06T10:12:24+05:30,u99c389b1b7bfbd23,u99c389b1b7bfbd23@users.invalid,u99c389b1b7bfbd23,u99c389b1b7bfbd23@users.invalid,1,0,6,358,3,4,357,2,,,,,,0,,Adds TypefullyAI provider and expands model list,"Adds TypefullyAI provider and expands model list

Integrates TypefullyAI as a new provider with OpenAI compatibility.
Expands available model options for text generation, including
""openai-fast"", ""mirexa"", and ""bidara"", to support broader use cases and improve flexibility."
OEvortex/Webscout,c4d99136853387c5e4a26ade625b1f611a78c953,2025-05,0,m0,2025-05-06T18:17:56+05:30,2025-05-06T18:17:56+05:30,u99c389b1b7bfbd23,u99c389b1b7bfbd23@users.invalid,u99c389b1b7bfbd23,u99c389b1b7bfbd23@users.invalid,1,0,2,324,129,2,324,129,,,,,,0,,fix: Handle shell commands with ! prefix in autocoder,"fix: Handle shell commands with ! prefix in autocoder

- Modified _extract_code_blocks to properly detect shell commands in code blocks
- Added support for shell commands in triple backticks without language tag
- Implemented Jupyter-style UI for shell command execution and output display
- Fixed issue with main method not properly handling shell commands
- Added support for multiple shell commands in a single code block
- Enhanced error handling and display for shell commands
- Updated test script to verify all shell command execution scenarios"
OEvortex/Webscout,16c5477fd5e507d52aaa4936a0a03e40dd395133,2025-05,0,m0,2025-05-06T18:19:52+05:30,2025-05-06T18:19:52+05:30,u99c389b1b7bfbd23,u99c389b1b7bfbd23@users.invalid,u99c389b1b7bfbd23,u99c389b1b7bfbd23@users.invalid,1,0,1,0,0,0,0,0,,,,,,0,,chore(changelog): update changelog for version 8.2.7,chore(changelog): update changelog for version 8.2.7
OEvortex/Webscout,f288219507891d944fcf3603ec927e9ee8456573,2025-05,0,m0,2025-05-06T22:29:42+05:30,2025-05-06T22:29:42+05:30,u99c389b1b7bfbd23,u99c389b1b7bfbd23@users.invalid,u99c389b1b7bfbd23,u99c389b1b7bfbd23@users.invalid,1,0,2,46,41,2,46,41,,,,,,0,,feat(models): expand available models in DeepInfra provider,feat(models): expand available models in DeepInfra provider
OEvortex/Webscout,c943cce876da692aa8846455e80ac69c9e7be446,2025-05,0,m0,2025-05-07T08:53:50+05:30,2025-05-07T08:53:50+05:30,u99c389b1b7bfbd23,u99c389b1b7bfbd23@users.invalid,u99c389b1b7bfbd23,u99c389b1b7bfbd23@users.invalid,1,0,4,10,7,3,10,7,,,,,,0,,Updates model mapping with new Gemini and GPT4o entries,"Updates model mapping with new Gemini and GPT4o entries

Replaces deprecated model key with GPT4o and adds Gemini 2.5 Pro
to the available model mappings for broader provider support.
Also sets a default parameter to disable deep search in the main entry point."
OEvortex/Webscout,939829acb4c28b0ebbb6c70357d8b426fe19bdad,2025-05,0,m0,2025-05-07T21:13:36+05:30,2025-05-07T21:13:36+05:30,u99c389b1b7bfbd23,u99c389b1b7bfbd23@users.invalid,u99c389b1b7bfbd23,u99c389b1b7bfbd23@users.invalid,1,0,4,534,22,4,534,22,,,,,,0,,feat(provider): add FreeGemini API client and integrate with OpenAI-compatible interface,"feat(provider): add FreeGemini API client and integrate with OpenAI-compatible interface

Adds FreeGemini provider and stream sanitization fixes

Integrates FreeGemini API client with OpenAI-compatible interface.
Refines stream sanitization by simplifying chunk skipping logic and removing unnecessary byte handling for improved clarity and robustness.

Relates to provider integration enhancements."
OEvortex/Webscout,d17a02e381053963992f987e7aee9f233e327ce5,2025-05,0,m0,2025-05-09T15:03:05+05:30,2025-05-09T15:03:05+05:30,u99c389b1b7bfbd23,u99c389b1b7bfbd23@users.invalid,u99c389b1b7bfbd23,u99c389b1b7bfbd23@users.invalid,1,0,1,84,70,1,84,70,,,,,,0,,Optimizes stream processing and error handling,"Optimizes stream processing and error handling

Improves performance for string and byte streams by reducing allocations, streamlining marker detection, and optimizing JSON parsing. Enhances robustness with better error handling and clearer, memory-efficient buffering for large data. Removes unused imports to reduce overhead."
OEvortex/Webscout,7f66f78c0e2d64ad22d7cb563af3f2d1fe8b240f,2025-05,0,m0,2025-05-09T15:06:33+05:30,2025-05-09T15:06:33+05:30,u99c389b1b7bfbd23,u99c389b1b7bfbd23@users.invalid,u99c389b1b7bfbd23,u99c389b1b7bfbd23@users.invalid,1,0,1,15,2,1,15,2,,,,,,0,,perf(stream): optimize byte stream decoding with buffer processing,perf(stream): optimize byte stream decoding with buffer processing
OEvortex/Webscout,1c5938779da3409da925752e64e4944d977a0bee,2025-05,0,m0,2025-05-10T11:46:01+05:30,2025-05-10T11:46:01+05:30,u99c389b1b7bfbd23,u99c389b1b7bfbd23@users.invalid,u99c389b1b7bfbd23,u99c389b1b7bfbd23@users.invalid,1,0,4,95,19,4,95,19,,,,,,0,,Adds limit parameter to trending video methods and updates model mapping,"Adds limit parameter to trending video methods and updates model mapping

Introduces an optional limit parameter to all trending video retrieval methods, allowing results to be capped directly.
Updates model mapping to include support for an additional AI model, improving provider flexibility."
OEvortex/Webscout,3b98167d6d4f053411e0da28b50148e0b940f747,2025-05,0,m0,2025-05-10T11:58:43+05:30,2025-05-10T11:58:43+05:30,u99c389b1b7bfbd23,u99c389b1b7bfbd23@users.invalid,u99c389b1b7bfbd23,u99c389b1b7bfbd23@users.invalid,1,0,2,1,1,1,1,1,,,,,,0,,chore(version): update version to 8.2.7,chore(version): update version to 8.2.7
OEvortex/Webscout,6c7418194ced74a8dae0dc0856d43090f279dadf,2025-05,0,m0,2025-05-10T12:01:01+05:30,2025-05-10T12:01:01+05:30,u99c389b1b7bfbd23,u99c389b1b7bfbd23@users.invalid,u99c389b1b7bfbd23,u99c389b1b7bfbd23@users.invalid,1,0,1,0,0,0,0,0,,,,,,0,,chore(changelog): update changelog for version 8.2.7,chore(changelog): update changelog for version 8.2.7
OEvortex/Webscout,623dab2eb35e9218cf1985d64e2b606941269ca6,2025-05,0,m0,2025-05-11T09:42:54+05:30,2025-05-11T09:42:54+05:30,u99c389b1b7bfbd23,u99c389b1b7bfbd23@users.invalid,u99c389b1b7bfbd23,u99c389b1b7bfbd23@users.invalid,1,0,6,95,59,4,68,53,,,,,,0,,Refactors zeroart for type safety and setuptools auto-discovery,"Refactors zeroart for type safety and setuptools auto-discovery

Introduces type annotations and typing imports across zeroart for improved code clarity and static analysis. Refactors setuptools section in project config to enable namespace package auto-discovery and extend package data inclusion. Removes unused dependencies for a leaner install footprint."
OEvortex/Webscout,2b3248573014bcd6ef2fa92e258ec816a712ee46,2025-05,0,m0,2025-05-11T09:50:02+05:30,2025-05-11T09:50:02+05:30,u99c389b1b7bfbd23,u99c389b1b7bfbd23@users.invalid,u99c389b1b7bfbd23,u99c389b1b7bfbd23@users.invalid,1,0,1,1,8,0,0,0,,,,,,0,,chore(manifest): remove unnecessary recursive includes for webscout subdirectories,chore(manifest): remove unnecessary recursive includes for webscout subdirectories
OEvortex/Webscout,65cee15a29f38fafb187e0212abbb167b8faf2e7,2025-05,0,m0,2025-05-11T11:07:39+05:30,2025-05-11T11:07:39+05:30,u99c389b1b7bfbd23,u99c389b1b7bfbd23@users.invalid,u99c389b1b7bfbd23,u99c389b1b7bfbd23@users.invalid,1,0,2,10,7,1,4,2,,,,,,0,,refactor(init): improve update checker logic for better readability,refactor(init): improve update checker logic for better readability
OEvortex/Webscout,6a8cbb5f838b2955a3996df8f0b5b8d72cb40e96,2025-05,0,m0,2025-05-11T11:24:15+05:30,2025-05-11T11:24:15+05:30,u99c389b1b7bfbd23,u99c389b1b7bfbd23@users.invalid,u99c389b1b7bfbd23,u99c389b1b7bfbd23@users.invalid,1,0,3,571,75,3,571,75,,,,,,0,,"feat(zeroart): add DottedFont and ShadowFont, enhance font handling in effects","feat(zeroart): add DottedFont and ShadowFont, enhance font handling in effects"
OEvortex/Webscout,52ef135998cb0d3d846d2cf069c3575f865a8ae1,2025-05,0,m0,2025-05-11T18:11:46+05:30,2025-05-11T18:11:46+05:30,uc74c24cf93966045,uc74c24cf93966045@users.invalid,GitHub,noreply@github.com,1,0,1,1,0,0,0,0,,,,,,0,,Update README.md,Update README.md
OEvortex/Webscout,ab84147b0f142dd0999b9e8e717bd32a52a2a4a8,2025-05,0,m0,2025-05-11T21:12:15+05:30,2025-05-11T21:12:15+05:30,u99c389b1b7bfbd23,u99c389b1b7bfbd23@users.invalid,u99c389b1b7bfbd23,u99c389b1b7bfbd23@users.invalid,1,0,9,209,1165,9,209,1165,,,,,,0,,"Refactor AISEARCH provider imports, remove ElectronHub provider, and update Glider and HeckAI implementations","Refactor AISEARCH provider imports, remove ElectronHub provider, and update Glider and HeckAI implementations

- Removed unused import from AISEARCH provider.
- Deleted ElectronHub provider file and its associated functionality.
- Updated Glider provider to use cloudscraper instead of curl_cffi for session management.
- Modified HeckAI provider to enhance error handling and response validation.
- Cleaned up conversation.py by removing logging setup and improving error handling.
- Added a new empty file 'lol.py' for future use."
OEvortex/Webscout,e4133a4f4cbcd3c315b38805b8aaaedc7f5268e1,2025-05,0,m0,2025-05-12T09:04:03+05:30,2025-05-12T09:04:03+05:30,u99c389b1b7bfbd23,u99c389b1b7bfbd23@users.invalid,u99c389b1b7bfbd23,u99c389b1b7bfbd23@users.invalid,1,0,7,7,445,6,6,391,,,,,,0,,Remove YouChat provider and related functionalities,"Remove YouChat provider and related functionalities

- Deleted YouChat.py provider implementation from the Provider directory.
- Removed references to YouChat in the __init__.py file.
- Cleaned up CLI commands related to the chat functionality using YouChat.
- Updated webscout_search.py and webscout_search_async.py to remove chat-related methods and variables.
- Moved the YouChat implementation to an UNFINISHED directory for potential future use."
OEvortex/Webscout,ad0250220456a96c313a925e01a55103403abfda,2025-05,0,m0,2025-05-17T08:50:20+05:30,2025-05-17T08:50:20+05:30,u99c389b1b7bfbd23,u99c389b1b7bfbd23@users.invalid,u99c389b1b7bfbd23,u99c389b1b7bfbd23@users.invalid,1,0,39,1689,1481,33,1605,1473,,,,,,0,,feat: Add new models to LLMChat provider and enhance Meta response handling,"feat: Add new models to LLMChat provider and enhance Meta response handling

- Updated LLMChat provider to include new models: llama-4-scout-17b-16e, mistral-small-3.1-24b, and gemma-3-12b-it.
- Improved response handling in Meta provider to ensure the latest message is always yielded.
- Modified conversation loading behavior to enhance error handling.
- Introduced a new labeler configuration for GitHub Actions.
- Added a new script (lol.py) for testing Cloudflare chat completions.
- Implemented Flowith provider for interacting with the Flowith API, including streaming support.
- Created Cloudflare provider for OpenAI-compatible interactions with Cloudflare's API.
- Developed ChatSandbox provider for OpenAI-compatible chat interactions.
- Enhanced Flowith provider with detailed request and response logging.
- Added Samurai provider for custom API interactions with improved error handling and streaming support."
OEvortex/Webscout,7a436c8e88ac048705b4c5e400e083258a14f7eb,2025-05,0,m0,2025-05-17T08:52:35+05:30,2025-05-17T08:52:35+05:30,u99c389b1b7bfbd23,u99c389b1b7bfbd23@users.invalid,u99c389b1b7bfbd23,u99c389b1b7bfbd23@users.invalid,1,0,1,0,0,0,0,0,,,,,,0,,changelog,changelog
OEvortex/Webscout,722a1791c928cef5710b2f77dad70075b9e7a79d,2025-05,0,m0,2025-05-17T09:08:44+05:30,2025-05-17T09:08:44+05:30,uc74c24cf93966045,uc74c24cf93966045@users.invalid,uc74c24cf93966045,uc74c24cf93966045@users.invalid,1,0,12,60,1,11,54,1,,,,,,0,,Add models method to all providers in OPENAI directory,"Add models method to all providers in OPENAI directory

Add a `models` method to each provider in the `webscout/Provider/OPENAI` directory to return a list of available models.

* **ai4chat.py**
  - Add a `models` method to return the list of available models for AI4Chat.

* **Cloudflare.py**
  - Add a `models` method to return the list of available models for Cloudflare.

* **freeaichat.py**
  - Add a `models` method to return the list of available models for FreeAIChat.

* **glider.py**
  - Add a `models` method to return the list of available models for Glider.

* **groq.py**
  - Add a `models` method to return the list of available models for Groq.

* **netwrck.py**
  - Add a `models` method to return the list of available models for Netwrck.

* **scirachat.py**
  - Add a `models` method to return the list of available models for SciraChat.

* **textpollinations.py**
  - Add a `models` method to return the list of available models for TextPollinations.

* **typefully.py**
  - Add a `models` method to return the list of available models for TypefullyAI.

* **typegpt.py**
  - Add a `models` method to return the list of available models for TypeGPT.

* **base.py**
  - Add an abstract `models` method to the `OpenAICompatibleProvider` class.

---

For more details, open the [Copilot Workspace session](https://copilot-workspace.githubnext.com/OEvortex/Webscout?shareId=XXXX-XXXX-XXXX-XXXX)."
OEvortex/Webscout,62585037587e93075da94c21ab2c367ff886f93a,2025-05,0,m0,2025-05-17T09:13:22+05:30,2025-05-17T09:13:22+05:30,uc74c24cf93966045,uc74c24cf93966045@users.invalid,GitHub,noreply@github.com,2,1,0,0,0,0,0,0,,,,,,0,51,Merge pull request #51 from OEvortex/add-models-method,"Merge pull request #51 from OEvortex/add-models-method

Add models method to all providers in OPENAI directory"
OEvortex/Webscout,c377047e16e4b12d24376992b40aa9dbd9b2a899,2025-05,0,m0,2025-05-17T10:01:57+05:30,2025-05-17T10:01:57+05:30,u99c389b1b7bfbd23,u99c389b1b7bfbd23@users.invalid,u99c389b1b7bfbd23,u99c389b1b7bfbd23@users.invalid,1,0,38,250,56,36,250,50,,,,,,0,,feat(models): refactor models method to property for all OpenAI providers,"feat(models): refactor models method to property for all OpenAI providers

Refactors model listing to property with .list() for providers

Unifies model discovery across all OpenAI-compatible providers by converting the models classmethod to a property returning an object with a .list() method. This improves interface consistency, aligns with modern API patterns, and enables more intuitive access to available models. Removes the old devcontainer config as part of cleanup."
OEvortex/Webscout,dbac41f7e9fa3bb7499048fca649625ea2781f71,2025-05,0,m0,2025-05-17T12:37:31+05:30,2025-05-17T12:37:31+05:30,u99c389b1b7bfbd23,u99c389b1b7bfbd23@users.invalid,u99c389b1b7bfbd23,u99c389b1b7bfbd23@users.invalid,1,0,3,1024,20,3,1024,20,,,,,,0,,api,api
OEvortex/Webscout,c7b7c37166793c304557e866fd02484f74b0838f,2025-05,0,m0,2025-05-17T13:41:26+05:30,2025-05-17T13:41:26+05:30,u99c389b1b7bfbd23,u99c389b1b7bfbd23@users.invalid,u99c389b1b7bfbd23,u99c389b1b7bfbd23@users.invalid,1,0,1,81,80,1,81,80,,,,,,0,,fixed,fixed
OEvortex/Webscout,f748dd423aae6e7a423660087daab74927b741f5,2025-05,0,m0,2025-05-17T16:25:14+05:30,2025-05-17T16:25:14+05:30,u99c389b1b7bfbd23,u99c389b1b7bfbd23@users.invalid,u99c389b1b7bfbd23,u99c389b1b7bfbd23@users.invalid,1,0,3,224,16,1,111,15,,,,,,0,,feat(api): add OpenAI-Compatible API Server section to README and enhance API server functionality,feat(api): add OpenAI-Compatible API Server section to README and enhance API server functionality
OEvortex/Webscout,f7f32e9ff386dfadc56ebaea57e0b59bf6ec7255,2025-05,0,m0,2025-05-17T17:47:07+05:30,2025-05-17T17:47:07+05:30,u99c389b1b7bfbd23,u99c389b1b7bfbd23@users.invalid,u99c389b1b7bfbd23,u99c389b1b7bfbd23@users.invalid,1,0,10,286,166,8,285,166,,,,,,0,,feat(provider): add NEMOTRON provider with chat and completions functionality,feat(provider): add NEMOTRON provider with chat and completions functionality
OEvortex/Webscout,ab5d2fec2622a89bd2624a363bbb76edf6509c25,2025-05,0,m0,2025-05-18T09:53:42+05:30,2025-05-18T09:53:42+05:30,u99c389b1b7bfbd23,u99c389b1b7bfbd23@users.invalid,u99c389b1b7bfbd23,u99c389b1b7bfbd23@users.invalid,1,0,4,200,881,3,200,881,,,,,,0,,feat(provider): implement lmarena provider for Arena API with chat functionality,feat(provider): implement lmarena provider for Arena API with chat functionality
OEvortex/Webscout,72640089262860644b0283544a4893900b9110de,2025-05,0,m0,2025-05-18T11:02:53+05:30,2025-05-18T11:02:53+05:30,u99c389b1b7bfbd23,u99c389b1b7bfbd23@users.invalid,u99c389b1b7bfbd23,u99c389b1b7bfbd23@users.invalid,1,0,4,598,103,3,596,101,,,,,,0,,feat(provider): add Sthir provider with text-to-speech functionality and update SpeechMa provider voices,feat(provider): add Sthir provider with text-to-speech functionality and update SpeechMa provider voices
OEvortex/Webscout,018b5256567c70fa8318a2f37782df66e2797aa1,2025-05,0,m0,2025-05-18T12:02:36+05:30,2025-05-18T12:02:36+05:30,u99c389b1b7bfbd23,u99c389b1b7bfbd23@users.invalid,u99c389b1b7bfbd23,u99c389b1b7bfbd23@users.invalid,1,0,2,511,74,1,511,74,,,,,,0,,"feat(provider): enhance BLACKBOXAI with new models, session generation, and image handling","feat(provider): enhance BLACKBOXAI with new models, session generation, and image handling"
OEvortex/Webscout,e48e1a83bbd6ec77009a8655e8326b8a75b66617,2025-05,0,m0,2025-05-18T12:08:48+05:30,2025-05-18T12:08:48+05:30,u99c389b1b7bfbd23,u99c389b1b7bfbd23@users.invalid,u99c389b1b7bfbd23,u99c389b1b7bfbd23@users.invalid,1,0,1,11,9,1,11,9,,,,,,0,,feat(provider): integrate LitAgent for realistic browser fingerprinting in headers,feat(provider): integrate LitAgent for realistic browser fingerprinting in headers
OEvortex/Webscout,53228480850e3996cda59563ef0cfcf56abc2827,2025-05,0,m0,2025-05-18T13:40:29+05:30,2025-05-18T13:40:29+05:30,u99c389b1b7bfbd23,u99c389b1b7bfbd23@users.invalid,u99c389b1b7bfbd23,u99c389b1b7bfbd23@users.invalid,1,0,5,800,5,4,799,4,,,,,,0,,feat: Integrate BLACKBOXAI provider and update model usage,"feat: Integrate BLACKBOXAI provider and update model usage

- Replaced NEMOTRON with BLACKBOXAI in the main application.
- Updated model parameter to use ""GPT-4.1"" for chat completions.
- Enhanced BLACKBOXAI class with cookie management for session handling.
- Added BLACKBOXAI provider to the OpenAI-compatible providers list in README.
- Included BLACKBOXAI in the OpenAI package's __init__.py for accessibility.
- Created a new BLACKBOXAI.py file implementing the chat and completions functionality."
OEvortex/Webscout,516f2f268fbfce27c7e4a058fbd50d3f4f5aa0fd,2025-05,0,m0,2025-05-18T14:14:21+05:30,2025-05-18T14:14:21+05:30,u99c389b1b7bfbd23,u99c389b1b7bfbd23@users.invalid,u99c389b1b7bfbd23,u99c389b1b7bfbd23@users.invalid,1,0,4,165,215,4,165,215,,,,,,0,,"refactor(provider): streamline model handling and improve error management in BLACKBOXAI, WiseCat, and YEPCHAT providers","refactor(provider): streamline model handling and improve error management in BLACKBOXAI, WiseCat, and YEPCHAT providers"
OEvortex/Webscout,bf60d70b335a3fd0c630db32e57019491fe147c6,2025-05,0,m0,2025-05-18T14:14:52+05:30,2025-05-18T14:14:52+05:30,u99c389b1b7bfbd23,u99c389b1b7bfbd23@users.invalid,u99c389b1b7bfbd23,u99c389b1b7bfbd23@users.invalid,1,0,1,1,1,1,1,1,,,,,,0,,chore(version): update version to 8.2.8,chore(version): update version to 8.2.8
OEvortex/Webscout,2c91c2ecd614a15bc8ff2d54b4cebd8281ede933,2025-05,0,m0,2025-05-18T14:46:21+05:30,2025-05-18T14:46:21+05:30,u99c389b1b7bfbd23,u99c389b1b7bfbd23@users.invalid,u99c389b1b7bfbd23,u99c389b1b7bfbd23@users.invalid,1,0,2,33,2,1,9,2,,,,,,0,,Uses temporary directory for plugins,"Uses temporary directory for plugins

Uses a temporary directory for storing plugins
instead of the user's home directory.

This avoids potential conflicts and ensures a clean
environment for plugin execution. The temporary
directory is automatically cleaned up when the
process exits."
OEvortex/Webscout,cb07808e1f67fc3d119e50cc0108b4327517453d,2025-05,0,m0,2025-05-18T14:48:14+05:30,2025-05-18T14:48:14+05:30,u99c389b1b7bfbd23,u99c389b1b7bfbd23@users.invalid,u99c389b1b7bfbd23,u99c389b1b7bfbd23@users.invalid,1,0,1,1,0,0,0,0,,,,,,0,,Adds zstandard as a dependency,"Adds zstandard as a dependency

Adds the `zstandard` library as a dependency to improve data compression capabilities. This enhances the efficiency of data handling within the application."
OEvortex/Webscout,5095489c6271ccc30b14b4c47c2eaa2d5d4b5526,2025-05,0,m0,2025-05-18T15:35:55+05:30,2025-05-18T15:35:55+05:30,u99c389b1b7bfbd23,u99c389b1b7bfbd23@users.invalid,u99c389b1b7bfbd23,u99c389b1b7bfbd23@users.invalid,1,0,2,438,197,2,438,197,,,,,,0,,Improves API error handling and JSON parsing,"Improves API error handling and JSON parsing

Enhances the API's resilience by implementing more robust JSON parsing and error handling.

Addresses issues where malformed JSON requests, particularly from clients like PowerShell, could cause failures. Implements fixes to handle common JSON formatting errors, such as trailing commas, incorrect quotes, and missing quotes, providing more helpful error messages and request examples to guide users.

Also adds detailed descriptions and examples to the ChatCompletionRequest model, improving the API documentation and user experience. Adds API documentation through /docs, /redoc, and /openapi.json endpoints."
OEvortex/Webscout,b4663cfbb085839244affa38bfc748d09cd6ef08,2025-05,0,m0,2025-05-18T16:00:12+05:30,2025-05-18T16:00:12+05:30,u99c389b1b7bfbd23,u99c389b1b7bfbd23@users.invalid,u99c389b1b7bfbd23,u99c389b1b7bfbd23@users.invalid,1,0,2,404,327,2,404,327,,,,,,0,,.,.
OEvortex/Webscout,f49a03f6332a210bd49679aaddd54e00e6e5f693,2025-05,0,m0,2025-05-18T18:48:34+05:30,2025-05-18T18:48:34+05:30,u99c389b1b7bfbd23,u99c389b1b7bfbd23@users.invalid,u99c389b1b7bfbd23,u99c389b1b7bfbd23@users.invalid,1,0,3,93,248,3,93,248,,,,,,0,,feat(TwoAI): enhance API interaction with image support and update model details,feat(TwoAI): enhance API interaction with image support and update model details
OEvortex/Webscout,cea6fb25493fb429e86ec2c3179a077a8e1f8204,2025-05,0,m0,2025-05-18T19:17:15+05:30,2025-05-18T19:17:15+05:30,u99c389b1b7bfbd23,u99c389b1b7bfbd23@users.invalid,u99c389b1b7bfbd23,u99c389b1b7bfbd23@users.invalid,1,0,1,154,7,1,154,7,,,,,,0,,feat(TwoAI): implement API key generation using temporary email,feat(TwoAI): implement API key generation using temporary email
OEvortex/Webscout,1bc3da5b237b3b3f5d308f003ef207bcfacd85db,2025-05,0,m0,2025-05-19T15:28:58+05:30,2025-05-19T15:28:58+05:30,u99c389b1b7bfbd23,u99c389b1b7bfbd23@users.invalid,u99c389b1b7bfbd23,u99c389b1b7bfbd23@users.invalid,1,0,1,333,282,1,333,282,,,,,,0,,feat(Bard): update model definitions and enhance error handling in API requests,feat(Bard): update model definitions and enhance error handling in API requests
OEvortex/Webscout,eeeeccbc30f47d7bb555ff8de4c8ab32b8c82662,2025-05,0,m0,2025-05-19T18:55:25+05:30,2025-05-19T18:55:25+05:30,u99c389b1b7bfbd23,u99c389b1b7bfbd23@users.invalid,u99c389b1b7bfbd23,u99c389b1b7bfbd23@users.invalid,1,0,4,942,351,4,942,351,,,,,,0,,Add PuterJS provider and oivscode provider implementation,"Add PuterJS provider and oivscode provider implementation

- Introduced `PuterJS` class for interacting with the Puter.js API, including methods for creating temporary accounts, handling rate limits, and processing chat requests with image support.
- Implemented `oivscode` class for interacting with a test API, featuring model selection, conversation management, and robust error handling with failover for API requests.
- Updated `__init__.py` to include the new `oivscode` provider.
- Added extensive error handling and retry logic for API interactions in both providers."
OEvortex/Webscout,b44e2128456a03796878d9af3de880ad1c6ddbd9,2025-05,0,m0,2025-05-20T10:17:24+05:30,2025-05-20T10:17:24+05:30,u99c389b1b7bfbd23,u99c389b1b7bfbd23@users.invalid,u99c389b1b7bfbd23,u99c389b1b7bfbd23@users.invalid,1,0,1,92,8,1,92,8,,,,,,0,,feat(BlackboxAI): enhance session generation with optional email and diverse name/domain lists,"feat(BlackboxAI): enhance session generation with optional email and diverse name/domain lists

Improves session generation with diverse names/domains

Allows optional email input during session creation and expands the lists of names and domains for greater diversity and realism. Updates random email generation logic and error handling for consistency. Enhances data variability for testing and user simulation scenarios."
OEvortex/Webscout,78865d826f7c2dfa38edd855ab5bec9b29964f48,2025-05,0,m0,2025-05-20T11:05:57+05:30,2025-05-20T11:05:57+05:30,uc74c24cf93966045,uc74c24cf93966045@users.invalid,uc74c24cf93966045,uc74c24cf93966045@users.invalid,1,0,28,245,1963,25,234,1787,,,,,,0,,Replace LitLogger with lightweight custom logger,Replace LitLogger with lightweight custom logger
OEvortex/Webscout,58afe2969728712a306f426b92cbd95ea91bf206,2025-05,0,m0,2025-05-20T11:09:49+05:30,2025-05-20T11:09:49+05:30,uc74c24cf93966045,uc74c24cf93966045@users.invalid,GitHub,noreply@github.com,2,1,0,0,0,0,0,0,,B,codex,branch,,0,52,Merge pull request #52 from OEvortex/codex/rebuild-litlogger-from-scratch-without-external-packages,"Merge pull request #52 from OEvortex/codex/rebuild-litlogger-from-scratch-without-external-packages

Simplify LitLogger implementation"
OEvortex/Webscout,9ce5c6cc89669bc127be88e04c7764e4d1280472,2025-05,0,m0,2025-05-20T13:39:15+05:30,2025-05-20T13:39:15+05:30,uc74c24cf93966045,uc74c24cf93966045@users.invalid,uc74c24cf93966045,uc74c24cf93966045@users.invalid,1,0,1,10,48,1,10,48,,,,,,0,,Improve chat completions request example,Improve chat completions request example
OEvortex/Webscout,139c1c230d85b2cd3c20e081eec8f2390f091f86,2025-05,0,m0,2025-05-20T13:41:24+05:30,2025-05-20T13:41:24+05:30,uc74c24cf93966045,uc74c24cf93966045@users.invalid,GitHub,noreply@github.com,2,1,0,0,0,0,0,0,,B,codex,branch,,0,53,Merge pull request #53 from OEvortex/codex/fix-swagger-ui-parameters-and-api-body-issue,"Merge pull request #53 from OEvortex/codex/fix-swagger-ui-parameters-and-api-body-issue

Fix chat completion request body example"
OEvortex/Webscout,045f0157207ecc19b46bc38c8cf80c9ed6b75caa,2025-05,0,m0,2025-05-20T14:13:20+05:30,2025-05-20T14:13:20+05:30,u99c389b1b7bfbd23,u99c389b1b7bfbd23@users.invalid,u99c389b1b7bfbd23,u99c389b1b7bfbd23@users.invalid,1,0,7,36,350,7,36,350,,,,,,0,,refactor(logger): standardize logger format parameter naming refactor(api): remove robust body parsing middleware and enhance error handling refactor(init): update import paths for Litlogger module,"refactor(logger): standardize logger format parameter naming
refactor(api): remove robust body parsing middleware and enhance error handling
refactor(init): update import paths for Litlogger module"
OEvortex/Webscout,8f4c811c0111cb259676dccfbccb2fd9bcf1fbc5,2025-05,0,m0,2025-05-20T14:45:17+05:30,2025-05-20T14:45:17+05:30,u99c389b1b7bfbd23,u99c389b1b7bfbd23@users.invalid,u99c389b1b7bfbd23,u99c389b1b7bfbd23@users.invalid,1,0,3,488,259,3,488,259,,,,,,0,,Refactor OPENAI API models for multimodal support and logging,"Refactor OPENAI API models for multimodal support and logging

Refactor Pydantic models in OPENAI API to support multimodal message content (text and image parts) for better OpenAI compatibility. Move Pydantic imports to a dedicated module. Improve streaming response handling and logging for unknown chunk types and errors. Update Litlogger __init__ for explicit exports."
OEvortex/Webscout,4d82b057b11ce816f379c4181fb4178c930fa994,2025-05,0,m0,2025-05-20T15:08:42+05:30,2025-05-20T15:08:42+05:30,u99c389b1b7bfbd23,u99c389b1b7bfbd23@users.invalid,u99c389b1b7bfbd23,u99c389b1b7bfbd23@users.invalid,1,0,6,0,237,5,0,227,,,,,,0,,Remove duplicate 'litlogger' directory (case conflict with 'Litlogger'),Remove duplicate 'litlogger' directory (case conflict with 'Litlogger')
OEvortex/Webscout,3a878f6d77114b312ac3ffd190e09609fd0ee604,2025-05,0,m0,2025-05-20T15:09:24+05:30,2025-05-20T15:09:24+05:30,u99c389b1b7bfbd23,u99c389b1b7bfbd23@users.invalid,u99c389b1b7bfbd23,u99c389b1b7bfbd23@users.invalid,1,0,6,237,2,5,227,2,,,,,,0,,feat(logger): implement lightweight logging library with multiple handlers,feat(logger): implement lightweight logging library with multiple handlers
OEvortex/Webscout,88fd785319d1f9a2a42cb3f4a76a29eba7ce8d5f,2025-05,0,m0,2025-05-20T15:34:59+05:30,2025-05-20T15:34:59+05:30,u99c389b1b7bfbd23,u99c389b1b7bfbd23@users.invalid,u99c389b1b7bfbd23,u99c389b1b7bfbd23@users.invalid,1,0,1,2,43,1,2,43,,,,,,0,,Remove logging statements from OPENAI provider API for cleaner output,"Remove logging statements from OPENAI provider API for cleaner output

Refactor api.py to eliminate all logging and logger usage, including info, debug, and error logs. This simplifies the codebase, reduces noise in output, and prepares the module for environments where logging is managed externally or is unnecessary."
OEvortex/Webscout,6b39c6cda5bafc5bd77d1de6da79e79e54ee1e43,2025-05,0,m0,2025-05-20T17:47:30+05:30,2025-05-20T17:47:30+05:30,udf3cc36dfdb1ebb6,udf3cc36dfdb1ebb6@users.invalid,GitHub,noreply@github.com,1,0,1,548,348,1,548,348,,,,,,0,,Update api.py,Update api.py
OEvortex/Webscout,53eb28137724ed1968377a0a4ba66535b0568663,2025-05,0,m0,2025-05-20T17:57:19+05:30,2025-05-20T17:57:19+05:30,uc74c24cf93966045,uc74c24cf93966045@users.invalid,GitHub,noreply@github.com,2,1,0,0,0,0,0,0,,,,,,0,54,Merge pull request #54 from hf05681d4adb0cca5/patch-1,"Merge pull request #54 from hf05681d4adb0cca5/patch-1

Add Streaming and Function Calling"
OEvortex/Webscout,5ab99ed73a28597dd9786aefc491a5c849b9e58c,2025-05,0,m0,2025-05-20T18:03:17+05:30,2025-05-20T18:03:17+05:30,u99c389b1b7bfbd23,u99c389b1b7bfbd23@users.invalid,u99c389b1b7bfbd23,u99c389b1b7bfbd23@users.invalid,1,0,2,348,548,1,348,548,,,,,,0,,Refactor code structure for improved readability and maintainability,Refactor code structure for improved readability and maintainability
OEvortex/Webscout,a5bc7f6c6747df6004e82eeccf9a0f4e19ea0465,2025-05,0,m0,2025-05-20T18:46:55+05:30,2025-05-20T18:46:55+05:30,u99c389b1b7bfbd23,u99c389b1b7bfbd23@users.invalid,u99c389b1b7bfbd23,u99c389b1b7bfbd23@users.invalid,1,0,2,163,33,2,163,33,,,,,,0,,Enables streaming support for BlackboxAI provider,"Enables streaming support for BlackboxAI provider

Implements chunked streaming of responses for BlackboxAI, providing OpenAI-compatible output and improving real-time response handling. Updates buffer management for streamed output and adapts main usage examples to demonstrate streaming usage. Refactors imports for improved clarity and maintainability."
OEvortex/Webscout,1da73d2900bffeae0598219b5a8078de9a7af520,2025-05,0,m0,2025-05-20T19:41:55+05:30,2025-05-20T19:41:55+05:30,u99c389b1b7bfbd23,u99c389b1b7bfbd23@users.invalid,u99c389b1b7bfbd23,u99c389b1b7bfbd23@users.invalid,1,0,4,71,51,4,71,51,,,,,,0,,feat(ai4chat): implement simulated streaming response in chat method,feat(ai4chat): implement simulated streaming response in chat method
OEvortex/Webscout,a7475dd1ba81e7b91382b109d4a1290524ca8b84,2025-05,0,m0,2025-05-20T21:59:16+05:30,2025-05-20T21:59:16+05:30,u99c389b1b7bfbd23,u99c389b1b7bfbd23@users.invalid,u99c389b1b7bfbd23,u99c389b1b7bfbd23@users.invalid,1,0,3,248,1,2,247,1,,,,,,0,,Add Microsoft Copilot provider integration to OPENAI module,"Add Microsoft Copilot provider integration to OPENAI module

Include Copilot in provider list, update __init__.py for import, and add copilot.py to support Microsoft Copilot as an OpenAI-compatible provider."
OEvortex/Webscout,ebaee31ad9e2f9ac62c6b965f75fa954f4124cb4,2025-05,0,m0,2025-05-21T09:39:15+05:30,2025-05-21T09:39:15+05:30,uc74c24cf93966045,uc74c24cf93966045@users.invalid,uc74c24cf93966045,uc74c24cf93966045@users.invalid,1,0,1,379,88,1,379,88,,,,,,0,,Refactor sanitize_stream to unify sync and async,Refactor sanitize_stream to unify sync and async
OEvortex/Webscout,ac5070bf712cf666db0ff8db37af6245ab279443,2025-05,0,m0,2025-05-21T09:41:56+05:30,2025-05-21T09:41:56+05:30,uc74c24cf93966045,uc74c24cf93966045@users.invalid,GitHub,noreply@github.com,2,1,0,0,0,0,0,0,,B,codex,branch,,0,55,Merge pull request #55 from OEvortex/codex/enhance-sanitize_stream-in-aiutel.py,"Merge pull request #55 from OEvortex/codex/enhance-sanitize_stream-in-aiutel.py

Improve sanitize_stream"
OEvortex/Webscout,e12b3ed05c8614cb69c14d07a7a2db431529d161,2025-05,0,m0,2025-05-21T09:51:32+05:30,2025-05-21T09:51:32+05:30,u99c389b1b7bfbd23,u99c389b1b7bfbd23@users.invalid,u99c389b1b7bfbd23,u99c389b1b7bfbd23@users.invalid,1,0,3,132,19,2,132,19,,,,,,0,,docs(AIutel): enhance docstrings for chunk processing and streaming functions,docs(AIutel): enhance docstrings for chunk processing and streaming functions
OEvortex/Webscout,e503328be27f58fcc869577cc206943b3b19d523,2025-05,0,m0,2025-05-21T11:04:59+05:30,2025-05-21T11:04:59+05:30,u99c389b1b7bfbd23,u99c389b1b7bfbd23@users.invalid,u99c389b1b7bfbd23,u99c389b1b7bfbd23@users.invalid,1,0,7,600,66,5,599,66,,,,,,0,,Improves docstrings and expands provider support,"Improves docstrings and expands provider support

Enhances code readability and maintainability by adding comprehensive docstrings to key classes, methods, and Enums, clarifying their usage and attributes. Updates the provider list to include a new OpenAI-compatible provider for broader model support. Refines parameter descriptions, type hints, and error handling documentation, making the API more approachable for new contributors and users."
OEvortex/Webscout,9fd9c0b43bbcb86207582a6f45ea0ee8c4158afb,2025-05,0,m0,2025-05-21T12:36:24+05:30,2025-05-21T12:36:24+05:30,uc74c24cf93966045,uc74c24cf93966045@users.invalid,uc74c24cf93966045,uc74c24cf93966045@users.invalid,1,0,1,42,19,1,42,19,,,,,,0,,Use provider-prefixed model names,Use provider-prefixed model names
OEvortex/Webscout,3300430f1e42e02dcae1ec0829699983819c9edd,2025-05,0,m0,2025-05-21T12:39:12+05:30,2025-05-21T12:39:12+05:30,u99c389b1b7bfbd23,u99c389b1b7bfbd23@users.invalid,u99c389b1b7bfbd23,u99c389b1b7bfbd23@users.invalid,1,0,5,300,15,3,299,15,,,,,,0,,feat(oivscode): add oivscode provider integration and update README,"feat(oivscode): add oivscode provider integration and update README

Add oivscode provider support and update docs

Integrates the oivscode provider by enabling its import and updating the models list.
Removes deprecated warnings and refines the model-fetching utility for clarity.
Updates documentation to reflect the new provider integration."
OEvortex/Webscout,83e2da5adf4f1b453b971f95669b22751e7834b9,2025-05,0,m0,2025-05-21T12:40:28+05:30,2025-05-21T12:40:28+05:30,uc74c24cf93966045,uc74c24cf93966045@users.invalid,GitHub,noreply@github.com,2,1,0,0,0,0,0,0,,B,codex,branch,,0,56,Merge pull request #56 from OEvortex/codex/rename-models-to-use-provider/model-format,"Merge pull request #56 from OEvortex/codex/rename-models-to-use-provider/model-format

Add provider/model naming support"
OEvortex/Webscout,f5cccaefc24e9dcc3beea701f71eeeee59464645,2025-05,0,m0,2025-05-21T13:35:46+05:30,2025-05-21T13:35:46+05:30,u99c389b1b7bfbd23,u99c389b1b7bfbd23@users.invalid,u99c389b1b7bfbd23,u99c389b1b7bfbd23@users.invalid,1,0,7,132,161,6,132,161,,,,,,0,,Unifies model alias handling and adds accurate token counting,"Unifies model alias handling and adds accurate token counting

Refactors model alias and prefix logic for consistency across providers,
removing prefixed model formats and simplifying model validation. Adds a
robust token counting utility with support for tiktoken and WordTokenizer
fallback, improving the accuracy of token usage tracking in streaming and
non-streaming completions. Enhances compatibility and reporting of token
usage in output chunks."
OEvortex/Webscout,6a3e0f367ed72ead620438dc8aa9595e55c7302c,2025-05,0,m0,2025-05-21T14:06:39+05:30,2025-05-21T14:06:39+05:30,uc74c24cf93966045,uc74c24cf93966045@users.invalid,uc74c24cf93966045,uc74c24cf93966045@users.invalid,1,0,11,45,45,11,45,45,,,,,,0,,feat(openai): use count_tokens for usage,feat(openai): use count_tokens for usage
OEvortex/Webscout,ec6e451dda0a8ec2e8c8e84b0824139586532ec5,2025-05,0,m0,2025-05-21T14:07:59+05:30,2025-05-21T14:07:59+05:30,uc74c24cf93966045,uc74c24cf93966045@users.invalid,GitHub,noreply@github.com,2,1,0,0,0,0,0,0,,B,codex,branch,,0,58,Merge pull request #58 from OEvortex/codex/add-token-count-to-all-scripts,"Merge pull request #58 from OEvortex/codex/add-token-count-to-all-scripts

Add count_tokens usage across providers"
OEvortex/Webscout,697308202bdace47f3c7c4e6425d5c2967b84194,2025-05,0,m0,2025-05-21T14:41:02+05:30,2025-05-21T14:41:02+05:30,uc74c24cf93966045,uc74c24cf93966045@users.invalid,uc74c24cf93966045,uc74c24cf93966045@users.invalid,1,0,33,209,151,33,209,151,,,,,,0,,Use count_tokens and model_dump,Use count_tokens and model_dump
OEvortex/Webscout,4bc7871eb8ce0820d71cb76df223c83706719a27,2025-05,0,m0,2025-05-21T14:44:03+05:30,2025-05-21T14:44:03+05:30,uc74c24cf93966045,uc74c24cf93966045@users.invalid,GitHub,noreply@github.com,2,1,0,0,0,0,0,0,,,,,,0,59,Merge pull request #59 from OEvortex/tpii6e-codex/add-token-count-to-all-scripts,"Merge pull request #59 from OEvortex/tpii6e-codex/add-token-count-to-all-scripts

Add count_tokens and model_dump usage"
OEvortex/Webscout,04497b2634130a365bd19f0f8e1d83d9f1ff740d,2025-05,0,m0,2025-05-21T15:03:51+05:30,2025-05-21T15:03:51+05:30,u99c389b1b7bfbd23,u99c389b1b7bfbd23@users.invalid,u99c389b1b7bfbd23,u99c389b1b7bfbd23@users.invalid,1,0,1,16,16,1,16,16,,,,,,0,,fix(exachat): correct indentation for streaming text processing,fix(exachat): correct indentation for streaming text processing
OEvortex/Webscout,e87982a10a45c8791a5e8713ed3dee97c6d15d1b,2025-05,0,m0,2025-05-23T21:57:43+05:30,2025-05-23T21:57:43+05:30,u99c389b1b7bfbd23,u99c389b1b7bfbd23@users.invalid,u99c389b1b7bfbd23,u99c389b1b7bfbd23@users.invalid,1,0,12,151,353,10,118,15,,,,,,0,,"Unifies client imports, adds Claude models, updates APIs","Unifies client imports, adds Claude models, updates APIs

Switches all usage examples and client imports to use a unified client import path for consistency and easier maintenance. Introduces new Claude models (""claude-sonnet-4"", ""claude-opus-4-20250514"") to supported model lists and providers, improving model coverage. Updates Samurai API endpoint and credentials to reflect latest configuration.

Removes outdated provider documentation and usage examples from the OpenAI-compatible provider readme to reduce confusion and reflect current state. Also corrects available model listings for X0GPT and oivscode providers.

Unifies client imports, adds new Claude models, cleans docs

Standardizes all usage examples and imports to a single client import path for easier maintenance. Expands supported models with Claude Sonnet 4 and Claude Opus 4, and updates providers accordingly for improved coverage. Cleans up outdated provider documentation and usage examples to reduce confusion. Updates Samurai API endpoint and credentials, and corrects model listings for oivscode and X0GPT."
OEvortex/Webscout,dc9d194497b094fbe6ddceeb31e67014a9651098,2025-05,0,m0,2025-05-23T22:16:11+05:30,2025-05-23T22:16:11+05:30,uc74c24cf93966045,uc74c24cf93966045@users.invalid,uc74c24cf93966045,uc74c24cf93966045@users.invalid,1,0,38,21,3556,26,18,3254,,,,,,0,,Remove async TTI providers,Remove async TTI providers
OEvortex/Webscout,7aa0a65d7be6ee8501d533ee79f89455aac3d8bd,2025-05,0,m0,2025-05-23T22:17:51+05:30,2025-05-23T22:17:51+05:30,uc74c24cf93966045,uc74c24cf93966045@users.invalid,GitHub,noreply@github.com,2,1,0,0,0,0,0,0,,B,codex,branch,,0,60,Merge pull request #60 from OEvortex/codex/remove-async-versions-from-tti-provider,"Merge pull request #60 from OEvortex/codex/remove-async-versions-from-tti-provider

Remove async text-to-image providers"
OEvortex/Webscout,a3d9e30097f31da9a9cef21eec709ca392cac4a1,2025-05,0,m0,2025-05-23T22:27:40+05:30,2025-05-23T22:27:40+05:30,uc74c24cf93966045,uc74c24cf93966045@users.invalid,uc74c24cf93966045,uc74c24cf93966045@users.invalid,1,0,28,325,128,28,325,128,,,,,,0,,Rename TTI modules and add utils,Rename TTI modules and add utils
OEvortex/Webscout,7922d29ec45aecc0e706c46a339e2265b526bf5a,2025-05,0,m0,2025-05-23T22:29:10+05:30,2025-05-23T22:29:10+05:30,uc74c24cf93966045,uc74c24cf93966045@users.invalid,GitHub,noreply@github.com,2,1,0,0,0,0,0,0,,B,codex,branch,,0,61,Merge pull request #61 from OEvortex/codex/remove-_init__.py-and-sync-files-to-tti-folder,"Merge pull request #61 from OEvortex/codex/remove-_init__.py-and-sync-files-to-tti-folder

Simplify TTI provider layout"
OEvortex/Webscout,5d0d154467049278c9fc42876e8108bce6c0bd12,2025-05,0,m0,2025-05-24T12:34:19+05:30,2025-05-24T12:34:19+05:30,u99c389b1b7bfbd23,u99c389b1b7bfbd23@users.invalid,u99c389b1b7bfbd23,u99c389b1b7bfbd23@users.invalid,1,0,27,4962,1926,4,577,540,,,,,,0,,"Refactors API server, improves docs & removes TTI READMEs","Refactors API server, improves docs & removes TTI READMEs

Overhauls the API server for better structure, logging, error handling, and configuration flexibility.
Adds multi-stage Dockerfile optimized for production and updates installation and CLI usage instructions in the documentation.
Removes numerous provider-specific TTI README files for consistency and cleanup.
Deletes legacy workflow and test configuration files no longer needed.
Enhances extensibility and user experience for both development and deployment."
OEvortex/Webscout,cb2d635231dab45094c27a4c3b6ab38e01faede4,2025-05,0,m0,2025-05-24T12:43:39+05:30,2025-05-24T12:43:39+05:30,u99c389b1b7bfbd23,u99c389b1b7bfbd23@users.invalid,u99c389b1b7bfbd23,u99c389b1b7bfbd23@users.invalid,1,0,1,2,2,1,2,2,,,,,,0,,fix(api): use types.GeneratorType for streaming response check,fix(api): use types.GeneratorType for streaming response check
OEvortex/Webscout,bf87bd22733d3d6a29e32302886f8b849d50d4bb,2025-05,0,m0,2025-05-24T12:48:27+05:30,2025-05-24T12:48:27+05:30,u99c389b1b7bfbd23,u99c389b1b7bfbd23@users.invalid,u99c389b1b7bfbd23,u99c389b1b7bfbd23@users.invalid,1,0,1,23,12,1,23,12,,,,,,0,,fix(api): improve handling of streaming responses and add error logging,fix(api): improve handling of streaming responses and add error logging
OEvortex/Webscout,32b3c58d4f85a24830633c4d3f509e42a63549ce,2025-05,0,m0,2025-05-24T13:00:18+05:30,2025-05-24T13:00:18+05:30,u99c389b1b7bfbd23,u99c389b1b7bfbd23@users.invalid,u99c389b1b7bfbd23,u99c389b1b7bfbd23@users.invalid,1,0,1,2,2,1,2,2,,,,,,0,,refactor(api): change available optimizers from tuple to list for better readability,refactor(api): change available optimizers from tuple to list for better readability
OEvortex/Webscout,cad389783f3cbcb98f96de6fbe38184738b99027,2025-05,0,m0,2025-05-24T13:09:18+05:30,2025-05-24T13:09:18+05:30,u99c389b1b7bfbd23,u99c389b1b7bfbd23@users.invalid,u99c389b1b7bfbd23,u99c389b1b7bfbd23@users.invalid,1,0,1,8,7,1,8,7,,,,,,0,,refactor(api): enhance type hints for create method and update media handling,refactor(api): enhance type hints for create method and update media handling
OEvortex/Webscout,312618ccc1feade66d622e952c4fb10ea4e0ae9e,2025-05,0,m0,2025-05-24T16:45:22+05:30,2025-05-24T16:45:22+05:30,u99c389b1b7bfbd23,u99c389b1b7bfbd23@users.invalid,u99c389b1b7bfbd23,u99c389b1b7bfbd23@users.invalid,1,0,22,1307,3015,19,1307,2766,,,,,,0,,"Refactors TTI image providers to unified, modular API","Refactors TTI image providers to unified, modular API

Moves all TTI providers to a new, unified architecture with a modular interface for image generation.

Removes legacy, provider-specific synchronous implementations, replacing them with a standardized async-compatible provider base and shared upload logic. Enhances extensibility, testability, and consistency across providers, and aligns API signatures and response formats with OpenAI conventions.

Cleans up the provider registry, updates documentation references, and simplifies the user-facing API for easier integration and future provider additions."
OEvortex/Webscout,dbf5608f5a6ae735dbd213a02903aa9c00118a13,2025-05,0,m0,2025-05-24T20:53:12+05:30,2025-05-24T20:53:12+05:30,uc74c24cf93966045,uc74c24cf93966045@users.invalid,uc74c24cf93966045,uc74c24cf93966045@users.invalid,1,0,1,82,0,0,0,0,,,,,,0,,docs: add TTI providers usage guide,docs: add TTI providers usage guide
OEvortex/Webscout,7dbaded8d313695626926ae2f1444dc0ea749314,2025-05,0,m0,2025-05-24T20:55:17+05:30,2025-05-24T20:55:17+05:30,uc74c24cf93966045,uc74c24cf93966045@users.invalid,GitHub,noreply@github.com,2,1,0,0,0,0,0,0,,B,codex,branch,,0,62,Merge pull request #62 from OEvortex/codex/update-readme.md-based-on-files,"Merge pull request #62 from OEvortex/codex/update-readme.md-based-on-files

Add TTI providers README"
OEvortex/Webscout,791c21268f7c384adafb3be50701f47e588304d3,2025-05,0,m0,2025-05-25T08:21:00+05:30,2025-05-25T08:21:00+05:30,u99c389b1b7bfbd23,u99c389b1b7bfbd23@users.invalid,u99c389b1b7bfbd23,u99c389b1b7bfbd23@users.invalid,1,0,13,342,319,12,342,319,,,,,,0,,Unifies AI search response handling via SearchResponse,"Unifies AI search response handling via SearchResponse

Introduces a shared SearchResponse class to standardize AI search API responses, replacing multiple custom response wrappers across providers. Updates all search providers to utilize this unified approach, improving consistency, maintainability, and type clarity for both streaming and non-streaming modes. Also removes an obsolete script and adds a new TTS provider import."
OEvortex/Webscout,75b35809e14149feafd43497f84c1d48c9648ecc,2025-05,0,m0,2025-05-25T08:31:19+05:30,2025-05-25T08:31:19+05:30,u99c389b1b7bfbd23,u99c389b1b7bfbd23@users.invalid,u99c389b1b7bfbd23,u99c389b1b7bfbd23@users.invalid,1,0,2,17,10,2,17,10,,,,,,0,,refactor(webpilotai): rename SearchResponse variable to response for clarity refactor(openai_fm): add input validation for text parameter in audio generation,"refactor(webpilotai): rename SearchResponse variable to response for clarity
refactor(openai_fm): add input validation for text parameter in audio generation"
OEvortex/Webscout,a44abef9fc897f29ebf09040f73314c730d91838,2025-05,0,m0,2025-05-25T09:02:02+05:30,2025-05-25T09:02:02+05:30,u99c389b1b7bfbd23,u99c389b1b7bfbd23@users.invalid,u99c389b1b7bfbd23,u99c389b1b7bfbd23@users.invalid,1,0,1,273,0,1,273,0,,,,,,0,,feat(QwenQwen3): implement streaming and non-streaming chat completions,feat(QwenQwen3): implement streaming and non-streaming chat completions
OEvortex/Webscout,4de00fdd8aa04761be866a9d03cf0744befc8030,2025-05,0,m0,2025-05-25T09:25:53+05:30,2025-05-25T09:25:53+05:30,u99c389b1b7bfbd23,u99c389b1b7bfbd23@users.invalid,u99c389b1b7bfbd23,u99c389b1b7bfbd23@users.invalid,1,0,3,90,78,2,89,78,,,,,,0,,feat(Qwen3): add Qwen3 provider implementation with streaming and non-streaming support,feat(Qwen3): add Qwen3 provider implementation with streaming and non-streaming support
OEvortex/Webscout,78a033b4c53d8ab8ece19687d41c9161a8ccfb11,2025-05,0,m0,2025-05-25T10:33:09+05:30,2025-05-25T10:33:09+05:30,uc74c24cf93966045,uc74c24cf93966045@users.invalid,uc74c24cf93966045,uc74c24cf93966045@users.invalid,1,0,4,314,245,3,311,244,,,,,,0,,refactor(crawler): switch to curl_cffi,refactor(crawler): switch to curl_cffi
OEvortex/Webscout,b29b2c01c0f10dc4289f8b65bf9b57820de83bd8,2025-05,0,m0,2025-05-25T12:47:14+05:30,2025-05-25T12:47:14+05:30,uc74c24cf93966045,uc74c24cf93966045@users.invalid,GitHub,noreply@github.com,2,1,0,0,0,0,0,0,,B,codex,branch,,0,63,Merge pull request #63 from OEvortex/codex/improve-webscout-by-refining-scout-features,"Merge pull request #63 from OEvortex/codex/improve-webscout-by-refining-scout-features

Switch crawler to curl_cffi"
OEvortex/Webscout,ac8a2b0fbdc9b059782c79053dc82419312dda68,2025-05,0,m0,2025-05-25T19:05:27+05:30,2025-05-25T19:05:27+05:30,uc74c24cf93966045,uc74c24cf93966045@users.invalid,uc74c24cf93966045,uc74c24cf93966045@users.invalid,1,0,1,5,2,1,5,2,,,,,,0,,Fix attribute matching for bool in Tag.find_all,Fix attribute matching for bool in Tag.find_all
OEvortex/Webscout,aea498c99a03569bd8ea2798bc7abc4bce07ae80,2025-05,0,m0,2025-05-25T19:08:35+05:30,2025-05-25T19:08:35+05:30,uc74c24cf93966045,uc74c24cf93966045@users.invalid,GitHub,noreply@github.com,2,1,0,0,0,0,0,0,,B,codex,branch,,0,64,Merge pull request #64 from OEvortex/codex/fix-crawling-issue-with-scoutcrawler,"Merge pull request #64 from OEvortex/codex/fix-crawling-issue-with-scoutcrawler

Fix link extraction in ScoutCrawler"
OEvortex/Webscout,d7ab6e35c0ac38fa66b7dd7890a13d87b5821f9a,2025-05,0,m0,2025-05-25T19:19:49+05:30,2025-05-25T19:19:49+05:30,u99c389b1b7bfbd23,u99c389b1b7bfbd23@users.invalid,u99c389b1b7bfbd23,u99c389b1b7bfbd23@users.invalid,1,0,3,27,12,2,27,12,,,,,,0,,Refactors crawl logic to yield pages in real time,"Refactors crawl logic to yield pages in real time

Improves tag removal and visible text extraction for more accurate results.
Switches crawling method to yield each crawled page as soon as available,
enabling real-time processing and reducing memory usage.
Enhances robustness by handling empty page results gracefully."
OEvortex/Webscout,b34c5b931af4beebb75e2065568a7c2790e70703,2025-05,0,m0,2025-05-25T21:57:00+05:30,2025-05-25T21:57:00+05:30,u99c389b1b7bfbd23,u99c389b1b7bfbd23@users.invalid,u99c389b1b7bfbd23,u99c389b1b7bfbd23@users.invalid,1,0,3,81,26,2,81,26,,,,,,0,,feat(crawler): enhance crawling capabilities with improved URL validation and content extraction,feat(crawler): enhance crawling capabilities with improved URL validation and content extraction
OEvortex/Webscout,70d97b3a593372fcd146f8fd59b394f9c11fc3c9,2025-05,0,m0,2025-05-25T22:05:43+05:30,2025-05-25T22:05:43+05:30,u99c389b1b7bfbd23,u99c389b1b7bfbd23@users.invalid,u99c389b1b7bfbd23,u99c389b1b7bfbd23@users.invalid,1,0,2,1,14,2,1,14,,,,,,0,,chore(version): update version to 8.2.9,chore(version): update version to 8.2.9
OEvortex/Webscout,395cf76be9f1363a9bc1009870edc089df9535b9,2025-05,0,m0,2025-05-26T10:06:32+05:30,2025-05-26T10:06:32+05:30,u99c389b1b7bfbd23,u99c389b1b7bfbd23@users.invalid,u99c389b1b7bfbd23,u99c389b1b7bfbd23@users.invalid,1,0,1,63,88,1,63,88,,,,,,0,,feat(e2b): enhance AI assistant intros and principles for improved clarity and engagement,feat(e2b): enhance AI assistant intros and principles for improved clarity and engagement
OEvortex/Webscout,01dea9c3a1c4a26a17dde29bffa4f5fee102d058,2025-05,0,m0,2025-05-26T14:16:35+05:30,2025-05-26T14:16:35+05:30,u99c389b1b7bfbd23,u99c389b1b7bfbd23@users.invalid,u99c389b1b7bfbd23,u99c389b1b7bfbd23@users.invalid,1,0,2,2,3,2,2,3,,,,,,0,,feat(models): update available models to include google/gemini-2.5-flash-preview,feat(models): update available models to include google/gemini-2.5-flash-preview
OEvortex/Webscout,623531886ab20d54f6e69ae4c0d23e5d9f214a4e,2025-05,0,m0,2025-05-27T09:32:13+05:30,2025-05-27T09:32:13+05:30,u99c389b1b7bfbd23,u99c389b1b7bfbd23@users.invalid,u99c389b1b7bfbd23,u99c389b1b7bfbd23@users.invalid,1,0,2,4,0,2,4,0,,,,,,0,,feat(models): add gpt-4.1-mini model with agent mode support,feat(models): add gpt-4.1-mini model with agent mode support
OEvortex/Webscout,b79f0684fd7af82338e989430d77633e0bc8fa07,2025-05,0,m0,2025-05-27T05:40:03Z,2025-05-27T05:40:03Z,google-labs-jules[bot],161369871+google-labs-jules[bot]@users.noreply.github.com,google-labs-jules[bot],161369871+google-labs-jules[bot]@users.noreply.github.com,1,0,13,361,192,13,361,192,,B,copilot;codex;gemini,identity,google-labs-jules,0,,feat: Add timeout and proxies to OpenAI-compatible providers,"feat: Add timeout and proxies to OpenAI-compatible providers

This change adds `timeout` and `proxies` parameters to the `create` method of various OpenAI-compatible providers and `BaseCompletions`.

- I modified `webscout/Provider/OPENAI/base.py` to update the `BaseCompletions.create` signature.
- For the following providers in `webscout/Provider/OPENAI/`:
    - `chatgpt.py`
    - `BLACKBOXAI.py`
    - `Cloudflare.py`
    - `FreeGemini.py`
    - `NEMOTRON.py`
    - `Qwen3.py`
    - `TwoAI.py`
    - `ai4chat.py`
    - `c4ai.py`
    - `chatgptclone.py`
    - `chatsandbox.py`
    - `copilot.py`
  The changes include:
    - Adding `timeout` and `proxies` to `Completions.create` and internal request methods.
    - Updating HTTP calls to use these new parameters.
    - Removing `timeout` and `proxies` from provider `__init__` methods, setting defaults instead.

This is part of a larger effort to standardize timeout and proxy handling across all providers. Further work is needed for remaining providers."
OEvortex/Webscout,f56ace5212df9b23e500df0fb2ac113215928933,2025-05,0,m0,2025-05-27T14:24:35+05:30,2025-05-27T14:24:35+05:30,uc74c24cf93966045,uc74c24cf93966045@users.invalid,GitHub,noreply@github.com,2,1,0,0,0,0,0,0,,,,,,0,65,Merge pull request #65 from OEvortex/feature/add-timeout-proxies,"Merge pull request #65 from OEvortex/feature/add-timeout-proxies

feat: Add timeout and proxies to OpenAI-compatible providers"
OEvortex/Webscout,dba20890b9249d54c6cf1905f7f1c6519b8afbd0,2025-05,0,m0,2025-05-27T18:12:48+05:30,2025-05-27T18:12:48+05:30,u99c389b1b7bfbd23,u99c389b1b7bfbd23@users.invalid,u99c389b1b7bfbd23,u99c389b1b7bfbd23@users.invalid,1,0,30,482,353,30,482,353,,,,,,0,,Add timeout and proxy support to Completions classes,"Add timeout and proxy support to Completions classes

- Introduced optional `timeout` and `proxies` parameters to the `create` method in all Completions classes.
- Updated internal methods to utilize the new parameters for HTTP requests.
- Ensured backward compatibility by defaulting to existing timeout and proxy settings if not provided."
OEvortex/Webscout,3b36dba26d927da0bea1e455f4f2e539d447d45c,2025-05,0,m0,2025-05-28T10:02:40+05:30,2025-05-28T10:02:40+05:30,u99c389b1b7bfbd23,u99c389b1b7bfbd23@users.invalid,u99c389b1b7bfbd23,u99c389b1b7bfbd23@users.invalid,1,0,4,491,15,4,491,15,,,,,,0,,feat(openai): add FalconH1 provider with completions support and update imports,feat(openai): add FalconH1 provider with completions support and update imports
OEvortex/Webscout,e04dfa42e0ade593673d517476749f3bf8793fc8,2025-05,0,m0,2025-05-28T12:48:41+05:30,2025-05-28T12:48:41+05:30,u99c389b1b7bfbd23,u99c389b1b7bfbd23@users.invalid,u99c389b1b7bfbd23,u99c389b1b7bfbd23@users.invalid,1,0,2,20,14,2,20,14,,,,,,0,,fix(api): update example model name in ChatCompletionRequest,fix(api): update example model name in ChatCompletionRequest
OEvortex/Webscout,df5aef19bc912c55df6ea45f7e2e246f7b9713f7,2025-05,0,m0,2025-05-28T12:53:49+05:30,2025-05-28T12:53:49+05:30,u99c389b1b7bfbd23,u99c389b1b7bfbd23@users.invalid,u99c389b1b7bfbd23,u99c389b1b7bfbd23@users.invalid,1,0,1,13,19,1,13,19,,,,,,0,,.,.
OEvortex/Webscout,560774309d3a0677805950da3cf6cf5991d6d9aa,2025-05,0,m0,2025-05-28T13:02:16+05:30,2025-05-28T13:02:16+05:30,u99c389b1b7bfbd23,u99c389b1b7bfbd23@users.invalid,u99c389b1b7bfbd23,u99c389b1b7bfbd23@users.invalid,1,0,2,11,11,2,11,11,,,,,,0,,fix(api): ensure JSON serialization handles non-ASCII characters in streaming responses,fix(api): ensure JSON serialization handles non-ASCII characters in streaming responses
OEvortex/Webscout,ba5142f1836d76b4372d80dd1dc732a992961c29,2025-05,0,m0,2025-05-28T13:30:13+05:30,2025-05-28T13:30:13+05:30,u99c389b1b7bfbd23,u99c389b1b7bfbd23@users.invalid,u99c389b1b7bfbd23,u99c389b1b7bfbd23@users.invalid,1,0,1,37,19,1,37,19,,,,,,0,,fix(api): enhance text cleaning by removing control characters and null bytes,fix(api): enhance text cleaning by removing control characters and null bytes
OEvortex/Webscout,396135e17ec261f445951eee991d7995acf2bd16,2025-05,0,m0,2025-05-28T13:40:18+05:30,2025-05-28T13:40:18+05:30,u99c389b1b7bfbd23,u99c389b1b7bfbd23@users.invalid,u99c389b1b7bfbd23,u99c389b1b7bfbd23@users.invalid,1,0,1,30,28,1,30,28,,,,,,0,,fix(api): improve UTF-8 handling in response processing and streaming,fix(api): improve UTF-8 handling in response processing and streaming
OEvortex/Webscout,2824844f5a33a99dae3607be8eb53512c420fd1d,2025-05,0,m0,2025-05-28T14:30:17+05:30,2025-05-28T14:30:17+05:30,u99c389b1b7bfbd23,u99c389b1b7bfbd23@users.invalid,u99c389b1b7bfbd23,u99c389b1b7bfbd23@users.invalid,1,0,2,66,9,2,66,9,,,,,,0,,Sanitizes text output to remove control characters,"Sanitizes text output to remove control characters

Introduces a cleaning step for all response text, stripping null bytes and unwanted control characters from streamed and non-streamed content. Prevents malformed responses and improves client compatibility by ensuring only valid, printable characters are returned."
OEvortex/Webscout,16e8a68ad181dece3751bf4ff345d7cb7f3bea13,2025-05,0,m0,2025-05-28T18:03:24+05:30,2025-05-28T18:03:24+05:30,u99c389b1b7bfbd23,u99c389b1b7bfbd23@users.invalid,u99c389b1b7bfbd23,u99c389b1b7bfbd23@users.invalid,1,0,1,228,16,1,228,16,,,,,,0,,feat(api): implement streaming decompression for various content encodings,feat(api): implement streaming decompression for various content encodings
OEvortex/Webscout,22aafb63645ef54edfa46f6cdc7f875fb9a8902a,2025-05,0,m0,2025-05-28T21:06:53+05:30,2025-05-28T21:06:53+05:30,u99c389b1b7bfbd23,u99c389b1b7bfbd23@users.invalid,u99c389b1b7bfbd23,u99c389b1b7bfbd23@users.invalid,1,0,1,1,0,0,0,0,,,,,,0,,feat(dependencies): add Brotli compression library to dependencies,feat(dependencies): add Brotli compression library to dependencies
OEvortex/Webscout,4a4592cb8797d68a6460a705dd6e863d69a55e0a,2025-05,0,m0,2025-05-29T08:42:49+05:30,2025-05-29T08:42:49+05:30,u99c389b1b7bfbd23,u99c389b1b7bfbd23@users.invalid,u99c389b1b7bfbd23,u99c389b1b7bfbd23@users.invalid,1,0,2,311,3073,1,10,1,,,,,,0,,Enhance model availability validation in resolve_provider_and_model,"Enhance model availability validation in resolve_provider_and_model

- Updated the logic to retrieve AVAILABLE_MODELS from the provider class.
- Added handling for AVAILABLE_MODELS as a property, ensuring it is accessed correctly.
- Implemented fallback mechanisms to ensure available models are always iterable.
- Improved error handling for cases where model availability cannot be determined."
OEvortex/Webscout,744c6586c655e6da8bc612aac38aba95ccef4c16,2025-05,0,m0,2025-05-29T09:52:37+05:30,2025-05-29T09:52:37+05:30,u99c389b1b7bfbd23,u99c389b1b7bfbd23@users.invalid,u99c389b1b7bfbd23,u99c389b1b7bfbd23@users.invalid,1,0,5,434,4,5,434,4,,,,,,0,,feat(provider): add PI.ai provider with streaming and voice capabilities,feat(provider): add PI.ai provider with streaming and voice capabilities
OEvortex/Webscout,3451e655c67cdea901a23c21dba9a9587b15e981,2025-05,0,m0,2025-05-29T10:57:53+05:30,2025-05-29T10:57:53+05:30,u99c389b1b7bfbd23,u99c389b1b7bfbd23@users.invalid,u99c389b1b7bfbd23,u99c389b1b7bfbd23@users.invalid,1,0,4,86,46,4,86,46,,,,,,0,,Improves provider APIs with model updates and dynamic keys,"Improves provider APIs with model updates and dynamic keys

Adds new models to provider lists and enables dynamic API key generation for improved usability and broader model coverage.
Optimizes session handling and refines warnings and headers for consistency.
Uncomments model discovery utility for easier endpoint introspection."
OEvortex/Webscout,a1d7ad94f4a82193699e6459c0b8625847536996,2025-05,0,m0,2025-05-29T11:32:43+05:30,2025-05-29T11:32:43+05:30,u99c389b1b7bfbd23,u99c389b1b7bfbd23@users.invalid,u99c389b1b7bfbd23,u99c389b1b7bfbd23@users.invalid,1,0,6,5,200,6,5,200,,,,,,0,,feat(provider): update available models in ChatSandbox and DeepInfra,"feat(provider): update available models in ChatSandbox and DeepInfra

Remove deprecated provider and expand model support

Removes an outdated provider and updates available model lists to include new and alternative models across multiple providers for improved compatibility and broader testing coverage."
OEvortex/Webscout,2e0100faedfe2b4c6f8e043ae377a3455e5a9b13,2025-05,0,m0,2025-05-29T11:58:26+05:30,2025-05-29T11:58:26+05:30,u99c389b1b7bfbd23,u99c389b1b7bfbd23@users.invalid,u99c389b1b7bfbd23,u99c389b1b7bfbd23@users.invalid,1,0,2,1,1,1,1,1,,,,,,0,,chore(version): bump version to 8.3,chore(version): bump version to 8.3
OEvortex/Webscout,b2949816b306f72ab42610d49c48f408b9f8abbc,2025-05,0,m0,2025-05-29T12:41:47+05:30,2025-05-29T12:41:47+05:30,u99c389b1b7bfbd23,u99c389b1b7bfbd23@users.invalid,u99c389b1b7bfbd23,u99c389b1b7bfbd23@users.invalid,1,0,1,18,6,1,18,6,,,,,,0,,feat(opkfc): enhance OPKFC client with dynamic user agent and cookie generation,feat(opkfc): enhance OPKFC client with dynamic user agent and cookie generation
OEvortex/Webscout,cdacb914fe61384820e050e5fc7130a6e9c8b091,2025-05,0,m0,2025-05-29T15:09:33+05:30,2025-05-29T15:09:33+05:30,u99c389b1b7bfbd23,u99c389b1b7bfbd23@users.invalid,u99c389b1b7bfbd23,u99c389b1b7bfbd23@users.invalid,1,0,5,94,31,5,94,31,,,,,,0,,feat(logging): enhance logging formats and add JSONFileHandler for structured logging,feat(logging): enhance logging formats and add JSONFileHandler for structured logging
OEvortex/Webscout,4b7fb1e9b6df69f73e8da7b7ac18abcc68a6fe27,2025-05,0,m0,2025-05-29T15:36:09+05:30,2025-05-29T15:36:09+05:30,u99c389b1b7bfbd23,u99c389b1b7bfbd23@users.invalid,u99c389b1b7bfbd23,u99c389b1b7bfbd23@users.invalid,1,0,2,12,3,2,12,3,,,,,,0,,feat(api): sort models alphabetically and enhance headers with browser fingerprinting,feat(api): sort models alphabetically and enhance headers with browser fingerprinting
OEvortex/Webscout,a22d12c4ad10bdfccea4faef6ff924626e2fca76,2025-05,0,m0,2025-05-29T16:53:27+05:30,2025-05-29T16:53:27+05:30,u99c389b1b7bfbd23,u99c389b1b7bfbd23@users.invalid,u99c389b1b7bfbd23,u99c389b1b7bfbd23@users.invalid,1,0,6,864,49,6,864,49,,,,,,0,,Improves session rotation and rate limit bypass logic,"Improves session rotation and rate limit bypass logic

Enhances request resilience by introducing advanced session rotation, IP spoofing, and dynamic browser fingerprinting to bypass API rate limits and anti-bot measures. Adds exponential backoff with jitter, session statistics, and manual session refresh support. Also expands image provider imports and extends LitAgent with random ID/IP generation for more realistic fingerprinting."
OEvortex/Webscout,3d6fec86c816535cf6a69f3baf0937356569453d,2025-05,0,m0,2025-05-29T20:34:16+05:30,2025-05-29T20:34:16+05:30,u99c389b1b7bfbd23,u99c389b1b7bfbd23@users.invalid,u99c389b1b7bfbd23,u99c389b1b7bfbd23@users.invalid,1,0,1,240,0,1,240,0,,,,,,0,,feat(api): add image generation endpoint and TTI provider integration,feat(api): add image generation endpoint and TTI provider integration
OEvortex/Webscout,2b8132bcf12421aa302ed43f8990bf2dc1ec3a09,2025-05,0,m0,2025-05-30T13:23:16+05:30,2025-05-30T13:23:16+05:30,u99c389b1b7bfbd23,u99c389b1b7bfbd23@users.invalid,u99c389b1b7bfbd23,u99c389b1b7bfbd23@users.invalid,1,0,1,21,0,1,21,0,,,,,,0,,feat(api): add endpoint to list TTI models with alphabetical sorting,feat(api): add endpoint to list TTI models with alphabetical sorting
OEvortex/Webscout,954f8e05dc82015b166246029dcc1c71452cf956,2025-05,0,m0,2025-05-30T19:22:06+03:00,2025-05-30T19:22:06+03:00,u190850f122de88c5,u190850f122de88c5@users.invalid,u190850f122de88c5,u190850f122de88c5@users.invalid,1,0,3,143,1,2,142,1,,,,,,0,,"Hello, I added a new TTS provider, it supports changing voices and languages, registration is not required.","Hello, I added a new TTS provider, it supports changing voices and languages, registration is not required."
OEvortex/Webscout,4dd35086cc77cb7758e37599a748fdeec9de35bc,2025-05,0,m0,2025-05-30T21:55:55+05:30,2025-05-30T21:55:55+05:30,uc74c24cf93966045,uc74c24cf93966045@users.invalid,GitHub,noreply@github.com,2,1,0,0,0,0,0,0,,,,,,0,67,Merge pull request #67 from hc7bab155bc87beab/freetts,"Merge pull request #67 from hc7bab155bc87beab/freetts

Hello, I added a new TTS provider"
OEvortex/Webscout,f27dd91b893f7a7aae5cdfb61a225cc845418356,2025-05,0,m0,2025-05-31T15:10:28+05:30,2025-05-31T15:10:28+05:30,uc74c24cf93966045,uc74c24cf93966045@users.invalid,uc74c24cf93966045,uc74c24cf93966045@users.invalid,1,0,1,30,6,1,30,6,,,,,,0,,Cache provider instances in API server,Cache provider instances in API server
OEvortex/Webscout,d93b2c69235edff80d9cd7afdc955f55652ba8b5,2025-05,0,m0,2025-05-31T15:11:55+05:30,2025-05-31T15:11:55+05:30,uc74c24cf93966045,uc74c24cf93966045@users.invalid,GitHub,noreply@github.com,2,1,0,0,0,0,0,0,,B,codex,branch,,0,68,Merge pull request #68 from OEvortex/codex/fix-provider-initialization-error-in-api.py,"Merge pull request #68 from OEvortex/codex/fix-provider-initialization-error-in-api.py

Fix provider initialization reuse"
OEvortex/Webscout,e6f0c399f678e1155d5cf92e7cdba063d251bd94,2025-05,0,m0,2025-05-31T15:14:14+05:30,2025-05-31T15:14:14+05:30,u99c389b1b7bfbd23,u99c389b1b7bfbd23@users.invalid,u99c389b1b7bfbd23,u99c389b1b7bfbd23@users.invalid,1,0,1,14,2,1,14,2,,,,,,0,,fix(ChatGPTReversed): implement singleton pattern and model validation in initialization,fix(ChatGPTReversed): implement singleton pattern and model validation in initialization
OEvortex/Webscout,ada7229e97baf14d62e07ab16874800effbd041e,2025-05,0,m0,2025-05-31T15:58:05+05:30,2025-05-31T15:58:05+05:30,u99c389b1b7bfbd23,u99c389b1b7bfbd23@users.invalid,u99c389b1b7bfbd23,u99c389b1b7bfbd23@users.invalid,1,0,1,4,4,1,4,4,,,,,,0,,fix: avoid shared exclude list in AUTO provider,fix: avoid shared exclude list in AUTO provider
OEvortex/Webscout,44f4fd7a04771e30dac59705566949b590386208,2025-05,0,m0,2025-05-31T16:25:46+05:30,2025-05-31T16:25:46+05:30,u99c389b1b7bfbd23,u99c389b1b7bfbd23@users.invalid,u99c389b1b7bfbd23,u99c389b1b7bfbd23@users.invalid,1,0,1,7,1,1,7,1,,,,,,0,,feat(LambdaChat): add new models to AVAILABLE_MODELS list,feat(LambdaChat): add new models to AVAILABLE_MODELS list
OEvortex/Webscout,ddd074a4a31f316068c6c4e38ad323e0023850cf,2025-06,1,post,2025-06-01T14:14:33+05:30,2025-06-01T14:14:33+05:30,u99c389b1b7bfbd23,u99c389b1b7bfbd23@users.invalid,u99c389b1b7bfbd23,u99c389b1b7bfbd23@users.invalid,1,0,1,1,1,1,1,1,,,,,,0,,fix(ChatCompletionRequest): update model example to use new Cloudflare model,fix(ChatCompletionRequest): update model example to use new Cloudflare model
OEvortex/Webscout,880b3b4c7aca7b6ce1c50d031ffda22374bf1b5b,2025-06,1,post,2025-06-01T17:40:50+05:30,2025-06-01T17:40:50+05:30,u99c389b1b7bfbd23,u99c389b1b7bfbd23@users.invalid,u99c389b1b7bfbd23,u99c389b1b7bfbd23@users.invalid,1,0,5,9,8,5,9,8,,,,,,0,,fix(models): update anthropic and google model names for consistency,fix(models): update anthropic and google model names for consistency
OEvortex/Webscout,fcb69eaef21f01c910cc9b977eb7c39baa62d3f7,2025-06,1,post,2025-06-01T22:16:32+05:30,2025-06-01T22:16:32+05:30,u99c389b1b7bfbd23,u99c389b1b7bfbd23@users.invalid,u99c389b1b7bfbd23,u99c389b1b7bfbd23@users.invalid,1,0,4,82,15,3,81,15,,,,,,0,,feat(autoproxy): implement ProxyFox integration for OpenAI-compatible providers feat(base): add proxy support to OpenAICompatibleProvider with ProxyAutoMeta fix(BLACKBOXAI): update imports for streaming return type chore(pyproject): add proxyfox dependency for proxy management,"feat(autoproxy): implement ProxyFox integration for OpenAI-compatible providers
feat(base): add proxy support to OpenAICompatibleProvider with ProxyAutoMeta
fix(BLACKBOXAI): update imports for streaming return type
chore(pyproject): add proxyfox dependency for proxy management"
OEvortex/Webscout,5773962b0e05736804cceb3408cd7b591d4fd48f,2025-06,1,post,2025-06-01T22:36:38+05:30,2025-06-01T22:36:38+05:30,u99c389b1b7bfbd23,u99c389b1b7bfbd23@users.invalid,u99c389b1b7bfbd23,u99c389b1b7bfbd23@users.invalid,1,0,1,43,16,1,43,16,,,,,,0,,feat(E2B): enhance system prompt generation with improved context and capabilities,feat(E2B): enhance system prompt generation with improved context and capabilities
OEvortex/Webscout,5725181daf0cf16f737a167def8c2000b0749ba5,2025-06,1,post,2025-06-01T23:32:12+05:30,2025-06-01T23:32:12+05:30,u99c389b1b7bfbd23,u99c389b1b7bfbd23@users.invalid,u99c389b1b7bfbd23,u99c389b1b7bfbd23@users.invalid,1,0,4,123,63,4,123,63,,,,,,0,,feat(autoproxy): enhance proxy handling with retry logic and improved session management feat(BLACKBOXAI): implement robust proxy management and error handling in API requests,"feat(autoproxy): enhance proxy handling with retry logic and improved session management
feat(BLACKBOXAI): implement robust proxy management and error handling in API requests"
OEvortex/Webscout,93d308ba2b11fe9f3528da4ec513f19725e55de1,2025-06,1,post,2025-06-02T09:58:07+05:30,2025-06-02T09:58:07+05:30,u99c389b1b7bfbd23,u99c389b1b7bfbd23@users.invalid,u99c389b1b7bfbd23,u99c389b1b7bfbd23@users.invalid,1,0,5,267,28,5,267,28,,,,,,0,,Adds robust and automatic proxy support to providers,"Adds robust and automatic proxy support to providers

Introduces a metaclass-based system for seamless proxy injection into network sessions, including support for curl_cffi sessions. Implements a global proxy manager for transparent session proxying and enhances reliability with proxy fallback and retry strategies. Updates example code and error messages for clarity. Improves maintainability and simplifies proxy configuration across providers."
OEvortex/Webscout,1dd64d287efdda56e63a4fe6e8406b7809bf77fd,2025-06,1,post,2025-06-02T10:02:25+05:30,2025-06-02T10:02:25+05:30,uc74c24cf93966045,uc74c24cf93966045@users.invalid,uc74c24cf93966045,uc74c24cf93966045@users.invalid,1,0,1,144,40,1,144,40,,,,,,0,,Improve proxy monkey patching,Improve proxy monkey patching
OEvortex/Webscout,3fcdf4a35cb34d86ca52e12a99178f113326fb8b,2025-06,1,post,2025-06-02T10:04:22+05:30,2025-06-02T10:04:22+05:30,uc74c24cf93966045,uc74c24cf93966045@users.invalid,GitHub,noreply@github.com,1,0,1,4,4,1,4,4,,B,copilot,trailer,,0,,Update webscout/Provider/TTI/base.py,"Update webscout/Provider/TTI/base.py

Co-authored-by: Copilot <175728472+Copilot@users.noreply.github.com>"
OEvortex/Webscout,1e45c2f7c0abb42d064bb78f09dff1b3d39eb050,2025-06,1,post,2025-06-02T10:04:42+05:30,2025-06-02T10:04:42+05:30,uc74c24cf93966045,uc74c24cf93966045@users.invalid,GitHub,noreply@github.com,2,1,0,0,0,0,0,0,,B,codex,branch,,0,69,Merge pull request #69 from OEvortex/codex/improve-monkey-patching-for-proxies,"Merge pull request #69 from OEvortex/codex/improve-monkey-patching-for-proxies

Improve global proxy injection"
OEvortex/Webscout,57c5c73b513709ee0fc2b0fbc81cbde3a2c780a1,2025-06,1,post,2025-06-02T10:36:20+05:30,2025-06-02T10:36:20+05:30,uc74c24cf93966045,uc74c24cf93966045@users.invalid,uc74c24cf93966045,uc74c24cf93966045@users.invalid,1,0,10,545,303,10,545,303,,,,,,0,,Improve proxy handling,Improve proxy handling
OEvortex/Webscout,6f4805ddb73a95aa5c1a879d7a75039cdc1d1b2e,2025-06,1,post,2025-06-02T10:38:38+05:30,2025-06-02T10:38:38+05:30,uc74c24cf93966045,uc74c24cf93966045@users.invalid,GitHub,noreply@github.com,2,1,0,0,0,0,0,0,,B,codex,branch,,0,70,Merge pull request #70 from OEvortex/codex/fix-connection-errors-in-providers,"Merge pull request #70 from OEvortex/codex/fix-connection-errors-in-providers

Improve TTI provider reliability"
OEvortex/Webscout,9a07c4de8133af2ae5a34132840bfeb0d9e3f065,2025-06,1,post,2025-06-02T10:59:21+05:30,2025-06-02T10:59:21+05:30,u99c389b1b7bfbd23,u99c389b1b7bfbd23@users.invalid,u99c389b1b7bfbd23,u99c389b1b7bfbd23@users.invalid,1,0,1,1,129,1,1,129,,,,,,0,,refactor(proxy): remove global proxy manager and simplify proxy handling,refactor(proxy): remove global proxy manager and simplify proxy handling
OEvortex/Webscout,75a6d40061cafde790d528aa184df1bd8210a4b2,2025-06,1,post,2025-06-02T11:22:25+05:30,2025-06-02T11:22:25+05:30,u99c389b1b7bfbd23,u99c389b1b7bfbd23@users.invalid,u99c389b1b7bfbd23,u99c389b1b7bfbd23@users.invalid,1,0,1,10,45,1,10,45,,,,,,0,,refactor(autoproxy): simplify get_auto_proxy function by removing verification logic,refactor(autoproxy): simplify get_auto_proxy function by removing verification logic
OEvortex/Webscout,d30b1c559203339b8efa2829bf3d3526b0a9c350,2025-06,1,post,2025-06-02T11:26:25+05:30,2025-06-02T11:26:25+05:30,uc74c24cf93966045,uc74c24cf93966045@users.invalid,uc74c24cf93966045,uc74c24cf93966045@users.invalid,1,0,2,87,61,1,75,58,,,,,,0,,feat(litagent): add IP rotation and expand fingerprint,feat(litagent): add IP rotation and expand fingerprint
OEvortex/Webscout,de3d9af32911cb9b24c1bb8616703c39ec700132,2025-06,1,post,2025-06-02T11:26:39+05:30,2025-06-02T11:26:39+05:30,uc74c24cf93966045,uc74c24cf93966045@users.invalid,GitHub,noreply@github.com,2,1,0,0,0,0,0,0,,B,codex,branch,,0,71,Merge pull request #71 from OEvortex/codex/-title----improve-webscout-litagent-and-update-docs,"Merge pull request #71 from OEvortex/codex/-title----improve-webscout-litagent-and-update-docs

Improve LitAgent fingerprinting"
OEvortex/Webscout,0c70478bcb17f778fa439f1926965355a9a7a0dd,2025-06,1,post,2025-06-02T12:13:40+05:30,2025-06-02T12:13:40+05:30,u99c389b1b7bfbd23,u99c389b1b7bfbd23@users.invalid,u99c389b1b7bfbd23,u99c389b1b7bfbd23@users.invalid,1,0,7,1233,1,6,913,1,,,,,,0,,feat(STT): implement ElevenLabs and OpenAI Whisper STT providers with comprehensive functionality,feat(STT): implement ElevenLabs and OpenAI Whisper STT providers with comprehensive functionality
OEvortex/Webscout,41e7734699f375c9f5c31170232982823d802b0f,2025-06,1,post,2025-06-02T15:23:57+05:30,2025-06-02T15:23:57+05:30,u99c389b1b7bfbd23,u99c389b1b7bfbd23@users.invalid,u99c389b1b7bfbd23,u99c389b1b7bfbd23@users.invalid,1,0,6,495,1114,4,494,794,,,,,,0,,Refactor STT module for OpenAI compatibility,"Refactor STT module for OpenAI compatibility

- Removed extensive docstring from __init__.py and retained only package marker.
- Updated base.py to define base classes for OpenAI-compatible STT providers, including response data structures.
- Enhanced ElevenLabs STT provider to align with OpenAI Whisper API interface, including streaming capabilities.
- Removed utils.py as utility functions were deemed unnecessary for the current implementation."
OEvortex/Webscout,15a0a2adcf5ac21cf007ab9457caab417dad6fa6,2025-06,1,post,2025-06-02T16:27:30+05:30,2025-06-02T16:27:30+05:30,u99c389b1b7bfbd23,u99c389b1b7bfbd23@users.invalid,u99c389b1b7bfbd23,u99c389b1b7bfbd23@users.invalid,1,0,9,833,102,7,830,101,,,,,,0,,feat(TogetherAI): implement TogetherAI provider with image generation capabilities feat(TTI): add TogetherImage provider for image generation using Together.xyz API feat(fetch_together_models): create script to fetch and categorize models from Together.xyz API chore(README): update documentation to reflect new providers and usage examples,"feat(TogetherAI): implement TogetherAI provider with image generation capabilities
feat(TTI): add TogetherImage provider for image generation using Together.xyz API
feat(fetch_together_models): create script to fetch and categorize models from Together.xyz API
chore(README): update documentation to reflect new providers and usage examples"
OEvortex/Webscout,5bf35d42e875b993b942410e40551d304ab0acdf,2025-06,1,post,2025-06-02T16:46:32+05:30,2025-06-02T16:46:32+05:30,u99c389b1b7bfbd23,u99c389b1b7bfbd23@users.invalid,u99c389b1b7bfbd23,u99c389b1b7bfbd23@users.invalid,1,0,1,32,32,1,32,32,,,,,,0,,not planned to use for now,not planned to use for now
OEvortex/Webscout,3e357cc3a6e9f5e6da94622c7dbd831e6eb12a54,2025-06,1,post,2025-06-02T16:49:24+05:30,2025-06-02T16:49:24+05:30,u99c389b1b7bfbd23,u99c389b1b7bfbd23@users.invalid,u99c389b1b7bfbd23,u99c389b1b7bfbd23@users.invalid,1,0,1,0,49,1,0,49,,,,,,0,,chore(utils): remove unused proxy request function and related imports,chore(utils): remove unused proxy request function and related imports
OEvortex/Webscout,d681322a4ac9698418071c06543cfe704a3cf42c,2025-06,1,post,2025-06-02T17:14:42+05:30,2025-06-02T17:14:42+05:30,u99c389b1b7bfbd23,u99c389b1b7bfbd23@users.invalid,u99c389b1b7bfbd23,u99c389b1b7bfbd23@users.invalid,1,0,11,91,145,11,91,145,,,,,,0,,Removes proxy fallback logic and streamlines session usage,"Removes proxy fallback logic and streamlines session usage

Eliminates the custom proxy fallback request utility in favor of direct session methods, simplifying network request handling across all TTI providers. Deprecates the metaclass-based automatic proxy injection and related proxy session helpers for a more standard and maintainable approach. Also removes an unused provider file.

Reduces complexity and potential maintenance overhead by relying on standard session management."
OEvortex/Webscout,9620680d1ac8de67dd56326002c9697e422bb8e1,2025-06,1,post,2025-06-02T17:20:03+05:30,2025-06-02T17:20:03+05:30,u99c389b1b7bfbd23,u99c389b1b7bfbd23@users.invalid,u99c389b1b7bfbd23,u99c389b1b7bfbd23@users.invalid,1,0,1,2,16,1,2,16,,,,,,0,,chore(proxy): remove unused proxy support logic and related comments,chore(proxy): remove unused proxy support logic and related comments
OEvortex/Webscout,92cdf7ba6b3c3c4c60079125ea6634a079e449fa,2025-06,1,post,2025-06-02T17:28:32+05:30,2025-06-02T17:28:32+05:30,u99c389b1b7bfbd23,u99c389b1b7bfbd23@users.invalid,u99c389b1b7bfbd23,u99c389b1b7bfbd23@users.invalid,1,0,1,1,0,1,1,0,,,,,,0,,feat(TTI): add Together provider to the module imports,feat(TTI): add Together provider to the module imports
OEvortex/Webscout,f57c26201ddf76028ac0202ce9a962e173bd404d,2025-06,1,post,2025-06-02T17:51:20+05:30,2025-06-02T17:51:20+05:30,u99c389b1b7bfbd23,u99c389b1b7bfbd23@users.invalid,u99c389b1b7bfbd23,u99c389b1b7bfbd23@users.invalid,1,0,1,1,1,1,1,1,,,,,,0,,fix(images): correct session reference in image retrieval,fix(images): correct session reference in image retrieval
OEvortex/Webscout,3cb9d8fdea3a76025d44e636bde0cc6211df1c56,2025-06,1,post,2025-06-03T15:13:56+05:30,2025-06-03T15:13:56+05:30,u99c389b1b7bfbd23,u99c389b1b7bfbd23@users.invalid,u99c389b1b7bfbd23,u99c389b1b7bfbd23@users.invalid,1,0,2,12,6,2,12,6,,,,,,0,,docs(agent): improve fingerprint generation docstring for clarity,docs(agent): improve fingerprint generation docstring for clarity
OEvortex/Webscout,3953d9cbf1ac05e940d886982bef16da25690f1d,2025-06,1,post,2025-06-03T15:37:03+05:30,2025-06-03T15:37:03+05:30,u99c389b1b7bfbd23,u99c389b1b7bfbd23@users.invalid,u99c389b1b7bfbd23,u99c389b1b7bfbd23@users.invalid,1,0,4,57,57,4,57,57,,,,,,0,,style(patterns): update regex patterns to use raw string notation for consistency style(stream): update regex pattern to use raw string notation for consistency style(video): update regex patterns to use raw string notation for consistency docs(autocoder): clarify script return format in conventions,"style(patterns): update regex patterns to use raw string notation for consistency
style(stream): update regex pattern to use raw string notation for consistency
style(video): update regex patterns to use raw string notation for consistency
docs(autocoder): clarify script return format in conventions"
OEvortex/Webscout,070b495c65729737ea098f1d6a000cb2869364c8,2025-06,1,post,2025-06-03T15:40:07+05:30,2025-06-03T15:40:07+05:30,u99c389b1b7bfbd23,u99c389b1b7bfbd23@users.invalid,u99c389b1b7bfbd23,u99c389b1b7bfbd23@users.invalid,1,0,1,1,1,1,1,1,,,,,,0,,chore(version): update version to 8.3.1,chore(version): update version to 8.3.1
OEvortex/Webscout,4be3e798e0320466e6d84ea17f74c65d76f36308,2025-06,1,post,2025-06-03T19:48:40+05:30,2025-06-03T19:48:40+05:30,u99c389b1b7bfbd23,u99c389b1b7bfbd23@users.invalid,u99c389b1b7bfbd23,u99c389b1b7bfbd23@users.invalid,1,0,2,79,53,2,79,53,,,,,,0,,Improves stream sanitization and input type handling,"Improves stream sanitization and input type handling

Enhances input processing by more robustly distinguishing between string, iterable, and response-like objects with .text or .content attributes. Refactors logic to ensure correct line splitting and decoding, improving flexibility and reducing edge case errors when handling various input formats."
OEvortex/Webscout,de3611a6f17e02b576901be7d3a388975a9e8679,2025-06,1,post,2025-06-04T11:03:49+05:30,2025-06-04T11:03:49+05:30,u99c389b1b7bfbd23,u99c389b1b7bfbd23@users.invalid,u99c389b1b7bfbd23,u99c389b1b7bfbd23@users.invalid,1,0,22,3166,61,16,2930,33,,,,,,0,,Implement Webscout API with chat and image generation capabilities,"Implement Webscout API with chat and image generation capabilities

- Added request processing utilities for handling chat messages and preparing provider parameters.
- Developed API routes for chat completions, image generations, and authentication, including key generation and validation.
- Created schemas for API requests and responses, ensuring proper validation and documentation.
- Established a FastAPI server with CORS support, logging, and error handling.
- Integrated provider management for both standard and TTI models.
- Enhanced error handling for validation and provider responses.
- Implemented health check endpoint for service status monitoring."
OEvortex/Webscout,e374bf025da9379ad9a99bc424e9818678963e8a,2025-06,1,post,2025-06-05T15:41:09Z,2025-06-05T15:41:09Z,u70c0614674e4829d,u70c0614674e4829d@users.invalid,u70c0614674e4829d,u70c0614674e4829d@users.invalid,1,0,1,1,1,1,1,1,,,,,,0,,Fix image generation API bug: correct method call to provider.images.create(),"Fix image generation API bug: correct method call to provider.images.create()

- Fixed 'Images' object has no attribute 'generations' error
- Changed provider.images.generations.create() to provider.images.create()
- TTI providers follow the structure where Images class has create() method directly
- This aligns with the implementation in all TTI providers (GPT1Image, PollinationsAI, etc.)
- Resolves internal server error when calling /v1/images/generations endpoint

Fixes the curl request:
curl -X 'POST' 'https://sam3838-sockersamur.hf.space/v1/images/generations'   -H 'accept: application/json' -H 'Content-Type: application/json'   -d '{""prompt"": ""cat"", ""model"": ""GPT1Image/gpt1image"", ""n"": 1, ""size"": ""1024x1024"", ""response_format"": ""url""}'"
OEvortex/Webscout,469fad74296214933f83a9323cfde0e2b5ae540e,2025-06,1,post,2025-06-05T21:12:24+05:30,2025-06-05T21:12:24+05:30,uc74c24cf93966045,uc74c24cf93966045@users.invalid,GitHub,noreply@github.com,2,1,0,0,0,0,0,0,,,,,,0,72,Merge pull request #72 from OEvortex/fix/image-generation-api-bug,"Merge pull request #72 from OEvortex/fix/image-generation-api-bug

Fix image generation API bug: correct method call to provider.images.create()"
OEvortex/Webscout,bd041556f4a7057489464d12ecb495ecfb10c54e,2025-06,1,post,2025-06-05T22:00:59+05:30,2025-06-05T22:00:59+05:30,u99c389b1b7bfbd23,u99c389b1b7bfbd23@users.invalid,u99c389b1b7bfbd23,u99c389b1b7bfbd23@users.invalid,1,0,8,57,17,3,23,15,,,,,,0,,feat(docker): add FastAPI metadata environment variables,feat(docker): add FastAPI metadata environment variables
OEvortex/Webscout,656cb8980c0ca01fcf800dba52d536f0061fbc60,2025-06,1,post,2025-06-05T22:23:37+05:30,2025-06-05T22:23:37+05:30,u99c389b1b7bfbd23,u99c389b1b7bfbd23@users.invalid,u99c389b1b7bfbd23,u99c389b1b7bfbd23@users.invalid,1,0,4,69,34,4,69,34,,,,,,0,,feat(search): add unified web search endpoint with multiple engines,feat(search): add unified web search endpoint with multiple engines
OEvortex/Webscout,f17b02e3876167891801fec41ce1da8660b03612,2025-06,1,post,2025-06-05T23:15:28+05:30,2025-06-05T23:15:28+05:30,u99c389b1b7bfbd23,u99c389b1b7bfbd23@users.invalid,u99c389b1b7bfbd23,u99c389b1b7bfbd23@users.invalid,1,0,1,418,0,1,418,0,,,,,,0,,feat(BingSearch): implement Bing search library with advanced features,feat(BingSearch): implement Bing search library with advanced features
OEvortex/Webscout,5acc63d0389f98fed7f0d97c4e92a5194ccb3bff,2025-06,1,post,2025-06-06T12:47:15+05:30,2025-06-06T12:47:15+05:30,u99c389b1b7bfbd23,u99c389b1b7bfbd23@users.invalid,u99c389b1b7bfbd23,u99c389b1b7bfbd23@users.invalid,1,0,2,243,44,2,243,44,,,,,,0,,feat(scout): enhance find and find_all methods with class filtering and error handling,feat(scout): enhance find and find_all methods with class filtering and error handling
OEvortex/Webscout,497ca065f9d78b4a098c4d1ac1bf33fac0811350,2025-06,1,post,2025-06-06T12:48:45+05:30,2025-06-06T12:48:45+05:30,u99c389b1b7bfbd23,u99c389b1b7bfbd23@users.invalid,u99c389b1b7bfbd23,u99c389b1b7bfbd23@users.invalid,1,0,1,2,2,1,2,2,,,,,,0,,fix(auth): remove commented-out 'owned_by' field in model response,fix(auth): remove commented-out 'owned_by' field in model response
OEvortex/Webscout,cad3a0109ca49b8cdb54618214ae7dbc67e0f8ae,2025-06,1,post,2025-06-07T11:36:10+05:30,2025-06-07T11:36:10+05:30,u99c389b1b7bfbd23,u99c389b1b7bfbd23@users.invalid,u99c389b1b7bfbd23,u99c389b1b7bfbd23@users.invalid,1,0,9,122,1342,8,113,1335,,,,,,0,,Removes legacy API server and improves modular server startup,"Removes legacy API server and improves modular server startup

Deprecates the old OpenAI-compatible API server backend by deleting its source file and updates documentation and imports to favor a modular, FastAPI-based backend. Refactors server startup to use a new backend, allowing easier toggling of authentication and rate limiting. Introduces explicit no-auth and no-rate-limit modes, improves handling of authentication system initialization, and enhances maintainability of auth and rate limiting logic. Clarifies documentation and code comments for programmatic server usage.

Relates to backend modernization and improved deployment flexibility."
OEvortex/Webscout,f462000a524979ded0abcac691a72205fc0a37b8,2025-06,1,post,2025-06-07T11:37:00+05:30,2025-06-07T11:37:00+05:30,u99c389b1b7bfbd23,u99c389b1b7bfbd23@users.invalid,u99c389b1b7bfbd23,u99c389b1b7bfbd23@users.invalid,1,0,2,6,2,2,6,2,,,,,,0,,fix(auth): update telegram_id field to use default_factory and add validation method,fix(auth): update telegram_id field to use default_factory and add validation method
OEvortex/Webscout,bc443a352e7f4e87726c958edce0fd893624f7e8,2025-06,1,post,2025-06-07T11:49:13+05:30,2025-06-07T11:49:13+05:30,u99c389b1b7bfbd23,u99c389b1b7bfbd23@users.invalid,u99c389b1b7bfbd23,u99c389b1b7bfbd23@users.invalid,1,0,1,7,5,1,7,5,,,,,,0,,fix(update_checker): switch from pkg_resources to importlib.metadata for package version retrieval and enhance update messages with ANSI color codes,fix(update_checker): switch from pkg_resources to importlib.metadata for package version retrieval and enhance update messages with ANSI color codes
OEvortex/Webscout,539f1162cd3ab37213c00eccb7681499795d0457,2025-06,1,post,2025-06-07T11:57:25+05:30,2025-06-07T11:57:25+05:30,u99c389b1b7bfbd23,u99c389b1b7bfbd23@users.invalid,u99c389b1b7bfbd23,u99c389b1b7bfbd23@users.invalid,1,0,2,31,51,2,31,51,,,,,,0,,fix(update_checker): improve version retrieval and update messages with ANSI color codes chore(version): bump version to 8.3.2,"fix(update_checker): improve version retrieval and update messages with ANSI color codes
chore(version): bump version to 8.3.2"
OEvortex/Webscout,02152d01fd2239082e2720618f79c64d0f3d23ab,2025-06,1,post,2025-06-07T12:42:43+05:30,2025-06-07T12:42:43+05:30,u99c389b1b7bfbd23,u99c389b1b7bfbd23@users.invalid,u99c389b1b7bfbd23,u99c389b1b7bfbd23@users.invalid,1,0,2,187,145,2,187,145,,,,,,0,,feat(mcpcore): implement automatic token fetching and update model list,feat(mcpcore): implement automatic token fetching and update model list
OEvortex/Webscout,231711843cedaada140d08104b8dfd7c6fc8885d,2025-06,1,post,2025-06-07T14:48:28+05:30,2025-06-07T14:48:28+05:30,u99c389b1b7bfbd23,u99c389b1b7bfbd23@users.invalid,u99c389b1b7bfbd23,u99c389b1b7bfbd23@users.invalid,1,0,6,893,24,5,892,24,,,,,,0,,feat(openai): add XenAI provider and integrate model handling with auto-fetch token functionality,feat(openai): add XenAI provider and integrate model handling with auto-fetch token functionality
OEvortex/Webscout,b816972a4ee30a2feae0c934cc822e7c4f9763e4,2025-06,1,post,2025-06-07T15:00:07+05:30,2025-06-07T15:00:07+05:30,u99c389b1b7bfbd23,u99c389b1b7bfbd23@users.invalid,u99c389b1b7bfbd23,u99c389b1b7bfbd23@users.invalid,1,0,1,29,3,0,0,0,,,,,,0,,docs(readme): update server command options and add no-auth mode instructions,docs(readme): update server command options and add no-auth mode instructions
OEvortex/Webscout,06e1b7b16296e00342480074fa0bea6415b96c8c,2025-06,1,post,2025-06-07T16:26:24+05:30,2025-06-07T16:26:24+05:30,u99c389b1b7bfbd23,u99c389b1b7bfbd23@users.invalid,u99c389b1b7bfbd23,u99c389b1b7bfbd23@users.invalid,1,0,6,1731,11,3,184,11,,,,,,0,,Refactor code structure for improved readability and maintainability,Refactor code structure for improved readability and maintainability
OEvortex/Webscout,f11757e2369244e7448bfb58c5f55ff7b9400b81,2025-06,1,post,2025-06-07T20:32:21+05:30,2025-06-07T20:32:21+05:30,u99c389b1b7bfbd23,u99c389b1b7bfbd23@users.invalid,u99c389b1b7bfbd23,u99c389b1b7bfbd23@users.invalid,1,0,17,8222,1534,1,72,40,,,,,,0,,Add theme toggle functionality and UI utilities for WebScout,"Add theme toggle functionality and UI utilities for WebScout

- Implemented a modern theme toggle system with smooth animations.
- Created a toggle button for switching between light and dark themes.
- Stored the current theme in local storage for persistence.
- Added CSS styles for the theme toggle button and animations.
- Developed UI utility functions for loading states, response display, and model search/filtering.
- Included functionality to download a Postman collection for API interactions."
OEvortex/Webscout,1443126386406258d782ee68b838a11e0900aca7,2025-06,1,post,2025-06-07T21:44:41+05:30,2025-06-07T21:44:41+05:30,u99c389b1b7bfbd23,u99c389b1b7bfbd23@users.invalid,u99c389b1b7bfbd23,u99c389b1b7bfbd23@users.invalid,1,0,9,5,407,1,1,1,,,,,,0,,"chore(auth): remove unused footer and header statistics, delete theme toggle script, and update API keys, rate limits, and users data files","chore(auth): remove unused footer and header statistics, delete theme toggle script, and update API keys, rate limits, and users data files"
OEvortex/Webscout,8469f25253cfe2448ac09cece75731375a6c4084,2025-06,1,post,2025-06-07T22:31:10+05:30,2025-06-07T22:31:10+05:30,u99c389b1b7bfbd23,u99c389b1b7bfbd23@users.invalid,u99c389b1b7bfbd23,u99c389b1b7bfbd23@users.invalid,1,0,8,299,541,1,1,1,,,,,,0,,Refactor UI components for improved readability and consistency,"Refactor UI components for improved readability and consistency

- Updated text descriptions in examples and models sections for better flow.
- Simplified footer structure and styling for a cleaner look.
- Enhanced JavaScript functionality for chat completion with simplified parameters.
- Revamped CSS styles for a more professional appearance, including color palette adjustments and layout refinements.
- Streamlined form and button styles for better user experience and accessibility.
- Improved section animations and shadows for a modern aesthetic."
OEvortex/Webscout,38612c2d8129ade1297c15800d3092bf48a33fe9,2025-06,1,post,2025-06-08T17:26:18+05:30,2025-06-08T17:26:18+05:30,u99c389b1b7bfbd23,u99c389b1b7bfbd23@users.invalid,u99c389b1b7bfbd23,u99c389b1b7bfbd23@users.invalid,1,0,7,15,44,3,13,41,,,,,,0,,"chore(cleanup): remove unused API keys, rate limits, and users data files; update .gitignore for new files","chore(cleanup): remove unused API keys, rate limits, and users data files; update .gitignore for new files"
OEvortex/Webscout,7c817499e34873f68c122ca439dbe4ca59ed202e,2025-06,1,post,2025-06-09T22:40:08+05:30,2025-06-09T22:40:08+05:30,u99c389b1b7bfbd23,u99c389b1b7bfbd23@users.invalid,u99c389b1b7bfbd23,u99c389b1b7bfbd23@users.invalid,1,0,4,530,158,3,528,156,,,,,,0,,refactor(gguf): enhance cross-platform support and error handling in dependency checks and hardware detection refactor(cli): improve parameter handling in CLI options for better compatibility refactor(output): add fallbacks for rich progress components to support older versions chore(gitignore): update to exclude server.py and ensure blackbox_private_key.pem is ignored,"refactor(gguf): enhance cross-platform support and error handling in dependency checks and hardware detection
refactor(cli): improve parameter handling in CLI options for better compatibility
refactor(output): add fallbacks for rich progress components to support older versions
chore(gitignore): update to exclude server.py and ensure blackbox_private_key.pem is ignored"
OEvortex/Webscout,a3b9005e718be0c43751897e762237fc78c44fe3,2025-06,1,post,2025-06-09T23:39:40+05:30,2025-06-09T23:39:40+05:30,u99c389b1b7bfbd23,u99c389b1b7bfbd23@users.invalid,u99c389b1b7bfbd23,u99c389b1b7bfbd23@users.invalid,1,0,1,244,55,1,244,55,,,,,,0,,refactor(gguf): update for 2025 compatibility with enhanced error handling and hardware detection,refactor(gguf): update for 2025 compatibility with enhanced error handling and hardware detection
OEvortex/Webscout,bc9fb2c6a64a4a2a85086d0a16dbe1386ee71f36,2025-06,1,post,2025-06-09T23:48:11+05:30,2025-06-09T23:48:11+05:30,u99c389b1b7bfbd23,u99c389b1b7bfbd23@users.invalid,u99c389b1b7bfbd23,u99c389b1b7bfbd23@users.invalid,1,0,1,46,17,1,46,17,,,,,,0,,refactor(gguf): improve repository creation and file upload process with enhanced console feedback,refactor(gguf): improve repository creation and file upload process with enhanced console feedback
OEvortex/Webscout,52caad92ecc994237cde95b8c63a0641188343c7,2025-06,1,post,2025-06-10T13:55:23+05:30,2025-06-10T13:55:23+05:30,u99c389b1b7bfbd23,u99c389b1b7bfbd23@users.invalid,u99c389b1b7bfbd23,u99c389b1b7bfbd23@users.invalid,1,0,1,45,39,1,45,39,,,,,,0,,refactor(TTS): enhance error handling and logging in SpeechMaTTS class,refactor(TTS): enhance error handling and logging in SpeechMaTTS class
OEvortex/Webscout,d3aaf9df01f0c2771072f4dbfe4486b4de883d57,2025-06,1,post,2025-06-10T15:48:46+05:30,2025-06-10T15:48:46+05:30,u99c389b1b7bfbd23,u99c389b1b7bfbd23@users.invalid,u99c389b1b7bfbd23,u99c389b1b7bfbd23@users.invalid,1,0,5,757,1,5,757,1,,,,,,0,,feat(TTI): add BingImageAI and DeepSeekAssistant providers with image generation capabilities,feat(TTI): add BingImageAI and DeepSeekAssistant providers with image generation capabilities
OEvortex/Webscout,6f312b148f2230221d31ced7fccdae7a9a29388e,2025-06,1,post,2025-06-10T15:49:16+05:30,2025-06-10T15:49:16+05:30,u99c389b1b7bfbd23,u99c389b1b7bfbd23@users.invalid,u99c389b1b7bfbd23,u99c389b1b7bfbd23@users.invalid,1,0,1,2,5,1,2,5,,,,,,0,,refactor(GeminiProxy): rename class from GeminiProxyLegacy to GeminiProxy for clarity and remove backward compatibility,refactor(GeminiProxy): rename class from GeminiProxyLegacy to GeminiProxy for clarity and remove backward compatibility
OEvortex/Webscout,471206a9ce0fb9cb36a017272ab9a24a9dbfdf16,2025-06,1,post,2025-06-10T16:03:22+05:30,2025-06-10T16:03:22+05:30,u99c389b1b7bfbd23,u99c389b1b7bfbd23@users.invalid,u99c389b1b7bfbd23,u99c389b1b7bfbd23@users.invalid,1,0,7,699,207,6,698,207,,,,,,0,,feat(Providers): add GeminiProxy and TogetherAI providers with API integration,feat(Providers): add GeminiProxy and TogetherAI providers with API integration
OEvortex/Webscout,fc105f8b3578dc8c65ca2e9494e185024b159f8b,2025-06,1,post,2025-06-10T18:46:59+05:30,2025-06-10T18:46:59+05:30,u99c389b1b7bfbd23,u99c389b1b7bfbd23@users.invalid,u99c389b1b7bfbd23,u99c389b1b7bfbd23@users.invalid,1,0,7,608,49,6,370,49,,,,,,0,,feat(autoproxy): implement automatic proxy injection for OpenAI-compatible providers,feat(autoproxy): implement automatic proxy injection for OpenAI-compatible providers
OEvortex/Webscout,98f75bf3885282167a31f574a35c9324f947b0e4,2025-06,1,post,2025-06-11T10:14:33+05:30,2025-06-11T10:14:33+05:30,u99c389b1b7bfbd23,u99c389b1b7bfbd23@users.invalid,u99c389b1b7bfbd23,u99c389b1b7bfbd23@users.invalid,1,0,1,0,0,0,0,0,,,,,,0,,chore(changelog): update changelog for version 8.3.2,chore(changelog): update changelog for version 8.3.2
OEvortex/Webscout,190f5272f82efed8a35581c0fecc28751435095f,2025-06,1,post,2025-06-11T16:12:02+05:30,2025-06-11T16:12:02+05:30,u99c389b1b7bfbd23,u99c389b1b7bfbd23@users.invalid,u99c389b1b7bfbd23,u99c389b1b7bfbd23@users.invalid,1,0,1,1,2,1,1,2,,,,,,0,,refactor(BingSearch): simplify executor usage in text method,refactor(BingSearch): simplify executor usage in text method
OEvortex/Webscout,d2733d23c6941cbdae4783e428a1e68ec9ac5940,2025-06,1,post,2025-06-11T22:29:41+05:30,2025-06-11T22:29:41+05:30,u99c389b1b7bfbd23,u99c389b1b7bfbd23@users.invalid,u99c389b1b7bfbd23,u99c389b1b7bfbd23@users.invalid,1,0,2,234,1,2,234,1,,,,,,0,,feat(Providers): add Friendli provider with chat completion functionality,feat(Providers): add Friendli provider with chat completion functionality
OEvortex/Webscout,58e76a86147cef66c226771bffc959c29791caa3,2025-06,1,post,2025-06-13T14:58:09+05:30,2025-06-13T14:58:09+05:30,u99c389b1b7bfbd23,u99c389b1b7bfbd23@users.invalid,u99c389b1b7bfbd23,u99c389b1b7bfbd23@users.invalid,1,0,19,3,7767,3,3,212,,,,,,0,,Remove deprecated UI JavaScript and Swagger UI template;,Remove deprecated UI JavaScript and Swagger UI template;
OEvortex/Webscout,91d9a1906f938395e4ad89eb5fdf5bbfdb7469cc,2025-06,1,post,2025-06-13T15:08:51+05:30,2025-06-13T15:08:51+05:30,u99c389b1b7bfbd23,u99c389b1b7bfbd23@users.invalid,u99c389b1b7bfbd23,u99c389b1b7bfbd23@users.invalid,1,0,1,19,3,1,19,3,,,,,,0,,feat(api): implement custom Swagger UI with footer and disable default docs,feat(api): implement custom Swagger UI with footer and disable default docs
OEvortex/Webscout,b3fe3e911ff7be51d062d516f91f86f5fa74a424,2025-06,1,post,2025-06-13T15:24:57+05:30,2025-06-13T15:24:57+05:30,u99c389b1b7bfbd23,u99c389b1b7bfbd23@users.invalid,u99c389b1b7bfbd23,u99c389b1b7bfbd23@users.invalid,1,0,1,74,97,1,74,97,,,,,,0,,feat(auth): enhance error handling with GitHub footer in responses,feat(auth): enhance error handling with GitHub footer in responses
OEvortex/Webscout,5f4c630041561b9bb466d59eba34758bf3f16400,2025-06,1,post,2025-06-13T16:52:42+05:30,2025-06-13T16:52:42+05:30,u99c389b1b7bfbd23,u99c389b1b7bfbd23@users.invalid,u99c389b1b7bfbd23,u99c389b1b7bfbd23@users.invalid,1,0,1,87,79,1,87,79,,,,,,0,,feat(AIArta): update image generation logic and model handling,feat(AIArta): update image generation logic and model handling
OEvortex/Webscout,04c7d16e49e4c6feb2d32f99b68672a50f628504,2025-06,1,post,2025-06-13T17:19:13+05:30,2025-06-13T17:19:13+05:30,u99c389b1b7bfbd23,u99c389b1b7bfbd23@users.invalid,u99c389b1b7bfbd23,u99c389b1b7bfbd23@users.invalid,1,0,1,2,0,1,2,0,,,,,,0,,feat(AIArta): add AVAILABLE_MODELS for TTI provider map discovery,feat(AIArta): add AVAILABLE_MODELS for TTI provider map discovery
OEvortex/Webscout,f41ee374a4e931b8167f3668a53561abd7076be0,2025-06,1,post,2025-06-13T17:25:20+05:30,2025-06-13T17:25:20+05:30,u99c389b1b7bfbd23,u99c389b1b7bfbd23@users.invalid,u99c389b1b7bfbd23,u99c389b1b7bfbd23@users.invalid,1,0,1,2,1,1,2,1,,,,,,0,,feat(auth): add tags for chat completions and web search routes,feat(auth): add tags for chat completions and web search routes
OEvortex/Webscout,0339f54db5a4f79c9faabdd1ad3228e317c411a1,2025-06,1,post,2025-06-13T17:28:54+05:30,2025-06-13T17:28:54+05:30,u99c389b1b7bfbd23,u99c389b1b7bfbd23@users.invalid,u99c389b1b7bfbd23,u99c389b1b7bfbd23@users.invalid,1,0,1,41,7,1,41,7,,,,,,0,,feat(auth): enhance API routes with descriptions for better documentation,feat(auth): enhance API routes with descriptions for better documentation
OEvortex/Webscout,c5c9324a81b39329b83ee38094d5f43b56a328aa,2025-06,1,post,2025-06-13T17:53:45+05:30,2025-06-13T17:53:45+05:30,u99c389b1b7bfbd23,u99c389b1b7bfbd23@users.invalid,u99c389b1b7bfbd23,u99c389b1b7bfbd23@users.invalid,1,0,1,5,8,1,5,8,,,,,,0,,feat(AIArta): define AVAILABLE_MODELS for TTI provider map discovery and update auth file handling,feat(AIArta): define AVAILABLE_MODELS for TTI provider map discovery and update auth file handling
OEvortex/Webscout,9382c0113ecf7ad4c0640ac205bac02c396f368f,2025-06,1,post,2025-06-13T18:41:37+05:30,2025-06-13T18:41:37+05:30,u99c389b1b7bfbd23,u99c389b1b7bfbd23@users.invalid,u99c389b1b7bfbd23,u99c389b1b7bfbd23@users.invalid,1,0,2,133,0,2,133,0,,,,,,0,,feat(AIArta): add Stellar search provider implementation,feat(AIArta): add Stellar search provider implementation
OEvortex/Webscout,e56433900b5a366dbfedeeab0190a13aa628f776,2025-06,1,post,2025-06-13T22:11:47+05:30,2025-06-13T22:11:47+05:30,u99c389b1b7bfbd23,u99c389b1b7bfbd23@users.invalid,u99c389b1b7bfbd23,u99c389b1b7bfbd23@users.invalid,1,0,3,224,8,2,214,0,,,,,,0,,feat(TTI): add InfipAI provider for image generation with multiple models,feat(TTI): add InfipAI provider for image generation with multiple models
OEvortex/Webscout,87f225ce8b12505195f9d0e31edf2fca3330e866,2025-06,1,post,2025-06-13T22:14:56+05:30,2025-06-13T22:14:56+05:30,u99c389b1b7bfbd23,u99c389b1b7bfbd23@users.invalid,u99c389b1b7bfbd23,u99c389b1b7bfbd23@users.invalid,1,0,1,1,2,1,1,2,,,,,,0,,chore(infip): remove unused imports for cleaner code,chore(infip): remove unused imports for cleaner code
OEvortex/Webscout,05713cae801366892349dc71db5e619f7e39c9a3,2025-06,1,post,2025-06-14T15:46:18+05:30,2025-06-14T15:46:18+05:30,u99c389b1b7bfbd23,u99c389b1b7bfbd23@users.invalid,u99c389b1b7bfbd23,u99c389b1b7bfbd23@users.invalid,1,0,22,13,1724,21,13,1621,,,,,,0,,"Remove deprecated NLP modules: language detection, named entity recognition, text normalization, text processing, sentiment analysis, stemming, part-of-speech tagging, and tokenization utilities.","Remove deprecated NLP modules: language detection, named entity recognition, text normalization, text processing, sentiment analysis, stemming, part-of-speech tagging, and tokenization utilities."
OEvortex/Webscout,e773d7f09bdfe7cef4a537c6694c78a1427a75c4,2025-06,1,post,2025-06-14T22:46:08+05:30,2025-06-14T22:46:08+05:30,u99c389b1b7bfbd23,u99c389b1b7bfbd23@users.invalid,u99c389b1b7bfbd23,u99c389b1b7bfbd23@users.invalid,1,0,5,3561,623,3,124,232,,,,,,0,,Enhance sanitize_stream function to support additional data types and improve handling of various input formats,"Enhance sanitize_stream function to support additional data types and improve handling of various input formats

- Updated sanitize_stream to accept bytes, dict, list, int, float, bool, and None as valid input types.
- Added handling for None, bytes, strings, and non-iterable objects with customizable output modes.
- Improved handling of file-like objects and attributes like .text and .content.
- Refactored logic for dispatching to synchronous or asynchronous processing based on input type.

Refactor pydantic imports for cleaner code

- Changed pydantic imports to a wildcard import for simplicity and maintainability.

Streamline token counting function

- Removed fallback logic for token counting, now exclusively using tiktoken for counting tokens in strings and lists of messages."
OEvortex/Webscout,0ab64eb6ac4a956afe8ede87f580be745375aeeb,2025-06,1,post,2025-06-15T17:58:18+05:30,2025-06-15T17:58:18+05:30,u99c389b1b7bfbd23,u99c389b1b7bfbd23@users.invalid,u99c389b1b7bfbd23,u99c389b1b7bfbd23@users.invalid,1,0,4,47,6,3,46,5,,,,,,0,,feat(auth): enhance error handling for TTI provider initialization feat(aiarta): add models property to AIArta class for better model management chore(gitignore): remove server.py from .gitignore and add gpu.py,"feat(auth): enhance error handling for TTI provider initialization
feat(aiarta): add models property to AIArta class for better model management
chore(gitignore): remove server.py from .gitignore and add gpu.py"
OEvortex/Webscout,0225c5948bca8a21c09d37319dab8608df5625bc,2025-06,1,post,2025-06-16T09:19:42+05:30,2025-06-16T09:19:42+05:30,u99c389b1b7bfbd23,u99c389b1b7bfbd23@users.invalid,u99c389b1b7bfbd23,u99c389b1b7bfbd23@users.invalid,1,0,3,0,236,2,0,234,,,,,,0,,chore(TTI): remove FastFluxAI provider and update documentation,chore(TTI): remove FastFluxAI provider and update documentation
OEvortex/Webscout,bd8c87e8aef6507544b8a9d24249f423cc428fa8,2025-06,1,post,2025-06-16T11:56:42+05:30,2025-06-16T11:56:42+05:30,u99c389b1b7bfbd23,u99c389b1b7bfbd23@users.invalid,u99c389b1b7bfbd23,u99c389b1b7bfbd23@users.invalid,1,0,2,20,4,2,20,4,,,,,,0,,refactor(auth): implement lazy imports for server functions to avoid module execution issues,refactor(auth): implement lazy imports for server functions to avoid module execution issues
OEvortex/Webscout,bca51bf624eeced2db6726fcd6e556b65d73ecea,2025-06,1,post,2025-06-17T11:31:19+05:30,2025-06-17T11:31:19+05:30,u99c389b1b7bfbd23,u99c389b1b7bfbd23@users.invalid,u99c389b1b7bfbd23,u99c389b1b7bfbd23@users.invalid,1,0,1,51,6,1,51,6,,,,,,0,,style(swagger): enhance custom Swagger UI with improved footer and styling,style(swagger): enhance custom Swagger UI with improved footer and styling
OEvortex/Webscout,8a7178fbdf54c8ffc7a950ec248abb743cd3abfb,2025-06,1,post,2025-06-17T13:56:37+05:30,2025-06-17T13:56:37+05:30,u99c389b1b7bfbd23,u99c389b1b7bfbd23@users.invalid,u99c389b1b7bfbd23,u99c389b1b7bfbd23@users.invalid,1,0,1,30,17,1,30,17,,,,,,0,,refactor(flowith): clean up imports and enhance error handling for response compression,refactor(flowith): clean up imports and enhance error handling for response compression
OEvortex/Webscout,cf4e0ff365d50b3742f29d4a38cf6acbf9584e81,2025-06,1,post,2025-06-17T14:46:56+05:30,2025-06-17T14:46:56+05:30,u99c389b1b7bfbd23,u99c389b1b7bfbd23@users.invalid,u99c389b1b7bfbd23,u99c389b1b7bfbd23@users.invalid,1,0,1,42,108,1,42,108,,,,,,0,,refactor(deepinfra): streamline response handling and improve error management in Completions class,refactor(deepinfra): streamline response handling and improve error management in Completions class
OEvortex/Webscout,15d4a8d0e429cc3b1b171001cb2bd6cba83a4dae,2025-06,1,post,2025-06-17T19:22:21+05:30,2025-06-17T19:22:21+05:30,u99c389b1b7bfbd23,u99c389b1b7bfbd23@users.invalid,u99c389b1b7bfbd23,u99c389b1b7bfbd23@users.invalid,1,0,3,359,29,2,330,0,,,,,,0,,feat(openai): add MonoChat provider with completions and chat functionality,feat(openai): add MonoChat provider with completions and chat functionality
OEvortex/Webscout,4c03ee64ec34be84771c550e2aaacf5abd32e172,2025-06,1,post,2025-06-18T10:05:12+05:30,2025-06-18T10:05:12+05:30,u99c389b1b7bfbd23,u99c389b1b7bfbd23@users.invalid,u99c389b1b7bfbd23,u99c389b1b7bfbd23@users.invalid,1,0,1,557,10,1,557,10,,,,,,0,,feat(autoproxy): add auto-retry functionality for proxy requests with fallback,feat(autoproxy): add auto-retry functionality for proxy requests with fallback
OEvortex/Webscout,443e4a5ed702fe83e952f4db1a1c347ea6c1f2bb,2025-06,1,post,2025-06-19T11:12:59+05:30,2025-06-19T11:12:59+05:30,u99c389b1b7bfbd23,u99c389b1b7bfbd23@users.invalid,u99c389b1b7bfbd23,u99c389b1b7bfbd23@users.invalid,1,0,3,159,58,1,91,3,,,,,,0,,feat(agent): add wearable device support and proxy management features,"feat(agent): add wearable device support and proxy management features

Signed-off-by: u99c389b1b7bfbd23 <u99c389b1b7bfbd23@users.invalid>"
OEvortex/Webscout,b55725f009dcd214bd1f17a12ab8ad539f53be15,2025-06,1,post,2025-06-21T21:33:01+05:30,2025-06-21T21:33:01+05:30,u99c389b1b7bfbd23,u99c389b1b7bfbd23@users.invalid,u99c389b1b7bfbd23,u99c389b1b7bfbd23@users.invalid,1,0,41,1805,1564,38,1801,1562,,,,,,0,,Add raw parameter to various providers for flexible response handling,"Add raw parameter to various providers for flexible response handling

- Enhanced SearchChatAI, SonusAI, Toolbaz, TurboSeek, TypefullyAI, TypeGPT, UncovrAI, X0GPT, YEPCHAT, and others to support a new 'raw' parameter.
- The 'raw' parameter allows users to receive raw responses directly from the API, bypassing any additional processing or formatting.
- Updated streaming and non-streaming methods to conditionally yield or return raw responses based on the 'raw' flag.
- Improved error handling and response processing across multiple providers to ensure consistent behavior when 'raw' is enabled.

Signed-off-by: u99c389b1b7bfbd23 <u99c389b1b7bfbd23@users.invalid>"
OEvortex/Webscout,b488e391ca9c83aada34597090db2a3d9da3a5cb,2025-06,1,post,2025-06-22T10:03:03+05:30,2025-06-22T10:03:03+05:30,u99c389b1b7bfbd23,u99c389b1b7bfbd23@users.invalid,u99c389b1b7bfbd23,u99c389b1b7bfbd23@users.invalid,1,0,6,509,0,4,508,0,,,,,,0,,feat(minimax): add MiniMax provider with chat and completions functionality,"feat(minimax): add MiniMax provider with chat and completions functionality

Signed-off-by: u99c389b1b7bfbd23 <u99c389b1b7bfbd23@users.invalid>"
OEvortex/Webscout,1071f3d576e3cec5fa9fe8e0a2850253887d7d9d,2025-06,1,post,2025-06-22T11:08:53+05:30,2025-06-22T11:08:53+05:30,u99c389b1b7bfbd23,u99c389b1b7bfbd23@users.invalid,u99c389b1b7bfbd23,u99c389b1b7bfbd23@users.invalid,1,0,1,0,3,1,0,3,,,,,,0,,chore(yep): remove unused import from mistralai,"chore(yep): remove unused import from mistralai

Signed-off-by: u99c389b1b7bfbd23 <u99c389b1b7bfbd23@users.invalid>"
OEvortex/Webscout,807727db8a1734f2fd6416890096b054e92b5e51,2025-06,1,post,2025-06-23T10:22:16+05:30,2025-06-23T10:22:16+05:30,u99c389b1b7bfbd23,u99c389b1b7bfbd23@users.invalid,u99c389b1b7bfbd23,u99c389b1b7bfbd23@users.invalid,1,0,4,237,3,3,235,2,,,,,,0,,feat(monochat): implement MonoChatAI provider for image generation,"feat(monochat): implement MonoChatAI provider for image generation

Signed-off-by: u99c389b1b7bfbd23 <u99c389b1b7bfbd23@users.invalid>"
OEvortex/Webscout,8cca87168e0c84d29e1173f729fd7bd1cfe0ae04,2025-06,1,post,2025-06-25T11:09:26+05:30,2025-06-25T11:09:26+05:30,u99c389b1b7bfbd23,u99c389b1b7bfbd23@users.invalid,u99c389b1b7bfbd23,u99c389b1b7bfbd23@users.invalid,1,0,1,0,0,0,0,0,,,,,,0,,chore(changelog): update changelog for new MiniMax provider integration,"chore(changelog): update changelog for new MiniMax provider integration

Signed-off-by: u99c389b1b7bfbd23 <u99c389b1b7bfbd23@users.invalid>"
OEvortex/Webscout,724c3188fd83fc251cca610deb4d1c4774c0ce4d,2025-06,1,post,2025-06-25T15:39:10+05:30,2025-06-25T15:39:10+05:30,u99c389b1b7bfbd23,u99c389b1b7bfbd23@users.invalid,u99c389b1b7bfbd23,u99c389b1b7bfbd23@users.invalid,1,0,3,142,24,2,142,24,,,,,,0,,feat(x0gpt): implement regex-based extraction and filtering in sanitize_stream,"feat(x0gpt): implement regex-based extraction and filtering in sanitize_stream

Add regex-based extraction and filtering to sanitize_stream

Introduces support for regex-based content extraction and skipping in the stream sanitization logic, enabling more flexible processing of streamed data. Updates the downstream usage to leverage these features for cleaner and more targeted extraction, especially in streaming scenarios. Enhances robustness and adaptability for varied data formats and noise reduction.

Signed-off-by: u99c389b1b7bfbd23 <u99c389b1b7bfbd23@users.invalid>"
OEvortex/Webscout,9bc968d199acd3b6019dc6defaf6ea962bd0607f,2025-06,1,post,2025-06-26T19:50:51+05:30,2025-06-26T19:50:51+05:30,u99c389b1b7bfbd23,u99c389b1b7bfbd23@users.invalid,u99c389b1b7bfbd23,u99c389b1b7bfbd23@users.invalid,1,0,8,225,109,7,225,109,,,,,,0,,feat(models): update model mappings and add new models for Scira and OpenAI providers,"feat(models): update model mappings and add new models for Scira and OpenAI providers

Signed-off-by: u99c389b1b7bfbd23 <u99c389b1b7bfbd23@users.invalid>"
OEvortex/Webscout,21a1638f211357029e04af45c965b313c7c5e4b3,2025-06,1,post,2025-06-27T10:15:28+05:30,2025-06-27T10:15:28+05:30,u99c389b1b7bfbd23,u99c389b1b7bfbd23@users.invalid,u99c389b1b7bfbd23,u99c389b1b7bfbd23@users.invalid,1,0,10,122,431,8,122,430,,,,,,0,,feat(auth): integrate Bing search engine into unified web search endpoint,"feat(auth): integrate Bing search engine into unified web search endpoint

Signed-off-by: u99c389b1b7bfbd23 <u99c389b1b7bfbd23@users.invalid>"
OEvortex/Webscout,e3ea673b30db1067ffcd26fd13362697f4ef56f7,2025-06,1,post,2025-06-30T18:13:53+05:30,2025-06-30T18:13:53+05:30,u99c389b1b7bfbd23,u99c389b1b7bfbd23@users.invalid,u99c389b1b7bfbd23,u99c389b1b7bfbd23@users.invalid,1,0,8,1090,4,5,1088,1,,,,,,0,,feat(qodo): add QodoAI provider implementation with API integration and model support chore(gitignore): update .gitignore to remove unnecessary files docs(readme): update README to include QodoAI provider usage examples chore(version): bump version to 8.3.4,"feat(qodo): add QodoAI provider implementation with API integration and model support
chore(gitignore): update .gitignore to remove unnecessary files
docs(readme): update README to include QodoAI provider usage examples
chore(version): bump version to 8.3.4

Signed-off-by: u99c389b1b7bfbd23 <u99c389b1b7bfbd23@users.invalid>"
OEvortex/Webscout,afed44e13a826a49dc99b079852f263904887d21,2025-07,2,post,2025-07-02T10:51:34+05:30,2025-07-02T10:51:34+05:30,u99c389b1b7bfbd23,u99c389b1b7bfbd23@users.invalid,u99c389b1b7bfbd23,u99c389b1b7bfbd23@users.invalid,1,0,5,20,25,3,20,24,,,,,,0,,feat(provider): update available models and remove deprecated dependencies,"feat(provider): update available models and remove deprecated dependencies

Signed-off-by: u99c389b1b7bfbd23 <u99c389b1b7bfbd23@users.invalid>"
OEvortex/Webscout,e01f2128c4f4c04b7c93180dcbc69247e3f243b2,2025-07,2,post,2025-07-02T23:20:17+05:30,2025-07-02T23:20:17+05:30,u99c389b1b7bfbd23,u99c389b1b7bfbd23@users.invalid,u99c389b1b7bfbd23,u99c389b1b7bfbd23@users.invalid,1,0,9,67,690,8,67,690,,,,,,0,,feat(provider): update Scira model mappings and remove deprecated providers,"feat(provider): update Scira model mappings and remove deprecated providers

Signed-off-by: u99c389b1b7bfbd23 <u99c389b1b7bfbd23@users.invalid>"
OEvortex/Webscout,c5f2a47fa665e9b061c681f370d8884b0f1f5965,2025-07,2,post,2025-07-03T22:51:52+05:30,2025-07-03T22:51:52+05:30,u99c389b1b7bfbd23,u99c389b1b7bfbd23@users.invalid,u99c389b1b7bfbd23,u99c389b1b7bfbd23@users.invalid,1,0,5,144,91,4,142,90,,,,,,0,,feat(provider): update available models and add new API key support,"feat(provider): update available models and add new API key support

Signed-off-by: u99c389b1b7bfbd23 <u99c389b1b7bfbd23@users.invalid>"
OEvortex/Webscout,0ce06f557d44a8a7b9415bb9bc8a530d3dc8f27f,2025-07,2,post,2025-07-04T13:42:03+05:30,2025-07-04T13:42:03+05:30,u99c389b1b7bfbd23,u99c389b1b7bfbd23@users.invalid,u99c389b1b7bfbd23,u99c389b1b7bfbd23@users.invalid,1,0,1,1,4,1,1,4,,,,,,0,,fix(provider): handle ImportError for 'ollama' package gracefully,"fix(provider): handle ImportError for 'ollama' package gracefully

Signed-off-by: u99c389b1b7bfbd23 <u99c389b1b7bfbd23@users.invalid>"
OEvortex/Webscout,5df748db10b84746c9eba53cb30d93c40fc57f53,2025-07,2,post,2025-07-05T16:13:00+05:30,2025-07-05T16:13:00+05:30,u99c389b1b7bfbd23,u99c389b1b7bfbd23@users.invalid,u99c389b1b7bfbd23,u99c389b1b7bfbd23@users.invalid,1,0,2,6,6,2,6,6,,,,,,0,,fix(provider): update API endpoint and headers for MonoChat integration,"fix(provider): update API endpoint and headers for MonoChat integration

Signed-off-by: u99c389b1b7bfbd23 <u99c389b1b7bfbd23@users.invalid>"
OEvortex/Webscout,4743cace9c85be34d09e737a20ed476a46dcc242,2025-07,2,post,2025-07-05T18:10:12+05:30,2025-07-05T18:10:12+05:30,u99c389b1b7bfbd23,u99c389b1b7bfbd23@users.invalid,u99c389b1b7bfbd23,u99c389b1b7bfbd23@users.invalid,1,0,5,393,2,4,393,2,,,,,,0,,feat(provider): add MonoChat provider for gg.is-a-furry.dev API integration,"feat(provider): add MonoChat provider for gg.is-a-furry.dev API integration

Signed-off-by: u99c389b1b7bfbd23 <u99c389b1b7bfbd23@users.invalid>"
OEvortex/Webscout,d47132f1e7adae6ed017840ac088d96d44408383,2025-07,2,post,2025-07-11T09:14:17+05:30,2025-07-11T09:14:17+05:30,u99c389b1b7bfbd23,u99c389b1b7bfbd23@users.invalid,u99c389b1b7bfbd23,u99c389b1b7bfbd23@users.invalid,1,0,9,157,137,8,157,137,,,,,,0,,feat(provider): update model mappings and add new aliases for Scira and Flowith providers,"feat(provider): update model mappings and add new aliases for Scira and Flowith providers

Signed-off-by: u99c389b1b7bfbd23 <u99c389b1b7bfbd23@users.invalid>"
OEvortex/Webscout,afbe7b2519cdafb60e6a16c1d2f4690920db7e5a,2025-07,2,post,2025-07-15T21:05:13+05:30,2025-07-15T21:05:13+05:30,u99c389b1b7bfbd23,u99c389b1b7bfbd23@users.invalid,u99c389b1b7bfbd23,u99c389b1b7bfbd23@users.invalid,1,0,2,31,7,2,31,7,,,,,,0,,fix(Qodo): handle internal server error and retry with continue-task endpoint,"fix(Qodo): handle internal server error and retry with continue-task endpoint

Signed-off-by: u99c389b1b7bfbd23 <u99c389b1b7bfbd23@users.invalid>"
OEvortex/Webscout,70aa1ee5530ed0d2af0f77f8aaafddaabb32a080,2025-07,2,post,2025-07-16T09:57:06+05:30,2025-07-16T09:57:06+05:30,u99c389b1b7bfbd23,u99c389b1b7bfbd23@users.invalid,u99c389b1b7bfbd23,u99c389b1b7bfbd23@users.invalid,1,0,6,2068,1031,3,1073,1031,,,,,,0,,Implement comprehensive sanitization and streaming processing for various data types,"Implement comprehensive sanitization and streaming processing for various data types

- Introduced `_sanitize_stream_sync` and `_sanitize_stream_async` functions to handle real-time data processing.
- Added support for multiple input types including strings, bytes, iterables, and non-iterable objects (dict, list, int, float, bool, None).
- Enhanced regex-based filtering and extraction capabilities.
- Implemented encoding handling with flexible options for decoding byte streams.
- Added error handling mechanisms for JSON parsing and encoding issues.
- Created a decorator for easy integration with existing functions.
- Ensured compatibility with both synchronous and asynchronous workflows.

Signed-off-by: u99c389b1b7bfbd23 <u99c389b1b7bfbd23@users.invalid>"
OEvortex/Webscout,ff4a8658c64f98eef0d61768b3cec45843292629,2025-07,2,post,2025-07-16T09:59:07+05:30,2025-07-16T09:59:07+05:30,u99c389b1b7bfbd23,u99c389b1b7bfbd23@users.invalid,u99c389b1b7bfbd23,u99c389b1b7bfbd23@users.invalid,1,0,1,2,2,0,0,0,,,,,,0,,style(readme): fix formatting of important and note sections,"style(readme): fix formatting of important and note sections

Signed-off-by: u99c389b1b7bfbd23 <u99c389b1b7bfbd23@users.invalid>"
OEvortex/Webscout,b9c1af4848c260526bbc01ffa4a4b2e4872c6b93,2025-07,2,post,2025-07-16T10:01:34+05:30,2025-07-16T10:01:34+05:30,u99c389b1b7bfbd23,u99c389b1b7bfbd23@users.invalid,u99c389b1b7bfbd23,u99c389b1b7bfbd23@users.invalid,1,0,1,2,1,0,0,0,,,,,,0,,docs(readme): clarify hardware requirements for running models with Inferno,"docs(readme): clarify hardware requirements for running models with Inferno

Signed-off-by: u99c389b1b7bfbd23 <u99c389b1b7bfbd23@users.invalid>"
OEvortex/Webscout,cc715aafb1392a336a4e1deafaf77c4bdffae14d,2025-07,2,post,2025-07-16T10:14:44+05:30,2025-07-16T10:14:44+05:30,u99c389b1b7bfbd23,u99c389b1b7bfbd23@users.invalid,u99c389b1b7bfbd23,u99c389b1b7bfbd23@users.invalid,1,0,2,622,147,0,0,0,,,,,,0,,docs(readme): update OpenAI-compatible API server link and enhance documentation structure,"docs(readme): update OpenAI-compatible API server link and enhance documentation structure

Signed-off-by: u99c389b1b7bfbd23 <u99c389b1b7bfbd23@users.invalid>"
OEvortex/Webscout,5b1e8702d6e7c659632a6d92364c10a2d3efb8d6,2025-07,2,post,2025-07-16T14:05:59+05:30,2025-07-16T14:05:59+05:30,u99c389b1b7bfbd23,u99c389b1b7bfbd23@users.invalid,u99c389b1b7bfbd23,u99c389b1b7bfbd23@users.invalid,1,0,2,2,0,2,2,0,,,,,,0,,feat(DeepInfra): add 'moonshotai/Kimi-K2-Instruct' to available models,"feat(DeepInfra): add 'moonshotai/Kimi-K2-Instruct' to available models

Signed-off-by: u99c389b1b7bfbd23 <u99c389b1b7bfbd23@users.invalid>"
OEvortex/Webscout,617711bda570f3361b83f242b0c8af8291fbf6da,2025-07,2,post,2025-07-18T10:01:47+05:30,2025-07-18T10:01:47+05:30,u99c389b1b7bfbd23,u99c389b1b7bfbd23@users.invalid,u99c389b1b7bfbd23,u99c389b1b7bfbd23@users.invalid,1,0,6,174,148,5,174,148,,,,,,0,,feat(scira): add support for 'kimi-k2-instruct' model and update mappings,"feat(scira): add support for 'kimi-k2-instruct' model and update mappings

Signed-off-by: u99c389b1b7bfbd23 <u99c389b1b7bfbd23@users.invalid>"
OEvortex/Webscout,8bcd3df67ede6290db07b7cf3c85f2e410126a80,2025-07,2,post,2025-07-18T10:23:11+05:30,2025-07-18T10:23:11+05:30,u99c389b1b7bfbd23,u99c389b1b7bfbd23@users.invalid,u99c389b1b7bfbd23,u99c389b1b7bfbd23@users.invalid,1,0,6,156,103,4,156,102,,,,,,0,,feat(models): update available models for TogetherAI and TextPollinationsAI,"feat(models): update available models for TogetherAI and TextPollinationsAI

Signed-off-by: u99c389b1b7bfbd23 <u99c389b1b7bfbd23@users.invalid>"
OEvortex/Webscout,65505839815d1fd30fee6b613bfdc66a53ca5c59,2025-07,2,post,2025-07-24T23:35:42+05:30,2025-07-24T23:35:42+05:30,u99c389b1b7bfbd23,u99c389b1b7bfbd23@users.invalid,u99c389b1b7bfbd23,u99c389b1b7bfbd23@users.invalid,1,0,4,315,11,4,315,11,,,,,,0,,feat(PERPLEXED): implement PERPLEXED API client with streaming and non-streaming support,"feat(PERPLEXED): implement PERPLEXED API client with streaming and non-streaming support

Signed-off-by: u99c389b1b7bfbd23 <u99c389b1b7bfbd23@users.invalid>"
OEvortex/Webscout,a5e8954284fa79d80e6ac68c3f60f490795504a8,2025-07,2,post,2025-07-25T10:38:20+05:30,2025-07-25T10:38:20+05:30,u99c389b1b7bfbd23,u99c389b1b7bfbd23@users.invalid,u99c389b1b7bfbd23,u99c389b1b7bfbd23@users.invalid,1,0,2,4,0,2,4,0,,,,,,0,,feat(DeepInfra): add new Qwen models to available models list,"feat(DeepInfra): add new Qwen models to available models list

Signed-off-by: u99c389b1b7bfbd23 <u99c389b1b7bfbd23@users.invalid>"
OEvortex/Webscout,c8fbf5ebf23d77c5638f1b7bcd857299309df54f,2025-07,2,post,2025-07-28T11:55:25+05:30,2025-07-28T11:55:25+05:30,u99c389b1b7bfbd23,u99c389b1b7bfbd23@users.invalid,u99c389b1b7bfbd23,u99c389b1b7bfbd23@users.invalid,1,0,9,1275,90,7,1120,90,,,,,,0,,feat(logging): Implement request logging to Supabase for no-auth mode,"feat(logging): Implement request logging to Supabase for no-auth mode

- Added RequestLog dataclass for structured logging of API requests.
- Introduced SimpleRequestLogger to handle logging to Supabase.
- Enhanced request processing to log requests and responses, including errors.
- Created monitoring routes for fetching recent requests and API usage statistics.
- Integrated logging into streaming and non-streaming response handlers.
- Set up GitHub Actions workflow for deploying Webscout with Supabase.

Signed-off-by: u99c389b1b7bfbd23 <u99c389b1b7bfbd23@users.invalid>"
OEvortex/Webscout,ff05a6c17639d8022bc952f29e977f392feebc22,2025-07,2,post,2025-07-28T12:30:36+05:30,2025-07-28T12:30:36+05:30,u99c389b1b7bfbd23,u99c389b1b7bfbd23@users.invalid,u99c389b1b7bfbd23,u99c389b1b7bfbd23@users.invalid,1,0,1,42,42,1,42,42,,,,,,0,,feat(config): update Supabase URL and key retrieval to handle missing values gracefully,"feat(config): update Supabase URL and key retrieval to handle missing values gracefully

Signed-off-by: u99c389b1b7bfbd23 <u99c389b1b7bfbd23@users.invalid>"
OEvortex/Webscout,c61c8cdf317edb81e87381cbb0d94a85998f6e1e,2025-07,2,post,2025-07-28T12:44:03+05:30,2025-07-28T12:44:03+05:30,u99c389b1b7bfbd23,u99c389b1b7bfbd23@users.invalid,u99c389b1b7bfbd23,u99c389b1b7bfbd23@users.invalid,1,0,2,23,163,2,23,163,,,,,,0,,refactor(config): streamline Supabase credential retrieval and logging setup,"refactor(config): streamline Supabase credential retrieval and logging setup

Signed-off-by: u99c389b1b7bfbd23 <u99c389b1b7bfbd23@users.invalid>"
OEvortex/Webscout,8dd867a26f61f5ed6faa24cbad1003b3db7a2062,2025-07,2,post,2025-07-28T12:59:30+05:30,2025-07-28T12:59:30+05:30,u99c389b1b7bfbd23,u99c389b1b7bfbd23@users.invalid,u99c389b1b7bfbd23,u99c389b1b7bfbd23@users.invalid,1,0,4,207,84,4,207,84,,,,,,0,,feat(config): implement lazy initialization for Supabase configuration and enhance database manager with flexible backend support,"feat(config): implement lazy initialization for Supabase configuration and enhance database manager with flexible backend support

Signed-off-by: u99c389b1b7bfbd23 <u99c389b1b7bfbd23@users.invalid>"
OEvortex/Webscout,ccc24e05d50973e2a73dce62a721a44f694e8961,2025-07,2,post,2025-07-28T14:30:10+05:30,2025-07-28T14:30:10+05:30,u99c389b1b7bfbd23,u99c389b1b7bfbd23@users.invalid,u99c389b1b7bfbd23,u99c389b1b7bfbd23@users.invalid,1,0,2,4,0,2,4,0,,,,,,0,,feat(DeepInfra): add new Qwen models to the available models list,"feat(DeepInfra): add new Qwen models to the available models list

Signed-off-by: u99c389b1b7bfbd23 <u99c389b1b7bfbd23@users.invalid>"
OEvortex/Webscout,bb89e66ad092cc602ff7594bc42ee707b386e0c1,2025-07,2,post,2025-07-28T14:32:37+05:30,2025-07-28T14:32:37+05:30,u99c389b1b7bfbd23,u99c389b1b7bfbd23@users.invalid,u99c389b1b7bfbd23,u99c389b1b7bfbd23@users.invalid,1,0,2,2,0,2,2,0,,,,,,0,,feat(DeepInfra): add Devstral-Small-2507 model to the available models list,"feat(DeepInfra): add Devstral-Small-2507 model to the available models list

Signed-off-by: u99c389b1b7bfbd23 <u99c389b1b7bfbd23@users.invalid>"
OEvortex/Webscout,149504bacee40664484c08c91427df5c183bcfe2,2025-07,2,post,2025-07-28T15:12:42+05:30,2025-07-28T15:12:42+05:30,u99c389b1b7bfbd23,u99c389b1b7bfbd23@users.invalid,u99c389b1b7bfbd23,u99c389b1b7bfbd23@users.invalid,1,0,4,24,298,4,24,298,,,,,,0,,refactor(WiseCat): replace custom extractor with regex-based extraction for content processing chore(WritingMate): remove unused WritingMate provider fix(sanitize): ensure chunk is skipped if no regex match is found during extraction,"refactor(WiseCat): replace custom extractor with regex-based extraction for content processing
chore(WritingMate): remove unused WritingMate provider
fix(sanitize): ensure chunk is skipped if no regex match is found during extraction

Signed-off-by: u99c389b1b7bfbd23 <u99c389b1b7bfbd23@users.invalid>"
OEvortex/Webscout,b1a37ad8906af7218be96fdc0432dcdb63ef2fb2,2025-07,2,post,2025-07-28T15:13:46+05:30,2025-07-28T15:13:46+05:30,u99c389b1b7bfbd23,u99c389b1b7bfbd23@users.invalid,u99c389b1b7bfbd23,u99c389b1b7bfbd23@users.invalid,1,0,1,4,0,1,4,0,,,,,,0,,feat(WiseCat): add regex patterns to skip timing information in content extraction,"feat(WiseCat): add regex patterns to skip timing information in content extraction

Signed-off-by: u99c389b1b7bfbd23 <u99c389b1b7bfbd23@users.invalid>"
OEvortex/Webscout,6546913d10af8b4296cb5d0f27070b47c22a93e6,2025-07,2,post,2025-07-28T16:51:05+05:30,2025-07-28T16:51:05+05:30,u99c389b1b7bfbd23,u99c389b1b7bfbd23@users.invalid,u99c389b1b7bfbd23,u99c389b1b7bfbd23@users.invalid,1,0,24,722,1858,22,720,1618,,,,,,0,,"Refactor TypefullyAI: Remove unused extractor method and update content extraction logic with regex. Remove TypeGPT and UncovrAI providers: These files have been deleted to streamline the codebase. Enhance sanitize_stream: Add raw mode to yield unprocessed API responses. Add VeniceAI provider: Implement a new provider for image generation using Venice AI, including image upload functionality and model management.","Refactor TypefullyAI: Remove unused extractor method and update content extraction logic with regex.
Remove TypeGPT and UncovrAI providers: These files have been deleted to streamline the codebase.
Enhance sanitize_stream: Add raw mode to yield unprocessed API responses.
Add VeniceAI provider: Implement a new provider for image generation using Venice AI, including image upload functionality and model management.

Signed-off-by: u99c389b1b7bfbd23 <u99c389b1b7bfbd23@users.invalid>"
OEvortex/Webscout,86c70536c0e896b99804964c70b0b44df2c3a7d4,2025-07,2,post,2025-07-28T17:02:24+05:30,2025-07-28T17:02:24+05:30,u99c389b1b7bfbd23,u99c389b1b7bfbd23@users.invalid,u99c389b1b7bfbd23,u99c389b1b7bfbd23@users.invalid,1,0,1,1,0,0,0,0,,,,,,0,,feat(api): add websockets dependency for Supabase realtime support,"feat(api): add websockets dependency for Supabase realtime support

Signed-off-by: u99c389b1b7bfbd23 <u99c389b1b7bfbd23@users.invalid>"
OEvortex/Webscout,b0bf8e9a2eefc23f307424e77a9b47fd9e3ed09a,2025-07,2,post,2025-07-29T14:43:38+05:30,2025-07-29T14:43:38+05:30,u99c389b1b7bfbd23,u99c389b1b7bfbd23@users.invalid,u99c389b1b7bfbd23,u99c389b1b7bfbd23@users.invalid,1,0,3,4,154,2,4,0,,,,,,0,,feat(DeepInfra): add new models to the available models list,"feat(DeepInfra): add new models to the available models list

Signed-off-by: u99c389b1b7bfbd23 <u99c389b1b7bfbd23@users.invalid>"
OEvortex/Webscout,3c0f40c7caa64697c58cc209b70672171dd541a9,2025-07,2,post,2025-07-30T15:53:34+05:30,2025-07-30T15:53:34+05:30,u99c389b1b7bfbd23,u99c389b1b7bfbd23@users.invalid,u99c389b1b7bfbd23,u99c389b1b7bfbd23@users.invalid,1,0,6,918,1,4,917,0,,,,,,0,,feat(Kimi): add Kimi provider implementation with chat and completions support,"feat(Kimi): add Kimi provider implementation with chat and completions support

Signed-off-by: u99c389b1b7bfbd23 <u99c389b1b7bfbd23@users.invalid>"
OEvortex/Webscout,7b443dd297893723f6a2e8fedd69c949d92f38dd,2025-08,3,post,2025-08-01T11:40:28+05:30,2025-08-01T11:40:28+05:30,u99c389b1b7bfbd23,u99c389b1b7bfbd23@users.invalid,u99c389b1b7bfbd23,u99c389b1b7bfbd23@users.invalid,1,0,2,12,10,1,10,9,,,,,,0,,feat(TogetherImage): update available models and metadata for Together.xyz provider,"feat(TogetherImage): update available models and metadata for Together.xyz provider

Signed-off-by: u99c389b1b7bfbd23 <u99c389b1b7bfbd23@users.invalid>"
OEvortex/Webscout,c6ddb23c5b2d8bc64f72f4cc9ec564bc0d8f85c5,2025-08,3,post,2025-08-01T11:57:31+05:30,2025-08-01T11:57:31+05:30,u99c389b1b7bfbd23,u99c389b1b7bfbd23@users.invalid,u99c389b1b7bfbd23,u99c389b1b7bfbd23@users.invalid,1,0,2,100,110,2,100,110,,,,,,0,,feat(TogetherAI): update available models list for TogetherAI provider,"feat(TogetherAI): update available models list for TogetherAI provider

Signed-off-by: u99c389b1b7bfbd23 <u99c389b1b7bfbd23@users.invalid>"
OEvortex/Webscout,8e3360eaaaaacd6d0482bd0d3834639ab849bc92,2025-08,3,post,2025-08-01T12:31:39+05:30,2025-08-01T12:31:39+05:30,u99c389b1b7bfbd23,u99c389b1b7bfbd23@users.invalid,u99c389b1b7bfbd23,u99c389b1b7bfbd23@users.invalid,1,0,3,14,397,3,14,397,,,,,,0,,feat(bing): update model parameter to support new model mapping for image generation,"feat(bing): update model parameter to support new model mapping for image generation

Signed-off-by: u99c389b1b7bfbd23 <u99c389b1b7bfbd23@users.invalid>"
OEvortex/Webscout,78742a479374cb33753108866c291f7f98d98805,2025-08,3,post,2025-08-02T20:54:42+05:30,2025-08-02T20:54:42+05:30,u99c389b1b7bfbd23,u99c389b1b7bfbd23@users.invalid,u99c389b1b7bfbd23,u99c389b1b7bfbd23@users.invalid,1,0,7,1681,208,7,1681,208,,,,,,0,,Enhance TTS Providers with OpenAI-Compatible Interfaces,"Enhance TTS Providers with OpenAI-Compatible Interfaces

- Updated FreeTTS provider to support multiple models, dynamic voice loading, and improved error handling.
- Refactored GesseritTTS to include OpenAI-compatible features and voice validation.
- Enhanced MurfAITTS with support for multiple output formats and added streaming capabilities.
- Improved OpenAIFMTTS with detailed parameter validation, streaming response support, and comprehensive error handling.
- Added create_speech and stream_audio methods across providers for consistent interface.
- Updated example usage in each provider for better demonstration of new features.

Signed-off-by: u99c389b1b7bfbd23 <u99c389b1b7bfbd23@users.invalid>"
OEvortex/Webscout,6a13d7f9ed51e05055f76c32503ba7f8b5a6f3e7,2025-08,3,post,2025-08-03T17:09:02+05:30,2025-08-03T17:09:02+05:30,u99c389b1b7bfbd23,u99c389b1b7bfbd23@users.invalid,u99c389b1b7bfbd23,u99c389b1b7bfbd23@users.invalid,1,0,3,171,66,2,151,43,,,,,,0,,feat(readme): update project description and enhance overview for clarity feat(crawler): improve crawler configuration and enhance page data structure for LLM training feat(scout): extend initialization parameters for better markup handling and customization,"feat(readme): update project description and enhance overview for clarity
feat(crawler): improve crawler configuration and enhance page data structure for LLM training
feat(scout): extend initialization parameters for better markup handling and customization

Signed-off-by: u99c389b1b7bfbd23 <u99c389b1b7bfbd23@users.invalid>"
OEvortex/Webscout,10114759667c49b3e09de134eb277cc8577cfabc,2025-08,3,post,2025-08-03T20:28:57+05:30,2025-08-03T20:28:57+05:30,u99c389b1b7bfbd23,u99c389b1b7bfbd23@users.invalid,u99c389b1b7bfbd23,u99c389b1b7bfbd23@users.invalid,1,0,2,80,42,2,80,42,,,,,,0,,feat(cerebras): update available models and enhance API key handling feat(conversation): improve message history management and validation,"feat(cerebras): update available models and enhance API key handling
feat(conversation): improve message history management and validation

Signed-off-by: u99c389b1b7bfbd23 <u99c389b1b7bfbd23@users.invalid>"
OEvortex/Webscout,a69e6f45461f83cf81362b3ffd2eaf80bfddfbdb,2025-08,3,post,2025-08-03T23:00:21+05:30,2025-08-03T23:00:21+05:30,u99c389b1b7bfbd23,u99c389b1b7bfbd23@users.invalid,u99c389b1b7bfbd23,u99c389b1b7bfbd23@users.invalid,1,0,5,569,623,4,569,622,,,,,,0,,Remove SthirTTS provider implementation from the project,"Remove SthirTTS provider implementation from the project

Signed-off-by: u99c389b1b7bfbd23 <u99c389b1b7bfbd23@users.invalid>"
OEvortex/Webscout,fcf18afa7c401a0eb2c4e01198e4dc499d4363b9,2025-08,3,post,2025-08-04T21:37:29+05:30,2025-08-04T21:37:29+05:30,u99c389b1b7bfbd23,u99c389b1b7bfbd23@users.invalid,u99c389b1b7bfbd23,u99c389b1b7bfbd23@users.invalid,1,0,4,388,85,4,388,85,,,,,,0,,fix(sanitize): improve JSON parsing and error handling in async stream processing,"fix(sanitize): improve JSON parsing and error handling in async stream processing

- Added length check for sanitized_chunk before JSON parsing to prevent errors.
- Enhanced error handling in async stream processing with a specific error message.
- Cleaned up unused asyncio import in the sanitize_stream decorator.

feat(AISEARCH): re-enable PERPLEXED_search provider in the AISEARCH module

- Restored import statement for the PERPLEXED_search provider.
- Removed the deleted PERPLEXED_search.py file from the project."
OEvortex/Webscout,d3d1fe7fee2c0c7bf2d0a83e1106ca169f1393f5,2025-08,3,post,2025-08-06T11:03:30+05:30,2025-08-06T11:03:30+05:30,u99c389b1b7bfbd23,u99c389b1b7bfbd23@users.invalid,u99c389b1b7bfbd23,u99c389b1b7bfbd23@users.invalid,1,0,2,6,0,2,6,0,,,,,,0,,Adds support for three new AI models,"Adds support for three new AI models

Expands provider model lists to include gpt-oss-120b, gpt-oss-20b, and olmOCR-7B-0725-FP8, enabling access to more model options for users.

Signed-off-by: u99c389b1b7bfbd23 <u99c389b1b7bfbd23@users.invalid>"
OEvortex/Webscout,7b7ee8da529628b8a4de135817cd48bb503af6d1,2025-08,3,post,2025-08-06T11:51:00+05:30,2025-08-06T11:51:00+05:30,u99c389b1b7bfbd23,u99c389b1b7bfbd23@users.invalid,u99c389b1b7bfbd23,u99c389b1b7bfbd23@users.invalid,1,0,1,31,2,1,31,2,,,,,,0,,feat(models): add support for Claude Opus 4.1 AI model,"feat(models): add support for Claude Opus 4.1 AI model

Signed-off-by: u99c389b1b7bfbd23 <u99c389b1b7bfbd23@users.invalid>"
OEvortex/Webscout,71278684b2e9fb6c9ec9c8b944d284d2244f5168,2025-08,3,post,2025-08-06T12:03:03+05:30,2025-08-06T12:03:03+05:30,u99c389b1b7bfbd23,u99c389b1b7bfbd23@users.invalid,u99c389b1b7bfbd23,u99c389b1b7bfbd23@users.invalid,1,0,1,29,6,1,29,6,,,,,,0,,feat(e2b): add proxy support and enhance initialization for E2B client,"feat(e2b): add proxy support and enhance initialization for E2B client

Signed-off-by: u99c389b1b7bfbd23 <u99c389b1b7bfbd23@users.invalid>"
OEvortex/Webscout,cd72be7dfb59d0445f173c3948cb08d0744273c9,2025-08,3,post,2025-08-06T09:50:51Z,2025-08-06T09:50:51Z,copilot-swe-agent[bot],198982749+Copilot@users.noreply.github.com,copilot-swe-agent[bot],198982749+Copilot@users.noreply.github.com,1,0,0,0,0,0,0,0,,B,copilot,identity,copilot-swe-agent,0,,Initial plan,Initial plan
OEvortex/Webscout,60f69ec744ebd969e96cb272e36258ae90b5067e,2025-08,3,post,2025-08-06T10:00:48Z,2025-08-06T10:00:48Z,copilot-swe-agent[bot],198982749+Copilot@users.noreply.github.com,copilot-swe-agent[bot],198982749+Copilot@users.noreply.github.com,1,0,7,165,115,7,165,115,,B,copilot,identity,copilot-swe-agent,0,,Fix trio/eventlet/curl_cffi import conflict by importing trio before curl_cffi,"Fix trio/eventlet/curl_cffi import conflict by importing trio before curl_cffi

Co-authored-by: uc74c24cf93966045 <uc74c24cf93966045@users.invalid>"
OEvortex/Webscout,e096bf25171e781fb7f46a7219dbd98faf101f92,2025-08,3,post,2025-08-06T20:07:00+05:30,2025-08-06T20:07:00+05:30,uc74c24cf93966045,uc74c24cf93966045@users.invalid,GitHub,noreply@github.com,2,1,0,0,0,0,0,0,,B,copilot,branch,,0,82,Merge pull request #82 from OEvortex/copilot/fix-81,"Merge pull request #82 from OEvortex/copilot/fix-81

Fix trio/eventlet/curl_cffi import conflict by importing trio before curl_cffi"
OEvortex/Webscout,b05476ab97ebd8010dc3092a0b9aebba7e83f8f7,2025-08,3,post,2025-08-06T20:43:43+05:30,2025-08-06T20:43:43+05:30,u99c389b1b7bfbd23,u99c389b1b7bfbd23@users.invalid,u99c389b1b7bfbd23,u99c389b1b7bfbd23@users.invalid,1,0,1,59,0,0,0,0,,,,,,0,,feat(workflow): add auto-assign Copilot for bug reports,"feat(workflow): add auto-assign Copilot for bug reports

Signed-off-by: u99c389b1b7bfbd23 <u99c389b1b7bfbd23@users.invalid>"
OEvortex/Webscout,10bebb674de0c3bbd5831ef3cbb9ac13130b4ea4,2025-08,3,post,2025-08-07T16:04:22+05:30,2025-08-07T16:04:22+05:30,u99c389b1b7bfbd23,u99c389b1b7bfbd23@users.invalid,u99c389b1b7bfbd23,u99c389b1b7bfbd23@users.invalid,1,0,2,209,0,2,209,0,,,,,,0,,feat(provider): add GptOss provider for GPT-OSS API integration,"feat(provider): add GptOss provider for GPT-OSS API integration

Signed-off-by: u99c389b1b7bfbd23 <u99c389b1b7bfbd23@users.invalid>"
OEvortex/Webscout,8d3072fd93acd2ab2037cbed430e569631a9504f,2025-08,3,post,2025-08-07T16:15:21+05:30,2025-08-07T16:15:21+05:30,u99c389b1b7bfbd23,u99c389b1b7bfbd23@users.invalid,u99c389b1b7bfbd23,u99c389b1b7bfbd23@users.invalid,1,0,3,290,0,2,289,0,,,,,,0,,feat(provider): add GptOss provider for GPT-OSS API integration,"feat(provider): add GptOss provider for GPT-OSS API integration

Signed-off-by: u99c389b1b7bfbd23 <u99c389b1b7bfbd23@users.invalid>"
OEvortex/Webscout,def54a600d008aa6aa017d21debcc59a134ab604,2025-08,3,post,2025-08-07T16:31:48+05:30,2025-08-07T16:31:48+05:30,u99c389b1b7bfbd23,u99c389b1b7bfbd23@users.invalid,u99c389b1b7bfbd23,u99c389b1b7bfbd23@users.invalid,1,0,2,11,18,2,11,18,,,,,,0,,feat(provider): update default model and error handling in Netwrck provider,"feat(provider): update default model and error handling in Netwrck provider

Signed-off-by: u99c389b1b7bfbd23 <u99c389b1b7bfbd23@users.invalid>"
OEvortex/Webscout,d0893b0d99b9c9103bd9e8f172950f00f9d6e10c,2025-08,3,post,2025-08-07T20:09:09+05:30,2025-08-07T20:09:09+05:30,u99c389b1b7bfbd23,u99c389b1b7bfbd23@users.invalid,u99c389b1b7bfbd23,u99c389b1b7bfbd23@users.invalid,1,0,2,0,1,2,0,1,,,,,,0,,refactor(provider): remove samurai provider and clean up imports,refactor(provider): remove samurai provider and clean up imports
OEvortex/Webscout,f05989c23c29ae05c44032a3277e46f196da0df3,2025-08,3,post,2025-08-08T10:15:56+05:30,2025-08-08T10:15:56+05:30,u99c389b1b7bfbd23,u99c389b1b7bfbd23@users.invalid,u99c389b1b7bfbd23,u99c389b1b7bfbd23@users.invalid,1,0,3,40,8,3,40,8,,,,,,0,,feat(provider): add support for gpt-5 model and enhance model aliasing in Copilot,"feat(provider): add support for gpt-5 model and enhance model aliasing in Copilot

Signed-off-by: u99c389b1b7bfbd23 <u99c389b1b7bfbd23@users.invalid>"
OEvortex/Webscout,a26dd3f02ff89f37e4a16fd057fd58dc5d1b37ea,2025-08,3,post,2025-08-09T20:19:35+05:30,2025-08-09T20:19:35+05:30,u99c389b1b7bfbd23,u99c389b1b7bfbd23@users.invalid,u99c389b1b7bfbd23,u99c389b1b7bfbd23@users.invalid,1,0,1,0,90,1,0,90,,,,,,0,,refactor(provider): clean up __all__ exports in __init__.py,"refactor(provider): clean up __all__ exports in __init__.py

Signed-off-by: u99c389b1b7bfbd23 <u99c389b1b7bfbd23@users.invalid>"
OEvortex/Webscout,ab7612216b50383ec115ce86c2799badd10a0daf,2025-08,3,post,2025-08-12T09:42:42+05:30,2025-08-12T09:42:42+05:30,u99c389b1b7bfbd23,u99c389b1b7bfbd23@users.invalid,u99c389b1b7bfbd23,u99c389b1b7bfbd23@users.invalid,1,0,2,2,0,2,2,0,,,,,,0,,feat(provider): add zai-org/GLM-4.5V model to DeepInfra API integration,"feat(provider): add zai-org/GLM-4.5V model to DeepInfra API integration

Signed-off-by: u99c389b1b7bfbd23 <u99c389b1b7bfbd23@users.invalid>"
OEvortex/Webscout,c5d9e2d6cd79533e734457821b6cde9df9abc469,2025-08,3,post,2025-08-12T23:00:08+05:30,2025-08-12T23:00:08+05:30,u99c389b1b7bfbd23,u99c389b1b7bfbd23@users.invalid,u99c389b1b7bfbd23,u99c389b1b7bfbd23@users.invalid,1,0,2,10,4,2,10,4,,,,,,0,,feat(provider): update AVAILABLE_MODELS to include gpt-5 and glm-4.5 in Flowith API,"feat(provider): update AVAILABLE_MODELS to include gpt-5 and glm-4.5 in Flowith API

Signed-off-by: u99c389b1b7bfbd23 <u99c389b1b7bfbd23@users.invalid>"
OEvortex/Webscout,b1820f86ad6afd308ca3c79dc43fa8c3dcea6ebb,2025-08,3,post,2025-08-12T23:26:13+05:30,2025-08-12T23:26:13+05:30,u99c389b1b7bfbd23,u99c389b1b7bfbd23@users.invalid,u99c389b1b7bfbd23,u99c389b1b7bfbd23@users.invalid,1,0,6,7,569,6,7,569,,,,,,0,,refactor(provider): remove Glider provider and clean up imports in OPENAI module,"refactor(provider): remove Glider provider and clean up imports in OPENAI module

Signed-off-by: u99c389b1b7bfbd23 <u99c389b1b7bfbd23@users.invalid>"
OEvortex/Webscout,845243f9721344f9d4533c386684049ff6113dd8,2025-08,3,post,2025-08-15T13:44:07+05:30,2025-08-15T13:44:07+05:30,u99c389b1b7bfbd23,u99c389b1b7bfbd23@users.invalid,u99c389b1b7bfbd23,u99c389b1b7bfbd23@users.invalid,1,0,2,2,0,2,2,0,,,,,,0,,feat(provider): add gpt-oss-120b model to Toolbaz API integration,"feat(provider): add gpt-oss-120b model to Toolbaz API integration

Signed-off-by: u99c389b1b7bfbd23 <u99c389b1b7bfbd23@users.invalid>"
OEvortex/Webscout,5fb739b44ee97017a1ed398666cbc01b70657dfe,2025-08,3,post,2025-08-16T10:10:51+05:30,2025-08-16T10:10:51+05:30,u99c389b1b7bfbd23,u99c389b1b7bfbd23@users.invalid,u99c389b1b7bfbd23,u99c389b1b7bfbd23@users.invalid,1,0,3,305,0,3,305,0,,,,,,0,,feat(provider): add Refact provider and API key generation functionality,"feat(provider): add Refact provider and API key generation functionality

Signed-off-by: u99c389b1b7bfbd23 <u99c389b1b7bfbd23@users.invalid>"
OEvortex/Webscout,5928ff55cb2208ab4aa7164c43657f83735ea2ba,2025-08,3,post,2025-08-16T10:17:21+05:30,2025-08-16T10:17:21+05:30,u99c389b1b7bfbd23,u99c389b1b7bfbd23@users.invalid,u99c389b1b7bfbd23,u99c389b1b7bfbd23@users.invalid,1,0,1,20,2,1,20,2,,,,,,0,,feat(provider): implement fallback API key generation in Refact provider,"feat(provider): implement fallback API key generation in Refact provider

Signed-off-by: u99c389b1b7bfbd23 <u99c389b1b7bfbd23@users.invalid>"
OEvortex/Webscout,b34755a47923ff29ebb0f79a95f89a7a17cb72c7,2025-08,3,post,2025-08-16T10:18:27+05:30,2025-08-16T10:18:27+05:30,u99c389b1b7bfbd23,u99c389b1b7bfbd23@users.invalid,u99c389b1b7bfbd23,u99c389b1b7bfbd23@users.invalid,1,0,1,1,1,1,1,1,,,,,,0,,chore(version): bump version to 8.3.6,"chore(version): bump version to 8.3.6

Signed-off-by: u99c389b1b7bfbd23 <u99c389b1b7bfbd23@users.invalid>"
OEvortex/Webscout,1aae18373e11f82d3f9c02bddce55e06c0b4c9b1,2025-08,3,post,2025-08-18T16:00:23Z,2025-08-18T16:00:23Z,dependabot[bot],49699333+dependabot[bot]@users.noreply.github.com,GitHub,noreply@github.com,1,0,2,2,2,0,0,0,,,,,dependabot,0,,github-actions(deps): bump actions/checkout from 4 to 5,"github-actions(deps): bump actions/checkout from 4 to 5

Bumps [actions/checkout](https://github.com/actions/checkout) from 4 to 5.
- [Release notes](https://github.com/actions/checkout/releases)
- [Changelog](https://github.com/actions/checkout/blob/main/CHANGELOG.md)
- [Commits](https://github.com/actions/checkout/compare/v4...v5)

---
updated-dependencies:
- dependency-name: actions/checkout
  dependency-version: '5'
  dependency-type: direct:production
  update-type: version-update:semver-major
...

Signed-off-by: dependabot[bot] <support@github.com>"
OEvortex/Webscout,4bd98da26d72d833aa9e01127e6e0bad316adf05,2025-08,3,post,2025-08-18T23:37:42+05:30,2025-08-18T23:37:42+05:30,uc74c24cf93966045,uc74c24cf93966045@users.invalid,GitHub,noreply@github.com,2,1,0,0,0,0,0,0,,,,,,0,83,Merge pull request #83 from OEvortex/dependabot/github_actions/actions/checkout-5,"Merge pull request #83 from OEvortex/dependabot/github_actions/actions/checkout-5

github-actions(deps): bump actions/checkout from 4 to 5"
OEvortex/Webscout,a2c83ec45b21d430642d1427cfede6e12089b0a7,2025-08,3,post,2025-08-20T22:57:44+05:30,2025-08-20T22:57:44+05:30,u99c389b1b7bfbd23,u99c389b1b7bfbd23@users.invalid,u99c389b1b7bfbd23,u99c389b1b7bfbd23@users.invalid,1,0,1,154,55,1,154,55,,,,,,0,,feat(provider): enhance ChatGLM API integration with model fetching and authentication,"feat(provider): enhance ChatGLM API integration with model fetching and authentication

Signed-off-by: u99c389b1b7bfbd23 <u99c389b1b7bfbd23@users.invalid>"
OEvortex/Webscout,d919b7c3c2b18d22961e1bfaef252ac532b6b954,2025-08,3,post,2025-08-20T23:17:26+05:30,2025-08-20T23:17:26+05:30,u99c389b1b7bfbd23,u99c389b1b7bfbd23@users.invalid,u99c389b1b7bfbd23,u99c389b1b7bfbd23@users.invalid,1,0,1,41,28,1,41,28,,,,,,0,,feat(provider): update ChatGLM API integration with enhanced model support and cookie management,"feat(provider): update ChatGLM API integration with enhanced model support and cookie management

Signed-off-by: u99c389b1b7bfbd23 <u99c389b1b7bfbd23@users.invalid>"
OEvortex/Webscout,6628c50dfcdcb274bdd5b32289af76460136c6c1,2025-08,3,post,2025-08-20T23:21:53+05:30,2025-08-20T23:21:53+05:30,u99c389b1b7bfbd23,u99c389b1b7bfbd23@users.invalid,u99c389b1b7bfbd23,u99c389b1b7bfbd23@users.invalid,1,0,1,90,157,1,90,157,,,,,,0,,feat(provider): refactor ChatGLM API integration with improved session handling and response processing,"feat(provider): refactor ChatGLM API integration with improved session handling and response processing

Signed-off-by: u99c389b1b7bfbd23 <u99c389b1b7bfbd23@users.invalid>"
OEvortex/Webscout,cc428bbca293ec1c34bb597310972fbf64548d4b,2025-08,3,post,2025-08-20T23:25:35+05:30,2025-08-20T23:25:35+05:30,u99c389b1b7bfbd23,u99c389b1b7bfbd23@users.invalid,u99c389b1b7bfbd23,u99c389b1b7bfbd23@users.invalid,1,0,1,8,15,1,8,15,,,,,,0,,feat(provider): improve content extraction logic in ChatGLM API response handling,"feat(provider): improve content extraction logic in ChatGLM API response handling

Signed-off-by: u99c389b1b7bfbd23 <u99c389b1b7bfbd23@users.invalid>"
OEvortex/Webscout,3213af471545cba77804228c2f11594f428805c6,2025-08,3,post,2025-08-20T23:30:59+05:30,2025-08-20T23:30:59+05:30,u99c389b1b7bfbd23,u99c389b1b7bfbd23@users.invalid,u99c389b1b7bfbd23,u99c389b1b7bfbd23@users.invalid,1,0,1,18,9,1,18,9,,,,,,0,,feat(provider): implement glm_content_extractor for improved content handling in ChatGLM API response,"feat(provider): implement glm_content_extractor for improved content handling in ChatGLM API response

Signed-off-by: u99c389b1b7bfbd23 <u99c389b1b7bfbd23@users.invalid>"
OEvortex/Webscout,5067f89ca5ae5f0f83d46963a330b6c2ef7f3829,2025-08,3,post,2025-08-21T18:49:14+05:30,2025-08-21T18:49:14+05:30,u99c389b1b7bfbd23,u99c389b1b7bfbd23@users.invalid,u99c389b1b7bfbd23,u99c389b1b7bfbd23@users.invalid,1,0,1,47,25,1,47,25,,,,,,0,,feat(provider): enhance streaming response handling with improved content extraction and reasoning support,"feat(provider): enhance streaming response handling with improved content extraction and reasoning support

Signed-off-by: u99c389b1b7bfbd23 <u99c389b1b7bfbd23@users.invalid>"
OEvortex/Webscout,9f0691006cc2ceea0a11573285925c07e913de30,2025-08,3,post,2025-08-21T19:10:12+05:30,2025-08-21T19:10:12+05:30,u99c389b1b7bfbd23,u99c389b1b7bfbd23@users.invalid,u99c389b1b7bfbd23,u99c389b1b7bfbd23@users.invalid,1,0,1,28,10,1,28,10,,,,,,0,,feat(provider): implement model resolution for improved API format handling,"feat(provider): implement model resolution for improved API format handling

Signed-off-by: u99c389b1b7bfbd23 <u99c389b1b7bfbd23@users.invalid>"
OEvortex/Webscout,65a5e44bb42bbdd7e9217288b7b4b5811fda0e5f,2025-08,3,post,2025-08-22T12:41:03+05:30,2025-08-22T12:41:03+05:30,u99c389b1b7bfbd23,u99c389b1b7bfbd23@users.invalid,u99c389b1b7bfbd23,u99c389b1b7bfbd23@users.invalid,1,0,3,6,1,3,6,1,,,,,,0,,feat(provider): add new model identifiers for DeepSeek and Cerebras APIs,"feat(provider): add new model identifiers for DeepSeek and Cerebras APIs

Signed-off-by: u99c389b1b7bfbd23 <u99c389b1b7bfbd23@users.invalid>"
OEvortex/Webscout,7b03695d815f61b1fa7f897bef91bf0ee631c974,2025-08,3,post,2025-08-22T14:08:43+05:30,2025-08-22T14:08:43+05:30,u99c389b1b7bfbd23,u99c389b1b7bfbd23@users.invalid,u99c389b1b7bfbd23,u99c389b1b7bfbd23@users.invalid,1,0,2,3,0,1,2,0,,,,,,0,,feat(AIutel): add print statements to timeIt decorator for clearer execution time output,"feat(AIutel): add print statements to timeIt decorator for clearer execution time output

Signed-off-by: u99c389b1b7bfbd23 <u99c389b1b7bfbd23@users.invalid>"
OEvortex/Webscout,1ae95759817e190fae077ee79dc63de8c4e38807,2025-08,3,post,2025-08-25T15:22:18+05:30,2025-08-25T15:22:18+05:30,u99c389b1b7bfbd23,u99c389b1b7bfbd23@users.invalid,u99c389b1b7bfbd23,u99c389b1b7bfbd23@users.invalid,1,0,2,11,4,2,11,4,,,,,,0,,feat(provider): add support for OpenAI GPT-5 models in HeckAI,"feat(provider): add support for OpenAI GPT-5 models in HeckAI

Signed-off-by: u99c389b1b7bfbd23 <u99c389b1b7bfbd23@users.invalid>"
OEvortex/Webscout,259c469b1785b81094ce71312991307ad5c14d58,2025-08,3,post,2025-08-28T15:31:25+05:30,2025-08-28T15:31:25+05:30,u99c389b1b7bfbd23,u99c389b1b7bfbd23@users.invalid,u99c389b1b7bfbd23,u99c389b1b7bfbd23@users.invalid,1,0,7,15,6,7,15,6,,,,,,0,,Refactor Gemini and TextPollinationsAI Providers; remove XenAI,"Refactor Gemini and TextPollinationsAI Providers; remove XenAI

- Updated the default model in the GEMINI provider to ""gemini-2.5-flash"".
- Changed the available models in TextPollinationsAI to include ""gemini"" and removed ""glm"".
- Cleaned up the TwoAI provider by removing an unnecessary blank line.
- Deleted the XenAI provider due to redundancy and lack of maintenance.
- Adjusted the YEPCHAT example to set raw parameter to False for better output handling.
- Added a main block to tempid.py for testing phone number generation.
- Introduced a new cookies.json file to manage session cookies.

Signed-off-by: u99c389b1b7bfbd23 <u99c389b1b7bfbd23@users.invalid>"
OEvortex/Webscout,a309a6e5b416aae8d714c4a238304aff1dadab27,2025-09,4,post,2025-09-15T22:22:28+05:30,2025-09-15T22:22:28+05:30,u99c389b1b7bfbd23,u99c389b1b7bfbd23@users.invalid,u99c389b1b7bfbd23,u99c389b1b7bfbd23@users.invalid,1,0,119,1509,11860,119,1509,11860,,,,,,0,,"Add initial implementations for GizAI, Marcus, and Qodo AI providers","Add initial implementations for GizAI, Marcus, and Qodo AI providers

- Implemented GizAI provider with methods for chat and ask functionalities.
- Created Marcus provider with support for streaming responses and conversation history.
- Developed QodoAI provider with session management, model selection, and error handling.
- Each provider includes detailed docstrings and examples for usage.
- Integrated curl_cffi for HTTP requests and response handling.
- Added support for various optimizers and conversation management across providers.

Signed-off-by: u99c389b1b7bfbd23 <u99c389b1b7bfbd23@users.invalid>"
OEvortex/Webscout,52ca63f449c0b92a54df74fd19ca023a134b24b5,2025-09,4,post,2025-09-15T22:26:42+05:30,2025-09-15T22:26:42+05:30,u99c389b1b7bfbd23,u99c389b1b7bfbd23@users.invalid,u99c389b1b7bfbd23,u99c389b1b7bfbd23@users.invalid,1,0,1,1,1,1,1,1,,,,,,0,,chore(version): bump version to 8.3.7,"chore(version): bump version to 8.3.7

Signed-off-by: u99c389b1b7bfbd23 <u99c389b1b7bfbd23@users.invalid>"
OEvortex/Webscout,0bbda5da3ad5b7e6d02d770997ee3762aecf9ebb,2025-09,4,post,2025-09-28T13:32:11+05:30,2025-09-28T13:32:11+05:30,u99c389b1b7bfbd23,u99c389b1b7bfbd23@users.invalid,u99c389b1b7bfbd23,u99c389b1b7bfbd23@users.invalid,1,0,3,2,630,3,2,630,,,,,,0,,feat(provider): add DeepSeek-V3.1-Terminus model to available models,"feat(provider): add DeepSeek-V3.1-Terminus model to available models

Signed-off-by: u99c389b1b7bfbd23 <u99c389b1b7bfbd23@users.invalid>"
OEvortex/Webscout,92c3b0db06b9c3219f29e9371a1b0f6ffd328bf1,2025-09,4,post,2025-09-30T12:33:49+05:30,2025-09-30T12:33:49+05:30,u99c389b1b7bfbd23,u99c389b1b7bfbd23@users.invalid,u99c389b1b7bfbd23,u99c389b1b7bfbd23@users.invalid,1,0,2,615,0,2,615,0,,,,,,0,,feat(provider): implement GMIprovider with chat and completions functionality,"feat(provider): implement GMIprovider with chat and completions functionality

Signed-off-by: u99c389b1b7bfbd23 <u99c389b1b7bfbd23@users.invalid>"
OEvortex/Webscout,efb57fb1ee08ac3655f71aca7a7096d584b2a76a,2025-09,4,post,2025-09-30T12:53:55+05:30,2025-09-30T12:53:55+05:30,u99c389b1b7bfbd23,u99c389b1b7bfbd23@users.invalid,u99c389b1b7bfbd23,u99c389b1b7bfbd23@users.invalid,1,0,6,96,6,6,96,6,,,,,,0,,feat(provider): enhance auto-import functionality to include main class and public attributes,"feat(provider): enhance auto-import functionality to include main class and public attributes

Signed-off-by: u99c389b1b7bfbd23 <u99c389b1b7bfbd23@users.invalid>"
OEvortex/Webscout,9d1f06f0fc5bac26d0adf722cef1e3e7a4e24836,2025-10,5,post,2025-10-02T19:18:12+05:30,2025-10-02T19:18:12+05:30,u99c389b1b7bfbd23,u99c389b1b7bfbd23@users.invalid,u99c389b1b7bfbd23,u99c389b1b7bfbd23@users.invalid,1,0,2,4,0,2,4,0,,,,,,0,,feat(provider): add DeepSeek-V3.2-Exp and GLM-4.6 to available models,"feat(provider): add DeepSeek-V3.2-Exp and GLM-4.6 to available models

Signed-off-by: u99c389b1b7bfbd23 <u99c389b1b7bfbd23@users.invalid>"
OEvortex/Webscout,457f4a87d258fd1632b5ba09f840317ac89572ac,2025-10,5,post,2025-10-02T20:13:59+05:30,2025-10-02T20:13:59+05:30,u99c389b1b7bfbd23,u99c389b1b7bfbd23@users.invalid,u99c389b1b7bfbd23,u99c389b1b7bfbd23@users.invalid,1,0,1,306,0,1,306,0,,,,,,0,,feat(provider): implement Apriel provider for Gradio chat API integration,"feat(provider): implement Apriel provider for Gradio chat API integration

Signed-off-by: u99c389b1b7bfbd23 <u99c389b1b7bfbd23@users.invalid>"
OEvortex/Webscout,43482ed8f9f201b7c186e5eb12cb10a7ebfd6532,2025-10,5,post,2025-10-04T19:12:58+05:30,2025-10-04T19:12:58+05:30,u99c389b1b7bfbd23,u99c389b1b7bfbd23@users.invalid,u99c389b1b7bfbd23,u99c389b1b7bfbd23@users.invalid,1,0,8,632,1100,8,632,1100,,,,,,0,,feat: Update ChatGLM provider to support GLM-4.6 and enhance API request handling,"feat: Update ChatGLM provider to support GLM-4.6 and enhance API request handling

- Added support for GLM-4.6 model in ChatGLM provider.
- Implemented user ID retrieval and cookie management for authentication.
- Enhanced API URL construction with additional parameters for better tracking.
- Updated payload structure to include new features and parameters.
- Improved error handling during API requests.
- Created a new OpenAI-compatible ChatGLM provider with streaming and non-streaming capabilities.
- Bumped version to 8.3.8 in version.py.

Signed-off-by: u99c389b1b7bfbd23 <u99c389b1b7bfbd23@users.invalid>"
OEvortex/Webscout,3ea50eae8bd275c5444f512d10e62ccb9e556759,2025-10,5,post,2025-10-04T23:18:33+05:30,2025-10-04T23:18:33+05:30,u99c389b1b7bfbd23,u99c389b1b7bfbd23@users.invalid,u99c389b1b7bfbd23,u99c389b1b7bfbd23@users.invalid,1,0,1,1,1,0,0,0,,,,,,0,,style(readme): remove extra newline for cleaner formatting,"style(readme): remove extra newline for cleaner formatting

Signed-off-by: u99c389b1b7bfbd23 <u99c389b1b7bfbd23@users.invalid>"
OEvortex/Webscout,80b2db8beefba7a22503b7bd737cf74c1bd85251,2025-10,5,post,2025-10-04T23:21:28+05:30,2025-10-04T23:21:28+05:30,u99c389b1b7bfbd23,u99c389b1b7bfbd23@users.invalid,u99c389b1b7bfbd23,u99c389b1b7bfbd23@users.invalid,1,0,1,2,0,1,2,0,,,,,,0,,feat(provider): add gpt-5-mini and claude-sonnet-4.5 to available models,"feat(provider): add gpt-5-mini and claude-sonnet-4.5 to available models

Signed-off-by: u99c389b1b7bfbd23 <u99c389b1b7bfbd23@users.invalid>"
OEvortex/Webscout,1b46459b96869a5e12de0a2056215f8f0491f296,2025-10,5,post,2025-10-04T23:21:52+05:30,2025-10-04T23:21:52+05:30,u99c389b1b7bfbd23,u99c389b1b7bfbd23@users.invalid,u99c389b1b7bfbd23,u99c389b1b7bfbd23@users.invalid,1,0,1,1,4,1,1,4,,,,,,0,,refactor(GithubChat): remove unused imports for cleaner code,"refactor(GithubChat): remove unused imports for cleaner code

Signed-off-by: u99c389b1b7bfbd23 <u99c389b1b7bfbd23@users.invalid>"
OEvortex/Webscout,f99a6242c46a0a2c314e051fe1d4910fd1697beb,2025-10,5,post,2025-10-09T18:55:24+05:30,2025-10-09T18:55:24+05:30,u99c389b1b7bfbd23,u99c389b1b7bfbd23@users.invalid,u99c389b1b7bfbd23,u99c389b1b7bfbd23@users.invalid,1,0,2,6,0,2,6,0,,,,,,0,,feat(provider): add grok-4-fast and toolbaz-v4.5-fast to available models,"feat(provider): add grok-4-fast and toolbaz-v4.5-fast to available models

Signed-off-by: u99c389b1b7bfbd23 <u99c389b1b7bfbd23@users.invalid>"
OEvortex/Webscout,a7d9dffc5503e6902f634ef464fada4be0930ebc,2025-10,5,post,2025-10-09T21:32:55+05:30,2025-10-09T21:32:55+05:30,u99c389b1b7bfbd23,u99c389b1b7bfbd23@users.invalid,u99c389b1b7bfbd23,u99c389b1b7bfbd23@users.invalid,1,0,1,0,254,1,0,254,,,,,,0,,chore(provider): remove DeepFind API client implementation,"chore(provider): remove DeepFind API client implementation

Signed-off-by: u99c389b1b7bfbd23 <u99c389b1b7bfbd23@users.invalid>"
OEvortex/Webscout,412de8cbd0b2a4b479c4dbac4d66d05e392303b4,2025-10,5,post,2025-10-11T19:34:35+05:30,2025-10-11T19:34:35+05:30,u99c389b1b7bfbd23,u99c389b1b7bfbd23@users.invalid,u99c389b1b7bfbd23,u99c389b1b7bfbd23@users.invalid,1,0,3,338,2,3,338,2,,,,,,0,,feat(provider): add Qwen/Qwen3-Coder-30B-A3B-Instruct model to available models,"feat(provider): add Qwen/Qwen3-Coder-30B-A3B-Instruct model to available models

Signed-off-by: u99c389b1b7bfbd23 <u99c389b1b7bfbd23@users.invalid>"
OEvortex/Webscout,8a87685cbf533fe70a1edfd7d4bd082c790d5f2d,2025-10,5,post,2025-10-11T19:38:54+05:30,2025-10-11T19:38:54+05:30,u99c389b1b7bfbd23,u99c389b1b7bfbd23@users.invalid,u99c389b1b7bfbd23,u99c389b1b7bfbd23@users.invalid,1,0,1,143,0,0,0,0,,,,,,0,,feat(workflow): add GitHub Actions workflow for publishing to PyPI,"feat(workflow): add GitHub Actions workflow for publishing to PyPI

Signed-off-by: u99c389b1b7bfbd23 <u99c389b1b7bfbd23@users.invalid>"
OEvortex/Webscout,931b12a3e3734dad1862234d6cc82688fa495957,2025-10,5,post,2025-10-11T19:45:49+05:30,2025-10-11T19:45:49+05:30,u99c389b1b7bfbd23,u99c389b1b7bfbd23@users.invalid,u99c389b1b7bfbd23,u99c389b1b7bfbd23@users.invalid,1,0,2,0,135,2,0,135,,,,,,0,,chore(init): remove unused tempid module and clean imports,"chore(init): remove unused tempid module and clean imports

Signed-off-by: u99c389b1b7bfbd23 <u99c389b1b7bfbd23@users.invalid>"
OEvortex/Webscout,6d081ccb3994760eca9fd0e9e0dd54452ef96f3d,2025-10,5,post,2025-10-11T14:16:32Z,2025-10-11T14:16:32Z,github-actions[bot],github-actions[bot]@users.noreply.github.com,github-actions[bot],github-actions[bot]@users.noreply.github.com,1,0,1,1,1,1,1,1,,,,,github-actions,0,,🔖 Bump version to 2025.10.11,🔖 Bump version to 2025.10.11
OEvortex/Webscout,594e70554a97a7848a2200595386103ab4b745da,2025-10,5,post,2025-10-13T14:28:58+05:30,2025-10-13T14:28:58+05:30,u99c389b1b7bfbd23,u99c389b1b7bfbd23@users.invalid,u99c389b1b7bfbd23,u99c389b1b7bfbd23@users.invalid,1,0,45,2508,2234,40,2472,2188,,,,,,0,,"feat: Implement DuckDuckGo translation, video, and weather search engines","feat: Implement DuckDuckGo translation, video, and weather search engines

- Added DuckDuckGoTranslate class for handling translation requests.
- Introduced DuckDuckGoVideos class for fetching video search results.
- Created DuckDuckGoWeather class to retrieve weather information.
- Implemented Mojeek search engine with text result handling.
- Added Wikipedia search engine for text-based queries.
- Integrated Yahoo and YahooNews search engines for text and news results.
- Developed Yandex search engine for text queries.
- Established Yep search engine package with text, image, and suggestion functionalities.
- Enhanced HTTP client for improved request handling and error management.
- Defined result models for various search types including text, images, videos, news, and books.
- Created Yep unified search interface for streamlined access to Yep search functionalities.

Signed-off-by: u99c389b1b7bfbd23 <u99c389b1b7bfbd23@users.invalid>"
OEvortex/Webscout,e228ae5d0e67a6b6a4f99e4cf2247547b37fec83,2025-10,5,post,2025-10-13T08:59:36Z,2025-10-13T08:59:36Z,github-actions[bot],github-actions[bot]@users.noreply.github.com,github-actions[bot],github-actions[bot]@users.noreply.github.com,1,0,1,1,1,1,1,1,,,,,github-actions,0,,🔖 Bump version to 2025.10.13,🔖 Bump version to 2025.10.13
OEvortex/Webscout,a8a657f16052685b384a1425113bd8e98510540b,2025-10,5,post,2025-10-14T21:51:08+05:30,2025-10-14T21:51:08+05:30,u99c389b1b7bfbd23,u99c389b1b7bfbd23@users.invalid,u99c389b1b7bfbd23,u99c389b1b7bfbd23@users.invalid,1,0,2,12,3,2,12,3,,,,,,0,,"feat(cli, version): update search imports and implement dynamic versioning","feat(cli, version): update search imports and implement dynamic versioning

Signed-off-by: u99c389b1b7bfbd23 <u99c389b1b7bfbd23@users.invalid>"
OEvortex/Webscout,be9625c745c3470662ffa502ca0b7fb215908f74,2025-10,5,post,2025-10-14T21:53:33+05:30,2025-10-14T21:53:33+05:30,u99c389b1b7bfbd23,u99c389b1b7bfbd23@users.invalid,u99c389b1b7bfbd23,u99c389b1b7bfbd23@users.invalid,2,1,0,0,0,0,0,0,,,,,,0,,chore(version): update version to 2025.10.14 and remove dynamic versioning function,"chore(version): update version to 2025.10.14 and remove dynamic versioning function

Signed-off-by: u99c389b1b7bfbd23 <u99c389b1b7bfbd23@users.invalid>"
OEvortex/Webscout,63527709a4183bc1986b3d1dc9060df9970ddb26,2025-10,5,post,2025-10-14T16:24:20Z,2025-10-14T16:24:20Z,github-actions[bot],github-actions[bot]@users.noreply.github.com,github-actions[bot],github-actions[bot]@users.noreply.github.com,1,0,1,1,1,1,1,1,,,,,github-actions,0,,🔖 Bump version to 2025.10.14.1,🔖 Bump version to 2025.10.14.1
OEvortex/Webscout,1e0eed4e5979fab2e03541cc73df13b2d714eb5e,2025-10,5,post,2025-10-15T13:14:48+05:30,2025-10-15T13:14:48+05:30,u99c389b1b7bfbd23,u99c389b1b7bfbd23@users.invalid,u99c389b1b7bfbd23,u99c389b1b7bfbd23@users.invalid,1,0,22,1234,1559,17,432,1257,,,,,,0,,feat: Implement Bing search engine integration,"feat: Implement Bing search engine integration

- Added Bing unified search interface with support for text, images, news, and suggestions.
- Created base class for Bing search implementations to handle common functionality.
- Developed specific search classes for Bing text, images, news, and suggestions.
- Implemented error handling and response parsing for Bing search results.
- Added documentation for new Bing search functionalities.
- Updated search module to include Bing as a supported search engine.
- Introduced a new method for calculating Euclidean distance in DuckDuckGoMaps.
- Updated versioning in version.py and added a GitHub Actions workflow for release management.
- Created comprehensive search documentation covering usage examples and API reference.

Signed-off-by: u99c389b1b7bfbd23 <u99c389b1b7bfbd23@users.invalid>"
OEvortex/Webscout,2361c9693055705019deeee774efa7f3d186822d,2025-10,5,post,2025-10-15T13:16:21+05:30,2025-10-15T13:16:21+05:30,u99c389b1b7bfbd23,u99c389b1b7bfbd23@users.invalid,u99c389b1b7bfbd23,u99c389b1b7bfbd23@users.invalid,2,1,0,0,0,0,0,0,,,,,,0,,Resolve merge conflict: set version to empty for dynamic update,Resolve merge conflict: set version to empty for dynamic update
OEvortex/Webscout,f4c24070cf75669ac341554cd7d3475d6c05a596,2025-10,5,post,2025-10-15T13:19:25+05:30,2025-10-15T13:19:25+05:30,u99c389b1b7bfbd23,u99c389b1b7bfbd23@users.invalid,u99c389b1b7bfbd23,u99c389b1b7bfbd23@users.invalid,1,0,1,1,1,0,0,0,,,,,,0,,fix(workflow): correct regex for current version extraction,"fix(workflow): correct regex for current version extraction

Signed-off-by: u99c389b1b7bfbd23 <u99c389b1b7bfbd23@users.invalid>"
OEvortex/Webscout,a7eb6a198bc4277f8c895d982f6f731310bfaa6b,2025-10,5,post,2025-10-15T07:50:02Z,2025-10-15T07:50:02Z,github-actions[bot],github-actions[bot]@users.noreply.github.com,github-actions[bot],github-actions[bot]@users.noreply.github.com,1,0,1,1,1,1,1,1,,,,,github-actions,0,,🔖 Bump version to 2025.10.15,🔖 Bump version to 2025.10.15
OEvortex/Webscout,ab8029116cf6b4b337070ae284f7c4615f08fdeb,2025-10,5,post,2025-10-16T11:29:22+05:30,2025-10-16T11:29:22+05:30,u99c389b1b7bfbd23,u99c389b1b7bfbd23@users.invalid,u99c389b1b7bfbd23,u99c389b1b7bfbd23@users.invalid,1,0,64,3723,3632,48,2937,2723,,,,,,0,,Implement Webscout API server with comprehensive error handling and logging,"Implement Webscout API server with comprehensive error handling and logging

- Added API routes for chat completions and image generations.
- Implemented model listing endpoints for chat and TTI models.
- Introduced unified web search endpoint supporting multiple engines.
- Established monitoring routes for request logging and health checks.
- Created error response models and health check response schema.
- Integrated Litlogger for structured logging throughout the application.
- Developed a simple request logger for no-auth mode.
- Configured CORS middleware for cross-origin requests.
- Enhanced Swagger UI with custom footer and branding.
- Added support for streaming and non-streaming responses in chat completions.
- Implemented request validation and error handling mechanisms.

Signed-off-by: u99c389b1b7bfbd23 <u99c389b1b7bfbd23@users.invalid>"
OEvortex/Webscout,16f1bee8e68bd61c6af426a08f45a272ac8f9fb3,2025-10,5,post,2025-10-16T06:00:06Z,2025-10-16T06:00:06Z,github-actions[bot],github-actions[bot]@users.noreply.github.com,github-actions[bot],github-actions[bot]@users.noreply.github.com,1,0,1,1,1,1,1,1,,,,,github-actions,0,,🔖 Bump version to 2025.10.16,🔖 Bump version to 2025.10.16
OEvortex/Webscout,f31ae975193ec2a8f9f64511fb6ba83c51151977,2025-10,5,post,2025-10-17T09:53:42+05:30,2025-10-17T09:53:42+05:30,u99c389b1b7bfbd23,u99c389b1b7bfbd23@users.invalid,u99c389b1b7bfbd23,u99c389b1b7bfbd23@users.invalid,1,0,6,668,4,2,665,0,,,,,,0,,feat: Add Claude Online AI and TTI providers,"feat: Add Claude Online AI and TTI providers

- Add ClaudeOnline provider for AI chat
- Add Claude Online TTI provider for image generation
- Move weather docs to docs/ directory
- Remove bson dependency
- Update release workflow
- Fix README weather link"
OEvortex/Webscout,a3c9e67fab9abfb1f050d9b1f5093930c418ed01,2025-10,5,post,2025-10-17T09:55:41+05:30,2025-10-17T09:55:41+05:30,u99c389b1b7bfbd23,u99c389b1b7bfbd23@users.invalid,u99c389b1b7bfbd23,u99c389b1b7bfbd23@users.invalid,1,0,1,0,0,0,0,0,,,,,,0,,Refactor release workflow to extract specific version changelog; remove bson dependency; delete unused weather documentation; implement ClaudeOnline API for text and image generation with error handling and image upload functionality.,"Refactor release workflow to extract specific version changelog; remove bson dependency; delete unused weather documentation; implement ClaudeOnline API for text and image generation with error handling and image upload functionality.

Signed-off-by: u99c389b1b7bfbd23 <u99c389b1b7bfbd23@users.invalid>"
OEvortex/Webscout,7d9b2b329827f412cacb6bf548d008c31a1ab2bd,2025-10,5,post,2025-10-17T04:26:25Z,2025-10-17T04:26:25Z,github-actions[bot],github-actions[bot]@users.noreply.github.com,github-actions[bot],github-actions[bot]@users.noreply.github.com,1,0,1,1,1,1,1,1,,,,,github-actions,0,,🔖 Bump version to 2025.10.17,🔖 Bump version to 2025.10.17
OEvortex/Webscout,06782c037f6d5a4b8955c8823ff2de763235d2be,2025-10,5,post,2025-10-18T15:43:30+05:30,2025-10-18T15:43:30+05:30,u99c389b1b7bfbd23,u99c389b1b7bfbd23@users.invalid,u99c389b1b7bfbd23,u99c389b1b7bfbd23@users.invalid,1,0,2,370,199,2,370,199,,,,,,0,,feat: Update TogetherAI provider to use chat.together.ai and add Gradient provider,feat: Update TogetherAI provider to use chat.together.ai and add Gradient provider
OEvortex/Webscout,8cb7df8c98ce384ccd20701980a375012f6ce71e,2025-10,5,post,2025-10-18T15:43:58+05:30,2025-10-18T15:43:58+05:30,u99c389b1b7bfbd23,u99c389b1b7bfbd23@users.invalid,u99c389b1b7bfbd23,u99c389b1b7bfbd23@users.invalid,1,0,1,0,0,0,0,0,,,,,,0,,chore: Update changelog for version 2025.10.18,chore: Update changelog for version 2025.10.18
OEvortex/Webscout,9f01394ed9d79f1fd76fc8277b884daf4dcfd6e0,2025-10,5,post,2025-10-18T10:14:49Z,2025-10-18T10:14:49Z,github-actions[bot],github-actions[bot]@users.noreply.github.com,github-actions[bot],github-actions[bot]@users.noreply.github.com,1,0,1,1,1,1,1,1,,,,,github-actions,0,,🔖 Bump version to 2025.10.18,🔖 Bump version to 2025.10.18
OEvortex/Webscout,6b96624828e1c13c2e4d2282915fd55d20485c27,2025-10,5,post,2025-10-19T17:53:26+05:30,2025-10-19T17:53:26+05:30,u99c389b1b7bfbd23,u99c389b1b7bfbd23@users.invalid,u99c389b1b7bfbd23,u99c389b1b7bfbd23@users.invalid,1,0,2,662,0,2,662,0,,,,,,0,,"feat: Implement DeepAI chat provider with streaming and non-streaming support, conversation history management, and error handling","feat: Implement DeepAI chat provider with streaming and non-streaming support, conversation history management, and error handling"
OEvortex/Webscout,ff02b170f1b414b83d1bfc81bdf5659690035e96,2025-10,5,post,2025-10-19T17:53:30+05:30,2025-10-19T17:53:30+05:30,u99c389b1b7bfbd23,u99c389b1b7bfbd23@users.invalid,u99c389b1b7bfbd23,u99c389b1b7bfbd23@users.invalid,2,1,0,0,0,0,0,0,,,,,,0,,Merge branch 'main' of https://github.com/h182d2e74e7f2a8a0/Webscout,Merge branch 'main' of https://github.com/h182d2e74e7f2a8a0/Webscout
OEvortex/Webscout,345dbf6c2f7b425171135085a8c444af62c036e7,2025-10,5,post,2025-10-19T12:24:19Z,2025-10-19T12:24:19Z,github-actions[bot],github-actions[bot]@users.noreply.github.com,github-actions[bot],github-actions[bot]@users.noreply.github.com,1,0,1,1,1,1,1,1,,,,,github-actions,0,,🔖 Bump version to 2025.10.19,🔖 Bump version to 2025.10.19
OEvortex/Webscout,ef58c6c4ea9498bc63e60193841881e842f87933,2025-10,5,post,2025-10-19T18:11:55+05:30,2025-10-19T18:11:55+05:30,u99c389b1b7bfbd23,u99c389b1b7bfbd23@users.invalid,u99c389b1b7bfbd23,u99c389b1b7bfbd23@users.invalid,1,0,1,2,4,1,2,4,,,,,,0,,fix: Remove impersonation header from DeepAI API requests for compatibility,fix: Remove impersonation header from DeepAI API requests for compatibility
OEvortex/Webscout,1fe6d72b5580af51c4a940ce76ff80ae806a3914,2025-10,5,post,2025-10-19T18:11:59+05:30,2025-10-19T18:11:59+05:30,u99c389b1b7bfbd23,u99c389b1b7bfbd23@users.invalid,u99c389b1b7bfbd23,u99c389b1b7bfbd23@users.invalid,2,1,0,0,0,0,0,0,,,,,,0,,Merge branch 'main' of https://github.com/h182d2e74e7f2a8a0/Webscout,Merge branch 'main' of https://github.com/h182d2e74e7f2a8a0/Webscout
OEvortex/Webscout,d88e2bc836945ab0b16bc59334f7fb12b5e8e34f,2025-10,5,post,2025-10-19T12:42:47Z,2025-10-19T12:42:47Z,github-actions[bot],github-actions[bot]@users.noreply.github.com,github-actions[bot],github-actions[bot]@users.noreply.github.com,1,0,1,1,1,1,1,1,,,,,github-actions,0,,🔖 Bump version to 2025.10.19.1,🔖 Bump version to 2025.10.19.1
OEvortex/Webscout,9e696fa3fc25adc50ac4cd0566593e184595ff71,2025-10,5,post,2025-10-19T18:24:16+05:30,2025-10-19T18:24:16+05:30,u99c389b1b7bfbd23,u99c389b1b7bfbd23@users.invalid,u99c389b1b7bfbd23,u99c389b1b7bfbd23@users.invalid,1,0,2,21,231,0,0,0,,,,,,0,,fixed issue,fixed issue
OEvortex/Webscout,31390f084a0f8f5505db41e886dbd933e8d60b56,2025-10,5,post,2025-10-19T18:24:22+05:30,2025-10-19T18:24:22+05:30,u99c389b1b7bfbd23,u99c389b1b7bfbd23@users.invalid,u99c389b1b7bfbd23,u99c389b1b7bfbd23@users.invalid,2,1,0,0,0,0,0,0,,,,,,0,,Merge branch 'main' of https://github.com/h182d2e74e7f2a8a0/Webscout,Merge branch 'main' of https://github.com/h182d2e74e7f2a8a0/Webscout
OEvortex/Webscout,630ef9bf1158beffcf7072ee51cd37d0fe5b3925,2025-10,5,post,2025-10-19T12:55:12Z,2025-10-19T12:55:12Z,github-actions[bot],github-actions[bot]@users.noreply.github.com,github-actions[bot],github-actions[bot]@users.noreply.github.com,1,0,1,1,1,1,1,1,,,,,github-actions,0,,🔖 Bump version to 2025.10.19.2,🔖 Bump version to 2025.10.19.2
OEvortex/Webscout,d007634178112fc12e6361e5f57b40e5f51705a7,2025-10,5,post,2025-10-19T18:53:36+05:30,2025-10-19T18:53:36+05:30,u99c389b1b7bfbd23,u99c389b1b7bfbd23@users.invalid,u99c389b1b7bfbd23,u99c389b1b7bfbd23@users.invalid,1,0,1,145,57,1,145,57,,,,,,0,,refactor: Clean up DeepAI provider code and enhance proxy handling,refactor: Clean up DeepAI provider code and enhance proxy handling
OEvortex/Webscout,9b747061c8715f627229dc9a9ec85c7bee4fe98c,2025-10,5,post,2025-10-19T18:53:39+05:30,2025-10-19T18:53:39+05:30,u99c389b1b7bfbd23,u99c389b1b7bfbd23@users.invalid,u99c389b1b7bfbd23,u99c389b1b7bfbd23@users.invalid,2,1,0,0,0,0,0,0,,,,,,0,,Merge branch 'main' of https://github.com/h182d2e74e7f2a8a0/Webscout,Merge branch 'main' of https://github.com/h182d2e74e7f2a8a0/Webscout
OEvortex/Webscout,3a80249116db628dd49d3472b07d4a6dce6cccc4,2025-10,5,post,2025-10-19T13:24:25Z,2025-10-19T13:24:25Z,github-actions[bot],github-actions[bot]@users.noreply.github.com,github-actions[bot],github-actions[bot]@users.noreply.github.com,1,0,1,1,1,1,1,1,,,,,github-actions,0,,🔖 Bump version to 2025.10.19.3,🔖 Bump version to 2025.10.19.3
OEvortex/Webscout,23846d4a555aa6e5becb044334b01e90d1037108,2025-10,5,post,2025-10-22T11:48:43+05:30,2025-10-22T11:48:43+05:30,u99c389b1b7bfbd23,u99c389b1b7bfbd23@users.invalid,u99c389b1b7bfbd23,u99c389b1b7bfbd23@users.invalid,1,0,11,19,841,9,17,839,,,,,,0,,chore: Update version to 2025.10.22 and enhance changelog formatting,chore: Update version to 2025.10.22 and enhance changelog formatting
OEvortex/Webscout,2bad3e5e6c0a514d1f9bd5cb83d6c0dcb287612c,2025-10,5,post,2025-10-22T06:19:34Z,2025-10-22T06:19:34Z,github-actions[bot],github-actions[bot]@users.noreply.github.com,github-actions[bot],github-actions[bot]@users.noreply.github.com,1,0,1,1,1,1,1,1,,,,,github-actions,0,,🔖 Bump version to 2025.10.22.1,🔖 Bump version to 2025.10.22.1
OEvortex/Webscout,17fc95697660c79468b7daff238879ff4cff8fe1,2025-10,5,post,2025-10-27T11:13:27Z,2025-10-27T11:13:27Z,dependabot[bot],49699333+dependabot[bot]@users.noreply.github.com,GitHub,noreply@github.com,1,0,1,1,1,0,0,0,,,,,dependabot,0,,github-actions(deps): bump actions/upload-artifact from 4 to 5,"github-actions(deps): bump actions/upload-artifact from 4 to 5

Bumps [actions/upload-artifact](https://github.com/actions/upload-artifact) from 4 to 5.
- [Release notes](https://github.com/actions/upload-artifact/releases)
- [Commits](https://github.com/actions/upload-artifact/compare/v4...v5)

---
updated-dependencies:
- dependency-name: actions/upload-artifact
  dependency-version: '5'
  dependency-type: direct:production
  update-type: version-update:semver-major
...

Signed-off-by: dependabot[bot] <support@github.com>"
OEvortex/Webscout,9c6c2fd25036c60a0cdbed22e3ac6bb0f73eb16c,2025-10,5,post,2025-10-28T14:22:45+05:30,2025-10-28T14:22:45+05:30,uc74c24cf93966045,uc74c24cf93966045@users.invalid,GitHub,noreply@github.com,2,1,0,0,0,0,0,0,,,,,,0,93,Merge pull request #93 from h182d2e74e7f2a8a0/dependabot/github_actions/actions/upload-artifact-5,"Merge pull request #93 from h182d2e74e7f2a8a0/dependabot/github_actions/actions/upload-artifact-5

github-actions(deps): bump actions/upload-artifact from 4 to 5"
OEvortex/Webscout,8085f6c949b8477cb5c109c6c47ca1d9b7fe3901,2025-11,6,post,2025-11-06T14:08:51+05:30,2025-11-06T14:08:51+05:30,u99c389b1b7bfbd23,u99c389b1b7bfbd23@users.invalid,u99c389b1b7bfbd23,u99c389b1b7bfbd23@users.invalid,1,0,1,1,1,1,1,1,,,,,,0,,fix: Correct escape sequence in ThreeDFont class,fix: Correct escape sequence in ThreeDFont class
OEvortex/Webscout,5c8c404b5a7e26f32bae95f4fabe2594b08dddda,2025-11,6,post,2025-11-06T14:08:55+05:30,2025-11-06T14:08:55+05:30,u99c389b1b7bfbd23,u99c389b1b7bfbd23@users.invalid,u99c389b1b7bfbd23,u99c389b1b7bfbd23@users.invalid,2,1,0,0,0,0,0,0,,,,,,0,,Merge branch 'main' of https://github.com/h182d2e74e7f2a8a0/Webscout,Merge branch 'main' of https://github.com/h182d2e74e7f2a8a0/Webscout
OEvortex/Webscout,96feabf257e031347ffcc442dde3c1670e355062,2025-11,6,post,2025-11-06T08:39:28Z,2025-11-06T08:39:28Z,github-actions[bot],github-actions[bot]@users.noreply.github.com,github-actions[bot],github-actions[bot]@users.noreply.github.com,1,0,1,1,1,1,1,1,,,,,github-actions,0,,🔖 Bump version to 2025.11.6,🔖 Bump version to 2025.11.6
OEvortex/Webscout,a8928a093b92f640171fd949ae632b9d940cc151,2025-11,6,post,2025-11-06T15:40:46+05:30,2025-11-06T15:40:46+05:30,u99c389b1b7bfbd23,u99c389b1b7bfbd23@users.invalid,u99c389b1b7bfbd23,u99c389b1b7bfbd23@users.invalid,1,0,2,0,623,2,0,623,,,,,,0,,chore: Remove GMI provider,chore: Remove GMI provider
OEvortex/Webscout,2c68878f6a6590fc1be00cc53eaffef397538407,2025-11,6,post,2025-11-06T15:41:53+05:30,2025-11-06T15:41:53+05:30,u99c389b1b7bfbd23,u99c389b1b7bfbd23@users.invalid,u99c389b1b7bfbd23,u99c389b1b7bfbd23@users.invalid,1,0,1,0,0,0,0,0,,,,,,0,,chore: Update changelog for version 2025.11.06,chore: Update changelog for version 2025.11.06
OEvortex/Webscout,cb51c07ddd372eb11a0a9f14a922e544e7ce8464,2025-11,6,post,2025-11-06T15:41:57+05:30,2025-11-06T15:41:57+05:30,u99c389b1b7bfbd23,u99c389b1b7bfbd23@users.invalid,u99c389b1b7bfbd23,u99c389b1b7bfbd23@users.invalid,2,1,0,0,0,0,0,0,,,,,,0,,Merge branch 'main' of https://github.com/h182d2e74e7f2a8a0/Webscout,Merge branch 'main' of https://github.com/h182d2e74e7f2a8a0/Webscout
OEvortex/Webscout,e5df5e4f5e6f71f01451750c0f6c6835a5be70cf,2025-11,6,post,2025-11-06T10:12:32Z,2025-11-06T10:12:32Z,github-actions[bot],github-actions[bot]@users.noreply.github.com,github-actions[bot],github-actions[bot]@users.noreply.github.com,1,0,1,1,1,1,1,1,,,,,github-actions,0,,🔖 Bump version to 2025.11.6.1,🔖 Bump version to 2025.11.6.1
OEvortex/Webscout,fda31b28894c0a7fb62216cb4a60f1c0a01e6f77,2025-11,6,post,2025-11-07T11:26:19+05:30,2025-11-07T11:26:19+05:30,u99c389b1b7bfbd23,u99c389b1b7bfbd23@users.invalid,u99c389b1b7bfbd23,u99c389b1b7bfbd23@users.invalid,1,0,5,2,1084,5,2,1084,,,,,,0,,Checkpoint from VS Code for coding agent session,Checkpoint from VS Code for coding agent session
OEvortex/Webscout,438263814e3a31dfb555cdb30d35345b242caea2,2025-11,6,post,2025-11-07T06:04:59Z,2025-11-07T06:04:59Z,copilot-swe-agent[bot],198982749+Copilot@users.noreply.github.com,copilot-swe-agent[bot],198982749+Copilot@users.noreply.github.com,1,0,2,371,11,0,0,0,,B,copilot,identity,copilot-swe-agent,0,,feat: Replace GitHub Copilot API with free Pollinations.ai for changelog generation,"feat: Replace GitHub Copilot API with free Pollinations.ai for changelog generation

Co-authored-by: uc74c24cf93966045 <uc74c24cf93966045@users.invalid>"
OEvortex/Webscout,123c5d0f9b386f62481ce32216390a3025b411f2,2025-11,6,post,2025-11-07T06:09:15Z,2025-11-07T06:09:15Z,copilot-swe-agent[bot],198982749+Copilot@users.noreply.github.com,copilot-swe-agent[bot],198982749+Copilot@users.noreply.github.com,1,0,1,6,4,0,0,0,,B,copilot,identity,copilot-swe-agent,0,,fix: Use streaming mode for AI changelog generation for better reliability,"fix: Use streaming mode for AI changelog generation for better reliability

Co-authored-by: uc74c24cf93966045 <uc74c24cf93966045@users.invalid>"
OEvortex/Webscout,dccb94c1f56cb64a0e846965e5ea2bc589bdda9a,2025-11,6,post,2025-11-07T06:11:12Z,2025-11-07T06:11:12Z,copilot-swe-agent[bot],198982749+Copilot@users.noreply.github.com,copilot-swe-agent[bot],198982749+Copilot@users.noreply.github.com,1,0,2,12,5,0,0,0,,B,copilot,identity,copilot-swe-agent,0,,fix: Address code review comments - improve error handling and documentation,"fix: Address code review comments - improve error handling and documentation

Co-authored-by: uc74c24cf93966045 <uc74c24cf93966045@users.invalid>"
OEvortex/Webscout,48bbd517279d864e573c54122e89390587a0938a,2025-11,6,post,2025-11-07T11:45:06+05:30,2025-11-07T11:45:06+05:30,uc74c24cf93966045,uc74c24cf93966045@users.invalid,GitHub,noreply@github.com,2,1,0,0,0,0,0,0,,B,copilot,branch,,0,94,Merge pull request #94 from h182d2e74e7f2a8a0/copilot/sharp-fowl,"Merge pull request #94 from h182d2e74e7f2a8a0/copilot/sharp-fowl

[WIP] Update workflows to auto-generate changelogs with GitHub Copilot"
OEvortex/Webscout,bd26ec6ee7276010b9d87cb91bc6e4ac4a65c3bb,2025-11,6,post,2025-11-07T06:15:43Z,2025-11-07T06:15:43Z,github-actions[bot],github-actions[bot]@users.noreply.github.com,github-actions[bot],github-actions[bot]@users.noreply.github.com,1,0,1,1,1,1,1,1,,,,,github-actions,0,,🔖 Bump version to 2025.11.7,🔖 Bump version to 2025.11.7
OEvortex/Webscout,8465eca2ddf45bcd007c1e161a252e61d0b710b2,2025-11,6,post,2025-11-07T11:46:26+05:30,2025-11-07T11:46:26+05:30,u99c389b1b7bfbd23,u99c389b1b7bfbd23@users.invalid,u99c389b1b7bfbd23,u99c389b1b7bfbd23@users.invalid,1,0,1,0,209,0,0,0,,,,,,0,,chore: Remove AI_CHANGELOG.md as part of repository cleanup,chore: Remove AI_CHANGELOG.md as part of repository cleanup
OEvortex/Webscout,de9d15f81b718e6a42de32bf60e509461ae485ca,2025-11,6,post,2025-11-07T11:46:29+05:30,2025-11-07T11:46:29+05:30,u99c389b1b7bfbd23,u99c389b1b7bfbd23@users.invalid,u99c389b1b7bfbd23,u99c389b1b7bfbd23@users.invalid,2,1,0,0,0,0,0,0,,,,,,0,,Merge branch 'main' of https://github.com/h182d2e74e7f2a8a0/Webscout,Merge branch 'main' of https://github.com/h182d2e74e7f2a8a0/Webscout
OEvortex/Webscout,26719478423195b293fd712c479899522e35f610,2025-11,6,post,2025-11-16T13:08:36+05:30,2025-11-16T13:08:36+05:30,u99c389b1b7bfbd23,u99c389b1b7bfbd23@users.invalid,u99c389b1b7bfbd23,u99c389b1b7bfbd23@users.invalid,1,0,14,503,284,10,438,107,,,,,,0,,"Update project references, enhance IBM provider, and refine streaming logic","Update project references, enhance IBM provider, and refine streaming logic

- Updated repository links in README.md to reflect new ownership.
- Added CHANGELOG.md to MANIFEST.in for better release tracking.
- Modified HeckAI and K2Think providers to improve response handling and streaming options.
- Enhanced the TextPollinationsAI and Venice providers by updating available models.
- Introduced a new IBM provider for interacting with the IBM Granite Playground API, including streaming support and content extraction.
- Refined sanitize_stream functionality to better handle content extraction and error management."
OEvortex/Webscout,d7c7408163f5acb3271cdab92d7021d39a527de4,2025-11,6,post,2025-11-16T07:39:18Z,2025-11-16T07:39:18Z,github-actions[bot],github-actions[bot]@users.noreply.github.com,github-actions[bot],github-actions[bot]@users.noreply.github.com,1,0,1,1,1,1,1,1,,,,,github-actions,0,,🔖 Bump version to 2025.11.16,🔖 Bump version to 2025.11.16
OEvortex/Webscout,7df5489cafd81fa5d071f363687527fc16354c52,2025-11,6,post,2025-11-16T13:30:55+05:30,2025-11-16T13:30:55+05:30,u99c389b1b7bfbd23,u99c389b1b7bfbd23@users.invalid,u99c389b1b7bfbd23,u99c389b1b7bfbd23@users.invalid,1,0,2,28,10,0,0,0,,,,,,0,,feat: enhance changelog parsing to support multiple version formats and normalize version strings,feat: enhance changelog parsing to support multiple version formats and normalize version strings
OEvortex/Webscout,d5857ae891e51ead25d47982f581a4a5bf345bce,2025-11,6,post,2025-11-16T13:30:59+05:30,2025-11-16T13:30:59+05:30,u99c389b1b7bfbd23,u99c389b1b7bfbd23@users.invalid,u99c389b1b7bfbd23,u99c389b1b7bfbd23@users.invalid,2,1,0,0,0,0,0,0,,,,,,0,,Merge branch 'main' of https://github.com/h182d2e74e7f2a8a0/Webscout,Merge branch 'main' of https://github.com/h182d2e74e7f2a8a0/Webscout
OEvortex/Webscout,18bbcfdef4157e2c95c319139fb593762d3f0196,2025-11,6,post,2025-11-17T13:43:24+05:30,2025-11-17T13:43:24+05:30,u99c389b1b7bfbd23,u99c389b1b7bfbd23@users.invalid,u99c389b1b7bfbd23,u99c389b1b7bfbd23@users.invalid,1,0,15,249,37,6,199,29,,,,,,0,,feat: update changelog with recent swiftcli enhancements and fixes; add maintenance notes to documentation,feat: update changelog with recent swiftcli enhancements and fixes; add maintenance notes to documentation
OEvortex/Webscout,aaa56041e0f8b746350822e7b6dc78c607c54b83,2025-11,6,post,2025-11-17T08:14:02Z,2025-11-17T08:14:02Z,github-actions[bot],github-actions[bot]@users.noreply.github.com,github-actions[bot],github-actions[bot]@users.noreply.github.com,1,0,1,1,1,1,1,1,,,,,github-actions,0,,🔖 Bump version to 2025.11.17,🔖 Bump version to 2025.11.17
OEvortex/Webscout,82e3bf57052fdcd413e26b5365c955b2ed7b29d2,2025-11,6,post,2025-11-19T01:23:02+05:30,2025-11-19T01:23:02+05:30,u99c389b1b7bfbd23,u99c389b1b7bfbd23@users.invalid,u99c389b1b7bfbd23,u99c389b1b7bfbd23@users.invalid,1,0,16,157,183,15,151,183,,,,,,0,,"feat: Add multiple search engine integrations (Yep, DuckDuckGo, Bing, Yahoo), Gemini and Bard AI providers, and core utilities.","feat: Add multiple search engine integrations (Yep, DuckDuckGo, Bing, Yahoo), Gemini and Bard AI providers, and core utilities."
OEvortex/Webscout,566a02ce23ea4f58ffd43dde9e0f1dbd9a35cae3,2025-11,6,post,2025-11-18T19:53:48Z,2025-11-18T19:53:48Z,github-actions[bot],github-actions[bot]@users.noreply.github.com,github-actions[bot],github-actions[bot]@users.noreply.github.com,1,0,1,1,1,1,1,1,,,,,github-actions,0,,🔖 Bump version to 2025.11.18,🔖 Bump version to 2025.11.18
OEvortex/Webscout,e7864c5de004d0a38c5a6cef0dfa07705b7f9610,2025-11,6,post,2025-11-19T18:38:06+05:30,2025-11-19T18:38:06+05:30,u99c389b1b7bfbd23,u99c389b1b7bfbd23@users.invalid,u99c389b1b7bfbd23,u99c389b1b7bfbd23@users.invalid,1,0,19,1010,599,18,1000,599,,,,,,0,,Enhance Providers with raw response handling and update TogetherAI authentication,"Enhance Providers with raw response handling and update TogetherAI authentication

- Added `raw` parameter to multiple Providers (OpenAI, TogetherAI, AkashGPT, Elmo, Hermes, oivscode, SearchChatAI, SonusAI) to allow raw response streaming.
- Updated TogetherAI to require authentication.
- Improved error handling and response processing across Providers.
- Introduced new Algion Provider for interaction with the Algion API, including model support and conversation management."
OEvortex/Webscout,bb612105e4e3df8e66784ce522b01380d640e26d,2025-11,6,post,2025-11-19T13:08:51Z,2025-11-19T13:08:51Z,github-actions[bot],github-actions[bot]@users.noreply.github.com,github-actions[bot],github-actions[bot]@users.noreply.github.com,1,0,1,1,1,1,1,1,,,,,github-actions,0,,🔖 Bump version to 2025.11.19,🔖 Bump version to 2025.11.19
OEvortex/Webscout,6a5b8955085abd4a6516eb09ca35220c789f343b,2025-11,6,post,2025-11-20T10:40:12+05:30,2025-11-20T10:40:12+05:30,u99c389b1b7bfbd23,u99c389b1b7bfbd23@users.invalid,u99c389b1b7bfbd23,u99c389b1b7bfbd23@users.invalid,1,0,3,181,141,2,168,141,,,,,,0,,"feat: Enhance sanitization and processing utilities with improved error handling, type hints, and raw mode support","feat: Enhance sanitization and processing utilities with improved error handling, type hints, and raw mode support"
OEvortex/Webscout,e74117da15afca2de602c2ad4a211a04034322d9,2025-11,6,post,2025-11-20T05:10:47Z,2025-11-20T05:10:47Z,github-actions[bot],github-actions[bot]@users.noreply.github.com,github-actions[bot],github-actions[bot]@users.noreply.github.com,1,0,1,1,1,1,1,1,,,,,github-actions,0,,🔖 Bump version to 2025.11.20,🔖 Bump version to 2025.11.20
OEvortex/Webscout,9e4a56ca6fe52bda130dde91f14b74b2b9a9403d,2025-11,6,post,2025-11-20T15:42:14+05:30,2025-11-20T15:42:14+05:30,u99c389b1b7bfbd23,u99c389b1b7bfbd23@users.invalid,u99c389b1b7bfbd23,u99c389b1b7bfbd23@users.invalid,1,0,6,307,8,3,290,8,,,,,,0,,fixed some bugs and planing for big update,"fixed some bugs and planing for big update

Signed-off-by: u99c389b1b7bfbd23 <u99c389b1b7bfbd23@users.invalid>"
OEvortex/Webscout,85cee7d700996ea04e4a9e2322e4e0977579fe9c,2025-11,6,post,2025-11-20T10:12:50Z,2025-11-20T10:12:50Z,github-actions[bot],github-actions[bot]@users.noreply.github.com,github-actions[bot],github-actions[bot]@users.noreply.github.com,1,0,1,1,1,1,1,1,,,,,github-actions,0,,🔖 Bump version to 2025.11.20.1,🔖 Bump version to 2025.11.20.1
OEvortex/Webscout,6ce1e2a5f182b1b0dcfae1a0157498629f465dfe,2025-11,6,post,2025-11-20T15:47:01+05:30,2025-11-20T15:47:01+05:30,u99c389b1b7bfbd23,u99c389b1b7bfbd23@users.invalid,u99c389b1b7bfbd23,u99c389b1b7bfbd23@users.invalid,1,0,1,0,244,1,0,244,,,,,,0,,refactor: Remove legacy format converters to streamline codebase,refactor: Remove legacy format converters to streamline codebase
OEvortex/Webscout,5c5c7f7d88bcbcc7297b1dfc5d0f588b60f2cef0,2025-11,6,post,2025-11-20T10:17:47Z,2025-11-20T10:17:47Z,github-actions[bot],github-actions[bot]@users.noreply.github.com,github-actions[bot],github-actions[bot]@users.noreply.github.com,1,0,1,1,1,1,1,1,,,,,github-actions,0,,🔖 Bump version to 2025.11.20.2,🔖 Bump version to 2025.11.20.2
OEvortex/Webscout,fdfc5f1171fc3e8b2cdf64148722b1898b456c50,2025-11,6,post,2025-11-21T08:37:17Z,2025-11-21T08:37:17Z,copilot-swe-agent[bot],198982749+Copilot@users.noreply.github.com,copilot-swe-agent[bot],198982749+Copilot@users.noreply.github.com,1,0,0,0,0,0,0,0,,B,copilot,identity,copilot-swe-agent,0,,Initial plan,Initial plan
OEvortex/Webscout,574185d8f5af8949ab355e1725ffdc712d5ac014,2025-11,6,post,2025-11-21T08:45:30Z,2025-11-21T08:45:30Z,copilot-swe-agent[bot],198982749+Copilot@users.noreply.github.com,copilot-swe-agent[bot],198982749+Copilot@users.noreply.github.com,1,0,3,245,77,3,245,77,,B,copilot,identity,copilot-swe-agent,0,,Fix Together AI 404 error by maintaining consistent fingerprints,"Fix Together AI 404 error by maintaining consistent fingerprints

Co-authored-by: uc74c24cf93966045 <uc74c24cf93966045@users.invalid>"
OEvortex/Webscout,f544b8f44782493fb1316b6c95e8c99a450236d9,2025-11,6,post,2025-11-21T08:47:50Z,2025-11-21T08:47:50Z,copilot-swe-agent[bot],198982749+Copilot@users.noreply.github.com,copilot-swe-agent[bot],198982749+Copilot@users.noreply.github.com,1,0,1,1,1,1,1,1,,B,copilot,identity,copilot-swe-agent,0,,Add defensive check for random_id in TTI together.py,"Add defensive check for random_id in TTI together.py

Co-authored-by: uc74c24cf93966045 <uc74c24cf93966045@users.invalid>"
OEvortex/Webscout,31119961b66ee3b76d40e8a8720b5e5b29a4548e,2025-11,6,post,2025-11-21T08:49:23Z,2025-11-21T08:49:23Z,copilot-swe-agent[bot],198982749+Copilot@users.noreply.github.com,copilot-swe-agent[bot],198982749+Copilot@users.noreply.github.com,1,0,1,1,1,1,1,1,,B,copilot;codex,identity,copilot-swe-agent,0,,Add defensive check for random_id in OPENAI TogetherAI.py for consistency,"Add defensive check for random_id in OPENAI TogetherAI.py for consistency

Co-authored-by: uc74c24cf93966045 <uc74c24cf93966045@users.invalid>"
OEvortex/Webscout,2863c27e37dba2a383f85e31d5de80cc10c247a5,2025-11,6,post,2025-11-21T16:06:07+05:30,2025-11-21T16:06:07+05:30,uc74c24cf93966045,uc74c24cf93966045@users.invalid,GitHub,noreply@github.com,2,1,0,0,0,0,0,0,,B,copilot,branch,,0,96,Merge pull request #96 from OEvortex/copilot/fix-together-ai-404-error,"Merge pull request #96 from OEvortex/copilot/fix-together-ai-404-error

Fix Together AI 404 errors caused by inconsistent fingerprint generation"
OEvortex/Webscout,eaba8a4f14d4dc08fe900bd43a47d77b202b63b8,2025-11,6,post,2025-11-21T10:36:39Z,2025-11-21T10:36:39Z,github-actions[bot],github-actions[bot]@users.noreply.github.com,github-actions[bot],github-actions[bot]@users.noreply.github.com,1,0,1,1,1,1,1,1,,,,,github-actions,0,,🔖 Bump version to 2025.11.21,🔖 Bump version to 2025.11.21
OEvortex/Webscout,e7297d778346d5ff3d826437ab900927173f14ec,2025-11,6,post,2025-11-21T17:00:57+05:30,2025-11-21T17:00:57+05:30,u99c389b1b7bfbd23,u99c389b1b7bfbd23@users.invalid,u99c389b1b7bfbd23,u99c389b1b7bfbd23@users.invalid,1,0,10,489,1248,8,409,1248,,,,,,0,,"feat: Add new providers for IBM Granite, ExaChat, Gemini Proxy, and FreeGemini, along with new test files and an updated changelog.","feat: Add new providers for IBM Granite, ExaChat, Gemini Proxy, and FreeGemini, along with new test files and an updated changelog."
OEvortex/Webscout,250d6dde66e268f72cd0697f0371a6e672b8c8be,2025-11,6,post,2025-11-21T11:31:31Z,2025-11-21T11:31:31Z,github-actions[bot],github-actions[bot]@users.noreply.github.com,github-actions[bot],github-actions[bot]@users.noreply.github.com,1,0,1,1,1,1,1,1,,,,,github-actions,0,,🔖 Bump version to 2025.11.21.1,🔖 Bump version to 2025.11.21.1
OEvortex/Webscout,e82f99eb4b4706f29346b6ea0e991c021b73515a,2025-11,6,post,2025-11-22T13:08:21+05:30,2025-11-22T13:08:21+05:30,u99c389b1b7bfbd23,u99c389b1b7bfbd23@users.invalid,u99c389b1b7bfbd23,u99c389b1b7bfbd23@users.invalid,1,0,3,138,105,2,119,105,,,,,,0,,"feat: Introduce TogetherAI provider with dynamic model discovery, OpenAI-compatible API, and secure API key management, alongside endpoint and payload fixes.","feat: Introduce TogetherAI provider with dynamic model discovery, OpenAI-compatible API, and secure API key management, alongside endpoint and payload fixes."
OEvortex/Webscout,f2981caa9423859e0b8ec5354bffa657782f4231,2025-11,6,post,2025-11-22T07:39:00Z,2025-11-22T07:39:00Z,github-actions[bot],github-actions[bot]@users.noreply.github.com,github-actions[bot],github-actions[bot]@users.noreply.github.com,1,0,1,1,1,1,1,1,,,,,github-actions,0,,🔖 Bump version to 2025.11.22,🔖 Bump version to 2025.11.22
OEvortex/Webscout,901926e007dcb0b8392ad1037adbce53f63d6e62,2025-11,6,post,2025-11-30T11:39:18+05:30,2025-11-30T11:39:18+05:30,u99c389b1b7bfbd23,u99c389b1b7bfbd23@users.invalid,u99c389b1b7bfbd23,u99c389b1b7bfbd23@users.invalid,1,0,22,103,1963,21,84,1962,,,,,,0,,Refactor and clean up code across multiple modules,"Refactor and clean up code across multiple modules

- Updated import statements to include type hints for better type checking.
- Removed unused or redundant code in the VercelAIGateway and PuterJS classes.
- Enhanced error handling in the sanitize module to suppress debug logs.
- Improved model validation logic in the oivscode class.
- Added UUID generation for client identification in the oivscode class.
- Cleaned up the ScoutCrawler and Scout classes for better readability and maintainability.
- Removed deprecated or unnecessary imports and classes in various modules.
- Ensured consistent use of type hints across the codebase for better clarity."
OEvortex/Webscout,2bf0daefaf992b5ebe410400bcb8842d271564fe,2025-11,6,post,2025-11-30T06:11:15Z,2025-11-30T06:11:15Z,github-actions[bot],github-actions[bot]@users.noreply.github.com,github-actions[bot],github-actions[bot]@users.noreply.github.com,1,0,1,1,1,1,1,1,,,,,github-actions,0,,🔖 Bump version to 2025.11.30,🔖 Bump version to 2025.11.30
OEvortex/Webscout,eead49961871b2d39247709cb579010189b5781d,2025-12,7,post,2025-12-01T20:19:56+05:30,2025-12-01T20:19:56+05:30,u99c389b1b7bfbd23,u99c389b1b7bfbd23@users.invalid,u99c389b1b7bfbd23,u99c389b1b7bfbd23@users.invalid,1,0,10,837,72,5,104,61,,,,,,0,,Update README and documentation for LitPrinter; enhance sanitize.py with output formatting feature,"Update README and documentation for LitPrinter; enhance sanitize.py with output formatting feature

- Updated README.md to reflect new documentation path for LitPrinter.
- Added detailed changelog entries for the new output_formatter feature in sanitize.py.
- Enhanced sanitize.py to support customizable output formatting for processed items.
- Updated sanitize.md to include examples and documentation for the new output_formatter parameter.
- Removed license section from scout.md.
- Refactored AIauto.py to improve provider name handling and output display.
- Added new tool versions to OPENAI toolbaz.
- Cleaned up imports in crawler.py for better readability.
- Created a comprehensive documentation file for LitPrinter, detailing features, installation, usage, and examples.

Signed-off-by: u99c389b1b7bfbd23 <u99c389b1b7bfbd23@users.invalid>"
OEvortex/Webscout,b63ac1a76ff6f0c7d81565543f88ea6a66444616,2025-12,7,post,2025-12-01T14:50:35Z,2025-12-01T14:50:35Z,github-actions[bot],github-actions[bot]@users.noreply.github.com,github-actions[bot],github-actions[bot]@users.noreply.github.com,1,0,1,1,1,1,1,1,,,,,github-actions,0,,🔖 Bump version to 2025.12.1,🔖 Bump version to 2025.12.1
OEvortex/Webscout,5579f0635c4b83a9b91c4e4c9a31127fa2195780,2025-12,7,post,2025-12-02T11:43:02+05:30,2025-12-02T11:43:02+05:30,u99c389b1b7bfbd23,u99c389b1b7bfbd23@users.invalid,u99c389b1b7bfbd23,u99c389b1b7bfbd23@users.invalid,1,0,6,590,260,5,574,259,,,,,,0,,feat: Enhance CLI with Bing and Yahoo search capabilities,"feat: Enhance CLI with Bing and Yahoo search capabilities

- Added CLI commands for Bing search (text, images, news, suggestions)
- Added CLI commands for Yahoo search (text, images, videos, news, answers, maps, translate, suggestions, weather)

refactor: Improve prompt_manager.py for better performance and maintainability

- Optimized caching and threading for prompt management
- Enhanced error handling and response validation
- Improved prompt loading and saving mechanisms

fix: Validate repository and user initialization in repository.py and user.py

- Added checks for empty or invalid owner/repo in Repository class
- Added checks for empty or invalid username in User class

chore: Update changelog for recent changes and improvements
Signed-off-by: u99c389b1b7bfbd23 <u99c389b1b7bfbd23@users.invalid>"
OEvortex/Webscout,85ff8a1399b3845abf5372f815806da86b794817,2025-12,7,post,2025-12-02T11:47:14+05:30,2025-12-02T11:47:14+05:30,u99c389b1b7bfbd23,u99c389b1b7bfbd23@users.invalid,u99c389b1b7bfbd23,u99c389b1b7bfbd23@users.invalid,1,0,1,14,0,0,0,0,,,,,,0,,WIP: local changes before merge,WIP: local changes before merge
OEvortex/Webscout,2e0858681c721b60621c5b4d2fe4de045de09028,2025-12,7,post,2025-12-02T11:48:34+05:30,2025-12-02T11:48:34+05:30,u99c389b1b7bfbd23,u99c389b1b7bfbd23@users.invalid,u99c389b1b7bfbd23,u99c389b1b7bfbd23@users.invalid,2,1,0,0,0,0,0,0,,,,,,0,,Resolve changelog.md merge conflict: combine all 2025.12.02 changes,Resolve changelog.md merge conflict: combine all 2025.12.02 changes
OEvortex/Webscout,a9696187169a672b7304fd48ddc479a717b4adf3,2025-12,7,post,2025-12-03T17:14:43+05:30,2025-12-03T17:14:43+05:30,u99c389b1b7bfbd23,u99c389b1b7bfbd23@users.invalid,u99c389b1b7bfbd23,u99c389b1b7bfbd23@users.invalid,1,0,88,2892,4637,87,2835,4619,,,,,,0,,"Refactor and implement new providers for AkashGPT, Algion, Cerebras, and Elmo; remove unused logging methods in SimpleRequestLogger","Refactor and implement new providers for AkashGPT, Algion, Cerebras, and Elmo; remove unused logging methods in SimpleRequestLogger

Signed-off-by: u99c389b1b7bfbd23 <u99c389b1b7bfbd23@users.invalid>"
OEvortex/Webscout,5e370f30156b31046fedb8816b1c1146b882af73,2025-12,7,post,2025-12-03T11:45:24Z,2025-12-03T11:45:24Z,github-actions[bot],github-actions[bot]@users.noreply.github.com,github-actions[bot],github-actions[bot]@users.noreply.github.com,1,0,1,1,1,1,1,1,,,,,github-actions,0,,🔖 Bump version to 2025.12.3,🔖 Bump version to 2025.12.3
OEvortex/Webscout,b91908c315d8890665f25bad741e6a3b1d3a420a,2025-12,7,post,2025-12-07T13:14:48+05:30,2025-12-07T13:14:48+05:30,u99c389b1b7bfbd23,u99c389b1b7bfbd23@users.invalid,u99c389b1b7bfbd23,u99c389b1b7bfbd23@users.invalid,1,0,12,394,822,12,394,822,,,,,,0,,"feat: Introduce core client, modular AI provider architecture for search, TTI, STT, and prompt management.","feat: Introduce core client, modular AI provider architecture for search, TTI, STT, and prompt management."
OEvortex/Webscout,9b7211991f452f9e21f7d29121f0f946d6663ac2,2025-12,7,post,2025-12-07T07:45:26Z,2025-12-07T07:45:26Z,github-actions[bot],github-actions[bot]@users.noreply.github.com,github-actions[bot],github-actions[bot]@users.noreply.github.com,1,0,1,1,1,1,1,1,,,,,github-actions,0,,🔖 Bump version to 2025.12.7,🔖 Bump version to 2025.12.7
OEvortex/Webscout,68e17c3b044b13bd65d5006c568682d04c3cd0f0,2025-12,7,post,2025-12-07T16:40:38Z,2025-12-07T16:40:38Z,copilot-swe-agent[bot],198982749+Copilot@users.noreply.github.com,copilot-swe-agent[bot],198982749+Copilot@users.noreply.github.com,1,0,0,0,0,0,0,0,,B,copilot,identity,copilot-swe-agent,0,,Initial plan,Initial plan
OEvortex/Webscout,138fba03c62793b70ccc9a13913654b8d782999f,2025-12,7,post,2025-12-07T16:45:00Z,2025-12-07T16:45:00Z,copilot-swe-agent[bot],198982749+Copilot@users.noreply.github.com,copilot-swe-agent[bot],198982749+Copilot@users.noreply.github.com,1,0,1,127,34,1,127,34,,B,claude;copilot,identity,copilot-swe-agent,0,,Add three new Anthropic Claude 4.5 models to e2b provider,"Add three new Anthropic Claude 4.5 models to e2b provider

Co-authored-by: uc74c24cf93966045 <uc74c24cf93966045@users.invalid>"
OEvortex/Webscout,b194481e592166c46cb946bd476c26afc7f00c82,2025-12,7,post,2025-12-07T22:35:41+05:30,2025-12-07T22:35:41+05:30,uc74c24cf93966045,uc74c24cf93966045@users.invalid,GitHub,noreply@github.com,2,1,0,0,0,0,0,0,,B,claude;copilot,branch,,0,102,Merge pull request #102 from OEvortex/copilot/add-missing-models-provider,"Merge pull request #102 from OEvortex/copilot/add-missing-models-provider

Add Claude 4.5 model support to e2b provider"
OEvortex/Webscout,df1f9100c7abfb72167f24fa9ff9d51bb75ce5e3,2025-12,7,post,2025-12-07T17:06:16Z,2025-12-07T17:06:16Z,github-actions[bot],github-actions[bot]@users.noreply.github.com,github-actions[bot],github-actions[bot]@users.noreply.github.com,1,0,1,1,1,1,1,1,,,,,github-actions,0,,🔖 Bump version to 2025.12.7.1,🔖 Bump version to 2025.12.7.1
OEvortex/Webscout,c271ffd8dbc0e44b1f61838955e49c168bbae97f,2025-12,7,post,2025-12-08T06:24:35Z,2025-12-08T06:24:35Z,copilot-swe-agent[bot],198982749+Copilot@users.noreply.github.com,copilot-swe-agent[bot],198982749+Copilot@users.noreply.github.com,1,0,0,0,0,0,0,0,,B,copilot,identity,copilot-swe-agent,0,,Initial plan,Initial plan
OEvortex/Webscout,4db0e012e15f94473e61f668a1c2710188eb1135,2025-12,7,post,2025-12-08T06:29:17Z,2025-12-08T06:29:17Z,copilot-swe-agent[bot],198982749+Copilot@users.noreply.github.com,copilot-swe-agent[bot],198982749+Copilot@users.noreply.github.com,1,0,1,554,60,1,554,60,,B,claude;copilot,identity,copilot-swe-agent,0,,"Remove deprecated models (claude-3.5-sonnet, grok-beta) and add 19 new models to E2B provider","Remove deprecated models (claude-3.5-sonnet, grok-beta) and add 19 new models to E2B provider

Co-authored-by: uc74c24cf93966045 <uc74c24cf93966045@users.invalid>"
OEvortex/Webscout,4fc69bb2b8c69e8800cc5c9289d14ce9e57c7a1a,2025-12,7,post,2025-12-08T12:18:30+05:30,2025-12-08T12:18:30+05:30,uc74c24cf93966045,uc74c24cf93966045@users.invalid,GitHub,noreply@github.com,2,1,0,0,0,0,0,0,,B,copilot,branch,,0,104,Merge pull request #104 from OEvortex/copilot/remove-deprecated-models-update-new,"Merge pull request #104 from OEvortex/copilot/remove-deprecated-models-update-new

Remove deprecated E2B models and add 19 new models with configurations"
OEvortex/Webscout,598f4ca7df1cd98f5f58151341826b0a939d5488,2025-12,7,post,2025-12-08T06:49:05Z,2025-12-08T06:49:05Z,github-actions[bot],github-actions[bot]@users.noreply.github.com,github-actions[bot],github-actions[bot]@users.noreply.github.com,1,0,1,1,1,1,1,1,,,,,github-actions,0,,🔖 Bump version to 2025.12.8,🔖 Bump version to 2025.12.8
OEvortex/Webscout,f253082caf3e60e7f46ef8eca90e27208434ed1c,2025-12,7,post,2025-12-08T19:25:14+05:30,2025-12-08T19:25:14+05:30,u99c389b1b7bfbd23,u99c389b1b7bfbd23@users.invalid,u99c389b1b7bfbd23,u99c389b1b7bfbd23@users.invalid,1,0,11,258,1,0,0,0,AGENTS.md,,,,,0,,chore: bootstrap Vibe Flow docs and create AGENTS.md,chore: bootstrap Vibe Flow docs and create AGENTS.md
OEvortex/Webscout,5c474a22b9fade43b7f90cd3add59d2ce76a3651,2025-12,7,post,2025-12-08T19:32:17+05:30,2025-12-08T19:32:17+05:30,u99c389b1b7bfbd23,u99c389b1b7bfbd23@users.invalid,u99c389b1b7bfbd23,u99c389b1b7bfbd23@users.invalid,2,1,0,0,0,0,0,0,,,,,,0,,Merge branch 'main' of https://github.com/h182d2e74e7f2a8a0/Webscout,"Merge branch 'main' of https://github.com/h182d2e74e7f2a8a0/Webscout

Signed-off-by: u99c389b1b7bfbd23 <u99c389b1b7bfbd23@users.invalid>"
OEvortex/Webscout,ca79494ab21fbfef52012e65fc5bb6ab8cf7a503,2025-12,7,post,2025-12-08T19:32:40+05:30,2025-12-08T19:32:40+05:30,u99c389b1b7bfbd23,u99c389b1b7bfbd23@users.invalid,u99c389b1b7bfbd23,u99c389b1b7bfbd23@users.invalid,1,0,9,0,225,0,0,0,,,,,,0,,chore: remove outdated documentation files from the _docs directory,"chore: remove outdated documentation files from the _docs directory

Signed-off-by: u99c389b1b7bfbd23 <u99c389b1b7bfbd23@users.invalid>"
OEvortex/Webscout,6ad7675a1494dac42e4abda160061ccce6146a2a,2025-12,7,post,2025-12-09T10:42:16+05:30,2025-12-09T10:42:16+05:30,u99c389b1b7bfbd23,u99c389b1b7bfbd23@users.invalid,u99c389b1b7bfbd23,u99c389b1b7bfbd23@users.invalid,1,0,34,276,633,29,234,593,AGENTS.md,,,,,0,,Refactor logging system to use litprinter; remove Litlogger dependencies,"Refactor logging system to use litprinter; remove Litlogger dependencies

- Deleted Litlogger implementation from levels.py and logger.py.
- Replaced all instances of Logger and LogLevel with litprinter's ic for logging.
- Updated various modules (including API routes, server configuration, and providers) to utilize litprinter for logging messages.
- Removed unnecessary imports and simplified logging setup across the application.
- Cleaned up code by removing the simple_logger module and related logging functionality.

Signed-off-by: u99c389b1b7bfbd23 <u99c389b1b7bfbd23@users.invalid>"
OEvortex/Webscout,da4843fa2402949e8a4e0df62f5b0c47e8cd7e13,2025-12,7,post,2025-12-09T05:12:53Z,2025-12-09T05:12:53Z,github-actions[bot],github-actions[bot]@users.noreply.github.com,github-actions[bot],github-actions[bot]@users.noreply.github.com,1,0,1,1,1,1,1,1,,,,,github-actions,0,,🔖 Bump version to 2025.12.9,🔖 Bump version to 2025.12.9
OEvortex/Webscout,10e5e0c70256ce877649a752192b1f2e5953c1c9,2025-12,7,post,2025-12-11T13:51:59+05:30,2025-12-11T13:51:59+05:30,u99c389b1b7bfbd23,u99c389b1b7bfbd23@users.invalid,u99c389b1b7bfbd23,u99c389b1b7bfbd23@users.invalid,1,0,1,2,1,1,2,1,,,,,,0,,feat: integrate litprinter for logging successful Facebook login,feat: integrate litprinter for logging successful Facebook login
OEvortex/Webscout,7a36baeaf85cb412c822e5cff05819ed55c17050,2025-12,7,post,2025-12-11T08:22:42Z,2025-12-11T08:22:42Z,github-actions[bot],github-actions[bot]@users.noreply.github.com,github-actions[bot],github-actions[bot]@users.noreply.github.com,1,0,1,1,1,1,1,1,,,,,github-actions,0,,🔖 Bump version to 2025.12.11,🔖 Bump version to 2025.12.11
OEvortex/Webscout,15cb8fcf2406ba3aa1de234996dc54ebb3dacd93,2025-12,7,post,2025-12-16T15:10:12+05:30,2025-12-16T15:10:12+05:30,u99c389b1b7bfbd23,u99c389b1b7bfbd23@users.invalid,u99c389b1b7bfbd23,u99c389b1b7bfbd23@users.invalid,1,0,38,4432,2271,32,3618,2082,,,,,,0,,"feat: Implement server infrastructure, add extensive YouTube and Git toolkits, and integrate numerous new AI providers.","feat: Implement server infrastructure, add extensive YouTube and Git toolkits, and integrate numerous new AI providers."
OEvortex/Webscout,2d8c28e54e1903d9b501c270da10740e6857746a,2025-12,7,post,2025-12-16T09:40:52Z,2025-12-16T09:40:52Z,github-actions[bot],github-actions[bot]@users.noreply.github.com,github-actions[bot],github-actions[bot]@users.noreply.github.com,1,0,1,1,1,1,1,1,,,,,github-actions,0,,🔖 Bump version to 2025.12.16,🔖 Bump version to 2025.12.16
OEvortex/Webscout,101cab755a5ece960e7aade5d2ec4f3af443e7d5,2025-12,7,post,2025-12-17T12:13:23+05:30,2025-12-17T12:13:23+05:30,u99c389b1b7bfbd23,u99c389b1b7bfbd23@users.invalid,u99c389b1b7bfbd23,u99c389b1b7bfbd23@users.invalid,1,0,3,682,1,1,420,0,,,,,,0,,feat: Add FreeAssist provider with support for streaming and non-streaming chat completions,"feat: Add FreeAssist provider with support for streaming and non-streaming chat completions

Signed-off-by: u99c389b1b7bfbd23 <u99c389b1b7bfbd23@users.invalid>"
OEvortex/Webscout,a69c94f7febfc128b03760db0d1ff9c77d047357,2025-12,7,post,2025-12-17T06:43:58Z,2025-12-17T06:43:58Z,github-actions[bot],github-actions[bot]@users.noreply.github.com,github-actions[bot],github-actions[bot]@users.noreply.github.com,1,0,1,1,1,1,1,1,,,,,github-actions,0,,🔖 Bump version to 2025.12.17,🔖 Bump version to 2025.12.17
OEvortex/Webscout,fa5f232e980739067ac3d3ec9e27fa93f7207538,2025-12,7,post,2025-12-17T14:16:58+05:30,2025-12-17T14:16:58+05:30,u99c389b1b7bfbd23,u99c389b1b7bfbd23@users.invalid,u99c389b1b7bfbd23,u99c389b1b7bfbd23@users.invalid,1,0,15,1923,1078,13,1852,1041,,,,,,0,,"feat: Add new OpenAI-compatible providers for Sambanova, Gradient, Meta, TextPollinationsAI, and DeepAI, plus a Together provider, and update documentation.","feat: Add new OpenAI-compatible providers for Sambanova, Gradient, Meta, TextPollinationsAI, and DeepAI, plus a Together provider, and update documentation."
OEvortex/Webscout,c0ace0ff90c3c0e3b23ec47cd1d2842d304ddc38,2025-12,7,post,2025-12-17T08:47:41Z,2025-12-17T08:47:41Z,github-actions[bot],github-actions[bot]@users.noreply.github.com,github-actions[bot],github-actions[bot]@users.noreply.github.com,1,0,1,1,1,1,1,1,,,,,github-actions,0,,🔖 Bump version to 2025.12.17.1,🔖 Bump version to 2025.12.17.1
OEvortex/Webscout,868b09e7d43773f26f1743a194348b8aaf9db925,2025-12,7,post,2025-12-18T12:34:03+05:30,2025-12-18T12:34:03+05:30,u99c389b1b7bfbd23,u99c389b1b7bfbd23@users.invalid,u99c389b1b7bfbd23,u99c389b1b7bfbd23@users.invalid,1,0,10,461,780,7,419,763,,,,,,0,,Refactor and remove obsolete providers; update TypliAI and TurboSeek implementations,"Refactor and remove obsolete providers; update TypliAI and TurboSeek implementations

- Deleted PerplexityLabs and TeachAnything providers due to redundancy or deprecation.
- Updated TypliAI to support new model identifiers and improved user agent handling.
- Enhanced TurboSeek to convert HTML responses to Markdown and improved error handling.
- Adjusted streaming and non-streaming response handling in TurboSeek for better consistency.
- Cleaned up imports and removed unused code across affected files.

Signed-off-by: u99c389b1b7bfbd23 <u99c389b1b7bfbd23@users.invalid>"
OEvortex/Webscout,f4f930426bf45040a5e3f6fb613fedfef7000ae8,2025-12,7,post,2025-12-18T12:38:13+05:30,2025-12-18T12:38:13+05:30,uc74c24cf93966045,uc74c24cf93966045@users.invalid,GitHub,noreply@github.com,2,1,0,0,0,0,0,0,,,,,,0,107,Merge pull request #107 from OEvortex/worktree-2025-12-18T06-56-24,"Merge pull request #107 from OEvortex/worktree-2025-12-18T06-56-24

Refactor and remove obsolete providers; update TypliAI and TurboSeek …"
OEvortex/Webscout,0607d7f38b4219a4df457241066a5ea282c0c6e3,2025-12,7,post,2025-12-18T07:08:49Z,2025-12-18T07:08:49Z,github-actions[bot],github-actions[bot]@users.noreply.github.com,github-actions[bot],github-actions[bot]@users.noreply.github.com,1,0,1,1,1,1,1,1,,,,,github-actions,0,,🔖 Bump version to 2025.12.18,🔖 Bump version to 2025.12.18
OEvortex/Webscout,d02ca2af6902bd5085945db5727a87d46f384c0b,2025-12,7,post,2025-12-18T16:41:16+05:30,2025-12-18T16:41:16+05:30,u99c389b1b7bfbd23,u99c389b1b7bfbd23@users.invalid,u99c389b1b7bfbd23,u99c389b1b7bfbd23@users.invalid,1,0,12,810,299,9,764,277,,,,,,0,,feat: implement fuzzy model matching and robust provider discovery,"feat: implement fuzzy model matching and robust provider discovery

- Added fuzzy search logic to ClientCompletions using difflib for better model resolution.
- Improved model discovery to safely handle class attributes, instance properties, and .models.list() methods.
- Enhanced Client initialization to include auth-required providers when an API key is present.
- Updated changelog with new features and improvements.
- Added verify_fuzzy.py for real-world verification of resolution logic."
OEvortex/Webscout,426b745c3804187d6c4eeca57ef870ce4245783c,2025-12,7,post,2025-12-18T17:07:07+05:30,2025-12-18T17:07:07+05:30,u99c389b1b7bfbd23,u99c389b1b7bfbd23@users.invalid,u99c389b1b7bfbd23,u99c389b1b7bfbd23@users.invalid,1,0,3,71,103,3,71,103,,,,,,0,,feat: Introduce oivscode provider client for OpenAI-compatible API and remove verify_fuzzy.py.,feat: Introduce oivscode provider client for OpenAI-compatible API and remove verify_fuzzy.py.
OEvortex/Webscout,054c479aec9d1ada34d2a9c5b2c8db111614d236,2025-12,7,post,2025-12-18T17:39:19+05:30,2025-12-18T17:39:19+05:30,u99c389b1b7bfbd23,u99c389b1b7bfbd23@users.invalid,u99c389b1b7bfbd23,u99c389b1b7bfbd23@users.invalid,1,0,1,0,4,1,0,4,,,,,,0,,feat: Add Venice API client for chat completions with streaming and non-streaming support.,feat: Add Venice API client for chat completions with streaming and non-streaming support.
OEvortex/Webscout,011a0de3fb79c50552d1e913c70df99464b73a3f,2025-12,7,post,2025-12-18T18:22:30+05:30,2025-12-18T18:22:30+05:30,u99c389b1b7bfbd23,u99c389b1b7bfbd23@users.invalid,u99c389b1b7bfbd23,u99c389b1b7bfbd23@users.invalid,1,0,8,30,18,7,27,16,,,,,,0,,"feat: Introduce unified `Client` interface with intelligent model resolution and add multiple new OpenAI-compatible providers, fixing Accept-Encoding issues.","feat: Introduce unified `Client` interface with intelligent model resolution and add multiple new OpenAI-compatible providers, fixing Accept-Encoding issues."
OEvortex/Webscout,8d144c79ba23caf34a2e35cbf900611e04a7bad6,2025-12,7,post,2025-12-18T18:32:39+05:30,2025-12-18T18:32:39+05:30,u99c389b1b7bfbd23,u99c389b1b7bfbd23@users.invalid,u99c389b1b7bfbd23,u99c389b1b7bfbd23@users.invalid,1,0,2,39,1,1,38,0,,,,,,0,,"feat: Introduce a unified client interface for Webscout, supporting multi-provider chat completions and image generation.","feat: Introduce a unified client interface for Webscout, supporting multi-provider chat completions and image generation."
OEvortex/Webscout,d8a53c0f86a31fc1792c46c45b0f621cbc16efa1,2025-12,7,post,2025-12-19T10:51:07+05:30,2025-12-19T10:51:07+05:30,u99c389b1b7bfbd23,u99c389b1b7bfbd23@users.invalid,u99c389b1b7bfbd23,u99c389b1b7bfbd23@users.invalid,1,0,1,5,1,0,0,0,,,,,,0,,"chore: Update changelog for version 2025.12.19, enhancing client interface and fixing provider issues","chore: Update changelog for version 2025.12.19, enhancing client interface and fixing provider issues

Signed-off-by: u99c389b1b7bfbd23 <u99c389b1b7bfbd23@users.invalid>"
OEvortex/Webscout,89d38eb40d665fc4a834f1941b955302ba89e95c,2025-12,7,post,2025-12-19T11:27:21+05:30,2025-12-19T11:27:21+05:30,uc74c24cf93966045,uc74c24cf93966045@users.invalid,GitHub,noreply@github.com,1,0,1,2,2,1,2,2,,B,copilot,trailer,,0,,Update webscout/Provider/UNFINISHED/grammerchecker.py,"Update webscout/Provider/UNFINISHED/grammerchecker.py

Co-authored-by: Copilot <175728472+Copilot@users.noreply.github.com>
Signed-off-by: uc74c24cf93966045 <uc74c24cf93966045@users.invalid>"
OEvortex/Webscout,688e61432aeba79945628219755e06351451c77c,2025-12,7,post,2025-12-19T11:28:10+05:30,2025-12-19T11:28:10+05:30,uc74c24cf93966045,uc74c24cf93966045@users.invalid,GitHub,noreply@github.com,2,1,0,0,0,0,0,0,,,,,,0,108,Merge pull request #108 from OEvortex/feature/fuzzy-model-matching,"Merge pull request #108 from OEvortex/feature/fuzzy-model-matching

  - **feat**: webscout/client.py - Enhanced unified Client interface for AI providers:
  - `client.chat.completions.create()` - OpenAI-compatible chat completions
  - `client.images.generate()` / `client.images.create()` - Unified image generation
  - **Intelligent Model Resolution**:
    - `model=""auto""`: Automatically selects a random free provider and its default model
    - `model=""ProviderName/model_name""`: Directly target a specific provider and model (e.g., `""Toolbaz/grok-4.1-fast""`)
    - `model=""model_name""`: Automatically finds which provider supports the requested model
  - **Simplified Auth Detection**: Providers are now identified as ""free"" or ""auth-required"" based solely on the `required_auth` attribute
  - **Auto-failover**: Improved failover logic that intelligently adjusts model names across different providers
  - **Failover on Empty Response**: Added logic to detect empty or invalid non-streaming responses and automatically trigger failover to alternative providers.
  - Dynamic discovery for all 39+ chat and 13+ image providers
  - Support for custom `exclude` and `exclude_images` lists
      - **Fuzzy Model Matching**: Automatically finds the closest matching model name across all providers (both chat and TTI) if an exact match is not found (e.g., `model=""grok-4.1-fst""` matches `""grok-4.1-fast""` and `model=""fluux""` matches `""flux""`). Uses `difflib` with a 0.6 confidence cutoff.
      - Added `last_provider` property to track successful provider/model pairs
    - Cleaned up internal implementation and removed redundant debug prints
  - **feat**: webscout/Provider/OPENAI/typliai.py - New OpenAI-compatible TypliAI provider with streaming and non-streaming support for GPT-4.1, GPT-5, Gemini 2.5, Claude 4.5, and Grok 4 models.
  - **feat**: webscout/Provider/OPENAI/easemate.py - New OpenAI-compatible Easemate provider.
  - **feat**: webscout/Provider/OPENAI/freeassist.py - New OpenAI-compatible FreeAssist provider."
OEvortex/Webscout,64e7005b024df6d4d6e0ac6bbba11e873bdad8dc,2025-12,7,post,2025-12-19T05:58:40Z,2025-12-19T05:58:40Z,github-actions[bot],github-actions[bot]@users.noreply.github.com,github-actions[bot],github-actions[bot]@users.noreply.github.com,1,0,1,1,1,1,1,1,,,,,github-actions,0,,🔖 Bump version to 2025.12.19,🔖 Bump version to 2025.12.19
OEvortex/Webscout,9b3d8936f7b61be84b11552262f17f1afc610d31,2025-12,7,post,2025-12-19T12:22:39+05:30,2025-12-19T12:22:39+05:30,u99c389b1b7bfbd23,u99c389b1b7bfbd23@users.invalid,u99c389b1b7bfbd23,u99c389b1b7bfbd23@users.invalid,1,0,11,502,242,8,461,216,,,,,,0,,Rename ExaChat to Ayle and update documentation,Rename ExaChat to Ayle and update documentation
OEvortex/Webscout,6563ff2d7f2a3c9502f5e6691d354141660b9da0,2025-12,7,post,2025-12-19T12:32:52+05:30,2025-12-19T12:32:52+05:30,u99c389b1b7bfbd23,u99c389b1b7bfbd23@users.invalid,u99c389b1b7bfbd23,u99c389b1b7bfbd23@users.invalid,1,0,2,202,24,1,89,24,,,,,,0,,feat: add AI provider generation prompt and unified client for managing chat and image generation providers,feat: add AI provider generation prompt and unified client for managing chat and image generation providers
OEvortex/Webscout,7ab883e6a2ab62c821dbf4abec85e4cf465bb65a,2025-12,7,post,2025-12-19T12:40:46+05:30,2025-12-19T12:40:46+05:30,u99c389b1b7bfbd23,u99c389b1b7bfbd23@users.invalid,u99c389b1b7bfbd23,u99c389b1b7bfbd23@users.invalid,1,0,7,11,822,4,4,766,,,,,,0,,feat: Add documentation and package structure for OpenAI-compatible providers and remove deprecated ChatGPTClone.,feat: Add documentation and package structure for OpenAI-compatible providers and remove deprecated ChatGPTClone.
OEvortex/Webscout,54745dd16b219a441f4780977881eaca37f01c91,2025-12,7,post,2025-12-19T12:43:02+05:30,2025-12-19T12:43:02+05:30,u99c389b1b7bfbd23,u99c389b1b7bfbd23@users.invalid,u99c389b1b7bfbd23,u99c389b1b7bfbd23@users.invalid,1,0,1,2,4,1,2,4,,,,,,0,,feat: Initialize Provider package by importing and exporting all provider modules.,feat: Initialize Provider package by importing and exporting all provider modules.
OEvortex/Webscout,fcf586d0995d490631b4e019fec4583e3e6f277b,2025-12,7,post,2025-12-19T13:06:33+05:30,2025-12-19T13:06:33+05:30,u99c389b1b7bfbd23,u99c389b1b7bfbd23@users.invalid,u99c389b1b7bfbd23,u99c389b1b7bfbd23@users.invalid,1,0,16,330,274,15,325,265,,,,,,0,,refactor: enhance unified client with robust model discovery and proactive provider fixes,"refactor: enhance unified client with robust model discovery and proactive provider fixes

- Removed hardcoded model fallbacks in Client class
- Improved fuzzy model matching with substring support
- Centralized model discovery to strictly use models.list()
- Implemented provider instance cache for performance
- Cleaned up TextPollinations and e2b providers (silent mode, docstrings)
- Fixed potential IndexError in 10+ providers across the codebase"
OEvortex/Webscout,a05dca612faf8d522b3e49921c18d40ed4676ee9,2025-12,7,post,2025-12-19T13:10:37+05:30,2025-12-19T13:10:37+05:30,u99c389b1b7bfbd23,u99c389b1b7bfbd23@users.invalid,u99c389b1b7bfbd23,u99c389b1b7bfbd23@users.invalid,1,0,5,10,599,2,0,541,,,,,,0,,removed: webscout/Provider/OPENAI/scirachat.py - Removed SciraChat provider,removed: webscout/Provider/OPENAI/scirachat.py - Removed SciraChat provider
OEvortex/Webscout,710bbec0d87629da91caa93358de138214217bf3,2025-12,7,post,2025-12-19T15:03:43+05:30,2025-12-19T15:03:43+05:30,u99c389b1b7bfbd23,u99c389b1b7bfbd23@users.invalid,u99c389b1b7bfbd23,u99c389b1b7bfbd23@users.invalid,1,0,6,594,6,4,583,0,,,,,,0,,feat: Add HadadXYZ provider with streaming support and model integration.,feat: Add HadadXYZ provider with streaming support and model integration.
OEvortex/Webscout,19465b65ac55aa9b88e52d7b10e228fcd3831bff,2025-12,7,post,2025-12-19T15:04:40+05:30,2025-12-19T15:04:40+05:30,u99c389b1b7bfbd23,u99c389b1b7bfbd23@users.invalid,u99c389b1b7bfbd23,u99c389b1b7bfbd23@users.invalid,1,0,1,1,1,1,1,1,,,,,,0,,feat: Add HadadXYZ as a new OpenAI-compatible provider with chat completions and streaming support.,feat: Add HadadXYZ as a new OpenAI-compatible provider with chat completions and streaming support.
OEvortex/Webscout,ce01fc90eb7ab1f06ee3147a9e84221ec6245e3b,2025-12,7,post,2025-12-19T15:25:12+05:30,2025-12-19T15:25:12+05:30,u99c389b1b7bfbd23,u99c389b1b7bfbd23@users.invalid,u99c389b1b7bfbd23,u99c389b1b7bfbd23@users.invalid,1,0,3,10,12,2,7,11,,,,,,0,,feat: Introduce Ayle API client for OpenAI-compatible chat completions and update changelog.,feat: Introduce Ayle API client for OpenAI-compatible chat completions and update changelog.
OEvortex/Webscout,3ec4130feb88987c4b6ea240358fba5ae91210b7,2025-12,7,post,2025-12-19T15:27:10+05:30,2025-12-19T15:27:10+05:30,u99c389b1b7bfbd23,u99c389b1b7bfbd23@users.invalid,u99c389b1b7bfbd23,u99c389b1b7bfbd23@users.invalid,1,0,1,0,1,1,0,1,,,,,,0,,"feat: Add ChatGPT reversed-engineered provider with session management, proof-of-work, and response parsing.","feat: Add ChatGPT reversed-engineered provider with session management, proof-of-work, and response parsing."
OEvortex/Webscout,a7787fb4434c98dcef65a343bb5cdb68a4c87d47,2025-12,7,post,2025-12-19T16:04:46+05:30,2025-12-19T16:04:46+05:30,u99c389b1b7bfbd23,u99c389b1b7bfbd23@users.invalid,u99c389b1b7bfbd23,u99c389b1b7bfbd23@users.invalid,1,0,4,305,0,2,303,0,,,,,,0,,"feat: Implement QwenTTS provider, initialize the TTS package structure, and relocate the reverse engineering prompt.","feat: Implement QwenTTS provider, initialize the TTS package structure, and relocate the reverse engineering prompt."
OEvortex/Webscout,669003886f2b045ff71f4f940ab05275880c0ab3,2025-12,7,post,2025-12-19T16:12:59+05:30,2025-12-19T16:12:59+05:30,u99c389b1b7bfbd23,u99c389b1b7bfbd23@users.invalid,u99c389b1b7bfbd23,u99c389b1b7bfbd23@users.invalid,1,0,3,258,0,2,257,0,,,,,,0,,feat: Add SherpaTTS provider using Next-gen Kaldi (Sherpa-ONNX) HF Space API with multi-language and multi-model support.,feat: Add SherpaTTS provider using Next-gen Kaldi (Sherpa-ONNX) HF Space API with multi-language and multi-model support.
OEvortex/Webscout,7d545bd885931491f6afce605ee2f4d7a2e95b29,2025-12,7,post,2025-12-19T17:40:03+05:30,2025-12-19T17:40:03+05:30,u99c389b1b7bfbd23,u99c389b1b7bfbd23@users.invalid,u99c389b1b7bfbd23,u99c389b1b7bfbd23@users.invalid,1,0,54,2116,1523,31,883,1463,,,,,,0,,"TTI fixes: Updated VeniceAI and TogetherImage, marked dead providers, and added required_auth flags","TTI fixes: Updated VeniceAI and TogetherImage, marked dead providers, and added required_auth flags"
OEvortex/Webscout,8498744744da3426462d9e0f9561e9998f5608b0,2025-12,7,post,2025-12-19T17:57:07+05:30,2025-12-19T17:57:07+05:30,u99c389b1b7bfbd23,u99c389b1b7bfbd23@users.invalid,u99c389b1b7bfbd23,u99c389b1b7bfbd23@users.invalid,1,0,29,762,3144,17,368,2472,,,,,,0,,"feat: Introduce core Python API client, add new AISEARCH and TTI providers, and refactor testing and documentation.","feat: Introduce core Python API client, add new AISEARCH and TTI providers, and refactor testing and documentation."
OEvortex/Webscout,d4a711d3e467f8f739aad03a65c98a2b77599c34,2025-12,7,post,2025-12-19T18:37:27+05:30,2025-12-19T18:37:27+05:30,u99c389b1b7bfbd23,u99c389b1b7bfbd23@users.invalid,u99c389b1b7bfbd23,u99c389b1b7bfbd23@users.invalid,1,0,17,884,951,9,609,647,,,,,,0,,"feat: Add Miragic TTI provider, integrate several AI search providers, update documentation, and remove deprecated files.","feat: Add Miragic TTI provider, integrate several AI search providers, update documentation, and remove deprecated files."
OEvortex/Webscout,0854180d633ae837c7b1809b9d8af35be680b52d,2025-12,7,post,2025-12-19T18:50:44+05:30,2025-12-19T18:50:44+05:30,u99c389b1b7bfbd23,u99c389b1b7bfbd23@users.invalid,u99c389b1b7bfbd23,u99c389b1b7bfbd23@users.invalid,1,0,6,447,133,3,439,127,,,,,,0,,"feat: Add Monica and EssentialAI search providers, integrate `sanitize_stream` in Monica, and update provider documentation.","feat: Add Monica and EssentialAI search providers, integrate `sanitize_stream` in Monica, and update provider documentation."
OEvortex/Webscout,700f3c831b68ca358d1e447a0352f1d686f6658d,2025-12,7,post,2025-12-19T19:32:04+05:30,2025-12-19T19:32:04+05:30,u99c389b1b7bfbd23,u99c389b1b7bfbd23@users.invalid,u99c389b1b7bfbd23,u99c389b1b7bfbd23@users.invalid,1,0,15,2751,1477,6,672,834,,,,,,0,,"feat: Implement GitAPI, CLI, EssentialAI, AIauto, and Monica search modules, update documentation, and remove obsolete files.","feat: Implement GitAPI, CLI, EssentialAI, AIauto, and Monica search modules, update documentation, and remove obsolete files."
OEvortex/Webscout,8858ed64c1416d2c292b2e46caf48828168cb7b2,2025-12,7,post,2025-12-20T13:18:28+05:30,2025-12-20T13:18:28+05:30,u99c389b1b7bfbd23,u99c389b1b7bfbd23@users.invalid,u99c389b1b7bfbd23,u99c389b1b7bfbd23@users.invalid,1,0,66,2668,1886,34,1721,1579,,,,,,0,,"feat: introduce Algion and multiple AI search providers, add new `swiftcli`, `scout`, and `litagent` core modules, and expand chat sandbox tests and documentation.","feat: introduce Algion and multiple AI search providers, add new `swiftcli`, `scout`, and `litagent` core modules, and expand chat sandbox tests and documentation."
OEvortex/Webscout,2259a87564878eaea1df5c2fe8a85238e4b7477e,2025-12,7,post,2025-12-20T13:27:42+05:30,2025-12-20T13:27:42+05:30,u99c389b1b7bfbd23,u99c389b1b7bfbd23@users.invalid,u99c389b1b7bfbd23,u99c389b1b7bfbd23@users.invalid,1,0,39,531,1007,15,529,481,,,,,,0,,"feat: Implement new `webscout` module for HTML parsing and web analysis, and remove obsolete `test_chatsandbox` files.","feat: Implement new `webscout` module for HTML parsing and web analysis, and remove obsolete `test_chatsandbox` files."
OEvortex/Webscout,4492e68156d944b9f9480ebba732f5e565997684,2025-12,7,post,2025-12-20T13:32:52+05:30,2025-12-20T13:32:52+05:30,u99c389b1b7bfbd23,u99c389b1b7bfbd23@users.invalid,u99c389b1b7bfbd23,u99c389b1b7bfbd23@users.invalid,1,0,4,219,68,3,218,67,,,,,,0,,"fix(scout): apply ruff fixes, remove direct BeautifulSoup mentions, and fix text_utils formatting","fix(scout): apply ruff fixes, remove direct BeautifulSoup mentions, and fix text_utils formatting"
OEvortex/Webscout,7cc42d41f63399bd2ef1699f4c29ce8e59647455,2025-12,7,post,2025-12-20T13:38:35+05:30,2025-12-20T13:38:35+05:30,u99c389b1b7bfbd23,u99c389b1b7bfbd23@users.invalid,u99c389b1b7bfbd23,u99c389b1b7bfbd23@users.invalid,1,0,1,2,0,0,0,0,,,,,,0,,feat: Enhance ChatSandbox providers by expanding available models and improving response extraction.,feat: Enhance ChatSandbox providers by expanding available models and improving response extraction.
OEvortex/Webscout,f1f6793fd3027b976c3ddb2d295688cd69183d4d,2025-12,7,post,2025-12-20T14:01:51+05:30,2025-12-20T14:01:51+05:30,u99c389b1b7bfbd23,u99c389b1b7bfbd23@users.invalid,u99c389b1b7bfbd23,u99c389b1b7bfbd23@users.invalid,1,0,5,156,42,3,152,39,,,,,,0,,fix: Fixed TypefullyAI provider returning empty responses,"fix: Fixed TypefullyAI provider returning empty responses

- Fixed critical bug in webscout/Provider/typefully.py where TypefullyAI
  provider was returning empty responses due to incorrect streaming parser
- Root cause: Wrong regex pattern expecting  format instead of
  actual Typefully AI SSE format
- Solution: Implemented _typefully_extractor method and updated streaming
  logic to use sanitize_stream with proper content extraction
- Updated bug.md status from FAILED to SUCCESS
- Also improved IBM provider authentication with dynamic token fetching"
OEvortex/Webscout,6b20fa9562b0b00dec257d3d4731af9eeb33b657,2025-12,7,post,2025-12-20T14:21:44+05:30,2025-12-20T14:21:44+05:30,u99c389b1b7bfbd23,u99c389b1b7bfbd23@users.invalid,u99c389b1b7bfbd23,u99c389b1b7bfbd23@users.invalid,1,0,3,132,168,1,131,102,,,,,,0,,"feat: Implement Typefully AI as an OpenAI-compatible provider, delete `bug.md`, and update `changelog.md`.","feat: Implement Typefully AI as an OpenAI-compatible provider, delete `bug.md`, and update `changelog.md`."
OEvortex/Webscout,3e368fcc80150bee90f9397be6975f0d6a4f4a46,2025-12,7,post,2025-12-20T15:12:41+05:30,2025-12-20T15:12:41+05:30,u99c389b1b7bfbd23,u99c389b1b7bfbd23@users.invalid,u99c389b1b7bfbd23,u99c389b1b7bfbd23@users.invalid,1,0,13,1191,705,10,1018,114,,,,,,0,,feat: implement Hugging Face provider (standalone & OpenAI-compatible),feat: implement Hugging Face provider (standalone & OpenAI-compatible)
OEvortex/Webscout,9a143460217b1e686891e5f32bba91f6252afb40,2025-12,7,post,2025-12-20T15:16:14+05:30,2025-12-20T15:16:14+05:30,u99c389b1b7bfbd23,u99c389b1b7bfbd23@users.invalid,u99c389b1b7bfbd23,u99c389b1b7bfbd23@users.invalid,1,0,8,898,91,5,574,12,,,,,,0,,feat: implement Nvidia NIM provider (standalone & OpenAI-compatible),feat: implement Nvidia NIM provider (standalone & OpenAI-compatible)
OEvortex/Webscout,31be6c1c6421faba78a1cb96501af560723e2d67,2025-12,7,post,2025-12-20T16:29:15+05:30,2025-12-20T16:29:15+05:30,u99c389b1b7bfbd23,u99c389b1b7bfbd23@users.invalid,u99c389b1b7bfbd23,u99c389b1b7bfbd23@users.invalid,1,0,10,295,175,10,295,175,,,,,,0,,"feat: introduce new AI providers for Cohere, ChatHub, Youchat, cleeai, julius, ExaAI, Gemini, Cerebras, and Andi.","feat: introduce new AI providers for Cohere, ChatHub, Youchat, cleeai, julius, ExaAI, Gemini, Cerebras, and Andi."
OEvortex/Webscout,8118c55b91b99a865315fdca8f26a04d64ea4069,2025-12,7,post,2025-12-20T18:08:22+05:30,2025-12-20T18:08:22+05:30,uc74c24cf93966045,uc74c24cf93966045@users.invalid,GitHub,noreply@github.com,2,1,0,0,0,0,0,0,,,,,,0,109,Merge pull request #109 from OEvortex/feature/better-client,"Merge pull request #109 from OEvortex/feature/better-client

Feature/better client"
OEvortex/Webscout,fba61bdbda4f6cc73f6cb7363eaaa1882a36225d,2025-12,7,post,2025-12-20T12:38:57Z,2025-12-20T12:38:57Z,github-actions[bot],github-actions[bot]@users.noreply.github.com,github-actions[bot],github-actions[bot]@users.noreply.github.com,1,0,1,1,1,1,1,1,,,,,github-actions,0,,🔖 Bump version to 2025.12.20,🔖 Bump version to 2025.12.20
OEvortex/Webscout,f68010a44324bc419e1c124229651473feda51b1,2025-12,7,post,2025-12-20T18:40:45+05:30,2025-12-20T18:40:45+05:30,u99c389b1b7bfbd23,u99c389b1b7bfbd23@users.invalid,u99c389b1b7bfbd23,u99c389b1b7bfbd23@users.invalid,1,0,267,5084,4577,264,5040,4572,,,,,,0,,Refactor utility functions and improve code organization,"Refactor utility functions and improve code organization

- Rearranged imports in `__init__.py` for better readability.
- Cleaned up formatting functions in `formatting.py`, ensuring consistent spacing and organization.
- Enhanced argument parsing logic in `parsing.py`, improving clarity and structure.
- Updated update checker logic in `update_checker.py` for better error handling and readability.
- Minor adjustments in `utils.py` for consistency.
- Improved font management in `zeroart` module, enhancing readability and organization of font classes.
- Refined ASCII art effects in `effects.py`, ensuring consistent formatting and structure.
- General code cleanup across multiple files to enhance maintainability and readability.

Signed-off-by: u99c389b1b7bfbd23 <u99c389b1b7bfbd23@users.invalid>"
OEvortex/Webscout,71fad5ad06b6b800ee194be4e184215384380a0f,2025-12,7,post,2025-12-20T18:41:54+05:30,2025-12-20T18:41:54+05:30,u99c389b1b7bfbd23,u99c389b1b7bfbd23@users.invalid,u99c389b1b7bfbd23,u99c389b1b7bfbd23@users.invalid,1,0,1,0,24,0,0,0,,,,,,0,,chore: remove package.json file,"chore: remove package.json file

Signed-off-by: u99c389b1b7bfbd23 <u99c389b1b7bfbd23@users.invalid>"
OEvortex/Webscout,210356e867404d3ade358e28570b32334cfad762,2025-12,7,post,2025-12-20T19:22:21+05:30,2025-12-20T19:22:21+05:30,u99c389b1b7bfbd23,u99c389b1b7bfbd23@users.invalid,u99c389b1b7bfbd23,u99c389b1b7bfbd23@users.invalid,1,0,1,1,1,1,1,1,,,,,,0,,chore: update version to 2025.12.20,"chore: update version to 2025.12.20

Signed-off-by: u99c389b1b7bfbd23 <u99c389b1b7bfbd23@users.invalid>"
OEvortex/Webscout,ddbfeb0ea4b15db08a782ad5dbb6513805de51d9,2025-12,7,post,2025-12-20T21:41:29+05:30,2025-12-20T21:41:29+05:30,u99c389b1b7bfbd23,u99c389b1b7bfbd23@users.invalid,u99c389b1b7bfbd23,u99c389b1b7bfbd23@users.invalid,1,0,73,993,750,72,990,750,,,,,,0,,Refactor provider classes to use Optional types for parameters and update return types to Response. - Added new exceptions for connection and invalid optimizers. - Updated search engine interfaces to return specific result types. - Improved handling of responses in chat methods across various providers. - Enhanced conversation management with optional parameters.,"Refactor provider classes to use Optional types for parameters and update return types to Response.
- Added new exceptions for connection and invalid optimizers.
- Updated search engine interfaces to return specific result types.
- Improved handling of responses in chat methods across various providers.
- Enhanced conversation management with optional parameters.

Signed-off-by: u99c389b1b7bfbd23 <u99c389b1b7bfbd23@users.invalid>"
OEvortex/Webscout,cf66335cad8db6f93eabc30a75ad889379594ad5,2025-12,7,post,2025-12-21T11:44:43+05:30,2025-12-21T11:44:43+05:30,u99c389b1b7bfbd23,u99c389b1b7bfbd23@users.invalid,u99c389b1b7bfbd23,u99c389b1b7bfbd23@users.invalid,1,0,5,220,77,4,217,77,,,,,,0,,refactor: enhance DeepInfra providers with dynamic model fetching and cleanup; remove YEPCHAT provider,"refactor: enhance DeepInfra providers with dynamic model fetching and cleanup; remove YEPCHAT provider

Signed-off-by: u99c389b1b7bfbd23 <u99c389b1b7bfbd23@users.invalid>"
OEvortex/Webscout,9bd0888405ac8ef229e59542237d35021c4db4f8,2025-12,7,post,2025-12-21T11:49:51+05:30,2025-12-21T11:49:51+05:30,uc74c24cf93966045,uc74c24cf93966045@users.invalid,GitHub,noreply@github.com,2,1,0,0,0,0,0,0,,,,,,0,110,Merge pull request #110 from OEvortex/fix-ruff,"Merge pull request #110 from OEvortex/fix-ruff

Fix ruff"
OEvortex/Webscout,c1eed6f2a5fe9d03b9fbd354c8d5a5242abf0c80,2025-12,7,post,2025-12-21T06:20:23Z,2025-12-21T06:20:23Z,github-actions[bot],github-actions[bot]@users.noreply.github.com,github-actions[bot],github-actions[bot]@users.noreply.github.com,1,0,1,1,1,1,1,1,,,,,github-actions,0,,🔖 Bump version to 2025.12.21,🔖 Bump version to 2025.12.21
OEvortex/Webscout,da404b85f9a1f1e3598912d8adde699f206e1aaf,2025-12,7,post,2025-12-25T18:05:25+05:30,2025-12-25T18:05:25+05:30,u99c389b1b7bfbd23,u99c389b1b7bfbd23@users.invalid,u99c389b1b7bfbd23,u99c389b1b7bfbd23@users.invalid,1,0,6,146,3,3,14,3,AGENTS.md,,,,,0,,feat: add new models to HadadXYZ and QwenLM providers; create agent instructions documentation,"feat: add new models to HadadXYZ and QwenLM providers; create agent instructions documentation

Signed-off-by: u99c389b1b7bfbd23 <u99c389b1b7bfbd23@users.invalid>"
OEvortex/Webscout,31d5ed7eb797b957bc4a29b3bb00dd7b59bbc4cf,2025-12,7,post,2025-12-25T12:36:09Z,2025-12-25T12:36:09Z,github-actions[bot],github-actions[bot]@users.noreply.github.com,github-actions[bot],github-actions[bot]@users.noreply.github.com,1,0,1,1,1,1,1,1,,,,,github-actions,0,,🔖 Bump version to 2025.12.25,🔖 Bump version to 2025.12.25
OEvortex/Webscout,97089443d3460e9a701dd560b7aaffe671ab2992,2025-12,7,post,2025-12-26T14:07:34+05:30,2025-12-26T14:07:34+05:30,u99c389b1b7bfbd23,u99c389b1b7bfbd23@users.invalid,u99c389b1b7bfbd23,u99c389b1b7bfbd23@users.invalid,1,0,221,2746,2449,220,2707,2449,,,,,,0,,Refactor type hints and improve error handling across various modules,"Refactor type hints and improve error handling across various modules

- Updated type hints to use Optional where applicable in multiple files including `mojeek.py`, `wikipedia.py`, and Yahoo-related modules.
- Added default empty string for keywords in search functions to prevent NoneType issues.
- Enhanced error handling in Yep search modules to use getattr for response checking.
- Improved JSON handling in `utils.py` to ensure compatibility with orjson and standard json.
- Refactored server request processing to handle error responses more robustly.
- Adjusted command and option decorators in `swiftcli` to accept Optional parameters.
- General cleanup and consistency improvements in type annotations and error messages throughout the codebase.

Signed-off-by: u99c389b1b7bfbd23 <u99c389b1b7bfbd23@users.invalid>"
OEvortex/Webscout,f3bdfa3c48739fea2882b4443b0890f2aad77ed1,2025-12,7,post,2025-12-27T14:36:01+05:30,2025-12-27T14:36:01+05:30,u99c389b1b7bfbd23,u99c389b1b7bfbd23@users.invalid,u99c389b1b7bfbd23,u99c389b1b7bfbd23@users.invalid,1,0,27,1353,745,16,580,414,AGENTS.md,,,,,0,,Rename Deepinfra to DeepInfra,"Rename Deepinfra to DeepInfra

- Update provider exports to reference DeepInfra
- Move webscout/swiftcli Readme.md to docs/swiftcli.md
- Add ZeroArt documentation and docs/zeroart.md
- Remove orjson from pyproject.toml and adjust deps
- Apply minor typing/import cleanups across modules
- Add cookies.json fixture and sample script (lol.py)
- Update AGENTS.md and related README references"
OEvortex/Webscout,d8304114cb35ba7e37a1d1ebc77b01fc05da4394,2025-12,7,post,2025-12-27T15:16:11+05:30,2025-12-27T15:16:11+05:30,u99c389b1b7bfbd23,u99c389b1b7bfbd23@users.invalid,u99c389b1b7bfbd23,u99c389b1b7bfbd23@users.invalid,1,0,160,1610,3344,151,1586,3144,AGENTS.md,,,,,0,,Refactor: normalize typing imports,"Refactor: normalize typing imports

- Normalize typing imports across modules (consistent order) (Any, Dict,
  Generator, List, Optional, Union, cast)
- Remove deprecated providers: Venice, YEP, VercelAI"
OEvortex/Webscout,c9cf34489d70d69b60cde472839adcae2427144f,2025-12,7,post,2025-12-27T18:13:07+05:30,2025-12-27T18:13:07+05:30,u99c389b1b7bfbd23,u99c389b1b7bfbd23@users.invalid,u99c389b1b7bfbd23,u99c389b1b7bfbd23@users.invalid,1,0,1,57,49,1,57,49,,,,,,0,,refactor: clean up code formatting and improve readability in SonusAI class,"refactor: clean up code formatting and improve readability in SonusAI class

Signed-off-by: u99c389b1b7bfbd23 <u99c389b1b7bfbd23@users.invalid>"
OEvortex/Webscout,41e9399646a9a273ffab1b0dc5fb39afc51406ae,2025-12,7,post,2025-12-27T18:13:58+05:30,2025-12-27T18:13:58+05:30,u99c389b1b7bfbd23,u99c389b1b7bfbd23@users.invalid,u99c389b1b7bfbd23,u99c389b1b7bfbd23@users.invalid,1,0,49,1402,1743,44,1235,897,AGENTS.md,,,,,0,,Refactor code for improved readability and maintainability,"Refactor code for improved readability and maintainability

- Removed unnecessary blank lines and added type hints in various files for better clarity.
- Updated the `llmchat.py`, `llmchatco.py`, and `oivscode.py` files to enhance import organization.
- Enhanced the `text`, `images`, `videos`, `news`, `weather`, `answers`, `suggestions`, `translate`, and `maps` functions in `cli.py` to check for method existence before calling, improving error handling.
- Introduced a new `InvalidResponseError` exception in `exceptions.py` for better API response validation.
- Improved type hinting and added docstrings in `litagent/agent.py` for better code documentation.
- Updated `http_client.py` to ensure consistent formatting and improved readability.
- Enhanced server configuration handling in `server.py` for better clarity and maintainability.
- Improved the `update_checker.py` to handle version retrieval more gracefully.

Signed-off-by: u99c389b1b7bfbd23 <u99c389b1b7bfbd23@users.invalid>"
OEvortex/Webscout,762350f69c952e6278781824f37e57349eb223fd,2025-12,7,post,2025-12-27T18:40:17+05:30,2025-12-27T18:40:17+05:30,u99c389b1b7bfbd23,u99c389b1b7bfbd23@users.invalid,u99c389b1b7bfbd23,u99c389b1b7bfbd23@users.invalid,1,0,42,1887,1518,42,1887,1518,,,,,,0,,Refactor and enhance codebase for improved readability and functionality,"Refactor and enhance codebase for improved readability and functionality

- Updated type hints across various modules for better clarity and type safety.
- Consolidated parameter handling in TTS provider methods to utilize **kwargs for flexibility.
- Improved error handling and response extraction in multiple AI provider classes.
- Standardized the use of Optional and Union types for better type hinting consistency.
- Refactored initialization methods in TTS providers to accept Optional dict for proxies.
- Enhanced streaming response handling in ChatHub and other AI classes.
- Cleaned up unused imports and improved import statements for clarity.
- Fixed minor bugs related to response handling and parameter defaults.

Signed-off-by: u99c389b1b7bfbd23 <u99c389b1b7bfbd23@users.invalid>"
OEvortex/Webscout,77b426a02133ee4299db61bb781ed52682b281f4,2025-12,7,post,2025-12-27T19:03:21+05:30,2025-12-27T19:03:21+05:30,u99c389b1b7bfbd23,u99c389b1b7bfbd23@users.invalid,u99c389b1b7bfbd23,u99c389b1b7bfbd23@users.invalid,1,0,32,1171,937,32,1171,937,,,,,,0,,Refactor code for consistency and readability across multiple providers,"Refactor code for consistency and readability across multiple providers

- Updated constructor and method signatures to use double quotes for strings.
- Added missing commas in dictionary and list definitions for better readability.
- Improved error handling and response extraction in various providers.
- Enhanced type hinting and added TypedDict for structured data in DuckDuckGo weather.
- Streamlined the TTS providers by consolidating parameters and improving default handling.
- Ensured consistent logging and debugging output across providers.
- Fixed minor formatting issues and ensured compliance with PEP 8 style guide.

Signed-off-by: u99c389b1b7bfbd23 <u99c389b1b7bfbd23@users.invalid>"
OEvortex/Webscout,9bbf518dd9876c5504b628ab3be4e81e3df5a791,2025-12,7,post,2025-12-27T20:09:21+05:30,2025-12-27T20:09:21+05:30,u99c389b1b7bfbd23,u99c389b1b7bfbd23@users.invalid,u99c389b1b7bfbd23,u99c389b1b7bfbd23@users.invalid,1,0,45,765,396,45,765,396,,,,,,0,,Refactor and enhance type hints across multiple modules,"Refactor and enhance type hints across multiple modules

- Added type hints for better clarity and type safety in `learnfastai.py`, `llama3mitril.py`, `llmchat.py`, `llmchatco.py`, `oivscode.py`, `sonus.py`, `toolbaz.py`, `turboseek.py`, `typefully.py`, and `crawler.py`.
- Improved response handling in `llmchat.py`, `llmchatco.py`, `sonus.py`, and `toolbaz.py` by ensuring proper type checks and casting.
- Updated `ScoutCrawler` to handle user-agent strings more robustly and ensure compatibility with optional dependencies.
- Enhanced HTML parsing in `html5lib_parser.py`, `html_parser.py`, and `lxml_parser.py` to support both string and bytes input.
- Improved error handling and validation in `duckduckgo` search engines and server request models.
- General code cleanup and consistency improvements across various files, including better handling of optional parameters and default values.

Signed-off-by: u99c389b1b7bfbd23 <u99c389b1b7bfbd23@users.invalid>"
OEvortex/Webscout,fb189c63a2102d31a674c65d3227f682f96575e9,2025-12,7,post,2025-12-27T20:25:21+05:30,2025-12-27T20:25:21+05:30,u99c389b1b7bfbd23,u99c389b1b7bfbd23@users.invalid,u99c389b1b7bfbd23,u99c389b1b7bfbd23@users.invalid,1,0,21,74,52,19,71,50,AGENTS.md,,,,,0,,refactor: improve code readability and maintainability across multiple files,"refactor: improve code readability and maintainability across multiple files

Signed-off-by: u99c389b1b7bfbd23 <u99c389b1b7bfbd23@users.invalid>"
OEvortex/Webscout,e4ab01131b4105fa4004568cb8d68711bb641c1b,2025-12,7,post,2025-12-27T21:30:40+05:30,2025-12-27T21:30:40+05:30,u99c389b1b7bfbd23,u99c389b1b7bfbd23@users.invalid,u99c389b1b7bfbd23,u99c389b1b7bfbd23@users.invalid,1,0,12,98,87,12,98,87,,,,,,0,,refactor: enhance response handling and type consistency across multiple providers,"refactor: enhance response handling and type consistency across multiple providers

Signed-off-by: u99c389b1b7bfbd23 <u99c389b1b7bfbd23@users.invalid>"
OEvortex/Webscout,028d7ad3cdf23ac96d87e6ed54e46efe1f4f3246,2025-12,7,post,2025-12-27T23:04:06+05:30,2025-12-27T23:04:06+05:30,u99c389b1b7bfbd23,u99c389b1b7bfbd23@users.invalid,u99c389b1b7bfbd23,u99c389b1b7bfbd23@users.invalid,1,0,2,2,8,1,0,7,,,,,,0,,refactor: update .gitignore and remove unused lol.py file,"refactor: update .gitignore and remove unused lol.py file

Signed-off-by: u99c389b1b7bfbd23 <u99c389b1b7bfbd23@users.invalid>"
OEvortex/Webscout,f5abfb9e28830c42d3a028acc59d2d4e9b22d401,2025-12,7,post,2025-12-29T19:54:26+05:30,2025-12-29T19:54:26+05:30,u99c389b1b7bfbd23,u99c389b1b7bfbd23@users.invalid,u99c389b1b7bfbd23,u99c389b1b7bfbd23@users.invalid,1,0,7,732,9,5,723,3,,,,,,0,,feat: add OpenRouter provider with dynamic model fetching and LitAgent integration,"feat: add OpenRouter provider with dynamic model fetching and LitAgent integration

Signed-off-by: u99c389b1b7bfbd23 <u99c389b1b7bfbd23@users.invalid>"
OEvortex/Webscout,d2a26c3d09a8ac2654d623634f45a947a881f8e3,2026-01,8,post,2026-01-01T11:23:12+05:30,2026-01-01T11:23:12+05:30,u99c389b1b7bfbd23,u99c389b1b7bfbd23@users.invalid,u99c389b1b7bfbd23,u99c389b1b7bfbd23@users.invalid,1,0,7,38,18,1,22,6,AGENTS.md,,,,,0,,feat: Remove beautifulsoup4 dependency and use webscout/scout exclusively,"feat: Remove beautifulsoup4 dependency and use webscout/scout exclusively

- Remove beautifulsoup4 from pyproject.toml parser dependencies
- Update changelog.md to remove beautifulsoup4 references for 2026.01.01
- Update docs/scout.md to focus on webscout/scout native implementation
- Fix huggingface_hub ModuleNotFoundError with lazy imports in gguf.py
- Update README.md with GGUF lazy import note for 2026.01.01

All HTML parsing now uses webscout/scout module exclusively, simplifying dependencies
and improving consistency across the codebase."
OEvortex/Webscout,23ce8058256898f0dc39d16472009347c476faac,2026-01,8,post,2026-01-01T11:23:45+05:30,2026-01-01T11:23:45+05:30,u99c389b1b7bfbd23,u99c389b1b7bfbd23@users.invalid,u99c389b1b7bfbd23,u99c389b1b7bfbd23@users.invalid,1,0,1,1,1,1,1,1,,,,,,0,,chore: Update version to 2026.01.01 for release,chore: Update version to 2026.01.01 for release
OEvortex/Webscout,eebde682e1abbb8a59951bd257e3b08f71e2903a,2026-01,8,post,2026-01-01T17:28:20+05:30,2026-01-01T17:28:20+05:30,u99c389b1b7bfbd23,u99c389b1b7bfbd23@users.invalid,u99c389b1b7bfbd23,u99c389b1b7bfbd23@users.invalid,1,0,19,250,371,16,243,177,,,,,,0,,Auto-commit: saving uncommitted changes,Auto-commit: saving uncommitted changes
OEvortex/Webscout,3e94260bf5590db85a85152c4e0341cb44ccb8a6,2026-01,8,post,2026-01-01T17:30:26+05:30,2026-01-01T17:30:26+05:30,uc74c24cf93966045,uc74c24cf93966045@users.invalid,GitHub,noreply@github.com,2,1,0,0,0,0,0,0,,,,,,0,,Merge branch 'main' into new/2026,"Merge branch 'main' into new/2026

Signed-off-by: uc74c24cf93966045 <uc74c24cf93966045@users.invalid>"
OEvortex/Webscout,acc6203efb1a91d24a8648983988f9602fae0ab5,2026-01,8,post,2026-01-01T17:30:59+05:30,2026-01-01T17:30:59+05:30,uc74c24cf93966045,uc74c24cf93966045@users.invalid,GitHub,noreply@github.com,2,1,0,0,0,0,0,0,,,,,,0,112,Merge pull request #112 from OEvortex/new/2026,"Merge pull request #112 from OEvortex/new/2026

New providers and removed unused imports and packages"
OEvortex/Webscout,fc11e8ab0424a7ffcbee512bb9f375419f919c64,2026-01,8,post,2026-01-01T12:01:36Z,2026-01-01T12:01:36Z,github-actions[bot],github-actions[bot]@users.noreply.github.com,github-actions[bot],github-actions[bot]@users.noreply.github.com,1,0,1,1,1,1,1,1,,,,,github-actions,0,,🔖 Bump version to 2026.1.1,🔖 Bump version to 2026.1.1
OEvortex/Webscout,4cb6a3db5c939051224a3e9dda4d27fdbba52c82,2026-01,8,post,2026-01-01T18:09:13+05:30,2026-01-01T18:09:13+05:30,u99c389b1b7bfbd23,u99c389b1b7bfbd23@users.invalid,u99c389b1b7bfbd23,u99c389b1b7bfbd23@users.invalid,1,0,1,68,43,1,68,43,,,,,,0,,Resolve merge conflict in iask_search.py by accepting upstream changes,Resolve merge conflict in iask_search.py by accepting upstream changes
OEvortex/Webscout,a0d67e3c349c6276c2c973c05a0074bfa448b3cc,2026-01,8,post,2026-01-01T18:09:25+05:30,2026-01-01T18:09:25+05:30,u99c389b1b7bfbd23,u99c389b1b7bfbd23@users.invalid,u99c389b1b7bfbd23,u99c389b1b7bfbd23@users.invalid,1,0,2,32,105,0,0,0,,,,,,0,,Commit local changes to .gitignore and uv.lock before pull,Commit local changes to .gitignore and uv.lock before pull
OEvortex/Webscout,b916c18ba5b7d3ac0ad1c5e86f479c7f83cc8f52,2026-01,8,post,2026-01-01T18:09:40+05:30,2026-01-01T18:09:40+05:30,u99c389b1b7bfbd23,u99c389b1b7bfbd23@users.invalid,u99c389b1b7bfbd23,u99c389b1b7bfbd23@users.invalid,2,1,0,0,0,0,0,0,,,,,,0,,Resolve merge conflicts by accepting upstream versions,Resolve merge conflicts by accepting upstream versions
OEvortex/Webscout,8378ce321d8ecafd2e8b42e24b57ce16d9658294,2026-01,8,post,2026-01-06T21:01:50+05:30,2026-01-06T21:01:50+05:30,u99c389b1b7bfbd23,u99c389b1b7bfbd23@users.invalid,u99c389b1b7bfbd23,u99c389b1b7bfbd23@users.invalid,1,0,16,524,484,12,503,466,AGENTS.md,,,,,0,,feat: Update Gemini and Bard providers to support only Gemini 3.x models,"feat: Update Gemini and Bard providers to support only Gemini 3.x models

- Remove all Gemini 1.x and 2.x model references from MODEL_ALIASES
- Update default model from gemini-2.5-flash to gemini-3.0-flash
- Update docstring to reflect correct available model aliases
- Bard provider now only exposes Gemini 3.x models for legacy compatibility

Closes #PERPLEXED streaming fix and model standardization"
OEvortex/Webscout,7b02fb644ba2475cbdd6493019165316fba78eba,2026-01,8,post,2026-01-06T15:32:48Z,2026-01-06T15:32:48Z,github-actions[bot],github-actions[bot]@users.noreply.github.com,github-actions[bot],github-actions[bot]@users.noreply.github.com,1,0,1,1,1,1,1,1,,,,,github-actions,0,,🔖 Bump version to 2026.1.6,🔖 Bump version to 2026.1.6
OEvortex/Webscout,17b8f042ff5ed963c5860b9a3605d7f97e5a9911,2026-01,8,post,2026-01-15T14:06:45+05:30,2026-01-15T14:06:45+05:30,u99c389b1b7bfbd23,u99c389b1b7bfbd23@users.invalid,u99c389b1b7bfbd23,u99c389b1b7bfbd23@users.invalid,1,0,20,325,48,18,285,38,AGENTS.md,C,,,,0,,feat: Add BraveAI provider for AI-generated responses using Brave Search,"feat: Add BraveAI provider for AI-generated responses using Brave Search

Signed-off-by: u99c389b1b7bfbd23 <u99c389b1b7bfbd23@users.invalid>"
OEvortex/Webscout,1d41addd824678f1edf7fc0cb0416ca70ea5eb10,2026-01,8,post,2026-01-15T14:26:44+05:30,2026-01-15T14:26:44+05:30,u99c389b1b7bfbd23,u99c389b1b7bfbd23@users.invalid,u99c389b1b7bfbd23,u99c389b1b7bfbd23@users.invalid,1,0,3,257,152,1,25,11,AGENTS.md,,,,,0,,feat: Enhance BraveAI provider with additional parameters for research and localization,"feat: Enhance BraveAI provider with additional parameters for research and localization

Signed-off-by: u99c389b1b7bfbd23 <u99c389b1b7bfbd23@users.invalid>"
OEvortex/Webscout,c8599d19f3e20e20860b88d11465fe1797c8a4e0,2026-01,8,post,2026-01-15T14:40:58+05:30,2026-01-15T14:40:58+05:30,u99c389b1b7bfbd23,u99c389b1b7bfbd23@users.invalid,u99c389b1b7bfbd23,u99c389b1b7bfbd23@users.invalid,1,0,2,53,13,1,50,10,AGENTS.md,,,,,0,,feat: Update BraveAI provider to support additional parameters for language and localization,"feat: Update BraveAI provider to support additional parameters for language and localization

Signed-off-by: u99c389b1b7bfbd23 <u99c389b1b7bfbd23@users.invalid>"
OEvortex/Webscout,27f7e582a732edf2f670619698fe9d48557e3ddf,2026-01,8,post,2026-01-15T09:27:59Z,2026-01-15T09:27:59Z,u99c389b1b7bfbd23,u99c389b1b7bfbd23@users.invalid,u99c389b1b7bfbd23,u99c389b1b7bfbd23@users.invalid,1,0,1,5,0,0,0,0,,,,,,0,,"Jan 15, 2026, 2:57 PM","Jan 15, 2026, 2:57 PM"
OEvortex/Webscout,3e394b2ce6945d2777b2d1cb1e986c305e5fadfa,2026-01,8,post,2026-01-15T09:29:05Z,2026-01-15T09:29:05Z,u99c389b1b7bfbd23,u99c389b1b7bfbd23@users.invalid,u99c389b1b7bfbd23,u99c389b1b7bfbd23@users.invalid,1,0,2,1,3,0,0,0,AGENTS.md,,,,,0,,"Jan 15, 2026, 2:59 PM","Jan 15, 2026, 2:59 PM"
OEvortex/Webscout,05dd54a0ba35cd5ce648a3200793deec1863806f,2026-01,8,post,2026-01-15T09:38:19Z,2026-01-15T09:38:19Z,u99c389b1b7bfbd23,u99c389b1b7bfbd23@users.invalid,u99c389b1b7bfbd23,u99c389b1b7bfbd23@users.invalid,1,0,2,542,0,2,542,0,,,,,,0,,"Jan 15, 2026, 3:08 PM","Jan 15, 2026, 3:08 PM"
OEvortex/Webscout,0dbcb783c002e424de5360a03b68dec0fb2f17d8,2026-01,8,post,2026-01-15T09:39:57Z,2026-01-15T09:39:57Z,u99c389b1b7bfbd23,u99c389b1b7bfbd23@users.invalid,u99c389b1b7bfbd23,u99c389b1b7bfbd23@users.invalid,1,0,2,19,1,2,19,1,,,,,,0,,"Jan 15, 2026, 3:09 PM","Jan 15, 2026, 3:09 PM"
OEvortex/Webscout,655c285159f27629c21b979167839e83a073f2b9,2026-01,8,post,2026-01-15T16:05:04+05:30,2026-01-15T16:05:04+05:30,u99c389b1b7bfbd23,u99c389b1b7bfbd23@users.invalid,u99c389b1b7bfbd23,u99c389b1b7bfbd23@users.invalid,1,0,6,351,560,3,0,560,AGENTS.md,,,,,0,,feat: Add agent orchestration and subagent definitions for enhanced AI capabilities; remove unused ChatZAI provider and line counter script; introduce docstring and reverse engineering agents,"feat: Add agent orchestration and subagent definitions for enhanced AI capabilities; remove unused ChatZAI provider and line counter script; introduce docstring and reverse engineering agents

Signed-off-by: u99c389b1b7bfbd23 <u99c389b1b7bfbd23@users.invalid>"
OEvortex/Webscout,251938fc0ac0fc582079ff1ed12e3405741a2c61,2026-01,8,post,2026-01-16T15:53:35+05:30,2026-01-16T15:53:35+05:30,u99c389b1b7bfbd23,u99c389b1b7bfbd23@users.invalid,u99c389b1b7bfbd23,u99c389b1b7bfbd23@users.invalid,1,0,10,452,6,7,234,4,AGENTS.md,,,,,0,,feat: Implement BraveImages search engine and associated tests; refactor Brave engine; update documentation and usage instructions,"feat: Implement BraveImages search engine and associated tests; refactor Brave engine; update documentation and usage instructions

Signed-off-by: u99c389b1b7bfbd23 <u99c389b1b7bfbd23@users.invalid>"
OEvortex/Webscout,56775b41d30e0531c817f83245437f05553d4076,2026-01,8,post,2026-01-16T23:27:04+05:30,2026-01-16T23:27:04+05:30,u99c389b1b7bfbd23,u99c389b1b7bfbd23@users.invalid,u99c389b1b7bfbd23,u99c389b1b7bfbd23@users.invalid,1,0,17,1967,267,13,1842,254,AGENTS.md,,,,,0,,feat: Enhance Brave search functionality with new engines and improved parsing,"feat: Enhance Brave search functionality with new engines and improved parsing

- Updated the unified web search endpoint to include video search capabilities and enhanced suggestions handling.
- Added Brave search engines for text, images, news, suggestions, and videos with comprehensive parsing logic.
- Implemented unit tests for Brave text search parsing to ensure accuracy and reliability.
- Introduced a new BraveSearch class to unify search functionalities across different media types.
- Enhanced error handling in search engines to manage varying method signatures and improve robustness.

Signed-off-by: u99c389b1b7bfbd23 <u99c389b1b7bfbd23@users.invalid>"
OEvortex/Webscout,889649301c1a7adb270441b455e0c155d783fc5d,2026-01,8,post,2026-01-16T23:30:14+05:30,2026-01-16T23:30:14+05:30,u99c389b1b7bfbd23,u99c389b1b7bfbd23@users.invalid,u99c389b1b7bfbd23,u99c389b1b7bfbd23@users.invalid,1,0,1,0,63,1,0,63,,,,,,0,,feat: Remove deprecated testing script for Brave search engines,"feat: Remove deprecated testing script for Brave search engines

Signed-off-by: u99c389b1b7bfbd23 <u99c389b1b7bfbd23@users.invalid>"
OEvortex/Webscout,c6bde5776a2220770f4f32e9a8899426714da56d,2026-01,8,post,2026-01-16T23:31:07+05:30,2026-01-16T23:31:07+05:30,uc74c24cf93966045,uc74c24cf93966045@users.invalid,GitHub,noreply@github.com,2,1,0,0,0,0,0,0,,,,,,0,113,Merge pull request #113 from OEvortex/feature/search,"Merge pull request #113 from OEvortex/feature/search

[2026.01.16] - 2026-01-16"
OEvortex/Webscout,6793ed0a4e49a3b75c782ba390d145987f56a0d2,2026-01,8,post,2026-01-16T18:01:41Z,2026-01-16T18:01:41Z,github-actions[bot],github-actions[bot]@users.noreply.github.com,github-actions[bot],github-actions[bot]@users.noreply.github.com,1,0,1,1,1,1,1,1,,,,,github-actions,0,,🔖 Bump version to 2026.1.16,🔖 Bump version to 2026.1.16
OEvortex/Webscout,d28d844485ea75b661704cdb5f30bc02332b3f2d,2026-01,8,post,2026-01-17T22:21:56+05:30,2026-01-17T22:21:56+05:30,u99c389b1b7bfbd23,u99c389b1b7bfbd23@users.invalid,u99c389b1b7bfbd23,u99c389b1b7bfbd23@users.invalid,1,0,11,792,403,6,749,144,,,,,,0,,feat: Add lxml dependency and refactor search providers,"feat: Add lxml dependency and refactor search providers

- Added lxml>=5.2.2 to pyproject.toml and uv.lock for HTML parsing.
- Updated BraveAI search to disable research mode by default.
- Refactored IAsk search provider to use LitAgent and improved URL handling.
- Enhanced answer extraction and chunk processing in IAsk provider.
- Replaced cloudscraper with curl_cffi.requests.Session in AkashGPT provider for better performance.
- Enabled streaming in Sonus completions.
- Improved documentation across client and provider classes for clarity and usage examples.

Signed-off-by: u99c389b1b7bfbd23 <u99c389b1b7bfbd23@users.invalid>"
OEvortex/Webscout,2f3d7d95d61af9d49a3b24db64c0b03251502ef2,2026-01,8,post,2026-01-17T16:52:36Z,2026-01-17T16:52:36Z,github-actions[bot],github-actions[bot]@users.noreply.github.com,github-actions[bot],github-actions[bot]@users.noreply.github.com,1,0,1,1,1,1,1,1,,,,,github-actions,0,,🔖 Bump version to 2026.1.17,🔖 Bump version to 2026.1.17
OEvortex/Webscout,478ded01afb2f9fedef5baf8dbdeef6cede33cf6,2026-01,8,post,2026-01-18T11:03:38+05:30,2026-01-18T11:03:38+05:30,uc74c24cf93966045,uc74c24cf93966045@users.invalid,GitHub,noreply@github.com,1,0,1,0,2314,0,0,0,,,,,,0,,Delete uv.lock,"Delete uv.lock

Signed-off-by: uc74c24cf93966045 <uc74c24cf93966045@users.invalid>"
OEvortex/Webscout,90a028093a7c815d21241b717cdfc05318f8469e,2026-01,8,post,2026-01-18T05:34:08Z,2026-01-18T05:34:08Z,github-actions[bot],github-actions[bot]@users.noreply.github.com,github-actions[bot],github-actions[bot]@users.noreply.github.com,1,0,1,1,1,1,1,1,,,,,github-actions,0,,🔖 Bump version to 2026.1.18,🔖 Bump version to 2026.1.18
OEvortex/Webscout,055b53f4c7a0f5948cdd6d706fb1d862bce5ec64,2026-01,8,post,2026-01-19T13:59:23+05:30,2026-01-19T13:59:23+05:30,u99c389b1b7bfbd23,u99c389b1b7bfbd23@users.invalid,u99c389b1b7bfbd23,u99c389b1b7bfbd23@users.invalid,1,0,7,100,234,4,29,234,AGENTS.md,,,,,0,,feat: Update Ayle provider models and remove MiroMind integration; add tests for Ayle models,"feat: Update Ayle provider models and remove MiroMind integration; add tests for Ayle models

Signed-off-by: u99c389b1b7bfbd23 <u99c389b1b7bfbd23@users.invalid>"
OEvortex/Webscout,acfc3ce6fa6aadb7062a32feeaf74add26d4475f,2026-01,8,post,2026-01-19T08:30:11Z,2026-01-19T08:30:11Z,github-actions[bot],github-actions[bot]@users.noreply.github.com,github-actions[bot],github-actions[bot]@users.noreply.github.com,1,0,1,1,1,1,1,1,,,,,github-actions,0,,🔖 Bump version to 2026.1.19,🔖 Bump version to 2026.1.19
OEvortex/Webscout,97b684699d021589b3572471c2391ab7d9376c42,2026-01,8,post,2026-01-22T20:55:03+05:30,2026-01-22T20:55:03+05:30,u99c389b1b7bfbd23,u99c389b1b7bfbd23@users.invalid,u99c389b1b7bfbd23,u99c389b1b7bfbd23@users.invalid,1,0,2,0,615,2,0,615,,,,,,0,,chore: remove HadadXYZ provider implementations,chore: remove HadadXYZ provider implementations
OEvortex/Webscout,dac14945ffff4889e47ade70b9181d9e6857bd2d,2026-01,8,post,2026-01-22T20:58:23+05:30,2026-01-22T20:58:23+05:30,u99c389b1b7bfbd23,u99c389b1b7bfbd23@users.invalid,u99c389b1b7bfbd23,u99c389b1b7bfbd23@users.invalid,1,0,9,112,122,5,59,114,,,,,,0,,feat: Remove HadadXYZ provider implementations and enhance DeepInfra model filtering; add tests for OpenAI DeepInfra provider,"feat: Remove HadadXYZ provider implementations and enhance DeepInfra model filtering; add tests for OpenAI DeepInfra provider

Signed-off-by: u99c389b1b7bfbd23 <u99c389b1b7bfbd23@users.invalid>"
OEvortex/Webscout,cbeda581e3ca7f3e0782db9cec7bfd93b3e12931,2026-01,8,post,2026-01-22T20:58:26+05:30,2026-01-22T20:58:26+05:30,u99c389b1b7bfbd23,u99c389b1b7bfbd23@users.invalid,u99c389b1b7bfbd23,u99c389b1b7bfbd23@users.invalid,2,1,0,0,0,0,0,0,,,,,,0,,Merge branch 'main' of https://github.com/h182d2e74e7f2a8a0/Webscout,Merge branch 'main' of https://github.com/h182d2e74e7f2a8a0/Webscout
OEvortex/Webscout,5a78352c117d5d041f9cb1eb5c58e02c9b325856,2026-01,8,post,2026-01-22T15:29:06Z,2026-01-22T15:29:06Z,github-actions[bot],github-actions[bot]@users.noreply.github.com,github-actions[bot],github-actions[bot]@users.noreply.github.com,1,0,1,1,1,1,1,1,,,,,github-actions,0,,🔖 Bump version to 2026.1.22,🔖 Bump version to 2026.1.22
OEvortex/Webscout,750244581b93611e192efd4a19f1117b1d71f4f3,2026-01,8,post,2026-01-23T18:29:38+05:30,2026-01-23T18:29:38+05:30,u99c389b1b7bfbd23,u99c389b1b7bfbd23@users.invalid,u99c389b1b7bfbd23,u99c389b1b7bfbd23@users.invalid,1,0,7,759,304,4,733,300,,,,,,0,,feat: Move BraveAI provider to UNFINISHED folder; add AyeSoul provider implementation with streaming support and image upload functionality,"feat: Move BraveAI provider to UNFINISHED folder; add AyeSoul provider implementation with streaming support and image upload functionality

Signed-off-by: u99c389b1b7bfbd23 <u99c389b1b7bfbd23@users.invalid>"
OEvortex/Webscout,fd19823e6c9615f00862917a32b7d6b0343322c0,2026-01,8,post,2026-01-23T19:01:40+05:30,2026-01-23T19:01:40+05:30,u99c389b1b7bfbd23,u99c389b1b7bfbd23@users.invalid,u99c389b1b7bfbd23,u99c389b1b7bfbd23@users.invalid,1,0,2,12,8,2,12,8,,,,,,0,,feat: Add new grammar checker and AI humanizer provider implementations,"feat: Add new grammar checker and AI humanizer provider implementations

Signed-off-by: u99c389b1b7bfbd23 <u99c389b1b7bfbd23@users.invalid>"
OEvortex/Webscout,0230cb65a534741746c2359e91ebb5b4c1f1fe21,2026-01,8,post,2026-01-23T21:17:41+05:30,2026-01-23T21:17:41+05:30,u99c389b1b7bfbd23,u99c389b1b7bfbd23@users.invalid,u99c389b1b7bfbd23,u99c389b1b7bfbd23@users.invalid,1,0,2,272,0,2,272,0,,,,,,0,,feat: Add Pocket TTS provider implementation and include it in the TTS module,"feat: Add Pocket TTS provider implementation and include it in the TTS module

Signed-off-by: u99c389b1b7bfbd23 <u99c389b1b7bfbd23@users.invalid>"
OEvortex/Webscout,8519523662d51824dded72641a3efb13f3077d85,2026-01,8,post,2026-01-23T21:42:08+05:30,2026-01-23T21:42:08+05:30,u99c389b1b7bfbd23,u99c389b1b7bfbd23@users.invalid,u99c389b1b7bfbd23,u99c389b1b7bfbd23@users.invalid,1,0,4,539,106,2,258,106,AGENTS.md,,,,,0,,feat: Enhance Kyutai TTS provider with new models and comprehensive tests,"feat: Enhance Kyutai TTS provider with new models and comprehensive tests

Signed-off-by: u99c389b1b7bfbd23 <u99c389b1b7bfbd23@users.invalid>"
OEvortex/Webscout,e2373718755229c8a9f91b0fbb0058ba45ce2489,2026-01,8,post,2026-01-24T18:00:11+05:30,2026-01-24T18:00:11+05:30,u99c389b1b7bfbd23,u99c389b1b7bfbd23@users.invalid,u99c389b1b7bfbd23,u99c389b1b7bfbd23@users.invalid,1,0,86,6289,976,61,299,304,,,,,,0,,"Add Writecream, X0GPT, and Zenmux providers with chat completion functionality","Add Writecream, X0GPT, and Zenmux providers with chat completion functionality

- Implemented Writecream provider with support for chat completions, including streaming and non-streaming responses.
- Added X0GPT provider with a comprehensive chat completion system, handling both streaming and non-streaming requests.
- Developed Zenmux provider, integrating chat completion capabilities and handling tool calls.
- Each provider includes error handling, token counting, and response formatting to ensure compatibility with existing interfaces.

Signed-off-by: u99c389b1b7bfbd23 <u99c389b1b7bfbd23@users.invalid>"
OEvortex/Webscout,6fdaaaa48635c4c2d5b24da165acc23c591e4dc1,2026-01,8,post,2026-01-27T14:23:40+05:30,2026-01-27T14:23:40+05:30,u99c389b1b7bfbd23,u99c389b1b7bfbd23@users.invalid,u99c389b1b7bfbd23,u99c389b1b7bfbd23@users.invalid,1,0,3,3,211,1,0,78,AGENTS.md,,,,,0,,feat: Update DeepInfra provider by removing deprecated model list and enhancing task orchestration instructions,feat: Update DeepInfra provider by removing deprecated model list and enhancing task orchestration instructions
OEvortex/Webscout,6249adb7d148dedeabbb832e8e68e1952900aeeb,2026-01,8,post,2026-01-27T15:40:14+05:30,2026-01-27T15:40:14+05:30,u99c389b1b7bfbd23,u99c389b1b7bfbd23@users.invalid,u99c389b1b7bfbd23,u99c389b1b7bfbd23@users.invalid,1,0,12,1353,39,10,410,23,,,,,,0,,Implement non-blocking background model fetching with caching support,"Implement non-blocking background model fetching with caching support

- Refactor Cerebras, DeepInfra, Groq, OpenRouter, and oivscode providers to defer model fetching to a background thread during initialization.
- Introduce BackgroundModelFetcher for managing asynchronous model fetching and caching.
- Add ModelCache for thread-safe caching of model lists with TTL support.
- Create comprehensive tests for the background model fetching system, covering cache behavior, timeout handling, error handling, and concurrent initialization.
- Update QwenLM provider to reflect new model versions."
OEvortex/Webscout,d26d8c2278bfe12d54989d7addb9e76c06b2b35d,2026-01,8,post,2026-01-29T13:28:04+05:30,2026-01-29T13:28:04+05:30,u99c389b1b7bfbd23,u99c389b1b7bfbd23@users.invalid,u99c389b1b7bfbd23,u99c389b1b7bfbd23@users.invalid,1,0,8,1179,5,4,938,0,AGENTS.md,,,,,0,,feat: Add Upstage provider with OpenAI-compatible interface and implement streaming support fix: Update provider documentation and changelog for new Upstage integration test: Add unit tests for Upstage provider functionality and response handling refactor: Rename OPENAI directory to Openai_comp for consistency,"feat: Add Upstage provider with OpenAI-compatible interface and implement streaming support
fix: Update provider documentation and changelog for new Upstage integration
test: Add unit tests for Upstage provider functionality and response handling
refactor: Rename OPENAI directory to Openai_comp for consistency"
OEvortex/Webscout,53cc9d5e81087d92be3f9d06c92f423c8ab41dd2,2026-01,8,post,2026-01-29T14:36:05+05:30,2026-01-29T14:36:05+05:30,u99c389b1b7bfbd23,u99c389b1b7bfbd23@users.invalid,u99c389b1b7bfbd23,u99c389b1b7bfbd23@users.invalid,1,0,25,181,1535,24,155,1532,,,,,,0,,Refactor model fetching across providers to use non-blocking background fetch,"Refactor model fetching across providers to use non-blocking background fetch

- Introduced BackgroundModelFetcher to enable asynchronous model fetching.
- Updated TogetherAI, Algion, HuggingFace, Nvidia, TextPollinations, Sambanova, and other providers to initiate model fetching in the background during initialization.
- Removed direct model fetching calls from constructors to improve responsiveness.
- Deleted unused oivscode provider implementation.
- Added a sample script (lol.py) demonstrating usage of the OpenAI client with Algion API."
OEvortex/Webscout,e690925c85cd8892e1c2e6d19f3581aa97195f1d,2026-01,8,post,2026-01-29T16:18:18+05:30,2026-01-29T16:18:18+05:30,u99c389b1b7bfbd23,u99c389b1b7bfbd23@users.invalid,u99c389b1b7bfbd23,u99c389b1b7bfbd23@users.invalid,1,0,7,188,28,6,187,27,,,,,,0,,feat: Add ProxyManager utility for managing and rotating proxies with auto-fetching support refactor: Update model fetcher cache to use system temp directory and add debug logging chore: Remove unused lol.py file docs: Update changelog with new ProxyManager details,"feat: Add ProxyManager utility for managing and rotating proxies with auto-fetching support
refactor: Update model fetcher cache to use system temp directory and add debug logging
chore: Remove unused lol.py file
docs: Update changelog with new ProxyManager details"
OEvortex/Webscout,b0871e40409ade7c980dd166a0537c52de1f9638,2026-01,8,post,2026-01-29T16:39:28+05:30,2026-01-29T16:39:28+05:30,u99c389b1b7bfbd23,u99c389b1b7bfbd23@users.invalid,u99c389b1b7bfbd23,u99c389b1b7bfbd23@users.invalid,1,0,2,55,5,2,55,5,,,,,,0,,feat: Enhance ProxyManager with improved error handling and response validation,feat: Enhance ProxyManager with improved error handling and response validation
OEvortex/Webscout,eddefc9dd75a9cab796d7cce0b3d1446000c92cc,2026-01,8,post,2026-01-31T16:19:42+05:30,2026-01-31T16:19:42+05:30,u99c389b1b7bfbd23,u99c389b1b7bfbd23@users.invalid,u99c389b1b7bfbd23,u99c389b1b7bfbd23@users.invalid,1,0,29,83,73,27,67,72,,,,,,0,,feat: Improve type safety and error handling across provider implementations,feat: Improve type safety and error handling across provider implementations
OEvortex/Webscout,cb36b3c9e12587381dc4b9966a5a4cbe635a945f,2026-01,8,post,2026-01-31T16:21:05+05:30,2026-01-31T16:21:05+05:30,uc74c24cf93966045,uc74c24cf93966045@users.invalid,GitHub,noreply@github.com,2,1,0,0,0,0,0,0,,,,,,0,114,Merge pull request #114 from OEvortex/new-providers,"Merge pull request #114 from OEvortex/new-providers

New providers"
OEvortex/Webscout,da5af4b1156f75ce4088c75d366e0a88894822d0,2026-01,8,post,2026-01-31T10:51:37Z,2026-01-31T10:51:37Z,github-actions[bot],github-actions[bot]@users.noreply.github.com,github-actions[bot],github-actions[bot]@users.noreply.github.com,1,0,1,1,1,1,1,1,,,,,github-actions,0,,🔖 Bump version to 2026.1.31,🔖 Bump version to 2026.1.31
OEvortex/Webscout,7826252e5cd62dba26d0a1df6e02f4268a8ed33e,2026-02,9,post,2026-02-04T10:44:22Z,2026-02-04T10:44:22Z,dependabot[bot],49699333+dependabot[bot]@users.noreply.github.com,GitHub,noreply@github.com,1,0,1,1,1,0,0,0,,,,,dependabot,0,,github-actions(deps): bump actions/deploy-pages from 2 to 4,"github-actions(deps): bump actions/deploy-pages from 2 to 4

Bumps [actions/deploy-pages](https://github.com/actions/deploy-pages) from 2 to 4.
- [Release notes](https://github.com/actions/deploy-pages/releases)
- [Commits](https://github.com/actions/deploy-pages/compare/v2...v4)

---
updated-dependencies:
- dependency-name: actions/deploy-pages
  dependency-version: '4'
  dependency-type: direct:production
  update-type: version-update:semver-major
...

Signed-off-by: dependabot[bot] <support@github.com>"
OEvortex/Webscout,e3dab905a66d04e99a1710016d11d5247b3f8cb8,2026-02,9,post,2026-02-04T10:44:28Z,2026-02-04T10:44:28Z,dependabot[bot],49699333+dependabot[bot]@users.noreply.github.com,GitHub,noreply@github.com,1,0,1,1,1,0,0,0,,,,,dependabot,0,,github-actions(deps): bump actions/upload-pages-artifact from 2 to 4,"github-actions(deps): bump actions/upload-pages-artifact from 2 to 4

Bumps [actions/upload-pages-artifact](https://github.com/actions/upload-pages-artifact) from 2 to 4.
- [Release notes](https://github.com/actions/upload-pages-artifact/releases)
- [Commits](https://github.com/actions/upload-pages-artifact/compare/v2...v4)

---
updated-dependencies:
- dependency-name: actions/upload-pages-artifact
  dependency-version: '4'
  dependency-type: direct:production
  update-type: version-update:semver-major
...

Signed-off-by: dependabot[bot] <support@github.com>"
OEvortex/Webscout,dcd2386b12e83de55ee44846d25070a00a070f7c,2026-02,9,post,2026-02-09T22:24:20+05:30,2026-02-09T22:24:20+05:30,u99c389b1b7bfbd23,u99c389b1b7bfbd23@users.invalid,u99c389b1b7bfbd23,u99c389b1b7bfbd23@users.invalid,1,0,21,876,2306,19,849,2294,,,,,,0,,"Refactor Provider imports, remove X0GPT, and add K2Think integration","Refactor Provider imports, remove X0GPT, and add K2Think integration

- Cleaned up imports in `webscout/Provider/__init__.py` by removing unused providers (Algion, ChatSandbox, X0GPT) and adding K2Think.
- Updated `AkashGPT` to disable required authentication and modified API key handling.
- Deleted `x0gpt.py` as it is no longer needed.
- Removed references to X0GPT in `webscout/__init__.py`.
- Introduced `k2think.py` and `k2think.py` for K2Think API integration, implementing chat and completions functionality.
- Enhanced K2Think with user-agent handling and streaming response capabilities."
OEvortex/Webscout,67172e8e2b389da0918189ce5c28a73ac173f358,2026-02,9,post,2026-02-11T16:02:16+05:30,2026-02-11T16:02:16+05:30,u99c389b1b7bfbd23,u99c389b1b7bfbd23@users.invalid,u99c389b1b7bfbd23,u99c389b1b7bfbd23@users.invalid,1,0,3,3,4,3,3,4,,,,,,0,,feat: Consolidate LitAgent imports and remove redundant lines in deepinfra.py and elmo.py,feat: Consolidate LitAgent imports and remove redundant lines in deepinfra.py and elmo.py
OEvortex/Webscout,e3accb8bc4f9967be054aff3302c6a53e7204b69,2026-02,9,post,2026-02-11T10:33:02Z,2026-02-11T10:33:02Z,github-actions[bot],github-actions[bot]@users.noreply.github.com,github-actions[bot],github-actions[bot]@users.noreply.github.com,1,0,1,1,1,1,1,1,,,,,github-actions,0,,🔖 Bump version to 2026.2.11,🔖 Bump version to 2026.2.11
OEvortex/Webscout,a9d80887e18b3b87de0c17ea2571b87b4e41fb5d,2026-02,9,post,2026-02-13T14:17:46+05:30,2026-02-13T14:17:46+05:30,u99c389b1b7bfbd23,u99c389b1b7bfbd23@users.invalid,u99c389b1b7bfbd23,u99c389b1b7bfbd23@users.invalid,1,0,54,1449,1987,50,1382,810,,,,,,0,,Refactor providers to use curl_cffi for HTTP requests and add Falcon provider,"Refactor providers to use curl_cffi for HTTP requests and add Falcon provider

- Replaced `requests` with `curl_cffi` in TextPollinationsAI, Upstage, Cleeai, Julius, and ScoutCrawler.
- Updated error handling to use `CurlError` where applicable.
- Introduced a new Falcon provider to interact with the Falcon LLM Chat API, including methods for streaming and non-streaming responses.
- Improved code readability by consolidating and simplifying exception handling and response processing.
- Added Falcon model to the provider initialization."
OEvortex/Webscout,4da8e626300ded1582e2c75e4fab8fdd5a6e2201,2026-02,9,post,2026-02-13T14:17:50+05:30,2026-02-13T14:17:50+05:30,u99c389b1b7bfbd23,u99c389b1b7bfbd23@users.invalid,u99c389b1b7bfbd23,u99c389b1b7bfbd23@users.invalid,2,1,0,0,0,0,0,0,,,,,,0,,Merge branch 'main' of https://github.com/OEvortex/Webscout,Merge branch 'main' of https://github.com/OEvortex/Webscout
OEvortex/Webscout,c6460bc7f8ec361a2b1819423847eafacea49d59,2026-02,9,post,2026-02-13T08:48:26Z,2026-02-13T08:48:26Z,github-actions[bot],github-actions[bot]@users.noreply.github.com,github-actions[bot],github-actions[bot]@users.noreply.github.com,1,0,1,1,1,1,1,1,,,,,github-actions,0,,🔖 Bump version to 2026.2.13,🔖 Bump version to 2026.2.13
OEvortex/Webscout,5e9e5119d5e254a3096126be869dcac496490f61,2026-02,9,post,2026-02-14T01:01:55+05:30,2026-02-14T01:01:55+05:30,u99c389b1b7bfbd23,u99c389b1b7bfbd23@users.invalid,u99c389b1b7bfbd23,u99c389b1b7bfbd23@users.invalid,1,0,3,9521,344,3,9521,344,,,,,,0,,Refactor code structure for improved readability and maintainability,Refactor code structure for improved readability and maintainability
OEvortex/Webscout,2f14266a2c4b9dd012e622ea62f41a63636c603b,2026-02,9,post,2026-02-13T19:32:38Z,2026-02-13T19:32:38Z,github-actions[bot],github-actions[bot]@users.noreply.github.com,github-actions[bot],github-actions[bot]@users.noreply.github.com,1,0,1,1,1,1,1,1,,,,,github-actions,0,,🔖 Bump version to 2026.2.13.1,🔖 Bump version to 2026.2.13.1
OEvortex/Webscout,f6f6a57cf678d707c620a93020fc18e78b5a11c6,2026-02,9,post,2026-02-14T01:51:33+05:30,2026-02-14T01:51:33+05:30,u99c389b1b7bfbd23,u99c389b1b7bfbd23@users.invalid,u99c389b1b7bfbd23,u99c389b1b7bfbd23@users.invalid,1,0,8,368,68,6,267,68,,,,,,0,,"Enhance TypliAI and Toolbaz providers with CSRF token handling, support for reasoning models, and improved streaming response management. Update changelog with fixes and new features.","Enhance TypliAI and Toolbaz providers with CSRF token handling, support for reasoning models, and improved streaming response management. Update changelog with fixes and new features."
OEvortex/Webscout,bc449d97a85fc0409db9e0c7cba8c50532b7721b,2026-02,9,post,2026-02-14T01:51:38+05:30,2026-02-14T01:51:38+05:30,u99c389b1b7bfbd23,u99c389b1b7bfbd23@users.invalid,u99c389b1b7bfbd23,u99c389b1b7bfbd23@users.invalid,2,1,0,0,0,0,0,0,,,,,,0,,Merge branch 'main' of https://github.com/OEvortex/Webscout,Merge branch 'main' of https://github.com/OEvortex/Webscout
OEvortex/Webscout,ce34056ef022b5b02cb11da5d4709e97027b9be2,2026-02,9,post,2026-02-13T20:22:16Z,2026-02-13T20:22:16Z,github-actions[bot],github-actions[bot]@users.noreply.github.com,github-actions[bot],github-actions[bot]@users.noreply.github.com,1,0,1,1,1,1,1,1,,,,,github-actions,0,,🔖 Bump version to 2026.2.13.2,🔖 Bump version to 2026.2.13.2
OEvortex/Webscout,98e688a8d16ae4f44814f58fda174d9f48d67da8,2026-02,9,post,2026-02-18T15:32:14+05:30,2026-02-18T15:31:54+05:30,u99c389b1b7bfbd23,u99c389b1b7bfbd23@users.invalid,u99c389b1b7bfbd23,u99c389b1b7bfbd23@users.invalid,1,0,7,1199,362,5,1177,362,,,,,,0,,✨ Add Blackbox provider and fix lmarena.py linting,✨ Add Blackbox provider and fix lmarena.py linting
OEvortex/Webscout,5be36f0e9ef32d8fdf97682091f0959506415419,2026-02,9,post,2026-02-18T10:02:54Z,2026-02-18T10:02:54Z,github-actions[bot],github-actions[bot]@users.noreply.github.com,github-actions[bot],github-actions[bot]@users.noreply.github.com,1,0,1,1,1,1,1,1,,,,,github-actions,0,,🔖 Bump version to 2026.2.18,🔖 Bump version to 2026.2.18
OEvortex/Webscout,3752ee9cf6016003f4945f380e84c58fc6caf1de,2026-02,9,post,2026-02-23T10:06:19+05:30,2026-02-23T10:06:19+05:30,u99c389b1b7bfbd23,u99c389b1b7bfbd23@users.invalid,u99c389b1b7bfbd23,u99c389b1b7bfbd23@users.invalid,1,0,6,128,60,4,127,57,,,,,,0,,"✨ Update changelog for Blackbox provider release, enhance lmarena.py with cookie handling functions, and improve error handling in CLI engine retrieval.","✨ Update changelog for Blackbox provider release, enhance lmarena.py with cookie handling functions, and improve error handling in CLI engine retrieval."
OEvortex/Webscout,03ad0898cf0d3dacba7ca71275fe66cca996a782,2026-02,9,post,2026-02-23T10:06:23+05:30,2026-02-23T10:06:23+05:30,u99c389b1b7bfbd23,u99c389b1b7bfbd23@users.invalid,u99c389b1b7bfbd23,u99c389b1b7bfbd23@users.invalid,2,1,0,0,0,0,0,0,,,,,,0,,Merge branch 'main' of https://github.com/OEvortex/Webscout,Merge branch 'main' of https://github.com/OEvortex/Webscout
OEvortex/Webscout,47d06a6190a3c85153af97db5e61c57ce8d8427f,2026-02,9,post,2026-02-23T04:36:54Z,2026-02-23T04:36:54Z,github-actions[bot],github-actions[bot]@users.noreply.github.com,github-actions[bot],github-actions[bot]@users.noreply.github.com,1,0,1,1,1,1,1,1,,,,,github-actions,0,,🔖 Bump version to 2026.2.23,🔖 Bump version to 2026.2.23
OEvortex/Webscout,e5b9aeb9902b8f1f99a8bdf068a0231606354181,2026-03,10,post,2026-03-02T22:18:47+05:30,2026-03-02T22:18:47+05:30,u99c389b1b7bfbd23,u99c389b1b7bfbd23@users.invalid,u99c389b1b7bfbd23,u99c389b1b7bfbd23@users.invalid,1,0,18,843,43,5,120,41,,,,,,0,,Refactor and enhance testing suite for Webscout,"Refactor and enhance testing suite for Webscout

- Updated `pyproject.toml` to maintain consistent ignore rules for linter.
- Refactored `toolbaz.py` to improve readability and maintainability of response handling.
- Added new models to `QwenLM.py` for expanded functionality.
- Enhanced `lmarena.py` with additional type checking and ignored warnings.
- Improved `akashgpt.py` to require cookie file for authentication and added detailed usage instructions.
- Introduced a comprehensive testing suite in the `tests` directory, including:
  - `README.md` for test suite overview and usage instructions.
  - `live_test.py` for live testing of AI providers with CLI support.
  - Unit tests for all providers, ensuring importability and inheritance from the base `Provider` class.
  - Mocked tests for provider methods to ensure stability and reliability.
  - Utility class `FakeResp` for simulating API responses in tests."
OEvortex/Webscout,77a43130318b3fdbc5828e5cf5b44869bc097a94,2026-03,10,post,2026-03-02T22:18:51+05:30,2026-03-02T22:18:51+05:30,u99c389b1b7bfbd23,u99c389b1b7bfbd23@users.invalid,u99c389b1b7bfbd23,u99c389b1b7bfbd23@users.invalid,2,1,0,0,0,0,0,0,,,,,,0,,Merge branch 'main' of https://github.com/OEvortex/Webscout,Merge branch 'main' of https://github.com/OEvortex/Webscout
OEvortex/Webscout,cdcee38001f6a19c51c88d1443484dd76dd5aebd,2026-03,10,post,2026-03-02T16:49:35Z,2026-03-02T16:49:35Z,github-actions[bot],github-actions[bot]@users.noreply.github.com,github-actions[bot],github-actions[bot]@users.noreply.github.com,1,0,1,1,1,1,1,1,,,,,github-actions,0,,🔖 Bump version to 2026.3.2,🔖 Bump version to 2026.3.2
OEvortex/Webscout,71c96c6743153ee1b577f812a1bb9aa639ea7b0f,2026-03,10,post,2026-03-04T10:44:33Z,2026-03-04T10:44:33Z,dependabot[bot],49699333+dependabot[bot]@users.noreply.github.com,GitHub,noreply@github.com,1,0,1,1,1,0,0,0,,,,,dependabot,0,,github-actions(deps): bump actions/upload-artifact from 5 to 7,"github-actions(deps): bump actions/upload-artifact from 5 to 7

Bumps [actions/upload-artifact](https://github.com/actions/upload-artifact) from 5 to 7.
- [Release notes](https://github.com/actions/upload-artifact/releases)
- [Commits](https://github.com/actions/upload-artifact/compare/v5...v7)

---
updated-dependencies:
- dependency-name: actions/upload-artifact
  dependency-version: '7'
  dependency-type: direct:production
  update-type: version-update:semver-major
...

Signed-off-by: dependabot[bot] <support@github.com>"
OEvortex/Webscout,50a7da3f5c658e88bc620bd40c8ec97c5d8f380b,2026-03,10,post,2026-03-10T16:51:43+05:30,2026-03-10T16:51:43+05:30,u99c389b1b7bfbd23,u99c389b1b7bfbd23@users.invalid,u99c389b1b7bfbd23,u99c389b1b7bfbd23@users.invalid,1,0,23,1250,3883,18,1196,3793,,,,,,0,,Refactor: Remove deprecated providers and update client handling,"Refactor: Remove deprecated providers and update client handling

- Deleted Cleeai, LearnFast, Llama3Mitril, TypefullyAI, and other unused provider files.
- Updated Toolbaz to include new models: ""gemini-3-flash"" and ""gemini-3.1-flash-lite"".
- Improved type hints in client.py for call_kwargs.
- Enhanced error handling in client methods for better stability.
- Adjusted element parsing methods in scout/element.py for clearer type definitions."
OEvortex/Webscout,99d7938491634ac5eb2bf2fc804f0e44fee7b001,2026-03,10,post,2026-03-10T16:51:47+05:30,2026-03-10T16:51:47+05:30,u99c389b1b7bfbd23,u99c389b1b7bfbd23@users.invalid,u99c389b1b7bfbd23,u99c389b1b7bfbd23@users.invalid,2,1,0,0,0,0,0,0,,,,,,0,,Merge branch 'main' of https://github.com/OEvortex/Webscout,Merge branch 'main' of https://github.com/OEvortex/Webscout
OEvortex/Webscout,54a936f3a2c7430e751c9b8c43cafbb69eccd738,2026-03,10,post,2026-03-10T11:22:26Z,2026-03-10T11:22:26Z,github-actions[bot],github-actions[bot]@users.noreply.github.com,github-actions[bot],github-actions[bot]@users.noreply.github.com,1,0,1,1,1,1,1,1,,,,,github-actions,0,,🔖 Bump version to 2026.3.10,🔖 Bump version to 2026.3.10
OEvortex/Webscout,a02e40b1f7ed76355d03a52f3c4b215a274053d4,2026-03,10,post,2026-03-13T09:40:11+05:30,2026-03-13T09:40:11+05:30,u99c389b1b7bfbd23,u99c389b1b7bfbd23@users.invalid,u99c389b1b7bfbd23,u99c389b1b7bfbd23@users.invalid,1,0,2,131,36,0,0,0,,,,,,0,,Enhance release workflows: support beta and stable releases with versioning and changelog updates,Enhance release workflows: support beta and stable releases with versioning and changelog updates
OEvortex/Webscout,5e2edfe2afb0d9f3cae208141614e84735557be8,2026-03,10,post,2026-03-13T09:40:33+05:30,2026-03-13T09:40:33+05:30,u99c389b1b7bfbd23,u99c389b1b7bfbd23@users.invalid,u99c389b1b7bfbd23,u99c389b1b7bfbd23@users.invalid,2,1,0,0,0,0,0,0,,,,,,0,,Merge branch 'main' of https://github.com/OEvortex/Webscout,Merge branch 'main' of https://github.com/OEvortex/Webscout
OEvortex/Webscout,1290e4a475c8851b6840a84d838104bc8ceb78af,2026-03,10,post,2026-03-13T09:51:06+05:30,2026-03-13T09:51:06+05:30,u99c389b1b7bfbd23,u99c389b1b7bfbd23@users.invalid,u99c389b1b7bfbd23,u99c389b1b7bfbd23@users.invalid,1,0,1,311,5,1,311,5,,,,,,0,,Add support for multiple AI models in AI4Chat provider,Add support for multiple AI models in AI4Chat provider
OEvortex/Webscout,d9ea73dfaf4aaaa66f48c1265eda17b2477e7784,2026-03,10,post,2026-03-13T09:57:35+05:30,2026-03-13T09:57:35+05:30,u99c389b1b7bfbd23,u99c389b1b7bfbd23@users.invalid,u99c389b1b7bfbd23,u99c389b1b7bfbd23@users.invalid,1,0,1,290,14,1,290,14,,,,,,0,,Add support for multiple AI models in AI4Chat provider,Add support for multiple AI models in AI4Chat provider
OEvortex/Webscout,de6456be3d15dd999ceae72693c261101424f7b2,2026-03,10,post,2026-03-13T10:01:03+05:30,2026-03-13T10:01:03+05:30,uc74c24cf93966045,uc74c24cf93966045@users.invalid,GitHub,noreply@github.com,2,1,0,0,0,0,0,0,,,,,,0,115,Merge pull request #115 from OEvortex/dependabot/github_actions/actions/deploy-pages-4,"Merge pull request #115 from OEvortex/dependabot/github_actions/actions/deploy-pages-4

github-actions(deps): bump actions/deploy-pages from 2 to 4"
OEvortex/Webscout,400866f3555b61fcaa9f0512153ddb267b258069,2026-03,10,post,2026-03-13T10:02:10+05:30,2026-03-13T10:02:10+05:30,uc74c24cf93966045,uc74c24cf93966045@users.invalid,GitHub,noreply@github.com,2,1,0,0,0,0,0,0,,,,,,0,116,Merge pull request #116 from OEvortex/dependabot/github_actions/actions/upload-pages-artifact-4,"Merge pull request #116 from OEvortex/dependabot/github_actions/actions/upload-pages-artifact-4

github-actions(deps): bump actions/upload-pages-artifact from 2 to 4"
OEvortex/Webscout,c5c8f7fad6639b3c7f59d6468e711fea3b2bfec8,2026-03,10,post,2026-03-13T10:02:35+05:30,2026-03-13T10:02:35+05:30,uc74c24cf93966045,uc74c24cf93966045@users.invalid,GitHub,noreply@github.com,2,1,0,0,0,0,0,0,,,,,,0,119,Merge pull request #119 from OEvortex/dependabot/github_actions/actions/upload-artifact-7,"Merge pull request #119 from OEvortex/dependabot/github_actions/actions/upload-artifact-7

github-actions(deps): bump actions/upload-artifact from 5 to 7"
OEvortex/Webscout,943af3fde1b26e18cc3aa3b7d5920efd4f4db860,2026-03,10,post,2026-03-13T10:06:43+05:30,2026-03-13T10:06:43+05:30,u99c389b1b7bfbd23,u99c389b1b7bfbd23@users.invalid,u99c389b1b7bfbd23,u99c389b1b7bfbd23@users.invalid,1,0,2,96,30,2,96,30,,,,,,0,,Enhance AI4Chat provider: Improve chunk handling and add dict-like access for Pydantic models,Enhance AI4Chat provider: Improve chunk handling and add dict-like access for Pydantic models
OEvortex/Webscout,47048dd8a7c98b352d1c7ff8cb5759a240c87518,2026-03,10,post,2026-03-13T10:06:47+05:30,2026-03-13T10:06:47+05:30,u99c389b1b7bfbd23,u99c389b1b7bfbd23@users.invalid,u99c389b1b7bfbd23,u99c389b1b7bfbd23@users.invalid,2,1,0,0,0,0,0,0,,,,,,0,,Merge branch 'main' of https://github.com/OEvortex/Webscout,Merge branch 'main' of https://github.com/OEvortex/Webscout
OEvortex/Webscout,c34c1520b7db30f6c27a809cb7f3a6d7f6479fb8,2026-03,10,post,2026-03-13T10:26:04+05:30,2026-03-13T10:26:04+05:30,u99c389b1b7bfbd23,u99c389b1b7bfbd23@users.invalid,u99c389b1b7bfbd23,u99c389b1b7bfbd23@users.invalid,1,0,7,28,294,4,24,289,,,,,,0,,Refactor providers: Remove Andi provider and update model lists in Ayle and OpenAI-compatible Ayle,Refactor providers: Remove Andi provider and update model lists in Ayle and OpenAI-compatible Ayle
OEvortex/Webscout,d1cf91888c24d35aa572e63810a26f80b0541b7b,2026-03,10,post,2026-03-13T10:30:51+05:30,2026-03-13T10:30:51+05:30,u99c389b1b7bfbd23,u99c389b1b7bfbd23@users.invalid,u99c389b1b7bfbd23,u99c389b1b7bfbd23@users.invalid,1,0,8,3,811,4,0,761,,,,,,0,,Remove ClaudeOnline provider and related references from the project,Remove ClaudeOnline provider and related references from the project
OEvortex/Webscout,6ce1628f630231a8a597020ba00071511a93c3ee,2026-03,10,post,2026-03-13T10:51:06+05:30,2026-03-13T10:51:06+05:30,u99c389b1b7bfbd23,u99c389b1b7bfbd23@users.invalid,u99c389b1b7bfbd23,u99c389b1b7bfbd23@users.invalid,1,0,2,49,21,2,49,21,,,,,,0,,Update available models in DeepAI provider for consistency and clarity,Update available models in DeepAI provider for consistency and clarity
OEvortex/Webscout,a0cd6e011cb6e9913c188139d27130fce65d8a5d,2026-03,10,post,2026-03-13T14:41:22+05:30,2026-03-13T14:41:22+05:30,u99c389b1b7bfbd23,u99c389b1b7bfbd23@users.invalid,u99c389b1b7bfbd23,u99c389b1b7bfbd23@users.invalid,1,0,2,106,86,2,106,86,,,,,,0,,"Refactor DeepInfra provider: Update authentication requirement, enhance model fetching, and improve initialization parameters","Refactor DeepInfra provider: Update authentication requirement, enhance model fetching, and improve initialization parameters"
OEvortex/Webscout,03dc542ceefb8cc19733796fe533e226484aa748,2026-03,10,post,2026-03-14T02:36:54Z,2026-03-14T02:36:54Z,github-actions[bot],github-actions[bot]@users.noreply.github.com,github-actions[bot],github-actions[bot]@users.noreply.github.com,1,0,1,1,1,1,1,1,,,,,github-actions,0,,🔖 Bump version to 2026.3.14.beta.1,🔖 Bump version to 2026.3.14.beta.1
OEvortex/Webscout,ac87ac1f99e635a1d205a5b8a9289eec3a904032,2026-03,10,post,2026-03-15T14:31:38+05:30,2026-03-15T14:31:38+05:30,u99c389b1b7bfbd23,u99c389b1b7bfbd23@users.invalid,u99c389b1b7bfbd23,u99c389b1b7bfbd23@users.invalid,1,0,7,926,319,5,621,0,AGENTS.md,,,,,0,,Add AvaSupernova provider and related tests,"Add AvaSupernova provider and related tests

- Implement AvaSupernova provider with OpenAI-compatible interface.
- Add unit tests for AvaSupernova functionality.
- Update provider imports in __init__.py files to include AvaSupernova.
- Ensure proper integration with existing OpenAI-compatible structures.
- Introduce handling for streaming and non-streaming responses."
OEvortex/Webscout,db0c3e1fe4ef014279fc0bb10a6775eca399068b,2026-03,10,post,2026-03-15T14:31:54+05:30,2026-03-15T14:31:54+05:30,u99c389b1b7bfbd23,u99c389b1b7bfbd23@users.invalid,u99c389b1b7bfbd23,u99c389b1b7bfbd23@users.invalid,2,1,0,0,0,0,0,0,,,,,,0,,Merge branch 'main' of https://github.com/OEvortex/Webscout,Merge branch 'main' of https://github.com/OEvortex/Webscout
OEvortex/Webscout,49c6ba09f0c4b5e2ce68036af92a9a08d83e3a48,2026-03,10,post,2026-03-15T14:47:22+05:30,2026-03-15T14:47:22+05:30,u99c389b1b7bfbd23,u99c389b1b7bfbd23@users.invalid,u99c389b1b7bfbd23,u99c389b1b7bfbd23@users.invalid,1,0,5,25,47,3,19,44,AGENTS.md,,,,,0,,"droped support of python 3.9, added more precise type annotations, and made some minor refactors in lmarena.py; also updated AGENTS.md to clarify code quality tool guidelines.","droped support of python 3.9, added more precise type annotations, and made some minor refactors in lmarena.py; also updated AGENTS.md to clarify code quality tool guidelines."
OEvortex/Webscout,e79098f18f50682c7f82cfb86d861c5b1188f9e5,2026-03,10,post,2026-03-15T14:52:18+05:30,2026-03-15T14:52:18+05:30,u99c389b1b7bfbd23,u99c389b1b7bfbd23@users.invalid,u99c389b1b7bfbd23,u99c389b1b7bfbd23@users.invalid,1,0,1,1,1,1,1,1,,,,,,0,,Add type ignore comment for CORS middleware in create_app function,Add type ignore comment for CORS middleware in create_app function
OEvortex/Webscout,71e3f9a924a5a4a638c82547e19f22bcc736c8fa,2026-03,10,post,2026-03-16T02:29:09Z,2026-03-16T02:29:09Z,github-actions[bot],github-actions[bot]@users.noreply.github.com,github-actions[bot],github-actions[bot]@users.noreply.github.com,1,0,1,1,1,1,1,1,,,,,github-actions,0,,🔖 Bump version to 2026.3.16,🔖 Bump version to 2026.3.16
OEvortex/Webscout,667d4db6bfaf55b297b306c14b57ba5484133648,2026-03,10,post,2026-03-16T12:56:06+05:30,2026-03-16T12:56:06+05:30,u99c389b1b7bfbd23,u99c389b1b7bfbd23@users.invalid,u99c389b1b7bfbd23,u99c389b1b7bfbd23@users.invalid,1,0,5,267,3,2,5,3,,,,,,0,,Add unit tests for AISEARCH providers and update regex extraction in Perplexity,Add unit tests for AISEARCH providers and update regex extraction in Perplexity
OEvortex/Webscout,36e93ade275ad85aa447c9c0130f4d8f2818f260,2026-03,10,post,2026-03-16T12:56:10+05:30,2026-03-16T12:56:10+05:30,u99c389b1b7bfbd23,u99c389b1b7bfbd23@users.invalid,u99c389b1b7bfbd23,u99c389b1b7bfbd23@users.invalid,2,1,0,0,0,0,0,0,,,,,,0,,Merge branch 'main' of https://github.com/OEvortex/Webscout,Merge branch 'main' of https://github.com/OEvortex/Webscout
OEvortex/Webscout,c1a6166571bdb4e081d446bc01071347347dee8a,2026-03,10,post,2026-03-16T13:08:08+05:30,2026-03-16T13:08:08+05:30,u99c389b1b7bfbd23,u99c389b1b7bfbd23@users.invalid,u99c389b1b7bfbd23,u99c389b1b7bfbd23@users.invalid,1,0,2,12,2,0,0,0,,,,,,0,,Update release workflow to use the most recent stable tag for changelog extraction and bump Python version to 3.14,Update release workflow to use the most recent stable tag for changelog extraction and bump Python version to 3.14
OEvortex/Webscout,f1dbed169b2ed211c7a450e56d773f99e98696b7,2026-03,10,post,2026-03-16T19:52:57+05:30,2026-03-16T19:52:57+05:30,u99c389b1b7bfbd23,u99c389b1b7bfbd23@users.invalid,u99c389b1b7bfbd23,u99c389b1b7bfbd23@users.invalid,1,0,1,88,88,1,88,88,,,,,,0,,Refactor response handling in webpilotai class for improved clarity and error management,"Refactor response handling in webpilotai class for improved clarity and error management

Fixed issues with response processing in both streaming and non-streaming paths, ensuring consistent error handling and improved readability."
OEvortex/Webscout,157cff754c243cd8e0b533842161dd0bd019335c,2026-03,10,post,2026-03-16T19:59:42+05:30,2026-03-16T19:59:42+05:30,u99c389b1b7bfbd23,u99c389b1b7bfbd23@users.invalid,u99c389b1b7bfbd23,u99c389b1b7bfbd23@users.invalid,1,0,2,125,125,2,125,125,,,,,,0,,Fixed response processing for both streaming and non-streaming in Monica and PERPLEXED providers.,"Fixed response processing for both streaming and non-streaming in Monica and PERPLEXED providers.

  Removed all with self.session.post(...) as response: statements since curl_cffi.requests.models.Response doesn't support the
  context manager protocol. Replaced with direct assignment: response = self.session.post(...)."
OEvortex/Webscout,47b3daac8b120cf73e296427d7da5b32113cdc68,2026-03,10,post,2026-03-17T02:41:00Z,2026-03-17T02:41:00Z,github-actions[bot],github-actions[bot]@users.noreply.github.com,github-actions[bot],github-actions[bot]@users.noreply.github.com,1,0,1,1,1,1,1,1,,,,,github-actions,0,,🔖 Bump version to 2026.3.17.beta.1,🔖 Bump version to 2026.3.17.beta.1
OEvortex/Webscout,bf849421f9414ca84079258c280abe67a6d12316,2026-03,10,post,2026-03-18T11:38:10+05:30,2026-03-18T11:38:10+05:30,u99c389b1b7bfbd23,u99c389b1b7bfbd23@users.invalid,u99c389b1b7bfbd23,u99c389b1b7bfbd23@users.invalid,1,0,10,567,57,5,149,57,,,,,,0,,"Enhance Yep and Brave search engines with improved session handling, response processing, and add live test configurations","Enhance Yep and Brave search engines with improved session handling, response processing, and add live test configurations"
OEvortex/Webscout,0125d150aeca2128589fb08d5173387f437f3ab1,2026-03,10,post,2026-03-18T11:38:16+05:30,2026-03-18T11:38:16+05:30,u99c389b1b7bfbd23,u99c389b1b7bfbd23@users.invalid,u99c389b1b7bfbd23,u99c389b1b7bfbd23@users.invalid,2,1,0,0,0,0,0,0,,,,,,0,,Merge branch 'main' of https://github.com/OEvortex/Webscout,Merge branch 'main' of https://github.com/OEvortex/Webscout
OEvortex/Webscout,fb47ea5dcb5bf03791ac121d51d1ecd08c01ab35,2026-03,10,post,2026-03-19T02:48:50Z,2026-03-19T02:48:50Z,github-actions[bot],github-actions[bot]@users.noreply.github.com,github-actions[bot],github-actions[bot]@users.noreply.github.com,1,0,1,1,1,1,1,1,,,,,github-actions,0,,🔖 Bump version to 2026.3.19.beta.1,🔖 Bump version to 2026.3.19.beta.1
OEvortex/Webscout,dea52d145d5a93616939dc1549d6b1df0847f8f8,2026-03,10,post,2026-03-26T22:21:13+05:30,2026-03-26T22:21:13+05:30,u99c389b1b7bfbd23,u99c389b1b7bfbd23@users.invalid,u99c389b1b7bfbd23,u99c389b1b7bfbd23@users.invalid,1,0,6,407,4,4,187,2,,,,,,0,,Add Dogpile search engine implementation and tests; update dependencies,Add Dogpile search engine implementation and tests; update dependencies
OEvortex/Webscout,559333286715e838e64465cd982ef366e9e02619,2026-03,10,post,2026-03-26T22:21:20+05:30,2026-03-26T22:21:20+05:30,u99c389b1b7bfbd23,u99c389b1b7bfbd23@users.invalid,u99c389b1b7bfbd23,u99c389b1b7bfbd23@users.invalid,2,1,0,0,0,0,0,0,,,,,,0,,Merge branch 'main' of https://github.com/OEvortex/Webscout,Merge branch 'main' of https://github.com/OEvortex/Webscout
OEvortex/Webscout,c12e1a5cc57cf2a8fdedc03790a053a39e70884c,2026-03,10,post,2026-03-27T02:55:28Z,2026-03-27T02:55:28Z,github-actions[bot],github-actions[bot]@users.noreply.github.com,github-actions[bot],github-actions[bot]@users.noreply.github.com,1,0,1,1,1,1,1,1,,,,,github-actions,0,,🔖 Bump version to 2026.3.27.beta.1,🔖 Bump version to 2026.3.27.beta.1
OEvortex/Webscout,67ad675674affbd0ec1a2bb81a588ab8e29fab0c,2026-03,10,post,2026-03-30T10:15:47+05:30,2026-03-30T10:15:47+05:30,u99c389b1b7bfbd23,u99c389b1b7bfbd23@users.invalid,u99c389b1b7bfbd23,u99c389b1b7bfbd23@users.invalid,1,0,40,627,140,40,627,140,,,,,,0,,"Add OpenAI-compatible providers for Sambanova, Upstage, and Zenmux APIs","Add OpenAI-compatible providers for Sambanova, Upstage, and Zenmux APIs

- Implement Sambanova provider with support for chat completions and streaming responses.
- Create Upstage provider for OpenAI-compatible interface with Solar models, including streaming and non-streaming capabilities.
- Introduce Zenmux provider with chat completion functionality, handling both streaming and non-streaming requests.
- Enhance error handling and response parsing across all new providers.
- Include example usage for each provider in their respective modules."
OEvortex/Webscout,e1b4b1baed8e22c2f7ec9f2810c003e009b3656f,2026-03,10,post,2026-03-30T10:15:55+05:30,2026-03-30T10:15:55+05:30,u99c389b1b7bfbd23,u99c389b1b7bfbd23@users.invalid,u99c389b1b7bfbd23,u99c389b1b7bfbd23@users.invalid,2,1,0,0,0,0,0,0,,,,,,0,,Merge branch 'main' of https://github.com/OEvortex/Webscout,Merge branch 'main' of https://github.com/OEvortex/Webscout
OEvortex/Webscout,de4cf99b299ac4cb456ca12112e642d55db91970,2026-03,10,post,2026-03-30T10:23:55+05:30,2026-03-30T10:23:55+05:30,u99c389b1b7bfbd23,u99c389b1b7bfbd23@users.invalid,u99c389b1b7bfbd23,u99c389b1b7bfbd23@users.invalid,1,0,34,724,1682,29,712,1670,,,,,,0,,Refactor provider classes to remove chat methods and improve code readability,"Refactor provider classes to remove chat methods and improve code readability

- Removed chat methods from Elmo, K2Think, LLMChat, LLMChatCo, Meta, SearchChatAI, SonusAI, Toolbaz, and TurboSeek classes to streamline functionality.
- Enhanced formatting and consistency in code style across various provider files.
- Improved error handling and response extraction methods for better clarity and maintainability.
- Updated comments and docstrings for better understanding of the code."
OEvortex/Webscout,3fe713ab5a6a465416a678518f4720c214a56124,2026-03,10,post,2026-03-30T10:49:09+05:30,2026-03-30T10:49:09+05:30,u99c389b1b7bfbd23,u99c389b1b7bfbd23@users.invalid,u99c389b1b7bfbd23,u99c389b1b7bfbd23@users.invalid,1,0,1,48,9,1,48,9,,,,,,0,,Enhance Provider class with chat method wrapping and improve available_tools property management,Enhance Provider class with chat method wrapping and improve available_tools property management
OEvortex/Webscout,8932d769ecbd6615b39d80188ceed9ba49ba3e5e,2026-03,10,post,2026-03-30T11:13:19+05:30,2026-03-30T11:13:19+05:30,u99c389b1b7bfbd23,u99c389b1b7bfbd23@users.invalid,u99c389b1b7bfbd23,u99c389b1b7bfbd23@users.invalid,1,0,22,110,22,22,110,22,,,,,,0,,Add tools parameter to multiple provider classes and register tools if provided,Add tools parameter to multiple provider classes and register tools if provided
OEvortex/Webscout,4b750fefdf0504e0dce3d8c18c7af248f29a8cd4,2026-03,10,post,2026-03-30T11:25:17+05:30,2026-03-30T11:25:17+05:30,u99c389b1b7bfbd23,u99c389b1b7bfbd23@users.invalid,u99c389b1b7bfbd23,u99c389b1b7bfbd23@users.invalid,1,0,1,383,0,0,0,0,,,,,,0,,Add comprehensive documentation for the tool calling system,Add comprehensive documentation for the tool calling system
OEvortex/Webscout,61e41526c5c02407cae5062e64f6266733b2742d,2026-03,10,post,2026-03-30T12:05:34+05:30,2026-03-30T12:05:34+05:30,u99c389b1b7bfbd23,u99c389b1b7bfbd23@users.invalid,u99c389b1b7bfbd23,u99c389b1b7bfbd23@users.invalid,1,0,2,36,30,2,36,30,,,,,,0,,feat(toolbaz): update AVAILABLE_MODELS with verified working models,"feat(toolbaz): update AVAILABLE_MODELS with verified working models

- Added models from toolbaz.com website
- Removed non-functional models (grok-4.1-fast, deepseek-r1-distill, llama models)
- Fixed model naming conventions (gpt-4o instead of gpt-4o-latest)
- Added proper streaming response handling in test code
- Added rate limiting delay between tests
- Updated both regular and OpenAI-compatible provider implementations

Models now verified working (19 total):
- Google: gemini-3-flash, gemini-3.1-flash-lite, gemini-2.5-flash, gemini-2.5-pro,
  gemini-2.0-flash-thinking, gemini-2.0-flash
- Anthropic: claude-sonnet-4
- OpenAI: gpt-5, gpt-5.2, gpt-oss-120b, o3-mini, gpt-4o
- xAI: grok-4-fast
- ToolBaz: toolbaz-v4.5-fast, toolbaz_v4
- DeepSeek: deepseek-v3.1, deepseek-v3
- Unfiltered: midnight-rose, unfiltered_x"
OEvortex/Webscout,a76133b9535ab389399e4daa37da0faedf865870,2026-03,10,post,2026-03-30T12:21:23+05:30,2026-03-30T12:21:23+05:30,u99c389b1b7bfbd23,u99c389b1b7bfbd23@users.invalid,u99c389b1b7bfbd23,u99c389b1b7bfbd23@users.invalid,1,0,8,850,2004,1,17,0,,,,,,0,,"docs: rewrite README and search docs, fix result dataclasses","docs: rewrite README and search docs, fix result dataclasses

- Rewrite README.md with accurate engine capabilities table and proper
  linking to all docs/ files
- Rewrite docs/search.md with correct method signatures for all 9 engines
  based on actual source code
- Delete docs/examples/search-queries.md (merged into search.md)
- Fix all references to search-queries.md across docs
- Add __getitem__ to TextResult, ImagesResult, VideosResult, NewsResult,
  BooksResult so both dict-style (result['title']) and attribute-style
  (result.title) access work
- Add key aliases on TextResult: 'link' and 'url' map to 'href',
  'snippet' maps to 'body'"
OEvortex/Webscout,dfd1e555ef669b0aa1632672c4ea92b2b9d5282b,2026-03,10,post,2026-03-30T12:35:28+05:30,2026-03-30T12:35:28+05:30,u99c389b1b7bfbd23,u99c389b1b7bfbd23@users.invalid,u99c389b1b7bfbd23,u99c389b1b7bfbd23@users.invalid,1,0,6,123,66,5,114,57,,,,,,0,,fix(yahoo): return typed result dataclasses instead of dicts,"fix(yahoo): return typed result dataclasses instead of dicts

Yahoo search engines (text, images, videos, news) now return TextResult,
ImagesResult, VideosResult, and NewsResult dataclasses directly from
run(), matching the Bing and DuckDuckGo pattern. Previously they were
converting to dicts via to_dict(), which was inconsistent.

YahooSearch main interface return types updated to match."
OEvortex/Webscout,952122aed8c8d166c5d52c518036288270ba242b,2026-03,10,post,2026-03-30T13:07:08+05:30,2026-03-30T13:07:08+05:30,u99c389b1b7bfbd23,u99c389b1b7bfbd23@users.invalid,u99c389b1b7bfbd23,u99c389b1b7bfbd23@users.invalid,1,0,5,252,207,5,252,207,,,,,,0,,"fix(search): fix broken engines, standardize return types","fix(search): fix broken engines, standardize return types

Bing text:
- Rewrite with multi-strategy HTML parsing (CSS selectors, regex fallback,
  mobile site fallback) to handle Bing's obfuscated HTML
- Fix URL decoding for /ck/a? redirect URLs with both u and rurl params

Yahoo weather:
- Add wttr.in fallback when Yahoo Weather pages fail
- Try multiple Yahoo Weather URL patterns
- Remove error dict returns; use reliable fallback instead

Yahoo images:
- Switch from mobile iPhone User-Agent to desktop Chrome
- Broaden XPath selectors to catch more result patterns

Suggestions:
- Yahoo and Yep suggestions now return [{'suggestion': s}] dicts
  matching Bing's format for consistency

Yep:
- Return TextResult/ImagesResult objects directly instead of converting
  to dicts via .to_dict() - matches Bing/DDG/Yahoo pattern"
OEvortex/Webscout,290b81284b5214bf624a3fd5a4ff83cc15abd0c3,2026-03,10,post,2026-03-31T02:54:53Z,2026-03-31T02:54:53Z,github-actions[bot],github-actions[bot]@users.noreply.github.com,github-actions[bot],github-actions[bot]@users.noreply.github.com,1,0,1,1,1,1,1,1,,,,,github-actions,0,,🔖 Bump version to 2026.3.31.beta.1,🔖 Bump version to 2026.3.31.beta.1
OEvortex/Webscout,c44eb156d61a1f8cb414ada8d49507e26876c58f,2026-03,10,post,2026-03-31T10:10:45+05:30,2026-03-31T10:10:45+05:30,u99c389b1b7bfbd23,u99c389b1b7bfbd23@users.invalid,u99c389b1b7bfbd23,u99c389b1b7bfbd23@users.invalid,1,0,6,446,0,2,377,0,,,,,,0,,Add Cohere STT provider with OpenAI-compatible interface,"Add Cohere STT provider with OpenAI-compatible interface

- Implemented CohereTranscriptions class for handling audio transcriptions.
- Added methods for uploading audio files, creating non-streaming and streaming transcriptions.
- Integrated SSE for real-time transcription results.
- Created CohereAudio and CohereSTT classes to manage audio and STT functionalities.
- Included example usage in the main block for testing non-streaming and streaming transcriptions."
OEvortex/Webscout,1434ed01512a919f8166b82b5f063a394e771c51,2026-03,10,post,2026-03-31T10:10:49+05:30,2026-03-31T10:10:49+05:30,u99c389b1b7bfbd23,u99c389b1b7bfbd23@users.invalid,u99c389b1b7bfbd23,u99c389b1b7bfbd23@users.invalid,2,1,0,0,0,0,0,0,,,,,,0,,Merge branch 'main' of https://github.com/OEvortex/Webscout,Merge branch 'main' of https://github.com/OEvortex/Webscout
OEvortex/Webscout,67115a4cbebee33155ed203c709475346c7f4d73,2026-03,10,post,2026-03-31T10:35:21+05:30,2026-03-31T10:35:21+05:30,u99c389b1b7bfbd23,u99c389b1b7bfbd23@users.invalid,u99c389b1b7bfbd23,u99c389b1b7bfbd23@users.invalid,1,0,8,642,0,5,464,0,,,,,,0,,"feat: add Cohere STT & Faster Qwen3-TTS providers, fix TTS bugs","feat: add Cohere STT & Faster Qwen3-TTS providers, fix TTS bugs

- Add Cohere Multilingual ASR STT provider (14 languages)
- Add Faster Qwen3-TTS provider (5 models, 3 modes)
- Fix startswith bytes bug in ParlerTTS, QwenTTS, SherpaTTS
- Fix FasterQwen3TTS model loading (handle already_loaded)
- Fix PocketTTS test voice configuration
- Add comprehensive TTS provider test suites
- Update Provider.md and changelog"
OEvortex/Webscout,b8f5d9c125ea201344817e7160a148e151877478,2026-03,10,post,2026-03-31T11:08:37+05:30,2026-03-31T11:08:37+05:30,u99c389b1b7bfbd23,u99c389b1b7bfbd23@users.invalid,u99c389b1b7bfbd23,u99c389b1b7bfbd23@users.invalid,1,0,5,56,711,4,45,710,,,,,,0,,fix: TTS provider fixes and SpeechMaTTS removal,"fix: TTS provider fixes and SpeechMaTTS removal

- Fix ParlerTTS, QwenTTS, SherpaTTS startswith bytes/str bug
- Fix FreeTTS audio download redirect handling
- Fix FasterQwen3TTS already_loaded status handling
- Remove non-functional SpeechMaTTS provider
- Add comprehensive TTS provider test suite
- Update changelog and Provider.md"
OEvortex/Webscout,556f72ba2064ae047b32be6a557650e21d26848b,2026-03,10,post,2026-03-31T11:22:12+05:30,2026-03-31T11:22:12+05:30,u99c389b1b7bfbd23,u99c389b1b7bfbd23@users.invalid,u99c389b1b7bfbd23,u99c389b1b7bfbd23@users.invalid,1,0,6,13,266,2,0,240,,,,,,0,,refactor: remove FreeTTS and SpeechMaTTS providers; update documentation and tests,refactor: remove FreeTTS and SpeechMaTTS providers; update documentation and tests
OEvortex/Webscout,3281a6ed111850533610b78f8b164abd6395a36e,2026-03,10,post,2026-03-31T11:45:30+05:30,2026-03-31T11:45:30+05:30,u99c389b1b7bfbd23,u99c389b1b7bfbd23@users.invalid,u99c389b1b7bfbd23,u99c389b1b7bfbd23@users.invalid,1,0,3,459,135,1,393,17,,,,,,0,,feat: add TTS provider support and audio generation interface; update client documentation,feat: add TTS provider support and audio generation interface; update client documentation
OEvortex/Webscout,10e6199deafc2336142b9b11628505db685062c8,2026-03,10,post,2026-03-31T11:49:43+05:30,2026-03-31T11:49:43+05:30,u99c389b1b7bfbd23,u99c389b1b7bfbd23@users.invalid,u99c389b1b7bfbd23,u99c389b1b7bfbd23@users.invalid,1,0,1,684,51,0,0,0,,,,,,0,,docs: enhance client documentation with detailed architecture and usage examples,docs: enhance client documentation with detailed architecture and usage examples
OEvortex/Webscout,5918b2cef30b3df9f002cf7dfe16b470c235fc1b,2026-03,10,post,2026-03-31T12:16:55+05:30,2026-03-31T12:16:55+05:30,u99c389b1b7bfbd23,u99c389b1b7bfbd23@users.invalid,u99c389b1b7bfbd23,u99c389b1b7bfbd23@users.invalid,1,0,1,471,781,1,471,781,,,,,,0,,merged dupe logics in client.py,merged dupe logics in client.py
OEvortex/Webscout,07d89af9ffb24f2deed364215b32f03ba3dfc56f,2026-03,10,post,2026-03-31T12:35:13+05:30,2026-03-31T12:35:13+05:30,u99c389b1b7bfbd23,u99c389b1b7bfbd23@users.invalid,u99c389b1b7bfbd23,u99c389b1b7bfbd23@users.invalid,1,0,7,312,13,6,299,13,,,,,,0,,feat: add server TTS endpoint and fix client type checking,"feat: add server TTS endpoint and fix client type checking

- Add OpenAI-compatible /v1/audio/speech endpoint to FastAPI server
- Add SpeechGenerationRequest model with OpenAI-compatible fields
- Add TTS provider discovery, caching, and resolution functions
- Support multiple audio formats: mp3, opus, aac, flac, wav, pcm
- Support both file download and streaming responses
- Fix client type checking errors with TypeGuard for ChatCompletion
- Fix ChatCompletionChunk cast issues for streaming responses
- Update changelog with all changes"
OEvortex/Webscout,28947e9e0cf25c209415bffbab3175c300947712,2026-04,11,post,2026-04-01T03:25:07Z,2026-04-01T03:25:07Z,github-actions[bot],github-actions[bot]@users.noreply.github.com,github-actions[bot],github-actions[bot]@users.noreply.github.com,1,0,1,1,1,1,1,1,,,,,github-actions,0,,🔖 Bump version to 2026.4.1.beta.1,🔖 Bump version to 2026.4.1.beta.1
OEvortex/Webscout,5e4eb0bf4f44065635137369370b74d6768e3571,2026-04,11,post,2026-04-01T15:22:07+05:30,2026-04-01T15:22:07+05:30,u99c389b1b7bfbd23,u99c389b1b7bfbd23@users.invalid,u99c389b1b7bfbd23,u99c389b1b7bfbd23@users.invalid,1,0,5,585,0,2,380,0,,,,,,0,,feat: add LuxTTS voice cloning provider with comprehensive documentation and tests,feat: add LuxTTS voice cloning provider with comprehensive documentation and tests
OEvortex/Webscout,9464c3e915a89c53a9f36ee97e28e385b505447c,2026-04,11,post,2026-04-01T15:22:11+05:30,2026-04-01T15:22:11+05:30,u99c389b1b7bfbd23,u99c389b1b7bfbd23@users.invalid,u99c389b1b7bfbd23,u99c389b1b7bfbd23@users.invalid,2,1,0,0,0,0,0,0,,,,,,0,,Merge branch 'main' of https://github.com/OEvortex/Webscout,Merge branch 'main' of https://github.com/OEvortex/Webscout
OEvortex/Webscout,0d72ae6111372ef2ffd8238327672b709fddfe21,2026-04,11,post,2026-04-01T15:32:47+05:30,2026-04-01T15:32:47+05:30,u99c389b1b7bfbd23,u99c389b1b7bfbd23@users.invalid,u99c389b1b7bfbd23,u99c389b1b7bfbd23@users.invalid,1,0,5,575,0,2,344,0,,,,,,0,,feat: add KittenTTS provider with comprehensive documentation and tests,feat: add KittenTTS provider with comprehensive documentation and tests
OEvortex/Webscout,f39b0c66394702d22fb17ef8cd19fc90a140c5bd,2026-04,11,post,2026-04-01T15:44:43+05:30,2026-04-01T15:44:43+05:30,u99c389b1b7bfbd23,u99c389b1b7bfbd23@users.invalid,u99c389b1b7bfbd23,u99c389b1b7bfbd23@users.invalid,1,0,5,563,0,2,361,0,,,,,,0,,feat: add XLNK TTS provider with comprehensive documentation and tests,feat: add XLNK TTS provider with comprehensive documentation and tests
OEvortex/Webscout,56b6a585a8a81cd2a8256201d95ce67142388890,2026-04,11,post,2026-04-01T16:06:18+05:30,2026-04-01T16:06:18+05:30,u99c389b1b7bfbd23,u99c389b1b7bfbd23@users.invalid,u99c389b1b7bfbd23,u99c389b1b7bfbd23@users.invalid,1,0,4,493,0,2,325,0,,,,,,0,,feat: add OpenResearcher provider for AI-powered research with multi-round capabilities and comprehensive tests,feat: add OpenResearcher provider for AI-powered research with multi-round capabilities and comprehensive tests
OEvortex/Webscout,e1752db94429370ea0f96df9b1d5381155dd3e2c,2026-04,11,post,2026-04-01T16:43:25+05:30,2026-04-01T16:43:25+05:30,u99c389b1b7bfbd23,u99c389b1b7bfbd23@users.invalid,u99c389b1b7bfbd23,u99c389b1b7bfbd23@users.invalid,1,0,2,88,63,1,75,63,,,,,,0,,feat: enhance OpenResearcher provider with response formatting and new test case,feat: enhance OpenResearcher provider with response formatting and new test case
OEvortex/Webscout,bcebd604652a6e467c341ec32014e0f1bd17a7a0,2026-04,11,post,2026-04-02T02:51:03Z,2026-04-02T02:51:03Z,github-actions[bot],github-actions[bot]@users.noreply.github.com,github-actions[bot],github-actions[bot]@users.noreply.github.com,1,0,1,1,1,1,1,1,,,,,github-actions,0,,🔖 Bump version to 2026.4.2.beta.1,🔖 Bump version to 2026.4.2.beta.1
OEvortex/Webscout,18851f3fe3f3fdd7c25a9a4b5e49b0825931976d,2026-04,11,post,2026-04-03T12:27:51+05:30,2026-04-03T12:27:51+05:30,u99c389b1b7bfbd23,u99c389b1b7bfbd23@users.invalid,u99c389b1b7bfbd23,u99c389b1b7bfbd23@users.invalid,1,0,4,357,28,4,357,28,,,,,,0,,feat: add CohereCommand provider with conversation capabilities and streaming support,feat: add CohereCommand provider with conversation capabilities and streaming support
OEvortex/Webscout,ef26ff8ba96a056c9757f644fb28e1ba20f0f4cc,2026-04,11,post,2026-04-03T12:27:55+05:30,2026-04-03T12:27:55+05:30,u99c389b1b7bfbd23,u99c389b1b7bfbd23@users.invalid,u99c389b1b7bfbd23,u99c389b1b7bfbd23@users.invalid,2,1,0,0,0,0,0,0,,,,,,0,,Merge branch 'main' of https://github.com/OEvortex/Webscout,Merge branch 'main' of https://github.com/OEvortex/Webscout
OEvortex/Webscout,be3fa3182fdb93f54a4e61adba2f668474f5d1d2,2026-04,11,post,2026-04-03T12:36:45+05:30,2026-04-03T12:36:45+05:30,u99c389b1b7bfbd23,u99c389b1b7bfbd23@users.invalid,u99c389b1b7bfbd23,u99c389b1b7bfbd23@users.invalid,1,0,3,187,239,1,15,3,AGENTS.md,,,,,0,,feat: update AGENTS.md for project overview and architecture; enhance test cases for OpenResearcher provider,feat: update AGENTS.md for project overview and architecture; enhance test cases for OpenResearcher provider
OEvortex/Webscout,bb0f15b7bce4501045ad269ead39291bae0d6fd4,2026-04,11,post,2026-04-03T12:41:41+05:30,2026-04-03T12:41:41+05:30,u99c389b1b7bfbd23,u99c389b1b7bfbd23@users.invalid,u99c389b1b7bfbd23,u99c389b1b7bfbd23@users.invalid,1,0,2,25,14,0,0,0,,,,,,0,,feat: update publish-to-pypi.yml for daily stable releases; change default release type to stable,feat: update publish-to-pypi.yml for daily stable releases; change default release type to stable
OEvortex/Webscout,52b382a44559147b04535a6a2fb4bac40150be98,2026-04,11,post,2026-04-03T13:04:27+05:30,2026-04-03T13:04:27+05:30,u99c389b1b7bfbd23,u99c389b1b7bfbd23@users.invalid,u99c389b1b7bfbd23,u99c389b1b7bfbd23@users.invalid,1,0,2,59,35,1,41,33,AGENTS.md,,,,,0,,feat: enhance model retrieval logic in provider initialization; add agent workflow guidelines to AGENTS.md,feat: enhance model retrieval logic in provider initialization; add agent workflow guidelines to AGENTS.md
OEvortex/Webscout,3a008cafd82cd25a3f57200e79e661621614d5f0,2026-04,11,post,2026-04-03T13:07:31+05:30,2026-04-03T13:07:31+05:30,u99c389b1b7bfbd23,u99c389b1b7bfbd23@users.invalid,u99c389b1b7bfbd23,u99c389b1b7bfbd23@users.invalid,1,0,5,16,47,4,11,47,,,,,,0,,refactor: remove fallback logic for providers and clean up comments in provider initialization,refactor: remove fallback logic for providers and clean up comments in provider initialization
OEvortex/Webscout,cfdbe4bd20234c43617e5a09aed9cd96b54e56ae,2026-04,11,post,2026-04-04T02:43:54Z,2026-04-04T02:43:54Z,github-actions[bot],github-actions[bot]@users.noreply.github.com,github-actions[bot],github-actions[bot]@users.noreply.github.com,1,0,1,1,1,1,1,1,,,,,github-actions,0,,🔖 Bump version to 2026.4.4,🔖 Bump version to 2026.4.4
OEvortex/Webscout,233b31ea6a3a11b04d72b363095214ef81eab206,2026-04,11,post,2026-04-04T10:41:06+05:30,2026-04-04T10:41:06+05:30,u99c389b1b7bfbd23,u99c389b1b7bfbd23@users.invalid,u99c389b1b7bfbd23,u99c389b1b7bfbd23@users.invalid,1,0,2,76,0,1,72,0,,,,,,0,,feat: add missing TTS model and provider GET routes for improved API functionality,feat: add missing TTS model and provider GET routes for improved API functionality
OEvortex/Webscout,3301b4a49887d9268531d69beab91df809bb3a05,2026-04,11,post,2026-04-04T10:41:10+05:30,2026-04-04T10:41:10+05:30,u99c389b1b7bfbd23,u99c389b1b7bfbd23@users.invalid,u99c389b1b7bfbd23,u99c389b1b7bfbd23@users.invalid,2,1,0,0,0,0,0,0,,,,,,0,,Merge branch 'main' of https://github.com/OEvortex/Webscout,Merge branch 'main' of https://github.com/OEvortex/Webscout
OEvortex/Webscout,3b9af6b4c035bb1fc689e0c6ef9fd1440d88a823,2026-04,11,post,2026-04-05T03:19:53Z,2026-04-05T03:19:53Z,github-actions[bot],github-actions[bot]@users.noreply.github.com,github-actions[bot],github-actions[bot]@users.noreply.github.com,1,0,1,1,1,1,1,1,,,,,github-actions,0,,🔖 Bump version to 2026.4.5,🔖 Bump version to 2026.4.5
OEvortex/Webscout,b377d5908f0e1693eb8626698d9e11ace47f9659,2026-04,11,post,2026-04-07T13:02:45+05:30,2026-04-07T13:02:13+05:30,u99c389b1b7bfbd23,u99c389b1b7bfbd23@users.invalid,u99c389b1b7bfbd23,u99c389b1b7bfbd23@users.invalid,1,0,32,518,924,21,28,617,,,,,,0,,v2026.4.4 - Typing improvements and test fixes,"v2026.4.4 - Typing improvements and test fixes

- Added Dict[str, Any] type annotations to payload dictionaries in OpenAI-compatible providers
- Fixed yield type annotations in Upstage.py for streaming responses
- Added type casts for proxy updates in proxy_manager.py
- Fixed type narrowing in Deepinfra.py
- Converted mocked tests to real API tests (OpenAI, Groq, HuggingFace, Gemini)
- Fixed uvx ty check errors with proper ty:ignore syntax
- Removed AvaSupernova provider (API returns 400 errors, service unavailable)
- Fixed tests/live_test.py pytest collection by renaming test functions
- Added missing dependencies (typing_extensions, httpx, tqdm, packaging, pytest-cov)

Test results: 107 passed, 46 skipped, 0 failed"
OEvortex/Webscout,852aaead2f2009abc552727fe9806b91f1a10d19,2026-04,11,post,2026-04-08T02:57:41Z,2026-04-08T02:57:41Z,github-actions[bot],github-actions[bot]@users.noreply.github.com,github-actions[bot],github-actions[bot]@users.noreply.github.com,1,0,1,1,1,1,1,1,,,,,github-actions,0,,🔖 Bump version to 2026.4.8,🔖 Bump version to 2026.4.8
OEvortex/Webscout,384a4ca228127baca946b41126fe497a2b1e2039,2026-04,11,post,2026-04-22T21:52:58+05:30,2026-04-22T21:52:58+05:30,u99c389b1b7bfbd23,u99c389b1b7bfbd23@users.invalid,u99c389b1b7bfbd23,u99c389b1b7bfbd23@users.invalid,1,0,2,321,0,2,321,0,,,,,,0,,Add VisualGPT TTI provider with cookie authentication,Add VisualGPT TTI provider with cookie authentication
OEvortex/Webscout,e8133ab503ba977dbb57a01ecd6f8846bc170b78,2026-04,11,post,2026-04-23T03:28:04Z,2026-04-23T03:28:04Z,github-actions[bot],github-actions[bot]@users.noreply.github.com,github-actions[bot],github-actions[bot]@users.noreply.github.com,1,0,1,1,1,1,1,1,,,,,github-actions,0,,🔖 Bump version to 2026.4.23,🔖 Bump version to 2026.4.23
OEvortex/Webscout,691ea7ee54f27b9963268296506d372470d96ad0,2026-05,12,post,2026-05-04T12:15:04+05:30,2026-05-04T12:15:04+05:30,u99c389b1b7bfbd23,u99c389b1b7bfbd23@users.invalid,u99c389b1b7bfbd23,u99c389b1b7bfbd23@users.invalid,1,0,9,980,186,7,903,176,,,,,,0,,feat: Add BingImageAI and MagicHourAI providers with image generation capabilities,"feat: Add BingImageAI and MagicHourAI providers with image generation capabilities

- Implement BingImageAI provider using Microsoft/Bing Image Creator API.
- Add MagicHourAI provider utilizing the free MagicHour API for image generation.
- Introduce centralized image hosting module for fallback image uploads.
- Update README.md to reflect new providers and usage examples.
- Refactor image upload logic to improve reliability and maintainability.
- Enhance existing TTI provider structure to accommodate new features."
OEvortex/Webscout,6a36297e2c1b7b3b7d8684382d6d8b59393e6abe,2026-05,12,post,2026-05-04T12:37:19+05:30,2026-05-04T12:37:19+05:30,u99c389b1b7bfbd23,u99c389b1b7bfbd23@users.invalid,u99c389b1b7bfbd23,u99c389b1b7bfbd23@users.invalid,1,0,2,342,0,2,342,0,,,,,,0,,feat: Add TTSAI provider for text-to-speech using TTS.ai API,feat: Add TTSAI provider for text-to-speech using TTS.ai API
OEvortex/Webscout,f02beb8af10c03618ff7e10246e1ac6df27f54d4,2026-05,12,post,2026-05-04T12:41:14+05:30,2026-05-04T12:41:14+05:30,u99c389b1b7bfbd23,u99c389b1b7bfbd23@users.invalid,u99c389b1b7bfbd23,u99c389b1b7bfbd23@users.invalid,1,0,2,70,71,2,70,71,,,,,,0,,refactor: Update request parameters in Images class and enhance TTSAI initialization,refactor: Update request parameters in Images class and enhance TTSAI initialization
OEvortex/Webscout,4580475f2f0e9157aa05cfdcbd6dc690da76f51a,2026-05,12,post,2026-05-05T03:32:19Z,2026-05-05T03:32:19Z,github-actions[bot],github-actions[bot]@users.noreply.github.com,github-actions[bot],github-actions[bot]@users.noreply.github.com,1,0,1,1,1,1,1,1,,,,,github-actions,0,,🔖 Bump version to 2026.5.5,🔖 Bump version to 2026.5.5
OEvortex/Webscout,3c24a0f775991619a20f5cc21a8644f433bcfe66,2026-05,12,post,2026-05-12T14:05:46+05:30,2026-05-12T14:05:46+05:30,ue257b1df32748e3f,ue257b1df32748e3f@users.invalid,GitHub,noreply@github.com,1,0,1,1,0,0,0,0,,,,,,0,,Added logo,"Added logo

Signed-off-by: ue257b1df32748e3f <ue257b1df32748e3f@users.invalid>"
OEvortex/Webscout,17aeea555ac48d4f0b7efb0caa1ad413a411437f,2026-05,12,post,2026-05-12T14:20:45+05:30,2026-05-12T14:20:45+05:30,ue257b1df32748e3f,ue257b1df32748e3f@users.invalid,GitHub,noreply@github.com,1,0,1,1,0,0,0,0,,,,,,0,,Added logo,"Added logo

Signed-off-by: ue257b1df32748e3f <ue257b1df32748e3f@users.invalid>"
OEvortex/Webscout,e155f2d62bb894d19bdabf8f34f8daf5450b7fb9,2026-05,12,post,2026-05-12T14:30:49+05:30,2026-05-12T14:30:49+05:30,ue257b1df32748e3f,ue257b1df32748e3f@users.invalid,GitHub,noreply@github.com,1,0,1,8,0,0,0,0,,,,,,0,,Update README.md,"Update README.md

Signed-off-by: ue257b1df32748e3f <ue257b1df32748e3f@users.invalid>"
OEvortex/Webscout,4a792ce3619a97a6cf1591bf59ae775c148af339,2026-05,12,post,2026-05-12T14:43:40+05:30,2026-05-12T14:43:40+05:30,ue257b1df32748e3f,ue257b1df32748e3f@users.invalid,GitHub,noreply@github.com,1,0,1,9,0,0,0,0,,,,,,0,,Add files via upload,"Add files via upload

Signed-off-by: ue257b1df32748e3f <ue257b1df32748e3f@users.invalid>"
OEvortex/Webscout,f54772d4afb3ccb38186d6445f78d146a088b3cb,2026-05,12,post,2026-05-12T14:53:30+05:30,2026-05-12T14:53:30+05:30,ue257b1df32748e3f,ue257b1df32748e3f@users.invalid,GitHub,noreply@github.com,1,0,1,1,9,0,0,0,,,,,,0,,Update dark logo.svg,"Update dark logo.svg

Signed-off-by: ue257b1df32748e3f <ue257b1df32748e3f@users.invalid>"
OEvortex/Webscout,548092a65d91289a9ef048948831569337d76649,2026-05,12,post,2026-05-12T15:50:47+05:30,2026-05-12T15:50:47+05:30,ue257b1df32748e3f,ue257b1df32748e3f@users.invalid,GitHub,noreply@github.com,1,0,1,3,1,0,0,0,,,,,,0,,Update logo.svg,"Update logo.svg

Signed-off-by: ue257b1df32748e3f <ue257b1df32748e3f@users.invalid>"
OEvortex/Webscout,797bf8262bab8f3d5d4d938b515b2f4c26ef5153,2026-05,12,post,2026-05-13T03:57:21Z,2026-05-13T03:57:21Z,github-actions[bot],github-actions[bot]@users.noreply.github.com,github-actions[bot],github-actions[bot]@users.noreply.github.com,1,0,1,1,1,1,1,1,,,,,github-actions,0,,🔖 Bump version to 2026.5.13,🔖 Bump version to 2026.5.13
OEvortex/Webscout,2a977d5cd65ce56138e12f4ab5bd40a74f10e089,2026-05,12,post,2026-05-13T09:53:38+05:30,2026-05-13T09:53:38+05:30,u99c389b1b7bfbd23,u99c389b1b7bfbd23@users.invalid,u99c389b1b7bfbd23,u99c389b1b7bfbd23@users.invalid,1,0,67,156,149,66,154,137,,,,,,0,,Refactor provider implementations to handle type hints and improve error handling,"Refactor provider implementations to handle type hints and improve error handling

- Added type ignore comments for various instances where type checking may fail due to dynamic types or unresolved attributes.
- Updated generator handling in multiple provider classes to ensure compatibility with expected iterable types.
- Enhanced error handling in API request methods across several providers to improve robustness.
- Made minor adjustments to assignment statements to satisfy type checking requirements."
OEvortex/Webscout,ebce17dea4efc10a90af614431cec759cdfb9024,2026-05,12,post,2026-05-13T09:53:45+05:30,2026-05-13T09:53:45+05:30,u99c389b1b7bfbd23,u99c389b1b7bfbd23@users.invalid,u99c389b1b7bfbd23,u99c389b1b7bfbd23@users.invalid,2,1,0,0,0,0,0,0,,,,,,0,,Merge branch 'main' of https://github.com/OEvortex/Webscout,Merge branch 'main' of https://github.com/OEvortex/Webscout
OEvortex/Webscout,79613752ce815424b79ad2d3110e1f0de99a394e,2026-05,12,post,2026-05-14T03:56:40Z,2026-05-14T03:56:40Z,github-actions[bot],github-actions[bot]@users.noreply.github.com,github-actions[bot],github-actions[bot]@users.noreply.github.com,1,0,1,1,1,1,1,1,,,,,github-actions,0,,🔖 Bump version to 2026.5.14,🔖 Bump version to 2026.5.14
OEvortex/Webscout,32faf66095f5334a1716032f8e12f75cc8b9eeb6,2026-05,12,post,2026-05-29T09:42:05+05:30,2026-05-29T09:42:05+05:30,u99c389b1b7bfbd23,u99c389b1b7bfbd23@users.invalid,u99c389b1b7bfbd23,u99c389b1b7bfbd23@users.invalid,1,0,11,40,33,9,33,32,,,,,,0,,Update .gitignore and pyproject.toml; add type hints and ignore comments in various files,Update .gitignore and pyproject.toml; add type hints and ignore comments in various files
OEvortex/Webscout,f90457ecb5960d437ef3f48f1b8e3db88128b2e2,2026-05,12,post,2026-05-29T09:42:11+05:30,2026-05-29T09:42:11+05:30,u99c389b1b7bfbd23,u99c389b1b7bfbd23@users.invalid,u99c389b1b7bfbd23,u99c389b1b7bfbd23@users.invalid,2,1,0,0,0,0,0,0,,,,,,0,,Merge branch 'main' of https://github.com/OEvortex/Webscout,Merge branch 'main' of https://github.com/OEvortex/Webscout
OEvortex/Webscout,d9e177baf3a6972ee03c85cfe054e874931774dc,2026-05,12,post,2026-05-29T04:13:36Z,2026-05-29T04:13:36Z,github-actions[bot],github-actions[bot]@users.noreply.github.com,github-actions[bot],github-actions[bot]@users.noreply.github.com,1,0,1,1,1,1,1,1,,,,,github-actions,0,,🔖 Bump version to 2026.5.29,🔖 Bump version to 2026.5.29
OEvortex/Webscout,b43c228f93b0b7d81b17a1e9b49024fa1a7bd9a9,2026-05,12,post,2026-05-29T10:00:38+05:30,2026-05-29T10:00:38+05:30,u99c389b1b7bfbd23,u99c389b1b7bfbd23@users.invalid,u99c389b1b7bfbd23,u99c389b1b7bfbd23@users.invalid,1,0,3,39,42,3,39,42,,,,,,0,,Add new models to Toolbaz and TurboSeek; refactor HTML handling in TurboSeek,Add new models to Toolbaz and TurboSeek; refactor HTML handling in TurboSeek
OEvortex/Webscout,6b73e609f751ca11e84990fc2a5105c0ed4b1711,2026-05,12,post,2026-05-29T10:00:45+05:30,2026-05-29T10:00:45+05:30,u99c389b1b7bfbd23,u99c389b1b7bfbd23@users.invalid,u99c389b1b7bfbd23,u99c389b1b7bfbd23@users.invalid,2,1,0,0,0,0,0,0,,,,,,0,,Merge branch 'main' of https://github.com/OEvortex/Webscout,Merge branch 'main' of https://github.com/OEvortex/Webscout
OEvortex/Webscout,244bbc59d5f25d9b843b579d8a5ff8b67287fd95,2026-05,12,post,2026-05-29T10:14:46+05:30,2026-05-29T10:14:46+05:30,u99c389b1b7bfbd23,u99c389b1b7bfbd23@users.invalid,u99c389b1b7bfbd23,u99c389b1b7bfbd23@users.invalid,1,0,5,94,32,4,93,31,,,,,,0,,"Refactor PollinationsAI integration: update API endpoint, add authentication, and replace TextPollinationsAI with PollinationsAI class","Refactor PollinationsAI integration: update API endpoint, add authentication, and replace TextPollinationsAI with PollinationsAI class"
OEvortex/Webscout,d3da79565ab9804c4ff21865bd6236978525091f,2026-05,12,post,2026-05-30T03:58:52Z,2026-05-30T03:58:52Z,github-actions[bot],github-actions[bot]@users.noreply.github.com,github-actions[bot],github-actions[bot]@users.noreply.github.com,1,0,1,1,1,1,1,1,,,,,github-actions,0,,🔖 Bump version to 2026.5.30,🔖 Bump version to 2026.5.30
