repo,sha,month,offset,period,commit_date,author_date,author_name,author_email,committer_name,committer_email,parents,is_merge,files,insertions,deletions,scope_files,scope_insertions,scope_deletions,agent_files,llm_family,llm_tools,llm_signals,bot,is_revert,pr,subject,message
panther-labs/panther-analysis,8e5b3d2130f90dbbe3f87399e9ea1b6734940cbc,2024-03,-12,pre,2024-03-04T09:57:42-07:00,2024-03-04T18:57:42+02:00,ue64497c4f5cdffb3,ue64497c4f5cdffb3@users.invalid,GitHub,noreply@github.com,1,0,26,459,18,8,130,6,,,,,,0,1133,GCP rule consistency check (#1133),"GCP rule consistency check (#1133)

* GCP rule consistency check

* GCP rule consistency check - linter"
panther-labs/panther-analysis,479ab4c14fde6952ecec3ea538f2d5f913d039a3,2024-03,-12,pre,2024-03-04T17:01:38Z,2024-03-04T19:01:38+02:00,ue64497c4f5cdffb3,ue64497c4f5cdffb3@users.invalid,GitHub,noreply@github.com,1,0,4,196,0,2,63,0,,,,,,0,1135,Convert k8s rules from SDYAML to python (#1135),"Convert k8s rules from SDYAML to python (#1135)

* Convert k8s rules from SDYAML to python

* Convert k8s rules from SDYAML to python

---------

Co-authored-by: uf3d47fdb28dafe67 <uf3d47fdb28dafe67@users.invalid>"
panther-labs/panther-analysis,82e0108a8f9289bda0d65765d7a8014389344ba1,2024-03,-12,pre,2024-03-04T10:47:11-07:00,2024-03-04T09:47:11-08:00,u86d28e27b2ec0628,u86d28e27b2ec0628@users.invalid,GitHub,noreply@github.com,1,0,2,46,1,1,7,1,,,,,,0,1131,aws_console_login_without_mfa: Include role name in title (#1131),"aws_console_login_without_mfa: Include role name in title (#1131)

* Include role name in title

If this event is from an assumed role, it was displaying ""[user None]"".

* add test case to .yml for role in title

---------

Co-authored-by: u353238d1cb8c4346 <u353238d1cb8c4346@users.invalid>
Co-authored-by: uf3d47fdb28dafe67 <uf3d47fdb28dafe67@users.invalid>"
panther-labs/panther-analysis,df717f9b004db62b5e779f38f058dd2a8ba45082,2024-03,-12,pre,2024-03-05T15:54:16Z,2024-03-05T15:54:16Z,dependabot[bot],49699333+dependabot[bot]@users.noreply.github.com,GitHub,noreply@github.com,1,0,1,1,1,0,0,0,,,,,dependabot,0,1132,build(deps): bump peterjgrainger/action-create-branch from 2.4.0 to 3.0.0 (#1132),"build(deps): bump peterjgrainger/action-create-branch from 2.4.0 to 3.0.0 (#1132)

Bumps [peterjgrainger/action-create-branch](https://github.com/peterjgrainger/action-create-branch) from 2.4.0 to 3.0.0.
- [Release notes](https://github.com/peterjgrainger/action-create-branch/releases)
- [Commits](https://github.com/peterjgrainger/action-create-branch/compare/v2.4.0...v3.0.0)

---
updated-dependencies:
- dependency-name: peterjgrainger/action-create-branch
  dependency-type: direct:production
  update-type: version-update:semver-major
...

Signed-off-by: dependabot[bot] <ufab77f7a199e1613@users.invalid>
Co-authored-by: dependabot[bot] <49699333+dependabot[bot]@users.noreply.github.com>
Co-authored-by: u7510bc26454f566d <u7510bc26454f566d@users.invalid>"
panther-labs/panther-analysis,b9604e826ff16a7eefa721ddc61481615ce1f715,2024-03,-12,pre,2024-03-05T10:09:37-06:00,2024-02-21T12:19:25-06:00,u7510bc26454f566d,u7510bc26454f566d@users.invalid,ud4c7fbc5424c8e28,ud4c7fbc5424c8e28@users.invalid,1,0,1,12,0,1,12,0,,,,,,0,1115,[sync] GCP K8S Pod Create Or Modify Host Path Volume Mount - rule (#85) (#1115),"[sync] GCP K8S Pod Create Or Modify Host Path Volume Mount - rule (#85) (#1115)

Co-authored-by: ue64497c4f5cdffb3 <ue64497c4f5cdffb3@users.invalid>"
panther-labs/panther-analysis,9ae617895a2701bede417b8a97b4917fd4eb7323,2024-03,-12,pre,2024-03-05T10:09:37-06:00,2024-02-27T10:03:04-06:00,dependabot[bot],49699333+dependabot[bot]@users.noreply.github.com,ud4c7fbc5424c8e28,ud4c7fbc5424c8e28@users.invalid,1,0,1,23,23,0,0,0,,,,,dependabot,0,1118,build(deps-dev): bump cryptography from 42.0.2 to 42.0.4 (#1118),"build(deps-dev): bump cryptography from 42.0.2 to 42.0.4 (#1118)

Bumps [cryptography](https://github.com/pyca/cryptography) from 42.0.2 to 42.0.4.
- [Changelog](https://github.com/pyca/cryptography/blob/main/CHANGELOG.rst)
- [Commits](https://github.com/pyca/cryptography/compare/42.0.2...42.0.4)

---
updated-dependencies:
- dependency-name: cryptography
  dependency-type: indirect
...

Signed-off-by: dependabot[bot] <ufab77f7a199e1613@users.invalid>
Co-authored-by: dependabot[bot] <49699333+dependabot[bot]@users.noreply.github.com>
Co-authored-by: u7510bc26454f566d <u7510bc26454f566d@users.invalid>"
panther-labs/panther-analysis,b6752a329d4fbef2c7d1e72e72e2afc52422d86d,2024-03,-12,pre,2024-03-05T10:09:37-06:00,2024-02-27T19:47:04+02:00,ue64497c4f5cdffb3,ue64497c4f5cdffb3@users.invalid,ud4c7fbc5424c8e28,ud4c7fbc5424c8e28@users.invalid,1,0,1,0,12,1,0,12,,,,,,0,1123,Convert GCP K8S rules from SDYAML to Python (#1123),"Convert GCP K8S rules from SDYAML to Python (#1123)

Co-authored-by: uf3d47fdb28dafe67 <uf3d47fdb28dafe67@users.invalid>"
panther-labs/panther-analysis,9cec9c0f10faba1b93f2f9359be0eff44ddb2f16,2024-03,-12,pre,2024-03-05T10:32:51-06:00,2024-02-29T09:49:47-06:00,u7510bc26454f566d,u7510bc26454f566d@users.invalid,ud4c7fbc5424c8e28,ud4c7fbc5424c8e28@users.invalid,1,0,1,5,5,0,0,0,,,,,,0,1129,Update PAT to 0.41.0 (#1129),Update PAT to 0.41.0 (#1129)
panther-labs/panther-analysis,d3281addf5d09514c863f8f25e06df90a76f37d3,2024-03,-12,pre,2024-03-05T10:32:51-06:00,2024-02-27T10:03:04-06:00,dependabot[bot],49699333+dependabot[bot]@users.noreply.github.com,ud4c7fbc5424c8e28,ud4c7fbc5424c8e28@users.invalid,1,0,1,11,3,0,0,0,,,,,dependabot,0,1118,build(deps-dev): bump cryptography from 42.0.2 to 42.0.4 (#1118),"build(deps-dev): bump cryptography from 42.0.2 to 42.0.4 (#1118)

Bumps [cryptography](https://github.com/pyca/cryptography) from 42.0.2 to 42.0.4.
- [Changelog](https://github.com/pyca/cryptography/blob/main/CHANGELOG.rst)
- [Commits](https://github.com/pyca/cryptography/compare/42.0.2...42.0.4)

---
updated-dependencies:
- dependency-name: cryptography
  dependency-type: indirect
...

Signed-off-by: dependabot[bot] <ufab77f7a199e1613@users.invalid>
Co-authored-by: dependabot[bot] <49699333+dependabot[bot]@users.noreply.github.com>
Co-authored-by: u7510bc26454f566d <u7510bc26454f566d@users.invalid>"
panther-labs/panther-analysis,d2ba34f6c4feabe236ddc77ce10fbf857a1efa5d,2024-03,-12,pre,2024-03-05T10:38:11-06:00,2024-03-05T10:38:11-06:00,ud4c7fbc5424c8e28,ud4c7fbc5424c8e28@users.invalid,ud4c7fbc5424c8e28,ud4c7fbc5424c8e28@users.invalid,1,0,1,0,8,0,0,0,,,,,,0,,Update Pipfile.lock,Update Pipfile.lock
panther-labs/panther-analysis,13ab0cd69fda028a35b075aac095bed51fa4a095,2024-03,-12,pre,2024-03-05T10:44:03-06:00,2024-03-05T10:44:03-06:00,u7510bc26454f566d,u7510bc26454f566d@users.invalid,GitHub,noreply@github.com,1,0,0,0,0,0,0,0,,,,,,0,1137,Prepare for 3.44.0 (#1137),"Prepare for 3.44.0 (#1137)

* Update PAT to 0.41.0 (#1129)

* build(deps-dev): bump cryptography from 42.0.2 to 42.0.4 (#1118)

Bumps [cryptography](https://github.com/pyca/cryptography) from 42.0.2 to 42.0.4.
- [Changelog](https://github.com/pyca/cryptography/blob/main/CHANGELOG.rst)
- [Commits](https://github.com/pyca/cryptography/compare/42.0.2...42.0.4)

---
updated-dependencies:
- dependency-name: cryptography
  dependency-type: indirect
...

Signed-off-by: dependabot[bot] <ufab77f7a199e1613@users.invalid>
Co-authored-by: dependabot[bot] <49699333+dependabot[bot]@users.noreply.github.com>
Co-authored-by: u7510bc26454f566d <u7510bc26454f566d@users.invalid>

* Update Pipfile.lock

---------

Signed-off-by: dependabot[bot] <ufab77f7a199e1613@users.invalid>
Co-authored-by: dependabot[bot] <49699333+dependabot[bot]@users.noreply.github.com>"
panther-labs/panther-analysis,a1f9082f50c39e739695fa69c9ecef34134f7c35,2024-03,-12,pre,2024-03-05T10:44:14-06:00,2024-02-29T09:49:47-06:00,u7510bc26454f566d,u7510bc26454f566d@users.invalid,ud4c7fbc5424c8e28,ud4c7fbc5424c8e28@users.invalid,1,0,1,5,5,0,0,0,,,,,,0,1129,Update PAT to 0.41.0 (#1129),Update PAT to 0.41.0 (#1129)
panther-labs/panther-analysis,5f4efe83886b96438d667173bd68453ecd4d80af,2024-03,-12,pre,2024-03-05T10:44:14-06:00,2024-02-27T10:03:04-06:00,dependabot[bot],49699333+dependabot[bot]@users.noreply.github.com,ud4c7fbc5424c8e28,ud4c7fbc5424c8e28@users.invalid,1,0,1,11,3,0,0,0,,,,,dependabot,0,1118,build(deps-dev): bump cryptography from 42.0.2 to 42.0.4 (#1118),"build(deps-dev): bump cryptography from 42.0.2 to 42.0.4 (#1118)

Bumps [cryptography](https://github.com/pyca/cryptography) from 42.0.2 to 42.0.4.
- [Changelog](https://github.com/pyca/cryptography/blob/main/CHANGELOG.rst)
- [Commits](https://github.com/pyca/cryptography/compare/42.0.2...42.0.4)

---
updated-dependencies:
- dependency-name: cryptography
  dependency-type: indirect
...

Signed-off-by: dependabot[bot] <ufab77f7a199e1613@users.invalid>
Co-authored-by: dependabot[bot] <49699333+dependabot[bot]@users.noreply.github.com>
Co-authored-by: u7510bc26454f566d <u7510bc26454f566d@users.invalid>"
panther-labs/panther-analysis,f019d22278ef49e5c7ef118f809b3b4695c55cdc,2024-03,-12,pre,2024-03-05T10:44:18-06:00,2024-03-05T10:44:18-06:00,ud4c7fbc5424c8e28,ud4c7fbc5424c8e28@users.invalid,ud4c7fbc5424c8e28,ud4c7fbc5424c8e28@users.invalid,2,1,0,0,0,0,0,0,,,,,,0,,Merge branch 'release',Merge branch 'release'
panther-labs/panther-analysis,4551f19bbd5d782b28d294621612f1ccd8633430,2024-03,-12,pre,2024-03-05T10:48:57-06:00,2024-03-05T10:48:57-06:00,ud4c7fbc5424c8e28,ud4c7fbc5424c8e28@users.invalid,ud4c7fbc5424c8e28,ud4c7fbc5424c8e28@users.invalid,1,0,1,0,8,0,0,0,,,,,,0,,Update Pipfile.lock,Update Pipfile.lock
panther-labs/panther-analysis,128d64717e1da3944015ff8fc35d8e00b46fd7c5,2024-03,-12,pre,2024-03-12T15:53:09Z,2024-03-12T10:53:09-05:00,u7510bc26454f566d,u7510bc26454f566d@users.invalid,GitHub,noreply@github.com,1,0,33,128,2011,9,14,11,,,,,,0,1144,Prepare for `3.45.0` (#1144),"Prepare for `3.45.0` (#1144)

* Fixed IndexOutOfRange error in get_zoom_usergroup_context (#1141)

* Use correct key when retrieving string_set in Okta Stolen Session Rule (#1142)

* Fix key when retrieving string_set in Okta Stolen Session Rule

* fmt

* rolling back changes related to simple_rules dir (#1143)

Co-authored-by: u7510bc26454f566d <u7510bc26454f566d@users.invalid>

* typo fix: gcp_privilege_escalation_by_deploymants (#1140)

* Update PAT to 0.42.0 (#1145)

Co-authored-by: u7510bc26454f566d <u7510bc26454f566d@users.invalid>

---------

Co-authored-by: u5aaeff12dfd342e6 <u5aaeff12dfd342e6@users.invalid>
Co-authored-by: uf3d47fdb28dafe67 <uf3d47fdb28dafe67@users.invalid>
Co-authored-by: u0e111a94f01c7a06 <u0e111a94f01c7a06@users.invalid>
Co-authored-by: ub36b30d85847c7cc <ub36b30d85847c7cc@users.invalid>"
panther-labs/panther-analysis,5fb9be9251b37ce2da6b2bf907fb6126389b44a6,2024-03,-12,pre,2024-03-19T14:32:26-05:00,2024-03-19T14:32:26-05:00,u7510bc26454f566d,u7510bc26454f566d@users.invalid,GitHub,noreply@github.com,1,0,29,736,112,17,153,56,,,,,,0,1156,Prepare for `3.46.0` (#1156),"Prepare for `3.46.0` (#1156)

* converted is_private to not is_global (#1150)

Co-authored-by: u7510bc26454f566d <u7510bc26454f566d@users.invalid>

* Rework base64 recognition to use python functions rather than regex (#1146)

* base64 rules use python funtions not regex

* better alertcontext for standard_dns_base64

* command line tools as global var

* regex and length checks for edge cases

* new global_helper for is_base64()

* renames .yaml files to .yml (#1151)

* THREAT-240 GCP compute.instance.create AttributeError (#1152)

* Add GCP.IAM.serviceAccounts.getAccessToken.Privilege.Escalation rule (#1149)

* Add GCP.IAM.serviceAccounts.getAccessToken.Privilege.Escalation  rule

* Add GCP.IAM.serviceAccounts.signBlob rule

* Lolbas tuning (#1147)

* lower severity and set disabled false

* lower severity and disable

* Update PAT to 0.43.0 (#1154)

* fix - Several GCP rules with NoneType errors (#1155)

* Fixed IndexOutOfRange error in get_zoom_usergroup_context (#1141)

* Use correct key when retrieving string_set in Okta Stolen Session Rule (#1142)

* Fix key when retrieving string_set in Okta Stolen Session Rule

* fmt

* rolling back changes related to simple_rules dir (#1143)

Co-authored-by: u7510bc26454f566d <u7510bc26454f566d@users.invalid>

* typo fix: gcp_privilege_escalation_by_deploymants (#1140)

* Update PAT to 0.42.0 (#1145)

Co-authored-by: u7510bc26454f566d <u7510bc26454f566d@users.invalid>

* converted is_private to not is_global (#1150)

Co-authored-by: u7510bc26454f566d <u7510bc26454f566d@users.invalid>

* Rework base64 recognition to use python functions rather than regex (#1146)

* base64 rules use python funtions not regex

* better alertcontext for standard_dns_base64

* command line tools as global var

* regex and length checks for edge cases

* new global_helper for is_base64()

* renames .yaml files to .yml (#1151)

* THREAT-241 Several GCP rules with NoneType errors

---------

Co-authored-by: u5aaeff12dfd342e6 <u5aaeff12dfd342e6@users.invalid>
Co-authored-by: u7510bc26454f566d <u7510bc26454f566d@users.invalid>
Co-authored-by: uf3d47fdb28dafe67 <uf3d47fdb28dafe67@users.invalid>
Co-authored-by: u0e111a94f01c7a06 <u0e111a94f01c7a06@users.invalid>
Co-authored-by: ub36b30d85847c7cc <ub36b30d85847c7cc@users.invalid>
Co-authored-by: ud18ddd05177641ab <ud18ddd05177641ab@users.invalid>

---------

Co-authored-by: uf3d47fdb28dafe67 <uf3d47fdb28dafe67@users.invalid>
Co-authored-by: ud18ddd05177641ab <ud18ddd05177641ab@users.invalid>
Co-authored-by: ue64497c4f5cdffb3 <ue64497c4f5cdffb3@users.invalid>
Co-authored-by: u5aaeff12dfd342e6 <u5aaeff12dfd342e6@users.invalid>
Co-authored-by: u0e111a94f01c7a06 <u0e111a94f01c7a06@users.invalid>
Co-authored-by: ub36b30d85847c7cc <ub36b30d85847c7cc@users.invalid>"
panther-labs/panther-analysis,b84e2c518cd7edf73fe8f749fae7ba44ac248937,2024-03,-12,pre,2024-03-26T12:53:13-05:00,2024-03-26T12:53:13-05:00,u7510bc26454f566d,u7510bc26454f566d@users.invalid,GitHub,noreply@github.com,1,0,19,572,97,2,46,0,,,,,,0,1165,Prepare for `3.47.0` (#1165),"Prepare for `3.47.0` (#1165)

* Remove API flags for CI Checks (#1159)

* Remove API flags for CI Checks

* Remove validate Workflow; move validation to upload Workflow

* chore: remove outdated license text (#1160)

* Bump PDH version and Pipfile.lock (#1161)

* custom enrichment LUT for TrailDiscover (#1162)

* Add detection for multiple emails for gitlab password reset (#1157)

* Add detection for multiple emails for gitlab password reset

* Update gitlab_audit_password_reset_multiple_emails.py

* Update rules/gitlab_rules/gitlab_audit_password_reset_multiple_emails.yml

* Update rules/gitlab_rules/gitlab_audit_password_reset_multiple_emails.yml

* Update rules/gitlab_rules/gitlab_production_password_reset_multiple_emails.yml

* Update rules/gitlab_rules/gitlab_production_password_reset_multiple_emails.yml

---------

Co-authored-by: uf3d47fdb28dafe67 <uf3d47fdb28dafe67@users.invalid>

* Update PAT to 0.44.0 (#1163)

* add prettier formatter (#1153)

---------

Co-authored-by: u7e0ad1db70bb117a <u7e0ad1db70bb117a@users.invalid>
Co-authored-by: u7588543282bca79d <u7588543282bca79d@users.invalid>
Co-authored-by: uf3d47fdb28dafe67 <uf3d47fdb28dafe67@users.invalid>
Co-authored-by: u5aaeff12dfd342e6 <u5aaeff12dfd342e6@users.invalid>
Co-authored-by: ud18ddd05177641ab <ud18ddd05177641ab@users.invalid>"
panther-labs/panther-analysis,1583883284ed3104ee76e9db8ed41883313bbe1d,2024-03,-12,pre,2024-03-26T18:42:08-05:00,2024-03-26T18:42:08-05:00,u7510bc26454f566d,u7510bc26454f566d@users.invalid,GitHub,noreply@github.com,1,0,4,0,329,0,0,0,,,,,,0,1171,Prepare for `3.47.1` (#1171),"Prepare for `3.47.1` (#1171)

* Remove CLA reference from contribution guidelines (#1169)

* Revert ""custom enrichment LUT for TrailDiscover"" (#1170)"
panther-labs/panther-analysis,1a51734a8a1815a2b32f35de3998a4a17ea502a8,2024-04,-11,pre,2024-04-02T16:53:22-05:00,2024-03-27T15:24:43+02:00,ud18ddd05177641ab,ud18ddd05177641ab@users.invalid,u7510bc26454f566d,u7510bc26454f566d@users.invalid,1,0,1,9,1,0,0,0,,,,,,0,1172,Add npm install in dockerfile (#1172),"Add npm install in dockerfile (#1172)

* add npm install in dockerfile

* Remove Python optimizations; add prettier to PATH

---------

Co-authored-by: ud4c7fbc5424c8e28 <ud4c7fbc5424c8e28@users.invalid>"
panther-labs/panther-analysis,8283ad6d8b60c4b485a1dc3e8aa36623a4e49efb,2024-04,-11,pre,2024-04-02T16:53:22-05:00,2024-03-28T05:06:42-07:00,ua7dab94f786969f2,ua7dab94f786969f2@users.invalid,u7510bc26454f566d,u7510bc26454f566d@users.invalid,1,0,2,4,3,2,4,3,,,,,,0,1173,Update github_advanced_security_change.py (#1173),"Update github_advanced_security_change.py (#1173)

* Update github_advanced_security_change.py

Set severity of business_secret_scanning_push_protection_custom_message.disable action to HIGH

Add repository_vulnerability_alerts.disable action as HIGH

* fmt

---------

Co-authored-by: ud4c7fbc5424c8e28 <ud4c7fbc5424c8e28@users.invalid>"
panther-labs/panther-analysis,53a257731a4e2a43edb662bacfb017902f440c03,2024-04,-11,pre,2024-04-02T16:53:22-05:00,2024-04-02T18:07:36+03:00,ud18ddd05177641ab,ud18ddd05177641ab@users.invalid,u7510bc26454f566d,u7510bc26454f566d@users.invalid,1,0,712,57898,61486,0,0,0,,,,,,0,1174,format YAML and Markdown files (#1174),format YAML and Markdown files (#1174)
panther-labs/panther-analysis,2e7ec93442dcfa94b63ffa12b8bd8b4d115675a9,2024-04,-11,pre,2024-04-02T16:53:22-05:00,2024-04-02T15:24:09-06:00,uf3d47fdb28dafe67,uf3d47fdb28dafe67@users.invalid,u7510bc26454f566d,u7510bc26454f566d@users.invalid,1,0,3,100,0,1,26,0,,,,,,0,1181,osquery detection for CVE-2024-3094 (#1181),"osquery detection for CVE-2024-3094 (#1181)

* osquery detection for CVE-2024-3094

* add to pack

* linter fixes

* reference default packs instead of custom query"
panther-labs/panther-analysis,7bd8f3da482617a470eadd6a8d35125355da2a09,2024-04,-11,pre,2024-04-02T16:53:22-05:00,2024-04-02T16:32:56-05:00,u7510bc26454f566d,u7510bc26454f566d@users.invalid,u7510bc26454f566d,u7510bc26454f566d@users.invalid,1,0,7,1251,45,4,320,15,,,,,,0,1182,Add CloudTrail Rule to detect vulnerable EC2 AMIs re: CVE-2024-3094 (#1182),"Add CloudTrail Rule to detect vulnerable EC2 AMIs re: CVE-2024-3094 (#1182)

* Add CloudTrail Rule to detect vulnerable EC2 AMIs re: CVE-2024-3094

* Fix pack

* Small naming tweak

* Move AMI list to panther_iocs

* Last bit of log sanitizing"
panther-labs/panther-analysis,c27b66c94da3abe14bf399f059b71a7ae2ba5f30,2024-04,-11,pre,2024-04-09T09:38:51-05:00,2024-04-03T11:38:30+03:00,ud18ddd05177641ab,ud18ddd05177641ab@users.invalid,u7510bc26454f566d,u7510bc26454f566d@users.invalid,1,0,2,25,25,0,0,0,,,,,,0,1184,bump black (#1184),bump black (#1184)
panther-labs/panther-analysis,60c113f33e7b3332d00b647c417388a930bf0502,2024-04,-11,pre,2024-04-09T09:38:51-05:00,2024-04-03T16:09:12+03:00,ud18ddd05177641ab,ud18ddd05177641ab@users.invalid,u7510bc26454f566d,u7510bc26454f566d@users.invalid,1,0,1,0,11,0,0,0,,,,,,0,1185,disable dependabot (#1185),disable dependabot (#1185)
panther-labs/panther-analysis,24d5e7da555a0b8bc8d18a990117f46c09f5c2b2,2024-04,-11,pre,2024-04-09T09:38:51-05:00,2024-04-03T10:43:04-05:00,ud4c7fbc5424c8e28,ud4c7fbc5424c8e28@users.invalid,u7510bc26454f566d,u7510bc26454f566d@users.invalid,1,0,3,0,9,0,0,0,,,,,,0,,Use make venv rather than make install,Use make venv rather than make install
panther-labs/panther-analysis,3b86d13fd488e0fe1bcca122fad9b699990ccaf2,2024-04,-11,pre,2024-04-09T09:38:51-05:00,2024-04-03T14:44:18-06:00,uf3d47fdb28dafe67,uf3d47fdb28dafe67@users.invalid,u7510bc26454f566d,u7510bc26454f566d@users.invalid,1,0,1,0,40,0,0,0,,,,,,0,1189,remove failing test case (#1189),remove failing test case (#1189)
panther-labs/panther-analysis,aa1df8217d960838ed00b83924748c74a07de811,2024-04,-11,pre,2024-04-09T09:38:51-05:00,2024-04-03T12:10:42-05:00,ud4c7fbc5424c8e28,ud4c7fbc5424c8e28@users.invalid,u7510bc26454f566d,u7510bc26454f566d@users.invalid,1,0,3,24,5,0,0,0,,,,,,0,,Fix Dockerfile; add Workflow to test image,Fix Dockerfile; add Workflow to test image
panther-labs/panther-analysis,a36738f2aaad512c6ea885095fd892efe7b28f0e,2024-04,-11,pre,2024-04-09T09:38:51-05:00,2024-04-04T10:53:55-05:00,ud4c7fbc5424c8e28,ud4c7fbc5424c8e28@users.invalid,u7510bc26454f566d,u7510bc26454f566d@users.invalid,1,0,2,53,35,0,0,0,,,,,,0,,Update PAT to 0.45.0,Update PAT to 0.45.0
panther-labs/panther-analysis,b49acbce58995830d3e1c06cb644bc385eb0d673,2024-04,-11,pre,2024-04-09T09:38:51-05:00,2024-04-04T14:33:40-06:00,uf3d47fdb28dafe67,uf3d47fdb28dafe67@users.invalid,u7510bc26454f566d,u7510bc26454f566d@users.invalid,1,0,9,31,19,8,24,14,,,,,,0,1196,apply make fmt using upgraded black version (#1196),apply make fmt using upgraded black version (#1196)
panther-labs/panther-analysis,f079f21438f8ef002884b83a51c58acc88ee1671,2024-04,-11,pre,2024-04-09T09:38:51-05:00,2024-04-04T23:35:11+03:00,u5aaeff12dfd342e6,u5aaeff12dfd342e6@users.invalid,u7510bc26454f566d,u7510bc26454f566d@users.invalid,1,0,5,20,8,3,15,8,,,,,,0,1178,Add mongodb_alert_context (#1178),"Add mongodb_alert_context (#1178)

Co-authored-by: uf3d47fdb28dafe67 <uf3d47fdb28dafe67@users.invalid>"
panther-labs/panther-analysis,bc3777740cb969c1e2c735233e099ba66b123b50,2024-04,-11,pre,2024-04-09T09:38:51-05:00,2024-04-04T15:38:02-05:00,u7510bc26454f566d,u7510bc26454f566d@users.invalid,u7510bc26454f566d,u7510bc26454f566d@users.invalid,1,0,2,4,0,0,0,0,,,,,,0,1194,Update linting Makefile targets to run isort and prettier --check (#1194),"Update linting Makefile targets to run isort and prettier --check (#1194)

* Update linting Makefile targets to run isort and prettier --check

* Empty commit for Checks

* Checkout head ref

* make fmt

* Appease the linter"
panther-labs/panther-analysis,10ee5aab810aaf509d1bfbad77341a7dd7d98c1a,2024-04,-11,pre,2024-04-09T09:38:51-05:00,2024-04-04T23:39:55+03:00,ud18ddd05177641ab,ud18ddd05177641ab@users.invalid,u7510bc26454f566d,u7510bc26454f566d@users.invalid,1,0,4,27,3,0,0,0,,,,,,0,1193,Format code before committing it (#1193),"Format code before committing it (#1193)

* run make fmt at git commit
* list only formatted files when running prettier"
panther-labs/panther-analysis,3423904da99fb2d5706c5ea1befb12a012fa188f,2024-04,-11,pre,2024-04-09T09:38:51-05:00,2024-04-05T15:50:33+03:00,ue64497c4f5cdffb3,ue64497c4f5cdffb3@users.invalid,u7510bc26454f566d,u7510bc26454f566d@users.invalid,1,0,2,72,1,1,1,1,,,,,,0,1198,fix - Okta Password Accessed False positive (#1198),fix - Okta Password Accessed False positive (#1198)
panther-labs/panther-analysis,18909ac07abe4f018b53f779346f4cbeb98958d3,2024-04,-11,pre,2024-04-09T09:38:51-05:00,2024-04-05T18:00:14+03:00,u5aaeff12dfd342e6,u5aaeff12dfd342e6@users.invalid,u7510bc26454f566d,u7510bc26454f566d@users.invalid,1,0,3,74,0,1,14,0,,,,,,0,1190,Add MongoDB.2FA.Disabled rule (#1190),"Add MongoDB.2FA.Disabled rule (#1190)

Co-authored-by: uf3d47fdb28dafe67 <uf3d47fdb28dafe67@users.invalid>"
panther-labs/panther-analysis,ce1040200aa873ea70ba5756caf2516166fcb886,2024-04,-11,pre,2024-04-09T09:38:51-05:00,2024-04-05T18:21:06+03:00,u5aaeff12dfd342e6,u5aaeff12dfd342e6@users.invalid,u7510bc26454f566d,u7510bc26454f566d@users.invalid,1,0,5,177,0,2,34,0,,,,,,0,1192, Add MongoDB.User.Created.Or.Deleted and Add MongoDB.User.Roles.Changed rules (#1192),"Add MongoDB.User.Created.Or.Deleted and Add MongoDB.User.Roles.Changed rules (#1192)

* Add MongoDB.User.Created.Or.Deleted rule

* Add MongoDB.User.Roles.Changed rule

* Update rules/mongodb_rules/mongodb_user_created_or_deleted.yml

---------

Co-authored-by: uf3d47fdb28dafe67 <uf3d47fdb28dafe67@users.invalid>"
panther-labs/panther-analysis,cb0a03ec88bd7e23a40c0cba7444fd063729b982,2024-04,-11,pre,2024-04-09T09:38:51-05:00,2024-04-05T18:23:24+03:00,ue64497c4f5cdffb3,ue64497c4f5cdffb3@users.invalid,u7510bc26454f566d,u7510bc26454f566d@users.invalid,1,0,3,72,0,1,20,0,,,,,,0,1197,MongoDB - alerting disabled (rule) (#1197),"MongoDB - alerting disabled (rule) (#1197)

* MongoDB - alerting disabled (rule)

* MongoDB - alerting disabled (rule) - added to pack

* MongoDB - alerting disabled (rule) - linter fix

---------

Co-authored-by: u7510bc26454f566d <u7510bc26454f566d@users.invalid>
Co-authored-by: uf3d47fdb28dafe67 <uf3d47fdb28dafe67@users.invalid>"
panther-labs/panther-analysis,9d6e10e2ba33423e8a2d6a6f15599f3f9c591383,2024-04,-11,pre,2024-04-09T09:38:51-05:00,2024-04-05T18:26:29+03:00,ue64497c4f5cdffb3,ue64497c4f5cdffb3@users.invalid,u7510bc26454f566d,u7510bc26454f566d@users.invalid,1,0,3,70,0,1,22,0,,,,,,0,1199,MongoDB - Allow access from anywhere (rule) (#1199),"MongoDB - Allow access from anywhere (rule) (#1199)

Co-authored-by: uf3d47fdb28dafe67 <uf3d47fdb28dafe67@users.invalid>"
panther-labs/panther-analysis,1a2458b5171d563af7d8baf4e8d9632a34233c88,2024-04,-11,pre,2024-04-09T09:38:51-05:00,2024-04-05T18:28:29+03:00,ue64497c4f5cdffb3,ue64497c4f5cdffb3@users.invalid,u7510bc26454f566d,u7510bc26454f566d@users.invalid,1,0,3,80,0,1,14,0,,,,,,0,1200,MongoDB - org membership restriction disabled (rule) (#1200),"MongoDB - org membership restriction disabled (rule) (#1200)

Co-authored-by: uf3d47fdb28dafe67 <uf3d47fdb28dafe67@users.invalid>"
panther-labs/panther-analysis,207b0fc9f94371e2abeada04021a036aa121e2fc,2024-04,-11,pre,2024-04-09T09:38:51-05:00,2024-04-08T20:05:54+03:00,u5aaeff12dfd342e6,u5aaeff12dfd342e6@users.invalid,u7510bc26454f566d,u7510bc26454f566d@users.invalid,1,0,3,84,0,1,24,0,,,,,,0,1191,Add MongoDB.External.UserInvited.NoConfig rule (#1191),"Add MongoDB.External.UserInvited.NoConfig rule (#1191)

Co-authored-by: uf3d47fdb28dafe67 <uf3d47fdb28dafe67@users.invalid>"
panther-labs/panther-analysis,37548857b6b23a8c08d4517f57e4135343727a32,2024-04,-11,pre,2024-04-09T09:38:51-05:00,2024-04-08T20:09:49+03:00,u5aaeff12dfd342e6,u5aaeff12dfd342e6@users.invalid,u7510bc26454f566d,u7510bc26454f566d@users.invalid,1,0,3,56,0,1,30,0,,,,,,0,1202,Add MongoDB.Identity.Provider.Activity rule (#1202),"Add MongoDB.Identity.Provider.Activity rule (#1202)

Co-authored-by: uf3d47fdb28dafe67 <uf3d47fdb28dafe67@users.invalid>"
panther-labs/panther-analysis,538c5db4e6f4e3f9a36df98596636d1b1866d0c9,2024-04,-11,pre,2024-04-09T09:38:51-05:00,2024-04-09T17:05:52+03:00,u5aaeff12dfd342e6,u5aaeff12dfd342e6@users.invalid,u7510bc26454f566d,u7510bc26454f566d@users.invalid,1,0,3,74,0,1,14,0,,,,,,0,1203,Add MongoDB.Logging.Toggled rule (#1203),Add MongoDB.Logging.Toggled rule (#1203)
panther-labs/panther-analysis,ecf74bfcdb1537c45cee44b73e69f90b149a7864,2024-04,-11,pre,2024-04-23T11:56:45-05:00,2024-04-23T11:56:45-05:00,u7510bc26454f566d,u7510bc26454f566d@users.invalid,GitHub,noreply@github.com,1,0,21,583,268,3,9,5,,,,,,0,1217,Prepare for `3.50.0` (#1217),"Prepare for `3.50.0` (#1217)

* Deprecate GreyNoise detections (#1205)

* Deprecate GreyNoise detections

* Update rules/aws_cloudtrail_rules/aws_s3_activity_greynoise.yml

* Update rules/cloudflare_rules/cloudflare_firewall_suspicious_event_greynoise.yml

* Update cloudflare_httpreq_bot_high_volume_greynoise.yml

---------

Co-authored-by: uf3d47fdb28dafe67 <uf3d47fdb28dafe67@users.invalid>

* fix - Notion Login From New Location - NoneType error (#1206)

* fix - Notion Login From New Location - NoneType error

* fix - Notion Login From New Location - NoneType error - linter fix

* remove codeowners (#1208)

* fix - GCP rules - AttributeError (#1210)

* fix - GCP rules - AttributeError

* fix - GCP rules - AttributeError - linter fix

* MITRE ATT&CK Mappings for MS Rules (#1209)

* added MITRE mappings for microsoft rules

* fixed formatting on some helper files

---------

Co-authored-by: uf3d47fdb28dafe67 <uf3d47fdb28dafe67@users.invalid>

* traildiscover enrichment with managed schema (#1177)

* traildiscover enrichment with managed schema

* Add npm install in dockerfile (#1172)

* add npm install in dockerfile

* Remove Python optimizations; add prettier to PATH

---------

Co-authored-by: ud4c7fbc5424c8e28 <ud4c7fbc5424c8e28@users.invalid>

* schema name: TrailDiscover.CloudTrail

* Fix Dockerfile; add Workflow to test image

* updated data set

* Add MongoDB.2FA.Disabled rule (#1190)

Co-authored-by: uf3d47fdb28dafe67 <uf3d47fdb28dafe67@users.invalid>

* lint and fmt

* fmt

* add OCSF selector

* additional OCSF mappings

* Fix Pipfile

* Rebase changes

---------

Co-authored-by: ud18ddd05177641ab <ud18ddd05177641ab@users.invalid>
Co-authored-by: ud4c7fbc5424c8e28 <ud4c7fbc5424c8e28@users.invalid>
Co-authored-by: u5aaeff12dfd342e6 <u5aaeff12dfd342e6@users.invalid>

* Update PAT to 0.46.0 (#1216)

---------

Co-authored-by: u5aaeff12dfd342e6 <u5aaeff12dfd342e6@users.invalid>
Co-authored-by: uf3d47fdb28dafe67 <uf3d47fdb28dafe67@users.invalid>
Co-authored-by: ue64497c4f5cdffb3 <ue64497c4f5cdffb3@users.invalid>
Co-authored-by: ud18ddd05177641ab <ud18ddd05177641ab@users.invalid>
Co-authored-by: u845d1433999e3b2c <u845d1433999e3b2c@users.invalid>"
panther-labs/panther-analysis,214feae51f3566232c20e39b7064d856ca048721,2024-04,-11,pre,2024-04-24T10:58:42-07:00,2024-04-24T10:58:42-07:00,uae3858727e16537f,uae3858727e16537f@users.invalid,GitHub,noreply@github.com,1,0,2,5,5,0,0,0,,,,,,0,1219,fix timestamps (#1219),fix timestamps (#1219)
panther-labs/panther-analysis,55c4bacb11229ee0e701631fea47ff08a58fe34a,2024-04,-11,pre,2024-04-30T14:22:26-05:00,2024-04-30T14:22:26-05:00,u7510bc26454f566d,u7510bc26454f566d@users.invalid,GitHub,noreply@github.com,1,0,4,64,55,2,4,2,,,,,,0,1225,Prepare for `3.51.0` (#1225),"Prepare for `3.51.0` (#1225)

* add file/host state to msft graph alert context (#1220)

* Update PAT to 0.46.1 (#1222)

* pack for traildiscover LUT (#1221)

* Fix Snyk yaml load error (#1224)

---------

Co-authored-by: uf3d47fdb28dafe67 <uf3d47fdb28dafe67@users.invalid>
Co-authored-by: u5aaeff12dfd342e6 <u5aaeff12dfd342e6@users.invalid>"
panther-labs/panther-analysis,4c328e65e334afc57179a3792e1920c0b3f457ce,2024-04,-11,pre,2024-04-30T16:45:38-05:00,2024-04-30T16:45:38-05:00,u7510bc26454f566d,u7510bc26454f566d@users.invalid,GitHub,noreply@github.com,1,0,10,119,172,0,0,0,,,,,,0,1226,Use Python3.11 for panther-analysis (#1223) (#1226),"Use Python3.11 for panther-analysis (#1223) (#1226)

* Use Python3.11 for panther-analysis"
panther-labs/panther-analysis,4aa347f5a424a5a0f0a650b43798ccc663913a97,2024-04,-11,pre,2024-04-30T15:19:22-07:00,2024-04-30T17:19:22-05:00,u7510bc26454f566d,u7510bc26454f566d@users.invalid,GitHub,noreply@github.com,1,0,2,22,22,0,0,0,,,,,,0,1228,Update PAT to 0.48.0; PDH to 0.4.0 (#1227) (#1228),Update PAT to 0.48.0; PDH to 0.4.0 (#1227) (#1228)
panther-labs/panther-analysis,7db47bd04abe45207ae99e8ee33127294deba0f5,2024-05,-10,pre,2024-05-01T15:40:41+03:00,2024-05-01T07:40:41-05:00,u7510bc26454f566d,u7510bc26454f566d@users.invalid,GitHub,noreply@github.com,1,0,2,11,5,0,0,0,,,,,,0,1229,Add threat-research as codeowners (#1213) (#1229),"Add threat-research as codeowners (#1213) (#1229)

* add threat-research as codeowners0
* remove detections

Co-authored-by: ud18ddd05177641ab <ud18ddd05177641ab@users.invalid>"
panther-labs/panther-analysis,f1697c067d23d6be9322b66c437e5743892efe2b,2024-05,-10,pre,2024-05-07T14:13:20-05:00,2024-05-07T14:13:20-05:00,u7510bc26454f566d,u7510bc26454f566d@users.invalid,GitHub,noreply@github.com,1,0,11,208,210,0,0,0,,,,,,0,1232,Prepare for `3.53.0` (#1232),"Prepare for `3.53.0` (#1232)

* Replace panther_analysis_tool import with updated import (#1230)

* Update Action versions; use SHAs (#1231)

* Update Action versions; use SHAs

* Add dependabot.yml to keep Actions updated

* Update PAT to 0.49.0"
panther-labs/panther-analysis,791b90d5b9575124d6058f0808a11101d3d969f2,2024-05,-10,pre,2024-05-31T15:50:17-05:00,2024-05-31T15:50:17-05:00,u8443e7a4cdd307d3,u8443e7a4cdd307d3@users.invalid,GitHub,noreply@github.com,1,0,17,597,0,4,37,0,,,,,,0,1248,Add saved queries for ongoing Snowflake threats (#1248),"Add saved queries for ongoing Snowflake threats (#1248)

* Add saved queries for ongoing Snowflake threats

* Add limits

Signed-off-by: u8443e7a4cdd307d3 <u8443e7a4cdd307d3@users.invalid>

* snowflake pack

* Add scheduled queries and rules

Signed-off-by: u8443e7a4cdd307d3 <u8443e7a4cdd307d3@users.invalid>

* pack update

* ruleID fix

* make fmt

Signed-off-by: u8443e7a4cdd307d3 <u8443e7a4cdd307d3@users.invalid>

* Fix merge conflicts

Signed-off-by: u8443e7a4cdd307d3 <u8443e7a4cdd307d3@users.invalid>

* Turn off by default

Signed-off-by: u8443e7a4cdd307d3 <u8443e7a4cdd307d3@users.invalid>

---------

Signed-off-by: u8443e7a4cdd307d3 <u8443e7a4cdd307d3@users.invalid>
Co-authored-by: u353238d1cb8c4346 <u353238d1cb8c4346@users.invalid>"
panther-labs/panther-analysis,adad1550cfa895bfc45d96b71a8be15c84e8665a,2024-06,-9,pre,2024-06-27T10:15:55-05:00,2024-05-08T08:53:37-06:00,uf3d47fdb28dafe67,uf3d47fdb28dafe67@users.invalid,u845d1433999e3b2c,u845d1433999e3b2c@users.invalid,1,0,2,9,8,1,8,0,,,,,,0,1233,migrates the gcp_storage_hmac_keys_create rule to (#1233),"migrates the gcp_storage_hmac_keys_create rule to (#1233)

python from sdyaml"
panther-labs/panther-analysis,ffa0b66f535bcf98fabc66e1c252c8ab9a7cd7e1,2024-06,-9,pre,2024-06-27T10:15:55-05:00,2024-05-08T09:18:06-06:00,uf3d47fdb28dafe67,uf3d47fdb28dafe67@users.invalid,u845d1433999e3b2c,u845d1433999e3b2c@users.invalid,1,0,25,332,332,8,0,0,,,,,,0,1234,move scheduled rules to the queries directory (#1234),move scheduled rules to the queries directory (#1234)
panther-labs/panther-analysis,c231d01b0c2ba9626ecdf7fd1a9d335c4fc1ffff,2024-06,-9,pre,2024-06-27T10:15:55-05:00,2024-05-13T08:11:59-07:00,u0e111a94f01c7a06,u0e111a94f01c7a06@users.invalid,u845d1433999e3b2c,u845d1433999e3b2c@users.invalid,1,0,54,139,139,0,0,0,,,,,,0,1235,consistency nit fixes (#1235),"consistency nit fixes (#1235)

* consistency nit fixes

* - somethings -> some things"
panther-labs/panther-analysis,9b9aaf4fcdcd60c75549360b4c1bdc4651dd37ce,2024-06,-9,pre,2024-06-27T10:15:55-05:00,2024-05-14T07:56:02-07:00,u305342fb624504cb,u305342fb624504cb@users.invalid,u845d1433999e3b2c,u845d1433999e3b2c@users.invalid,1,0,3,274,0,1,35,0,,,,,,0,1211,AppOmni Alert passthrough (#1211),"AppOmni Alert passthrough (#1211)

* alert passthrough

* Deprecate GreyNoise detections (#1205)

* Deprecate GreyNoise detections

* Update rules/aws_cloudtrail_rules/aws_s3_activity_greynoise.yml

* Update rules/cloudflare_rules/cloudflare_firewall_suspicious_event_greynoise.yml

* Update cloudflare_httpreq_bot_high_volume_greynoise.yml

---------

Co-authored-by: uf3d47fdb28dafe67 <uf3d47fdb28dafe67@users.invalid>

* fix - Notion Login From New Location - NoneType error (#1206)

* fix - Notion Login From New Location - NoneType error

* fix - Notion Login From New Location - NoneType error - linter fix

* remove codeowners (#1208)

* linting

* fix - GCP rules - AttributeError (#1210)

* fix - GCP rules - AttributeError

* fix - GCP rules - AttributeError - linter fix

* MITRE ATT&CK Mappings for MS Rules (#1209)

* added MITRE mappings for microsoft rules

* fixed formatting on some helper files

---------

Co-authored-by: uf3d47fdb28dafe67 <uf3d47fdb28dafe67@users.invalid>

* traildiscover enrichment with managed schema (#1177)

* traildiscover enrichment with managed schema

* Add npm install in dockerfile (#1172)

* add npm install in dockerfile

* Remove Python optimizations; add prettier to PATH

---------

Co-authored-by: ud4c7fbc5424c8e28 <ud4c7fbc5424c8e28@users.invalid>

* schema name: TrailDiscover.CloudTrail

* Fix Dockerfile; add Workflow to test image

* updated data set

* Add MongoDB.2FA.Disabled rule (#1190)

Co-authored-by: uf3d47fdb28dafe67 <uf3d47fdb28dafe67@users.invalid>

* lint and fmt

* fmt

* add OCSF selector

* additional OCSF mappings

* Fix Pipfile

* Rebase changes

---------

Co-authored-by: ud18ddd05177641ab <ud18ddd05177641ab@users.invalid>
Co-authored-by: ud4c7fbc5424c8e28 <ud4c7fbc5424c8e28@users.invalid>
Co-authored-by: u5aaeff12dfd342e6 <u5aaeff12dfd342e6@users.invalid>

* Update PAT to 0.46.0 (#1216)

* add file/host state to msft graph alert context (#1220)

* fix timestamps (#1219)

* Update PAT to 0.46.1 (#1222)

* pack for traildiscover LUT (#1221)

* use event.deep_get and remove InlineFilters

* add pack

---------

Co-authored-by: u5aaeff12dfd342e6 <u5aaeff12dfd342e6@users.invalid>
Co-authored-by: uf3d47fdb28dafe67 <uf3d47fdb28dafe67@users.invalid>
Co-authored-by: ue64497c4f5cdffb3 <ue64497c4f5cdffb3@users.invalid>
Co-authored-by: ud18ddd05177641ab <ud18ddd05177641ab@users.invalid>
Co-authored-by: u845d1433999e3b2c <u845d1433999e3b2c@users.invalid>
Co-authored-by: ud4c7fbc5424c8e28 <ud4c7fbc5424c8e28@users.invalid>
Co-authored-by: u7510bc26454f566d <u7510bc26454f566d@users.invalid>
Co-authored-by: uae3858727e16537f <uae3858727e16537f@users.invalid>
Co-authored-by: u353238d1cb8c4346 <u353238d1cb8c4346@users.invalid>"
panther-labs/panther-analysis,2e917d8c7b31dae31bc57f229e124430291a1bf3,2024-06,-9,pre,2024-06-27T10:15:55-05:00,2024-05-21T10:16:53-04:00,u9569e1798c043c70,u9569e1798c043c70@users.invalid,u845d1433999e3b2c,u845d1433999e3b2c@users.invalid,1,0,16,970,0,8,200,0,,,,,,0,1207,Push Security rules (#1207),"Push Security rules (#1207)

* Deprecate GreyNoise detections (#1205)

* Deprecate GreyNoise detections

* Update rules/aws_cloudtrail_rules/aws_s3_activity_greynoise.yml

* Update rules/cloudflare_rules/cloudflare_firewall_suspicious_event_greynoise.yml

* Update cloudflare_httpreq_bot_high_volume_greynoise.yml

---------

Co-authored-by: uf3d47fdb28dafe67 <uf3d47fdb28dafe67@users.invalid>

* fix - Notion Login From New Location - NoneType error (#1206)

* fix - Notion Login From New Location - NoneType error

* fix - Notion Login From New Location - NoneType error - linter fix

* Push Security rules

* remove codeowners (#1208)

* fix - GCP rules - AttributeError (#1210)

* fix - GCP rules - AttributeError

* fix - GCP rules - AttributeError - linter fix

* MITRE ATT&CK Mappings for MS Rules (#1209)

* added MITRE mappings for microsoft rules

* fixed formatting on some helper files

---------

Co-authored-by: uf3d47fdb28dafe67 <uf3d47fdb28dafe67@users.invalid>

* traildiscover enrichment with managed schema (#1177)

* traildiscover enrichment with managed schema

* Add npm install in dockerfile (#1172)

* add npm install in dockerfile

* Remove Python optimizations; add prettier to PATH

---------

Co-authored-by: ud4c7fbc5424c8e28 <ud4c7fbc5424c8e28@users.invalid>

* schema name: TrailDiscover.CloudTrail

* Fix Dockerfile; add Workflow to test image

* updated data set

* Add MongoDB.2FA.Disabled rule (#1190)

Co-authored-by: uf3d47fdb28dafe67 <uf3d47fdb28dafe67@users.invalid>

* lint and fmt

* fmt

* add OCSF selector

* additional OCSF mappings

* Fix Pipfile

* Rebase changes

---------

Co-authored-by: ud18ddd05177641ab <ud18ddd05177641ab@users.invalid>
Co-authored-by: ud4c7fbc5424c8e28 <ud4c7fbc5424c8e28@users.invalid>
Co-authored-by: u5aaeff12dfd342e6 <u5aaeff12dfd342e6@users.invalid>

* Update PAT to 0.46.0 (#1216)

* add file/host state to msft graph alert context (#1220)

* fix timestamps (#1219)

* Update PAT to 0.46.1 (#1222)

* pack for traildiscover LUT (#1221)

* pack, fmt lint, event.deep_get

* pack update

---------

Co-authored-by: u5aaeff12dfd342e6 <u5aaeff12dfd342e6@users.invalid>
Co-authored-by: uf3d47fdb28dafe67 <uf3d47fdb28dafe67@users.invalid>
Co-authored-by: ue64497c4f5cdffb3 <ue64497c4f5cdffb3@users.invalid>
Co-authored-by: ud18ddd05177641ab <ud18ddd05177641ab@users.invalid>
Co-authored-by: u845d1433999e3b2c <u845d1433999e3b2c@users.invalid>
Co-authored-by: ud4c7fbc5424c8e28 <ud4c7fbc5424c8e28@users.invalid>
Co-authored-by: u7510bc26454f566d <u7510bc26454f566d@users.invalid>
Co-authored-by: uae3858727e16537f <uae3858727e16537f@users.invalid>
Co-authored-by: u353238d1cb8c4346 <u353238d1cb8c4346@users.invalid>"
panther-labs/panther-analysis,7fafe15a0afce8b579853c78b536187a4c7f68d8,2024-06,-9,pre,2024-06-27T10:15:55-05:00,2024-05-21T09:34:59-06:00,uf3d47fdb28dafe67,uf3d47fdb28dafe67@users.invalid,u845d1433999e3b2c,u845d1433999e3b2c@users.invalid,1,0,10,50,57,8,34,56,,,,,,0,1239,created pack and updated event.deep_get (#1239),created pack and updated event.deep_get (#1239)
panther-labs/panther-analysis,e5f08e977828a150187e9b7dcece621b3d377479,2024-06,-9,pre,2024-06-27T10:15:55-05:00,2024-05-21T15:22:06-06:00,uf3d47fdb28dafe67,uf3d47fdb28dafe67@users.invalid,u845d1433999e3b2c,u845d1433999e3b2c@users.invalid,1,0,8,8,8,0,0,0,,,,,,0,1240,Push logtype update (#1240),"Push logtype update (#1240)

* created pack and updated event.deep_get

* update logtype"
panther-labs/panther-analysis,cd7242b8941ee35d66264b876a7c72d2f1a69135,2024-06,-9,pre,2024-06-27T10:15:55-05:00,2024-05-22T15:49:46-05:00,u8443e7a4cdd307d3,u8443e7a4cdd307d3@users.invalid,u845d1433999e3b2c,u845d1433999e3b2c@users.invalid,1,0,8,13,65,0,0,0,,,,,,0,1241,Remove Node/NPM/Prettier (#1241),"Remove Node/NPM/Prettier (#1241)

* Remove Node/NPM/Prettier

Signed-off-by: u8443e7a4cdd307d3 <u8443e7a4cdd307d3@users.invalid>

* Update README; add removal notes

Signed-off-by: u8443e7a4cdd307d3 <u8443e7a4cdd307d3@users.invalid>

---------

Signed-off-by: u8443e7a4cdd307d3 <u8443e7a4cdd307d3@users.invalid>"
panther-labs/panther-analysis,cace1f25ae19950a4480c640ed403b0057cd9830,2024-06,-9,pre,2024-06-27T10:15:55-05:00,2024-05-29T12:20:28-05:00,u8443e7a4cdd307d3,u8443e7a4cdd307d3@users.invalid,u845d1433999e3b2c,u845d1433999e3b2c@users.invalid,1,0,2,1,3,0,0,0,,,,,,0,1243,Small Workflow tweaks (#1243),"Small Workflow tweaks (#1243)

Signed-off-by: u8443e7a4cdd307d3 <u8443e7a4cdd307d3@users.invalid>"
panther-labs/panther-analysis,f85cedddfa7fe23adda5741a81d945d4eced9cd7,2024-06,-9,pre,2024-06-27T10:15:55-05:00,2024-05-29T14:33:03-05:00,u8443e7a4cdd307d3,u8443e7a4cdd307d3@users.invalid,u845d1433999e3b2c,u845d1433999e3b2c@users.invalid,1,0,6,66,0,0,0,0,,,,,,0,1244,Use harden-runner Action for all Workflows (#1244),"Use harden-runner Action for all Workflows (#1244)

* Use harden-runner Action for all Workflows

Signed-off-by: u8443e7a4cdd307d3 <u8443e7a4cdd307d3@users.invalid>

* Run Docker Workflow

Signed-off-by: u8443e7a4cdd307d3 <u8443e7a4cdd307d3@users.invalid>

* Add blocking policy for docker.yml

Signed-off-by: u8443e7a4cdd307d3 <u8443e7a4cdd307d3@users.invalid>

* Add permissions to Workflow

Signed-off-by: u8443e7a4cdd307d3 <u8443e7a4cdd307d3@users.invalid>

* More permissions

Signed-off-by: u8443e7a4cdd307d3 <u8443e7a4cdd307d3@users.invalid>

---------

Signed-off-by: u8443e7a4cdd307d3 <u8443e7a4cdd307d3@users.invalid>"
panther-labs/panther-analysis,12a88b2c003ddbcf14f9c74c75d8b89e0bfb33ad,2024-06,-9,pre,2024-06-27T10:15:55-05:00,2024-05-30T17:55:39+03:00,ue64497c4f5cdffb3,ue64497c4f5cdffb3@users.invalid,u845d1433999e3b2c,u845d1433999e3b2c@users.invalid,1,0,2,6,4,2,6,4,,,,,,0,1242,Threat 319 Replace geoinfo_from_ip with new version (#1242),"Threat 319 Replace geoinfo_from_ip with new version (#1242)

* Deprecate GreyNoise detections (#1205)

* Deprecate GreyNoise detections

* Update rules/aws_cloudtrail_rules/aws_s3_activity_greynoise.yml

* Update rules/cloudflare_rules/cloudflare_firewall_suspicious_event_greynoise.yml

* Update cloudflare_httpreq_bot_high_volume_greynoise.yml

---------

Co-authored-by: uf3d47fdb28dafe67 <uf3d47fdb28dafe67@users.invalid>

* fix - Notion Login From New Location - NoneType error (#1206)

* fix - Notion Login From New Location - NoneType error

* fix - Notion Login From New Location - NoneType error - linter fix

* remove codeowners (#1208)

* fix - GCP rules - AttributeError (#1210)

* fix - GCP rules - AttributeError

* fix - GCP rules - AttributeError - linter fix

* MITRE ATT&CK Mappings for MS Rules (#1209)

* added MITRE mappings for microsoft rules

* fixed formatting on some helper files

---------

Co-authored-by: uf3d47fdb28dafe67 <uf3d47fdb28dafe67@users.invalid>

* traildiscover enrichment with managed schema (#1177)

* traildiscover enrichment with managed schema

* Add npm install in dockerfile (#1172)

* add npm install in dockerfile

* Remove Python optimizations; add prettier to PATH

---------

Co-authored-by: ud4c7fbc5424c8e28 <ud4c7fbc5424c8e28@users.invalid>

* schema name: TrailDiscover.CloudTrail

* Fix Dockerfile; add Workflow to test image

* updated data set

* Add MongoDB.2FA.Disabled rule (#1190)

Co-authored-by: uf3d47fdb28dafe67 <uf3d47fdb28dafe67@users.invalid>

* lint and fmt

* fmt

* add OCSF selector

* additional OCSF mappings

* Fix Pipfile

* Rebase changes

---------

Co-authored-by: ud18ddd05177641ab <ud18ddd05177641ab@users.invalid>
Co-authored-by: ud4c7fbc5424c8e28 <ud4c7fbc5424c8e28@users.invalid>
Co-authored-by: u5aaeff12dfd342e6 <u5aaeff12dfd342e6@users.invalid>

* Update PAT to 0.46.0 (#1216)

* THREAT-319 Replace geoinfo_from_ip with new version

---------

Co-authored-by: u5aaeff12dfd342e6 <u5aaeff12dfd342e6@users.invalid>
Co-authored-by: uf3d47fdb28dafe67 <uf3d47fdb28dafe67@users.invalid>
Co-authored-by: ud18ddd05177641ab <ud18ddd05177641ab@users.invalid>
Co-authored-by: u845d1433999e3b2c <u845d1433999e3b2c@users.invalid>
Co-authored-by: ud4c7fbc5424c8e28 <ud4c7fbc5424c8e28@users.invalid>
Co-authored-by: u7510bc26454f566d <u7510bc26454f566d@users.invalid>
Co-authored-by: u8443e7a4cdd307d3 <u8443e7a4cdd307d3@users.invalid>"
panther-labs/panther-analysis,f2f0594c63c0bc247ee29f4f62d45e48a0e19481,2024-06,-9,pre,2024-06-27T10:15:55-05:00,2024-05-30T09:59:24-05:00,u8443e7a4cdd307d3,u8443e7a4cdd307d3@users.invalid,u845d1433999e3b2c,u845d1433999e3b2c@users.invalid,1,0,8,17,9,0,0,0,,,,,,0,1245,Use full Action SHAs rather than versioned releases (#1245),"Use full Action SHAs rather than versioned releases (#1245)

Signed-off-by: u8443e7a4cdd307d3 <u8443e7a4cdd307d3@users.invalid>"
panther-labs/panther-analysis,81e25068a51ee482478e359b50f51e838b0dd17e,2024-06,-9,pre,2024-06-27T10:15:55-05:00,2024-05-30T12:29:54-06:00,uf3d47fdb28dafe67,uf3d47fdb28dafe67@users.invalid,u845d1433999e3b2c,u845d1433999e3b2c@users.invalid,1,0,3,267,0,1,27,0,,,,,,0,1246,auth0-cic-credential-stuffing rule and query (#1246),auth0-cic-credential-stuffing rule and query (#1246)
panther-labs/panther-analysis,03ad0c8b09016a180514a6d036bf40eb767fad57,2024-06,-9,pre,2024-06-27T10:15:55-05:00,2024-06-03T18:04:26-05:00,u8443e7a4cdd307d3,u8443e7a4cdd307d3@users.invalid,u845d1433999e3b2c,u845d1433999e3b2c@users.invalid,1,0,1,2026,2026,0,0,0,,,,,,0,1249,Update panther-core to 0.10.1 via PAT (#1249),"Update panther-core to 0.10.1 via PAT (#1249)

Signed-off-by: u8443e7a4cdd307d3 <u8443e7a4cdd307d3@users.invalid>"
panther-labs/panther-analysis,86f4ca1a95becf912f37737f5fcf85a670b148d0,2024-06,-9,pre,2024-06-27T10:15:55-05:00,2024-06-04T13:26:39-05:00,u8443e7a4cdd307d3,u8443e7a4cdd307d3@users.invalid,u845d1433999e3b2c,u845d1433999e3b2c@users.invalid,1,0,9,11,115,1,0,9,,,,,,0,1250,Tweak Snowflake queries (#1250),"Tweak Snowflake queries (#1250)

* Tweak Snowflake queries

Signed-off-by: u8443e7a4cdd307d3 <u8443e7a4cdd307d3@users.invalid>

* Remove configuration drift query from Pack

Signed-off-by: u8443e7a4cdd307d3 <u8443e7a4cdd307d3@users.invalid>

* Threat Hunting queries are okay

Signed-off-by: u8443e7a4cdd307d3 <u8443e7a4cdd307d3@users.invalid>

* Fix comment Workflow

Signed-off-by: u8443e7a4cdd307d3 <u8443e7a4cdd307d3@users.invalid>

* 12 hours -> 1 day

Signed-off-by: u8443e7a4cdd307d3 <u8443e7a4cdd307d3@users.invalid>

* Update queries/snowflake_queries/snowflake_0108977_configuration_drift.yml

---------

Signed-off-by: u8443e7a4cdd307d3 <u8443e7a4cdd307d3@users.invalid>
Co-authored-by: uf3d47fdb28dafe67 <uf3d47fdb28dafe67@users.invalid>"
panther-labs/panther-analysis,5d16992dadde1a4ce1f7e772697964171cc703f8,2024-06,-9,pre,2024-06-27T10:15:55-05:00,2024-06-07T16:29:36-07:00,ua7dab94f786969f2,ua7dab94f786969f2@users.invalid,u845d1433999e3b2c,u845d1433999e3b2c@users.invalid,1,0,1,1,1,0,0,0,,,,,,0,1253,Fixed typo in README.md (#1253),"Fixed typo in README.md (#1253)

fixed 'unintall' typo to 'npm uninstall prettier'"
panther-labs/panther-analysis,220af3aea23ba95b31d853b9e1467eca0dde8424,2024-06,-9,pre,2024-06-27T10:15:55-05:00,2024-06-10T06:47:09-05:00,dependabot[bot],49699333+dependabot[bot]@users.noreply.github.com,u845d1433999e3b2c,u845d1433999e3b2c@users.invalid,1,0,6,6,6,0,0,0,,,,,dependabot,0,1254,build(deps): bump step-security/harden-runner from 2.8.0 to 2.8.1 (#1254),"build(deps): bump step-security/harden-runner from 2.8.0 to 2.8.1 (#1254)

Bumps [step-security/harden-runner](https://github.com/step-security/harden-runner) from 2.8.0 to 2.8.1.
- [Release notes](https://github.com/step-security/harden-runner/releases)
- [Commits](https://github.com/step-security/harden-runner/compare/f086349bfa2bd1361f7909c78558e816508cdc10...17d0e2bd7d51742c71671bd19fa12bdc9d40a3d6)

---
updated-dependencies:
- dependency-name: step-security/harden-runner
  dependency-type: direct:production
  update-type: version-update:semver-patch
...

Signed-off-by: dependabot[bot] <ufab77f7a199e1613@users.invalid>
Co-authored-by: dependabot[bot] <49699333+dependabot[bot]@users.noreply.github.com>"
panther-labs/panther-analysis,c3119d66cc013c5fb18fa90439d432432a594bc6,2024-06,-9,pre,2024-06-27T10:15:55-05:00,2024-06-10T11:12:00-04:00,uc25386f10be230f3,uc25386f10be230f3@users.invalid,u845d1433999e3b2c,u845d1433999e3b2c@users.invalid,1,0,1,3,3,0,0,0,,,,,,0,1255,Using GITHUB_OUTPUT env var instead of old ::set-output shorthand (#1255),Using GITHUB_OUTPUT env var instead of old ::set-output shorthand (#1255)
panther-labs/panther-analysis,f715e863924da678a0b6973e87f1dff5c9907b7a,2024-06,-9,pre,2024-06-27T10:15:55-05:00,2024-06-10T18:20:51+03:00,ue64497c4f5cdffb3,ue64497c4f5cdffb3@users.invalid,u845d1433999e3b2c,u845d1433999e3b2c@users.invalid,1,0,14,434,186,5,25,15,,,,,,0,1214,"OCSF data model, VPC/DNS (#1214)","OCSF data model, VPC/DNS (#1214)

* Deprecate GreyNoise detections (#1205)

* Deprecate GreyNoise detections

* Update rules/aws_cloudtrail_rules/aws_s3_activity_greynoise.yml

* Update rules/cloudflare_rules/cloudflare_firewall_suspicious_event_greynoise.yml

* Update cloudflare_httpreq_bot_high_volume_greynoise.yml

---------

Co-authored-by: uf3d47fdb28dafe67 <uf3d47fdb28dafe67@users.invalid>

* fix - Notion Login From New Location - NoneType error (#1206)

* fix - Notion Login From New Location - NoneType error

* fix - Notion Login From New Location - NoneType error - linter fix

* remove codeowners (#1208)

* fix - GCP rules - AttributeError (#1210)

* fix - GCP rules - AttributeError

* fix - GCP rules - AttributeError - linter fix

* MITRE ATT&CK Mappings for MS Rules (#1209)

* added MITRE mappings for microsoft rules

* fixed formatting on some helper files

---------

Co-authored-by: uf3d47fdb28dafe67 <uf3d47fdb28dafe67@users.invalid>

* traildiscover enrichment with managed schema (#1177)

* traildiscover enrichment with managed schema

* Add npm install in dockerfile (#1172)

* add npm install in dockerfile

* Remove Python optimizations; add prettier to PATH

---------

Co-authored-by: ud4c7fbc5424c8e28 <ud4c7fbc5424c8e28@users.invalid>

* schema name: TrailDiscover.CloudTrail

* Fix Dockerfile; add Workflow to test image

* updated data set

* Add MongoDB.2FA.Disabled rule (#1190)

Co-authored-by: uf3d47fdb28dafe67 <uf3d47fdb28dafe67@users.invalid>

* lint and fmt

* fmt

* add OCSF selector

* additional OCSF mappings

* Fix Pipfile

* Rebase changes

---------

Co-authored-by: ud18ddd05177641ab <ud18ddd05177641ab@users.invalid>
Co-authored-by: ud4c7fbc5424c8e28 <ud4c7fbc5424c8e28@users.invalid>
Co-authored-by: u5aaeff12dfd342e6 <u5aaeff12dfd342e6@users.invalid>

* Update PAT to 0.46.0 (#1216)

* THREAT-278 OCSF data model, VPC

---------

Co-authored-by: u5aaeff12dfd342e6 <u5aaeff12dfd342e6@users.invalid>
Co-authored-by: uf3d47fdb28dafe67 <uf3d47fdb28dafe67@users.invalid>
Co-authored-by: ud18ddd05177641ab <ud18ddd05177641ab@users.invalid>
Co-authored-by: u845d1433999e3b2c <u845d1433999e3b2c@users.invalid>
Co-authored-by: ud4c7fbc5424c8e28 <ud4c7fbc5424c8e28@users.invalid>
Co-authored-by: u7510bc26454f566d <u7510bc26454f566d@users.invalid>"
panther-labs/panther-analysis,2df57ae61ef1d09089a13b3af3f0f988aae99d04,2024-06,-9,pre,2024-06-27T10:15:55-05:00,2024-06-10T09:38:22-07:00,u192cf4b2cacee8f8,u192cf4b2cacee8f8@users.invalid,u845d1433999e3b2c,u845d1433999e3b2c@users.invalid,1,0,2,184,16,1,29,15,,,,,,0,1236,fix: consider deny rules for ssh network acl policy (#1236),"fix: consider deny rules for ssh network acl policy (#1236)

* fix: consider deny rules for ssh network acl policy

* Update policies/aws_vpc_policies/aws_network_acl_restricted_ssh.py

* Update policies/aws_vpc_policies/aws_network_acl_restricted_ssh.py

---------

Co-authored-by: uf3d47fdb28dafe67 <uf3d47fdb28dafe67@users.invalid>"
panther-labs/panther-analysis,7f7b6dd8976bce12bc49b9ab2d2b9de115c5a726,2024-06,-9,pre,2024-06-27T10:15:55-05:00,2024-06-10T10:09:37-07:00,ua7dab94f786969f2,ua7dab94f786969f2@users.invalid,u845d1433999e3b2c,u845d1433999e3b2c@users.invalid,1,0,11,1267,0,5,145,0,,,,,,0,1252,AWS Honeypot Detections threat-306 (#1252),"AWS Honeypot Detections threat-306 (#1252)

* AWS Honeypot Detections threat-306

AWS Security Finding rules on decoy AWS resources:
https://aws.amazon.com/blogs/security/how-to-detect-suspicious-activity-in-your-aws-account-by-using-private-decoy-resources/

* Update decoy_dynamodb_accessed.py

* Update decoy_iam_assumed.py

* Update decoy_s3_accessed.py

* Update decoy_secret_accessed.py

* Update decoy_systems_manager_parameter_accessed.py

* Update decoy_dynamodb_accessed.py

* Update decoy_iam_assumed.py

* Update decoy_s3_accessed.py

* Update decoy_secret_accessed.py

* Update decoy_systems_manager_parameter_accessed.py

* Update decoy_systems_manager_parameter_accessed.py

* Update decoy_systems_manager_parameter_accessed.py

* Update decoy_secret_accessed.py

* Update decoy_s3_accessed.py

* Update decoy_iam_assumed.py

* Update decoy_dynamodb_accessed.py

* Update decoy_systems_manager_parameter_accessed.py

* reformatted and linted

* removed unused methods

* fixed trailing lines

* add decoy rules as a pack

---------

Co-authored-by: uf3d47fdb28dafe67 <uf3d47fdb28dafe67@users.invalid>"
panther-labs/panther-analysis,a1e9c1f69ec51530449b384a238375f0fb0023e7,2024-06,-9,pre,2024-06-27T10:15:55-05:00,2024-06-10T11:41:04-07:00,ua7dab94f786969f2,ua7dab94f786969f2@users.invalid,u845d1433999e3b2c,u845d1433999e3b2c@users.invalid,1,0,3,6,2,2,3,2,,,,,,0,1237,Update aws_console_login_without_mfa.py (#1237),"Update aws_console_login_without_mfa.py (#1237)

* Update aws_console_login_without_mfa.py

is_new_account has been checking with only recipientAccountId but our new aws account indicator creation rule has been checking for ""new_account - recipientAccountId""

* Update aws_console_login_without_mfa.py

Casted str to account for NoneType

* Update new_user_account_logging.py

Added an alternative string in the case udm user is empty

* Update new_user_account_logging.yml

add mock test

* Standard user creation fixes (#1256)

* Prepare for `3.53.0` (#1232)

* Replace panther_analysis_tool import with updated import (#1230)

* Update Action versions; use SHAs (#1231)

* Update Action versions; use SHAs

* Add dependabot.yml to keep Actions updated

* Update PAT to 0.49.0

* auth0-cic-credential-stuffing rule and query (#1246)

* Add saved queries for ongoing Snowflake threats (#1248)

* Add saved queries for ongoing Snowflake threats

* Add limits

Signed-off-by: u8443e7a4cdd307d3 <u8443e7a4cdd307d3@users.invalid>

* snowflake pack

* Add scheduled queries and rules

Signed-off-by: u8443e7a4cdd307d3 <u8443e7a4cdd307d3@users.invalid>

* pack update

* ruleID fix

* make fmt

Signed-off-by: u8443e7a4cdd307d3 <u8443e7a4cdd307d3@users.invalid>

* Fix merge conflicts

Signed-off-by: u8443e7a4cdd307d3 <u8443e7a4cdd307d3@users.invalid>

* Turn off by default

Signed-off-by: u8443e7a4cdd307d3 <u8443e7a4cdd307d3@users.invalid>

---------

Signed-off-by: u8443e7a4cdd307d3 <u8443e7a4cdd307d3@users.invalid>
Co-authored-by: u353238d1cb8c4346 <u353238d1cb8c4346@users.invalid>

* Update panther-core to 0.10.1 via PAT (#1249)

Signed-off-by: u8443e7a4cdd307d3 <u8443e7a4cdd307d3@users.invalid>

* Tweak Snowflake queries (#1250)

* Tweak Snowflake queries

Signed-off-by: u8443e7a4cdd307d3 <u8443e7a4cdd307d3@users.invalid>

* Remove configuration drift query from Pack

Signed-off-by: u8443e7a4cdd307d3 <u8443e7a4cdd307d3@users.invalid>

* Threat Hunting queries are okay

Signed-off-by: u8443e7a4cdd307d3 <u8443e7a4cdd307d3@users.invalid>

* Fix comment Workflow

Signed-off-by: u8443e7a4cdd307d3 <u8443e7a4cdd307d3@users.invalid>

* 12 hours -> 1 day

Signed-off-by: u8443e7a4cdd307d3 <u8443e7a4cdd307d3@users.invalid>

* Update queries/snowflake_queries/snowflake_0108977_configuration_drift.yml

---------

Signed-off-by: u8443e7a4cdd307d3 <u8443e7a4cdd307d3@users.invalid>
Co-authored-by: uf3d47fdb28dafe67 <uf3d47fdb28dafe67@users.invalid>

* Fixed typo in README.md (#1253)

fixed 'unintall' typo to 'npm uninstall prettier'

* build(deps): bump step-security/harden-runner from 2.8.0 to 2.8.1 (#1254)

Bumps [step-security/harden-runner](https://github.com/step-security/harden-runner) from 2.8.0 to 2.8.1.
- [Release notes](https://github.com/step-security/harden-runner/releases)
- [Commits](https://github.com/step-security/harden-runner/compare/f086349bfa2bd1361f7909c78558e816508cdc10...17d0e2bd7d51742c71671bd19fa12bdc9d40a3d6)

---
updated-dependencies:
- dependency-name: step-security/harden-runner
  dependency-type: direct:production
  update-type: version-update:semver-patch
...

Signed-off-by: dependabot[bot] <ufab77f7a199e1613@users.invalid>
Co-authored-by: dependabot[bot] <49699333+dependabot[bot]@users.noreply.github.com>

* Using GITHUB_OUTPUT env var instead of old ::set-output shorthand (#1255)

* OCSF data model, VPC/DNS (#1214)

* Deprecate GreyNoise detections (#1205)

* Deprecate GreyNoise detections

* Update rules/aws_cloudtrail_rules/aws_s3_activity_greynoise.yml

* Update rules/cloudflare_rules/cloudflare_firewall_suspicious_event_greynoise.yml

* Update cloudflare_httpreq_bot_high_volume_greynoise.yml

---------

Co-authored-by: uf3d47fdb28dafe67 <uf3d47fdb28dafe67@users.invalid>

* fix - Notion Login From New Location - NoneType error (#1206)

* fix - Notion Login From New Location - NoneType error

* fix - Notion Login From New Location - NoneType error - linter fix

* remove codeowners (#1208)

* fix - GCP rules - AttributeError (#1210)

* fix - GCP rules - AttributeError

* fix - GCP rules - AttributeError - linter fix

* MITRE ATT&CK Mappings for MS Rules (#1209)

* added MITRE mappings for microsoft rules

* fixed formatting on some helper files

---------

Co-authored-by: uf3d47fdb28dafe67 <uf3d47fdb28dafe67@users.invalid>

* traildiscover enrichment with managed schema (#1177)

* traildiscover enrichment with managed schema

* Add npm install in dockerfile (#1172)

* add npm install in dockerfile

* Remove Python optimizations; add prettier to PATH

---------

Co-authored-by: ud4c7fbc5424c8e28 <ud4c7fbc5424c8e28@users.invalid>

* schema name: TrailDiscover.CloudTrail

* Fix Dockerfile; add Workflow to test image

* updated data set

* Add MongoDB.2FA.Disabled rule (#1190)

Co-authored-by: uf3d47fdb28dafe67 <uf3d47fdb28dafe67@users.invalid>

* lint and fmt

* fmt

* add OCSF selector

* additional OCSF mappings

* Fix Pipfile

* Rebase changes

---------

Co-authored-by: ud18ddd05177641ab <ud18ddd05177641ab@users.invalid>
Co-authored-by: ud4c7fbc5424c8e28 <ud4c7fbc5424c8e28@users.invalid>
Co-authored-by: u5aaeff12dfd342e6 <u5aaeff12dfd342e6@users.invalid>

* Update PAT to 0.46.0 (#1216)

* THREAT-278 OCSF data model, VPC

---------

Co-authored-by: u5aaeff12dfd342e6 <u5aaeff12dfd342e6@users.invalid>
Co-authored-by: uf3d47fdb28dafe67 <uf3d47fdb28dafe67@users.invalid>
Co-authored-by: ud18ddd05177641ab <ud18ddd05177641ab@users.invalid>
Co-authored-by: u845d1433999e3b2c <u845d1433999e3b2c@users.invalid>
Co-authored-by: ud4c7fbc5424c8e28 <ud4c7fbc5424c8e28@users.invalid>
Co-authored-by: u7510bc26454f566d <u7510bc26454f566d@users.invalid>

* fix: consider deny rules for ssh network acl policy (#1236)

* fix: consider deny rules for ssh network acl policy

* Update policies/aws_vpc_policies/aws_network_acl_restricted_ssh.py

* Update policies/aws_vpc_policies/aws_network_acl_restricted_ssh.py

---------

Co-authored-by: uf3d47fdb28dafe67 <uf3d47fdb28dafe67@users.invalid>

* AWS Honeypot Detections threat-306 (#1252)

* AWS Honeypot Detections threat-306

AWS Security Finding rules on decoy AWS resources:
https://aws.amazon.com/blogs/security/how-to-detect-suspicious-activity-in-your-aws-account-by-using-private-decoy-resources/

* Update decoy_dynamodb_accessed.py

* Update decoy_iam_assumed.py

* Update decoy_s3_accessed.py

* Update decoy_secret_accessed.py

* Update decoy_systems_manager_parameter_accessed.py

* Update decoy_dynamodb_accessed.py

* Update decoy_iam_assumed.py

* Update decoy_s3_accessed.py

* Update decoy_secret_accessed.py

* Update decoy_systems_manager_parameter_accessed.py

* Update decoy_systems_manager_parameter_accessed.py

* Update decoy_systems_manager_parameter_accessed.py

* Update decoy_secret_accessed.py

* Update decoy_s3_accessed.py

* Update decoy_iam_assumed.py

* Update decoy_dynamodb_accessed.py

* Update decoy_systems_manager_parameter_accessed.py

* reformatted and linted

* removed unused methods

* fixed trailing lines

* add decoy rules as a pack

---------

Co-authored-by: uf3d47fdb28dafe67 <uf3d47fdb28dafe67@users.invalid>

---------

Signed-off-by: u8443e7a4cdd307d3 <u8443e7a4cdd307d3@users.invalid>
Signed-off-by: dependabot[bot] <ufab77f7a199e1613@users.invalid>
Co-authored-by: u7510bc26454f566d <u7510bc26454f566d@users.invalid>
Co-authored-by: uf3d47fdb28dafe67 <uf3d47fdb28dafe67@users.invalid>
Co-authored-by: u8443e7a4cdd307d3 <u8443e7a4cdd307d3@users.invalid>
Co-authored-by: u353238d1cb8c4346 <u353238d1cb8c4346@users.invalid>
Co-authored-by: dependabot[bot] <49699333+dependabot[bot]@users.noreply.github.com>
Co-authored-by: uc25386f10be230f3 <uc25386f10be230f3@users.invalid>
Co-authored-by: ue64497c4f5cdffb3 <ue64497c4f5cdffb3@users.invalid>
Co-authored-by: u5aaeff12dfd342e6 <u5aaeff12dfd342e6@users.invalid>
Co-authored-by: ud18ddd05177641ab <ud18ddd05177641ab@users.invalid>
Co-authored-by: u845d1433999e3b2c <u845d1433999e3b2c@users.invalid>
Co-authored-by: ud4c7fbc5424c8e28 <ud4c7fbc5424c8e28@users.invalid>
Co-authored-by: u192cf4b2cacee8f8 <u192cf4b2cacee8f8@users.invalid>

---------

Signed-off-by: u8443e7a4cdd307d3 <u8443e7a4cdd307d3@users.invalid>
Signed-off-by: dependabot[bot] <ufab77f7a199e1613@users.invalid>
Co-authored-by: u7510bc26454f566d <u7510bc26454f566d@users.invalid>
Co-authored-by: uf3d47fdb28dafe67 <uf3d47fdb28dafe67@users.invalid>
Co-authored-by: u8443e7a4cdd307d3 <u8443e7a4cdd307d3@users.invalid>
Co-authored-by: u353238d1cb8c4346 <u353238d1cb8c4346@users.invalid>
Co-authored-by: dependabot[bot] <49699333+dependabot[bot]@users.noreply.github.com>
Co-authored-by: uc25386f10be230f3 <uc25386f10be230f3@users.invalid>
Co-authored-by: ue64497c4f5cdffb3 <ue64497c4f5cdffb3@users.invalid>
Co-authored-by: u5aaeff12dfd342e6 <u5aaeff12dfd342e6@users.invalid>
Co-authored-by: ud18ddd05177641ab <ud18ddd05177641ab@users.invalid>
Co-authored-by: u845d1433999e3b2c <u845d1433999e3b2c@users.invalid>
Co-authored-by: ud4c7fbc5424c8e28 <ud4c7fbc5424c8e28@users.invalid>
Co-authored-by: u192cf4b2cacee8f8 <u192cf4b2cacee8f8@users.invalid>"
panther-labs/panther-analysis,7475443f7629af0df5dac92a3aa8490e6321cf1d,2024-06,-9,pre,2024-06-27T10:15:55-05:00,2024-06-12T10:45:25-05:00,u8443e7a4cdd307d3,u8443e7a4cdd307d3@users.invalid,u845d1433999e3b2c,u845d1433999e3b2c@users.invalid,1,0,2,69,69,0,0,0,,,,,,0,1259,Update PAT to 0.50.0 (#1259),"Update PAT to 0.50.0 (#1259)

Signed-off-by: u8443e7a4cdd307d3 <u8443e7a4cdd307d3@users.invalid>"
panther-labs/panther-analysis,77f86113c12f1e057abf642b7ade18d15e94b96d,2024-06,-9,pre,2024-06-27T10:15:55-05:00,2024-06-12T10:08:41-06:00,uf3d47fdb28dafe67,uf3d47fdb28dafe67@users.invalid,u845d1433999e3b2c,u845d1433999e3b2c@users.invalid,1,0,1,1,1,0,0,0,,,,,,0,1258,schema rename (#1258),schema rename (#1258)
panther-labs/panther-analysis,91a8c4baba218acd1430a358a61baaaa2ea232c7,2024-06,-9,pre,2024-06-27T10:15:55-05:00,2024-06-13T07:09:20-05:00,dependabot[bot],49699333+dependabot[bot]@users.noreply.github.com,u845d1433999e3b2c,u845d1433999e3b2c@users.invalid,1,0,7,7,7,0,0,0,,,,,dependabot,0,1263,build(deps): bump actions/checkout from 4.1.6 to 4.1.7 (#1263),"build(deps): bump actions/checkout from 4.1.6 to 4.1.7 (#1263)

Bumps [actions/checkout](https://github.com/actions/checkout) from 4.1.6 to 4.1.7.
- [Release notes](https://github.com/actions/checkout/releases)
- [Changelog](https://github.com/actions/checkout/blob/main/CHANGELOG.md)
- [Commits](https://github.com/actions/checkout/compare/a5ac7e51b41094c92402da3b24376905380afc29...692973e3d937129bcbf40652eb9f2f61becf3332)

---
updated-dependencies:
- dependency-name: actions/checkout
  dependency-type: direct:production
  update-type: version-update:semver-patch
...

Signed-off-by: dependabot[bot] <ufab77f7a199e1613@users.invalid>
Co-authored-by: dependabot[bot] <49699333+dependabot[bot]@users.noreply.github.com>"
panther-labs/panther-analysis,f0ea0cfebae63c65aa521b0bba9da93b353b33a1,2024-06,-9,pre,2024-06-27T10:15:55-05:00,2024-06-13T12:28:04-05:00,u8443e7a4cdd307d3,u8443e7a4cdd307d3@users.invalid,u845d1433999e3b2c,u845d1433999e3b2c@users.invalid,1,0,1,2,2,0,0,0,,,,,,0,1261,Update PAT to 0.50.1 (#1261),"Update PAT to 0.50.1 (#1261)

Signed-off-by: u8443e7a4cdd307d3 <u8443e7a4cdd307d3@users.invalid>"
panther-labs/panther-analysis,e3531bdaecd08ac240d8684ed3691459446d930e,2024-06,-9,pre,2024-06-27T10:15:55-05:00,2024-06-13T12:37:56-06:00,uf3d47fdb28dafe67,uf3d47fdb28dafe67@users.invalid,u845d1433999e3b2c,u845d1433999e3b2c@users.invalid,1,0,17,46,29,17,46,29,,,,,,0,1262,improve error handling for dynamic functions (#1262),"improve error handling for dynamic functions (#1262)

* improve error handling for dynamic functions

* remove unused import

* additional fixes

* more fixes"
panther-labs/panther-analysis,4f8f19a9e8fa5185219fce332e88029e7b87e00c,2024-06,-9,pre,2024-06-27T10:15:55-05:00,2024-06-17T09:52:41-05:00,u17cae179bae1fe2a,u17cae179bae1fe2a@users.invalid,u845d1433999e3b2c,u845d1433999e3b2c@users.invalid,1,0,1,56,10,0,0,0,,,,,,0,1264,update vscode schema to honor correlation rules (#1264),"update vscode schema to honor correlation rules (#1264)

Co-authored-by: uf3d47fdb28dafe67 <uf3d47fdb28dafe67@users.invalid>"
panther-labs/panther-analysis,bafc59fedde99d5892ab5a4975cb8c03f4a9509e,2024-06,-9,pre,2024-06-27T10:15:55-05:00,2024-06-18T17:37:34+03:00,ud18ddd05177641ab,ud18ddd05177641ab@users.invalid,u845d1433999e3b2c,u845d1433999e3b2c@users.invalid,1,0,1,0,3,0,0,0,,,,,,0,1266,remove .husky directory (#1266),remove .husky directory (#1266)
panther-labs/panther-analysis,2e97668a352ba9f4581caf967793ca64e9b88cfe,2024-06,-9,pre,2024-06-27T10:15:55-05:00,2024-06-18T09:15:59-06:00,uf3d47fdb28dafe67,uf3d47fdb28dafe67@users.invalid,u845d1433999e3b2c,u845d1433999e3b2c@users.invalid,1,0,14,32,26,1,1,1,,,,,,0,1265,update snowflake queries with p_occurs_since (#1265),"update snowflake queries with p_occurs_since (#1265)

* update snowflake queries with p_occurs_since

* a few more fixes

* typo"
panther-labs/panther-analysis,6d60b23fe35d91d76bdddba4ff8b9cc4f774e46a,2024-06,-9,pre,2024-06-27T10:15:55-05:00,2024-06-18T09:54:52-06:00,uf3d47fdb28dafe67,uf3d47fdb28dafe67@users.invalid,u845d1433999e3b2c,u845d1433999e3b2c@users.invalid,1,0,4,0,1968,0,0,0,,,,,,0,1267,remove greynoise luts (#1267),remove greynoise luts (#1267)
panther-labs/panther-analysis,6eb330b7193c8b6e7e07ab9b39c13183a76bc9cd,2024-06,-9,pre,2024-06-27T10:15:55-05:00,2024-06-24T09:38:26-05:00,u845d1433999e3b2c,u845d1433999e3b2c@users.invalid,u845d1433999e3b2c,u845d1433999e3b2c@users.invalid,1,0,2,90,0,1,11,0,,,,,,0,1268,"added dynamic severity to okta vpn rule, with tests (#1268)","added dynamic severity to okta vpn rule, with tests (#1268)"
panther-labs/panther-analysis,575dc62d710e97e77b04084fd68fb66fbd4c2394,2024-06,-9,pre,2024-06-27T10:15:55-05:00,2024-06-24T11:29:13-05:00,u8443e7a4cdd307d3,u8443e7a4cdd307d3@users.invalid,u845d1433999e3b2c,u845d1433999e3b2c@users.invalid,1,0,1,0,1,0,0,0,,,,,,0,1270,Remove unnecessary pipenv step (#1270),"Remove unnecessary pipenv step (#1270)

Signed-off-by: u8443e7a4cdd307d3 <u8443e7a4cdd307d3@users.invalid>"
panther-labs/panther-analysis,1a2a0cebf7282eeddc07016cb02cc379623a534a,2024-06,-9,pre,2024-06-28T10:07:05-05:00,2024-06-28T10:07:05-05:00,u8443e7a4cdd307d3,u8443e7a4cdd307d3@users.invalid,GitHub,noreply@github.com,1,0,2,67,67,0,0,0,,,,,,0,1272,Update PAT to 0.51.0 (#1272),"Update PAT to 0.51.0 (#1272)

Signed-off-by: u8443e7a4cdd307d3 <u8443e7a4cdd307d3@users.invalid>"
panther-labs/panther-analysis,ff7a1497c58d8477c2f340ffab83a771e1c58e08,2024-06,-9,pre,2024-06-28T12:34:13-06:00,2024-06-28T12:34:13-06:00,uf3d47fdb28dafe67,uf3d47fdb28dafe67@users.invalid,GitHub,noreply@github.com,1,0,1,60,34,0,0,0,,,,,,0,1273,latest traildiscover updates (#1273),latest traildiscover updates (#1273)
panther-labs/panther-analysis,8da5bc92001f49af8a733883a96419896f73cd04,2024-07,-8,pre,2024-07-01T19:10:58Z,2024-07-01T22:10:58+03:00,ue64497c4f5cdffb3,ue64497c4f5cdffb3@users.invalid,GitHub,noreply@github.com,1,0,3,177,0,1,44,0,,,,,,0,1251,Threat-315 Wiz Alert Passthrough (#1251),"Threat-315 Wiz Alert Passthrough (#1251)

* THREAT-315 Wiz Alert passthrough

* THREAT-315 Wiz Alert passthrough

* THREAT-315 Wiz Alert passthrough - fix formatting

* THREAT-315 Wiz Alert passthrough - fix formatting

* THREAT-315 Wiz Alert passthrough - updated according to comments

---------

Co-authored-by: uf3d47fdb28dafe67 <uf3d47fdb28dafe67@users.invalid>"
panther-labs/panther-analysis,c0d76c123ac8a63074ee3063dee661d429876d82,2024-07,-8,pre,2024-07-02T18:09:05+03:00,2024-07-02T18:09:05+03:00,ud18ddd05177641ab,ud18ddd05177641ab@users.invalid,GitHub,noreply@github.com,2,1,0,0,0,0,0,0,,,,,,0,1277,Merge pull request #1277 from panther-labs/release,"Merge pull request #1277 from panther-labs/release

Prepare for `3.56.0` release"
panther-labs/panther-analysis,d0ed0cac1c8c491dfabd44899f1589b2a1320e1c,2024-07,-8,pre,2024-07-08T09:33:41-06:00,2024-07-08T11:33:41-04:00,u0a7e36e7e740ca50,u0a7e36e7e740ca50@users.invalid,GitHub,noreply@github.com,1,0,1,0,1,1,0,1,,,,,,0,1278,Remove explorer/powershell relationship (#1278),"Remove explorer/powershell relationship (#1278)

Explorer launching powershell isn't a critical alert. Explorer and CMD launching powershell are the two most common ways to execute the application.

Additionally, this relationship has nothing to do with linked FalconForce RunAs reference nor its underlying T1036.005 or T1134.002.

Either remove this entirely, or drop the severity of explorer/powershell to INFO."
panther-labs/panther-analysis,c5f1bb6f2706c79f296ede34d99eedea41de3149,2024-07,-8,pre,2024-07-08T21:13:34Z,2024-07-08T21:13:34Z,dependabot[bot],49699333+dependabot[bot]@users.noreply.github.com,GitHub,noreply@github.com,1,0,1,1,1,0,0,0,,,,,dependabot,0,1281,build(deps): bump docker/setup-qemu-action from 3.0.0 to 3.1.0 (#1281),"build(deps): bump docker/setup-qemu-action from 3.0.0 to 3.1.0 (#1281)

Bumps [docker/setup-qemu-action](https://github.com/docker/setup-qemu-action) from 3.0.0 to 3.1.0.
- [Release notes](https://github.com/docker/setup-qemu-action/releases)
- [Commits](https://github.com/docker/setup-qemu-action/compare/68827325e0b33c7199eb31dd4e31fbe9023e06e3...5927c834f5b4fdf503fca6f4c7eccda82949e1ee)

---
updated-dependencies:
- dependency-name: docker/setup-qemu-action
  dependency-type: direct:production
  update-type: version-update:semver-minor
...

Signed-off-by: dependabot[bot] <ufab77f7a199e1613@users.invalid>
Co-authored-by: dependabot[bot] <49699333+dependabot[bot]@users.noreply.github.com>
Co-authored-by: uf3d47fdb28dafe67 <uf3d47fdb28dafe67@users.invalid>"
panther-labs/panther-analysis,3fb144f059b04aa1d573dbb93782c40f5b6b44b1,2024-07,-8,pre,2024-07-08T21:15:09Z,2024-07-08T21:15:09Z,dependabot[bot],49699333+dependabot[bot]@users.noreply.github.com,GitHub,noreply@github.com,1,0,1,1,1,0,0,0,,,,,dependabot,0,1282,build(deps): bump docker/setup-buildx-action from 3.3.0 to 3.4.0 (#1282),"build(deps): bump docker/setup-buildx-action from 3.3.0 to 3.4.0 (#1282)

Bumps [docker/setup-buildx-action](https://github.com/docker/setup-buildx-action) from 3.3.0 to 3.4.0.
- [Release notes](https://github.com/docker/setup-buildx-action/releases)
- [Commits](https://github.com/docker/setup-buildx-action/compare/d70bba72b1f3fd22344832f00baa16ece964efeb...4fd812986e6c8c2a69e18311145f9371337f27d4)

---
updated-dependencies:
- dependency-name: docker/setup-buildx-action
  dependency-type: direct:production
  update-type: version-update:semver-minor
...

Signed-off-by: dependabot[bot] <ufab77f7a199e1613@users.invalid>
Co-authored-by: dependabot[bot] <49699333+dependabot[bot]@users.noreply.github.com>
Co-authored-by: uf3d47fdb28dafe67 <uf3d47fdb28dafe67@users.invalid>"
panther-labs/panther-analysis,dd05da46d62a3a16468b8ceb1c4912fe924ac7ed,2024-07,-8,pre,2024-07-08T21:17:07Z,2024-07-08T14:17:07-07:00,ua7dab94f786969f2,ua7dab94f786969f2@users.invalid,GitHub,noreply@github.com,1,0,3,3,0,0,0,0,,,,,,0,1283,Aws gd ref links (#1283),"Aws gd ref links (#1283)

* Update aws_guardduty_high_sev_findings.yml

Add additional runbook info for guardduty alert types

* Update aws_guardduty_med_sev_findings.yml

* Update aws_guardduty_low_sev_findings.yml"
panther-labs/panther-analysis,e68dabf1df76fbd0d069512e3286a26e937330c9,2024-07,-8,pre,2024-07-09T16:10:45Z,2024-07-09T11:10:45-05:00,u8443e7a4cdd307d3,u8443e7a4cdd307d3@users.invalid,GitHub,noreply@github.com,1,0,15,962,1,4,120,1,,,,,,0,1260,Add initial Correlation Rules (#1260),"Add initial Correlation Rules (#1260)

* GitHub advanced security change not followed by repo archived

* StopInstance FOLLOWED BY ModifyInstanceAttributes (correlation rule)

* GCP run.services.create Privilege Escalation - correlation rule

* GCP run.services.create Privilege Escalation - linter fix

* Add gcp_cloud_run_service_created.py changes

Signed-off-by: u8443e7a4cdd307d3 <u8443e7a4cdd307d3@users.invalid>

* updated to follow CR style guide/best practices

* instance_ids as lists for comparison

* added unit tests to correlation rules

* updated packs

---------

Signed-off-by: u8443e7a4cdd307d3 <u8443e7a4cdd307d3@users.invalid>
Co-authored-by: u82d958497a890fc2 <u82d958497a890fc2@users.invalid>
Co-authored-by: u353238d1cb8c4346 <u353238d1cb8c4346@users.invalid>
Co-authored-by: ufbec5d2945d27386 <ufbec5d2945d27386@users.invalid>
Co-authored-by: uf3d47fdb28dafe67 <uf3d47fdb28dafe67@users.invalid>"
panther-labs/panther-analysis,aea5a39339b636c2c734bec6106752be03d98801,2024-07,-8,pre,2024-07-09T14:31:18-05:00,2024-07-09T13:31:18-06:00,uf3d47fdb28dafe67,uf3d47fdb28dafe67@users.invalid,GitHub,noreply@github.com,1,0,11,244,2,1,2,0,,,,,,0,1257,Snowflake Data Exfiltration CR (#1257),"Snowflake Data Exfiltration CR (#1257)

* Update Action versions; use SHAs (#1231)

* Update Action versions; use SHAs

* Add dependabot.yml to keep Actions updated

* Update PAT to 0.49.0

* scheduled rules and correlation rule for
snowflake data exfiltration

* transition names

* updates to comply with CR style guide

* cleanup and pack update

* MITRE ATT&CK tags

---------

Co-authored-by: u7510bc26454f566d <u7510bc26454f566d@users.invalid>
Co-authored-by: ufbec5d2945d27386 <ufbec5d2945d27386@users.invalid>"
panther-labs/panther-analysis,1720e1b3f946514a31f55ef17c31ab8592c3b5a9,2024-07,-8,pre,2024-07-11T10:18:59-06:00,2024-07-11T10:18:59-06:00,uf3d47fdb28dafe67,uf3d47fdb28dafe67@users.invalid,GitHub,noreply@github.com,1,0,2,20,1,1,6,0,,,,,,0,1285,lower severity for sensor update requests (#1285),"lower severity for sensor update requests (#1285)

* lower severity for sensor update requests

* update"
panther-labs/panther-analysis,8e52acd6e2678167eac11ec35853adc75a7d4cb2,2024-07,-8,pre,2024-07-15T18:39:55Z,2024-07-15T12:39:55-06:00,uf3d47fdb28dafe67,uf3d47fdb28dafe67@users.invalid,GitHub,noreply@github.com,1,0,25,893,1,10,101,1,,,,,,0,1279,correlation rules from AWS re:inforce (#1279),"correlation rules from AWS re:inforce (#1279)

* correlation rules from AWS re:inforce

* aws potentially compromised service role

* update to match style guide

* remove duplicated rule: iam key quarantine

* merge duplicate rules: iam user key created

* added unit tests for several rules

* style guide updates and consistency changes

* pack update

* MITRE ATT&CK tags

* updates

* signal update

---------

Co-authored-by: ufbec5d2945d27386 <ufbec5d2945d27386@users.invalid>"
panther-labs/panther-analysis,adb15a90e729687f9e624d5c1ac9bc017882a7d1,2024-07,-8,pre,2024-07-15T22:02:24Z,2024-07-15T22:02:24Z,dependabot[bot],49699333+dependabot[bot]@users.noreply.github.com,GitHub,noreply@github.com,1,0,5,5,5,0,0,0,,,,,dependabot,0,1284,build(deps): bump actions/setup-python from 5.1.0 to 5.1.1 (#1284),"build(deps): bump actions/setup-python from 5.1.0 to 5.1.1 (#1284)

Bumps [actions/setup-python](https://github.com/actions/setup-python) from 5.1.0 to 5.1.1.
- [Release notes](https://github.com/actions/setup-python/releases)
- [Commits](https://github.com/actions/setup-python/compare/82c7e631bb3cdc910f68e0081d67478d79c6982d...39cd14951b08e74b54015e9e001cdefcf80e669f)

---
updated-dependencies:
- dependency-name: actions/setup-python
  dependency-type: direct:production
  update-type: version-update:semver-patch
...

Signed-off-by: dependabot[bot] <ufab77f7a199e1613@users.invalid>
Co-authored-by: dependabot[bot] <49699333+dependabot[bot]@users.noreply.github.com>"
panther-labs/panther-analysis,95a1be3f426b57ecf91863903d01d8f286e307fa,2024-07,-8,pre,2024-07-15T22:27:27Z,2024-07-15T17:27:27-05:00,u845d1433999e3b2c,u845d1433999e3b2c@users.invalid,GitHub,noreply@github.com,1,0,2,4,4,0,0,0,,,,,,0,1290,converting tabs to spaces (#1290),converting tabs to spaces (#1290)
panther-labs/panther-analysis,23c34d9ab67a87702c93d2c209bb86b9c530fa3b,2024-07,-8,pre,2024-07-15T22:59:48Z,2024-07-15T15:59:48-07:00,ua7dab94f786969f2,ua7dab94f786969f2@users.invalid,GitHub,noreply@github.com,1,0,21,252,62,16,105,61,,,,,,0,1286,CrowdStrike event stream api rules (#1286),"CrowdStrike event stream api rules (#1286)

* basic info level crwd api token rules, could use a crowdstrike_event_streat_alert_context method once the key_value pairs from AuditKeyValues is settled for easier access

* changed to check bool

* added final newline

* lint and format

* deep_get cleanup

* another test

* pack and helpers

---------

Co-authored-by: u353238d1cb8c4346 <u353238d1cb8c4346@users.invalid>
Co-authored-by: uf3d47fdb28dafe67 <uf3d47fdb28dafe67@users.invalid>"
panther-labs/panther-analysis,8588857dfa59ccf57fc4bbfebbbf3a3537f65dee,2024-07,-8,pre,2024-07-16T09:13:18-06:00,2024-07-16T09:13:18-06:00,uf3d47fdb28dafe67,uf3d47fdb28dafe67@users.invalid,GitHub,noreply@github.com,1,0,9,657,1,3,49,0,,,,,,0,1280,Push Security correlation rules (#1280),"Push Security correlation rules (#1280)

* push security correlation rules

* added unit tests to correlation rules

* made linter happy

* style guide updates

* mitre tags

* Okta.Login.Success

* updating unit tests for Okta.Login.Success

---------

Co-authored-by: ufbec5d2945d27386 <ufbec5d2945d27386@users.invalid>"
panther-labs/panther-analysis,3298929e661c5c60eb5f9c6b46303780a278a744,2024-07,-8,pre,2024-07-16T18:17:08+03:00,2024-07-16T18:17:08+03:00,ud18ddd05177641ab,ud18ddd05177641ab@users.invalid,GitHub,noreply@github.com,2,1,0,0,0,0,0,0,,,,,,0,,Merge branch 'main' into release,Merge branch 'main' into release
panther-labs/panther-analysis,0aee35c59f2825698973c2e5aaa32d6c03be0ec8,2024-07,-8,pre,2024-07-16T18:18:58+03:00,2024-07-16T18:18:58+03:00,ud18ddd05177641ab,ud18ddd05177641ab@users.invalid,GitHub,noreply@github.com,2,1,0,0,0,0,0,0,,,,,,0,1291,Merge pull request #1291 from panther-labs/release,"Merge pull request #1291 from panther-labs/release

3.57.0 Release"
panther-labs/panther-analysis,30290c4755eb5b8bcda0087fc47f5c787cb97e2e,2024-07,-8,pre,2024-07-19T10:40:28-05:00,2024-07-19T08:40:28-07:00,uae3858727e16537f,uae3858727e16537f@users.invalid,GitHub,noreply@github.com,1,0,2,55,1,1,2,1,,,,,,0,1292,Update safe lookup (#1292),"Update safe lookup (#1292)

* make the lookup more safe

* made linter happy

---------

Co-authored-by: ud18ddd05177641ab <ud18ddd05177641ab@users.invalid>
Co-authored-by: ue90bfb607b5c58ba <ue90bfb607b5c58ba@users.invalid>
Co-authored-by: ufbec5d2945d27386 <ufbec5d2945d27386@users.invalid>"
panther-labs/panther-analysis,8ddde32258ead0ba237966889a6b854b67751b87,2024-07,-8,pre,2024-07-22T08:29:27-06:00,2024-07-22T07:29:27-07:00,uae3858727e16537f,uae3858727e16537f@users.invalid,GitHub,noreply@github.com,1,0,10,16,16,0,0,0,,,,,,0,1294,Update default timeouts (#1294),"Update default timeouts (#1294)

* bump some default timeouts

* more tweaking

* more bumps

---------

Co-authored-by: ud3827a30e2b8fbda <ud3827a30e2b8fbda@users.invalid>"
panther-labs/panther-analysis,6c30d9a74733f13520738a9b783740478f2cf5bf,2024-07,-8,pre,2024-07-22T15:32:38Z,2024-07-22T15:32:38Z,dependabot[bot],49699333+dependabot[bot]@users.noreply.github.com,GitHub,noreply@github.com,1,0,6,6,6,0,0,0,,,,,dependabot,0,1293,build(deps): bump step-security/harden-runner from 2.8.1 to 2.9.0 (#1293),"build(deps): bump step-security/harden-runner from 2.8.1 to 2.9.0 (#1293)

Bumps [step-security/harden-runner](https://github.com/step-security/harden-runner) from 2.8.1 to 2.9.0.
- [Release notes](https://github.com/step-security/harden-runner/releases)
- [Commits](https://github.com/step-security/harden-runner/compare/17d0e2bd7d51742c71671bd19fa12bdc9d40a3d6...0d381219ddf674d61a7572ddd19d7941e271515c)

---
updated-dependencies:
- dependency-name: step-security/harden-runner
  dependency-type: direct:production
  update-type: version-update:semver-minor
...

Signed-off-by: dependabot[bot] <ufab77f7a199e1613@users.invalid>
Co-authored-by: dependabot[bot] <49699333+dependabot[bot]@users.noreply.github.com>
Co-authored-by: uf3d47fdb28dafe67 <uf3d47fdb28dafe67@users.invalid>"
panther-labs/panther-analysis,944da69834e3ca6c0ed62b731582d9ce9b5c6974,2024-07,-8,pre,2024-07-22T14:48:25-05:00,2024-07-22T14:48:25-05:00,ufbec5d2945d27386,ufbec5d2945d27386@users.invalid,ufbec5d2945d27386,ufbec5d2945d27386@users.invalid,1,0,4,338,0,2,48,0,,,,,,0,,"add: new user created, password changed","add: new user created, password changed"
panther-labs/panther-analysis,4cae76bd0ba5ec507a6588bdb3536641266359ce,2024-07,-8,pre,2024-07-22T15:04:03-05:00,2024-07-22T15:04:03-05:00,ufbec5d2945d27386,ufbec5d2945d27386@users.invalid,ufbec5d2945d27386,ufbec5d2945d27386@users.invalid,1,0,2,129,0,1,15,0,,,,,,0,,add: Crowdstrike.UserDeleted,add: Crowdstrike.UserDeleted
panther-labs/panther-analysis,5caa1bef9d685f955146db7c51559905937434d0,2024-07,-8,pre,2024-07-22T15:23:45-05:00,2024-07-22T15:23:45-05:00,ufbec5d2945d27386,ufbec5d2945d27386@users.invalid,ufbec5d2945d27386,ufbec5d2945d27386@users.invalid,1,0,1,57,0,0,0,0,,,,,,0,,add: Crowdstrike.EphemeralUserAccount,add: Crowdstrike.EphemeralUserAccount
panther-labs/panther-analysis,f5b63ff287713e142773a547edc7337b2e34960d,2024-07,-8,pre,2024-07-22T16:58:10-05:00,2024-07-22T16:58:10-05:00,ufbec5d2945d27386,ufbec5d2945d27386@users.invalid,ufbec5d2945d27386,ufbec5d2945d27386@users.invalid,1,0,1,3,0,1,3,0,,,,,,0,,"abstract ""turn audit keys to dictionary"" away from ""alert context""","abstract ""turn audit keys to dictionary"" away from ""alert context"""
panther-labs/panther-analysis,5f930be0eb9583f713cc939de679e98ec337100e,2024-07,-8,pre,2024-07-22T16:58:30-05:00,2024-07-22T16:58:30-05:00,ufbec5d2945d27386,ufbec5d2945d27386@users.invalid,ufbec5d2945d27386,ufbec5d2945d27386@users.invalid,1,0,2,233,0,1,55,0,,,,,,0,,add: Crowdstrike.AdminRoleAssigned,add: Crowdstrike.AdminRoleAssigned
panther-labs/panther-analysis,30f09abefdd039a43e6f8475bf117d3a2ba81deb,2024-07,-8,pre,2024-07-23T08:32:33-06:00,2024-07-23T08:32:33-06:00,dependabot[bot],49699333+dependabot[bot]@users.noreply.github.com,GitHub,noreply@github.com,1,0,1,1,1,0,0,0,,,,,dependabot,0,1297,build(deps): bump docker/setup-buildx-action from 3.4.0 to 3.5.0 (#1297),"build(deps): bump docker/setup-buildx-action from 3.4.0 to 3.5.0 (#1297)

Bumps [docker/setup-buildx-action](https://github.com/docker/setup-buildx-action) from 3.4.0 to 3.5.0.
- [Release notes](https://github.com/docker/setup-buildx-action/releases)
- [Commits](https://github.com/docker/setup-buildx-action/compare/4fd812986e6c8c2a69e18311145f9371337f27d4...aa33708b10e362ff993539393ff100fa93ed6a27)

---
updated-dependencies:
- dependency-name: docker/setup-buildx-action
  dependency-type: direct:production
  update-type: version-update:semver-minor
...

Signed-off-by: dependabot[bot] <ufab77f7a199e1613@users.invalid>
Co-authored-by: dependabot[bot] <49699333+dependabot[bot]@users.noreply.github.com>"
panther-labs/panther-analysis,d4cb9ebd7439ba448d2637cf0d394125dfe151d0,2024-07,-8,pre,2024-07-23T14:34:05Z,2024-07-23T14:34:05Z,dependabot[bot],49699333+dependabot[bot]@users.noreply.github.com,GitHub,noreply@github.com,1,0,1,1,1,0,0,0,,,,,dependabot,0,1298,build(deps): bump docker/setup-qemu-action from 3.1.0 to 3.2.0 (#1298),"build(deps): bump docker/setup-qemu-action from 3.1.0 to 3.2.0 (#1298)

Bumps [docker/setup-qemu-action](https://github.com/docker/setup-qemu-action) from 3.1.0 to 3.2.0.
- [Release notes](https://github.com/docker/setup-qemu-action/releases)
- [Commits](https://github.com/docker/setup-qemu-action/compare/5927c834f5b4fdf503fca6f4c7eccda82949e1ee...49b3bc8e6bdd4a60e6116a5414239cba5943d3cf)

---
updated-dependencies:
- dependency-name: docker/setup-qemu-action
  dependency-type: direct:production
  update-type: version-update:semver-minor
...

Signed-off-by: dependabot[bot] <ufab77f7a199e1613@users.invalid>
Co-authored-by: dependabot[bot] <49699333+dependabot[bot]@users.noreply.github.com>
Co-authored-by: uf3d47fdb28dafe67 <uf3d47fdb28dafe67@users.invalid>"
panther-labs/panther-analysis,c8031bd07f4970bc2674a661ab42c083bef05f37,2024-07,-8,pre,2024-07-23T09:52:30-05:00,2024-07-23T10:52:30-04:00,u0a7e36e7e740ca50,u0a7e36e7e740ca50@users.invalid,GitHub,noreply@github.com,1,0,2,43,1,1,2,1,,,,,,0,1296,"Fix methodName lookups for Cloud Run rules, add tests (#1296)","Fix methodName lookups for Cloud Run rules, add tests (#1296)

* Fix methodName lookups, add tests

Initial cloud run correlation rules throw NoneType errors on every GCP.AuditLog that has no event.methodName because of a `deep_get()` without a `default`. One was fixed in a recent PR #1292, the other wasn't. Here's the same fix for both and tests to prove them.

* update to match previous PR for same issue

---------

Co-authored-by: u845d1433999e3b2c <u845d1433999e3b2c@users.invalid>
Co-authored-by: ufbec5d2945d27386 <ufbec5d2945d27386@users.invalid>"
panther-labs/panther-analysis,e894362f09efc87c6e40c5eb2740da913d736472,2024-07,-8,pre,2024-07-23T10:00:19-05:00,2024-07-23T11:00:19-04:00,u287e767d3453bf90,u287e767d3453bf90@users.invalid,GitHub,noreply@github.com,1,0,1,20,16,1,20,16,,,,,,0,1288,Correct the target and actor in Slack Audit log UserPrivilegeEscalation plus clean up (#1288),"Correct the target and actor in Slack Audit log UserPrivilegeEscalation plus clean up (#1288)

* Correct the target and actor in Slack along with updating tests and using defined dict. Also, to YAML and prettier format.

* revert formatting changes to YAML file

---------

Co-authored-by: u845d1433999e3b2c <u845d1433999e3b2c@users.invalid>
Co-authored-by: ufbec5d2945d27386 <ufbec5d2945d27386@users.invalid>"
panther-labs/panther-analysis,990bbe3f93a161e74c53bc7753b6c5d483057115,2024-07,-8,pre,2024-07-23T10:03:25-05:00,2024-07-23T09:03:25-06:00,uf3d47fdb28dafe67,uf3d47fdb28dafe67@users.invalid,GitHub,noreply@github.com,1,0,4,190,4,2,6,3,,,,,,0,1295,bugfix for base64 encoded arguments (#1295),"bugfix for base64 encoded arguments (#1295)

* bugfix for base64 encoded arguments

* split on quotes and spaces for better coverage

* additional edge cases and tests

* adjust

* move padding to is_base64 helper

* readded root command exclusion"
panther-labs/panther-analysis,c952bf2946a3061250c3be6df4b23964337aa1e5,2024-07,-8,pre,2024-07-23T18:36:48+03:00,2024-07-23T18:36:48+03:00,ud18ddd05177641ab,ud18ddd05177641ab@users.invalid,GitHub,noreply@github.com,2,1,0,0,0,0,0,0,,,,,,0,,Merge branch 'main' into release,Merge branch 'main' into release
panther-labs/panther-analysis,52a7c63dbbfec6cf22741fc8cbbae5ff858b9e56,2024-07,-8,pre,2024-07-23T10:40:31-05:00,2024-07-23T10:40:31-05:00,u845d1433999e3b2c,u845d1433999e3b2c@users.invalid,GitHub,noreply@github.com,2,1,0,0,0,0,0,0,,,,,,0,1299,Merge pull request #1299 from panther-labs/release,"Merge pull request #1299 from panther-labs/release

Prepare for 3.58"
panther-labs/panther-analysis,7f1a0ab92b4b81cfd52d8cd0cc8089ae8d8a6863,2024-07,-8,pre,2024-07-24T11:23:02-05:00,2024-07-24T12:23:02-04:00,u287e767d3453bf90,u287e767d3453bf90@users.invalid,GitHub,noreply@github.com,1,0,1,44,0,0,0,0,,,,,,0,1300,"Add entity to Slack Privilege Escalation tests, not YAML this time. (#1300)","Add entity to Slack Privilege Escalation tests, not YAML this time. (#1300)"
panther-labs/panther-analysis,d4381b7c5e8d02b5a6d27625858905358a407502,2024-07,-8,pre,2024-07-24T11:59:34-05:00,2024-07-24T11:59:34-05:00,ufbec5d2945d27386,ufbec5d2945d27386@users.invalid,ufbec5d2945d27386,ufbec5d2945d27386@users.invalid,1,0,5,25,14,5,25,14,,,,,,0,,chore: formatting updates to python code,chore: formatting updates to python code
panther-labs/panther-analysis,d36b3012ca88bb20c5a580ecacede9bfc89215d7,2024-07,-8,pre,2024-07-25T12:20:37-07:00,2024-07-25T12:20:37-07:00,uae3858727e16537f,uae3858727e16537f@users.invalid,GitHub,noreply@github.com,1,0,7,20,20,0,0,0,,,,,,0,1301,bump rateminutes (#1301),"bump rateminutes (#1301)

Co-authored-by: u845d1433999e3b2c <u845d1433999e3b2c@users.invalid>
Co-authored-by: ue90bfb607b5c58ba <ue90bfb607b5c58ba@users.invalid>"
panther-labs/panther-analysis,2ae55613941120fecea2590fb9df8046ffe739e7,2024-07,-8,pre,2024-07-25T15:09:31-05:00,2024-07-25T13:09:31-07:00,uae3858727e16537f,uae3858727e16537f@users.invalid,GitHub,noreply@github.com,1,0,1,2,2,0,0,0,,,,,,0,1302,Bump rate minutes more (#1302),"Bump rate minutes more (#1302)

* bump rate minutes more

* Reduce RateMinutes to account for 45-min log latency

---------

Co-authored-by: ue90bfb607b5c58ba <ue90bfb607b5c58ba@users.invalid>
Co-authored-by: u845d1433999e3b2c <u845d1433999e3b2c@users.invalid>"
panther-labs/panther-analysis,68c7f81a7bb0012fd7fbd64bb53ac4e437bb9b62,2024-07,-8,pre,2024-07-25T13:42:05-07:00,2024-07-25T13:42:05-07:00,uae3858727e16537f,uae3858727e16537f@users.invalid,GitHub,noreply@github.com,2,1,0,0,0,0,0,0,,,,,,0,,Merge branch 'main' into release,Merge branch 'main' into release
panther-labs/panther-analysis,bca7e1f858d81ad023997fdbc9ec3232c969f626,2024-07,-8,pre,2024-07-25T16:24:56-05:00,2024-07-25T16:24:56-05:00,u845d1433999e3b2c,u845d1433999e3b2c@users.invalid,GitHub,noreply@github.com,2,1,0,0,0,0,0,0,,,,,,0,1305,Merge pull request #1305 from panther-labs/release,"Merge pull request #1305 from panther-labs/release

Releasing performance improvements"
panther-labs/panther-analysis,52d621d0c606332da8bcd49bb3bcb7a90d396cee,2024-07,-8,pre,2024-07-26T09:54:11-05:00,2024-07-26T17:54:11+03:00,ued3c3b25a2110807,ued3c3b25a2110807@users.invalid,GitHub,noreply@github.com,1,0,1,8,0,0,0,0,,,,,,0,1306,Update rule_jsonschema.json (#1306),"Update rule_jsonschema.json (#1306)

Added reference for CreateAlert"
panther-labs/panther-analysis,6b6cb0627b0a196fc138d42c046ec2075ded4fe3,2024-07,-8,pre,2024-07-26T12:15:31-05:00,2024-07-26T12:15:31-05:00,ufbec5d2945d27386,ufbec5d2945d27386@users.invalid,ufbec5d2945d27386,ufbec5d2945d27386@users.invalid,1,0,2,238,0,1,58,0,,,,,,0,,add: Crowdstrike.SingleIpAllowlisted,add: Crowdstrike.SingleIpAllowlisted
panther-labs/panther-analysis,349a077d56f293e50317311bc6574a7eb819309c,2024-07,-8,pre,2024-07-26T15:26:58-05:00,2024-07-26T15:26:58-05:00,ufbec5d2945d27386,ufbec5d2945d27386@users.invalid,ufbec5d2945d27386,ufbec5d2945d27386@users.invalid,1,0,2,254,0,1,50,0,,,,,,0,,add: Crowdstrike.AllowlistRemoved,add: Crowdstrike.AllowlistRemoved
panther-labs/panther-analysis,b3a70a66602cce9deb699a5c7a8699aa714e7cdf,2024-07,-8,pre,2024-07-26T15:37:33-05:00,2024-07-26T15:37:33-05:00,ufbec5d2945d27386,ufbec5d2945d27386@users.invalid,ufbec5d2945d27386,ufbec5d2945d27386@users.invalid,1,0,2,86,10,1,12,6,,,,,,0,,edit: Crowdstrike.SingleIpAllowlisted detects updated allow lists as well,edit: Crowdstrike.SingleIpAllowlisted detects updated allow lists as well
panther-labs/panther-analysis,504526bc53d91b9939f0cc8b4336fab8a0ae5682,2024-07,-8,pre,2024-07-31T10:49:47-06:00,2024-07-31T10:49:47-06:00,dependabot[bot],49699333+dependabot[bot]@users.noreply.github.com,GitHub,noreply@github.com,1,0,1,1,1,0,0,0,,,,,dependabot,0,1309,build(deps): bump docker/setup-buildx-action from 3.5.0 to 3.6.1 (#1309),"build(deps): bump docker/setup-buildx-action from 3.5.0 to 3.6.1 (#1309)

Bumps [docker/setup-buildx-action](https://github.com/docker/setup-buildx-action) from 3.5.0 to 3.6.1.
- [Release notes](https://github.com/docker/setup-buildx-action/releases)
- [Commits](https://github.com/docker/setup-buildx-action/compare/aa33708b10e362ff993539393ff100fa93ed6a27...988b5a0280414f521da01fcc63a27aeeb4b104db)

---
updated-dependencies:
- dependency-name: docker/setup-buildx-action
  dependency-type: direct:production
  update-type: version-update:semver-minor
...

Signed-off-by: dependabot[bot] <ufab77f7a199e1613@users.invalid>
Co-authored-by: dependabot[bot] <49699333+dependabot[bot]@users.noreply.github.com>"
panther-labs/panther-analysis,c8061c14db02b8b072a719f9fc599a451db2d3ee,2024-07,-8,pre,2024-07-31T16:51:46Z,2024-07-31T09:51:46-07:00,uae3858727e16537f,uae3858727e16537f@users.invalid,GitHub,noreply@github.com,1,0,8,224,6,4,17,6,,,,,,0,1311,UDM safe lookups (#1311),"UDM safe lookups (#1311)

* add safety checks for UDM lookups

* fix bad copy/paste

* two more safety fixes

---------

Co-authored-by: u845d1433999e3b2c <u845d1433999e3b2c@users.invalid>
Co-authored-by: ud3827a30e2b8fbda <ud3827a30e2b8fbda@users.invalid>
Co-authored-by: uf3d47fdb28dafe67 <uf3d47fdb28dafe67@users.invalid>"
panther-labs/panther-analysis,2dd28b22b6769fbc8dd7ff0e994c0ed7ead7304f,2024-07,-8,pre,2024-07-31T16:55:10Z,2024-07-31T09:55:10-07:00,u0e111a94f01c7a06,u0e111a94f01c7a06@users.invalid,GitHub,noreply@github.com,1,0,1,1,1,0,0,0,,,,,,0,1312,"Minor typo fix in displayname, potentiall -> potentially (#1312)","Minor typo fix in displayname, potentiall -> potentially (#1312)

Co-authored-by: uf3d47fdb28dafe67 <uf3d47fdb28dafe67@users.invalid>"
panther-labs/panther-analysis,e6afe406b398d38f3263b7d90534056830fe6f7d,2024-08,-7,pre,2024-08-05T16:26:27Z,2024-08-05T11:26:27-05:00,uc26ed5a7c8e30f83,uc26ed5a7c8e30f83@users.invalid,GitHub,noreply@github.com,1,0,2,75,0,1,19,0,,,,,,0,1310,Add Github Dependabot Alert Dismissed Rule (#1310),"Add Github Dependabot Alert Dismissed Rule (#1310)

* Add Github Dependabot Alert Dismissed Rule

* additional test

* linter fix

---------

Co-authored-by: u353238d1cb8c4346 <u353238d1cb8c4346@users.invalid>
Co-authored-by: uf3d47fdb28dafe67 <uf3d47fdb28dafe67@users.invalid>"
panther-labs/panther-analysis,b6107686df76284fc56d96dd724ecb463a559624,2024-08,-7,pre,2024-08-06T14:23:52Z,2024-08-06T08:23:52-06:00,uf3d47fdb28dafe67,uf3d47fdb28dafe67@users.invalid,GitHub,noreply@github.com,1,0,3,12,10,3,12,10,,,,,,0,1313,added default values to get/deep_get (#1313),"added default values to get/deep_get (#1313)

* added default values

* more fixes

* event.udm default does not seem to work"
panther-labs/panther-analysis,e67828fdc0166ba361e5769c3cb4889b47d39676,2024-08,-7,pre,2024-08-06T14:35:07Z,2024-08-06T08:35:07-06:00,uf3d47fdb28dafe67,uf3d47fdb28dafe67@users.invalid,GitHub,noreply@github.com,1,0,5,39,66,0,0,0,,,,,,0,1315,convert CR to scheduled rule (#1315),convert CR to scheduled rule (#1315)
panther-labs/panther-analysis,c5b2fde6e7c0ae882a85409f0e74c7e5a41cc5b2,2024-08,-7,pre,2024-08-06T14:37:56Z,2024-08-06T08:37:56-06:00,uf3d47fdb28dafe67,uf3d47fdb28dafe67@users.invalid,GitHub,noreply@github.com,1,0,1,22,8,0,0,0,,,,,,0,1314,convert from Sequence to Group CR (#1314),convert from Sequence to Group CR (#1314)
panther-labs/panther-analysis,d1a0ce1630604afa634862514b2b50ad092c7ff8,2024-08,-7,pre,2024-08-06T14:40:22Z,2024-08-06T14:40:22Z,dependabot[bot],49699333+dependabot[bot]@users.noreply.github.com,GitHub,noreply@github.com,1,0,6,6,6,0,0,0,,,,,dependabot,0,1317,build(deps): bump step-security/harden-runner from 2.9.0 to 2.9.1 (#1317),"build(deps): bump step-security/harden-runner from 2.9.0 to 2.9.1 (#1317)

Bumps [step-security/harden-runner](https://github.com/step-security/harden-runner) from 2.9.0 to 2.9.1.
- [Release notes](https://github.com/step-security/harden-runner/releases)
- [Commits](https://github.com/step-security/harden-runner/compare/0d381219ddf674d61a7572ddd19d7941e271515c...5c7944e73c4c2a096b17a9cb74d65b6c2bbafbde)

---
updated-dependencies:
- dependency-name: step-security/harden-runner
  dependency-type: direct:production
  update-type: version-update:semver-patch
...

Signed-off-by: dependabot[bot] <ufab77f7a199e1613@users.invalid>
Co-authored-by: dependabot[bot] <49699333+dependabot[bot]@users.noreply.github.com>"
panther-labs/panther-analysis,3f747b2ce6307cfd9eb4a4b3f94f93af1491bdd3,2024-08,-7,pre,2024-08-06T08:59:43-06:00,2024-08-06T17:59:43+03:00,ued3c3b25a2110807,ued3c3b25a2110807@users.invalid,GitHub,noreply@github.com,1,0,1,1,1,0,0,0,,,,,,0,1318,Update again gcp_k8s_cron_job_created_or_modified.yml (#1318),"Update again gcp_k8s_cron_job_created_or_modified.yml (#1318)

As an improvement of this PR: https://github.com/panther-labs/panther-analysis/pull/1316

Changed T1053.003 to TA0003:T1053.003"
panther-labs/panther-analysis,c885020d2798070aa468fc245216cde7fcc3ebff,2024-08,-7,pre,2024-08-06T09:09:07-06:00,2024-08-06T09:09:07-06:00,uf3d47fdb28dafe67,uf3d47fdb28dafe67@users.invalid,GitHub,noreply@github.com,2,1,0,0,0,0,0,0,,,,,,0,,Merge branch 'main' into release,Merge branch 'main' into release
panther-labs/panther-analysis,100e5434cebe01de6fe517fd24e1575ee299243a,2024-08,-7,pre,2024-08-06T18:10:55+03:00,2024-08-06T18:10:55+03:00,ue64497c4f5cdffb3,ue64497c4f5cdffb3@users.invalid,GitHub,noreply@github.com,2,1,0,0,0,0,0,0,,,,,,0,1319,Merge pull request #1319 from panther-labs/release,"Merge pull request #1319 from panther-labs/release

Prepare for `3.60.0`"
panther-labs/panther-analysis,7f3586a5e51e2dd2e313a5ad28c26768f7be5830,2024-08,-7,pre,2024-08-06T12:50:18-06:00,2024-08-06T12:50:18-06:00,uf3d47fdb28dafe67,uf3d47fdb28dafe67@users.invalid,GitHub,noreply@github.com,1,0,3,64,10,0,0,0,,,,,,0,1320,fixing upload issues (#1320),fixing upload issues (#1320)
panther-labs/panther-analysis,9dd6a929414907a5269471527fe0969e6d6a62df,2024-08,-7,pre,2024-08-06T12:58:20-06:00,2024-08-06T12:58:20-06:00,uf3d47fdb28dafe67,uf3d47fdb28dafe67@users.invalid,GitHub,noreply@github.com,2,1,0,0,0,0,0,0,,,,,,0,,Merge branch 'main' into release,Merge branch 'main' into release
panther-labs/panther-analysis,dca7bc65d8e8dedca3ac7c9d7eec661a74044353,2024-08,-7,pre,2024-08-06T13:00:18-06:00,2024-08-06T13:00:18-06:00,uf3d47fdb28dafe67,uf3d47fdb28dafe67@users.invalid,GitHub,noreply@github.com,2,1,0,0,0,0,0,0,,,,,,0,1321,Merge pull request #1321 from panther-labs/release,"Merge pull request #1321 from panther-labs/release

Prepare for `v3.61.0`"
panther-labs/panther-analysis,a9498ba702247776e6860d98fc4609606f099be2,2024-08,-7,pre,2024-08-09T13:18:03-04:00,2024-08-09T13:18:03-04:00,u0a7e36e7e740ca50,u0a7e36e7e740ca50@users.invalid,u0a7e36e7e740ca50,u0a7e36e7e740ca50@users.invalid,1,0,4,133,2,1,41,0,,,,,,0,,Improve github webhook modified rule,"Improve github webhook modified rule

### Background

The original `Github.Repo.HookModified` rule is inappropriately named and had some errors in its tests. The `hook.*` audit log events capture any webhook event that occurs [in a repository, organization, GitHub Marketplace account, GitHub Sponsors account, or GitHub App](https://docs.github.com/en/webhooks/using-webhooks/creating-webhooks#:~:text=in%20a%20repository%2C%20organization%2C%20GitHub%20Marketplace%20account%2C%20GitHub%20Sponsors%20account%2C%20or%20GitHub%20App). The rule initially was designed to capture any webhook modification but labelled and titled as repo-specific.

This corrects the minor error with a appropriately named rule, fixes the tests, and improves the alert title. The core logic remains the same.

### Changes

- Disable GitHub.Repo.HookModified, remove from packs
- Replicate original rule and create GitHub.Webhook.Modified, add to packs
- Enhances alert context and improves title
- Fix previous tests using incorrect field names, add test for GitHub App webhook

### Testing

pat test, make lint"
panther-labs/panther-analysis,7bcec484785e3500c7cc8d988526ed455c72ec09,2024-08,-7,pre,2024-08-09T16:11:08-06:00,2024-08-09T16:11:08-06:00,u353238d1cb8c4346,u353238d1cb8c4346@users.invalid,u353238d1cb8c4346,u353238d1cb8c4346@users.invalid,1,0,3,2,68,3,2,68,,,,,,0,,remove deprecated iocs and helper references,remove deprecated iocs and helper references
panther-labs/panther-analysis,c06b89fb98b0a664bf45e19538c1ebaf8ca3a2ce,2024-08,-7,pre,2024-08-13T12:07:54-06:00,2024-08-13T12:07:54-06:00,u353238d1cb8c4346,u353238d1cb8c4346@users.invalid,u353238d1cb8c4346,u353238d1cb8c4346@users.invalid,1,0,12,63,32,7,55,15,,,,,,0,,remove deprecated ioc rules,remove deprecated ioc rules
panther-labs/panther-analysis,9f207a6cfc81f231fb832328369653a51f3b0e6a,2024-08,-7,pre,2024-08-13T12:13:54-06:00,2024-08-13T12:13:54-06:00,u353238d1cb8c4346,u353238d1cb8c4346@users.invalid,u353238d1cb8c4346,u353238d1cb8c4346@users.invalid,1,0,6,0,105,1,0,29,,,,,,0,,remove failing tests,remove failing tests
panther-labs/panther-analysis,a12ba46cbbad499106466863e3aa9f1732622de0,2024-08,-7,pre,2024-08-13T12:16:17-06:00,2024-08-13T12:16:17-06:00,u353238d1cb8c4346,u353238d1cb8c4346@users.invalid,u353238d1cb8c4346,u353238d1cb8c4346@users.invalid,1,0,7,6,14,6,6,6,,,,,,0,,lint,lint
panther-labs/panther-analysis,b2eb2afc403d8e168512fa9451147b2683897e7e,2024-08,-7,pre,2024-08-13T13:57:30-05:00,2024-08-13T13:57:30-05:00,ufbec5d2945d27386,ufbec5d2945d27386@users.invalid,ufbec5d2945d27386,ufbec5d2945d27386@users.invalid,1,0,2,16,2,1,15,0,,,,,,0,,edit: update Crowdstrike.UserPasswordChange with dynamic severity,edit: update Crowdstrike.UserPasswordChange with dynamic severity
panther-labs/panther-analysis,0d0d4db2edcc6e8cf1cb6fc2ee5480b4d66bd72e,2024-08,-7,pre,2024-08-13T14:04:24-05:00,2024-08-13T14:04:24-05:00,ufbec5d2945d27386,ufbec5d2945d27386@users.invalid,ufbec5d2945d27386,ufbec5d2945d27386@users.invalid,1,0,3,9,9,2,8,8,,,,,,0,,edit: minor fixes and suggestions raised by Ariel,edit: minor fixes and suggestions raised by Ariel
panther-labs/panther-analysis,dc3d432e027a6b73ab0a2c7250c55d0b2a5e3a0e,2024-08,-7,pre,2024-08-13T16:51:56-05:00,2024-08-13T16:51:56-05:00,ufbec5d2945d27386,ufbec5d2945d27386@users.invalid,ufbec5d2945d27386,ufbec5d2945d27386@users.invalid,1,0,2,394,0,1,74,0,,,,,,0,,add: Crowdstrike.IpAllowlistChanged,add: Crowdstrike.IpAllowlistChanged
panther-labs/panther-analysis,a66a12f4a482d6494dfd54675fc6e8bd7f4a4f63,2024-08,-7,pre,2024-08-14T13:47:48-05:00,2024-08-14T13:47:48-05:00,ufbec5d2945d27386,ufbec5d2945d27386@users.invalid,ufbec5d2945d27386,ufbec5d2945d27386@users.invalid,1,0,2,23,14,2,23,14,,,,,,0,,fix: minor changes to str_to_list and Crowdstrike.IpAllowlistChanged,fix: minor changes to str_to_list and Crowdstrike.IpAllowlistChanged
panther-labs/panther-analysis,4299b50c7e139920a5d982fe63f2112ff2667445,2024-08,-7,pre,2024-08-14T12:51:38-06:00,2024-08-14T12:51:38-06:00,uf3d47fdb28dafe67,uf3d47fdb28dafe67@users.invalid,GitHub,noreply@github.com,2,1,0,0,0,0,0,0,,,,,,0,1325,Merge pull request #1325 from panther-labs/remove-deprecated,"Merge pull request #1325 from panther-labs/remove-deprecated

Remove deprecated IOC helpers"
panther-labs/panther-analysis,901901fde0dfaaefeb4b7608bc0a298228a29a2f,2024-08,-7,pre,2024-08-15T10:08:03-05:00,2024-08-15T10:08:03-05:00,ufbec5d2945d27386,ufbec5d2945d27386@users.invalid,ufbec5d2945d27386,ufbec5d2945d27386@users.invalid,1,0,3,70,2,2,10,2,,,,,,0,,add: Crowdstrike.NewAdminUserCreated,add: Crowdstrike.NewAdminUserCreated
panther-labs/panther-analysis,a060b68ce4ca6093bbc5afcefd2803c5db774f50,2024-08,-7,pre,2024-08-15T10:53:53-05:00,2024-08-15T10:53:53-05:00,ufbec5d2945d27386,ufbec5d2945d27386@users.invalid,ufbec5d2945d27386,ufbec5d2945d27386@users.invalid,1,0,11,182,185,0,0,0,,,,,,0,,chore: make yaml formatting consistent,chore: make yaml formatting consistent
panther-labs/panther-analysis,594556ead9c0e30e3908d4dcf15996b5f2d47094,2024-08,-7,pre,2024-08-15T16:20:02-06:00,2024-08-15T16:20:02-06:00,u353238d1cb8c4346,u353238d1cb8c4346@users.invalid,u353238d1cb8c4346,u353238d1cb8c4346@users.invalid,1,0,13,34,20,1,3,1,,,,,,0,,"Info Alerts are Signals, Nonrouted","Info Alerts are Signals, Nonrouted"
panther-labs/panther-analysis,e3cb9a23ad616ea839588188d9c57bab5f523e6b,2024-08,-7,pre,2024-08-16T08:36:41-06:00,2024-08-16T08:36:41-06:00,uf3d47fdb28dafe67,uf3d47fdb28dafe67@users.invalid,GitHub,noreply@github.com,2,1,0,0,0,0,0,0,,,,,,0,1328,Merge pull request #1328 from panther-labs/info-alerts-are-signals-nonrouted,"Merge pull request #1328 from panther-labs/info-alerts-are-signals-nonrouted

Info Alerts are Signals, Nonrouted"
panther-labs/panther-analysis,fcb343329b4694c71716e4edd61e416ee6e198ac,2024-08,-7,pre,2024-08-16T11:47:42-05:00,2024-08-16T11:47:42-05:00,ufbec5d2945d27386,ufbec5d2945d27386@users.invalid,ufbec5d2945d27386,ufbec5d2945d27386@users.invalid,1,0,1,12,2,0,0,0,,,,,,0,,edit: update pack manifest,edit: update pack manifest
panther-labs/panther-analysis,896e4ac44e4dbb00cc14b04744f1dd0a38652c48,2024-08,-7,pre,2024-08-16T11:52:13-05:00,2024-08-16T11:52:13-05:00,ufbec5d2945d27386,ufbec5d2945d27386@users.invalid,ufbec5d2945d27386,ufbec5d2945d27386@users.invalid,1,0,1,1,1,0,0,0,,,,,,0,,fix: mispelled rule id in pack manifest,fix: mispelled rule id in pack manifest
panther-labs/panther-analysis,d1f1ce353e70642159530c7189574ec3493e917b,2024-08,-7,pre,2024-08-16T11:24:21-06:00,2024-08-16T11:24:21-06:00,uf3d47fdb28dafe67,uf3d47fdb28dafe67@users.invalid,GitHub,noreply@github.com,2,1,0,0,0,0,0,0,,,,,,0,,Merge branch 'release' into ben/new/cs_eventstreams_audit_rules,Merge branch 'release' into ben/new/cs_eventstreams_audit_rules
panther-labs/panther-analysis,98c4c4aa8aa275ab2d2cd98b4b7eb7fe7583ce28,2024-08,-7,pre,2024-08-16T11:25:36-06:00,2024-08-16T11:25:36-06:00,uf3d47fdb28dafe67,uf3d47fdb28dafe67@users.invalid,GitHub,noreply@github.com,2,1,0,0,0,0,0,0,,,,,,0,1307,Merge pull request #1307 from panther-labs/ben/new/cs_eventstreams_audit_rules,"Merge pull request #1307 from panther-labs/ben/new/cs_eventstreams_audit_rules

New Rules: CS EventStream Audit Events"
panther-labs/panther-analysis,790b4e5768f78b1f88728c0b83d3b44548e772af,2024-08,-7,pre,2024-08-19T12:31:10-05:00,2024-08-19T11:31:10-06:00,uf3d47fdb28dafe67,uf3d47fdb28dafe67@users.invalid,GitHub,noreply@github.com,1,0,2,12,21,1,4,13,,,,,,0,1329,Okta rate limit tuning (#1329),"Okta rate limit tuning (#1329)

* updated okta rate limit rules

* only alert on rate limit violations

---------

Co-authored-by: u845d1433999e3b2c <u845d1433999e3b2c@users.invalid>"
panther-labs/panther-analysis,1e0fbf598c0bd176ea5aacd5e064b96434634542,2024-08,-7,pre,2024-08-19T12:34:20-05:00,2024-08-19T11:34:20-06:00,uf3d47fdb28dafe67,uf3d47fdb28dafe67@users.invalid,GitHub,noreply@github.com,1,0,2,11,18,1,3,10,,,,,,0,1330,traffic mirroring tuning (#1330),"traffic mirroring tuning (#1330)

Co-authored-by: u845d1433999e3b2c <u845d1433999e3b2c@users.invalid>"
panther-labs/panther-analysis,3e6592f0f63cd06379be08b072b15c9512576243,2024-08,-7,pre,2024-08-19T12:38:01-05:00,2024-08-19T11:38:01-06:00,uf3d47fdb28dafe67,uf3d47fdb28dafe67@users.invalid,GitHub,noreply@github.com,1,0,4,14,0,2,12,0,,,,,,0,1331,better deduplication of alerts (#1331),"better deduplication of alerts (#1331)

Co-authored-by: u845d1433999e3b2c <u845d1433999e3b2c@users.invalid>"
panther-labs/panther-analysis,14aec5e8560d9ed25312d2d10c892893d319e1ed,2024-08,-7,pre,2024-08-21T11:45:56-05:00,2024-08-21T11:45:56-05:00,ufbec5d2945d27386,ufbec5d2945d27386@users.invalid,ufbec5d2945d27386,ufbec5d2945d27386@users.invalid,1,0,2,179,98,1,11,0,,,,,,0,,add dynamic severity to AWS.CloudTrail.SnapshotMadePublic,add dynamic severity to AWS.CloudTrail.SnapshotMadePublic
panther-labs/panther-analysis,155d4c29159b75caf28da907dc470672c238c1b3,2024-08,-7,pre,2024-08-21T15:47:51-05:00,2024-08-21T15:47:51-05:00,ufbec5d2945d27386,ufbec5d2945d27386@users.invalid,ufbec5d2945d27386,ufbec5d2945d27386@users.invalid,1,0,2,112,63,1,13,2,,,,,,0,,initial commit,initial commit
panther-labs/panther-analysis,64703f631f021a72a942d48e300cdd5d6be9c1c3,2024-08,-7,pre,2024-08-21T16:19:05-05:00,2024-08-21T15:19:05-06:00,uf3d47fdb28dafe67,uf3d47fdb28dafe67@users.invalid,GitHub,noreply@github.com,1,0,24,59,34,0,0,0,,,,,,0,1322,Missing MITRE ATT&CK tactics (#1322),"Missing MITRE ATT&CK tactics (#1322)

* added missing MITRE ATT&CK tactics to the rules

* updated mitre tactics

* fix duplicate key

* updated the MITRE mappings for the CS Event Stream rules

---------

Co-authored-by: ufbec5d2945d27386 <ufbec5d2945d27386@users.invalid>"
panther-labs/panther-analysis,3ee6ad2c889300d2dbf5144d654895fa38719ba4,2024-08,-7,pre,2024-08-21T16:36:27-05:00,2024-08-21T15:36:27-06:00,uf3d47fdb28dafe67,uf3d47fdb28dafe67@users.invalid,GitHub,noreply@github.com,1,0,2,7,3,1,6,2,,,,,,0,1326,tuning Wiz Alert Passthrough rule (#1326),"tuning Wiz Alert Passthrough rule (#1326)

* tuning Wiz Alert Passthrough rule

* update dedup

* comment unused code

---------

Co-authored-by: u845d1433999e3b2c <u845d1433999e3b2c@users.invalid>"
panther-labs/panther-analysis,38cf2979097d1f7d826b94797bfec1477fb33ad8,2024-08,-7,pre,2024-08-22T09:29:37-06:00,2024-08-22T09:29:37-06:00,uf3d47fdb28dafe67,uf3d47fdb28dafe67@users.invalid,GitHub,noreply@github.com,2,1,0,0,0,0,0,0,,,,,,0,,Merge branch 'release' into improve-github-webhook-modified-rule,Merge branch 'release' into improve-github-webhook-modified-rule
panther-labs/panther-analysis,14932caec40d2ac65eb8f67a51b975b5a9a95e23,2024-08,-7,pre,2024-08-22T09:32:15-06:00,2024-08-22T09:32:15-06:00,uf3d47fdb28dafe67,uf3d47fdb28dafe67@users.invalid,GitHub,noreply@github.com,2,1,0,0,0,0,0,0,,,,,,0,1324,Merge pull request #1324 from geoffg-sentry/improve-github-webhook-modified-rule,"Merge pull request #1324 from geoffg-sentry/improve-github-webhook-modified-rule

Improve GitHub Webhook Modified rule"
panther-labs/panther-analysis,704b750cd12b8e1c426cb7fa7e40a8a2430e91e9,2024-08,-7,pre,2024-08-22T09:47:47-06:00,2024-08-22T09:47:47-06:00,uf3d47fdb28dafe67,uf3d47fdb28dafe67@users.invalid,GitHub,noreply@github.com,2,1,0,0,0,0,0,0,,,,,,0,,Merge branch 'release' into THREAT-325-Tweak-AWS.CloudTrail.SnapshotMadePublic,Merge branch 'release' into THREAT-325-Tweak-AWS.CloudTrail.SnapshotMadePublic
panther-labs/panther-analysis,77f83ed24d4a81f224b5e91c592079f542dd6814,2024-08,-7,pre,2024-08-22T09:49:03-06:00,2024-08-22T09:49:03-06:00,uf3d47fdb28dafe67,uf3d47fdb28dafe67@users.invalid,GitHub,noreply@github.com,2,1,0,0,0,0,0,0,,,,,,0,1333,Merge pull request #1333 from panther-labs/THREAT-325-Tweak-AWS.CloudTrail.SnapshotMadePublic,"Merge pull request #1333 from panther-labs/THREAT-325-Tweak-AWS.CloudTrail.SnapshotMadePublic

Add Dynamic Severity to AWS.CloudTrail.SnapshotMadePublic"
panther-labs/panther-analysis,254fa348281196861fe3c52aaa84cbdf15cb748c,2024-08,-7,pre,2024-08-22T14:15:40-05:00,2024-08-22T14:15:40-05:00,ufbec5d2945d27386,ufbec5d2945d27386@users.invalid,ufbec5d2945d27386,ufbec5d2945d27386@users.invalid,1,0,3,7,6,3,7,6,,,,,,0,,fixed unit tests that were failing in pypanther,fixed unit tests that were failing in pypanther
panther-labs/panther-analysis,04187a0272365d32fa58f70db59b4cff36517647,2024-08,-7,pre,2024-08-22T13:25:35-06:00,2024-08-22T13:25:35-06:00,uf3d47fdb28dafe67,uf3d47fdb28dafe67@users.invalid,GitHub,noreply@github.com,2,1,0,0,0,0,0,0,,,,,,0,1335,Merge pull request #1335 from panther-labs/THREAT-378/fix-failing-pypanther-tests,"Merge pull request #1335 from panther-labs/THREAT-378/fix-failing-pypanther-tests

Fix Unit Tests Failing in Pypanther"
panther-labs/panther-analysis,4ba7f3346caea36557749e27237ddcd0f57039e0,2024-08,-7,pre,2024-08-26T13:27:45-06:00,2024-08-26T13:27:45-06:00,u353238d1cb8c4346,u353238d1cb8c4346@users.invalid,u353238d1cb8c4346,u353238d1cb8c4346@users.invalid,1,0,3,3,0,0,0,0,,,,,,0,,Convert to Signals,Convert to Signals
panther-labs/panther-analysis,4532e1bb2095c3442a5e78fccaf823cb10978f70,2024-08,-7,pre,2024-08-26T13:32:35-06:00,2024-08-26T13:32:35-06:00,uf3d47fdb28dafe67,uf3d47fdb28dafe67@users.invalid,GitHub,noreply@github.com,2,1,0,0,0,0,0,0,,,,,,0,1336,Merge pull request #1336 from panther-labs/signals-for-noisy-alerts,"Merge pull request #1336 from panther-labs/signals-for-noisy-alerts

Convert to Signals"
panther-labs/panther-analysis,9d387125f43247e93720f421a182a2029f96a5aa,2024-08,-7,pre,2024-08-27T08:51:11-06:00,2024-08-27T08:51:11-06:00,u353238d1cb8c4346,u353238d1cb8c4346@users.invalid,u353238d1cb8c4346,u353238d1cb8c4346@users.invalid,1,0,2,4,4,1,3,3,,,,,,0,,update slack passthrough anomaly rules,update slack passthrough anomaly rules
panther-labs/panther-analysis,51efb76e380a60340de6f370cee4f24084e53722,2024-08,-7,pre,2024-08-27T08:51:57-06:00,2024-08-27T08:51:57-06:00,uf3d47fdb28dafe67,uf3d47fdb28dafe67@users.invalid,GitHub,noreply@github.com,2,1,0,0,0,0,0,0,,,,,,0,,Merge branch 'release' into THREAT-371/slack-anomaly-detection-tuning,Merge branch 'release' into THREAT-371/slack-anomaly-detection-tuning
panther-labs/panther-analysis,d5a2b43ec5a7b2506e4f5f0ac80c478d10f8e46d,2024-08,-7,pre,2024-08-27T08:53:11-06:00,2024-08-27T08:53:11-06:00,uf3d47fdb28dafe67,uf3d47fdb28dafe67@users.invalid,GitHub,noreply@github.com,2,1,0,0,0,0,0,0,,,,,,0,1334,Merge pull request #1334 from panther-labs/THREAT-371/slack-anomaly-detection-tuning,"Merge pull request #1334 from panther-labs/THREAT-371/slack-anomaly-detection-tuning

THREAT 371: Slack Anomaly Detection Tuning"
panther-labs/panther-analysis,2ba93847a075da098ac54da1b659f98915279f2b,2024-08,-7,pre,2024-08-27T09:32:24-06:00,2024-08-27T09:32:24-06:00,u353238d1cb8c4346,u353238d1cb8c4346@users.invalid,u353238d1cb8c4346,u353238d1cb8c4346@users.invalid,1,0,2,591,550,0,0,0,,,,,,0,,PAT update v0.52.1,PAT update v0.52.1
panther-labs/panther-analysis,8341a04fa40e903e470a567d18a889c2bd13a381,2024-08,-7,pre,2024-08-27T18:34:55+03:00,2024-08-27T18:34:55+03:00,ud18ddd05177641ab,ud18ddd05177641ab@users.invalid,GitHub,noreply@github.com,2,1,0,0,0,0,0,0,,,,,,0,,Merge branch 'release' into pat-version-bump,Merge branch 'release' into pat-version-bump
panther-labs/panther-analysis,7833588f4a747c96bf147051b3728472ccdafaf4,2024-08,-7,pre,2024-08-27T09:36:24-06:00,2024-08-27T09:36:24-06:00,uf3d47fdb28dafe67,uf3d47fdb28dafe67@users.invalid,GitHub,noreply@github.com,2,1,0,0,0,0,0,0,,,,,,0,1337,Merge pull request #1337 from panther-labs/pat-version-bump,"Merge pull request #1337 from panther-labs/pat-version-bump

PAT update v0.52.1"
panther-labs/panther-analysis,a4aed2662948cbb0181e2d93d6254f20dbb0201d,2024-08,-7,pre,2024-08-27T10:10:13-06:00,2024-08-27T10:10:13-06:00,uf3d47fdb28dafe67,uf3d47fdb28dafe67@users.invalid,GitHub,noreply@github.com,2,1,0,0,0,0,0,0,,,,,,0,,Merge branch 'main' into release,Merge branch 'main' into release
panther-labs/panther-analysis,428e614a58c01a5c9754494a366a7e116b0d3c76,2024-08,-7,pre,2024-08-27T10:28:06-06:00,2024-08-27T10:28:06-06:00,uf3d47fdb28dafe67,uf3d47fdb28dafe67@users.invalid,GitHub,noreply@github.com,2,1,0,0,0,0,0,0,,,,,,0,1338,Merge pull request #1338 from panther-labs/release,"Merge pull request #1338 from panther-labs/release

Prepare for `v3.62.0`"
panther-labs/panther-analysis,fc581846edf0f01e294457d00acfc5b904e34738,2024-08,-7,pre,2024-08-30T07:20:12Z,2024-08-30T07:20:12Z,dependabot[bot],49699333+dependabot[bot]@users.noreply.github.com,GitHub,noreply@github.com,1,0,5,5,5,0,0,0,,,,,dependabot,0,,build(deps): bump actions/setup-python from 5.1.1 to 5.2.0,"build(deps): bump actions/setup-python from 5.1.1 to 5.2.0

Bumps [actions/setup-python](https://github.com/actions/setup-python) from 5.1.1 to 5.2.0.
- [Release notes](https://github.com/actions/setup-python/releases)
- [Commits](https://github.com/actions/setup-python/compare/39cd14951b08e74b54015e9e001cdefcf80e669f...f677139bbe7f9c59b41e40162b753c062f5d49a3)

---
updated-dependencies:
- dependency-name: actions/setup-python
  dependency-type: direct:production
  update-type: version-update:semver-minor
...

Signed-off-by: dependabot[bot] <ufab77f7a199e1613@users.invalid>"
panther-labs/panther-analysis,5c5e07e8608ceba754412ecb35ea1d91479b00be,2024-09,-6,pre,2024-09-03T10:54:00-06:00,2024-09-03T10:54:00-06:00,uf3d47fdb28dafe67,uf3d47fdb28dafe67@users.invalid,GitHub,noreply@github.com,2,1,0,0,0,0,0,0,,,,,,0,1339,Merge pull request #1339 from panther-labs/dependabot/github_actions/actions/setup-python-5.2.0,"Merge pull request #1339 from panther-labs/dependabot/github_actions/actions/setup-python-5.2.0

build(deps): bump actions/setup-python from 5.1.1 to 5.2.0"
panther-labs/panther-analysis,41e993b72091b1d8186758fe46a5f07bd7038160,2024-09,-6,pre,2024-09-04T09:36:29-06:00,2024-09-04T09:36:29-06:00,uf3d47fdb28dafe67,uf3d47fdb28dafe67@users.invalid,GitHub,noreply@github.com,1,0,1,3,0,1,3,0,,,,,,0,1341,AWS SAML Activity Tuning (#1341),"AWS SAML Activity Tuning (#1341)

Co-authored-by: u845d1433999e3b2c <u845d1433999e3b2c@users.invalid>"
panther-labs/panther-analysis,f67b9248b36bc1e4ce85e95e2c4436d6becdb4fe,2024-09,-6,pre,2024-09-04T15:54:53Z,2024-09-04T09:54:53-06:00,uf3d47fdb28dafe67,uf3d47fdb28dafe67@users.invalid,GitHub,noreply@github.com,1,0,12,124,100,11,92,100,,,,,,0,1340,Tuning Snyk Rules (#1340),"Tuning Snyk Rules (#1340)

* Tuning Snyk Rules

* remove org.project.edit"
panther-labs/panther-analysis,d195f9dff7371c6cf8088f0c6e4550cd71914569,2024-09,-6,pre,2024-09-04T16:26:54Z,2024-09-04T11:26:54-05:00,u845d1433999e3b2c,u845d1433999e3b2c@users.invalid,GitHub,noreply@github.com,1,0,18,70,8,0,0,0,,,,,,0,1342,Update Pack Manifests with Data Models and Globals (#1342),"Update Pack Manifests with Data Models and Globals (#1342)

* add missing data models to packs

* add missing globals to packs

---------

Co-authored-by: uf3d47fdb28dafe67 <uf3d47fdb28dafe67@users.invalid>"
panther-labs/panther-analysis,dfa4abf85d0d4d45a01f478a7ff42b1d16007f97,2024-09,-6,pre,2024-09-09T11:02:27-05:00,2024-09-09T10:02:27-06:00,u9670e2e3b05a770f,u9670e2e3b05a770f@users.invalid,GitHub,noreply@github.com,1,0,4,76,5,2,8,3,,,,,,0,1343,Added get_actor_user method to GCP.AuditLog data model (#1343),Added get_actor_user method to GCP.AuditLog data model (#1343)
panther-labs/panther-analysis,01473353a53fc4a980da54b14dc94d35314d4729,2024-09,-6,pre,2024-09-10T14:24:58Z,2024-09-10T09:24:58-05:00,u845d1433999e3b2c,u845d1433999e3b2c@users.invalid,GitHub,noreply@github.com,1,0,7,30,1,0,0,0,,,,,,0,1345,add missing pack items (#1345),"add missing pack items (#1345)

Co-authored-by: uf3d47fdb28dafe67 <uf3d47fdb28dafe67@users.invalid>"
panther-labs/panther-analysis,7adc688dd9d1d99165d1290877420ac771ba9ffc,2024-09,-6,pre,2024-09-10T18:15:19+03:00,2024-09-10T18:15:19+03:00,ue64497c4f5cdffb3,ue64497c4f5cdffb3@users.invalid,GitHub,noreply@github.com,2,1,0,0,0,0,0,0,,,,,,0,1350,Merge pull request #1350 from panther-labs/release,"Merge pull request #1350 from panther-labs/release

Prepare for 3.63.0"
panther-labs/panther-analysis,f772fd66bc7b3d77818837d4dfbf36721f0794ac,2024-09,-6,pre,2024-09-11T15:18:44Z,2024-09-11T15:18:44Z,dependabot[bot],49699333+dependabot[bot]@users.noreply.github.com,GitHub,noreply@github.com,1,0,6,6,6,0,0,0,,,,,dependabot,0,1352,build(deps): bump step-security/harden-runner from 2.9.1 to 2.10.1 (#1352),"build(deps): bump step-security/harden-runner from 2.9.1 to 2.10.1 (#1352)

Bumps [step-security/harden-runner](https://github.com/step-security/harden-runner) from 2.9.1 to 2.10.1.
- [Release notes](https://github.com/step-security/harden-runner/releases)
- [Commits](https://github.com/step-security/harden-runner/compare/5c7944e73c4c2a096b17a9cb74d65b6c2bbafbde...91182cccc01eb5e619899d80e4e971d6181294a7)

---
updated-dependencies:
- dependency-name: step-security/harden-runner
  dependency-type: direct:production
  update-type: version-update:semver-minor
...

Signed-off-by: dependabot[bot] <ufab77f7a199e1613@users.invalid>
Co-authored-by: dependabot[bot] <49699333+dependabot[bot]@users.noreply.github.com>
Co-authored-by: uf3d47fdb28dafe67 <uf3d47fdb28dafe67@users.invalid>"
panther-labs/panther-analysis,192113e78e34a3c3c3f6921cbf3e6314df015436,2024-09,-6,pre,2024-09-11T10:17:53-06:00,2024-09-11T10:17:53-06:00,uf3d47fdb28dafe67,uf3d47fdb28dafe67@users.invalid,GitHub,noreply@github.com,1,0,2,141,7,0,0,0,,,,,,0,1344,Refreshing Contributing Guidelines (#1344),"Refreshing Contributing Guidelines (#1344)

* Refreshing Contributing Guidelines

* implement Cara's suggestions

* another update

* implement Remy's suggestions"
panther-labs/panther-analysis,34512d26baeaf192c6fb30a3f2490fc5e6366e65,2024-09,-6,pre,2024-09-16T09:09:25-06:00,2024-09-16T10:09:25-05:00,u845d1433999e3b2c,u845d1433999e3b2c@users.invalid,GitHub,noreply@github.com,1,0,9,12,8,0,0,0,,,,,,0,1353,Remove Multi-Table Queries from Packs (#1353),"Remove Multi-Table Queries from Packs (#1353)

* tagged multi-table queries

* removed multi-table queries (and assoc. rules) from packs"
panther-labs/panther-analysis,486b1ed08936840e7a9d9e41f76067b3ad5850e1,2024-09,-6,pre,2024-09-16T09:32:26-06:00,2024-09-16T09:32:26-06:00,uf3d47fdb28dafe67,uf3d47fdb28dafe67@users.invalid,GitHub,noreply@github.com,1,0,1,1,1,0,0,0,,,,,,0,1351,validate and upload on PRs (#1351),"validate and upload on PRs (#1351)

* validate and upload on PRs

* push to release

* upload on push to release"
panther-labs/panther-analysis,4ebb769af873b552fce4d21c9b3fcd7b88efec9a,2024-09,-6,pre,2024-09-16T19:47:23Z,2024-09-16T22:47:23+03:00,ue64497c4f5cdffb3,ue64497c4f5cdffb3@users.invalid,GitHub,noreply@github.com,1,0,12,387,4,3,66,0,,,,,,0,1348,THREAT-354 Converting caching rules to correlation (#1348),"THREAT-354 Converting caching rules to correlation (#1348)

* THREAT-354 Converting caching rules to correlation

* THREAT-354 Converting caching rules to correlation - fixed timeframes

* THREAT-354 Converting caching rules to correlation - fixed timeframes"
panther-labs/panther-analysis,20646a49799034087f723c568ca380177bcebed2,2024-09,-6,pre,2024-09-16T15:09:12-05:00,2024-09-16T14:09:12-06:00,uf3d47fdb28dafe67,uf3d47fdb28dafe67@users.invalid,GitHub,noreply@github.com,1,0,3,43,4,0,0,0,,,,,,0,1354,Validate on PR approval (#1354),Validate on PR approval (#1354)
panther-labs/panther-analysis,64046443088b86020ba349910e104d2415ee8284,2024-09,-6,pre,2024-09-16T20:44:28Z,2024-09-16T14:44:28-06:00,uf3d47fdb28dafe67,uf3d47fdb28dafe67@users.invalid,GitHub,noreply@github.com,1,0,2,101,0,0,0,0,,,,,,0,1289,more correlation rules from AWS re:inforce (#1289),"more correlation rules from AWS re:inforce (#1289)

* more correlation rules from AWS re:inforce

* unit tests"
panther-labs/panther-analysis,a39d69c29b8cafc5075255cd923d6b1e73ea1018,2024-09,-6,pre,2024-09-16T21:54:29Z,2024-09-17T00:54:29+03:00,ue64497c4f5cdffb3,ue64497c4f5cdffb3@users.invalid,GitHub,noreply@github.com,1,0,39,2494,420,17,426,0,,,,,,0,1323,Wiz audit rules (#1323),"Wiz audit rules (#1323)

* traildiscover enrichment with managed schema (#1177)

* traildiscover enrichment with managed schema

* Add npm install in dockerfile (#1172)

* add npm install in dockerfile

* Remove Python optimizations; add prettier to PATH

---------

Co-authored-by: ud4c7fbc5424c8e28 <ud4c7fbc5424c8e28@users.invalid>

* schema name: TrailDiscover.CloudTrail

* Fix Dockerfile; add Workflow to test image

* updated data set

* Add MongoDB.2FA.Disabled rule (#1190)

Co-authored-by: uf3d47fdb28dafe67 <uf3d47fdb28dafe67@users.invalid>

* lint and fmt

* fmt

* add OCSF selector

* additional OCSF mappings

* Fix Pipfile

* Rebase changes

---------

Co-authored-by: ud18ddd05177641ab <ud18ddd05177641ab@users.invalid>
Co-authored-by: ud4c7fbc5424c8e28 <ud4c7fbc5424c8e28@users.invalid>
Co-authored-by: u5aaeff12dfd342e6 <u5aaeff12dfd342e6@users.invalid>

* Update PAT to 0.46.0 (#1216)

* sample_logs

* Wiz Audit rules (without Mitre mappings, Severities and Runbooks)

* Wiz Audit rules (updated Mitre mappings, Severities and Runbooks)

* Validate on PR approval (#1354)

* more correlation rules from AWS re:inforce (#1289)

* more correlation rules from AWS re:inforce

* unit tests

* MITRE ATT&CK and severity

* packs

* pipfile update

* update

* pipfile

* fix upload

---------

Co-authored-by: uf3d47fdb28dafe67 <uf3d47fdb28dafe67@users.invalid>
Co-authored-by: ud18ddd05177641ab <ud18ddd05177641ab@users.invalid>
Co-authored-by: ud4c7fbc5424c8e28 <ud4c7fbc5424c8e28@users.invalid>
Co-authored-by: u5aaeff12dfd342e6 <u5aaeff12dfd342e6@users.invalid>
Co-authored-by: u7510bc26454f566d <u7510bc26454f566d@users.invalid>
Co-authored-by: u353238d1cb8c4346 <u353238d1cb8c4346@users.invalid>"
panther-labs/panther-analysis,d1c81ccf36527c905df7b97c82741501297f9017,2024-09,-6,pre,2024-09-17T09:26:48-06:00,2024-09-17T09:26:48-06:00,uf3d47fdb28dafe67,uf3d47fdb28dafe67@users.invalid,GitHub,noreply@github.com,2,1,0,0,0,0,0,0,,,,,,0,1357,Merge pull request #1357 from panther-labs/release,"Merge pull request #1357 from panther-labs/release

Prepare for `v3.64.0`"
panther-labs/panther-analysis,a5190d272f7a64732b9fa5e283ab04b1e80626bb,2024-09,-6,pre,2024-09-25T17:38:45Z,2024-09-25T12:38:45-05:00,u845d1433999e3b2c,u845d1433999e3b2c@users.invalid,GitHub,noreply@github.com,1,0,3,96,0,1,57,0,,,,,,0,1360,Add Format Checker for MITRE ATT&CK Matrix Report Mappings (#1360),Add Format Checker for MITRE ATT&CK Matrix Report Mappings (#1360)
panther-labs/panther-analysis,eb6753e29c7a31ec115849b6b74d640210036f25,2024-09,-6,pre,2024-09-25T18:04:11Z,2024-09-25T21:04:11+03:00,ue64497c4f5cdffb3,ue64497c4f5cdffb3@users.invalid,GitHub,noreply@github.com,1,0,13,619,220,5,61,0,,,,,,0,1356,THREAT-387 Sublime Security Rules (#1356),"THREAT-387 Sublime Security Rules (#1356)

Co-authored-by: ud3827a30e2b8fbda <ud3827a30e2b8fbda@users.invalid>
Co-authored-by: uf3d47fdb28dafe67 <uf3d47fdb28dafe67@users.invalid>
Co-authored-by: u353238d1cb8c4346 <u353238d1cb8c4346@users.invalid>"
panther-labs/panther-analysis,6fe9b3d54977945181bbf7d74eaf1d77d476c12d,2024-09,-6,pre,2024-09-25T12:11:34-06:00,2024-09-25T12:11:34-06:00,uf3d47fdb28dafe67,uf3d47fdb28dafe67@users.invalid,GitHub,noreply@github.com,1,0,2,13,9,0,0,0,,,,,,0,1355,test with api (#1355),test with api (#1355)
panther-labs/panther-analysis,058219570d01234df4e95bf36719ea61bf1a7cbe,2024-09,-6,pre,2024-09-25T19:56:00Z,2024-09-25T13:56:00-06:00,uf3d47fdb28dafe67,uf3d47fdb28dafe67@users.invalid,GitHub,noreply@github.com,1,0,2,13,2,1,7,1,,,,,,0,1364,Fix issue 466: Add mock to rule test (#1364),Fix issue 466: Add mock to rule test (#1364)
panther-labs/panther-analysis,8099f396dde964329e95a74684ee0e48ea08270e,2024-09,-6,pre,2024-09-25T20:52:35Z,2024-09-25T14:52:35-06:00,uf3d47fdb28dafe67,uf3d47fdb28dafe67@users.invalid,GitHub,noreply@github.com,1,0,12,34,34,1,1,1,,,,,,0,1365,Fix issue 439: AccountId case (#1365),Fix issue 439: AccountId case (#1365)
panther-labs/panther-analysis,c690eba38393af8712fedca08f9f1e6a5deb21fd,2024-09,-6,pre,2024-09-25T15:13:33-06:00,2024-09-25T15:13:33-06:00,uf3d47fdb28dafe67,uf3d47fdb28dafe67@users.invalid,GitHub,noreply@github.com,1,0,1,1,1,1,1,1,,,,,,0,1363,Fix issue 468: Zendesk severity override (#1363),Fix issue 468: Zendesk severity override (#1363)
panther-labs/panther-analysis,337be68ca706f55dfdb72a507943ac492f8a97da,2024-09,-6,pre,2024-09-25T16:38:48-06:00,2024-09-25T15:38:48-07:00,ub937d9d7d7448644,ub937d9d7d7448644@users.invalid,GitHub,noreply@github.com,1,0,1,8,8,1,8,8,,,,,,0,1366,Clean up GitHub rule (#1366),Clean up GitHub rule (#1366)
panther-labs/panther-analysis,c8b27e39ea0ac3db8b554979b36da79bc2d77c67,2024-09,-6,pre,2024-09-26T15:45:02Z,2024-09-26T15:45:02Z,dependabot[bot],49699333+dependabot[bot]@users.noreply.github.com,GitHub,noreply@github.com,1,0,9,9,9,0,0,0,,,,,dependabot,0,1368,build(deps): bump actions/checkout from 4.1.7 to 4.2.0 (#1368),"build(deps): bump actions/checkout from 4.1.7 to 4.2.0 (#1368)

Signed-off-by: dependabot[bot] <ufab77f7a199e1613@users.invalid>
Co-authored-by: dependabot[bot] <49699333+dependabot[bot]@users.noreply.github.com>"
panther-labs/panther-analysis,79a1ff961f78d7ff994c7ea7bea3dc37d39bab47,2024-09,-6,pre,2024-09-30T15:00:34Z,2024-09-30T10:00:34-05:00,u845d1433999e3b2c,u845d1433999e3b2c@users.invalid,GitHub,noreply@github.com,1,0,42,61,61,0,0,0,,,,,,0,1370,Issue 1367: Reformat YAML to Always Use Literal Block for Query Text (#1370),Issue 1367: Reformat YAML to Always Use Literal Block for Query Text (#1370)
panther-labs/panther-analysis,9aafee142d7f17d5afa94d517ee800d900e74ed7,2024-09,-6,pre,2024-09-30T15:07:33Z,2024-09-30T10:07:33-05:00,u845d1433999e3b2c,u845d1433999e3b2c@users.invalid,GitHub,noreply@github.com,1,0,16,52,5,0,0,0,,,,,,0,1361,Add Unpacked Items to Packs (#1361),"Add Unpacked Items to Packs (#1361)

Co-authored-by: uf3d47fdb28dafe67 <uf3d47fdb28dafe67@users.invalid>"
panther-labs/panther-analysis,c4357911d195f5d0b402e74e6b9816ba4d9b0e02,2024-09,-6,pre,2024-09-30T09:29:15-06:00,2024-09-30T18:29:15+03:00,ue64497c4f5cdffb3,ue64497c4f5cdffb3@users.invalid,GitHub,noreply@github.com,1,0,2,14,56,1,3,35,,,,,,0,1349,Slack.AuditLogs.ApplicationDoS -> threshold rule (#1349),"Slack.AuditLogs.ApplicationDoS -> threshold rule (#1349)

Co-authored-by: ud18ddd05177641ab <ud18ddd05177641ab@users.invalid>
Co-authored-by: uf3d47fdb28dafe67 <uf3d47fdb28dafe67@users.invalid>"
panther-labs/panther-analysis,91662f6c10eb5b1f5a6d699b4f753b8071b490ce,2024-09,-6,pre,2024-09-30T15:46:09Z,2024-09-30T18:46:09+03:00,ue64497c4f5cdffb3,ue64497c4f5cdffb3@users.invalid,GitHub,noreply@github.com,1,0,3,45,14,2,13,1,,,,,,0,1362,fix - IAM User takeover Correlation Rule correlating on IP instead of user (#1362),"fix - IAM User takeover Correlation Rule correlating on IP instead of user (#1362)

Co-authored-by: uf3d47fdb28dafe67 <uf3d47fdb28dafe67@users.invalid>"
panther-labs/panther-analysis,e36ab755e770405c0fdb16cc8ef7354fbdb30ce9,2024-09,-6,pre,2024-09-30T10:04:52-06:00,2024-09-30T12:04:52-04:00,u0a7e36e7e740ca50,u0a7e36e7e740ca50@users.invalid,GitHub,noreply@github.com,1,0,2,119,4,1,15,4,,,,,,0,1358,Filter out Intelsat satellite network plane wifi from Impossible Travel (#1358),"Filter out Intelsat satellite network plane wifi from Impossible Travel (#1358)

Co-authored-by: ufbec5d2945d27386 <ufbec5d2945d27386@users.invalid>
Co-authored-by: uf3d47fdb28dafe67 <uf3d47fdb28dafe67@users.invalid>
Co-authored-by: u353238d1cb8c4346 <u353238d1cb8c4346@users.invalid>"
panther-labs/panther-analysis,3f0c54e79814a1963284d1a6c586699ca30b6026,2024-10,-5,pre,2024-10-01T18:16:38+03:00,2024-10-01T18:16:38+03:00,ud18ddd05177641ab,ud18ddd05177641ab@users.invalid,GitHub,noreply@github.com,2,1,0,0,0,0,0,0,,,,,,0,,Merge branch 'release' into main,Merge branch 'release' into main
panther-labs/panther-analysis,7a2bec6c4db38ba14b93f0a138fe3a1bb23ea57b,2024-10,-5,pre,2024-10-01T18:28:22+03:00,2024-10-01T18:28:22+03:00,ud18ddd05177641ab,ud18ddd05177641ab@users.invalid,GitHub,noreply@github.com,1,0,1,8,8,1,8,8,,,,,,0,1372,Merge changes from main to release (#1372),"Merge changes from main to release (#1372)

Clean up GitHub rule

Co-authored-by: uf3d47fdb28dafe67 <uf3d47fdb28dafe67@users.invalid>
Co-authored-by: ub937d9d7d7448644 <ub937d9d7d7448644@users.invalid>"
panther-labs/panther-analysis,38d0ce8383c942a86c070252c5ac1c44b540b678,2024-10,-5,pre,2024-10-02T14:25:46Z,2024-10-02T17:25:46+03:00,ud18ddd05177641ab,ud18ddd05177641ab@users.invalid,GitHub,noreply@github.com,1,0,4,231,212,0,0,0,,,,,,0,1373,Format Sublime YAML files (#1373),Format Sublime YAML files (#1373)
panther-labs/panther-analysis,b33b6c0a0d7e108494fce2ad030336c5a9302425,2024-10,-5,pre,2024-10-03T14:27:36Z,2024-10-03T14:27:36Z,dependabot[bot],49699333+dependabot[bot]@users.noreply.github.com,GitHub,noreply@github.com,1,0,1,1,1,0,0,0,,,,,dependabot,0,1375,build(deps): bump docker/setup-buildx-action from 3.6.1 to 3.7.0 (#1375),"build(deps): bump docker/setup-buildx-action from 3.6.1 to 3.7.0 (#1375)

Signed-off-by: dependabot[bot] <ufab77f7a199e1613@users.invalid>
Co-authored-by: dependabot[bot] <49699333+dependabot[bot]@users.noreply.github.com>"
panther-labs/panther-analysis,4d9525717256677ab1677610f24be5fd7a9a7cda,2024-10,-5,pre,2024-10-07T13:32:10+03:00,2024-10-07T13:32:10+03:00,dependabot[bot],49699333+dependabot[bot]@users.noreply.github.com,GitHub,noreply@github.com,1,0,1,1,1,0,0,0,,,,,dependabot,0,1377,build(deps): bump docker/setup-buildx-action from 3.7.0 to 3.7.1 (#1377),"build(deps): bump docker/setup-buildx-action from 3.7.0 to 3.7.1 (#1377)

Signed-off-by: dependabot[bot] <ufab77f7a199e1613@users.invalid>
Co-authored-by: dependabot[bot] <49699333+dependabot[bot]@users.noreply.github.com>"
panther-labs/panther-analysis,a61a96f477e0cca6253e1d7611800e33e5de7d8f,2024-10,-5,pre,2024-10-07T15:16:59Z,2024-10-07T10:16:59-05:00,u845d1433999e3b2c,u845d1433999e3b2c@users.invalid,GitHub,noreply@github.com,1,0,72,187,6337,34,105,1339,,,,,,0,1369,Remove deprecated rules (#1369),"Remove deprecated rules (#1369)

Co-authored-by: uf3d47fdb28dafe67 <uf3d47fdb28dafe67@users.invalid>"
panther-labs/panther-analysis,039ad9aa16ed101a7709a8b307e6119be84bc6ca,2024-10,-5,pre,2024-10-07T15:35:59Z,2024-10-07T18:35:59+03:00,ue64497c4f5cdffb3,ue64497c4f5cdffb3@users.invalid,GitHub,noreply@github.com,1,0,280,1160,1533,278,1106,1482,,,,,,0,1374,THREAT-397 Reformat deep_get(event to event.deep_get( (#1374),"THREAT-397 Reformat deep_get(event to event.deep_get( (#1374)

Co-authored-by: ud5ae2d2cf4c6a259 <ud5ae2d2cf4c6a259@users.invalid>
Co-authored-by: u353238d1cb8c4346 <u353238d1cb8c4346@users.invalid>"
panther-labs/panther-analysis,49f2deb98633e7853927c67ed3c090d13e308deb,2024-10,-5,pre,2024-10-08T18:21:27Z,2024-10-08T18:21:27Z,dependabot[bot],49699333+dependabot[bot]@users.noreply.github.com,GitHub,noreply@github.com,1,0,10,10,10,0,0,0,,,,,dependabot,0,1379,build(deps): bump actions/checkout from 4.1.7 to 4.2.1 (#1379),"build(deps): bump actions/checkout from 4.1.7 to 4.2.1 (#1379)

Signed-off-by: dependabot[bot] <ufab77f7a199e1613@users.invalid>
Co-authored-by: dependabot[bot] <49699333+dependabot[bot]@users.noreply.github.com>"
panther-labs/panther-analysis,67fa051ac5232448a766c2567418fc8008943aed,2024-10,-5,pre,2024-10-10T10:33:22Z,2024-10-10T13:33:22+03:00,ud18ddd05177641ab,ud18ddd05177641ab@users.invalid,GitHub,noreply@github.com,1,0,3,12,15,2,8,11,,,,,,0,1383,Fix linter error in gsuite_workspace_calendar_external_sharing.py (#1383),Fix linter error in gsuite_workspace_calendar_external_sharing.py (#1383)
panther-labs/panther-analysis,9f4366a299f013549176fd8efe7d7051e8d80754,2024-10,-5,pre,2024-10-15T01:53:10Z,2024-10-15T01:53:10Z,dependabot[bot],49699333+dependabot[bot]@users.noreply.github.com,GitHub,noreply@github.com,1,0,1,2,2,0,0,0,,,,,dependabot,0,1385,build(deps): bump thollander/actions-comment-pull-request from 2.5.0 to 3.0.0 (#1385),"build(deps): bump thollander/actions-comment-pull-request from 2.5.0 to 3.0.0 (#1385)

Signed-off-by: dependabot[bot] <ufab77f7a199e1613@users.invalid>
Co-authored-by: dependabot[bot] <49699333+dependabot[bot]@users.noreply.github.com>"
panther-labs/panther-analysis,139d4054c1d346fe208beab1508f194845958273,2024-10,-5,pre,2024-10-15T01:58:09Z,2024-10-14T20:58:09-05:00,u845d1433999e3b2c,u845d1433999e3b2c@users.invalid,GitHub,noreply@github.com,1,0,1,6,1,1,6,1,,,,,,0,1381,Configure `lint-mitre` to ignore schema test files (#1381),"Configure `lint-mitre` to ignore schema test files (#1381)

Co-authored-by: uf3d47fdb28dafe67 <uf3d47fdb28dafe67@users.invalid>"
panther-labs/panther-analysis,8e7a6f6ba51087c4cea5662910b8da48787b015e,2024-10,-5,pre,2024-10-15T03:27:37Z,2024-10-14T22:27:37-05:00,u845d1433999e3b2c,u845d1433999e3b2c@users.invalid,GitHub,noreply@github.com,1,0,5,3,50,1,0,2,,,,,,0,1386,Delete 'Snowflake.PublicRoleGrant' & query (#1386),Delete 'Snowflake.PublicRoleGrant' & query (#1386)
panther-labs/panther-analysis,b8fbbbd5dff37eb1d34889a3206e7d4c54a07503,2024-10,-5,pre,2024-10-15T03:33:12Z,2024-10-14T22:33:12-05:00,u845d1433999e3b2c,u845d1433999e3b2c@users.invalid,GitHub,noreply@github.com,1,0,2,175,0,1,35,0,,,,,,0,1378,new rule: GCP.User.Added.To.Privileged.Group (#1378),"new rule: GCP.User.Added.To.Privileged.Group (#1378)

Co-authored-by: u353238d1cb8c4346 <u353238d1cb8c4346@users.invalid>
Co-authored-by: uf3d47fdb28dafe67 <uf3d47fdb28dafe67@users.invalid>"
panther-labs/panther-analysis,32305a22304186508fa5b1106f98b62559cbd639,2024-10,-5,pre,2024-10-15T08:35:43-06:00,2024-10-15T10:35:43-04:00,u0a7e36e7e740ca50,u0a7e36e7e740ca50@users.invalid,GitHub,noreply@github.com,1,0,1,9,0,0,0,0,,,,,,0,1384,Add AlertTitle to rule_jsonschema.json (#1384),"Add AlertTitle to rule_jsonschema.json (#1384)

Co-authored-by: uf3d47fdb28dafe67 <uf3d47fdb28dafe67@users.invalid>"
panther-labs/panther-analysis,f26c39b5b87bca6fdab6baee52d86a929d16b021,2024-10,-5,pre,2024-10-15T09:29:06-06:00,2024-10-15T09:29:06-06:00,uf3d47fdb28dafe67,uf3d47fdb28dafe67@users.invalid,GitHub,noreply@github.com,2,1,0,0,0,0,0,0,,,,,,0,,Merge branch 'develop' into main,Merge branch 'develop' into main
panther-labs/panther-analysis,35c748a79e3420a8ae9f9a833072dbf84ba8cb1b,2024-10,-5,pre,2024-10-17T15:29:39Z,2024-10-17T09:29:39-06:00,uf3d47fdb28dafe67,uf3d47fdb28dafe67@users.invalid,GitHub,noreply@github.com,1,0,304,1148,1356,249,1010,1181,,,,,,0,1380,Helper reorg (#1380),Helper reorg (#1380)
panther-labs/panther-analysis,f64ef48102952382e386d6498eeebd809abd3699,2024-10,-5,pre,2024-10-17T15:49:25Z,2024-10-17T18:49:25+03:00,ue64497c4f5cdffb3,ue64497c4f5cdffb3@users.invalid,GitHub,noreply@github.com,1,0,2,70,0,0,0,0,,,,,,0,1376,THREAT-395 Correlation Rule Style Guide in repo (#1376),THREAT-395 Correlation Rule Style Guide in repo (#1376)
panther-labs/panther-analysis,dec3aea81c452b000602b3c51d775afce17a83ef,2024-10,-5,pre,2024-10-17T19:56:55Z,2024-10-17T13:56:55-06:00,uf3d47fdb28dafe67,uf3d47fdb28dafe67@users.invalid,GitHub,noreply@github.com,1,0,9,166,0,4,41,0,,,,,,0,1391,ThinkstCanary Rules (#1391),"ThinkstCanary Rules (#1391)

Co-authored-by: ue64497c4f5cdffb3 <ue64497c4f5cdffb3@users.invalid>
Co-authored-by: ub937d9d7d7448644 <ub937d9d7d7448644@users.invalid>
Co-authored-by: ud18ddd05177641ab <ud18ddd05177641ab@users.invalid>"
panther-labs/panther-analysis,3c0205f0ea11bc649e78d3db803612540e08e224,2024-10,-5,pre,2024-10-17T21:09:35Z,2024-10-17T16:09:35-05:00,u845d1433999e3b2c,u845d1433999e3b2c@users.invalid,GitHub,noreply@github.com,1,0,26,26,148,0,0,0,,,,,,0,1392,Migrate `AthenaQuery` and `SnowflakeQuery` to just `Query` (#1392),"Migrate `AthenaQuery` and `SnowflakeQuery` to just `Query` (#1392)

Co-authored-by: uf3d47fdb28dafe67 <uf3d47fdb28dafe67@users.invalid>"
panther-labs/panther-analysis,09d2d706e50e4f4b3fe0bec1aa40c237ecab5f1d,2024-10,-5,pre,2024-10-22T14:21:40Z,2024-10-22T09:21:40-05:00,u845d1433999e3b2c,u845d1433999e3b2c@users.invalid,GitHub,noreply@github.com,1,0,2,13,2,1,1,1,,,,,,0,1395,Allow 'applicationName=login` for `GSuite.ExternalMailForwarding` (#1395),Allow 'applicationName=login` for `GSuite.ExternalMailForwarding` (#1395)
panther-labs/panther-analysis,69caf976e09592b208366c47ec52443153c9b36d,2024-10,-5,pre,2024-10-22T14:26:50Z,2024-10-22T17:26:50+03:00,ue64497c4f5cdffb3,ue64497c4f5cdffb3@users.invalid,GitHub,noreply@github.com,1,0,2,93,20,1,43,16,,,,,,0,1394,ASK-833   `GSuite.Drive.ExternalFileShare` sender-receiver pairs in EXCEPTION_PATTERN (#1394),"ASK-833   `GSuite.Drive.ExternalFileShare` sender-receiver pairs in EXCEPTION_PATTERN (#1394)

Co-authored-by: uf3d47fdb28dafe67 <uf3d47fdb28dafe67@users.invalid>"
panther-labs/panther-analysis,b4460b6f137ef2f92377122d7141b5b621dc6259,2024-10,-5,pre,2024-10-22T14:42:14Z,2024-10-22T09:42:14-05:00,u845d1433999e3b2c,u845d1433999e3b2c@users.invalid,GitHub,noreply@github.com,1,0,3,8,3,0,0,0,,,,,,0,1396,Update Internal Automations (#1396),"Update Internal Automations (#1396)

Co-authored-by: uf3d47fdb28dafe67 <uf3d47fdb28dafe67@users.invalid>"
panther-labs/panther-analysis,30c461fb71d661bf00439484732a4f1879a20318,2024-10,-5,pre,2024-10-22T08:53:47-06:00,2024-10-22T10:53:47-04:00,u8fa60899e9b7a118,u8fa60899e9b7a118@users.invalid,GitHub,noreply@github.com,1,0,3,121,0,1,29,0,,,,,,0,1393,Add AWS WAF Logging Configured Policy (#1393),"Add AWS WAF Logging Configured Policy (#1393)

Co-authored-by: ud137798c88b5ac15 <ud137798c88b5ac15@users.invalid>
Co-authored-by: uf3d47fdb28dafe67 <uf3d47fdb28dafe67@users.invalid>
Co-authored-by: u353238d1cb8c4346 <u353238d1cb8c4346@users.invalid>"
panther-labs/panther-analysis,97608e21f40e19a40735ec6c2ccebcd2777ae624,2024-10,-5,pre,2024-10-22T20:26:23+03:00,2024-10-22T20:26:23+03:00,ud18ddd05177641ab,ud18ddd05177641ab@users.invalid,GitHub,noreply@github.com,2,1,0,0,0,0,0,0,,,,,,0,,Merge branch 'main' into develop,Merge branch 'main' into develop
panther-labs/panther-analysis,92fa9fc1ec2ebbc38f4a972d309ff6398e2433f6,2024-10,-5,pre,2024-10-22T20:30:49+03:00,2024-10-22T20:30:49+03:00,ud18ddd05177641ab,ud18ddd05177641ab@users.invalid,GitHub,noreply@github.com,2,1,0,0,0,0,0,0,,,,,,0,1398,Merge pull request #1398 from panther-labs/develop,"Merge pull request #1398 from panther-labs/develop

Release v3.67"
panther-labs/panther-analysis,03ed81c66e4fd01edd8fdea3e44f8ef62347adbc,2024-10,-5,pre,2024-10-22T17:50:56Z,2024-10-22T12:50:56-05:00,u845d1433999e3b2c,u845d1433999e3b2c@users.invalid,GitHub,noreply@github.com,1,0,3,776,655,0,0,0,,,,,,0,1397,"Update PAT to `0.54.0`, and minor change to test action (#1397)","Update PAT to `0.54.0`, and minor change to test action (#1397)

Co-authored-by: uf3d47fdb28dafe67 <uf3d47fdb28dafe67@users.invalid>"
panther-labs/panther-analysis,d737f4f70982088320d6bd0776d6c21c6decf493,2024-10,-5,pre,2024-10-23T12:12:07Z,2024-10-23T15:12:07+03:00,u51860a6ff652d911,u51860a6ff652d911@users.invalid,GitHub,noreply@github.com,1,0,1,1,1,1,1,1,,,,,,0,1406,Update gsuite_workspace_calendar_external_sharing.py (#1406),Update gsuite_workspace_calendar_external_sharing.py (#1406)
panther-labs/panther-analysis,569b3c87554e1ef44ddbe36cf5ed35c2ab1ad040,2024-10,-5,pre,2024-10-28T10:12:54-06:00,2024-10-28T18:12:54+02:00,ucf47d07b4a4d3190,ucf47d07b4a4d3190@users.invalid,GitHub,noreply@github.com,1,0,1,1,1,0,0,0,,,,,,0,1400,Update style guide reference (#1400),"Update style guide reference (#1400)

Signed-off-by: ucf47d07b4a4d3190 <ucf47d07b4a4d3190@users.invalid>
Co-authored-by: uf3d47fdb28dafe67 <uf3d47fdb28dafe67@users.invalid>"
panther-labs/panther-analysis,0211b92641548a9ec1ed22ac5e1984ebaf3aa4b7,2024-10,-5,pre,2024-10-29T13:32:50-06:00,2024-10-29T13:32:50-06:00,uf3d47fdb28dafe67,uf3d47fdb28dafe67@users.invalid,GitHub,noreply@github.com,2,1,0,0,0,0,0,0,,,,,,0,1412,Merge pull request #1412 from panther-labs/develop,"Merge pull request #1412 from panther-labs/develop

Prep for v3.68"
panther-labs/panther-analysis,f06112fe60aa6b1ddb23d39a2fdc25a95d257461,2024-10,-5,pre,2024-10-29T19:52:50Z,2024-10-29T13:52:50-06:00,uf3d47fdb28dafe67,uf3d47fdb28dafe67@users.invalid,GitHub,noreply@github.com,1,0,3,73,1,0,0,0,,,,,,0,1407,Gha improvements (#1407),Gha improvements (#1407)
panther-labs/panther-analysis,0006352c329a020f3075b2d2a5d47a99c61316e0,2024-10,-5,pre,2024-10-29T14:04:10-06:00,2024-10-29T13:04:10-07:00,u469b4b5071d9ba16,u469b4b5071d9ba16@users.invalid,GitHub,noreply@github.com,1,0,1,1,0,1,1,0,,,,,,0,1404,feat: include accountId in aws_guardduty_context (#1404),"feat: include accountId in aws_guardduty_context (#1404)

Co-authored-by: uf3d47fdb28dafe67 <uf3d47fdb28dafe67@users.invalid>"
panther-labs/panther-analysis,514e5834bedbac4a41dc6534cd80f9235fa64b87,2024-10,-5,pre,2024-10-29T14:12:32-06:00,2024-10-29T16:12:32-04:00,ub2a398df46f8d70f,ub2a398df46f8d70f@users.invalid,GitHub,noreply@github.com,1,0,1,1,1,0,0,0,,,,,,0,1411,fix typo in Makefile (#1411),fix typo in Makefile (#1411)
panther-labs/panther-analysis,9177df96b71df5458b4cb71b39253040b968caec,2024-10,-5,pre,2024-10-29T20:17:20Z,2024-10-29T20:17:20Z,dependabot[bot],49699333+dependabot[bot]@users.noreply.github.com,GitHub,noreply@github.com,1,0,11,12,12,0,0,0,,,,,dependabot,0,1409,build(deps): bump actions/checkout from 4.2.1 to 4.2.2 (#1409),"build(deps): bump actions/checkout from 4.2.1 to 4.2.2 (#1409)

Signed-off-by: dependabot[bot] <ufab77f7a199e1613@users.invalid>
Co-authored-by: dependabot[bot] <49699333+dependabot[bot]@users.noreply.github.com>
Co-authored-by: uf3d47fdb28dafe67 <uf3d47fdb28dafe67@users.invalid>"
panther-labs/panther-analysis,1b4d0ddcfd44058b88d09080c279d77759f432b2,2024-10,-5,pre,2024-10-29T20:23:11Z,2024-10-29T20:23:11Z,dependabot[bot],49699333+dependabot[bot]@users.noreply.github.com,GitHub,noreply@github.com,1,0,9,10,10,0,0,0,,,,,dependabot,0,1410,build(deps): bump actions/setup-python from 5.2.0 to 5.3.0 (#1410),"build(deps): bump actions/setup-python from 5.2.0 to 5.3.0 (#1410)

Signed-off-by: dependabot[bot] <ufab77f7a199e1613@users.invalid>
Co-authored-by: dependabot[bot] <49699333+dependabot[bot]@users.noreply.github.com>"
panther-labs/panther-analysis,eeaaaf08d083b6032a5cf3627573be7448415a28,2024-10,-5,pre,2024-10-29T14:48:07-06:00,2024-10-29T16:48:07-04:00,u8fa60899e9b7a118,u8fa60899e9b7a118@users.invalid,GitHub,noreply@github.com,1,0,3,55,0,1,4,0,,,,,,0,1399,Add AWS WAF WebACL Has Associated Resources policy (#1399),"Add AWS WAF WebACL Has Associated Resources policy (#1399)

Co-authored-by: ud137798c88b5ac15 <ud137798c88b5ac15@users.invalid>
Co-authored-by: uf3d47fdb28dafe67 <uf3d47fdb28dafe67@users.invalid>"
panther-labs/panther-analysis,b94c0337eeeddaf2fc69bf917c86f447b30f8487,2024-11,-4,pre,2024-11-04T09:09:34-07:00,2024-11-04T11:09:34-05:00,u8fa60899e9b7a118,u8fa60899e9b7a118@users.invalid,GitHub,noreply@github.com,1,0,3,163,0,1,30,0,,,,,,0,1405,EKS Anonymous API Access Detection Rule (#1405),"EKS Anonymous API Access Detection Rule (#1405)

Co-authored-by: ud137798c88b5ac15 <ud137798c88b5ac15@users.invalid>
Co-authored-by: ud5ae2d2cf4c6a259 <ud5ae2d2cf4c6a259@users.invalid>
Co-authored-by: uf3d47fdb28dafe67 <uf3d47fdb28dafe67@users.invalid>"
panther-labs/panther-analysis,9c745a64af4ae1c411dcb2aab1db10119be455e9,2024-11,-4,pre,2024-11-04T16:14:55Z,2024-11-04T16:14:55Z,dependabot[bot],49699333+dependabot[bot]@users.noreply.github.com,GitHub,noreply@github.com,1,0,1,2,2,0,0,0,,,,,dependabot,0,1419,build(deps): bump thollander/actions-comment-pull-request from 3.0.0 to 3.0.1 (#1419),"build(deps): bump thollander/actions-comment-pull-request from 3.0.0 to 3.0.1 (#1419)

Signed-off-by: dependabot[bot] <ufab77f7a199e1613@users.invalid>
Co-authored-by: dependabot[bot] <49699333+dependabot[bot]@users.noreply.github.com>
Co-authored-by: uf3d47fdb28dafe67 <uf3d47fdb28dafe67@users.invalid>"
panther-labs/panther-analysis,18e11fd522d24de8b8aa8ddfd98105133db7d81c,2024-11,-4,pre,2024-11-04T16:19:10Z,2024-11-04T10:19:10-06:00,u845d1433999e3b2c,u845d1433999e3b2c@users.invalid,GitHub,noreply@github.com,1,0,15,36,26,0,0,0,,,,,,0,1417,Adjust CR Schedules and Lookbacks (#1417),"Adjust CR Schedules and Lookbacks (#1417)

Co-authored-by: uf3d47fdb28dafe67 <uf3d47fdb28dafe67@users.invalid>"
panther-labs/panther-analysis,9c91c75c9f03c0de5c8971bd37deefd027a72767,2024-11,-4,pre,2024-11-04T17:21:28Z,2024-11-04T11:21:28-06:00,u845d1433999e3b2c,u845d1433999e3b2c@users.invalid,GitHub,noreply@github.com,1,0,28,960,0,13,289,0,,,,,,0,1387,Convert Snowflake Scheduled Rules into Streaming Rules (#1387),"Convert Snowflake Scheduled Rules into Streaming Rules (#1387)

Co-authored-by: uf3d47fdb28dafe67 <uf3d47fdb28dafe67@users.invalid>"
panther-labs/panther-analysis,bdc7a6c51a7da1f69822eacc747508f2864cc4f8,2024-11,-4,pre,2024-11-04T17:44:01Z,2024-11-04T10:44:01-07:00,uf3d47fdb28dafe67,uf3d47fdb28dafe67@users.invalid,GitHub,noreply@github.com,1,0,7,11,11,7,11,11,,,,,,0,1413,Fix event dict typing (#1413),Fix event dict typing (#1413)
panther-labs/panther-analysis,4b6e48560e5df5cf3c18a375acd2b00439218315,2024-11,-4,pre,2024-11-04T10:50:08-07:00,2024-11-04T17:50:08Z,uc632153bbb5663c6,uc632153bbb5663c6@users.invalid,GitHub,noreply@github.com,1,0,17,90,34,17,90,34,,,,,,0,1414,Fix Wiz Audit Log Titles for Service Account Actors (#1414),"Fix Wiz Audit Log Titles for Service Account Actors (#1414)

Co-authored-by: uf3d47fdb28dafe67 <uf3d47fdb28dafe67@users.invalid>"
panther-labs/panther-analysis,5132f6afb241ade49078d23b1f215e6f70b930b5,2024-11,-4,pre,2024-11-06T19:41:50Z,2024-11-06T21:41:50+02:00,ud18ddd05177641ab,ud18ddd05177641ab@users.invalid,GitHub,noreply@github.com,1,0,1,9,8,0,0,0,,,,,,0,1420,Update CONTRIBUTING.md (#1420),Update CONTRIBUTING.md (#1420)
panther-labs/panther-analysis,b3ec513df06c5e56953b7ae00fed365defbb7c9c,2024-11,-4,pre,2024-11-06T14:52:39-06:00,2024-11-06T22:52:39+02:00,ue64497c4f5cdffb3,ue64497c4f5cdffb3@users.invalid,GitHub,noreply@github.com,1,0,13,1180,0,6,160,0,,,,,,0,1415,"THREAT-403 Create rules for User, Administrator, and Role Management based on test cases (#1415)","THREAT-403 Create rules for User, Administrator, and Role Management based on test cases (#1415)

Co-authored-by: u845d1433999e3b2c <u845d1433999e3b2c@users.invalid>"
panther-labs/panther-analysis,7afcef7569b3d99bfae1901aff9246f48d2f9a72,2024-11,-4,pre,2024-11-12T15:24:44Z,2024-11-12T17:24:44+02:00,ue64497c4f5cdffb3,ue64497c4f5cdffb3@users.invalid,GitHub,noreply@github.com,1,0,1,293,283,0,0,0,,,,,,0,1424,Update TrailDiscover data (#1424),Update TrailDiscover data (#1424)
panther-labs/panther-analysis,622426514980a5551f0aa981e607a5a9a2a44a27,2024-11,-4,pre,2024-11-12T08:42:05-07:00,2024-11-12T10:42:05-05:00,u8fa60899e9b7a118,u8fa60899e9b7a118@users.invalid,GitHub,noreply@github.com,1,0,3,70,0,1,30,0,,,,,,0,1416,s3 bucket confused deputy attack (#1416),"s3 bucket confused deputy attack (#1416)

Co-authored-by: ud137798c88b5ac15 <ud137798c88b5ac15@users.invalid>
Co-authored-by: uf3d47fdb28dafe67 <uf3d47fdb28dafe67@users.invalid>
Co-authored-by: u353238d1cb8c4346 <u353238d1cb8c4346@users.invalid>"
panther-labs/panther-analysis,a8713086cd3c6d1474d3ec870bbef582901a2474,2024-11,-4,pre,2024-11-12T15:51:03Z,2024-11-12T07:51:03-08:00,u305342fb624504cb,u305342fb624504cb@users.invalid,GitHub,noreply@github.com,1,0,3,5,4,0,0,0,,,,,,0,1418,fixing ruleID typo on gcp_k8s_pod_create_or_modify_host_path_vol_mount.yml (#1418),"fixing ruleID typo on gcp_k8s_pod_create_or_modify_host_path_vol_mount.yml (#1418)

Co-authored-by: u353238d1cb8c4346 <u353238d1cb8c4346@users.invalid>"
panther-labs/panther-analysis,4a79a461475bd66e8241a66e0e78defa0af6b1b1,2024-11,-4,pre,2024-11-12T15:55:41Z,2024-11-12T17:55:41+02:00,ue64497c4f5cdffb3,ue64497c4f5cdffb3@users.invalid,GitHub,noreply@github.com,1,0,2,22,1,1,4,1,,,,,,0,1421,ASK-928 tuning Zendesk.UserRoleChanged (#1421),"ASK-928 tuning Zendesk.UserRoleChanged (#1421)

Co-authored-by: u845d1433999e3b2c <u845d1433999e3b2c@users.invalid>"
panther-labs/panther-analysis,ac1ad37bdc4c700d7da4d44b40b41280d383e52d,2024-11,-4,pre,2024-11-12T16:25:12Z,2024-11-12T10:25:12-06:00,u845d1433999e3b2c,u845d1433999e3b2c@users.invalid,GitHub,noreply@github.com,1,0,1,7,2,1,7,2,,,,,,0,1422,Refactor `panther_azuresignin_helpers.actor_user` to use imported `deep_get` (#1422),"Refactor `panther_azuresignin_helpers.actor_user` to use imported `deep_get` (#1422)

Co-authored-by: uf3d47fdb28dafe67 <uf3d47fdb28dafe67@users.invalid>"
panther-labs/panther-analysis,81a1f7e6ef01d2b4b3219ac183653e3cb80fd64f,2024-11,-4,pre,2024-11-12T16:50:36Z,2024-11-12T10:50:36-06:00,u845d1433999e3b2c,u845d1433999e3b2c@users.invalid,GitHub,noreply@github.com,1,0,11,310,0,3,36,0,,,,,,0,1408,Adding Some Snowflake Behavioral/Anomaly Scheduled Queries (#1408),"Adding Some Snowflake Behavioral/Anomaly Scheduled Queries (#1408)

Co-authored-by: uf3d47fdb28dafe67 <uf3d47fdb28dafe67@users.invalid>"
panther-labs/panther-analysis,0cdcbce9316c1b86e65370d1ff626f4e2512fcd2,2024-11,-4,pre,2024-11-13T15:37:53Z,2024-11-13T08:37:53-07:00,uf3d47fdb28dafe67,uf3d47fdb28dafe67@users.invalid,GitHub,noreply@github.com,1,0,1,20,0,0,0,0,,,,,,0,1428,Okta AD/LDAP Delegated Authentication - Username Above 52 Characters Security Advisory (#1428),Okta AD/LDAP Delegated Authentication - Username Above 52 Characters Security Advisory (#1428)
panther-labs/panther-analysis,3ced396251686b613b59f486e4da95a8f0db34e7,2024-11,-4,pre,2024-11-13T15:44:09Z,2024-11-13T09:44:09-06:00,u845d1433999e3b2c,u845d1433999e3b2c@users.invalid,GitHub,noreply@github.com,1,0,7,1328,435,2,67,4,,,,,,0,1426,THREAT-318: Standard.SignInFromRogueState (#1426),"THREAT-318: Standard.SignInFromRogueState (#1426)

Co-authored-by: uf3d47fdb28dafe67 <uf3d47fdb28dafe67@users.invalid>"
panther-labs/panther-analysis,af950a2ecbc852d7eed3a34368f597e098f8a405,2024-11,-4,pre,2024-11-13T17:56:44+02:00,2024-11-13T17:56:44+02:00,ud18ddd05177641ab,ud18ddd05177641ab@users.invalid,GitHub,noreply@github.com,1,0,3,0,163,1,0,30,,,,,,1,1429,"Revert ""EKS Anonymous API Access Detection Rule (#1405)"" (#1429)","Revert ""EKS Anonymous API Access Detection Rule (#1405)"" (#1429)"
panther-labs/panther-analysis,9098060aaba65d5118c4410ab7a64920303b1b90,2024-11,-4,pre,2024-11-13T18:55:22Z,2024-11-13T12:55:22-06:00,u845d1433999e3b2c,u845d1433999e3b2c@users.invalid,GitHub,noreply@github.com,1,0,2,261,2,1,8,2,,,,,,0,1431,Fix Standard.SignInFromRogueState for Unenriched Events (#1431),Fix Standard.SignInFromRogueState for Unenriched Events (#1431)
panther-labs/panther-analysis,fe0038e950c0e2ea9c367b0c53c3e76f71f5b748,2024-11,-4,pre,2024-11-13T20:33:35Z,2024-11-13T14:33:35-06:00,u845d1433999e3b2c,u845d1433999e3b2c@users.invalid,GitHub,noreply@github.com,1,0,2,12,13,0,0,0,,,,,,0,1427,Make check-packs action work (#1427),"Make check-packs action work (#1427)

Co-authored-by: uf3d47fdb28dafe67 <uf3d47fdb28dafe67@users.invalid>"
panther-labs/panther-analysis,c9724bf99d95f84e6d30a3c1c09e865cadca8e19,2024-11,-4,pre,2024-11-14T15:24:27Z,2024-11-14T09:24:27-06:00,u845d1433999e3b2c,u845d1433999e3b2c@users.invalid,GitHub,noreply@github.com,1,0,5,72,4,1,7,0,,,,,,0,1423,THREAT-408 `Notion.Many.Pages.Deleted` -> Scheduled Rule (#1423),"THREAT-408 `Notion.Many.Pages.Deleted` -> Scheduled Rule (#1423)

Co-authored-by: uf3d47fdb28dafe67 <uf3d47fdb28dafe67@users.invalid>
Co-authored-by: u353238d1cb8c4346 <u353238d1cb8c4346@users.invalid>"
panther-labs/panther-analysis,3439310b664208627ea394cc8fb6f567756736e4,2024-11,-4,pre,2024-11-14T15:30:26Z,2024-11-14T17:30:26+02:00,ue64497c4f5cdffb3,ue64497c4f5cdffb3@users.invalid,GitHub,noreply@github.com,1,0,11,718,0,5,159,0,,,,,,0,1425,"THREAT-411 ZIA AdminAuditRules - Password, Log, Backup (#1425)","THREAT-411 ZIA AdminAuditRules - Password, Log, Backup (#1425)

Co-authored-by: uf3d47fdb28dafe67 <uf3d47fdb28dafe67@users.invalid>"
panther-labs/panther-analysis,2920b0a1a8c9ad21721183b80d791b97072838e2,2024-11,-4,pre,2024-11-14T17:38:58+02:00,2024-11-14T17:38:58+02:00,ud18ddd05177641ab,ud18ddd05177641ab@users.invalid,GitHub,noreply@github.com,2,1,0,0,0,0,0,0,,,,,,0,,Merge branch 'main' into develop,Merge branch 'main' into develop
panther-labs/panther-analysis,886e0687b3dac554314d9ba27c0036aee9fad63c,2024-11,-4,pre,2024-11-14T17:44:16+02:00,2024-11-14T17:44:16+02:00,ud18ddd05177641ab,ud18ddd05177641ab@users.invalid,GitHub,noreply@github.com,2,1,0,0,0,0,0,0,,,,,,0,1432,Merge pull request #1432 from panther-labs/develop,"Merge pull request #1432 from panther-labs/develop

Release 3.68.0"
panther-labs/panther-analysis,d02d3e76d1994587a2b8fe5be3c7835bbe132520,2024-11,-4,pre,2024-11-21T16:30:29Z,2024-11-21T16:30:29Z,dependabot[bot],49699333+dependabot[bot]@users.noreply.github.com,GitHub,noreply@github.com,1,0,10,11,11,0,0,0,,,,,dependabot,0,1434,build(deps): bump step-security/harden-runner from 2.10.1 to 2.10.2 (#1434),"build(deps): bump step-security/harden-runner from 2.10.1 to 2.10.2 (#1434)

Signed-off-by: dependabot[bot] <ufab77f7a199e1613@users.invalid>
Co-authored-by: dependabot[bot] <49699333+dependabot[bot]@users.noreply.github.com>"
panther-labs/panther-analysis,f1eee0c62510b5c24892a60887851068b61fb4d9,2024-12,-3,pre,2024-12-02T20:22:59Z,2024-12-02T14:22:59-06:00,u845d1433999e3b2c,u845d1433999e3b2c@users.invalid,GitHub,noreply@github.com,1,0,2,73,2,1,7,2,,,,,,0,1438,Wiz.Alert.Passthrough: New Dedup Logic (#1438),Wiz.Alert.Passthrough: New Dedup Logic (#1438)
panther-labs/panther-analysis,ea063d5bba778b599cb4c46ac6ef2da9d601a541,2024-12,-3,pre,2024-12-04T09:29:30-07:00,2024-12-04T09:29:30-07:00,uf3d47fdb28dafe67,uf3d47fdb28dafe67@users.invalid,GitHub,noreply@github.com,1,0,4,77,0,3,29,0,,,,,,0,1436,PantherFlow Investigator Helper (#1436),"PantherFlow Investigator Helper (#1436)

Co-authored-by: u845d1433999e3b2c <u845d1433999e3b2c@users.invalid>"
panther-labs/panther-analysis,1fd2f0962debc3cbc8720861d6308219a71a7be8,2024-12,-3,pre,2024-12-05T17:02:13Z,2024-12-05T10:02:13-07:00,uf3d47fdb28dafe67,uf3d47fdb28dafe67@users.invalid,GitHub,noreply@github.com,1,0,2,36,1,1,35,0,,,,,,0,1441,Add get_user to AWS datamodel (#1441),Add get_user to AWS datamodel (#1441)
panther-labs/panther-analysis,5120292023c42b512196e71ffada647269d835b2,2024-12,-3,pre,2024-12-05T10:17:00-07:00,2024-12-05T10:17:00-07:00,uf3d47fdb28dafe67,uf3d47fdb28dafe67@users.invalid,GitHub,noreply@github.com,1,0,3,241,0,1,43,0,,,,,,0,1433,THREAT-413 - Tune EKS Anonymous API Access Detection Rule (#1405) (#1433),THREAT-413 - Tune EKS Anonymous API Access Detection Rule (#1405) (#1433)
panther-labs/panther-analysis,2ffb95d50fc597d6ab4ecaf5127acd165136adb4,2024-12,-3,pre,2024-12-05T10:20:03-07:00,2024-12-05T10:20:03-07:00,uf3d47fdb28dafe67,uf3d47fdb28dafe67@users.invalid,GitHub,noreply@github.com,1,0,7,39,8,3,7,4,,,,,,0,1440,Update Email Regex (#1440),Update Email Regex (#1440)
panther-labs/panther-analysis,2495608dae81d7816eb7d87996cd9e5c7f98ddc0,2024-12,-3,pre,2024-12-06T15:55:10Z,2024-12-06T09:55:10-06:00,u845d1433999e3b2c,u845d1433999e3b2c@users.invalid,GitHub,noreply@github.com,1,0,9,992,0,4,155,0,,,,,,0,1437,THREAT-420: Stratus AWS Logging Detections (#1437),"THREAT-420: Stratus AWS Logging Detections (#1437)

Co-authored-by: uf3d47fdb28dafe67 <uf3d47fdb28dafe67@users.invalid>"
panther-labs/panther-analysis,9ef96a873d0d081d7718f977c7c7a89c0f681c58,2024-12,-3,pre,2024-12-06T16:01:33Z,2024-12-06T10:01:33-06:00,u845d1433999e3b2c,u845d1433999e3b2c@users.invalid,GitHub,noreply@github.com,1,0,3,396,0,1,47,0,,,,,,0,1442,Add CrowdStrike Event Streams Passthrough Rule (#1442),"Add CrowdStrike Event Streams Passthrough Rule (#1442)

Co-authored-by: uf3d47fdb28dafe67 <uf3d47fdb28dafe67@users.invalid>"
panther-labs/panther-analysis,5f0db64ae10ade346f4d67939f05508702caa706,2024-12,-3,pre,2024-12-09T09:14:57-07:00,2024-12-09T09:14:57-07:00,uf3d47fdb28dafe67,uf3d47fdb28dafe67@users.invalid,GitHub,noreply@github.com,1,0,3,81,4,1,3,3,,,,,,0,1443,Introduce data model unit tests (#1443),Introduce data model unit tests (#1443)
panther-labs/panther-analysis,f8f78902fadeb6e19fe1ec240e05f57ab69e649a,2024-12,-3,pre,2024-12-09T10:40:09-07:00,2024-12-09T11:40:09-06:00,u845d1433999e3b2c,u845d1433999e3b2c@users.invalid,GitHub,noreply@github.com,1,0,5,3,80,1,0,12,,,,,,0,1444,Remove Snowflake.Stream.AttemptedLoginByDisabledUser and assc. query (#1444),Remove Snowflake.Stream.AttemptedLoginByDisabledUser and assc. query (#1444)
panther-labs/panther-analysis,8e38626795a1c8ade822fd00e336e9998d4977dc,2024-12,-3,pre,2024-12-09T12:55:35-07:00,2024-12-09T13:55:35-06:00,u845d1433999e3b2c,u845d1433999e3b2c@users.invalid,GitHub,noreply@github.com,1,0,1,1,1,0,0,0,,,,,,0,1445,Fix Dedup Period for Crowdstrike.Detection.passthrough (#1445),Fix Dedup Period for Crowdstrike.Detection.passthrough (#1445)
panther-labs/panther-analysis,188b9bcc060a0b4a953862bd588a533435a90863,2024-12,-3,pre,2024-12-10T18:09:07+02:00,2024-12-10T18:09:07+02:00,ud18ddd05177641ab,ud18ddd05177641ab@users.invalid,GitHub,noreply@github.com,2,1,0,0,0,0,0,0,,,,,,0,,Merge branch 'main' into develop,Merge branch 'main' into develop
panther-labs/panther-analysis,1c5724830319e90407515ceb84797beb80473795,2024-12,-3,pre,2024-12-10T18:15:57+02:00,2024-12-10T18:15:57+02:00,ud18ddd05177641ab,ud18ddd05177641ab@users.invalid,GitHub,noreply@github.com,2,1,0,0,0,0,0,0,,,,,,0,1448,Merge pull request #1448 from panther-labs/develop,"Merge pull request #1448 from panther-labs/develop

Release 3.69.0"
panther-labs/panther-analysis,0256e82f8fa9e6422d433578d0e40184912a9f82,2024-12,-3,pre,2024-12-17T14:45:05Z,2024-12-17T14:45:05Z,dependabot[bot],49699333+dependabot[bot]@users.noreply.github.com,GitHub,noreply@github.com,1,0,1,1,1,0,0,0,,,,,dependabot,0,1451,build(deps): bump docker/setup-buildx-action from 3.7.1 to 3.8.0 (#1451),"build(deps): bump docker/setup-buildx-action from 3.7.1 to 3.8.0 (#1451)

Signed-off-by: dependabot[bot] <ufab77f7a199e1613@users.invalid>
Co-authored-by: dependabot[bot] <49699333+dependabot[bot]@users.noreply.github.com>"
panther-labs/panther-analysis,f58a6d25348c94f55d94a7e030c6418e290d39fc,2025-01,-2,pre,2025-01-06T16:37:22Z,2025-01-06T10:37:22-06:00,u845d1433999e3b2c,u845d1433999e3b2c@users.invalid,GitHub,noreply@github.com,1,0,1,1,1,1,1,1,,,,,,0,1452,THREAT-427: Fix 'check-deprecated' Script (#1452),THREAT-427: Fix 'check-deprecated' Script (#1452)
panther-labs/panther-analysis,5cf59bb32e196382d3de442117c050def970ea11,2025-01,-2,pre,2025-01-06T17:02:06Z,2025-01-06T19:02:06+02:00,ue64497c4f5cdffb3,ue64497c4f5cdffb3@users.invalid,GitHub,noreply@github.com,1,0,2,328,254,1,8,8,,,,,,0,1458,Okta New Behaviors Acessing Admin Console — jsonify logOnlySecurityData string (#1458),"Okta New Behaviors Acessing Admin Console — jsonify logOnlySecurityData string (#1458)

Co-authored-by: uf3d47fdb28dafe67 <uf3d47fdb28dafe67@users.invalid>"
panther-labs/panther-analysis,14a1a3293d03aa16b0651927539cac78cb80dd29,2025-01,-2,pre,2025-01-06T16:10:25-07:00,2025-01-06T16:10:25-07:00,uf3d47fdb28dafe67,uf3d47fdb28dafe67@users.invalid,GitHub,noreply@github.com,1,0,1,1,1,1,1,1,,,,,,0,1459,datetime -> time.parse_timestamp (#1459),datetime -> time.parse_timestamp (#1459)
panther-labs/panther-analysis,38e38ec65bb531501c6c4d39b89eb31f9682cc9c,2025-01,-2,pre,2025-01-09T15:49:45Z,2025-01-09T10:49:45-05:00,u0a7e36e7e740ca50,u0a7e36e7e740ca50@users.invalid,GitHub,noreply@github.com,1,0,3,301,0,1,49,0,,,,,,0,1453,Create Github.Repo.RulesetModified rule (#1453),"Create Github.Repo.RulesetModified rule (#1453)

Co-authored-by: uf3d47fdb28dafe67 <uf3d47fdb28dafe67@users.invalid>"
panther-labs/panther-analysis,147dc8700b446ef9338c80971811fa6e825e3123,2025-01,-2,pre,2025-01-09T22:20:27Z,2025-01-09T15:20:27-07:00,uf3d47fdb28dafe67,uf3d47fdb28dafe67@users.invalid,GitHub,noreply@github.com,1,0,7,84,239,0,0,0,,,,,,0,1461,Update LUT selectors (#1461),Update LUT selectors (#1461)
panther-labs/panther-analysis,3aecaa3974e4c27cb8914d7ac613b0d16859ea7d,2025-01,-2,pre,2025-01-10T15:56:31Z,2025-01-10T15:56:31Z,dependabot[bot],49699333+dependabot[bot]@users.noreply.github.com,GitHub,noreply@github.com,1,0,10,11,11,0,0,0,,,,,dependabot,0,1466,build(deps): bump step-security/harden-runner from 2.10.2 to 2.10.3 (#1466),"build(deps): bump step-security/harden-runner from 2.10.2 to 2.10.3 (#1466)

Signed-off-by: dependabot[bot] <ufab77f7a199e1613@users.invalid>
Co-authored-by: dependabot[bot] <49699333+dependabot[bot]@users.noreply.github.com>"
panther-labs/panther-analysis,ad60c34bc4b9fe755f38f91bf0600e95a52e6003,2025-01,-2,pre,2025-01-10T16:02:02Z,2025-01-10T16:02:02Z,dependabot[bot],49699333+dependabot[bot]@users.noreply.github.com,GitHub,noreply@github.com,1,0,1,1,1,0,0,0,,,,,dependabot,0,1467,build(deps): bump docker/setup-qemu-action from 3.2.0 to 3.3.0 (#1467),"build(deps): bump docker/setup-qemu-action from 3.2.0 to 3.3.0 (#1467)

Signed-off-by: dependabot[bot] <ufab77f7a199e1613@users.invalid>
Co-authored-by: dependabot[bot] <49699333+dependabot[bot]@users.noreply.github.com>"
panther-labs/panther-analysis,cba079d2e8216f43605264d66be375fe73ad13c6,2025-01,-2,pre,2025-01-10T16:18:14Z,2025-01-10T09:18:14-07:00,uf3d47fdb28dafe67,uf3d47fdb28dafe67@users.invalid,GitHub,noreply@github.com,1,0,33,734,1,5,673,0,,,,,,0,1460,Backport deprecated helpers (#1460),"Backport deprecated helpers (#1460)

Co-authored-by: u845d1433999e3b2c <u845d1433999e3b2c@users.invalid>"
panther-labs/panther-analysis,0c1d36a4f244f631539d9903f631a413dd1696bd,2025-01,-2,pre,2025-01-10T16:23:19Z,2025-01-10T10:23:19-06:00,u845d1433999e3b2c,u845d1433999e3b2c@users.invalid,GitHub,noreply@github.com,1,0,2,17,2,1,14,2,,,,,,0,1468,Patch AWS.S3.ServerAccess.IPWhitelist to work with IPv6 (#1468),Patch AWS.S3.ServerAccess.IPWhitelist to work with IPv6 (#1468)
panther-labs/panther-analysis,5dff7ade2f8548de554cd82b4782ad31e83ea550,2025-01,-2,pre,2025-01-14T09:01:10-07:00,2025-01-14T09:01:10-07:00,uf3d47fdb28dafe67,uf3d47fdb28dafe67@users.invalid,GitHub,noreply@github.com,2,1,0,0,0,0,0,0,,,,,,0,,Merge branch 'main' into develop,Merge branch 'main' into develop
panther-labs/panther-analysis,c13c5fdbceed69d6d60675d0f957db9f7955e2a4,2025-01,-2,pre,2025-01-14T16:07:50Z,2025-01-14T09:07:50-07:00,uf3d47fdb28dafe67,uf3d47fdb28dafe67@users.invalid,GitHub,noreply@github.com,1,0,58,1479,511,9,746,12,,,,,,0,1470,Prepare for v3.70.0 (#1470),"Prepare for v3.70.0 (#1470)

Signed-off-by: dependabot[bot] <ufab77f7a199e1613@users.invalid>
Co-authored-by: dependabot[bot] <49699333+dependabot[bot]@users.noreply.github.com>
Co-authored-by: u845d1433999e3b2c <u845d1433999e3b2c@users.invalid>
Co-authored-by: ue64497c4f5cdffb3 <ue64497c4f5cdffb3@users.invalid>
Co-authored-by: u0a7e36e7e740ca50 <u0a7e36e7e740ca50@users.invalid>"
panther-labs/panther-analysis,54c78ba001a04710f0f81e8109af82f251dfb588,2025-01,-2,pre,2025-01-14T12:55:58-07:00,2025-01-14T12:55:58-07:00,uf3d47fdb28dafe67,uf3d47fdb28dafe67@users.invalid,GitHub,noreply@github.com,1,0,2,127,0,0,0,0,,,,,,0,1464,Issue Templates for New Analysis and Tuning (#1464),Issue Templates for New Analysis and Tuning (#1464)
panther-labs/panther-analysis,19781289155b0db7bec9bab0b6b37c26edd87ad7,2025-01,-2,pre,2025-01-15T16:59:06+02:00,2025-01-14T17:22:50+01:00,ud18ddd05177641ab,ud18ddd05177641ab@users.invalid,ud18ddd05177641ab,ud18ddd05177641ab@users.invalid,1,0,1,5,0,0,0,0,,,,,,0,,fix: default release workflow to main,fix: default release workflow to main
panther-labs/panther-analysis,7d2cafacf7c045f94e9a6ead0701a8cfcf799c28,2025-01,-2,pre,2025-01-15T08:13:50-07:00,2025-01-15T08:13:50-07:00,uf3d47fdb28dafe67,uf3d47fdb28dafe67@users.invalid,GitHub,noreply@github.com,1,0,10,0,73,0,0,0,,,,,,0,1474,remove step security (#1474),remove step security (#1474)
panther-labs/panther-analysis,ad8c60cb7433e15272e162acac2149a16de5320f,2025-01,-2,pre,2025-01-15T08:17:07-07:00,2025-01-15T08:17:07-07:00,uf3d47fdb28dafe67,uf3d47fdb28dafe67@users.invalid,GitHub,noreply@github.com,2,1,0,0,0,0,0,0,,,,,,0,,Merge branch 'develop' into panos/fix/release,Merge branch 'develop' into panos/fix/release
panther-labs/panther-analysis,952bff7ea112c3890100175c57ac865b5ac06378,2025-01,-2,pre,2025-01-15T17:20:58+02:00,2025-01-15T17:20:58+02:00,ud18ddd05177641ab,ud18ddd05177641ab@users.invalid,GitHub,noreply@github.com,2,1,0,0,0,0,0,0,,,,,,0,1471,Merge pull request #1471 from panther-labs/panos/fix/release,"Merge pull request #1471 from panther-labs/panos/fix/release

fix: default release workflow to main"
panther-labs/panther-analysis,ec1fa93df1f42f8e2da240f0a52f50497e630c3c,2025-01,-2,pre,2025-01-15T15:45:51Z,2025-01-15T09:45:51-06:00,u845d1433999e3b2c,u845d1433999e3b2c@users.invalid,GitHub,noreply@github.com,1,0,4,496,1,2,47,1,,,,,,0,1457,Split 'Standard.BruteForceByIP' into IP and Username versions (#1457),"Split 'Standard.BruteForceByIP' into IP and Username versions (#1457)

Co-authored-by: uf3d47fdb28dafe67 <uf3d47fdb28dafe67@users.invalid>"
panther-labs/panther-analysis,faebb96cc4c877ead2357f829a3ab2512aaded3f,2025-01,-2,pre,2025-01-15T14:10:57-07:00,2025-01-15T16:10:57-05:00,u8fa60899e9b7a118,u8fa60899e9b7a118@users.invalid,GitHub,noreply@github.com,1,0,3,241,0,1,38,0,,,,,,0,1456,Github Actions OIDC IAM Role Trust Relation (#1456),"Github Actions OIDC IAM Role Trust Relation (#1456)

Co-authored-by: ud137798c88b5ac15 <ud137798c88b5ac15@users.invalid>
Co-authored-by: uf3d47fdb28dafe67 <uf3d47fdb28dafe67@users.invalid>
Co-authored-by: u353238d1cb8c4346 <u353238d1cb8c4346@users.invalid>"
panther-labs/panther-analysis,7362dd2f8b10e4b8c353d6e18e2bdf3994b494d8,2025-01,-2,pre,2025-01-17T17:22:10Z,2025-01-17T11:22:10-06:00,u845d1433999e3b2c,u845d1433999e3b2c@users.invalid,GitHub,noreply@github.com,1,0,4,106,2,2,28,2,,,,,,0,1477,Snowflake Brute Force Tuning (#1477),Snowflake Brute Force Tuning (#1477)
panther-labs/panther-analysis,2956e748e29f4f12030fc4ce91ea34db3688483d,2025-01,-2,pre,2025-01-17T18:34:26Z,2025-01-17T13:34:26-05:00,u0a7e36e7e740ca50,u0a7e36e7e740ca50@users.invalid,GitHub,noreply@github.com,1,0,1,1,1,0,0,0,,,,,,0,1479,Update example_settings.json (#1479),"Update example_settings.json (#1479)

Co-authored-by: uf3d47fdb28dafe67 <uf3d47fdb28dafe67@users.invalid>"
panther-labs/panther-analysis,173411e3f6bfb9d2639a660191ad571d4e829d79,2025-01,-2,pre,2025-01-21T21:58:23Z,2025-01-21T15:58:23-06:00,u845d1433999e3b2c,u845d1433999e3b2c@users.invalid,GitHub,noreply@github.com,1,0,1,6,3,0,0,0,,,,,,0,1482,changes to readme (#1482),changes to readme (#1482)
panther-labs/panther-analysis,0bb44f30e0d3b6efac661afeb23e1d2549549f98,2025-01,-2,pre,2025-01-22T15:42:36Z,2025-01-22T08:42:36-07:00,uf3d47fdb28dafe67,uf3d47fdb28dafe67@users.invalid,GitHub,noreply@github.com,1,0,1,1,0,0,0,0,,,,,,0,1476,Test GHA runs unit tests (#1476),Test GHA runs unit tests (#1476)
panther-labs/panther-analysis,d6f4911ed4f04cf677d57dce410b7fce06947c27,2025-01,-2,pre,2025-01-23T08:41:59-07:00,2025-01-23T10:41:59-05:00,uc57d84c695753b58,uc57d84c695753b58@users.invalid,GitHub,noreply@github.com,1,0,1,2,0,0,0,0,,,,,,0,1490,Add comments for check-deprecated and remove-deprecated in Makefile (#1490),Add comments for check-deprecated and remove-deprecated in Makefile (#1490)
panther-labs/panther-analysis,89df3556dbacea0c801397b4b1a009fea70523f1,2025-01,-2,pre,2025-01-23T15:47:38Z,2025-01-23T09:47:38-06:00,u845d1433999e3b2c,u845d1433999e3b2c@users.invalid,GitHub,noreply@github.com,1,0,2,818,839,0,0,0,,,,,,0,1488,Update PAT dependency to v0.55.0 (#1488),Update PAT dependency to v0.55.0 (#1488)
panther-labs/panther-analysis,475778c61a4d5fb3eadfb82afaf2dc91a2c1c26b,2025-01,-2,pre,2025-01-24T08:18:27-07:00,2025-01-24T08:18:27-07:00,u9670e2e3b05a770f,u9670e2e3b05a770f@users.invalid,GitHub,noreply@github.com,1,0,1,2,2,1,2,2,,,,,,0,1491,Update snowflake_stream_account_admin_assigned.py (#1491),Update snowflake_stream_account_admin_assigned.py (#1491)
panther-labs/panther-analysis,c81c33dd4193040f985ce06123663ea2e3abf7ad,2025-01,-2,pre,2025-01-24T10:55:30-07:00,2025-01-24T10:55:30-07:00,uf3d47fdb28dafe67,uf3d47fdb28dafe67@users.invalid,GitHub,noreply@github.com,1,0,2,64,25,1,42,25,,,,,,0,1492,[Tuning] GitHub Actions Trust Policy (#1492),[Tuning] GitHub Actions Trust Policy (#1492)
panther-labs/panther-analysis,79d8c03be5c8620c3772c5382be5f060b0c28c63,2025-01,-2,pre,2025-01-24T11:04:36-07:00,2025-01-24T11:04:36-07:00,u353238d1cb8c4346,u353238d1cb8c4346@users.invalid,u353238d1cb8c4346,u353238d1cb8c4346@users.invalid,1,0,2,25,25,0,0,0,,,,,,0,,Bump PAT to 0.55.1,Bump PAT to 0.55.1
panther-labs/panther-analysis,2a825b20d6aee749d3eac40eaeecc2827aeb8b62,2025-01,-2,pre,2025-01-24T11:09:05-07:00,2025-01-24T18:09:05Z,ucdaf96fbade90962,ucdaf96fbade90962@users.invalid,GitHub,noreply@github.com,1,0,3,211,0,1,27,0,,,,,,0,1483,Add Tracebit detection (#1483),"Add Tracebit detection (#1483)

Co-authored-by: uf3d47fdb28dafe67 <uf3d47fdb28dafe67@users.invalid>
Co-authored-by: u353238d1cb8c4346 <u353238d1cb8c4346@users.invalid>"
panther-labs/panther-analysis,ffbe748d7b76f7481e6a2c6b0589a8cb1c35853d,2025-01,-2,pre,2025-01-24T11:23:16-07:00,2025-01-24T19:23:16+01:00,u323e4dc4f206b5a1,u323e4dc4f206b5a1@users.invalid,GitHub,noreply@github.com,1,0,3,122,0,1,15,0,,,,,,0,1469,Add policy for AWS Lambda publicly accessible (#1469),"Add policy for AWS Lambda publicly accessible (#1469)

Co-authored-by: uf3d47fdb28dafe67 <uf3d47fdb28dafe67@users.invalid>"
panther-labs/panther-analysis,88fcac89ecc139ea0e68da00cf1229f100ac0c55,2025-01,-2,pre,2025-01-28T09:15:29-06:00,2025-01-28T17:15:29+02:00,ued3c3b25a2110807,ued3c3b25a2110807@users.invalid,GitHub,noreply@github.com,1,0,1,2,2,0,0,0,,,,,,0,1495,Update aws_cloudtrail_event_selectors_disabled.yml DisplayName (#1495),Update aws_cloudtrail_event_selectors_disabled.yml DisplayName (#1495)
panther-labs/panther-analysis,949ed0e44d7ca7f140f056c31606ccb1512caf50,2025-01,-2,pre,2025-01-28T15:41:17Z,2025-01-28T15:41:17Z,dependabot[bot],49699333+dependabot[bot]@users.noreply.github.com,GitHub,noreply@github.com,1,0,9,10,10,0,0,0,,,,,dependabot,0,1493,build(deps): bump actions/setup-python from 5.3.0 to 5.4.0 (#1493),"build(deps): bump actions/setup-python from 5.3.0 to 5.4.0 (#1493)

Signed-off-by: dependabot[bot] <ufab77f7a199e1613@users.invalid>
Co-authored-by: dependabot[bot] <49699333+dependabot[bot]@users.noreply.github.com>"
panther-labs/panther-analysis,fea6c142d04c8881633095750344f6f4a3b02834,2025-01,-2,pre,2025-01-28T15:43:38Z,2025-01-28T15:43:38Z,dependabot[bot],49699333+dependabot[bot]@users.noreply.github.com,GitHub,noreply@github.com,1,0,1,1,1,0,0,0,,,,,dependabot,0,1494,build(deps): bump aws-actions/configure-aws-credentials from 4.0.2 to 4.0.3 (#1494),"build(deps): bump aws-actions/configure-aws-credentials from 4.0.2 to 4.0.3 (#1494)

Signed-off-by: dependabot[bot] <ufab77f7a199e1613@users.invalid>
Co-authored-by: dependabot[bot] <49699333+dependabot[bot]@users.noreply.github.com>"
panther-labs/panther-analysis,e6a84a72c0cfd407db841c454d90c8e6d4501f1e,2025-01,-2,pre,2025-01-28T15:45:37Z,2025-01-28T08:45:37-07:00,uf3d47fdb28dafe67,uf3d47fdb28dafe67@users.invalid,GitHub,noreply@github.com,1,0,1,4,3,0,0,0,,,,,,0,1487,Validate on PR merge (#1487),"Validate on PR merge (#1487)

Co-authored-by: u845d1433999e3b2c <u845d1433999e3b2c@users.invalid>"
panther-labs/panther-analysis,4c5393527274138ee3ea54187e9c7557c323f02a,2025-01,-2,pre,2025-01-28T15:48:17Z,2025-01-28T08:48:17-07:00,uf3d47fdb28dafe67,uf3d47fdb28dafe67@users.invalid,GitHub,noreply@github.com,1,0,5,361,0,2,50,0,,,,,,0,1484,Bedrock detections for AWS CloudTrail (#1484),Bedrock detections for AWS CloudTrail (#1484)
panther-labs/panther-analysis,c548374ed8ff38a9682e0b48a5fcdaafec36a7f2,2025-01,-2,pre,2025-01-28T09:14:50-07:00,2025-01-28T09:14:50-07:00,uf3d47fdb28dafe67,uf3d47fdb28dafe67@users.invalid,GitHub,noreply@github.com,2,1,0,0,0,0,0,0,,,,,,0,,Merge branch 'main' into develop,Merge branch 'main' into develop
panther-labs/panther-analysis,d1a4c252e0b52ce90f036d414538405d907181e3,2025-01,-2,pre,2025-01-28T19:07:46+02:00,2025-01-28T19:07:46+02:00,ud18ddd05177641ab,ud18ddd05177641ab@users.invalid,GitHub,noreply@github.com,2,1,0,0,0,0,0,0,,,,,,0,1497,Merge pull request #1497 from panther-labs/develop,"Merge pull request #1497 from panther-labs/develop

Release v3.71.0"
panther-labs/panther-analysis,55b3502f4600d57fccc7f2f3d64b50016b93d3dc,2025-01,-2,pre,2025-01-28T20:37:51Z,2025-01-28T14:37:51-06:00,u845d1433999e3b2c,u845d1433999e3b2c@users.invalid,GitHub,noreply@github.com,1,0,12,1067,1,5,141,0,,,,,,0,1478,Stratus AWS EC2 Detections (#1478),Stratus AWS EC2 Detections (#1478)
panther-labs/panther-analysis,db177c9b8cd6db5c37ff2a86086bf869d446466e,2025-01,-2,pre,2025-01-28T21:01:06Z,2025-01-28T14:01:06-07:00,uf3d47fdb28dafe67,uf3d47fdb28dafe67@users.invalid,GitHub,noreply@github.com,1,0,2,6,6,1,5,5,,,,,,0,1480,S1 Threat Passthrough Tuning (#1480),"S1 Threat Passthrough Tuning (#1480)

Co-authored-by: u845d1433999e3b2c <u845d1433999e3b2c@users.invalid>"
panther-labs/panther-analysis,538432e63aaf825eb4797e88c3d9947c857569b6,2025-01,-2,pre,2025-01-30T17:31:41Z,2025-01-30T19:31:41+02:00,ud18ddd05177641ab,ud18ddd05177641ab@users.invalid,GitHub,noreply@github.com,1,0,5,10,8,0,0,0,,,,,,0,1499,Run lint and test in merge queue (#1499),"Run lint and test in merge queue (#1499)

Signed-off-by: dependabot[bot] <ufab77f7a199e1613@users.invalid>
Co-authored-by: uf3d47fdb28dafe67 <uf3d47fdb28dafe67@users.invalid>
Co-authored-by: dependabot[bot] <49699333+dependabot[bot]@users.noreply.github.com>
Co-authored-by: u845d1433999e3b2c <u845d1433999e3b2c@users.invalid>
Co-authored-by: ue64497c4f5cdffb3 <ue64497c4f5cdffb3@users.invalid>
Co-authored-by: u0a7e36e7e740ca50 <u0a7e36e7e740ca50@users.invalid>"
panther-labs/panther-analysis,2fdb6b6bdd054b8c9e8c586cfc3c4e6a8473c9a9,2025-01,-2,pre,2025-01-30T17:19:52Z,2025-01-30T19:19:52+02:00,ue64497c4f5cdffb3,ue64497c4f5cdffb3@users.invalid,GitHub,noreply@github.com,1,0,7,485,0,3,77,0,,,,,,0,1486,THREAT-425 Stratus AWS Lambda Detections (#1486),"THREAT-425 Stratus AWS Lambda Detections (#1486)

Co-authored-by: uf3d47fdb28dafe67 <uf3d47fdb28dafe67@users.invalid>"
panther-labs/panther-analysis,e56fc4ebef349d40d9da352b42f8cfa3bf0f568e,2025-01,-2,pre,2025-01-30T17:20:03Z,2025-01-30T19:20:03+02:00,ue64497c4f5cdffb3,ue64497c4f5cdffb3@users.invalid,GitHub,noreply@github.com,1,0,2,67,1,1,6,1,,,,,,0,1481,THREAT-423 Stratus AWS Snapshot Sharing Detections (#1481),"THREAT-423 Stratus AWS Snapshot Sharing Detections (#1481)

Co-authored-by: uf3d47fdb28dafe67 <uf3d47fdb28dafe67@users.invalid>
Co-authored-by: u353238d1cb8c4346 <u353238d1cb8c4346@users.invalid>"
panther-labs/panther-analysis,d15d84205f510a6efb91d234ba68d60f8378571a,2025-01,-2,pre,2025-01-31T15:29:42Z,2025-01-31T08:29:42-07:00,ud4d1ecd6d9b50636,ud4d1ecd6d9b50636@users.invalid,GitHub,noreply@github.com,1,0,4,418,0,1,373,0,,,,,,0,1472,Auto Generated Indexes v2 (#1472),"Auto Generated Indexes v2 (#1472)

Co-authored-by: uf3d47fdb28dafe67 <uf3d47fdb28dafe67@users.invalid>"
panther-labs/panther-analysis,a8cf17c26eaaeb96c99b7ef53cb9d3c824b469d9,2025-01,-2,pre,2025-01-31T15:31:50Z,2025-01-31T15:31:50Z,u510b1d3cd2e0b8c3,u510b1d3cd2e0b8c3@users.invalid,u510b1d3cd2e0b8c3,u510b1d3cd2e0b8c3@users.invalid,1,0,13,3446,695,0,0,0,,,,,,0,,Update indexes,Update indexes
panther-labs/panther-analysis,fc2a3afb6252f77a76a06864976e290b303617c5,2025-01,-2,pre,2025-01-31T15:31:14Z,2025-01-31T09:31:14-06:00,u845d1433999e3b2c,u845d1433999e3b2c@users.invalid,GitHub,noreply@github.com,1,0,12,525,0,5,74,0,,,,,,0,1485,Stratus AWS: Misc Detections (#1485),Stratus AWS: Misc Detections (#1485)
panther-labs/panther-analysis,4de22efec8f75b4ae249f9222ba4dea847d4fb6e,2025-01,-2,pre,2025-01-31T15:33:58Z,2025-01-31T15:33:58Z,u510b1d3cd2e0b8c3,u510b1d3cd2e0b8c3@users.invalid,u510b1d3cd2e0b8c3,u510b1d3cd2e0b8c3@users.invalid,1,0,3,19,1,0,0,0,,,,,,0,,Update indexes,Update indexes
panther-labs/panther-analysis,7f2a1bb0f68277c1949c0109f4b1e628763f6836,2025-01,-2,pre,2025-01-31T15:36:49Z,2025-01-31T17:36:49+02:00,ue64497c4f5cdffb3,ue64497c4f5cdffb3@users.invalid,GitHub,noreply@github.com,1,0,17,893,72,7,87,2,,,,,,0,1475,THREAT-424 Stratus AWS IAM Detections (#1475),"THREAT-424 Stratus AWS IAM Detections (#1475)

Co-authored-by: uf3d47fdb28dafe67 <uf3d47fdb28dafe67@users.invalid>"
panther-labs/panther-analysis,cf10669e0e020306a0531d7dde04319edc115ef8,2025-01,-2,pre,2025-01-31T15:39:04Z,2025-01-31T15:39:04Z,u510b1d3cd2e0b8c3,u510b1d3cd2e0b8c3@users.invalid,u510b1d3cd2e0b8c3,u510b1d3cd2e0b8c3@users.invalid,1,0,3,29,5,0,0,0,,,,,,0,,Update indexes,Update indexes
panther-labs/panther-analysis,ae21133c4e7edd0ba96aa4137d0153e95b4ea6e9,2025-01,-2,pre,2025-01-31T17:10:05Z,2025-01-31T11:10:05-06:00,u845d1433999e3b2c,u845d1433999e3b2c@users.invalid,GitHub,noreply@github.com,1,0,1,21,10,1,21,10,,,,,,0,1500,Update `lint-mitre` to Ignore Indexes (#1500),Update `lint-mitre` to Ignore Indexes (#1500)
panther-labs/panther-analysis,71d7eeb2e7c7ebe65e42e1907b86f09f4ccc5c6f,2025-01,-2,pre,2025-01-31T17:50:23Z,2025-01-31T10:50:23-07:00,uf3d47fdb28dafe67,uf3d47fdb28dafe67@users.invalid,GitHub,noreply@github.com,1,0,2,58,3,1,17,3,,,,,,0,1501,[Tuning] Public Lambda Policy Tuning (#1501),[Tuning] Public Lambda Policy Tuning (#1501)
panther-labs/panther-analysis,b0e978fbcbd12edd3be0707b2cf0675cd1da0689,2025-02,-1,pre,2025-02-03T16:04:07Z,2025-02-03T09:04:07-07:00,dependabot[bot],49699333+dependabot[bot]@users.noreply.github.com,GitHub,noreply@github.com,1,0,1,1,1,0,0,0,,,,,dependabot,0,1502,build(deps): bump actions/setup-python from 5.3.0 to 5.4.0 (#1502),"build(deps): bump actions/setup-python from 5.3.0 to 5.4.0 (#1502)

Signed-off-by: dependabot[bot] <ufab77f7a199e1613@users.invalid>
Co-authored-by: dependabot[bot] <49699333+dependabot[bot]@users.noreply.github.com>"
panther-labs/panther-analysis,06ddb0994ef7f0819b92ca07eedb7be2413067ef,2025-02,-1,pre,2025-02-03T16:05:52Z,2025-02-03T09:05:52-07:00,uf3d47fdb28dafe67,uf3d47fdb28dafe67@users.invalid,GitHub,noreply@github.com,1,0,2,6,6,1,4,5,,,,,,0,1498,[Tuning] EC2 Download Instance User Data (#1498),[Tuning] EC2 Download Instance User Data (#1498)
panther-labs/panther-analysis,de2301e503dde9ffed9c1712b6f01a7176fd1ebc,2025-02,-1,pre,2025-02-03T16:06:37Z,2025-02-03T09:06:37-07:00,uf3d47fdb28dafe67,uf3d47fdb28dafe67@users.invalid,GitHub,noreply@github.com,1,0,9,351,0,4,91,0,,,,,,0,1462,THREAT-419 - Stratus Secrets Manager Detections (#1462),"THREAT-419 - Stratus Secrets Manager Detections (#1462)

Co-authored-by: ub937d9d7d7448644 <ub937d9d7d7448644@users.invalid>
Co-authored-by: ud18ddd05177641ab <ud18ddd05177641ab@users.invalid>"
panther-labs/panther-analysis,0e399afeb2a6af33b0c716e83e337194fb1ed897,2025-02,-1,pre,2025-02-03T16:08:46Z,2025-02-03T16:08:46Z,u510b1d3cd2e0b8c3,u510b1d3cd2e0b8c3@users.invalid,u510b1d3cd2e0b8c3,u510b1d3cd2e0b8c3@users.invalid,1,0,3,17,1,0,0,0,,,,,,0,,Update indexes,Update indexes
panther-labs/panther-analysis,80857919b52d8ce0f841ccbb318c3503b90d0b9a,2025-02,-1,pre,2025-02-03T16:07:49Z,2025-02-03T11:07:49-05:00,u0a7e36e7e740ca50,u0a7e36e7e740ca50@users.invalid,GitHub,noreply@github.com,1,0,2,29,0,1,7,0,,,,,,0,1503,Fix GitHub.Repo.RulesetModified title and context (#1503),"Fix GitHub.Repo.RulesetModified title and context (#1503)

Co-authored-by: uf3d47fdb28dafe67 <uf3d47fdb28dafe67@users.invalid>"
panther-labs/panther-analysis,06014ca6893d7bed79cebabf7bb9dbec2f08e6e3,2025-02,-1,pre,2025-02-03T21:35:40Z,2025-02-03T13:35:40-08:00,ucf4f1beaf6ac86c1,ucf4f1beaf6ac86c1@users.invalid,GitHub,noreply@github.com,1,0,1,7,1,1,7,1,,,,,,0,1504,Crowdstrike.EppDetectionSummary: Added extra fields to alert context (#1504),Crowdstrike.EppDetectionSummary: Added extra fields to alert context (#1504)
panther-labs/panther-analysis,a658384c114eddddaa4af53e87927c40548a5722,2025-02,-1,pre,2025-02-04T16:04:01Z,2025-02-04T18:04:01+02:00,ue64497c4f5cdffb3,ue64497c4f5cdffb3@users.invalid,GitHub,noreply@github.com,1,0,2,57,49,0,0,0,,,,,,0,1505,Update pat to 0.56.0 version (#1505),Update pat to 0.56.0 version (#1505)
panther-labs/panther-analysis,66b844901a92c1f2963b02e11df377f3690d4db4,2025-02,-1,pre,2025-02-07T21:05:26Z,2025-02-07T14:05:26-07:00,dependabot[bot],49699333+dependabot[bot]@users.noreply.github.com,GitHub,noreply@github.com,1,0,1,1,1,0,0,0,,,,,dependabot,0,1507,build(deps): bump docker/setup-qemu-action from 3.3.0 to 3.4.0 (#1507),"build(deps): bump docker/setup-qemu-action from 3.3.0 to 3.4.0 (#1507)

Signed-off-by: dependabot[bot] <ufab77f7a199e1613@users.invalid>
Co-authored-by: dependabot[bot] <49699333+dependabot[bot]@users.noreply.github.com>"
panther-labs/panther-analysis,dfeaf8d59f49c862f2e9fa9f6f604aa0d77a6e32,2025-02,-1,pre,2025-02-07T21:05:51Z,2025-02-07T14:05:51-07:00,dependabot[bot],49699333+dependabot[bot]@users.noreply.github.com,GitHub,noreply@github.com,1,0,1,1,1,0,0,0,,,,,dependabot,0,1508,build(deps): bump docker/setup-buildx-action from 3.8.0 to 3.9.0 (#1508),"build(deps): bump docker/setup-buildx-action from 3.8.0 to 3.9.0 (#1508)

Signed-off-by: dependabot[bot] <ufab77f7a199e1613@users.invalid>
Co-authored-by: dependabot[bot] <49699333+dependabot[bot]@users.noreply.github.com>"
panther-labs/panther-analysis,4f2f48110456f150f30e738ed145d90179a1333a,2025-02,-1,pre,2025-02-10T15:11:20Z,2025-02-10T17:11:20+02:00,ue64497c4f5cdffb3,ue64497c4f5cdffb3@users.invalid,GitHub,noreply@github.com,1,0,2,136,147,0,0,0,,,,,,0,1510,ASK-1420 Remove pylint-print dependency (#1510),ASK-1420 Remove pylint-print dependency (#1510)
panther-labs/panther-analysis,079eeb7494f519d8647556bc2ff5d73b2326d680,2025-02,-1,pre,2025-02-10T17:14:39Z,2025-02-10T19:14:39+02:00,ue64497c4f5cdffb3,ue64497c4f5cdffb3@users.invalid,GitHub,noreply@github.com,1,0,2,33,2,1,9,1,,,,,,0,1509,ASK-1387 Tuning AWS.IAM.Role.GitHubActionsTrust policy to be more flexible (#1509),"ASK-1387 Tuning AWS.IAM.Role.GitHubActionsTrust policy to be more flexible (#1509)

Co-authored-by: uf3d47fdb28dafe67 <uf3d47fdb28dafe67@users.invalid>"
panther-labs/panther-analysis,12385e2de4cf7e7b7d5fd97ca9298bf7a6501bba,2025-02,-1,pre,2025-02-10T17:37:00Z,2025-02-10T10:37:00-07:00,uf3d47fdb28dafe67,uf3d47fdb28dafe67@users.invalid,GitHub,noreply@github.com,1,0,2,8,6,0,0,0,,,,,,0,1511,[Tuning] VPC Healthy Log Status (#1511),[Tuning] VPC Healthy Log Status (#1511)
panther-labs/panther-analysis,9ab3af1dba5f98be1dcebe2f08604d3f6a6a9de8,2025-02,-1,pre,2025-02-10T17:39:10Z,2025-02-10T17:39:10Z,u510b1d3cd2e0b8c3,u510b1d3cd2e0b8c3@users.invalid,u510b1d3cd2e0b8c3,u510b1d3cd2e0b8c3@users.invalid,1,0,3,4,4,0,0,0,,,,,,0,,Update indexes,Update indexes
panther-labs/panther-analysis,0385b5f02545bb5ddddf4c060e9fc6c047db4292,2025-02,-1,pre,2025-02-10T17:46:58Z,2025-02-10T10:46:58-07:00,uf3d47fdb28dafe67,uf3d47fdb28dafe67@users.invalid,GitHub,noreply@github.com,1,0,2,62,2,1,18,2,,,,,,0,1512,[Tuning] EC2 Download Instance User Data (#1512),"[Tuning] EC2 Download Instance User Data (#1512)

Co-authored-by: u845d1433999e3b2c <u845d1433999e3b2c@users.invalid>"
panther-labs/panther-analysis,dfa949c591e57d145e7da847cb59509929ee089f,2025-02,-1,pre,2025-02-10T17:47:27Z,2025-02-10T10:47:27-07:00,uf3d47fdb28dafe67,uf3d47fdb28dafe67@users.invalid,GitHub,noreply@github.com,1,0,4,151,1,1,26,0,,,,,,0,1506,Wiz Issue Followed by SSH (#1506),Wiz Issue Followed by SSH (#1506)
panther-labs/panther-analysis,f7b0d2717b3680056e273059e37f271f6d3191f8,2025-02,-1,pre,2025-02-10T17:49:26Z,2025-02-10T17:49:26Z,u510b1d3cd2e0b8c3,u510b1d3cd2e0b8c3@users.invalid,u510b1d3cd2e0b8c3,u510b1d3cd2e0b8c3@users.invalid,1,0,3,7,1,0,0,0,,,,,,0,,Update indexes,Update indexes
panther-labs/panther-analysis,e4062e4d81fce0d3eb84f5592ef945ee20867a34,2025-02,-1,pre,2025-02-10T20:40:28Z,2025-02-10T15:40:28-05:00,u526d6528d35e87cc,u526d6528d35e87cc@users.invalid,GitHub,noreply@github.com,1,0,11,1301,1,5,183,0,,,,,,0,1463,Adding Azure EntraID rules (#1463),"Adding Azure EntraID rules (#1463)

Co-authored-by: uf3d47fdb28dafe67 <uf3d47fdb28dafe67@users.invalid>
Co-authored-by: u845d1433999e3b2c <u845d1433999e3b2c@users.invalid>
Co-authored-by: u353238d1cb8c4346 <u353238d1cb8c4346@users.invalid>"
panther-labs/panther-analysis,727644d3c9f9723dd29dfa20de5bbdaf5cd83611,2025-02,-1,pre,2025-02-10T20:42:39Z,2025-02-10T20:42:39Z,u510b1d3cd2e0b8c3,u510b1d3cd2e0b8c3@users.invalid,u510b1d3cd2e0b8c3,u510b1d3cd2e0b8c3@users.invalid,1,0,2,9,1,0,0,0,,,,,,0,,Update indexes,Update indexes
panther-labs/panther-analysis,a149385b1c05af8b4909532499ba0d7fba377dd1,2025-02,-1,pre,2025-02-11T15:39:29Z,2025-02-11T09:39:29-06:00,u845d1433999e3b2c,u845d1433999e3b2c@users.invalid,GitHub,noreply@github.com,1,0,1,6,0,1,6,0,,,,,,0,1513,stop deduping info-level alerts (#1513),stop deduping info-level alerts (#1513)
panther-labs/panther-analysis,8f7c9ba9ab8314fea1d8e28ee5c1e546271a5f5a,2025-02,-1,pre,2025-02-11T15:47:42Z,2025-02-11T15:47:42Z,dependabot[bot],49699333+dependabot[bot]@users.noreply.github.com,GitHub,noreply@github.com,1,0,1,1,1,0,0,0,,,,,dependabot,0,1514,build(deps): bump aws-actions/configure-aws-credentials from 4.0.3 to 4.1.0 (#1514),"build(deps): bump aws-actions/configure-aws-credentials from 4.0.3 to 4.1.0 (#1514)

Signed-off-by: dependabot[bot] <ufab77f7a199e1613@users.invalid>
Co-authored-by: dependabot[bot] <49699333+dependabot[bot]@users.noreply.github.com>
Co-authored-by: uf3d47fdb28dafe67 <uf3d47fdb28dafe67@users.invalid>"
panther-labs/panther-analysis,af113a13c7a3fd05dbb1a28ce01a4691cf5a0c36,2025-02,-1,pre,2025-02-11T15:49:53Z,2025-02-11T15:49:53Z,u510b1d3cd2e0b8c3,u510b1d3cd2e0b8c3@users.invalid,u510b1d3cd2e0b8c3,u510b1d3cd2e0b8c3@users.invalid,1,0,3,62,62,0,0,0,,,,,,0,,Update indexes,Update indexes
panther-labs/panther-analysis,962f23180418daf5ec2ba96a259d4c802f4ae132,2025-02,-1,pre,2025-02-11T15:48:15Z,2025-02-11T17:48:15+02:00,u51860a6ff652d911,u51860a6ff652d911@users.invalid,GitHub,noreply@github.com,1,0,1,1,1,0,0,0,,,,,,0,1516,Update aws_console_login_without_saml.yml (#1516),"Update aws_console_login_without_saml.yml (#1516)

Co-authored-by: uf3d47fdb28dafe67 <uf3d47fdb28dafe67@users.invalid>"
panther-labs/panther-analysis,7e8015fb16c981d847b64ca022028aedcfb715c3,2025-02,-1,pre,2025-02-11T15:52:08Z,2025-02-11T15:52:08Z,u510b1d3cd2e0b8c3,u510b1d3cd2e0b8c3@users.invalid,u510b1d3cd2e0b8c3,u510b1d3cd2e0b8c3@users.invalid,1,0,3,62,62,0,0,0,,,,,,0,,Update indexes,Update indexes
panther-labs/panther-analysis,77a93b8e0fee0c66b3637fbd76c721349b1ecd43,2025-02,-1,pre,2025-02-11T09:07:34-07:00,2025-02-11T09:07:34-07:00,uf3d47fdb28dafe67,uf3d47fdb28dafe67@users.invalid,GitHub,noreply@github.com,2,1,0,0,0,0,0,0,,,,,,0,,Merge branch 'main' into develop,Merge branch 'main' into develop
panther-labs/panther-analysis,e12ec96e20989cc6781f15456ee6ce2c6a0a7094,2025-02,-1,pre,2025-02-11T09:12:21-07:00,2025-02-11T09:12:21-07:00,uf3d47fdb28dafe67,uf3d47fdb28dafe67@users.invalid,GitHub,noreply@github.com,2,1,0,0,0,0,0,0,,,,,,0,1517,Merge pull request #1517 from panther-labs/develop,"Merge pull request #1517 from panther-labs/develop

Prepare for v3.72.0"
panther-labs/panther-analysis,216bab3414508751cf132c4f8d006783398f8c30,2025-02,-1,pre,2025-02-11T11:33:44-08:00,2025-02-11T11:33:44-08:00,ub921ccbf14807764,ub921ccbf14807764@users.invalid,ub921ccbf14807764,ub921ccbf14807764@users.invalid,1,0,2,3,3,0,0,0,,,,,,0,,chore: uplift 3.11.11,chore: uplift 3.11.11
panther-labs/panther-analysis,e124e12928bd336f26114e8ce3b59c976a1d95f0,2025-02,-1,pre,2025-02-12T16:43:04Z,2025-02-12T09:43:04-07:00,ud4d1ecd6d9b50636,ud4d1ecd6d9b50636@users.invalid,GitHub,noreply@github.com,1,0,1,6,5,1,6,5,,,,,,0,1520,fix: Index stability for scheduled rules vs. scheduled queries (#1520),fix: Index stability for scheduled rules vs. scheduled queries (#1520)
panther-labs/panther-analysis,60e574466761d36823108bca3f4daab343fb69a1,2025-02,-1,pre,2025-02-12T16:45:20Z,2025-02-12T16:45:20Z,u510b1d3cd2e0b8c3,u510b1d3cd2e0b8c3@users.invalid,u510b1d3cd2e0b8c3,u510b1d3cd2e0b8c3@users.invalid,1,0,4,40,40,0,0,0,,,,,,0,,Update indexes,Update indexes
panther-labs/panther-analysis,980b44f5103f6418bacc2f7edc0e9aac2268ee8f,2025-02,-1,pre,2025-02-13T11:31:08Z,2025-02-13T13:31:08+02:00,ue64497c4f5cdffb3,ue64497c4f5cdffb3@users.invalid,GitHub,noreply@github.com,1,0,2,12,6,0,0,0,,,,,,0,1518,Sign generated indexes (#1518),"Sign generated indexes (#1518)

Co-authored-by: u35eb8f5de613b253 <u35eb8f5de613b253@users.invalid>
Co-authored-by: u510b1d3cd2e0b8c3 <u510b1d3cd2e0b8c3@users.invalid>"
panther-labs/panther-analysis,5ef0a4558ddbc873fed128ef74d1a63d9d28dc56,2025-02,-1,pre,2025-02-13T16:03:18Z,2025-02-13T09:03:18-07:00,uf3d47fdb28dafe67,uf3d47fdb28dafe67@users.invalid,GitHub,noreply@github.com,1,0,1,3,0,0,0,0,,,,,,0,1522,Tuning runbook for EC2 Download User Data (#1522),Tuning runbook for EC2 Download User Data (#1522)
panther-labs/panther-analysis,3e5dbe37a1eab73653c990ac494f25444999d4b5,2025-02,-1,pre,2025-02-14T19:46:04Z,2025-02-14T12:46:04-07:00,uf3d47fdb28dafe67,uf3d47fdb28dafe67@users.invalid,GitHub,noreply@github.com,1,0,2,4,294,0,0,0,,,,,,0,1521,Update TrailDiscover LUT to load from S3 (#1521),Update TrailDiscover LUT to load from S3 (#1521)
panther-labs/panther-analysis,f4ac7e2f3cf3c3d19bdcec1f25bbe2417dd1c711,2025-02,-1,pre,2025-02-18T17:13:21Z,2025-02-18T19:13:21+02:00,ud18ddd05177641ab,ud18ddd05177641ab@users.invalid,GitHub,noreply@github.com,1,0,3,3,11,0,0,0,,,,,,0,1523,Remove Dependabot config (#1523),"Remove Dependabot config (#1523)

Co-authored-by: uf3d47fdb28dafe67 <uf3d47fdb28dafe67@users.invalid>
Co-authored-by: ub921ccbf14807764 <ub921ccbf14807764@users.invalid>"
panther-labs/panther-analysis,9fc88502efd131e5fe8a98c8c210c58a7d14dfa8,2025-02,-1,pre,2025-02-18T17:14:47Z,2025-02-18T10:14:47-07:00,uf3d47fdb28dafe67,uf3d47fdb28dafe67@users.invalid,GitHub,noreply@github.com,1,0,20,18,148,2,6,4,,,,,,0,1519,Remove references to p_udm (#1519),"Remove references to p_udm (#1519)

Co-authored-by: u510b1d3cd2e0b8c3 <u510b1d3cd2e0b8c3@users.invalid>"
panther-labs/panther-analysis,642d24848e2157a207f954ba1cc01409ece6fba5,2025-02,-1,pre,2025-02-19T15:43:45Z,2025-02-19T08:43:45-07:00,uf3d47fdb28dafe67,uf3d47fdb28dafe67@users.invalid,GitHub,noreply@github.com,1,0,2,10,1,1,4,0,,,,,,0,1524,Fix Unit Tests for Secrets Manager Multi-Region (#1524),Fix Unit Tests for Secrets Manager Multi-Region (#1524)
panther-labs/panther-analysis,be4a294e661c51da8b571b373303bb70dfef9815,2025-03,0,m0,2025-03-04T16:47:54Z,2025-03-04T10:47:54-06:00,u32ec983e9d23e206,u32ec983e9d23e206@users.invalid,GitHub,noreply@github.com,1,0,3,109,0,1,17,0,,,,,,0,1526,Add guardduty critical (#1526),"Add guardduty critical (#1526)

Co-authored-by: u353238d1cb8c4346 <u353238d1cb8c4346@users.invalid>"
panther-labs/panther-analysis,17515a1c32d44d095d75d5893a4d105f80473209,2025-03,0,m0,2025-03-04T17:04:33Z,2025-03-04T10:04:33-07:00,uf3d47fdb28dafe67,uf3d47fdb28dafe67@users.invalid,GitHub,noreply@github.com,1,0,6,277,105,2,107,21,,,,,,0,1529,Enhanced Microsoft Exchange External Forwarding Detection (#1529),"Enhanced Microsoft Exchange External Forwarding Detection (#1529)

Co-authored-by: u510b1d3cd2e0b8c3 <u510b1d3cd2e0b8c3@users.invalid>"
panther-labs/panther-analysis,e0befa1d2087ec7090f0bb5c36fe7474686a5910,2025-03,0,m0,2025-03-11T17:37:02+02:00,2025-03-11T17:37:02+02:00,ud18ddd05177641ab,ud18ddd05177641ab@users.invalid,GitHub,noreply@github.com,2,1,0,0,0,0,0,0,,,,,,0,,Merge branch 'main' into develop,Merge branch 'main' into develop
panther-labs/panther-analysis,89116814eda674eff07a629e4927b417456e9503,2025-03,0,m0,2025-03-11T17:48:36+02:00,2025-03-11T17:48:36+02:00,ue64497c4f5cdffb3,ue64497c4f5cdffb3@users.invalid,GitHub,noreply@github.com,2,1,0,0,0,0,0,0,,,,,,0,1537,Prepare for 3.73.0 (#1537),Prepare for 3.73.0 (#1537)
panther-labs/panther-analysis,ac7c5851ed2ad7ed3040dc1b5ba0c47b033408e2,2025-03,0,m0,2025-03-11T19:57:11Z,2025-03-11T13:57:11-06:00,uf3d47fdb28dafe67,uf3d47fdb28dafe67@users.invalid,GitHub,noreply@github.com,1,0,1,3,4,0,0,0,,,,,,1,1534,"Revert ""Validate on PR merge"" (#1534)","Revert ""Validate on PR merge"" (#1534)"
panther-labs/panther-analysis,113c885057a0d686647df700f7d77208b5742722,2025-03,0,m0,2025-03-11T20:04:43Z,2025-03-11T14:04:43-06:00,uf3d47fdb28dafe67,uf3d47fdb28dafe67@users.invalid,GitHub,noreply@github.com,1,0,2,6,6,0,0,0,,,,,,0,1531,Fix Logic for Snowflake Configuration Drift Query (#1531),Fix Logic for Snowflake Configuration Drift Query (#1531)
panther-labs/panther-analysis,f61435db4bbdf2622b09dac84ffccb4af0271610,2025-03,0,m0,2025-03-11T20:17:32Z,2025-03-11T14:17:32-06:00,uf3d47fdb28dafe67,uf3d47fdb28dafe67@users.invalid,GitHub,noreply@github.com,1,0,2,383,45,1,84,45,,,,,,0,1533,Check for org ID restrictions in policies (#1533),Check for org ID restrictions in policies (#1533)
panther-labs/panther-analysis,23081d5c63a74701b2ccdea79f47843c0bfb83c8,2025-03,0,m0,2025-03-11T21:04:17Z,2025-03-11T14:04:17-07:00,ub937d9d7d7448644,ub937d9d7d7448644@users.invalid,GitHub,noreply@github.com,1,0,1,74,0,0,0,0,.cursor/rules/panther-rules.mdc,,,,,0,1538,cursor panthergen rule (#1538),cursor panthergen rule (#1538)
panther-labs/panther-analysis,524017a43bfe73930c0d1fb5b9d294a07882c8e8,2025-03,0,m0,2025-03-14T17:56:49Z,2025-03-14T12:56:49-05:00,u845d1433999e3b2c,u845d1433999e3b2c@users.invalid,GitHub,noreply@github.com,1,0,33,0,735,5,0,673,,,,,,1,1536,Revert Helper Backports (#1536),"Revert Helper Backports (#1536)

Co-authored-by: uf3d47fdb28dafe67 <uf3d47fdb28dafe67@users.invalid>"
panther-labs/panther-analysis,a5482cef4e471f6a7427d340f0417be7614113f5,2025-03,0,m0,2025-03-14T18:49:09Z,2025-03-14T20:49:09+02:00,ue64497c4f5cdffb3,ue64497c4f5cdffb3@users.invalid,GitHub,noreply@github.com,1,0,12,496,10,4,112,5,,,,,,0,1527,THREAT-445 Stratus-GCP-Exfiltration (#1527),"THREAT-445 Stratus-GCP-Exfiltration (#1527)

Co-authored-by: u510b1d3cd2e0b8c3 <u510b1d3cd2e0b8c3@users.invalid>
Co-authored-by: uf3d47fdb28dafe67 <uf3d47fdb28dafe67@users.invalid>"
panther-labs/panther-analysis,7e4f8bb9eb69a0ad4ad96bfbbdb93e0596fbf4c5,2025-03,0,m0,2025-03-14T19:31:11Z,2025-03-14T13:31:11-06:00,uf3d47fdb28dafe67,uf3d47fdb28dafe67@users.invalid,GitHub,noreply@github.com,1,0,5,75,4,0,0,0,,,,,,0,1541,Snowflake Data Exfil CR streaming (#1541),"Snowflake Data Exfil CR streaming (#1541)

Co-authored-by: u510b1d3cd2e0b8c3 <u510b1d3cd2e0b8c3@users.invalid>"
panther-labs/panther-analysis,1b49358cf17e8a57b8be68db93229713fcd1da1c,2025-03,0,m0,2025-03-17T18:05:59Z,2025-03-17T12:05:59-06:00,uf3d47fdb28dafe67,uf3d47fdb28dafe67@users.invalid,GitHub,noreply@github.com,1,0,6,29,12,3,8,8,,,,,,0,1544,Fix Snowflake data exfiltration signals (#1544),Fix Snowflake data exfiltration signals (#1544)
panther-labs/panther-analysis,61cf31fb7f9dcbafe77870d7d5c0ba9bf762fc2e,2025-03,0,m0,2025-03-18T09:01:49-06:00,2025-03-18T09:01:49-06:00,uf3d47fdb28dafe67,uf3d47fdb28dafe67@users.invalid,GitHub,noreply@github.com,2,1,0,0,0,0,0,0,,,,,,0,,Merge branch 'main' into develop,Merge branch 'main' into develop
panther-labs/panther-analysis,53e34377ec87e2ea21cc9d98a5fc5bb4ad048a49,2025-03,0,m0,2025-03-18T10:07:09-05:00,2025-03-18T10:07:09-05:00,u845d1433999e3b2c,u845d1433999e3b2c@users.invalid,GitHub,noreply@github.com,2,1,0,0,0,0,0,0,,,,,,0,1545,v3.74.0 Release (#1545),v3.74.0 Release (#1545)
panther-labs/panther-analysis,864f33e08c698b18fd91755234665c9b0155545f,2025-03,0,m0,2025-03-18T16:00:11Z,2025-03-18T10:00:11-06:00,uf3d47fdb28dafe67,uf3d47fdb28dafe67@users.invalid,GitHub,noreply@github.com,1,0,1,1,0,1,1,0,,,,,,0,1543,OnePassword.Unusual.Client Tuning (#1543),OnePassword.Unusual.Client Tuning (#1543)
panther-labs/panther-analysis,9cb479f2e76221d1fb077e488d9eff03646ab4e9,2025-03,0,m0,2025-03-18T16:00:22Z,2025-03-18T10:00:22-06:00,uf3d47fdb28dafe67,uf3d47fdb28dafe67@users.invalid,GitHub,noreply@github.com,1,0,1,2,1,1,2,1,,,,,,0,1542,Removed unknown login type from approved list (#1542),Removed unknown login type from approved list (#1542)
panther-labs/panther-analysis,10b4b0173adf8da29794b6c6f7ec5107869301e4,2025-03,0,m0,2025-03-18T19:12:20Z,2025-03-18T14:12:20-05:00,u845d1433999e3b2c,u845d1433999e3b2c@users.invalid,GitHub,noreply@github.com,1,0,1,0,8,1,0,8,,,,,,0,1539,Azure.Audit.RiskLevelPassthrough: dedup on just actor and not source IP (#1539),"Azure.Audit.RiskLevelPassthrough: dedup on just actor and not source IP (#1539)

Co-authored-by: uf3d47fdb28dafe67 <uf3d47fdb28dafe67@users.invalid>"
panther-labs/panther-analysis,8b5f36f21e13119e9202b535269ca35260b7b314,2025-03,0,m0,2025-03-18T19:13:27Z,2025-03-18T14:13:27-05:00,u845d1433999e3b2c,u845d1433999e3b2c@users.invalid,GitHub,noreply@github.com,1,0,13,1190,37,5,212,36,,,,,,0,1525,THREAT-421: Stratus AWS SSM Detections (#1525),"THREAT-421: Stratus AWS SSM Detections (#1525)

Co-authored-by: uf3d47fdb28dafe67 <uf3d47fdb28dafe67@users.invalid>
Co-authored-by: u510b1d3cd2e0b8c3 <u510b1d3cd2e0b8c3@users.invalid>"
panther-labs/panther-analysis,d94aa38eef045a6968e6d87dfc7e370c8418a1d5,2025-03,0,m0,2025-03-18T20:01:10Z,2025-03-18T22:01:10+02:00,ue64497c4f5cdffb3,ue64497c4f5cdffb3@users.invalid,GitHub,noreply@github.com,1,0,10,431,1,3,65,0,,,,,,0,1528,THREAT-422 Stratus AWS S3 Detections (#1528),"THREAT-422 Stratus AWS S3 Detections (#1528)

Co-authored-by: u510b1d3cd2e0b8c3 <u510b1d3cd2e0b8c3@users.invalid>
Co-authored-by: uf3d47fdb28dafe67 <uf3d47fdb28dafe67@users.invalid>"
panther-labs/panther-analysis,0bd828d4942877ae152a8bea25fda85d2171cae0,2025-03,0,m0,2025-03-19T16:45:31Z,2025-03-19T10:45:31-06:00,uf3d47fdb28dafe67,uf3d47fdb28dafe67@users.invalid,GitHub,noreply@github.com,1,0,12,2775,315,0,0,0,,,,,,0,1547,Better VScode schemas (#1547),Better VScode schemas (#1547)
panther-labs/panther-analysis,98d978c23bdf58ad8aa8b7b8bbd5f5c611955df2,2025-03,0,m0,2025-03-21T16:52:31Z,2025-03-21T10:52:31-06:00,uf3d47fdb28dafe67,uf3d47fdb28dafe67@users.invalid,GitHub,noreply@github.com,1,0,2,6,2,0,0,0,,,,,,0,1551,Validate dedup (#1551),Validate dedup (#1551)
panther-labs/panther-analysis,b99b39f1bee1bf5d9ac9638e1bc8847feae424c4,2025-03,0,m0,2025-03-21T18:19:02Z,2025-03-21T13:19:02-05:00,u845d1433999e3b2c,u845d1433999e3b2c@users.invalid,GitHub,noreply@github.com,1,0,2,7,1,1,5,0,,,,,,0,1555,Azure.Audit.RoleChangedPIM: Ensure Every Event is a Separate Alert (#1555),Azure.Audit.RoleChangedPIM: Ensure Every Event is a Separate Alert (#1555)
panther-labs/panther-analysis,7f0457ac0d3643849ab2e4331cf988c3113b38dd,2025-03,0,m0,2025-03-21T18:19:29Z,2025-03-21T13:19:29-05:00,u845d1433999e3b2c,u845d1433999e3b2c@users.invalid,GitHub,noreply@github.com,1,0,2,505,481,0,0,0,,,,,,0,1554,Update PAT to v0.57.0 (#1554),Update PAT to v0.57.0 (#1554)
panther-labs/panther-analysis,e9c1fe2964ecac489b618ed4750e69b08f4bf700,2025-03,0,m0,2025-03-21T18:22:37Z,2025-03-21T20:22:37+02:00,ud18ddd05177641ab,ud18ddd05177641ab@users.invalid,GitHub,noreply@github.com,1,0,1,19,4,0,0,0,,,,,,0,1548,Enable sync to upstream Github action can change Github actions (#1548),"Enable sync to upstream Github action can change Github actions (#1548)

Co-authored-by: uf3d47fdb28dafe67 <uf3d47fdb28dafe67@users.invalid>"
panther-labs/panther-analysis,7bdcb70867f5cada183713f61d14131005afa650,2025-03,0,m0,2025-03-24T16:05:41Z,2025-03-24T11:05:41-05:00,u845d1433999e3b2c,u845d1433999e3b2c@users.invalid,GitHub,noreply@github.com,1,0,6,257,1,0,0,0,,,,,,0,1549,THREAT 444: Add Anomaly Detection Queries (#1549),"THREAT 444: Add Anomaly Detection Queries (#1549)

Co-authored-by: u510b1d3cd2e0b8c3 <u510b1d3cd2e0b8c3@users.invalid>"
panther-labs/panther-analysis,d8ca007738e29219ed7f5f7ab1a76081d0af4be1,2025-03,0,m0,2025-03-26T09:50:59-06:00,2025-03-26T09:50:59-06:00,uf3d47fdb28dafe67,uf3d47fdb28dafe67@users.invalid,GitHub,noreply@github.com,2,1,0,0,0,0,0,0,,,,,,0,,Merge branch 'main' into develop,Merge branch 'main' into develop
panther-labs/panther-analysis,dbc0280a9540cc4c0f34d531b3369c959aa90d03,2025-03,0,m0,2025-03-26T10:52:23-05:00,2025-03-26T10:52:23-05:00,u845d1433999e3b2c,u845d1433999e3b2c@users.invalid,GitHub,noreply@github.com,2,1,0,0,0,0,0,0,,,,,,0,1560,v3.75.0 Release (#1560),v3.75.0 Release (#1560)
panther-labs/panther-analysis,968955b79919aa44272ca6ae3af8110f7bb7909f,2025-03,0,m0,2025-03-26T21:35:29Z,2025-03-26T23:35:29+02:00,ue64497c4f5cdffb3,ue64497c4f5cdffb3@users.invalid,GitHub,noreply@github.com,1,0,1,2,1,1,2,1,,,,,,0,1557,THREAT-478 Fix standard admin created for github (#1557),THREAT-478 Fix standard admin created for github (#1557)
panther-labs/panther-analysis,53684ae3e82bea437d829c0d4625bce6fb9907e6,2025-03,0,m0,2025-03-26T21:38:59Z,2025-03-26T23:38:59+02:00,ue64497c4f5cdffb3,ue64497c4f5cdffb3@users.invalid,GitHub,noreply@github.com,1,0,6,134,1,1,16,0,,,,,,0,1558,THREAT-467 AWS Region Enabled - rule (#1558),"THREAT-467 AWS Region Enabled - rule (#1558)

Co-authored-by: u510b1d3cd2e0b8c3 <u510b1d3cd2e0b8c3@users.invalid>"
panther-labs/panther-analysis,b47e45aba2ed6f29388d38e688abc8c545504d7c,2025-03,0,m0,2025-03-26T21:39:30Z,2025-03-26T16:39:30-05:00,u845d1433999e3b2c,u845d1433999e3b2c@users.invalid,GitHub,noreply@github.com,1,0,2,271,4,1,17,4,,,,,,0,1561,AWS.EC2.LaunchUnusualEC2Instances: Add support for dictionary 'instanceType' values (#1561),AWS.EC2.LaunchUnusualEC2Instances: Add support for dictionary 'instanceType' values (#1561)
panther-labs/panther-analysis,c33e0355d4ca446b0297e6599eb85cf8f9a45e29,2025-03,0,m0,2025-03-27T14:30:55Z,2025-03-27T08:30:55-06:00,uf3d47fdb28dafe67,uf3d47fdb28dafe67@users.invalid,GitHub,noreply@github.com,1,0,12,733,1,4,259,0,,,,,,0,1553,AWS VPC Endpoint Rules (#1553),"AWS VPC Endpoint Rules (#1553)

Co-authored-by: u510b1d3cd2e0b8c3 <u510b1d3cd2e0b8c3@users.invalid>
Co-authored-by: u845d1433999e3b2c <u845d1433999e3b2c@users.invalid>"
panther-labs/panther-analysis,21fa99a7e06b0c14b768b3fb2a9d000373697a0f,2025-03,0,m0,2025-03-27T15:28:54Z,2025-03-27T09:28:54-06:00,uf3d47fdb28dafe67,uf3d47fdb28dafe67@users.invalid,GitHub,noreply@github.com,1,0,9,347,76,2,119,30,,,,,,0,1546,Confused Deputy Protection for Resource Policies (#1546),"Confused Deputy Protection for Resource Policies (#1546)

Co-authored-by: u510b1d3cd2e0b8c3 <u510b1d3cd2e0b8c3@users.invalid>
Co-authored-by: u845d1433999e3b2c <u845d1433999e3b2c@users.invalid>"
panther-labs/panther-analysis,ce595425d42ebe48a589e34c521fa2d836829eb6,2025-03,0,m0,2025-03-27T16:30:24Z,2025-03-27T11:30:24-05:00,u845d1433999e3b2c,u845d1433999e3b2c@users.invalid,GitHub,noreply@github.com,1,0,1,9,2,1,9,2,,,,,,0,1564,Make detection-coverage.json multi-line (#1564),Make detection-coverage.json multi-line (#1564)
panther-labs/panther-analysis,9684be73b9b6ff6bafa480fef4846d126526802b,2025-03,0,m0,2025-03-28T14:32:49Z,2025-03-28T08:32:49-06:00,uf3d47fdb28dafe67,uf3d47fdb28dafe67@users.invalid,GitHub,noreply@github.com,1,0,9,7018,347,2,30,119,,,,,,1,1565,"Revert ""Confused Deputy Protection for Resource Policies"" (#1565)","Revert ""Confused Deputy Protection for Resource Policies"" (#1565)

Co-authored-by: u510b1d3cd2e0b8c3 <u510b1d3cd2e0b8c3@users.invalid>"
panther-labs/panther-analysis,a2abdcf4369e99c412d78aefd6e0304a6dbc09a8,2025-03,0,m0,2025-03-31T19:35:33Z,2025-03-31T14:35:33-05:00,u845d1433999e3b2c,u845d1433999e3b2c@users.invalid,GitHub,noreply@github.com,1,0,1,0,9,0,0,0,,,,,,0,1569,Github.Repo.VulnerabilityDismissed: Remove duplicate unit test (#1569),Github.Repo.VulnerabilityDismissed: Remove duplicate unit test (#1569)
panther-labs/panther-analysis,30f042daa7916527f3268b9f91912933b07ac7ad,2025-04,1,post,2025-04-01T15:11:27Z,2025-04-01T18:11:27+03:00,u6747da448e4bec7f,u6747da448e4bec7f@users.invalid,GitHub,noreply@github.com,1,0,2,89,5,1,22,5,,,,,,0,1550,Fixing Slack permission expanded problem (#1550),"Fixing Slack permission expanded problem (#1550)

Co-authored-by: ud5ae2d2cf4c6a259 <ud5ae2d2cf4c6a259@users.invalid>
Co-authored-by: uf3d47fdb28dafe67 <uf3d47fdb28dafe67@users.invalid>"
panther-labs/panther-analysis,03aa1561240640e5b640d556a00f77d20b7ed330,2025-04,1,post,2025-04-01T15:15:14Z,2025-04-01T18:15:14+03:00,ue64497c4f5cdffb3,ue64497c4f5cdffb3@users.invalid,GitHub,noreply@github.com,1,0,2,98,3,1,29,1,,,,,,0,1562,THREAT-477 [Tuning] aws_ec2_multi_instance_connect.py (#1562),THREAT-477 [Tuning] aws_ec2_multi_instance_connect.py (#1562)
panther-labs/panther-analysis,b9718d2c3c0745e6af864cdffb74ac233b491bc1,2025-04,1,post,2025-04-01T15:16:34Z,2025-04-01T18:16:34+03:00,ue64497c4f5cdffb3,ue64497c4f5cdffb3@users.invalid,GitHub,noreply@github.com,1,0,8,54,22,4,50,15,,,,,,0,1566,THREAT-480 GCP rules tuning (#1566),THREAT-480 GCP rules tuning (#1566)
panther-labs/panther-analysis,c65845578ddd8d2a6e056d78270467c051bb57c9,2025-04,1,post,2025-04-01T15:22:57Z,2025-04-01T18:22:57+03:00,ue64497c4f5cdffb3,ue64497c4f5cdffb3@users.invalid,GitHub,noreply@github.com,1,0,2,180,168,1,12,0,,,,,,0,1567,THREAT-479 AWS.Modify.Cloud.Compute.Infrastructure tuning (#1567),THREAT-479 AWS.Modify.Cloud.Compute.Infrastructure tuning (#1567)
panther-labs/panther-analysis,c3ea3969f286b2a35021a6aa901dd0f20af91759,2025-04,1,post,2025-04-04T14:19:32Z,2025-04-04T09:19:32-05:00,u845d1433999e3b2c,u845d1433999e3b2c@users.invalid,GitHub,noreply@github.com,1,0,6,91,12,2,30,4,,,,,,0,1559,ASK 1969 - Tuning Snowflake.BruteForceBy* Rules (#1559),ASK 1969 - Tuning Snowflake.BruteForceBy* Rules (#1559)
panther-labs/panther-analysis,20ff37fdbf622dbdec60a690466a8626a6c109f6,2025-04,1,post,2025-04-04T14:19:53Z,2025-04-04T17:19:53+03:00,ud18ddd05177641ab,ud18ddd05177641ab@users.invalid,GitHub,noreply@github.com,1,0,2,2,0,0,0,0,,,,,,0,1575,fix: turn Lambda Update alerts into signals (#1575),fix: turn Lambda Update alerts into signals (#1575)
panther-labs/panther-analysis,d26a2d0331cf2fd92d27bca216422f7053e0eef4,2025-04,1,post,2025-04-04T14:20:49Z,2025-04-04T09:20:49-05:00,u845d1433999e3b2c,u845d1433999e3b2c@users.invalid,GitHub,noreply@github.com,1,0,9,126,2,1,17,0,,,,,,0,1556,ASK 1695 - GSuite Docs Download Row Too Long (#1556),"ASK 1695 - GSuite Docs Download Row Too Long (#1556)

Co-authored-by: u510b1d3cd2e0b8c3 <u510b1d3cd2e0b8c3@users.invalid>"
panther-labs/panther-analysis,1264231c28019032639cdbde8a50ae4f87b9360e,2025-04,1,post,2025-04-04T16:53:25Z,2025-04-04T19:53:25+03:00,ud18ddd05177641ab,ud18ddd05177641ab@users.invalid,GitHub,noreply@github.com,1,0,1,23,0,0,0,0,,,,,,0,1572,Introduce SECURITY.md (#1572),Introduce SECURITY.md (#1572)
panther-labs/panther-analysis,bd43a13ee46cb5985b98f2c78949ee7f4a2b272b,2025-04,1,post,2025-04-04T16:55:36Z,2025-04-04T19:55:36+03:00,ue64497c4f5cdffb3,ue64497c4f5cdffb3@users.invalid,GitHub,noreply@github.com,1,0,1,2,2,0,0,0,,,,,,0,1563,THREAT-482 Azure Risk passthrough tuning (#1563),"THREAT-482 Azure Risk passthrough tuning (#1563)

Co-authored-by: u845d1433999e3b2c <u845d1433999e3b2c@users.invalid>"
panther-labs/panther-analysis,51af89d3f716ebc89e4aca09b3cd26f234e0096c,2025-04,1,post,2025-04-11T14:38:15Z,2025-04-11T17:38:15+03:00,ue64497c4f5cdffb3,ue64497c4f5cdffb3@users.invalid,GitHub,noreply@github.com,1,0,2,14,0,2,14,0,,,,,,0,1568,THREAT-481 GCP K8s tuning (#1568),THREAT-481 GCP K8s tuning (#1568)
panther-labs/panther-analysis,6632c0eedcd7ec9cf07c7a5dffa5c196ee41995c,2025-04,1,post,2025-04-11T14:42:45Z,2025-04-11T17:42:45+03:00,ue64497c4f5cdffb3,ue64497c4f5cdffb3@users.invalid,GitHub,noreply@github.com,1,0,2,3,30,1,1,17,,,,,,0,1582,[fix] ASK-1780 Snowflake. DataTransferHistory rule using non-existent field (#1582),[fix] ASK-1780 Snowflake. DataTransferHistory rule using non-existent field (#1582)
panther-labs/panther-analysis,1071667ebff722593ea4c4b0ed98a56090a89cf8,2025-04,1,post,2025-04-11T15:01:32Z,2025-04-11T08:01:32-07:00,ub937d9d7d7448644,ub937d9d7d7448644@users.invalid,GitHub,noreply@github.com,1,0,5,34,31,1,16,13,,,,,,0,1571,update comp keys rule (#1571),"update comp keys rule (#1571)

Co-authored-by: u510b1d3cd2e0b8c3 <u510b1d3cd2e0b8c3@users.invalid>
Co-authored-by: uf3d47fdb28dafe67 <uf3d47fdb28dafe67@users.invalid>"
panther-labs/panther-analysis,d21b4a0cc1d8d55f5dd97678df6594dcba42ccc0,2025-04,1,post,2025-04-14T15:03:54Z,2025-04-14T18:03:54+03:00,ue64497c4f5cdffb3,ue64497c4f5cdffb3@users.invalid,GitHub,noreply@github.com,1,0,1,16,0,1,16,0,,,,,,0,1584,Add dedup to GCP.Destructive.Queries (#1584),Add dedup to GCP.Destructive.Queries (#1584)
panther-labs/panther-analysis,81e97761428ece0ee71f740c795550979d037a2d,2025-04,1,post,2025-04-14T17:02:22Z,2025-04-14T12:02:22-05:00,u845d1433999e3b2c,u845d1433999e3b2c@users.invalid,GitHub,noreply@github.com,1,0,5,714,0,1,61,0,,,,,,0,1540,THREAT 454: add rule: Orca.Passthrough (#1540),"THREAT 454: add rule: Orca.Passthrough (#1540)

Co-authored-by: u510b1d3cd2e0b8c3 <u510b1d3cd2e0b8c3@users.invalid>
Co-authored-by: uf3d47fdb28dafe67 <uf3d47fdb28dafe67@users.invalid>"
panther-labs/panther-analysis,d2c38c96c7f74c7947267e0aa87d7c37b2b18c66,2025-04,1,post,2025-04-14T21:58:27Z,2025-04-14T16:58:27-05:00,u845d1433999e3b2c,u845d1433999e3b2c@users.invalid,GitHub,noreply@github.com,1,0,1,3,0,0,0,0,,,,,,0,1586,Add mcp.json to gitignore (#1586),Add mcp.json to gitignore (#1586)
panther-labs/panther-analysis,9bd68e0146c72aae3a8b84559c722cd30c4bf6bc,2025-04,1,post,2025-04-15T09:06:54-06:00,2025-04-15T09:06:54-06:00,uf3d47fdb28dafe67,uf3d47fdb28dafe67@users.invalid,GitHub,noreply@github.com,2,1,0,0,0,0,0,0,,,,,,0,,Merge branch 'main' into develop,Merge branch 'main' into develop
panther-labs/panther-analysis,96244b4504bd9f1f9326b15b8ff18c07236b9de5,2025-04,1,post,2025-04-15T10:13:05-05:00,2025-04-15T10:13:05-05:00,u845d1433999e3b2c,u845d1433999e3b2c@users.invalid,GitHub,noreply@github.com,2,1,0,0,0,0,0,0,,,,,,0,1587,Release v3.76.0 (#1587),Release v3.76.0 (#1587)
panther-labs/panther-analysis,fd25f501d275ed9fb0ce9d6291b673700b77a61b,2025-04,1,post,2025-04-16T14:52:38Z,2025-04-16T17:52:38+03:00,ud18ddd05177641ab,ud18ddd05177641ab@users.invalid,GitHub,noreply@github.com,1,0,1,12,7,0,0,0,,,,,,0,1591,Update CONTRIBUTING.md (#1591),Update CONTRIBUTING.md (#1591)
panther-labs/panther-analysis,b44647a2a07a0a8f86db060ff6dbc87659472546,2025-04,1,post,2025-04-16T14:53:19Z,2025-04-16T09:53:19-05:00,u845d1433999e3b2c,u845d1433999e3b2c@users.invalid,GitHub,noreply@github.com,1,0,1,2,7,1,2,7,,,,,,0,1589,Cloudflare.Firewall.L7DDoS: Remove deduplication (#1589),Cloudflare.Firewall.L7DDoS: Remove deduplication (#1589)
panther-labs/panther-analysis,99a99c9d61e0cf31bb15f70dd7c4ccd3181ea846,2025-04,1,post,2025-04-16T14:59:08Z,2025-04-16T08:59:08-06:00,uf3d47fdb28dafe67,uf3d47fdb28dafe67@users.invalid,GitHub,noreply@github.com,1,0,25,50,21,0,0,0,,,,,,0,1593,Beta rules (#1593),Beta rules (#1593)
panther-labs/panther-analysis,40ff4b585e6d9a93a87ae94793f87c6a34011f61,2025-04,1,post,2025-04-16T15:32:22Z,2025-04-16T10:32:22-05:00,u845d1433999e3b2c,u845d1433999e3b2c@users.invalid,GitHub,noreply@github.com,1,0,2,4,3,1,2,2,,,,,,0,1595,Google.Workspace.ManyDocsDownloaded: Fix typos and move to beta status (#1595),Google.Workspace.ManyDocsDownloaded: Fix typos and move to beta status (#1595)
panther-labs/panther-analysis,3b471fa2893976b438d20c3cc8d89b50e4ca0744,2025-04,1,post,2025-04-16T20:02:02Z,2025-04-16T15:02:02-05:00,u38ef9e85d3885684,u38ef9e85d3885684@users.invalid,GitHub,noreply@github.com,1,0,1,4,7,1,4,7,,,,,,0,1580,Unusual EC2 launch logic fixup (#1580),Unusual EC2 launch logic fixup (#1580)
panther-labs/panther-analysis,12143db083ebc5ac5d1b09a718c8f11c653e56af,2025-04,1,post,2025-04-16T20:21:03Z,2025-04-16T14:21:03-06:00,uf3d47fdb28dafe67,uf3d47fdb28dafe67@users.invalid,GitHub,noreply@github.com,1,0,1,4,1,0,0,0,,,,,,0,1596,Fix schema (#1596),Fix schema (#1596)
panther-labs/panther-analysis,8d39fa3bbf87f3fc56cf48d55aa23010270ecba2,2025-04,1,post,2025-04-16T20:26:35Z,2025-04-16T15:26:35-05:00,u38ef9e85d3885684,u38ef9e85d3885684@users.invalid,GitHub,noreply@github.com,1,0,1,1,1,1,1,1,,,,,,0,1598,Adjust AWS Potential Backdoor Lambda Function title (#1598),Adjust AWS Potential Backdoor Lambda Function title (#1598)
panther-labs/panther-analysis,b48c8543576db09d886fefde0d070b8f7ad10b4c,2025-04,1,post,2025-04-18T14:33:00Z,2025-04-18T09:33:00-05:00,u845d1433999e3b2c,u845d1433999e3b2c@users.invalid,GitHub,noreply@github.com,1,0,2,2,0,0,0,0,,,,,,0,1599,ASK-1696: Ignore JWT mismatch in queries (#1599),ASK-1696: Ignore JWT mismatch in queries (#1599)
panther-labs/panther-analysis,caacc643eff5e46352efb9be105c2cb774a1e679,2025-04,1,post,2025-04-22T19:46:53Z,2025-04-22T14:46:53-05:00,u845d1433999e3b2c,u845d1433999e3b2c@users.invalid,GitHub,noreply@github.com,1,0,1,19,0,1,19,0,,,,,,0,1585,THREAT 490: Add Dynamic Reference to Wiz Passthrough (#1585),THREAT 490: Add Dynamic Reference to Wiz Passthrough (#1585)
panther-labs/panther-analysis,ee61ffb51132e9d6c304ba264f04e3bc5fd95717,2025-04,1,post,2025-04-22T19:48:10Z,2025-04-22T14:48:10-05:00,u845d1433999e3b2c,u845d1433999e3b2c@users.invalid,GitHub,noreply@github.com,1,0,2,91,20,1,24,20,,,,,,0,1597,GCP.Destructive.Queries: More tuning (#1597),GCP.Destructive.Queries: More tuning (#1597)
panther-labs/panther-analysis,5ffb717984215dc3f593b460bcfec51e60a66881,2025-04,1,post,2025-04-23T20:43:07Z,2025-04-23T15:43:07-05:00,u845d1433999e3b2c,u845d1433999e3b2c@users.invalid,GitHub,noreply@github.com,1,0,2,3,6,1,0,5,,,,,,0,1606,Google.Workspace.ManyDocsDownloaded: Convert to Signal (#1606),Google.Workspace.ManyDocsDownloaded: Convert to Signal (#1606)
panther-labs/panther-analysis,ff52f2bf5391a76aaa8a9ff5af14f0475f5e4097,2025-04,1,post,2025-04-25T15:25:31Z,2025-04-25T18:25:31+03:00,ue64497c4f5cdffb3,ue64497c4f5cdffb3@users.invalid,GitHub,noreply@github.com,1,0,8,18,5,7,8,5,,,,,,0,1602,THREAT-431 Update AWS rules to use new `get_actor_user` udm (#1602),THREAT-431 Update AWS rules to use new `get_actor_user` udm (#1602)
panther-labs/panther-analysis,1af6d1c2494c4a12fb14c9b69910b4e5652f6de8,2025-04,1,post,2025-04-29T15:12:55Z,2025-04-29T18:12:55+03:00,ue64497c4f5cdffb3,ue64497c4f5cdffb3@users.invalid,GitHub,noreply@github.com,1,0,1,78,0,0,0,0,,,,,,0,1607,THREAT-496 Automate Airflow update process (#1607),THREAT-496 Automate Airflow update process (#1607)
panther-labs/panther-analysis,9803750a950b5e85ae8720885daa9550f3b1ce3a,2025-04,1,post,2025-04-29T09:16:30-06:00,2025-04-29T09:16:30-06:00,uf3d47fdb28dafe67,uf3d47fdb28dafe67@users.invalid,GitHub,noreply@github.com,2,1,0,0,0,0,0,0,,,,,,0,,Merge branch 'main' into develop,Merge branch 'main' into develop
panther-labs/panther-analysis,1320eb9b018038ad764d3d2705ac7839d6c78a6f,2025-04,1,post,2025-04-29T18:19:06+03:00,2025-04-29T18:19:06+03:00,ue64497c4f5cdffb3,ue64497c4f5cdffb3@users.invalid,GitHub,noreply@github.com,2,1,0,0,0,0,0,0,,,,,,0,1609,Prepare for v3.77.0 (#1609),Prepare for v3.77.0 (#1609)
panther-labs/panther-analysis,2cb4086c8578210ce291026be5de2fa239434353,2025-04,1,post,2025-04-29T15:47:42Z,2025-04-29T10:47:42-05:00,u845d1433999e3b2c,u845d1433999e3b2c@users.invalid,GitHub,noreply@github.com,1,0,27,49,8,21,44,1,,,,,,0,1603,THREAT 498: Mark Policies as Configuration Required (#1603),THREAT 498: Mark Policies as Configuration Required (#1603)
panther-labs/panther-analysis,eabf1e5d7347d0b16fe04f1cdd8177cea566739f,2025-04,1,post,2025-04-29T20:38:21Z,2025-04-29T23:38:21+03:00,ue64497c4f5cdffb3,ue64497c4f5cdffb3@users.invalid,GitHub,noreply@github.com,1,0,1,3,0,0,0,0,,,,,,0,1610,Update aws_unauthorized_api_call.py by adding p_log_type (#1610),Update aws_unauthorized_api_call.py by adding p_log_type (#1610)
panther-labs/panther-analysis,0ba447d0ee2f39a0b45861a7cb34338c156f7e55,2025-05,2,post,2025-05-02T12:55:20Z,2025-05-02T15:55:20+03:00,ud18ddd05177641ab,ud18ddd05177641ab@users.invalid,GitHub,noreply@github.com,1,0,1,3,1,0,0,0,,,,,,0,1614,[THREAT-453] Remove set-output from Github Action (#1614),[THREAT-453] Remove set-output from Github Action (#1614)
panther-labs/panther-analysis,576a9bec667a31f4a3ded8c51cbdfe72ddaf9fb8,2025-05,2,post,2025-05-02T19:27:34Z,2025-05-02T22:27:34+03:00,ue64497c4f5cdffb3,ue64497c4f5cdffb3@users.invalid,GitHub,noreply@github.com,1,0,1,13,6,1,13,6,,,,,,0,1611,ASK-1957 Fix false positives on the deleted rule checks (#1611),ASK-1957 Fix false positives on the deleted rule checks (#1611)
panther-labs/panther-analysis,a77cc6c6c391d8de78aad9d9f228cf1324942a63,2025-05,2,post,2025-05-07T17:10:34Z,2025-05-07T12:10:34-05:00,u845d1433999e3b2c,u845d1433999e3b2c@users.invalid,GitHub,noreply@github.com,1,0,4,13,3,3,9,3,,,,,,0,1619,Changes to some caching rules for time-based caching (#1619),Changes to some caching rules for time-based caching (#1619)
panther-labs/panther-analysis,4df9ff8833628ecbcdb40babb656032639177ecf,2025-05,2,post,2025-05-08T15:27:00Z,2025-05-08T09:27:00-06:00,dependabot[bot],49699333+dependabot[bot]@users.noreply.github.com,GitHub,noreply@github.com,1,0,2,12,12,0,0,0,,,,,dependabot,0,1612,build(deps): bump requests from 2.31.0 to 2.32.2 (#1612),"build(deps): bump requests from 2.31.0 to 2.32.2 (#1612)

Signed-off-by: dependabot[bot] <ufab77f7a199e1613@users.invalid>
Co-authored-by: dependabot[bot] <49699333+dependabot[bot]@users.noreply.github.com>"
panther-labs/panther-analysis,5fc4160267d34b6ea28e8b2850d03f8b8ac8df73,2025-05,2,post,2025-05-08T15:27:50Z,2025-05-08T18:27:50+03:00,ue64497c4f5cdffb3,ue64497c4f5cdffb3@users.invalid,GitHub,noreply@github.com,1,0,2,2,2,0,0,0,,,,,,0,1616,ASK-1980 Snowflake queries syntax error (#1616),"ASK-1980 Snowflake queries syntax error (#1616)

Co-authored-by: u845d1433999e3b2c <u845d1433999e3b2c@users.invalid>"
panther-labs/panther-analysis,faabeb776cff33ef29dcf55fb9ac4a6ac9b433e9,2025-05,2,post,2025-05-08T15:28:15Z,2025-05-08T10:28:15-05:00,u845d1433999e3b2c,u845d1433999e3b2c@users.invalid,GitHub,noreply@github.com,1,0,2,2,9,1,1,9,,,,,,0,1618,THREAT-500: Tuning Adjustments (#1618),THREAT-500: Tuning Adjustments (#1618)
panther-labs/panther-analysis,a6e2273db385c8250b9acbbecc6e777753084494,2025-05,2,post,2025-05-08T15:33:58Z,2025-05-08T18:33:58+03:00,ud18ddd05177641ab,ud18ddd05177641ab@users.invalid,GitHub,noreply@github.com,1,0,5,1047,883,0,0,0,,,,,,0,1613,[THREAT-497] Add pre-commit hook (#1613),"[THREAT-497] Add pre-commit hook (#1613)

Co-authored-by: uf3d47fdb28dafe67 <uf3d47fdb28dafe67@users.invalid>"
panther-labs/panther-analysis,f3106fddcc2105ee6737d0e3675946fd06ecf434,2025-05,2,post,2025-05-08T15:34:31Z,2025-05-08T10:34:31-05:00,u38ef9e85d3885684,u38ef9e85d3885684@users.invalid,GitHub,noreply@github.com,1,0,1,17,2,1,17,2,,,,,,0,1608,Okta VPN Login Title Enhancement (#1608),Okta VPN Login Title Enhancement (#1608)
panther-labs/panther-analysis,f1c5353294d1b7584913f3e15402ebae58594e50,2025-05,2,post,2025-05-08T15:40:23Z,2025-05-08T11:40:23-04:00,uc4a2de0d3f07d806,uc4a2de0d3f07d806@users.invalid,GitHub,noreply@github.com,1,0,1,4,0,1,4,0,,,,,,0,1583,Fiixing list conversion in AWS.CloudTrail.EventSelectorsDisabled (#1583),"Fiixing list conversion in AWS.CloudTrail.EventSelectorsDisabled (#1583)

Co-authored-by: uf3d47fdb28dafe67 <uf3d47fdb28dafe67@users.invalid>
Co-authored-by: u353238d1cb8c4346 <u353238d1cb8c4346@users.invalid>"
panther-labs/panther-analysis,708d37c013da4b3afc1ebb9f9d1fdb117d002d54,2025-05,2,post,2025-05-12T14:20:29Z,2025-05-12T09:20:29-05:00,u38ef9e85d3885684,u38ef9e85d3885684@users.invalid,GitHub,noreply@github.com,1,0,1,5,0,1,5,0,,,,,,0,1600,Fixup: AWS get_actor_user (#1600),"Fixup: AWS get_actor_user (#1600)

Co-authored-by: uf3d47fdb28dafe67 <uf3d47fdb28dafe67@users.invalid>"
panther-labs/panther-analysis,f1820098609bd5859c40dd409cc7f55ca70efbf3,2025-05,2,post,2025-05-12T14:20:51Z,2025-05-12T17:20:51+03:00,u6747da448e4bec7f,u6747da448e4bec7f@users.invalid,GitHub,noreply@github.com,1,0,4,67,16,2,11,1,,,,,,0,1601,A user-defined function to check the client's whitelisted IP address for impossible travel rule (#1601),A user-defined function to check the client's whitelisted IP address for impossible travel rule (#1601)
panther-labs/panther-analysis,86af232d97aa8c7e33ae664172c0ced6af1ccacc,2025-05,2,post,2025-05-13T09:09:29-06:00,2025-05-13T09:09:29-06:00,uf3d47fdb28dafe67,uf3d47fdb28dafe67@users.invalid,GitHub,noreply@github.com,2,1,0,0,0,0,0,0,,,,,,0,,Merge branch 'main' into develop,Merge branch 'main' into develop
panther-labs/panther-analysis,f436e3758e0aa7371f6cc3e58c72fbf46d7a5a18,2025-05,2,post,2025-05-13T10:14:18-05:00,2025-05-13T10:14:18-05:00,u845d1433999e3b2c,u845d1433999e3b2c@users.invalid,GitHub,noreply@github.com,2,1,0,0,0,0,0,0,,,,,,0,1620,Release 3.78 (#1620),Release 3.78 (#1620)
panther-labs/panther-analysis,ad044d32ab62f43d10d305715cbeccd3ad1d6022,2025-05,2,post,2025-05-23T14:21:40Z,2025-05-23T10:21:40-04:00,ud2ffe2c10863d626,ud2ffe2c10863d626@users.invalid,GitHub,noreply@github.com,1,0,3,394,340,1,15,2,,,,,,0,1625,Made improvements to rule to catch suspicious login success events (#1625),Made improvements to rule to catch suspicious login success events (#1625)
panther-labs/panther-analysis,cad129b9e1f1affac6fad4f76fd157788baec94c,2025-06,3,post,2025-06-10T14:47:47Z,2025-06-10T09:47:47-05:00,u845d1433999e3b2c,u845d1433999e3b2c@users.invalid,GitHub,noreply@github.com,1,0,1,2,2,0,0,0,,,,,,0,1623,Github Repo Security Change: fix transition order (#1623),Github Repo Security Change: fix transition order (#1623)
panther-labs/panther-analysis,2d7508227cc21cc193bf48413610018b01904f76,2025-06,3,post,2025-06-10T14:48:02Z,2025-06-10T09:48:02-05:00,u845d1433999e3b2c,u845d1433999e3b2c@users.invalid,GitHub,noreply@github.com,1,0,4,4,1,0,0,0,,,,,,0,1626,Restrict internal workflows to upstream repo only (#1626),Restrict internal workflows to upstream repo only (#1626)
panther-labs/panther-analysis,53a83fe6cce7d79a0b817488e08dd37ed6f31f65,2025-06,3,post,2025-06-10T14:48:25Z,2025-06-10T09:48:25-05:00,u845d1433999e3b2c,u845d1433999e3b2c@users.invalid,GitHub,noreply@github.com,1,0,1,1,1,0,0,0,,,,,,0,1628,Fix peer group anomaly query to use correct time window for lookback (#1628),Fix peer group anomaly query to use correct time window for lookback (#1628)
panther-labs/panther-analysis,73a9b0b0c0540ad3cf8525dcc796caa122fec0f0,2025-06,3,post,2025-06-17T09:07:34-06:00,2025-06-17T09:07:34-06:00,uf3d47fdb28dafe67,uf3d47fdb28dafe67@users.invalid,GitHub,noreply@github.com,2,1,0,0,0,0,0,0,,,,,,0,,Merge branch 'main' into develop,Merge branch 'main' into develop
panther-labs/panther-analysis,b9059e890fdd7aae8f64b6e7252da49775ce0ebb,2025-06,3,post,2025-06-17T09:11:35-06:00,2025-06-17T09:11:35-06:00,uf3d47fdb28dafe67,uf3d47fdb28dafe67@users.invalid,GitHub,noreply@github.com,2,1,0,0,0,0,0,0,,,,,,0,1637,Release v3.79.0 (#1637),Release v3.79.0 (#1637)
panther-labs/panther-analysis,a28cb917d1f3c2efdce9678818631e6f0d2e17e8,2025-06,3,post,2025-06-24T19:31:17Z,2025-06-24T22:31:17+03:00,ue64497c4f5cdffb3,ue64497c4f5cdffb3@users.invalid,GitHub,noreply@github.com,1,0,4,4,11,1,0,7,,,,,,0,1640,Remove duplicate code (#1640),"Remove duplicate code (#1640)

Co-authored-by: u510b1d3cd2e0b8c3 <u510b1d3cd2e0b8c3@users.invalid>"
panther-labs/panther-analysis,81c56ab321eb21b8fe1cdc0d669b8e3285e29643,2025-06,3,post,2025-06-26T17:38:11Z,2025-06-26T11:38:11-06:00,u17cae179bae1fe2a,u17cae179bae1fe2a@users.invalid,GitHub,noreply@github.com,1,0,7,19,7,0,0,0,,,,,,0,1644,Update json schemas to support new optional CreatedBy field (#1644),"Update json schemas to support new optional CreatedBy field (#1644)

Co-authored-by: u510b1d3cd2e0b8c3 <u510b1d3cd2e0b8c3@users.invalid>"
panther-labs/panther-analysis,e8d0bd7b8385857b0bbed2b485b22544c02769b8,2025-06,3,post,2025-06-26T21:22:10Z,2025-06-26T14:22:10-07:00,u54c494160e912685,u54c494160e912685@users.invalid,GitHub,noreply@github.com,1,0,1,1,1,1,1,1,,,,,,0,1646,Fix GCP Workload Identity Pool rule title (#1646),Fix GCP Workload Identity Pool rule title (#1646)
panther-labs/panther-analysis,06c334d6cd080208a5406cc05e6f1df02c0539cf,2025-06,3,post,2025-06-26T21:23:42Z,2025-06-26T15:23:42-06:00,u9670e2e3b05a770f,u9670e2e3b05a770f@users.invalid,GitHub,noreply@github.com,1,0,1,1,1,1,1,1,,,,,,0,1645,Update push_security_phishable_mfa_method.py (#1645),Update push_security_phishable_mfa_method.py (#1645)
panther-labs/panther-analysis,4d35b5f06cdb7c26cc38025e7dcc6cf9882fe6e7,2025-06,3,post,2025-06-26T21:25:29Z,2025-06-27T00:25:29+03:00,ue64497c4f5cdffb3,ue64497c4f5cdffb3@users.invalid,GitHub,noreply@github.com,1,0,2,62,0,1,1,0,,,,,,0,1642,ASK-2244 Non-ASCII chars error in `Execution of Command Line Tool with Base64 Encoded Arguments` (#1642),ASK-2244 Non-ASCII chars error in `Execution of Command Line Tool with Base64 Encoded Arguments` (#1642)
panther-labs/panther-analysis,c08cecd22f95a4a7c9123c12ae0bd2ef8627011d,2025-06,3,post,2025-06-27T14:35:52Z,2025-06-27T09:35:52-05:00,u38ef9e85d3885684,u38ef9e85d3885684@users.invalid,GitHub,noreply@github.com,1,0,2,59,2,1,5,2,,,,,,0,1641,Okta Rate Limit detection enhancements (#1641),Okta Rate Limit detection enhancements (#1641)
panther-labs/panther-analysis,e1252f0c62622222c6178e9a692fe537b55b4387,2025-06,3,post,2025-06-27T14:36:20Z,2025-06-27T09:36:20-05:00,u845d1433999e3b2c,u845d1433999e3b2c@users.invalid,GitHub,noreply@github.com,1,0,5,565,608,0,0,0,,,,,,0,1634,Remove redundant dependencies (#1634),"Remove redundant dependencies (#1634)

Co-authored-by: u510b1d3cd2e0b8c3 <u510b1d3cd2e0b8c3@users.invalid>"
panther-labs/panther-analysis,395fa32b1db667d62833ce90f243dcab52e3743d,2025-06,3,post,2025-06-30T14:46:03Z,2025-06-30T08:46:03-06:00,dependabot[bot],49699333+dependabot[bot]@users.noreply.github.com,GitHub,noreply@github.com,1,0,2,8,8,0,0,0,,,,,dependabot,0,1630,build(deps): bump requests from 2.32.2 to 2.32.4 (#1630),"build(deps): bump requests from 2.32.2 to 2.32.4 (#1630)

Signed-off-by: dependabot[bot] <ufab77f7a199e1613@users.invalid>
Co-authored-by: dependabot[bot] <49699333+dependabot[bot]@users.noreply.github.com>"
panther-labs/panther-analysis,cd7fdbf15554ac2aae5509c370b030a6b579553d,2025-06,3,post,2025-06-30T14:48:26Z,2025-06-30T14:48:26Z,dependabot[bot],49699333+dependabot[bot]@users.noreply.github.com,GitHub,noreply@github.com,1,0,1,1,0,0,0,0,,,,,dependabot,0,1638,build(deps): bump urllib3 from 2.4.0 to 2.5.0 (#1638),"build(deps): bump urllib3 from 2.4.0 to 2.5.0 (#1638)

Signed-off-by: dependabot[bot] <ufab77f7a199e1613@users.invalid>
Co-authored-by: dependabot[bot] <49699333+dependabot[bot]@users.noreply.github.com>"
panther-labs/panther-analysis,185cb1db26535ded893ebdf0c26a5fef700ab546,2025-06,3,post,2025-06-30T15:17:31Z,2025-06-30T18:17:31+03:00,ue64497c4f5cdffb3,ue64497c4f5cdffb3@users.invalid,GitHub,noreply@github.com,1,0,2,67,1,1,8,1,,,,,,0,1639,ASK-2191 Tuning: false positives on`Crowdstrike Unusual Parent Child Processes` (#1639),"ASK-2191 Tuning: false positives on`Crowdstrike Unusual Parent Child Processes` (#1639)

Co-authored-by: u510b1d3cd2e0b8c3 <u510b1d3cd2e0b8c3@users.invalid>
Co-authored-by: uf3d47fdb28dafe67 <uf3d47fdb28dafe67@users.invalid>"
panther-labs/panther-analysis,13cd975bb038b7bbceeb74a0a37dac3ec52bd609,2025-07,4,post,2025-07-01T15:04:57Z,2025-07-01T09:04:57-06:00,uf3d47fdb28dafe67,uf3d47fdb28dafe67@users.invalid,GitHub,noreply@github.com,1,0,1,148,0,0,0,0,CLAUDE.md,,,,,0,1649,Claude.md (#1649),Claude.md (#1649)
panther-labs/panther-analysis,b8e1ea3ee58f6e8f62bdf02e43108d2b3a7433b3,2025-07,4,post,2025-07-01T15:06:19Z,2025-07-01T09:06:19-06:00,uf3d47fdb28dafe67,uf3d47fdb28dafe67@users.invalid,GitHub,noreply@github.com,1,0,2,11,1,0,0,0,,,,,,0,1648,Anomaly detection pack (#1648),Anomaly detection pack (#1648)
panther-labs/panther-analysis,ff4a688837e57f2f8c7d41ff5d92a43c16fcb3cd,2025-07,4,post,2025-07-01T09:11:30-06:00,2025-07-01T09:11:30-06:00,uf3d47fdb28dafe67,uf3d47fdb28dafe67@users.invalid,GitHub,noreply@github.com,2,1,0,0,0,0,0,0,,,,,,0,,Merge branch 'main' into develop,Merge branch 'main' into develop
panther-labs/panther-analysis,072f3b92e9645c85e12977bba30dd3590f4f3e85,2025-07,4,post,2025-07-01T09:31:05-06:00,2025-07-01T09:31:05-06:00,uf3d47fdb28dafe67,uf3d47fdb28dafe67@users.invalid,GitHub,noreply@github.com,2,1,0,0,0,0,0,0,,,,,,0,1650,Prepare for release v3.80.0 (#1650),Prepare for release v3.80.0 (#1650)
panther-labs/panther-analysis,8cdd2bb4e4d288e352f410a25e35765d00e0020e,2025-07,4,post,2025-07-07T14:50:31Z,2025-07-07T09:50:31-05:00,u845d1433999e3b2c,u845d1433999e3b2c@users.invalid,GitHub,noreply@github.com,1,0,6,574,0,1,107,0,,,,,,0,1636,THREAT-509: GCP Compute Instance Sign-In (#1636),"THREAT-509: GCP Compute Instance Sign-In (#1636)

Co-authored-by: u510b1d3cd2e0b8c3 <u510b1d3cd2e0b8c3@users.invalid>
Co-authored-by: uf3d47fdb28dafe67 <uf3d47fdb28dafe67@users.invalid>"
panther-labs/panther-analysis,fb17178db6448a1b329f430785bb99f71ee9f41b,2025-07,4,post,2025-07-07T15:10:18Z,2025-07-07T08:10:18-07:00,ub937d9d7d7448644,ub937d9d7d7448644@users.invalid,GitHub,noreply@github.com,1,0,3,385,74,0,0,0,.cursor/rules/caching.mdc;.cursor/rules/panther-rules.mdc;.cursor/rules/streaming-rules.mdc,,,,,0,1651,update base streaming rule cursor rule (#1651),update base streaming rule cursor rule (#1651)
panther-labs/panther-analysis,ccf8e4519fe39ff02e40f071a6b838709db87849,2025-07,4,post,2025-07-07T15:10:32Z,2025-07-07T18:10:32+03:00,ue64497c4f5cdffb3,ue64497c4f5cdffb3@users.invalid,GitHub,noreply@github.com,1,0,1,8,3,1,8,3,,,,,,0,1647,`Crowdstrike.Macos.Plutil.Usage` tuning (#1647),"`Crowdstrike.Macos.Plutil.Usage` tuning (#1647)

Co-authored-by: uf3d47fdb28dafe67 <uf3d47fdb28dafe67@users.invalid>"
panther-labs/panther-analysis,f14de1d11a5a8dc0b6dce1cb80fed8ddc6d73913,2025-07,4,post,2025-07-07T15:17:46Z,2025-07-07T18:17:46+03:00,ue64497c4f5cdffb3,ue64497c4f5cdffb3@users.invalid,GitHub,noreply@github.com,1,0,11,408,0,3,73,0,,,,,,0,1627,THREAT-508 CR - GCP Tag Escalation (#1627),"THREAT-508 CR - GCP Tag Escalation (#1627)

Co-authored-by: u510b1d3cd2e0b8c3 <u510b1d3cd2e0b8c3@users.invalid>
Co-authored-by: uf3d47fdb28dafe67 <uf3d47fdb28dafe67@users.invalid>"
panther-labs/panther-analysis,7807d0dca0d26460af72be477111f0770c4f1074,2025-07,4,post,2025-07-07T15:21:22Z,2025-07-07T09:21:22-06:00,uf3d47fdb28dafe67,uf3d47fdb28dafe67@users.invalid,GitHub,noreply@github.com,1,0,2,18,8,1,12,7,,,,,,0,1552,Extract AWS account ID from unique ID (#1552),Extract AWS account ID from unique ID (#1552)
panther-labs/panther-analysis,ce72a486094dbf90ea2e909639767b27df6b129c,2025-07,4,post,2025-07-07T15:54:47Z,2025-07-07T10:54:47-05:00,u845d1433999e3b2c,u845d1433999e3b2c@users.invalid,GitHub,noreply@github.com,1,0,12,23,3,0,0,0,,,,,,0,1652,THREAT-529: Update naming conventions for internal GHA (#1652),THREAT-529: Update naming conventions for internal GHA (#1652)
panther-labs/panther-analysis,5d13d28de422b3c28f000567a47bf939e3810177,2025-07,4,post,2025-07-08T19:33:54Z,2025-07-08T14:33:54-05:00,u845d1433999e3b2c,u845d1433999e3b2c@users.invalid,GitHub,noreply@github.com,1,0,2,1249,1169,0,0,0,,,,,,0,1655,Update PAT to v1.0.1 (#1655),Update PAT to v1.0.1 (#1655)
panther-labs/panther-analysis,b1fe7df3b28b7956c797bb178b3a320e3ddb7926,2025-07,4,post,2025-07-08T14:58:25-06:00,2025-07-08T14:58:25-06:00,uf3d47fdb28dafe67,uf3d47fdb28dafe67@users.invalid,GitHub,noreply@github.com,2,1,0,0,0,0,0,0,,,,,,0,1656,Update to 3.81 (#1656),Update to 3.81 (#1656)
panther-labs/panther-analysis,f34f0828006df7f4014ecafb44657659a10a6b8c,2025-07,4,post,2025-07-14T15:00:20Z,2025-07-14T18:00:20+03:00,u7e50c06f7ec6d6c2,u7e50c06f7ec6d6c2@users.invalid,GitHub,noreply@github.com,1,0,8,490,0,2,88,0,,,,,,0,1622,Bedrock model invocation rule (#1622),"Bedrock model invocation rule (#1622)

Co-authored-by: u510b1d3cd2e0b8c3 <u510b1d3cd2e0b8c3@users.invalid>"
panther-labs/panther-analysis,3d6b5bd5955c7c47ea39f0675619e749077a8df6,2025-07,4,post,2025-07-14T15:06:17Z,2025-07-14T08:06:17-07:00,u469b4b5071d9ba16,u469b4b5071d9ba16@users.invalid,GitHub,noreply@github.com,1,0,1,5,2,1,5,2,,,,,,0,1653,fix(aws): fix alert title and include error message (#1653),fix(aws): fix alert title and include error message (#1653)
panther-labs/panther-analysis,4a45ccdb0e0bedd9304f05ac219f3ebf65c11192,2025-07,4,post,2025-07-15T14:23:36Z,2025-07-15T09:23:36-05:00,u8edbb7cda8a08e5b,u8edbb7cda8a08e5b@users.invalid,GitHub,noreply@github.com,1,0,1,1,1,0,0,0,,,,,,0,1662,Fix latest changes link in Readme (#1662),"Fix latest changes link in Readme (#1662)

Signed-off-by: ue999fe2ca93cf946 <ue999fe2ca93cf946@users.invalid>"
panther-labs/panther-analysis,7107c4341faa1480297886a9aa611ac3afa52c50,2025-07,4,post,2025-07-15T14:32:21Z,2025-07-15T09:32:21-05:00,u845d1433999e3b2c,u845d1433999e3b2c@users.invalid,GitHub,noreply@github.com,1,0,2,47,4,1,16,4,,,,,,0,1661,ASK 2296: Fix M365 external forwarding bug (#1661),ASK 2296: Fix M365 external forwarding bug (#1661)
panther-labs/panther-analysis,f640f7b8f8ee31543ed6795d5cfed6d1f67d19c9,2025-07,4,post,2025-07-22T15:04:08Z,2025-07-22T18:04:08+03:00,ue64497c4f5cdffb3,ue64497c4f5cdffb3@users.invalid,GitHub,noreply@github.com,1,0,9,69,22,2,8,6,,,,,,0,1658,ASK-2236 Increase in alerts for `GSuite suspicious login` rule (#1658),"ASK-2236 Increase in alerts for `GSuite suspicious login` rule (#1658)

Co-authored-by: u510b1d3cd2e0b8c3 <u510b1d3cd2e0b8c3@users.invalid>
Co-authored-by: ud5ae2d2cf4c6a259 <ud5ae2d2cf4c6a259@users.invalid>"
panther-labs/panther-analysis,f9e2bf75c908bfbe822fda33c2dcf296ed6bd9f9,2025-07,4,post,2025-07-22T09:09:54-06:00,2025-07-22T09:09:54-06:00,uf3d47fdb28dafe67,uf3d47fdb28dafe67@users.invalid,GitHub,noreply@github.com,2,1,0,0,0,0,0,0,,,,,,0,,Merge branch 'main' into develop,Merge branch 'main' into develop
panther-labs/panther-analysis,2aab315a8030d7c5392caeda2a116cd9e7967988,2025-07,4,post,2025-07-22T18:13:03+03:00,2025-07-22T18:13:03+03:00,ue64497c4f5cdffb3,ue64497c4f5cdffb3@users.invalid,GitHub,noreply@github.com,2,1,0,0,0,0,0,0,,,,,,0,1665,Prepare for v3.82.0 (#1665),Prepare for v3.82.0 (#1665)
panther-labs/panther-analysis,f8545de5b9b863fa8383bfae3a282a4be8fe1d54,2025-07,4,post,2025-07-28T14:57:20Z,2025-07-28T07:57:20-07:00,u7e0ad1db70bb117a,u7e0ad1db70bb117a@users.invalid,GitHub,noreply@github.com,1,0,6,354,4,1,180,0,,,,,,0,1668,feat: invisible character PR scanning in CI (#1668),"feat: invisible character PR scanning in CI (#1668)

Co-authored-by: ue64497c4f5cdffb3 <ue64497c4f5cdffb3@users.invalid>"
panther-labs/panther-analysis,5205e890b561530373c89e5f10cdb676eccf3c33,2025-07,4,post,2025-07-30T12:15:19Z,2025-07-30T15:15:19+03:00,ue64497c4f5cdffb3,ue64497c4f5cdffb3@users.invalid,GitHub,noreply@github.com,1,0,2,15,2,0,0,0,,,,,,0,1669,THREAT-352 Wrapping up new puller (#1669),THREAT-352 Wrapping up new puller (#1669)
panther-labs/panther-analysis,9e56d86e6e8864c4eb10721e8cbf74b0aed912cb,2025-07,4,post,2025-07-30T14:26:30Z,2025-07-30T07:26:30-07:00,ub937d9d7d7448644,ub937d9d7d7448644@users.invalid,GitHub,noreply@github.com,1,0,7,217,0,1,30,0,,,,,,0,1667,S3 Exfil Rule (#1667),"S3 Exfil Rule (#1667)

Co-authored-by: u510b1d3cd2e0b8c3 <u510b1d3cd2e0b8c3@users.invalid>"
panther-labs/panther-analysis,e50a5ee55e313ce12b065d8c6486c2e16ae23916,2025-07,4,post,2025-07-30T16:00:55Z,2025-07-30T11:00:55-05:00,u845d1433999e3b2c,u845d1433999e3b2c@users.invalid,GitHub,noreply@github.com,1,0,2,49,49,0,0,0,,,,,,0,1673,Update PAT to v1.0.3 (#1673),Update PAT to v1.0.3 (#1673)
panther-labs/panther-analysis,f86e675571e3d30503c2fbc83d36744d15dd3368,2025-08,5,post,2025-08-04T15:50:02-06:00,2025-08-04T15:50:02-06:00,uf3d47fdb28dafe67,uf3d47fdb28dafe67@users.invalid,GitHub,noreply@github.com,1,0,2,2,15,0,0,0,,,,,,1,1679,"Revert ""THREAT-352 Wrapping up new puller"" (#1679)","Revert ""THREAT-352 Wrapping up new puller"" (#1679)"
panther-labs/panther-analysis,c50b7054dfdae6a0819949a6933e271849706bbc,2025-08,5,post,2025-08-04T15:50:27-06:00,2025-08-04T15:50:27-06:00,uf3d47fdb28dafe67,uf3d47fdb28dafe67@users.invalid,GitHub,noreply@github.com,1,0,1,19,1,0,0,0,,,,,,0,1678,Schema fix for managed LUTs (#1678),Schema fix for managed LUTs (#1678)
panther-labs/panther-analysis,9c5a6ac5543f0013b9b311a0c78d55525d3f28ab,2025-08,5,post,2025-08-04T21:51:12Z,2025-08-04T16:51:12-05:00,u845d1433999e3b2c,u845d1433999e3b2c@users.invalid,GitHub,noreply@github.com,1,0,1,7,1,0,0,0,,,,,,0,1664,Update MITRE mapping: Amazon.EKS.Audit.SystemNamespaceFromPublicIP (#1664),Update MITRE mapping: Amazon.EKS.Audit.SystemNamespaceFromPublicIP (#1664)
panther-labs/panther-analysis,b632fb633d1db5ebbc675fc206f816b6c9e7c5e8,2025-08,5,post,2025-08-04T21:55:08Z,2025-08-04T16:55:08-05:00,u845d1433999e3b2c,u845d1433999e3b2c@users.invalid,GitHub,noreply@github.com,1,0,3,213,1,1,22,1,,,,,,0,1666,Add support for GCP Service Manager to GCP.IAM.CorporateEmail (#1666),Add support for GCP Service Manager to GCP.IAM.CorporateEmail (#1666)
panther-labs/panther-analysis,4206f60425b55f02700ae8e622842cf840bf281c,2025-08,5,post,2025-08-07T11:31:55-06:00,2025-08-07T11:31:55-06:00,uf3d47fdb28dafe67,uf3d47fdb28dafe67@users.invalid,GitHub,noreply@github.com,1,0,8,529,19,5,191,18,,,,,,0,1680,Fix: GCP K8s rules false positives (#1680),Fix: GCP K8s rules false positives (#1680)
panther-labs/panther-analysis,16dd9a9aeaafabd30cab5d10c6ef5ee5d2be6fd6,2025-08,5,post,2025-08-08T18:39:33Z,2025-08-08T14:39:33-04:00,u9118d002d01846e7,u9118d002d01846e7@users.invalid,GitHub,noreply@github.com,1,0,44,60,22,22,38,0,,,,,,0,1682,don't share .py rule files (#1682),don't share .py rule files (#1682)
panther-labs/panther-analysis,b3db63e252851f10301d8ae219827335f22a370c,2025-08,5,post,2025-08-11T22:02:57Z,2025-08-11T18:02:57-04:00,u9118d002d01846e7,u9118d002d01846e7@users.invalid,GitHub,noreply@github.com,1,0,1,0,27,1,0,27,,,,,,0,1683,remove unused config settings (#1683),remove unused config settings (#1683)
panther-labs/panther-analysis,48f688cd52ad007b3ffd31f08d11c8599565f722,2025-08,5,post,2025-08-11T15:24:12-07:00,2025-08-11T15:24:12-07:00,uf3d47fdb28dafe67,uf3d47fdb28dafe67@users.invalid,GitHub,noreply@github.com,1,0,105,68,640,81,59,402,,,,,,0,1681,Remove global filters (#1681),Remove global filters (#1681)
panther-labs/panther-analysis,6fe709c4eb86965525e4c0f0464078c9f98af6fe,2025-08,5,post,2025-08-14T14:35:03-06:00,2025-08-14T13:35:03-07:00,uf3d47fdb28dafe67,uf3d47fdb28dafe67@users.invalid,GitHub,noreply@github.com,1,0,98,256,732,58,130,399,CLAUDE.md,,,,,0,1685,Remove panther config (#1685),Remove panther config (#1685)
panther-labs/panther-analysis,1c6c56a5d7ff21832ec7b9a2a74aaa2fe9af9030,2025-08,5,post,2025-08-15T09:10:04-06:00,2025-08-15T08:10:04-07:00,uf3d47fdb28dafe67,uf3d47fdb28dafe67@users.invalid,GitHub,noreply@github.com,1,0,9,1,297,3,0,220,,,,,,0,1687,Box remove api calls (#1687),"Box remove api calls (#1687)

Co-authored-by: u510b1d3cd2e0b8c3 <u510b1d3cd2e0b8c3@users.invalid>"
panther-labs/panther-analysis,b9161c74277a374a3cf4af25352636d6d315020c,2025-08,5,post,2025-08-15T13:30:34-06:00,2025-08-15T13:30:34-06:00,uf3d47fdb28dafe67,uf3d47fdb28dafe67@users.invalid,GitHub,noreply@github.com,1,0,1,0,79,0,0,0,,,,,,0,1688,Remove Airflow GHA (#1688),Remove Airflow GHA (#1688)
panther-labs/panther-analysis,3ccdb455e39a0144faa5dd4d733b93be47e715ac,2025-08,5,post,2025-08-19T09:06:03-06:00,2025-08-19T09:06:03-06:00,uf3d47fdb28dafe67,uf3d47fdb28dafe67@users.invalid,GitHub,noreply@github.com,2,1,0,0,0,0,0,0,,,,,,0,,Merge branch 'main' into develop,Merge branch 'main' into develop
panther-labs/panther-analysis,768154c15a12964d8998e0c30c1a78339919c796,2025-08,5,post,2025-08-19T09:13:17-06:00,2025-08-19T09:13:17-06:00,uf3d47fdb28dafe67,uf3d47fdb28dafe67@users.invalid,GitHub,noreply@github.com,2,1,0,0,0,0,0,0,,,,,,0,1689,Prepare for v3.83.0 (#1689),Prepare for v3.83.0 (#1689)
panther-labs/panther-analysis,8ece4ce1ee71b24258cd48039655027166260775,2025-08,5,post,2025-08-22T09:50:09-06:00,2025-08-22T09:50:09-06:00,uf3d47fdb28dafe67,uf3d47fdb28dafe67@users.invalid,GitHub,noreply@github.com,1,0,1,11,0,0,0,0,,,,,,0,,Create dependabot.yml,Create dependabot.yml
panther-labs/panther-analysis,64eb91acdd4c0a73523ae00bc1394801b7c12e15,2025-08,5,post,2025-08-22T11:47:56-06:00,2025-08-22T11:47:56-06:00,uf3d47fdb28dafe67,uf3d47fdb28dafe67@users.invalid,GitHub,noreply@github.com,1,0,2,3,13,0,0,0,,,,,,0,1696,Update dependabot (#1696),Update dependabot (#1696)
panther-labs/panther-analysis,65160787202c71037581ff5ff82218747975a2b7,2025-08,5,post,2025-08-22T11:54:40-06:00,2025-08-22T11:54:40-06:00,uf3d47fdb28dafe67,uf3d47fdb28dafe67@users.invalid,GitHub,noreply@github.com,1,0,1,1,1,0,0,0,,,,,,0,1702,Dependabot updates (#1702),Dependabot updates (#1702)
panther-labs/panther-analysis,fe4803d9dad66dfd0d4487fa655384cdb9b20080,2025-08,5,post,2025-08-22T17:57:16Z,2025-08-22T11:57:16-06:00,dependabot[bot],49699333+dependabot[bot]@users.noreply.github.com,GitHub,noreply@github.com,1,0,1,1,1,0,0,0,,,,,dependabot,0,1701,build(deps): bump docker/setup-buildx-action from 3.9.0 to 3.11.1 in /.github/workflows (#1701),"build(deps): bump docker/setup-buildx-action from 3.9.0 to 3.11.1 in /.github/workflows (#1701)

Signed-off-by: dependabot[bot] <ufab77f7a199e1613@users.invalid>
Co-authored-by: dependabot[bot] <49699333+dependabot[bot]@users.noreply.github.com>
Co-authored-by: uf3d47fdb28dafe67 <uf3d47fdb28dafe67@users.invalid>"
panther-labs/panther-analysis,01b46de2025819160cc657e9cd745570aa6d728a,2025-08,5,post,2025-08-22T17:59:00Z,2025-08-22T17:59:00Z,dependabot[bot],49699333+dependabot[bot]@users.noreply.github.com,GitHub,noreply@github.com,1,0,1,1,1,0,0,0,,,,,dependabot,0,1700,build(deps): bump aws-actions/configure-aws-credentials from 4.1.0 to 4.3.1 in /.github/workflows (#1700),"build(deps): bump aws-actions/configure-aws-credentials from 4.1.0 to 4.3.1 in /.github/workflows (#1700)

Signed-off-by: dependabot[bot] <ufab77f7a199e1613@users.invalid>
Co-authored-by: dependabot[bot] <49699333+dependabot[bot]@users.noreply.github.com>
Co-authored-by: uf3d47fdb28dafe67 <uf3d47fdb28dafe67@users.invalid>"
panther-labs/panther-analysis,836e4dcf7caf68583e20e34cf001784c25cc22f1,2025-08,5,post,2025-08-22T17:59:28Z,2025-08-22T20:59:28+03:00,dependabot[bot],49699333+dependabot[bot]@users.noreply.github.com,GitHub,noreply@github.com,1,0,1,1,1,0,0,0,,,,,dependabot,0,1699,build(deps): bump docker/setup-qemu-action from 3.4.0 to 3.6.0 in /.github/workflows (#1699),"build(deps): bump docker/setup-qemu-action from 3.4.0 to 3.6.0 in /.github/workflows (#1699)

Signed-off-by: dependabot[bot] <ufab77f7a199e1613@users.invalid>
Co-authored-by: dependabot[bot] <49699333+dependabot[bot]@users.noreply.github.com>
Co-authored-by: uf3d47fdb28dafe67 <uf3d47fdb28dafe67@users.invalid>"
panther-labs/panther-analysis,e48827c4c6a21f31c44a32aaa449a7143776ba86,2025-08,5,post,2025-08-22T18:00:19Z,2025-08-22T18:00:19Z,dependabot[bot],49699333+dependabot[bot]@users.noreply.github.com,GitHub,noreply@github.com,1,0,1,1,1,0,0,0,,,,,dependabot,0,1697,build(deps): bump tj-actions/changed-files from 44.5.2 to 46.0.5 in /.github/actions/changed_files (#1697),"build(deps): bump tj-actions/changed-files from 44.5.2 to 46.0.5 in /.github/actions/changed_files (#1697)

Signed-off-by: dependabot[bot] <ufab77f7a199e1613@users.invalid>
Co-authored-by: dependabot[bot] <49699333+dependabot[bot]@users.noreply.github.com>
Co-authored-by: uf3d47fdb28dafe67 <uf3d47fdb28dafe67@users.invalid>"
panther-labs/panther-analysis,88c0a787b03e21e40d6aee3e66798aeb67df4ddf,2025-08,5,post,2025-08-22T19:09:24Z,2025-08-22T19:09:24Z,dependabot[bot],49699333+dependabot[bot]@users.noreply.github.com,GitHub,noreply@github.com,1,0,13,16,16,0,0,0,,,,,dependabot,0,1698,build(deps): bump actions/checkout from 4.1.7 to 5.0.0 in /.github/workflows (#1698),"build(deps): bump actions/checkout from 4.1.7 to 5.0.0 in /.github/workflows (#1698)

Signed-off-by: dependabot[bot] <ufab77f7a199e1613@users.invalid>
Co-authored-by: dependabot[bot] <49699333+dependabot[bot]@users.noreply.github.com>
Co-authored-by: uf3d47fdb28dafe67 <uf3d47fdb28dafe67@users.invalid>"
panther-labs/panther-analysis,e1b165b87fa5a4594299e032669782b1ebeb3884,2025-08,5,post,2025-08-22T13:13:18-06:00,2025-08-22T13:13:18-06:00,uf3d47fdb28dafe67,uf3d47fdb28dafe67@users.invalid,GitHub,noreply@github.com,1,0,3,3,3,0,0,0,,,,,,0,1690,Enable ipinfo lookup tables by default (#1690),Enable ipinfo lookup tables by default (#1690)
panther-labs/panther-analysis,bad9dd87233d0feba9e90a72f1cabdddf7b6cbb5,2025-08,5,post,2025-08-22T15:01:45-06:00,2025-08-22T15:01:45-06:00,uf3d47fdb28dafe67,uf3d47fdb28dafe67@users.invalid,GitHub,noreply@github.com,1,0,1,15,15,0,0,0,,,,,,0,1691,GitHub Advanced Security Change WITHOUT Repo Archived - Sequence to Group CR (#1691),GitHub Advanced Security Change WITHOUT Repo Archived - Sequence to Group CR (#1691)
panther-labs/panther-analysis,fecd815cbd490b8c83cd8b3f6c2115bbbf29e6b7,2025-08,5,post,2025-08-22T21:51:38Z,2025-08-22T16:51:38-05:00,u845d1433999e3b2c,u845d1433999e3b2c@users.invalid,GitHub,noreply@github.com,1,0,2,10,0,1,5,0,,,,,,0,1684,Add PantherEvent type hints (#1684),Add PantherEvent type hints (#1684)
panther-labs/panther-analysis,cdfd62aac9c7011d42ff63ecc97b4ea6345b142a,2025-08,5,post,2025-08-26T09:04:09-06:00,2025-08-26T09:04:09-06:00,uf3d47fdb28dafe67,uf3d47fdb28dafe67@users.invalid,GitHub,noreply@github.com,2,1,0,0,0,0,0,0,,,,,,0,,Merge branch 'main' into develop,Merge branch 'main' into develop
panther-labs/panther-analysis,0690f53e62019b6a3e89c3d9eabe730d0ab0e525,2025-08,5,post,2025-08-26T09:05:54-06:00,2025-08-26T09:05:54-06:00,uf3d47fdb28dafe67,uf3d47fdb28dafe67@users.invalid,GitHub,noreply@github.com,2,1,0,0,0,0,0,0,,,,,,0,1708,Prepare for v3.84.0 (#1708),Prepare for v3.84.0 (#1708)
panther-labs/panther-analysis,2c72682ad25cbd3411a95dd0b2c0f8119baaa65d,2025-09,6,post,2025-09-03T14:43:56Z,2025-09-03T08:43:56-06:00,uf3d47fdb28dafe67,uf3d47fdb28dafe67@users.invalid,GitHub,noreply@github.com,1,0,2,15,2,0,0,0,,,,,,0,1710,THREAT-352 MISP Warning Lists enrichment (#1710),THREAT-352 MISP Warning Lists enrichment (#1710)
panther-labs/panther-analysis,ecdfbdf3feccee6049493ebae124600bea056ee2,2025-09,6,post,2025-09-08T15:49:14Z,2025-09-08T09:49:14-06:00,dependabot[bot],49699333+dependabot[bot]@users.noreply.github.com,GitHub,noreply@github.com,1,0,1,2,2,0,0,0,,,,,dependabot,0,1713,build(deps): bump actions/github-script from 7.0.1 to 8.0.0 in /.github/workflows (#1713),"build(deps): bump actions/github-script from 7.0.1 to 8.0.0 in /.github/workflows (#1713)

Signed-off-by: dependabot[bot] <ufab77f7a199e1613@users.invalid>
Co-authored-by: dependabot[bot] <49699333+dependabot[bot]@users.noreply.github.com>"
panther-labs/panther-analysis,233912ef001398b9c856863bed56523d03ca109a,2025-09,6,post,2025-09-08T15:49:33Z,2025-09-08T09:49:33-06:00,dependabot[bot],49699333+dependabot[bot]@users.noreply.github.com,GitHub,noreply@github.com,1,0,0,0,0,0,0,0,,,,,dependabot,0,1714,build(deps): bump actions/github-script from 7.0.1 to 8.0.0 (#1714),"build(deps): bump actions/github-script from 7.0.1 to 8.0.0 (#1714)

Signed-off-by: dependabot[bot] <ufab77f7a199e1613@users.invalid>
Co-authored-by: dependabot[bot] <49699333+dependabot[bot]@users.noreply.github.com>"
panther-labs/panther-analysis,28431f405c9239758c4dbedae36cfd76ac99d4b6,2025-09,6,post,2025-09-08T15:49:50Z,2025-09-08T09:49:50-06:00,dependabot[bot],49699333+dependabot[bot]@users.noreply.github.com,GitHub,noreply@github.com,1,0,1,1,1,0,0,0,,,,,dependabot,0,1715,build(deps): bump aws-actions/configure-aws-credentials from 4.3.1 to 5.0.0 in /.github/workflows (#1715),"build(deps): bump aws-actions/configure-aws-credentials from 4.3.1 to 5.0.0 in /.github/workflows (#1715)

Signed-off-by: dependabot[bot] <ufab77f7a199e1613@users.invalid>
Co-authored-by: dependabot[bot] <49699333+dependabot[bot]@users.noreply.github.com>"
panther-labs/panther-analysis,8400d1a01381198acfc0f6d9e29c5834d309e582,2025-09,6,post,2025-09-08T15:50:10Z,2025-09-08T15:50:10Z,dependabot[bot],49699333+dependabot[bot]@users.noreply.github.com,GitHub,noreply@github.com,1,0,11,13,13,0,0,0,,,,,dependabot,0,1716,build(deps): bump actions/setup-python from 5 to 6 (#1716),"build(deps): bump actions/setup-python from 5 to 6 (#1716)

Signed-off-by: dependabot[bot] <ufab77f7a199e1613@users.invalid>
Co-authored-by: dependabot[bot] <49699333+dependabot[bot]@users.noreply.github.com>"
panther-labs/panther-analysis,3e6a44d21180756ad296a66a4e5372a35345124e,2025-09,6,post,2025-09-08T15:50:26Z,2025-09-08T18:50:26+03:00,dependabot[bot],49699333+dependabot[bot]@users.noreply.github.com,GitHub,noreply@github.com,1,0,0,0,0,0,0,0,,,,,dependabot,0,1717,build(deps): bump aws-actions/configure-aws-credentials from 4.3.1 to 5.0.0 (#1717),"build(deps): bump aws-actions/configure-aws-credentials from 4.3.1 to 5.0.0 (#1717)

Signed-off-by: dependabot[bot] <ufab77f7a199e1613@users.invalid>
Co-authored-by: dependabot[bot] <49699333+dependabot[bot]@users.noreply.github.com>"
panther-labs/panther-analysis,0f5421e6c003e216435c0c6421b43ae51919217d,2025-09,6,post,2025-09-08T15:50:47Z,2025-09-08T15:50:47Z,dependabot[bot],49699333+dependabot[bot]@users.noreply.github.com,GitHub,noreply@github.com,1,0,0,0,0,0,0,0,,,,,dependabot,0,1718,build(deps): bump actions/setup-python from 5 to 6 in /.github/workflows (#1718),"build(deps): bump actions/setup-python from 5 to 6 in /.github/workflows (#1718)

Signed-off-by: dependabot[bot] <ufab77f7a199e1613@users.invalid>
Co-authored-by: dependabot[bot] <49699333+dependabot[bot]@users.noreply.github.com>"
panther-labs/panther-analysis,67bbd0e30c171c51cf74336a34dc77ff417b5da2,2025-09,6,post,2025-09-08T16:17:41Z,2025-09-08T10:17:41-06:00,uf3d47fdb28dafe67,uf3d47fdb28dafe67@users.invalid,GitHub,noreply@github.com,1,0,10,321,8,2,98,3,,,,,,0,1711,MISP enrichment helpers (#1711),"MISP enrichment helpers (#1711)

Co-authored-by: u510b1d3cd2e0b8c3 <u510b1d3cd2e0b8c3@users.invalid>"
panther-labs/panther-analysis,cc96f47f5835284dd9083b6a47db40e23c3faa71,2025-09,6,post,2025-09-08T16:46:15Z,2025-09-08T10:46:15-06:00,uf3d47fdb28dafe67,uf3d47fdb28dafe67@users.invalid,GitHub,noreply@github.com,1,0,1,4,0,1,4,0,,,,,,0,1709,Outbound DNS fix (#1709),Outbound DNS fix (#1709)
panther-labs/panther-analysis,53aef6a01fd18fcea2ce58d94b4b7e485a994b58,2025-09,6,post,2025-09-08T16:13:06-06:00,2025-09-08T16:13:06-06:00,uf3d47fdb28dafe67,uf3d47fdb28dafe67@users.invalid,GitHub,noreply@github.com,1,0,14,1416,0,5,513,0,,,,,,0,1712,NX Supply Chain - S1ngularity Repository Detection (#1712),"NX Supply Chain - S1ngularity Repository Detection (#1712)

Co-authored-by: u510b1d3cd2e0b8c3 <u510b1d3cd2e0b8c3@users.invalid>"
panther-labs/panther-analysis,644d3f9109dc72e24b04b3caa058fcbba3a03e85,2025-09,6,post,2025-09-08T16:17:36-06:00,2025-09-08T16:17:36-06:00,uf3d47fdb28dafe67,uf3d47fdb28dafe67@users.invalid,GitHub,noreply@github.com,1,0,9,89,25,3,69,14,,,,,,0,1677,GCP high severity rules tuning (#1677),"GCP high severity rules tuning (#1677)

Co-authored-by: u510b1d3cd2e0b8c3 <u510b1d3cd2e0b8c3@users.invalid>"
panther-labs/panther-analysis,17a018ef696a352198924eb89c2a8e10dbea1790,2025-09,6,post,2025-09-08T22:19:35Z,2025-09-08T17:19:35-05:00,u845d1433999e3b2c,u845d1433999e3b2c@users.invalid,GitHub,noreply@github.com,1,0,2,18,0,1,7,0,,,,,,0,1675,Add dbprint placeholder function (#1675),"Add dbprint placeholder function (#1675)

Co-authored-by: uf3d47fdb28dafe67 <uf3d47fdb28dafe67@users.invalid>"
panther-labs/panther-analysis,5808354ded054e894fb27ff40b9d8e4a57ebc009,2025-09,6,post,2025-09-08T22:20:33Z,2025-09-08T17:20:33-05:00,u845d1433999e3b2c,u845d1433999e3b2c@users.invalid,GitHub,noreply@github.com,1,0,14,455,25,1,176,0,,,,,,0,1663,THREAT-513: Automated Log Anonymization (#1663),"THREAT-513: Automated Log Anonymization (#1663)

Co-authored-by: uf3d47fdb28dafe67 <uf3d47fdb28dafe67@users.invalid>"
panther-labs/panther-analysis,0d59805ebca6ecd1493ddfee445754d8182e54d5,2025-09,6,post,2025-09-09T09:04:15-06:00,2025-09-09T09:04:15-06:00,uf3d47fdb28dafe67,uf3d47fdb28dafe67@users.invalid,GitHub,noreply@github.com,2,1,0,0,0,0,0,0,,,,,,0,,Merge branch 'main' into develop,Merge branch 'main' into develop
panther-labs/panther-analysis,863d9636e548f353e232f7add935b55097982524,2025-09,6,post,2025-09-09T09:09:35-06:00,2025-09-09T09:09:35-06:00,uf3d47fdb28dafe67,uf3d47fdb28dafe67@users.invalid,GitHub,noreply@github.com,2,1,0,0,0,0,0,0,,,,,,0,1719,Prepare  for v3.85.0 (#1719),Prepare  for v3.85.0 (#1719)
panther-labs/panther-analysis,440de525bc62409f150b333bae13baf2d0da59ac,2025-09,6,post,2025-09-16T16:08:31Z,2025-09-16T10:08:31-06:00,u17cae179bae1fe2a,u17cae179bae1fe2a@users.invalid,GitHub,noreply@github.com,1,0,1,19,1,0,0,0,,,,,,0,1720,add email config to query schema (#1720),add email config to query schema (#1720)
panther-labs/panther-analysis,69b115b34ef69c5830a0a3a2a7a6688f4c892c26,2025-09,6,post,2025-09-16T16:08:56Z,2025-09-16T10:08:56-06:00,dependabot[bot],49699333+dependabot[bot]@users.noreply.github.com,GitHub,noreply@github.com,1,0,1,1,1,0,0,0,,,,,dependabot,0,1721,build(deps): bump tj-actions/changed-files from 46.0.5 to 47.0.0 in /.github/actions/changed_files (#1721),"build(deps): bump tj-actions/changed-files from 46.0.5 to 47.0.0 in /.github/actions/changed_files (#1721)

Signed-off-by: dependabot[bot] <ufab77f7a199e1613@users.invalid>
Co-authored-by: dependabot[bot] <49699333+dependabot[bot]@users.noreply.github.com>"
panther-labs/panther-analysis,000d0c1d46b76c90fbc7c5010e02b3c981e2653d,2025-09,6,post,2025-09-16T18:09:32Z,2025-09-16T14:09:32-04:00,u79bcfea38651fe8b,u79bcfea38651fe8b@users.invalid,GitHub,noreply@github.com,1,0,9,853,0,4,185,0,,,,,,0,1703,Intune and Defender rules (#1703),"Intune and Defender rules (#1703)

Co-authored-by: u353238d1cb8c4346 <u353238d1cb8c4346@users.invalid>"
panther-labs/panther-analysis,be938a3646bba29b1593d43d1947b9dce6aff56d,2025-09,6,post,2025-09-16T18:10:05Z,2025-09-16T21:10:05+03:00,u6747da448e4bec7f,u6747da448e4bec7f@users.invalid,GitHub,noreply@github.com,1,0,1,1,0,1,1,0,,,,,,0,1722,Add 1Password SDK to allowed clients for OnePassword.Unusual.Client (#1722),Add 1Password SDK to allowed clients for OnePassword.Unusual.Client (#1722)
panther-labs/panther-analysis,5a37cfa9f5fd4d90b03166dbcc6454c0a7315a85,2025-09,6,post,2025-09-17T14:50:21Z,2025-09-17T17:50:21+03:00,ue64497c4f5cdffb3,ue64497c4f5cdffb3@users.invalid,GitHub,noreply@github.com,1,0,4,430,415,0,0,0,,,,,,0,1724,Bump PAT version (#1724),"Bump PAT version (#1724)

Co-authored-by: u510b1d3cd2e0b8c3 <u510b1d3cd2e0b8c3@users.invalid>"
panther-labs/panther-analysis,549c5ba30dfdc061661644017839ad7352d4d484,2025-09,6,post,2025-09-18T12:06:30-06:00,2025-09-18T12:06:30-06:00,uf3d47fdb28dafe67,uf3d47fdb28dafe67@users.invalid,GitHub,noreply@github.com,1,0,13,443,0,5,135,0,,,,,,0,1723,Axonius rules and pack (#1723),"Axonius rules and pack (#1723)

Co-authored-by: u510b1d3cd2e0b8c3 <u510b1d3cd2e0b8c3@users.invalid>"
panther-labs/panther-analysis,4978ff8cd84b8fa5233bfee6fcb2171f8b592d16,2025-09,6,post,2025-09-18T18:06:12Z,2025-09-18T14:06:12-04:00,ue535c12b3def57a4,ue535c12b3def57a4@users.invalid,GitHub,noreply@github.com,1,0,4,5,6,0,0,0,,,,,,0,1725,Switch Version Tags to Hashes for GHA workflows (#1725),Switch Version Tags to Hashes for GHA workflows (#1725)
panther-labs/panther-analysis,ddfa4400ca9a887339b8e9e881843d263977df12,2025-09,6,post,2025-09-23T09:51:14-06:00,2025-09-23T09:51:14-06:00,uf3d47fdb28dafe67,uf3d47fdb28dafe67@users.invalid,GitHub,noreply@github.com,1,0,2,71,11,1,7,8,,B,claude,trailer;identity,,0,1726,Fix base64 helper to handle non-ASCII characters (ASK-2244) (#1726),"Fix base64 helper to handle non-ASCII characters (ASK-2244) (#1726)

Co-authored-by: Claude <noreply@anthropic.com>"
panther-labs/panther-analysis,d48f5ab6b17eefa97f383d3d493d63e211ebf1f2,2025-09,6,post,2025-09-23T09:52:00-06:00,2025-09-23T09:52:00-06:00,uf3d47fdb28dafe67,uf3d47fdb28dafe67@users.invalid,GitHub,noreply@github.com,1,0,10,20,19,10,20,19,,,,,,0,1728,Crowdstrike ComputerName in Titles (#1728),Crowdstrike ComputerName in Titles (#1728)
panther-labs/panther-analysis,5501deb1adbbe7101f4ced12d6932e3a57dfffad,2025-09,6,post,2025-09-26T20:09:12Z,2025-09-26T13:09:12-07:00,ub937d9d7d7448644,ub937d9d7d7448644@users.invalid,GitHub,noreply@github.com,1,0,2,452,0,0,0,0,.cursor/rules/simple-detections.mdc;.cursor/rules/testing.mdc,,,,,0,1731,Cursor Rules: SDL and Pat Testing (#1731),Cursor Rules: SDL and Pat Testing (#1731)
panther-labs/panther-analysis,c6cf7dba3eeda59e2c73c4b6904082a6641070a5,2025-09,6,post,2025-09-29T22:46:50Z,2025-09-29T16:46:50-06:00,uf3d47fdb28dafe67,uf3d47fdb28dafe67@users.invalid,GitHub,noreply@github.com,1,0,2,304,1,1,302,1,,,,,,0,1729,Snowflake Enrichment Helpers (#1729),Snowflake Enrichment Helpers (#1729)
panther-labs/panther-analysis,8c63f06e0d800129bb7bea49a2a9a74fb66bffd9,2025-09,6,post,2025-09-30T09:07:06-06:00,2025-09-30T09:07:06-06:00,uf3d47fdb28dafe67,uf3d47fdb28dafe67@users.invalid,GitHub,noreply@github.com,2,1,0,0,0,0,0,0,,,,,,0,,Merge branch 'main' into develop,Merge branch 'main' into develop
panther-labs/panther-analysis,75bb7466153ab4b98654fa9b7480d3ece04d9ea8,2025-09,6,post,2025-09-30T09:15:52-06:00,2025-09-30T09:15:52-06:00,uf3d47fdb28dafe67,uf3d47fdb28dafe67@users.invalid,GitHub,noreply@github.com,2,1,0,0,0,0,0,0,,,,,,0,1735,Prepare for v3.86.0 (#1735),Prepare for v3.86.0 (#1735)
panther-labs/panther-analysis,bbcbdd0945738a0e38ea6e1a8aff3b6ce2d9f3bc,2025-10,7,post,2025-10-07T20:43:24Z,2025-10-07T16:43:24-04:00,ue535c12b3def57a4,ue535c12b3def57a4@users.invalid,GitHub,noreply@github.com,1,0,11,74,0,10,73,0,,,,,,0,1732,Add Gsuite AlertContext Helpers (#1732),"Add Gsuite AlertContext Helpers (#1732)

Co-authored-by: uf3d47fdb28dafe67 <uf3d47fdb28dafe67@users.invalid>"
panther-labs/panther-analysis,ead34e261baef4b9199a6e8290f759850dc6d901,2025-10,7,post,2025-10-07T20:45:03Z,2025-10-07T15:45:03-05:00,u38ef9e85d3885684,u38ef9e85d3885684@users.invalid,GitHub,noreply@github.com,1,0,2,10,4,1,8,2,,,,,,0,1734,Impossible travel IP logic check (#1734),Impossible travel IP logic check (#1734)
panther-labs/panther-analysis,d2a93eb0cca78c30134cbf0ef1fb6e7dd48d5d14,2025-10,7,post,2025-10-09T08:35:18-06:00,2025-10-09T08:35:18-06:00,uf3d47fdb28dafe67,uf3d47fdb28dafe67@users.invalid,GitHub,noreply@github.com,1,0,3,14,8,1,10,4,,B,claude,trailer;identity,,0,1738,is_base64 false positive fix (#1738),"is_base64 false positive fix (#1738)

Co-authored-by: Claude <noreply@anthropic.com>
Co-authored-by: u510b1d3cd2e0b8c3 <u510b1d3cd2e0b8c3@users.invalid>"
panther-labs/panther-analysis,8398a3f9236798484116d9fbed2bb56e6593e353,2025-10,7,post,2025-10-09T14:35:56Z,2025-10-09T09:35:56-05:00,u38ef9e85d3885684,u38ef9e85d3885684@users.invalid,GitHub,noreply@github.com,1,0,1,1,5,1,1,5,,,,,,0,1739,QOL: AWS.CloudTrail.SecurityConfigurationChange Title Update (#1739),QOL: AWS.CloudTrail.SecurityConfigurationChange Title Update (#1739)
panther-labs/panther-analysis,e040f8461d9028072512ab568c7db379f45ba89e,2025-10,7,post,2025-10-09T16:35:42Z,2025-10-09T10:35:42-06:00,uf3d47fdb28dafe67,uf3d47fdb28dafe67@users.invalid,GitHub,noreply@github.com,1,0,13,587,0,6,154,0,,,,,,0,1740,DocuSign Rules (#1740),DocuSign Rules (#1740)
panther-labs/panther-analysis,4951e6d77942413edbe2cdbe5fb9d75bafddfc02,2025-10,7,post,2025-10-10T20:27:50Z,2025-10-10T14:27:50-06:00,uf3d47fdb28dafe67,uf3d47fdb28dafe67@users.invalid,GitHub,noreply@github.com,1,0,3,90,21,1,30,21,,,,,,0,1742,Don't anonymize correlation rule tests (#1742),"Don't anonymize correlation rule tests (#1742)

Co-authored-by: u510b1d3cd2e0b8c3 <u510b1d3cd2e0b8c3@users.invalid>"
panther-labs/panther-analysis,30e5ff3227ba540be71de29154edd8d7d71ab815,2025-10,7,post,2025-10-10T20:42:28Z,2025-10-10T23:42:28+03:00,u6747da448e4bec7f,u6747da448e4bec7f@users.invalid,GitHub,noreply@github.com,1,0,1,3,1,1,3,1,,,,,,0,1741,GSuite suspicious login username fix (#1741),GSuite suspicious login username fix (#1741)
panther-labs/panther-analysis,9c502741f96aca7252be539dfd46a4f221ab4ee3,2025-10,7,post,2025-10-14T19:43:20Z,2025-10-14T13:43:20-06:00,dependabot[bot],49699333+dependabot[bot]@users.noreply.github.com,GitHub,noreply@github.com,1,0,1,1,1,0,0,0,,,,,dependabot,0,1744,build(deps): bump aws-actions/configure-aws-credentials from 5.0.0 to 5.1.0 (#1744),"build(deps): bump aws-actions/configure-aws-credentials from 5.0.0 to 5.1.0 (#1744)

Signed-off-by: dependabot[bot] <ufab77f7a199e1613@users.invalid>
Co-authored-by: dependabot[bot] <49699333+dependabot[bot]@users.noreply.github.com>"
panther-labs/panther-analysis,d550733faf9269ef2c3ff8dbc08bdf06c7163b1a,2025-10,7,post,2025-10-14T19:43:39Z,2025-10-14T13:43:39-06:00,dependabot[bot],49699333+dependabot[bot]@users.noreply.github.com,GitHub,noreply@github.com,1,0,0,0,0,0,0,0,,,,,dependabot,0,1745,build(deps): bump aws-actions/configure-aws-credentials from 5.0.0 to 5.1.0 in /.github/workflows (#1745),"build(deps): bump aws-actions/configure-aws-credentials from 5.0.0 to 5.1.0 in /.github/workflows (#1745)

Signed-off-by: dependabot[bot] <ufab77f7a199e1613@users.invalid>
Co-authored-by: dependabot[bot] <49699333+dependabot[bot]@users.noreply.github.com>"
panther-labs/panther-analysis,29fbecfd0bdb0ec5b14ece41f7764f875d5fb93d,2025-10,7,post,2025-10-15T15:23:31Z,2025-10-15T18:23:31+03:00,u6747da448e4bec7f,u6747da448e4bec7f@users.invalid,GitHub,noreply@github.com,1,0,9,215,213,4,79,1,,,,,,0,1736,Auth0 rule correction and new rules (#1736),Auth0 rule correction and new rules (#1736)
panther-labs/panther-analysis,fea3b7b9222283f2072f2b76f221533bc2e4f490,2025-10,7,post,2025-10-16T16:36:45Z,2025-10-16T12:36:45-04:00,u48935fb99deddefa,u48935fb99deddefa@users.invalid,GitHub,noreply@github.com,1,0,11,1045,1,4,197,0,,,,,,0,1737,[THREAT-557] Auth0 New rules - Part 1 (#1737),"[THREAT-557] Auth0 New rules - Part 1 (#1737)

Co-authored-by: u510b1d3cd2e0b8c3 <u510b1d3cd2e0b8c3@users.invalid>"
panther-labs/panther-analysis,744b32752d1ac66231e2c407bd9df2f1a9cdaf5f,2025-10,7,post,2025-10-16T16:36:55Z,2025-10-16T12:36:55-04:00,u48935fb99deddefa,u48935fb99deddefa@users.invalid,GitHub,noreply@github.com,1,0,3,36,2,2,5,2,,,,,,0,1747,GitHub rules: alert on completed workflow runs and opened PRs only (#1747),GitHub rules: alert on completed workflow runs and opened PRs only (#1747)
panther-labs/panther-analysis,85cc38375f01b03317f4f5f64e820ad40d19bf9e,2025-10,7,post,2025-10-21T09:06:23-06:00,2025-10-21T09:06:23-06:00,uf3d47fdb28dafe67,uf3d47fdb28dafe67@users.invalid,GitHub,noreply@github.com,2,1,0,0,0,0,0,0,,,,,,0,,Merge branch 'main' into develop,Merge branch 'main' into develop
panther-labs/panther-analysis,42d6b7484fcd18f3b7fe602a009611a590e067c4,2025-10,7,post,2025-10-21T10:54:18-06:00,2025-10-21T10:54:18-06:00,uf3d47fdb28dafe67,uf3d47fdb28dafe67@users.invalid,GitHub,noreply@github.com,2,1,0,0,0,0,0,0,,,,,,0,1749,prepare for v3.87.0 release (#1749),prepare for v3.87.0 release (#1749)
panther-labs/panther-analysis,e319340ccbf283dc9fa000fe7a38f5e0a6e9907a,2025-10,7,post,2025-10-23T11:15:29-06:00,2025-10-23T11:15:29-06:00,u79c699b29785a3d3,u79c699b29785a3d3@users.invalid,GitHub,noreply@github.com,1,0,7,1088,177,1,294,0,,,,,,0,1727,versions file and github action (#1727),versions file and github action (#1727)
panther-labs/panther-analysis,ea043005989dc2d95b18ef9c2379282d20344fc8,2025-10,7,post,2025-10-28T20:12:41Z,2025-10-28T16:12:41-04:00,u48935fb99deddefa,u48935fb99deddefa@users.invalid,GitHub,noreply@github.com,1,0,20,1027,11,5,152,0,,,,,,0,1743,[THREAT-557] Auth0 New rules - Part 2 (#1743),"[THREAT-557] Auth0 New rules - Part 2 (#1743)

Co-authored-by: u510b1d3cd2e0b8c3 <u510b1d3cd2e0b8c3@users.invalid>"
panther-labs/panther-analysis,6e345aacb1d0eedfb6d14a8031e0196cce472ab6,2025-10,7,post,2025-10-28T20:18:19Z,2025-10-28T14:18:19-06:00,uf3d47fdb28dafe67,uf3d47fdb28dafe67@users.invalid,GitHub,noreply@github.com,1,0,8,120,109,5,27,18,,,,,,0,1753,CrowdStrike rule improvements (#1753),"CrowdStrike rule improvements (#1753)

Co-authored-by: u510b1d3cd2e0b8c3 <u510b1d3cd2e0b8c3@users.invalid>"
panther-labs/panther-analysis,a834394d8c8ac9526b693ee708199931ba6867e0,2025-10,7,post,2025-10-28T20:31:17Z,2025-10-28T14:31:17-06:00,u17cae179bae1fe2a,u17cae179bae1fe2a@users.invalid,GitHub,noreply@github.com,1,0,4,12,0,0,0,0,,,,,,0,1751,add status field optional field (#1751),"add status field optional field (#1751)

Co-authored-by: u510b1d3cd2e0b8c3 <u510b1d3cd2e0b8c3@users.invalid>
Co-authored-by: uf3d47fdb28dafe67 <uf3d47fdb28dafe67@users.invalid>"
panther-labs/panther-analysis,920e9c0ecc77ab4c1a4bb673b2f3e23098c13274,2025-10,7,post,2025-10-28T14:59:16-06:00,2025-10-28T14:59:16-06:00,u79c699b29785a3d3,u79c699b29785a3d3@users.invalid,GitHub,noreply@github.com,1,0,7,177,1088,1,0,294,,,,,,1,1756,"Revert ""versions file and github action"" (#1756)","Revert ""versions file and github action"" (#1756)"
panther-labs/panther-analysis,d7ccb8da6b4177bdcc2ace0bbcab253f553e3493,2025-10,7,post,2025-10-31T15:05:26Z,2025-10-31T09:05:26-06:00,uf3d47fdb28dafe67,uf3d47fdb28dafe67@users.invalid,GitHub,noreply@github.com,1,0,1,3,5,0,0,0,,,,,,0,1758,Fix sync from upstream (#1758),Fix sync from upstream (#1758)
panther-labs/panther-analysis,8b93da7857b0edaa0778785ef084343057d99e39,2025-10,7,post,2025-10-31T15:11:08Z,2025-10-31T11:11:08-04:00,u48935fb99deddefa,u48935fb99deddefa@users.invalid,GitHub,noreply@github.com,1,0,8,281,1,2,54,0,,,,,,0,1748,GitHub Audit New Rules (#1748),"GitHub Audit New Rules (#1748)

Co-authored-by: u510b1d3cd2e0b8c3 <u510b1d3cd2e0b8c3@users.invalid>
Co-authored-by: uf3d47fdb28dafe67 <uf3d47fdb28dafe67@users.invalid>"
panther-labs/panther-analysis,d8e348d5151b95806478a1bc9b96aa8d7a453355,2025-10,7,post,2025-10-31T15:14:11Z,2025-10-31T18:14:11+03:00,u6747da448e4bec7f,u6747da448e4bec7f@users.invalid,GitHub,noreply@github.com,1,0,1,1,1,1,1,1,,,,,,0,1767,fix for slack user assigned admin permission username and email (#1767),fix for slack user assigned admin permission username and email (#1767)
panther-labs/panther-analysis,f6d26442263087d7a2b6c049965f59f26418cbef,2025-10,7,post,2025-10-31T15:16:32Z,2025-10-31T17:16:32+02:00,u7e50c06f7ec6d6c2,u7e50c06f7ec6d6c2@users.invalid,GitHub,noreply@github.com,1,0,3,2,12,0,0,0,,,,,,0,1772,Disable scheduled query auth0_brute_force.yml (#1772),"Disable scheduled query auth0_brute_force.yml (#1772)

Co-authored-by: u510b1d3cd2e0b8c3 <u510b1d3cd2e0b8c3@users.invalid>"
panther-labs/panther-analysis,b5c40a8ae072da35385087d15901db311e301850,2025-10,7,post,2025-10-31T15:17:53Z,2025-10-31T11:17:53-04:00,u48935fb99deddefa,u48935fb99deddefa@users.invalid,GitHub,noreply@github.com,1,0,1,1,12,1,1,12,,,,,,0,1769,Tune GitHub.Team.Modified (#1769),Tune GitHub.Team.Modified (#1769)
panther-labs/panther-analysis,0586ee13eace17853fdf2827ed5fc418aafae748,2025-10,7,post,2025-10-31T15:18:22Z,2025-10-31T11:18:22-04:00,u48935fb99deddefa,u48935fb99deddefa@users.invalid,GitHub,noreply@github.com,1,0,2,26,1,1,5,1,,,,,,0,1770,Tune GitHub.Repo.InitialAccess (#1770),Tune GitHub.Repo.InitialAccess (#1770)
panther-labs/panther-analysis,de7989d7d022e474bf2c4835f556a562df62bc05,2025-10,7,post,2025-10-31T15:18:52Z,2025-10-31T11:18:52-04:00,u48935fb99deddefa,u48935fb99deddefa@users.invalid,GitHub,noreply@github.com,1,0,1,1,4,1,1,4,,,,,,0,1771,Tune Crowdstrike.EppDetectionSummary (#1771),Tune Crowdstrike.EppDetectionSummary (#1771)
panther-labs/panther-analysis,644c45ce1cf902fc32bf9296f8f17f122d8c256c,2025-10,7,post,2025-10-31T15:18:57Z,2025-10-31T11:18:57-04:00,u48935fb99deddefa,u48935fb99deddefa@users.invalid,GitHub,noreply@github.com,1,0,1,10,2,1,10,2,,,,,,0,1768,Tune AWS.CloudTrail.UnauthorizedAPICall (#1768),"Tune AWS.CloudTrail.UnauthorizedAPICall (#1768)

Co-authored-by: uf3d47fdb28dafe67 <uf3d47fdb28dafe67@users.invalid>"
panther-labs/panther-analysis,0235e6c4d408df3af3568bd0f70baa5dcb87f025,2025-11,8,post,2025-11-04T15:50:16Z,2025-11-04T10:50:16-05:00,u48935fb99deddefa,u48935fb99deddefa@users.invalid,GitHub,noreply@github.com,1,0,7,719,1,2,94,0,,,,,,0,1754,Wiz Detections & Issue.Webhook Passthrough Rules (#1754),"Wiz Detections & Issue.Webhook Passthrough Rules (#1754)

Co-authored-by: u510b1d3cd2e0b8c3 <u510b1d3cd2e0b8c3@users.invalid>
Co-authored-by: uf3d47fdb28dafe67 <uf3d47fdb28dafe67@users.invalid>"
panther-labs/panther-analysis,27173ed4e18d913e8f84181cd2d0ae78709bde78,2025-11,8,post,2025-11-04T15:51:37Z,2025-11-04T10:51:37-05:00,u48935fb99deddefa,u48935fb99deddefa@users.invalid,GitHub,noreply@github.com,1,0,1,1,11,1,1,11,,,,,,0,1776,[THREAT-612] Tune GCP.BigQuery.Large.Scan (#1776),[THREAT-612] Tune GCP.BigQuery.Large.Scan (#1776)
panther-labs/panther-analysis,02bb8ee189dcd493e3554831346fc4334bf00e1a,2025-11,8,post,2025-11-04T16:04:02Z,2025-11-04T11:04:02-05:00,ub2a398df46f8d70f,ub2a398df46f8d70f@users.invalid,GitHub,noreply@github.com,1,0,4,18,18,2,3,3,,,,,,0,1752,update CrowdStrike detection fields for Detect deprecation (#1752),"update CrowdStrike detection fields for Detect deprecation (#1752)

Co-authored-by: uf3d47fdb28dafe67 <uf3d47fdb28dafe67@users.invalid>
Co-authored-by: u48935fb99deddefa <u48935fb99deddefa@users.invalid>"
panther-labs/panther-analysis,e6f640854a330b3753bc2828b2adedcbe68c6d6d,2025-11,8,post,2025-11-04T09:08:39-07:00,2025-11-04T09:08:39-07:00,uf3d47fdb28dafe67,uf3d47fdb28dafe67@users.invalid,GitHub,noreply@github.com,2,1,0,0,0,0,0,0,,,,,,0,,Merge branch 'main' into develop,Merge branch 'main' into develop
panther-labs/panther-analysis,6dd43ffc18655f008a31ff4d7b2def3a2211bd3f,2025-11,8,post,2025-11-04T09:13:19-07:00,2025-11-04T09:13:19-07:00,uf3d47fdb28dafe67,uf3d47fdb28dafe67@users.invalid,GitHub,noreply@github.com,2,1,0,0,0,0,0,0,,,,,,0,1777,Prepare for release v3.88.0 (#1777),Prepare for release v3.88.0 (#1777)
panther-labs/panther-analysis,df8b13afcc71f43b0f77ef88ae34e289c18ea45d,2025-11,8,post,2025-11-04T16:33:11Z,2025-11-04T11:33:11-05:00,u7be54602d2d98630,u7be54602d2d98630@users.invalid,GitHub,noreply@github.com,1,0,3,325,177,0,0,0,,,,,,0,1765,Update panther-analysis-tool to v1.2.0 (#1765),"Update panther-analysis-tool to v1.2.0 (#1765)

Co-authored-by: uf3d47fdb28dafe67 <uf3d47fdb28dafe67@users.invalid>
Co-authored-by: u353238d1cb8c4346 <u353238d1cb8c4346@users.invalid>"
panther-labs/panther-analysis,b61509e16848a07e52b3043f8dedb669e535a6e6,2025-11,8,post,2025-11-07T16:59:42Z,2025-11-07T19:59:42+03:00,u6747da448e4bec7f,u6747da448e4bec7f@users.invalid,GitHub,noreply@github.com,1,0,1,7,0,1,7,0,,,,,,0,1775,Better title for Slack.AuditLogs.PrivateChannelMadePublic (#1775),Better title for Slack.AuditLogs.PrivateChannelMadePublic (#1775)
panther-labs/panther-analysis,5e4c605ad9eaaa3c567c73dada16f5ce9572aeda,2025-11,8,post,2025-11-12T15:43:21Z,2025-11-12T10:43:21-05:00,dependabot[bot],49699333+dependabot[bot]@users.noreply.github.com,GitHub,noreply@github.com,1,0,1,1,1,0,0,0,,,,,dependabot,0,1781,build(deps): bump docker/setup-qemu-action from 3.6.0 to 3.7.0 (#1781),"build(deps): bump docker/setup-qemu-action from 3.6.0 to 3.7.0 (#1781)

Signed-off-by: dependabot[bot] <ufab77f7a199e1613@users.invalid>
Co-authored-by: dependabot[bot] <49699333+dependabot[bot]@users.noreply.github.com>"
panther-labs/panther-analysis,aff7037cba2896ac6a429efebcc6c3a1e563d361,2025-11,8,post,2025-11-12T15:43:33Z,2025-11-12T10:43:33-05:00,dependabot[bot],49699333+dependabot[bot]@users.noreply.github.com,GitHub,noreply@github.com,1,0,0,0,0,0,0,0,,,,,dependabot,0,1782,build(deps): bump docker/setup-qemu-action from 3.6.0 to 3.7.0 in /.github/workflows (#1782),"build(deps): bump docker/setup-qemu-action from 3.6.0 to 3.7.0 in /.github/workflows (#1782)

Signed-off-by: dependabot[bot] <ufab77f7a199e1613@users.invalid>
Co-authored-by: dependabot[bot] <49699333+dependabot[bot]@users.noreply.github.com>"
panther-labs/panther-analysis,bc9051889a1f0d0be2aa1848f526b20ddd7fc835,2025-11,8,post,2025-11-12T15:45:37Z,2025-11-12T10:45:37-05:00,u48935fb99deddefa,u48935fb99deddefa@users.invalid,GitHub,noreply@github.com,1,0,25,2347,61,9,573,49,,,,,,0,1755,[THREAT-560] GitHub Rules (#1755),"[THREAT-560] GitHub Rules (#1755)

Co-authored-by: u510b1d3cd2e0b8c3 <u510b1d3cd2e0b8c3@users.invalid>"
panther-labs/panther-analysis,ae0ca142f34aefc444b04b35ce6415e8199d1f41,2025-11,8,post,2025-11-12T15:53:25Z,2025-11-12T08:53:25-07:00,uf3d47fdb28dafe67,uf3d47fdb28dafe67@users.invalid,GitHub,noreply@github.com,1,0,1,70,6,1,70,6,,,,,,0,1780,fix scrub unit tests script (#1780),"fix scrub unit tests script (#1780)

Co-authored-by: u48935fb99deddefa <u48935fb99deddefa@users.invalid>"
panther-labs/panther-analysis,273b7f2a1c543d59cbe9d7972df593a950bb862e,2025-11,8,post,2025-11-12T16:39:42Z,2025-11-12T09:39:42-07:00,uf3d47fdb28dafe67,uf3d47fdb28dafe67@users.invalid,GitHub,noreply@github.com,1,0,31,61,64,0,0,0,,,,,,0,1774,Migrate Beta to Status: Experimental (#1774),Migrate Beta to Status: Experimental (#1774)
panther-labs/panther-analysis,63696d515fa203a5afffbc490bb680a51edb071e,2025-11,8,post,2025-11-12T09:42:26-07:00,2025-11-12T09:42:26-07:00,uf3d47fdb28dafe67,uf3d47fdb28dafe67@users.invalid,GitHub,noreply@github.com,2,1,0,0,0,0,0,0,,,,,,0,,Merge branch 'main' into develop,Merge branch 'main' into develop
panther-labs/panther-analysis,902e54d71c8471814258d8a2ddf869798cfc770e,2025-11,8,post,2025-11-12T09:44:56-07:00,2025-11-12T09:44:56-07:00,uf3d47fdb28dafe67,uf3d47fdb28dafe67@users.invalid,GitHub,noreply@github.com,2,1,0,0,0,0,0,0,,,,,,0,1783,Release v3.89.0 (#1783),Release v3.89.0 (#1783)
panther-labs/panther-analysis,3bda9e479b279fb0a89dd715276bee0a0387a5f6,2025-11,8,post,2025-11-12T17:17:56Z,2025-11-12T10:17:56-07:00,u79c699b29785a3d3,u79c699b29785a3d3@users.invalid,GitHub,noreply@github.com,1,0,7,934,105,1,294,0,,,,,,0,1757,versioning take 2 (#1757),"versioning take 2 (#1757)

Co-authored-by: u510b1d3cd2e0b8c3 <u510b1d3cd2e0b8c3@users.invalid>
Co-authored-by: uf3d47fdb28dafe67 <uf3d47fdb28dafe67@users.invalid>"
panther-labs/panther-analysis,fbccb0dc8f7e6710d4c857e813b8eac30c1aaf03,2025-11,8,post,2025-11-12T10:33:58-07:00,2025-11-12T10:33:58-07:00,uf3d47fdb28dafe67,uf3d47fdb28dafe67@users.invalid,GitHub,noreply@github.com,2,1,0,0,0,0,0,0,,,,,,0,,Merge branch 'main' into develop,Merge branch 'main' into develop
panther-labs/panther-analysis,ec5bb47d57de4488b59bbee03c5e30e95f224e98,2025-11,8,post,2025-11-12T10:45:37-07:00,2025-11-12T10:45:37-07:00,uf3d47fdb28dafe67,uf3d47fdb28dafe67@users.invalid,GitHub,noreply@github.com,2,1,0,0,0,0,0,0,,,,,,0,1784,Patch release v3.90.0 (#1784),Patch release v3.90.0 (#1784)
panther-labs/panther-analysis,8234286850f845d3de5ab246801c4ca9dd140bf7,2025-11,8,post,2025-11-17T23:32:03Z,2025-11-17T18:32:03-05:00,u48935fb99deddefa,u48935fb99deddefa@users.invalid,GitHub,noreply@github.com,1,0,19,1843,0,7,245,0,,,,,,0,1778,[THREAT-544] Gsuite Gmail Rules (#1778),"[THREAT-544] Gsuite Gmail Rules (#1778)

Co-authored-by: u510b1d3cd2e0b8c3 <u510b1d3cd2e0b8c3@users.invalid>"
panther-labs/panther-analysis,f6723fdf7bb91093a4bc2848f02ce7517487f646,2025-11,8,post,2025-11-17T23:33:40Z,2025-11-17T16:33:40-07:00,u79c699b29785a3d3,u79c699b29785a3d3@users.invalid,GitHub,noreply@github.com,1,0,1,33,25,0,0,0,,,,,,0,1785,generate versions action creates pr (#1785),generate versions action creates pr (#1785)
panther-labs/panther-analysis,c2dffa5288381a662d6b711958316d901af38c11,2025-11,8,post,2025-11-18T16:06:59Z,2025-11-18T11:06:59-05:00,u48935fb99deddefa,u48935fb99deddefa@users.invalid,GitHub,noreply@github.com,1,0,7,42,42,0,0,0,,,,,,0,1790,Change Level to str type in Azure.Audit unit tests (#1790),Change Level to str type in Azure.Audit unit tests (#1790)
panther-labs/panther-analysis,402793269a1fcda0536f7e25c10139cf2293c2aa,2025-11,8,post,2025-11-18T09:11:07-07:00,2025-11-18T09:11:07-07:00,uf3d47fdb28dafe67,uf3d47fdb28dafe67@users.invalid,GitHub,noreply@github.com,2,1,0,0,0,0,0,0,,,,,,0,,Merge branch 'main' into develop,Merge branch 'main' into develop
panther-labs/panther-analysis,26da01dbc7d54e8e78dcea4a8e1cc4dcdc2b6df0,2025-11,8,post,2025-11-18T09:16:15-07:00,2025-11-18T09:16:15-07:00,uf3d47fdb28dafe67,uf3d47fdb28dafe67@users.invalid,GitHub,noreply@github.com,2,1,0,0,0,0,0,0,,,,,,0,1797,Prepare for release v3.91.0 (#1797),Prepare for release v3.91.0 (#1797)
panther-labs/panther-analysis,7e992f90dc9285aa02f89a95ef0bbdcdf23ddbe1,2025-11,8,post,2025-11-18T16:17:12Z,2025-11-18T16:17:12Z,u510b1d3cd2e0b8c3,u510b1d3cd2e0b8c3@users.invalid,u510b1d3cd2e0b8c3,u510b1d3cd2e0b8c3@users.invalid,1,0,1,9176,0,0,0,0,,,,,,0,,Auto-generated .versions.yml file,Auto-generated .versions.yml file
panther-labs/panther-analysis,ecd55b975cdef441d4e2d306e598b27b3b41ac2a,2025-11,8,post,2025-11-18T09:20:38-07:00,2025-11-18T09:20:38-07:00,uf3d47fdb28dafe67,uf3d47fdb28dafe67@users.invalid,GitHub,noreply@github.com,2,1,0,0,0,0,0,0,,,,,,0,1798,Auto-generated .versions.yml file (#1798),Auto-generated .versions.yml file (#1798)
panther-labs/panther-analysis,eee05daa8c373627569ace928031cb0c3f4ad92a,2025-11,8,post,2025-11-18T19:24:19Z,2025-11-18T12:24:19-07:00,uf3d47fdb28dafe67,uf3d47fdb28dafe67@users.invalid,GitHub,noreply@github.com,1,0,1,1,0,0,0,0,,,,,,0,1799,Add branch input to release workflow (#1799),Add branch input to release workflow (#1799)
panther-labs/panther-analysis,dae0f9b510a5a6ab285ee2820cc8b53640ec884f,2025-11,8,post,2025-11-20T12:28:11-07:00,2025-11-20T12:28:11-07:00,uf3d47fdb28dafe67,uf3d47fdb28dafe67@users.invalid,GitHub,noreply@github.com,2,1,0,0,0,0,0,0,,,,,,0,,Merge branch 'main' into develop,Merge branch 'main' into develop
panther-labs/panther-analysis,6abb299707fc178dec60329c748b1351315722db,2025-11,8,post,2025-11-20T12:32:37-07:00,2025-11-20T12:32:37-07:00,uf3d47fdb28dafe67,uf3d47fdb28dafe67@users.invalid,GitHub,noreply@github.com,2,1,0,0,0,0,0,0,,,,,,0,1800,Release 3.93 (#1800),Release 3.93 (#1800)
panther-labs/panther-analysis,577f3c47f5e479a1e45465e162af97e8924db25d,2025-11,8,post,2025-11-24T16:02:20Z,2025-11-24T11:02:20-05:00,u598ff43f3caa08e0,u598ff43f3caa08e0@users.invalid,GitHub,noreply@github.com,1,0,1,219,0,0,0,0,,,,,,0,1802,Add files via upload (#1802),Add files via upload (#1802)
panther-labs/panther-analysis,3ba97bf643ad0bd54f502b6214ce145c8a02106c,2025-11,8,post,2025-11-24T16:04:16Z,2025-11-24T18:04:16+02:00,ue64497c4f5cdffb3,ue64497c4f5cdffb3@users.invalid,GitHub,noreply@github.com,1,0,24,474,665,4,82,105,,,,,,0,1773,THREAT-586 Migrate GSuite rules to use ActivityEvent (#1773),"THREAT-586 Migrate GSuite rules to use ActivityEvent (#1773)

Co-authored-by: u48935fb99deddefa <u48935fb99deddefa@users.invalid>
Co-authored-by: u510b1d3cd2e0b8c3 <u510b1d3cd2e0b8c3@users.invalid>"
panther-labs/panther-analysis,1b827798c57e0378a2dac443d5e0d45200f60477,2025-11,8,post,2025-11-24T16:05:02Z,2025-11-24T18:05:02+02:00,dependabot[bot],49699333+dependabot[bot]@users.noreply.github.com,GitHub,noreply@github.com,1,0,14,18,18,0,0,0,,,,,dependabot,0,1810,build(deps): bump actions/checkout from 4 to 6 (#1810),"build(deps): bump actions/checkout from 4 to 6 (#1810)

Signed-off-by: dependabot[bot] <ufab77f7a199e1613@users.invalid>
Co-authored-by: dependabot[bot] <49699333+dependabot[bot]@users.noreply.github.com>"
panther-labs/panther-analysis,15cd972e6e6f8accd8ba8769fcf2dcce0e4f1d5a,2025-11,8,post,2025-11-24T16:12:05Z,2025-11-24T09:12:05-07:00,dependabot[bot],49699333+dependabot[bot]@users.noreply.github.com,GitHub,noreply@github.com,1,0,0,0,0,0,0,0,,,,,dependabot,0,1812,build(deps): bump actions/checkout from 4 to 6 in /.github/workflows (#1812),"build(deps): bump actions/checkout from 4 to 6 in /.github/workflows (#1812)

Signed-off-by: dependabot[bot] <ufab77f7a199e1613@users.invalid>
Co-authored-by: dependabot[bot] <49699333+dependabot[bot]@users.noreply.github.com>"
panther-labs/panther-analysis,1cd72ce81e5da87555c7b3734487324494f2d0db,2025-11,8,post,2025-11-25T19:52:24Z,2025-11-25T14:52:24-05:00,u48935fb99deddefa,u48935fb99deddefa@users.invalid,GitHub,noreply@github.com,1,0,7,189,1,1,21,0,,,,,,0,1826,Github rules to detect Sha1-Hulud 2.0 Activity (#1826),"Github rules to detect Sha1-Hulud 2.0 Activity (#1826)

Co-authored-by: u510b1d3cd2e0b8c3 <u510b1d3cd2e0b8c3@users.invalid>"
panther-labs/panther-analysis,f7642313e2a9aa8cedd30e5dec8f765f3ee234de,2025-11,8,post,2025-11-25T20:53:06Z,2025-11-25T15:53:06-05:00,u48935fb99deddefa,u48935fb99deddefa@users.invalid,GitHub,noreply@github.com,1,0,2,2,8,0,0,0,,,,,,0,1827,Fix duplicated entries for GSuite.ActivityEvent (#1827),Fix duplicated entries for GSuite.ActivityEvent (#1827)
panther-labs/panther-analysis,ded85c78dab60c50caeef5604269238bff8dd65e,2025-11,8,post,2025-11-27T14:50:53Z,2025-11-27T09:50:53-05:00,u598ff43f3caa08e0,u598ff43f3caa08e0@users.invalid,GitHub,noreply@github.com,1,0,3,3,3,0,0,0,,,,,,0,1814,Updating Runbook Markdown Syntax for GCP K8s Rules (#1814),"Updating Runbook Markdown Syntax for GCP K8s Rules (#1814)

Co-authored-by: u48935fb99deddefa <u48935fb99deddefa@users.invalid>"
panther-labs/panther-analysis,116c7c33ed9f1652b6cdc91760bd398c40c236ad,2025-11,8,post,2025-11-27T15:21:01Z,2025-11-27T10:21:01-05:00,u598ff43f3caa08e0,u598ff43f3caa08e0@users.invalid,GitHub,noreply@github.com,1,0,7,13,13,0,0,0,,,,,,0,1815,Updating Runbook Markdown Syntax for Github Rules (#1815),"Updating Runbook Markdown Syntax for Github Rules (#1815)

Co-authored-by: u48935fb99deddefa <u48935fb99deddefa@users.invalid>"
panther-labs/panther-analysis,d94c45e487d6c876e30ebf058283f9aa10947223,2025-11,8,post,2025-11-27T15:25:47Z,2025-11-27T10:25:47-05:00,u598ff43f3caa08e0,u598ff43f3caa08e0@users.invalid,GitHub,noreply@github.com,1,0,6,6,6,0,0,0,,,,,,0,1816,Updating Runbook Markdown Syntax for Gsuite Activity Rules (#1816),"Updating Runbook Markdown Syntax for Gsuite Activity Rules (#1816)

Co-authored-by: u48935fb99deddefa <u48935fb99deddefa@users.invalid>"
panther-labs/panther-analysis,bff949ab2b806e65ad2ea57e5531a7c2f2d02ffd,2025-11,8,post,2025-11-27T16:07:01Z,2025-11-27T11:07:01-05:00,u598ff43f3caa08e0,u598ff43f3caa08e0@users.invalid,GitHub,noreply@github.com,1,0,1,1,1,0,0,0,,,,,,0,1817,Updating Runbook Markdown Syntax for Gsuite Reports Rules (#1817),"Updating Runbook Markdown Syntax for Gsuite Reports Rules (#1817)

Co-authored-by: u48935fb99deddefa <u48935fb99deddefa@users.invalid>"
panther-labs/panther-analysis,ec12ac348a26cdf58e484a4bd34a764e3a28c2ba,2025-11,8,post,2025-11-27T16:12:22Z,2025-11-27T11:12:22-05:00,u598ff43f3caa08e0,u598ff43f3caa08e0@users.invalid,GitHub,noreply@github.com,1,0,1,2,2,0,0,0,,,,,,0,1818,Updating Runbook Markdown Syntax for Microsoft Rules (#1818),"Updating Runbook Markdown Syntax for Microsoft Rules (#1818)

Co-authored-by: u48935fb99deddefa <u48935fb99deddefa@users.invalid>"
panther-labs/panther-analysis,8c960d7664d0b45527cc3f070f406016055718b4,2025-11,8,post,2025-11-27T16:16:04Z,2025-11-27T11:16:04-05:00,u598ff43f3caa08e0,u598ff43f3caa08e0@users.invalid,GitHub,noreply@github.com,1,0,1,1,1,0,0,0,,,,,,0,1819,Updating Runbook Markdown Syntax for Okta Rules (#1819),Updating Runbook Markdown Syntax for Okta Rules (#1819)
panther-labs/panther-analysis,c151944273f94db302f17ef97d29ffd474cc5cb6,2025-11,8,post,2025-11-27T16:18:56Z,2025-11-27T11:18:56-05:00,u598ff43f3caa08e0,u598ff43f3caa08e0@users.invalid,GitHub,noreply@github.com,1,0,6,6,6,0,0,0,,,,,,0,1820,Updating Runbook Markdown Syntax for Snyk Rules (#1820),Updating Runbook Markdown Syntax for Snyk Rules (#1820)
panther-labs/panther-analysis,d536ff940fbd0c4cc4fe3a62379bbffbb70284ee,2025-11,8,post,2025-11-27T16:19:38Z,2025-11-27T11:19:38-05:00,u598ff43f3caa08e0,u598ff43f3caa08e0@users.invalid,GitHub,noreply@github.com,1,0,1,1,1,0,0,0,,,,,,0,1821,Updating Runbook Markdown Syntax for Standard Rules (#1821),Updating Runbook Markdown Syntax for Standard Rules (#1821)
panther-labs/panther-analysis,a0ccb97a72010ef8562d4a320a3c1a82f8cd5757,2025-11,8,post,2025-11-27T16:22:53Z,2025-11-27T11:22:53-05:00,u598ff43f3caa08e0,u598ff43f3caa08e0@users.invalid,GitHub,noreply@github.com,1,0,1,1,1,0,0,0,,,,,,0,1822,Updating Runbook Markdown Syntax for AWS S3 Policies (#1822),Updating Runbook Markdown Syntax for AWS S3 Policies (#1822)
panther-labs/panther-analysis,3e0b9f4d521c41ce5ca0fa5edb6f3ddd49227f5b,2025-11,8,post,2025-11-27T16:23:06Z,2025-11-27T11:23:06-05:00,u598ff43f3caa08e0,u598ff43f3caa08e0@users.invalid,GitHub,noreply@github.com,1,0,2,2,2,0,0,0,,,,,,0,1823,Updating Runbook Markdown Syntax for AWS Cloudformation Policies (#1823),Updating Runbook Markdown Syntax for AWS Cloudformation Policies (#1823)
panther-labs/panther-analysis,dffd4b1c02724ef4a2545be18aaf05289e7fd6c9,2025-11,8,post,2025-11-27T16:45:32Z,2025-11-27T11:45:32-05:00,u598ff43f3caa08e0,u598ff43f3caa08e0@users.invalid,GitHub,noreply@github.com,1,0,1,1,1,0,0,0,,,,,,0,1824,Updating Runbook Markdown Syntax for AWS Cloudwatch Policies (#1824),Updating Runbook Markdown Syntax for AWS Cloudwatch Policies (#1824)
panther-labs/panther-analysis,983add9ceefd5fd48d6007062adaa146a2e5a56c,2025-11,8,post,2025-11-27T16:45:41Z,2025-11-27T11:45:41-05:00,u598ff43f3caa08e0,u598ff43f3caa08e0@users.invalid,GitHub,noreply@github.com,1,0,1,1,1,0,0,0,,,,,,0,1825,Updating Runbook Markdown Syntax for AWS RDS Policies (#1825),Updating Runbook Markdown Syntax for AWS RDS Policies (#1825)
panther-labs/panther-analysis,539e96ee4fa4c19ba3cff1226d88073ff201afe1,2025-12,9,post,2025-12-01T18:59:19Z,2025-12-01T13:59:19-05:00,u598ff43f3caa08e0,u598ff43f3caa08e0@users.invalid,GitHub,noreply@github.com,1,0,18,18,18,0,0,0,,,,,,0,1804,Updating Runbook Markdown Syntax for AWS Cloudtrail rules (#1804),Updating Runbook Markdown Syntax for AWS Cloudtrail rules (#1804)
panther-labs/panther-analysis,3b6acd784722c15f25016c7082229fab0d2722af,2025-12,9,post,2025-12-01T18:59:46Z,2025-12-01T13:59:46-05:00,u598ff43f3caa08e0,u598ff43f3caa08e0@users.invalid,GitHub,noreply@github.com,1,0,1,1,1,0,0,0,,,,,,0,1805,Updating Runbook Markdown Syntax for AWS EKS rules  (#1805),Updating Runbook Markdown Syntax for AWS EKS rules  (#1805)
panther-labs/panther-analysis,051b135aac0970078117c7a32bacf8f66bd44b6f,2025-12,9,post,2025-12-01T19:00:28Z,2025-12-01T14:00:28-05:00,u598ff43f3caa08e0,u598ff43f3caa08e0@users.invalid,GitHub,noreply@github.com,1,0,1,2,2,0,0,0,,,,,,0,1806,Updating Runbook Markdown Syntax for Azure Failed SignIns Rule (#1806),Updating Runbook Markdown Syntax for Azure Failed SignIns Rule (#1806)
panther-labs/panther-analysis,039d484bc4d6983b187dacf3619a54164544b8ad,2025-12,9,post,2025-12-01T19:00:36Z,2025-12-01T14:00:36-05:00,u598ff43f3caa08e0,u598ff43f3caa08e0@users.invalid,GitHub,noreply@github.com,1,0,1,1,1,0,0,0,,,,,,0,1807,Updating Runbook Markdown Syntax for Cisco rules (#1807),Updating Runbook Markdown Syntax for Cisco rules (#1807)
panther-labs/panther-analysis,c38da48ee8b246c15cddefb988dc9fe6a4bea58c,2025-12,9,post,2025-12-01T19:00:58Z,2025-12-01T14:00:58-05:00,u598ff43f3caa08e0,u598ff43f3caa08e0@users.invalid,GitHub,noreply@github.com,1,0,5,8,8,0,0,0,,,,,,0,1808,Updating Runbook Markdown Syntax for GCP Audit Rules (#1808),Updating Runbook Markdown Syntax for GCP Audit Rules (#1808)
panther-labs/panther-analysis,200db1918c6489c70659ddec54eeafc73378986d,2025-12,9,post,2025-12-01T19:03:48Z,2025-12-01T12:03:48-07:00,uf3d47fdb28dafe67,uf3d47fdb28dafe67@users.invalid,GitHub,noreply@github.com,1,0,32,115,8,0,0,0,,,,,,0,1659,Tagging rules with Stratus Red Team techniques (#1659),"Tagging rules with Stratus Red Team techniques (#1659)

Co-authored-by: ua76662008eb3491f <ua76662008eb3491f@users.invalid>
Co-authored-by: u598ff43f3caa08e0 <u598ff43f3caa08e0@users.invalid>"
panther-labs/panther-analysis,3046555672cb2819c69d490d4ea0141e9d58b9ab,2025-12,9,post,2025-12-02T08:55:15-07:00,2025-12-02T08:55:15-07:00,uf3d47fdb28dafe67,uf3d47fdb28dafe67@users.invalid,GitHub,noreply@github.com,2,1,0,0,0,0,0,0,,,,,,0,,Merge branch 'main' into develop,Merge branch 'main' into develop
panther-labs/panther-analysis,c611d6ef0183833e3e82881750c70a25b0dc90be,2025-12,9,post,2025-12-02T08:57:06-07:00,2025-12-02T08:57:06-07:00,uf3d47fdb28dafe67,uf3d47fdb28dafe67@users.invalid,GitHub,noreply@github.com,2,1,0,0,0,0,0,0,,,,,,0,1831,Prepare for release v3.94.0 (#1831),Prepare for release v3.94.0 (#1831)
panther-labs/panther-analysis,a6ba76df7e1b5b7b697ec9d5095e00e1a483ea28,2025-12,9,post,2025-12-02T15:57:56Z,2025-12-02T15:57:56Z,u510b1d3cd2e0b8c3,u510b1d3cd2e0b8c3@users.invalid,u510b1d3cd2e0b8c3,u510b1d3cd2e0b8c3@users.invalid,1,0,1,611,196,0,0,0,,,,,,0,,Auto-generated .versions.yml file,Auto-generated .versions.yml file
panther-labs/panther-analysis,f83abb830f73984b8737908a5a6548b6ac50921c,2025-12,9,post,2025-12-02T11:08:38-05:00,2025-12-02T11:08:38-05:00,u48935fb99deddefa,u48935fb99deddefa@users.invalid,GitHub,noreply@github.com,2,1,0,0,0,0,0,0,,,,,,0,1832,Auto-generated .versions.yml file (#1832),Auto-generated .versions.yml file (#1832)
panther-labs/panther-analysis,84cb2191697a04f0d6b3f3e9435c1682b28c5b23,2025-12,9,post,2025-12-08T12:31:51-07:00,2025-12-08T12:31:51-07:00,u79c699b29785a3d3,u79c699b29785a3d3@users.invalid,GitHub,noreply@github.com,1,0,2,29,42,1,28,42,,,,,,0,1834,Updating delete rules script to use latest code (#1834),Updating delete rules script to use latest code (#1834)
panther-labs/panther-analysis,79f852e5ee7e19e70f097ff646febf5607193712,2025-12,9,post,2025-12-09T15:30:57Z,2025-12-09T10:30:57-05:00,u48935fb99deddefa,u48935fb99deddefa@users.invalid,GitHub,noreply@github.com,1,0,27,2339,4,11,360,3,,,,,,0,1833,[THREAT-583] AWS S3 Ransomware Detection Rules (#1833),"[THREAT-583] AWS S3 Ransomware Detection Rules (#1833)

Co-authored-by: u510b1d3cd2e0b8c3 <u510b1d3cd2e0b8c3@users.invalid>"
panther-labs/panther-analysis,a0bc15288082d591868e23ad402e48f31c75eb15,2025-12,9,post,2025-12-09T16:04:16Z,2025-12-09T09:04:16-07:00,dependabot[bot],49699333+dependabot[bot]@users.noreply.github.com,GitHub,noreply@github.com,1,0,1,94,65,0,0,0,,,,,dependabot,0,1830,build(deps-dev): bump werkzeug from 3.1.3 to 3.1.4 (#1830),"build(deps-dev): bump werkzeug from 3.1.3 to 3.1.4 (#1830)

Signed-off-by: dependabot[bot] <ufab77f7a199e1613@users.invalid>
Co-authored-by: dependabot[bot] <49699333+dependabot[bot]@users.noreply.github.com>"
panther-labs/panther-analysis,4829be82a005469d8ba38023e605ab5c160a34d7,2025-12,9,post,2025-12-09T16:04:19Z,2025-12-09T09:04:19-07:00,dependabot[bot],49699333+dependabot[bot]@users.noreply.github.com,GitHub,noreply@github.com,1,0,14,18,18,0,0,0,,,,,dependabot,0,1837,build(deps): bump actions/checkout from 6.0.0 to 6.0.1 in /.github/workflows (#1837),"build(deps): bump actions/checkout from 6.0.0 to 6.0.1 in /.github/workflows (#1837)

Signed-off-by: dependabot[bot] <ufab77f7a199e1613@users.invalid>
Co-authored-by: dependabot[bot] <49699333+dependabot[bot]@users.noreply.github.com>
Co-authored-by: uf3d47fdb28dafe67 <uf3d47fdb28dafe67@users.invalid>"
panther-labs/panther-analysis,54a793c5a33c0efdc0fbd8e581cd6973bd2cf7a1,2025-12,9,post,2025-12-09T16:04:45Z,2025-12-09T09:04:45-07:00,dependabot[bot],49699333+dependabot[bot]@users.noreply.github.com,GitHub,noreply@github.com,1,0,1,1,1,0,0,0,,,,,dependabot,0,1829,build(deps): bump aws-actions/configure-aws-credentials from 5.1.0 to 5.1.1 in /.github/workflows (#1829),"build(deps): bump aws-actions/configure-aws-credentials from 5.1.0 to 5.1.1 in /.github/workflows (#1829)

Signed-off-by: dependabot[bot] <ufab77f7a199e1613@users.invalid>
Co-authored-by: dependabot[bot] <49699333+dependabot[bot]@users.noreply.github.com>"
panther-labs/panther-analysis,9e8f9cd20a909cffb1b4c0b929673f9a16f0fd19,2025-12,9,post,2025-12-09T16:09:06Z,2025-12-09T16:09:06Z,dependabot[bot],49699333+dependabot[bot]@users.noreply.github.com,GitHub,noreply@github.com,1,0,1,1,1,0,0,0,,,,,dependabot,0,1813,build(deps): bump actions/setup-python from 4 to 6 in /.github/workflows (#1813),"build(deps): bump actions/setup-python from 4 to 6 in /.github/workflows (#1813)

Signed-off-by: dependabot[bot] <ufab77f7a199e1613@users.invalid>
Co-authored-by: dependabot[bot] <49699333+dependabot[bot]@users.noreply.github.com>
Co-authored-by: uf3d47fdb28dafe67 <uf3d47fdb28dafe67@users.invalid>"
panther-labs/panther-analysis,a92d7bcffb3c1c0a749e0a41aa2fb8f84439e6f1,2025-12,9,post,2025-12-09T09:14:06-07:00,2025-12-09T09:14:06-07:00,uf3d47fdb28dafe67,uf3d47fdb28dafe67@users.invalid,GitHub,noreply@github.com,2,1,0,0,0,0,0,0,,,,,,0,,Merge branch 'main' into develop,Merge branch 'main' into develop
panther-labs/panther-analysis,218a2a5e0c41e6b37c61c49b24c340e2ac114142,2025-12,9,post,2025-12-09T09:16:02-07:00,2025-12-09T09:16:02-07:00,uf3d47fdb28dafe67,uf3d47fdb28dafe67@users.invalid,GitHub,noreply@github.com,2,1,0,0,0,0,0,0,,,,,,0,1838,Version 3.95.0 (#1838),Version 3.95.0 (#1838)
panther-labs/panther-analysis,7de26672daed65a4a1db2f553ac037e05d59874a,2025-12,9,post,2025-12-09T16:17:01Z,2025-12-09T16:17:01Z,u510b1d3cd2e0b8c3,u510b1d3cd2e0b8c3@users.invalid,u510b1d3cd2e0b8c3,u510b1d3cd2e0b8c3@users.invalid,1,0,1,120,8,0,0,0,,,,,,0,,Auto-generated .versions.yml file,Auto-generated .versions.yml file
panther-labs/panther-analysis,57116616cfe78fa7fdda1b21853104e2d31166eb,2025-12,9,post,2025-12-09T11:19:06-05:00,2025-12-09T11:19:06-05:00,u598ff43f3caa08e0,u598ff43f3caa08e0@users.invalid,GitHub,noreply@github.com,2,1,0,0,0,0,0,0,,,,,,0,1839,Auto-generated .versions.yml file (#1839),Auto-generated .versions.yml file (#1839)
panther-labs/panther-analysis,ae00a44287d38112487da47f821f6bf912302774,2025-12,9,post,2025-12-10T17:48:48Z,2025-12-10T18:48:48+01:00,u5b044270b6ecf5f8,u5b044270b6ecf5f8@users.invalid,GitHub,noreply@github.com,1,0,1,2,2,1,2,2,,,,,,0,1840,Use alternateId by default instead of displayName (#1840),Use alternateId by default instead of displayName (#1840)
panther-labs/panther-analysis,25aec50a6be20feadbf7244452b3e06297af0f20,2025-12,9,post,2025-12-17T15:58:16Z,2025-12-17T10:58:16-05:00,u48935fb99deddefa,u48935fb99deddefa@users.invalid,GitHub,noreply@github.com,1,0,6,223,0,1,77,0,,,,,,0,1848,GCP LB React2Shell Detection Rule (#1848),"GCP LB React2Shell Detection Rule (#1848)

Co-authored-by: u510b1d3cd2e0b8c3 <u510b1d3cd2e0b8c3@users.invalid>"
panther-labs/panther-analysis,5adb0c917ab2c158aabaa273753141bad7f9ecf4,2025-12,9,post,2025-12-17T16:00:13Z,2025-12-17T11:00:13-05:00,u48935fb99deddefa,u48935fb99deddefa@users.invalid,GitHub,noreply@github.com,1,0,5,137,0,1,21,0,,,,,,0,1849,Cloudflare Firewall React2Shell Detection Rule (#1849),"Cloudflare Firewall React2Shell Detection Rule (#1849)

Co-authored-by: u510b1d3cd2e0b8c3 <u510b1d3cd2e0b8c3@users.invalid>"
panther-labs/panther-analysis,32d221e996afcabe358615e3a9f9fa991ef99af7,2025-12,9,post,2025-12-17T16:24:28Z,2025-12-17T11:24:28-05:00,u598ff43f3caa08e0,u598ff43f3caa08e0@users.invalid,GitHub,noreply@github.com,1,0,5,203,2,1,77,0,,,,,,0,1853,React2shell aws rules (#1853),React2shell aws rules (#1853)
panther-labs/panther-analysis,874b8122d138684e08a8b98cdf8afd16a7a9cff9,2025-12,9,post,2025-12-17T11:27:37-07:00,2025-12-17T11:27:37-07:00,uf3d47fdb28dafe67,uf3d47fdb28dafe67@users.invalid,GitHub,noreply@github.com,2,1,0,0,0,0,0,0,,,,,,0,,Merge branch 'main' into develop,Merge branch 'main' into develop
panther-labs/panther-analysis,d1c829a36bb1f76ed6f52e583ef43eae407515b1,2025-12,9,post,2025-12-17T11:29:35-07:00,2025-12-17T11:29:35-07:00,uf3d47fdb28dafe67,uf3d47fdb28dafe67@users.invalid,GitHub,noreply@github.com,2,1,0,0,0,0,0,0,,,,,,0,1854,Prep for v3.96.0 (#1854),Prep for v3.96.0 (#1854)
panther-labs/panther-analysis,90db3d4468fb48b3b5973090da6262d7c6fb92f7,2025-12,9,post,2025-12-17T11:35:58-07:00,2025-12-17T20:35:58+02:00,u7be54602d2d98630,u7be54602d2d98630@users.invalid,GitHub,noreply@github.com,1,0,1,48,8,0,0,0,,,,,,0,1855,Auto-generated .versions.yml file (#1855),Auto-generated .versions.yml file (#1855)
panther-labs/panther-analysis,31be7eb8c2b623152114fe55d13452056b917304,2025-12,9,post,2025-12-23T08:32:45-07:00,2025-12-23T18:32:45+03:00,u6747da448e4bec7f,u6747da448e4bec7f@users.invalid,GitHub,noreply@github.com,1,0,1,34,0,1,34,0,,,,,,0,1809,Added title function for Slack.AuditLogs.PassthroughAnomaly (#1809),Added title function for Slack.AuditLogs.PassthroughAnomaly (#1809)
panther-labs/panther-analysis,2fa78b24a33102c638e050c740a63809dd1ee0ac,2025-12,9,post,2025-12-23T15:32:58Z,2025-12-23T07:32:58-08:00,u02ae909f24248cfc,u02ae909f24248cfc@users.invalid,GitHub,noreply@github.com,1,0,1,3,1,1,3,1,,,,,,0,1779,Finetune a policy to avoid false positive created due to case-sensitivity. (#1779),"Finetune a policy to avoid false positive created due to case-sensitivity. (#1779)

Co-authored-by: uf3d47fdb28dafe67 <uf3d47fdb28dafe67@users.invalid>"
panther-labs/panther-analysis,25c492b4a7d06953fca0eefceb5deb8028319d7e,2025-12,9,post,2025-12-23T15:33:18Z,2025-12-23T08:33:18-07:00,dependabot[bot],49699333+dependabot[bot]@users.noreply.github.com,GitHub,noreply@github.com,1,0,11,14,14,0,0,0,,,,,dependabot,0,1844,build(deps): bump actions/setup-python from 6.0.0 to 6.1.0 (#1844),"build(deps): bump actions/setup-python from 6.0.0 to 6.1.0 (#1844)

Signed-off-by: dependabot[bot] <ufab77f7a199e1613@users.invalid>
Co-authored-by: dependabot[bot] <49699333+dependabot[bot]@users.noreply.github.com>"
panther-labs/panther-analysis,e1779f9b06780d0fa81df8eb5b55ca5d2fc3e40f,2025-12,9,post,2025-12-23T15:33:38Z,2025-12-23T08:33:38-07:00,dependabot[bot],49699333+dependabot[bot]@users.noreply.github.com,GitHub,noreply@github.com,1,0,0,0,0,0,0,0,,,,,dependabot,0,1846,build(deps): bump actions/setup-python from 6.0.0 to 6.1.0 in /.github/workflows (#1846),"build(deps): bump actions/setup-python from 6.0.0 to 6.1.0 in /.github/workflows (#1846)

Signed-off-by: dependabot[bot] <ufab77f7a199e1613@users.invalid>
Co-authored-by: dependabot[bot] <49699333+dependabot[bot]@users.noreply.github.com>"
panther-labs/panther-analysis,5212a4e3dd8915357bafe26079066647e3cf8e58,2025-12,9,post,2025-12-23T15:34:03Z,2025-12-23T08:34:03-07:00,dependabot[bot],49699333+dependabot[bot]@users.noreply.github.com,GitHub,noreply@github.com,1,0,1,1,1,0,0,0,,,,,dependabot,0,1845,build(deps): bump tj-actions/changed-files from 47.0.0 to 47.0.1 in /.github/actions/changed_files (#1845),"build(deps): bump tj-actions/changed-files from 47.0.0 to 47.0.1 in /.github/actions/changed_files (#1845)

Signed-off-by: dependabot[bot] <ufab77f7a199e1613@users.invalid>
Co-authored-by: dependabot[bot] <49699333+dependabot[bot]@users.noreply.github.com>"
panther-labs/panther-analysis,52268d11870827a5914a5ffe589ec7ed83ca9b6a,2025-12,9,post,2025-12-23T15:34:36Z,2025-12-23T15:34:36Z,dependabot[bot],49699333+dependabot[bot]@users.noreply.github.com,GitHub,noreply@github.com,1,0,1,1,1,0,0,0,,,,,dependabot,0,1858,build(deps): bump docker/setup-buildx-action from 3.11.1 to 3.12.0 in /.github/workflows (#1858),"build(deps): bump docker/setup-buildx-action from 3.11.1 to 3.12.0 in /.github/workflows (#1858)

Signed-off-by: dependabot[bot] <ufab77f7a199e1613@users.invalid>
Co-authored-by: dependabot[bot] <49699333+dependabot[bot]@users.noreply.github.com>"
panther-labs/panther-analysis,e3ae5f9d9a2bd2192d3cf159c53a52e7f08c6b1b,2025-12,9,post,2025-12-23T15:37:00Z,2025-12-23T15:37:00Z,dependabot[bot],49699333+dependabot[bot]@users.noreply.github.com,GitHub,noreply@github.com,1,0,1,5,4,0,0,0,,,,,dependabot,0,1852,build(deps-dev): bump filelock from 3.20.0 to 3.20.1 (#1852),"build(deps-dev): bump filelock from 3.20.0 to 3.20.1 (#1852)

Signed-off-by: dependabot[bot] <ufab77f7a199e1613@users.invalid>
Co-authored-by: dependabot[bot] <49699333+dependabot[bot]@users.noreply.github.com>"
panther-labs/panther-analysis,7effa59acc3c6b318ed7fb7cb1608fbfdbe1ecd1,2026-01,10,post,2026-01-06T00:23:31Z,2026-01-05T19:23:31-05:00,u48935fb99deddefa,u48935fb99deddefa@users.invalid,GitHub,noreply@github.com,1,0,23,1758,20,9,454,0,,,,,,0,1847,[THREAT-623] GCP Ransomware Rules (#1847),"[THREAT-623] GCP Ransomware Rules (#1847)

Co-authored-by: u510b1d3cd2e0b8c3 <u510b1d3cd2e0b8c3@users.invalid>"
panther-labs/panther-analysis,3c74d528c08bc5a90f8a012ba2e987ecb0ce4670,2026-01,10,post,2026-01-06T08:35:58-07:00,2026-01-06T08:35:58-07:00,uf3d47fdb28dafe67,uf3d47fdb28dafe67@users.invalid,GitHub,noreply@github.com,2,1,0,0,0,0,0,0,,,,,,0,,Merge branch 'main' into develop,Merge branch 'main' into develop
panther-labs/panther-analysis,4eb1c0af52bb468553e4b4db39c065abd77c9023,2026-01,10,post,2026-01-06T08:41:27-07:00,2026-01-06T08:41:27-07:00,uf3d47fdb28dafe67,uf3d47fdb28dafe67@users.invalid,GitHub,noreply@github.com,2,1,0,0,0,0,0,0,,,,,,0,1867,Prepare for release v3.97.0 (#1867),Prepare for release v3.97.0 (#1867)
panther-labs/panther-analysis,a75879731d8ccf6e03761f6fe3a20c11fa6a5c66,2026-01,10,post,2026-01-06T15:42:20Z,2026-01-06T15:42:20Z,u510b1d3cd2e0b8c3,u510b1d3cd2e0b8c3@users.invalid,u510b1d3cd2e0b8c3,u510b1d3cd2e0b8c3@users.invalid,1,0,1,95,8,0,0,0,,,,,,0,,Auto-generated .versions.yml file,Auto-generated .versions.yml file
panther-labs/panther-analysis,b34ea7fac948e7b828db2c0bcabeedc2a8336b00,2026-01,10,post,2026-01-06T11:27:49-05:00,2026-01-06T11:27:49-05:00,u48935fb99deddefa,u48935fb99deddefa@users.invalid,GitHub,noreply@github.com,2,1,0,0,0,0,0,0,,,,,,0,1868,Auto-generated .versions.yml file (#1868),Auto-generated .versions.yml file (#1868)
panther-labs/panther-analysis,61c32fba2d81577eda2946445c1d21cab91ba280,2026-01,10,post,2026-01-07T17:18:45Z,2026-01-07T19:18:45+02:00,u7be54602d2d98630,u7be54602d2d98630@users.invalid,GitHub,noreply@github.com,1,0,2,2104,1548,0,0,0,,,,,,0,1870,Update panther-analysis-tool to v1.3.0 (#1870),Update panther-analysis-tool to v1.3.0 (#1870)
panther-labs/panther-analysis,0f4d2a0e7a60b8d10392c7e223c24efe0e486a29,2026-01,10,post,2026-01-09T15:36:04Z,2026-01-09T10:36:04-05:00,u48935fb99deddefa,u48935fb99deddefa@users.invalid,GitHub,noreply@github.com,1,0,1,2,2,1,2,2,,,,,,0,1881,`Slack Anomaly Detected` Fix Typos (#1881),`Slack Anomaly Detected` Fix Typos (#1881)
panther-labs/panther-analysis,289e594503e4a5609bd1ffb61285c8a4043afa08,2026-01,10,post,2026-01-09T15:39:36Z,2026-01-09T10:39:36-05:00,u598ff43f3caa08e0,u598ff43f3caa08e0@users.invalid,GitHub,noreply@github.com,1,0,1,2,2,1,2,2,,,,,,0,1886,gsuite helper fix (#1886),gsuite helper fix (#1886)
panther-labs/panther-analysis,76f108d98123baacca664a3d30351094f20caf73,2026-01,10,post,2026-01-09T15:41:06Z,2026-01-09T10:41:06-05:00,u598ff43f3caa08e0,u598ff43f3caa08e0@users.invalid,GitHub,noreply@github.com,1,0,1,1,1,0,0,0,,,,,,0,1887,gsuite email fix (#1887),gsuite email fix (#1887)
panther-labs/panther-analysis,ae967ca73f62fd4ecda61ec61ceef0de7c62e838,2026-01,10,post,2026-01-09T15:46:12Z,2026-01-09T08:46:12-07:00,uf3d47fdb28dafe67,uf3d47fdb28dafe67@users.invalid,GitHub,noreply@github.com,1,0,1,6,6,0,0,0,,,,,,0,1889,Remove scrub tests pre-commit hook (#1889),Remove scrub tests pre-commit hook (#1889)
panther-labs/panther-analysis,58bc16d1ea41786f8f5cd805d0351426d1c5ca96,2026-01,10,post,2026-01-09T15:49:42Z,2026-01-09T10:49:42-05:00,u598ff43f3caa08e0,u598ff43f3caa08e0@users.invalid,GitHub,noreply@github.com,1,0,1,1,1,1,1,1,,,,,,0,1890,title fix (#1890),title fix (#1890)
panther-labs/panther-analysis,38e1bea11611baf7862244e5f4bde4b8fe9a64f1,2026-01,10,post,2026-01-09T15:51:40Z,2026-01-09T10:51:40-05:00,u48935fb99deddefa,u48935fb99deddefa@users.invalid,GitHub,noreply@github.com,1,0,1,4,2,1,4,2,,,,,,0,1891,Fix `Amazon.EKS.AnonymousAPIAccess` title function (#1891),Fix `Amazon.EKS.AnonymousAPIAccess` title function (#1891)
panther-labs/panther-analysis,ab297402ace86805e4930142ecd7abd6b52a02d2,2026-01,10,post,2026-01-09T15:53:11Z,2026-01-09T08:53:11-07:00,dependabot[bot],49699333+dependabot[bot]@users.noreply.github.com,GitHub,noreply@github.com,1,0,1,4,3,0,0,0,,,,,dependabot,0,1884,build(deps-dev): bump werkzeug from 3.1.4 to 3.1.5 (#1884),"build(deps-dev): bump werkzeug from 3.1.4 to 3.1.5 (#1884)

Signed-off-by: dependabot[bot] <ufab77f7a199e1613@users.invalid>
Co-authored-by: dependabot[bot] <49699333+dependabot[bot]@users.noreply.github.com>"
panther-labs/panther-analysis,f1c1480b8546e1c651cfd9de16c9ef15e851d367,2026-01,10,post,2026-01-12T20:34:58Z,2026-01-12T15:34:58-05:00,u48935fb99deddefa,u48935fb99deddefa@users.invalid,GitHub,noreply@github.com,1,0,7,8,8,7,8,8,,,,,,0,1892, Fix `UNKNOWN` Typos (#1892),Fix `UNKNOWN` Typos (#1892)
panther-labs/panther-analysis,26eb4eec081dadf30445037d79e90e8840ff4a97,2026-01,10,post,2026-01-12T20:35:45Z,2026-01-12T15:35:45-05:00,u598ff43f3caa08e0,u598ff43f3caa08e0@users.invalid,GitHub,noreply@github.com,1,0,2,32,6,1,5,6,,,,,,0,1893,default value fix (#1893),default value fix (#1893)
panther-labs/panther-analysis,e3c9504902883ab63ac84a2508942878d29d4b8f,2026-01,10,post,2026-01-12T20:36:13Z,2026-01-12T15:36:13-05:00,u598ff43f3caa08e0,u598ff43f3caa08e0@users.invalid,GitHub,noreply@github.com,1,0,4,5,5,1,2,2,,,,,,0,1894,default value update (#1894),"default value update (#1894)

Co-authored-by: u510b1d3cd2e0b8c3 <u510b1d3cd2e0b8c3@users.invalid>"
panther-labs/panther-analysis,deea9e5b97cd6036d6f4e5b42771cd28ab6b9b81,2026-01,10,post,2026-01-12T20:36:57Z,2026-01-12T15:36:57-05:00,u598ff43f3caa08e0,u598ff43f3caa08e0@users.invalid,GitHub,noreply@github.com,1,0,1,1,1,1,1,1,,,,,,0,1895,satellite add (#1895),satellite add (#1895)
panther-labs/panther-analysis,7c3f2e252aaf7943883c7f06c58b6c70cbd7568e,2026-01,10,post,2026-01-12T20:37:23Z,2026-01-12T15:37:23-05:00,u48935fb99deddefa,u48935fb99deddefa@users.invalid,GitHub,noreply@github.com,1,0,2,4,1,1,3,0,,,,,,0,1896,Tune `GSuite.Gmail.Spam.Email.Surge` (#1896),Tune `GSuite.Gmail.Spam.Email.Surge` (#1896)
panther-labs/panther-analysis,8a583a52c4d3ea7dbd4545d859c897680711f2b0,2026-01,10,post,2026-01-12T20:38:01Z,2026-01-12T15:38:01-05:00,u598ff43f3caa08e0,u598ff43f3caa08e0@users.invalid,GitHub,noreply@github.com,1,0,5,51,5,1,7,1,,,,,,0,1897,AWS.CloudTrail.SES.CheckSendQuota Tuning (#1897),"AWS.CloudTrail.SES.CheckSendQuota Tuning (#1897)

Co-authored-by: u510b1d3cd2e0b8c3 <u510b1d3cd2e0b8c3@users.invalid>"
panther-labs/panther-analysis,20cd8af551868e09adad3f2759546c731f80ab42,2026-01,10,post,2026-01-12T20:38:43Z,2026-01-12T15:38:43-05:00,u48935fb99deddefa,u48935fb99deddefa@users.invalid,GitHub,noreply@github.com,1,0,3,7,5,3,7,5,,,,,,0,1888,GCP Rule Fixes (#1888),GCP Rule Fixes (#1888)
panther-labs/panther-analysis,82830cf701dc3681021bb63f5d98b9726954e9f8,2026-01,10,post,2026-01-12T20:39:11Z,2026-01-12T15:39:11-05:00,u598ff43f3caa08e0,u598ff43f3caa08e0@users.invalid,GitHub,noreply@github.com,1,0,16,1202,0,6,264,0,,B,claude;codex,trailer;identity,,0,1856,OpenAI rules (#1856),"OpenAI rules (#1856)

Co-authored-by: Claude Sonnet 4.5 <noreply@anthropic.com>
Co-authored-by: u510b1d3cd2e0b8c3 <u510b1d3cd2e0b8c3@users.invalid>
Co-authored-by: uf3d47fdb28dafe67 <uf3d47fdb28dafe67@users.invalid>"
panther-labs/panther-analysis,5d2790ace6e4a63d196ae806a71bd5b8592f872e,2026-01,10,post,2026-01-13T16:01:51Z,2026-01-13T11:01:51-05:00,u48935fb99deddefa,u48935fb99deddefa@users.invalid,GitHub,noreply@github.com,1,0,112,7895,0,54,2298,0,,,,,,0,1898,`Azure.MonitorActivity` Ruleset (#1898),"`Azure.MonitorActivity` Ruleset (#1898)

Co-authored-by: u510b1d3cd2e0b8c3 <u510b1d3cd2e0b8c3@users.invalid>"
panther-labs/panther-analysis,7a61c6da45d9b49e9fd9a69f31580da638f67941,2026-01,10,post,2026-01-13T09:07:55-07:00,2026-01-13T09:07:55-07:00,uf3d47fdb28dafe67,uf3d47fdb28dafe67@users.invalid,GitHub,noreply@github.com,2,1,0,0,0,0,0,0,,,,,,0,,Merge branch 'main' into develop,Merge branch 'main' into develop
panther-labs/panther-analysis,197068fa69dbaabef522994b5364d9799f4e63c7,2026-01,10,post,2026-01-13T09:09:55-07:00,2026-01-13T09:09:55-07:00,uf3d47fdb28dafe67,uf3d47fdb28dafe67@users.invalid,GitHub,noreply@github.com,2,1,0,0,0,0,0,0,,,,,,0,1899,Version 3.98.0 (#1899),Version 3.98.0 (#1899)
panther-labs/panther-analysis,76820da91f3369d5a79d5fa3d147871a1ed5ba1c,2026-01,10,post,2026-01-13T11:13:24-05:00,2026-01-13T18:13:24+02:00,u7be54602d2d98630,u7be54602d2d98630@users.invalid,GitHub,noreply@github.com,1,0,1,685,37,0,0,0,,,,,,0,1900,Auto-generated .versions.yml file (#1900),Auto-generated .versions.yml file (#1900)
panther-labs/panther-analysis,76925a1515589953c6f9bb8763b558cafb635f3f,2026-01,10,post,2026-01-14T21:19:44Z,2026-01-14T14:19:44-07:00,dependabot[bot],49699333+dependabot[bot]@users.noreply.github.com,GitHub,noreply@github.com,1,0,1,7,6,0,0,0,,,,,dependabot,0,1902,build(deps-dev): bump virtualenv from 20.35.4 to 20.36.1 (#1902),"build(deps-dev): bump virtualenv from 20.35.4 to 20.36.1 (#1902)

Signed-off-by: dependabot[bot] <ufab77f7a199e1613@users.invalid>
Co-authored-by: dependabot[bot] <49699333+dependabot[bot]@users.noreply.github.com>"
panther-labs/panther-analysis,8a5f5c659d7bac3cbb68231f7f674bb85d8f65bf,2026-01,10,post,2026-01-14T14:28:40-07:00,2026-01-14T14:28:40-07:00,uf3d47fdb28dafe67,uf3d47fdb28dafe67@users.invalid,GitHub,noreply@github.com,1,0,20,21,157,0,0,0,,,,,,0,1907,Remove experimental rules from packs (#1907),Remove experimental rules from packs (#1907)
panther-labs/panther-analysis,c276de32aa8e13c48a6f33017148ab0b7b4e1084,2026-01,10,post,2026-01-16T16:06:40Z,2026-01-16T18:06:40+02:00,u7be54602d2d98630,u7be54602d2d98630@users.invalid,GitHub,noreply@github.com,1,0,2,101,103,0,0,0,,,,,,0,1911,Update panther-analysis-tool to v1.4.0 (#1911),Update panther-analysis-tool to v1.4.0 (#1911)
panther-labs/panther-analysis,e6ef90e3da057b42bb2b190a623a9506c0c919b3,2026-01,10,post,2026-01-16T16:19:43Z,2026-01-16T11:19:43-05:00,u48935fb99deddefa,u48935fb99deddefa@users.invalid,GitHub,noreply@github.com,1,0,1,546,0,0,0,0,,,,,,0,1908,Add PR Reviewer (#1908),"Add PR Reviewer (#1908)

Co-authored-by: uf3d47fdb28dafe67 <uf3d47fdb28dafe67@users.invalid>"
panther-labs/panther-analysis,77ef46f46d38367af0faf9954f5225c769be25a0,2026-01,10,post,2026-01-16T16:45:12Z,2026-01-16T16:45:12Z,uc632153bbb5663c6,uc632153bbb5663c6@users.invalid,GitHub,noreply@github.com,1,0,1,2,2,0,0,0,,,,,,0,1910,Fix reference url for Wiz IP restrictions (#1910),"Fix reference url for Wiz IP restrictions (#1910)

Co-authored-by: uf3d47fdb28dafe67 <uf3d47fdb28dafe67@users.invalid>"
panther-labs/panther-analysis,c554e809931b084304b26203d8283b526f7180e0,2026-01,10,post,2026-01-16T17:01:10Z,2026-01-16T12:01:10-05:00,u48935fb99deddefa,u48935fb99deddefa@users.invalid,GitHub,noreply@github.com,1,0,1,1,7,0,0,0,,,,,,0,1912,Remove max-turns limit (#1912),Remove max-turns limit (#1912)
panther-labs/panther-analysis,acc2b1c659b24ebb87370fefdda0f05ead8e9249,2026-01,10,post,2026-01-20T09:14:22-07:00,2026-01-20T09:14:22-07:00,uf3d47fdb28dafe67,uf3d47fdb28dafe67@users.invalid,GitHub,noreply@github.com,2,1,0,0,0,0,0,0,,,,,,0,,Merge branch 'main' into develop,Merge branch 'main' into develop
panther-labs/panther-analysis,4d646db96b95945c97f6150478adc0e211554256,2026-01,10,post,2026-01-20T16:31:04Z,2026-01-20T11:31:04-05:00,u48935fb99deddefa,u48935fb99deddefa@users.invalid,GitHub,noreply@github.com,1,0,2,3,3,0,0,0,,,,,,0,1916,Fix release (#1916),Fix release (#1916)
panther-labs/panther-analysis,70b4c9e279cc356017133a66981cb45d7045358b,2026-01,10,post,2026-01-20T09:35:49-07:00,2026-01-20T09:35:49-07:00,uf3d47fdb28dafe67,uf3d47fdb28dafe67@users.invalid,GitHub,noreply@github.com,2,1,0,0,0,0,0,0,,,,,,0,1915,Prepare for release v3.99.0 (#1915),Prepare for release v3.99.0 (#1915)
panther-labs/panther-analysis,9072641f93a1623d0aa361b2b7701fe09f7c0b61,2026-01,10,post,2026-01-20T16:36:46Z,2026-01-20T16:36:46Z,u510b1d3cd2e0b8c3,u510b1d3cd2e0b8c3@users.invalid,u510b1d3cd2e0b8c3,u510b1d3cd2e0b8c3@users.invalid,1,0,1,108,40,0,0,0,,,,,,0,,Auto-generated .versions.yml file,Auto-generated .versions.yml file
panther-labs/panther-analysis,7eef5c63cb8a1f9ae905669d8b2b1d351bb66dbd,2026-01,10,post,2026-01-20T12:25:22-05:00,2026-01-20T12:25:22-05:00,u48935fb99deddefa,u48935fb99deddefa@users.invalid,GitHub,noreply@github.com,2,1,0,0,0,0,0,0,,,,,,0,1917,Auto-generated .versions.yml file (#1917),Auto-generated .versions.yml file (#1917)
panther-labs/panther-analysis,153afca1873266c6bdc9cf60bfcfe66991dcb4ea,2026-01,10,post,2026-01-20T18:33:33Z,2026-01-20T12:33:33-06:00,u845d1433999e3b2c,u845d1433999e3b2c@users.invalid,GitHub,noreply@github.com,1,0,4,6,5,0,0,0,,,,,,0,1918,GitHub.Webhook.Sha1HuludRepoCreated: Update description and reference (#1918),"GitHub.Webhook.Sha1HuludRepoCreated: Update description and reference (#1918)

Co-authored-by: u510b1d3cd2e0b8c3 <u510b1d3cd2e0b8c3@users.invalid>"
panther-labs/panther-analysis,b508b64221a40bf1b62df60e824e601f154435ad,2026-01,10,post,2026-01-22T16:34:30Z,2026-01-22T11:34:30-05:00,u598ff43f3caa08e0,u598ff43f3caa08e0@users.invalid,GitHub,noreply@github.com,1,0,11,1145,0,4,279,0,,B,claude,trailer;identity,,0,1869,Salesforce newrules (#1869),"Salesforce newrules (#1869)

Co-authored-by: Claude Sonnet 4.5 <noreply@anthropic.com>
Co-authored-by: u510b1d3cd2e0b8c3 <u510b1d3cd2e0b8c3@users.invalid>
Co-authored-by: uf3d47fdb28dafe67 <uf3d47fdb28dafe67@users.invalid>
Co-authored-by: u48935fb99deddefa <u48935fb99deddefa@users.invalid>"
panther-labs/panther-analysis,3821b5e36fc9316f0afdb2cbf15a822c317e7143,2026-01,10,post,2026-01-30T14:38:51Z,2026-01-30T09:38:51-05:00,u48935fb99deddefa,u48935fb99deddefa@users.invalid,GitHub,noreply@github.com,1,0,29,2373,11,12,749,10,,,,,,0,1885,[THREAT-628] Microsoft Entra ID Rules (#1885),"[THREAT-628] Microsoft Entra ID Rules (#1885)

Co-authored-by: u510b1d3cd2e0b8c3 <u510b1d3cd2e0b8c3@users.invalid>
Co-authored-by: uf3d47fdb28dafe67 <uf3d47fdb28dafe67@users.invalid>"
panther-labs/panther-analysis,7aad55cc72e5bfcbef0dbb55fd264ed017c3d58d,2026-01,10,post,2026-01-30T14:39:02Z,2026-01-30T09:39:02-05:00,u48935fb99deddefa,u48935fb99deddefa@users.invalid,GitHub,noreply@github.com,1,0,21,1060,1,5,310,0,,,,,,0,1909,GAIA Gsuite Rules (#1909),"GAIA Gsuite Rules (#1909)

Co-authored-by: u510b1d3cd2e0b8c3 <u510b1d3cd2e0b8c3@users.invalid>
Co-authored-by: uf3d47fdb28dafe67 <uf3d47fdb28dafe67@users.invalid>"
panther-labs/panther-analysis,bc7e8049598a961b8f0033cc59e95b0202a44cb2,2026-01,10,post,2026-01-30T15:15:26Z,2026-01-30T10:15:26-05:00,u598ff43f3caa08e0,u598ff43f3caa08e0@users.invalid,GitHub,noreply@github.com,1,0,7,208,36,2,90,5,,,,,,0,1903,lambda tuning (#1903),"lambda tuning (#1903)

Co-authored-by: u510b1d3cd2e0b8c3 <u510b1d3cd2e0b8c3@users.invalid>"
panther-labs/panther-analysis,b81e4b469e020318332f1c8d48fafbf15ac1ade1,2026-01,10,post,2026-01-30T15:15:44Z,2026-01-30T10:15:44-05:00,u598ff43f3caa08e0,u598ff43f3caa08e0@users.invalid,GitHub,noreply@github.com,1,0,3,23,6,2,22,5,,,,,,0,1906,tuning base64 rule (#1906),"tuning base64 rule (#1906)

Co-authored-by: u510b1d3cd2e0b8c3 <u510b1d3cd2e0b8c3@users.invalid>
Co-authored-by: uf3d47fdb28dafe67 <uf3d47fdb28dafe67@users.invalid>"
panther-labs/panther-analysis,6b101662dba7b76b04113685ac34442cad86996a,2026-02,11,post,2026-02-02T18:57:06Z,2026-02-02T13:57:06-05:00,u48935fb99deddefa,u48935fb99deddefa@users.invalid,GitHub,noreply@github.com,1,0,1,1,1,0,0,0,,,,,,0,1926,Increase timeout for `GCP.Privilege.Escalation.Via.TagBinding` (#1926),Increase timeout for `GCP.Privilege.Escalation.Via.TagBinding` (#1926)
panther-labs/panther-analysis,12bd1fcd93b5177de6d2f60c32897e4f56a7f4cc,2026-02,11,post,2026-02-02T19:03:40Z,2026-02-02T12:03:40-07:00,dependabot[bot],49699333+dependabot[bot]@users.noreply.github.com,GitHub,noreply@github.com,1,0,12,15,15,0,0,0,,,,,dependabot,0,1924,build(deps): bump actions/setup-python from 6.1.0 to 6.2.0 in /.github/workflows (#1924),"build(deps): bump actions/setup-python from 6.1.0 to 6.2.0 in /.github/workflows (#1924)

Signed-off-by: dependabot[bot] <ufab77f7a199e1613@users.invalid>
Co-authored-by: dependabot[bot] <49699333+dependabot[bot]@users.noreply.github.com>"
panther-labs/panther-analysis,588691a2f5fc78abcace03594f06f7b0b1e9ecfe,2026-02,11,post,2026-02-02T19:04:02Z,2026-02-02T12:04:02-07:00,dependabot[bot],49699333+dependabot[bot]@users.noreply.github.com,GitHub,noreply@github.com,1,0,15,19,19,0,0,0,,,,,dependabot,0,1923,build(deps): bump actions/checkout from 6.0.1 to 6.0.2 in /.github/workflows (#1923),"build(deps): bump actions/checkout from 6.0.1 to 6.0.2 in /.github/workflows (#1923)

Signed-off-by: dependabot[bot] <ufab77f7a199e1613@users.invalid>
Co-authored-by: dependabot[bot] <49699333+dependabot[bot]@users.noreply.github.com>"
panther-labs/panther-analysis,d4d27b626003c89b26e790abd466df6b70154401,2026-02,11,post,2026-02-03T09:05:06-07:00,2026-02-03T09:05:06-07:00,uf3d47fdb28dafe67,uf3d47fdb28dafe67@users.invalid,GitHub,noreply@github.com,2,1,0,0,0,0,0,0,,,,,,0,,Merge branch 'main' into develop,Merge branch 'main' into develop
panther-labs/panther-analysis,82e82ab09b4d031cc4317c4117da6ded97c4905a,2026-02,11,post,2026-02-03T09:08:14-07:00,2026-02-03T09:08:14-07:00,uf3d47fdb28dafe67,uf3d47fdb28dafe67@users.invalid,GitHub,noreply@github.com,2,1,0,0,0,0,0,0,,,,,,0,1928,release (#1928),release (#1928)
panther-labs/panther-analysis,ca1f601be5799db3c3b204028ab80eb0bcdbb5ba,2026-02,11,post,2026-02-03T16:20:53Z,2026-02-03T16:20:53Z,u510b1d3cd2e0b8c3,u510b1d3cd2e0b8c3@users.invalid,u510b1d3cd2e0b8c3,u510b1d3cd2e0b8c3@users.invalid,1,0,1,309,20,0,0,0,,,,,,0,,Auto-generated .versions.yml file,Auto-generated .versions.yml file
panther-labs/panther-analysis,39f3083f5e5f6aea988773d06236b99eabc396cf,2026-02,11,post,2026-02-03T11:23:30-05:00,2026-02-03T11:23:30-05:00,u598ff43f3caa08e0,u598ff43f3caa08e0@users.invalid,GitHub,noreply@github.com,2,1,0,0,0,0,0,0,,,,,,0,1929,Auto-generated .versions.yml file (#1929),Auto-generated .versions.yml file (#1929)
panther-labs/panther-analysis,649ce282dc240f5d9cd5821095ff6190dbc4c4ea,2026-02,11,post,2026-02-04T19:57:03Z,2026-02-04T14:57:03-05:00,u598ff43f3caa08e0,u598ff43f3caa08e0@users.invalid,GitHub,noreply@github.com,1,0,14,1358,0,7,336,0,,,,,,0,1925,proofpoint rules (#1925),proofpoint rules (#1925)
panther-labs/panther-analysis,ec88bddfdd129e0765ef65fd50ead0b1a12e517c,2026-02,11,post,2026-02-04T19:57:13Z,2026-02-04T14:57:13-05:00,u48935fb99deddefa,u48935fb99deddefa@users.invalid,GitHub,noreply@github.com,1,0,12,993,0,5,346,0,,,,,,0,1927,Storm-0501 Azure Attack Path Rules (#1927),"Storm-0501 Azure Attack Path Rules (#1927)

Co-authored-by: u510b1d3cd2e0b8c3 <u510b1d3cd2e0b8c3@users.invalid>"
panther-labs/panther-analysis,47e41242d76b479569234c3766e80b369c5bbf59,2026-02,11,post,2026-02-04T19:58:31Z,2026-02-04T14:58:31-05:00,u48935fb99deddefa,u48935fb99deddefa@users.invalid,GitHub,noreply@github.com,1,0,12,84,29,3,61,9,,,,,,0,1931,Experimental Detection Rules Tuning (#1931),"Experimental Detection Rules Tuning (#1931)

Co-authored-by: u510b1d3cd2e0b8c3 <u510b1d3cd2e0b8c3@users.invalid>"
panther-labs/panther-analysis,9eb42df414d4e39c03aba0835b3d8e2c271c4454,2026-02,11,post,2026-02-05T20:22:45Z,2026-02-05T13:22:45-07:00,uf3d47fdb28dafe67,uf3d47fdb28dafe67@users.invalid,GitHub,noreply@github.com,1,0,3,111,14,1,40,14,,,,,,0,1932,AWS Resource Made Public tuning (#1932),"AWS Resource Made Public tuning (#1932)

Co-authored-by: u510b1d3cd2e0b8c3 <u510b1d3cd2e0b8c3@users.invalid>"
panther-labs/panther-analysis,7233026a073d83086bc35a0794139bbdc09214f6,2026-02,11,post,2026-02-05T21:02:33Z,2026-02-05T16:02:33-05:00,u48935fb99deddefa,u48935fb99deddefa@users.invalid,GitHub,noreply@github.com,1,0,4,214,0,1,110,0,,,,,,0,1933,[THREAT-203] Add Azure AKS Kubernetes Audit Data Model (#1933),"[THREAT-203] Add Azure AKS Kubernetes Audit Data Model (#1933)

Co-authored-by: u510b1d3cd2e0b8c3 <u510b1d3cd2e0b8c3@users.invalid>"
panther-labs/panther-analysis,aa3ae7022344b9ccae4680b761e46ed34dac3492,2026-02,11,post,2026-02-09T16:01:13Z,2026-02-09T11:01:13-05:00,u598ff43f3caa08e0,u598ff43f3caa08e0@users.invalid,GitHub,noreply@github.com,1,0,4,140,3,1,11,3,,,,,,0,1934,fixing base64 rule (#1934),fixing base64 rule (#1934)
panther-labs/panther-analysis,2cc65439eb7163e0e287b641e4b92e72b1a2add8,2026-02,11,post,2026-02-10T15:22:15Z,2026-02-10T10:22:15-05:00,u598ff43f3caa08e0,u598ff43f3caa08e0@users.invalid,GitHub,noreply@github.com,1,0,2,172,5,1,17,5,,,,,,0,1940,Improve threat activity types for ProofPoint Passthrough rule (#1940),Improve threat activity types for ProofPoint Passthrough rule (#1940)
panther-labs/panther-analysis,109b6b37f416754c34fbe496cb5b4ea36d977677,2026-02,11,post,2026-02-13T15:39:53Z,2026-02-13T15:39:53Z,dependabot[bot],49699333+dependabot[bot]@users.noreply.github.com,GitHub,noreply@github.com,1,0,1,55,59,0,0,0,,,,,dependabot,0,1941,build(deps-dev): bump cryptography from 46.0.3 to 46.0.5 (#1941),"build(deps-dev): bump cryptography from 46.0.3 to 46.0.5 (#1941)

Signed-off-by: dependabot[bot] <ufab77f7a199e1613@users.invalid>
Co-authored-by: dependabot[bot] <49699333+dependabot[bot]@users.noreply.github.com>"
panther-labs/panther-analysis,6a75586977e716b1c3494cf6a16e419a11ef1a5c,2026-02,11,post,2026-02-13T15:40:44Z,2026-02-13T15:40:44Z,dependabot[bot],49699333+dependabot[bot]@users.noreply.github.com,GitHub,noreply@github.com,1,0,1,6,6,0,0,0,,,,,dependabot,0,1939,build(deps): bump anthropics/claude-code-action from 1.0.29 to 1.0.46 in /.github/workflows (#1939),"build(deps): bump anthropics/claude-code-action from 1.0.29 to 1.0.46 in /.github/workflows (#1939)

Signed-off-by: dependabot[bot] <ufab77f7a199e1613@users.invalid>
Co-authored-by: dependabot[bot] <49699333+dependabot[bot]@users.noreply.github.com>"
panther-labs/panther-analysis,5a0989b3930a1b23f6a071b9e3bac34c8f9467fe,2026-02,11,post,2026-02-13T16:45:31Z,2026-02-13T10:45:31-06:00,u845d1433999e3b2c,u845d1433999e3b2c@users.invalid,GitHub,noreply@github.com,1,0,5,70,70,0,0,0,,,,,,0,1942,Fix improper casing for FDR unit test events (#1942),"Fix improper casing for FDR unit test events (#1942)

Co-authored-by: u510b1d3cd2e0b8c3 <u510b1d3cd2e0b8c3@users.invalid>"
panther-labs/panther-analysis,e8044297fd465f6a1b0c5419582854b4c86dbff6,2026-02,11,post,2026-02-13T17:17:42Z,2026-02-13T12:17:42-05:00,u598ff43f3caa08e0,u598ff43f3caa08e0@users.invalid,GitHub,noreply@github.com,1,0,32,493,90,5,44,0,,,,,,0,1935,[THREAT-630] Improve metadata for `Critical` severity rules (#1935),"[THREAT-630] Improve metadata for `Critical` severity rules (#1935)

Co-authored-by: u48935fb99deddefa <u48935fb99deddefa@users.invalid>"
panther-labs/panther-analysis,a9f231070d6d029cbb62c5a3070bb4eb3c97f1d3,2026-02,11,post,2026-02-17T17:36:53Z,2026-02-17T10:36:53-07:00,dependabot[bot],49699333+dependabot[bot]@users.noreply.github.com,GitHub,noreply@github.com,1,0,1,6,6,0,0,0,,,,,dependabot,0,1947,build(deps): bump anthropics/claude-code-action from 1.0.46 to 1.0.52 in /.github/workflows (#1947),"build(deps): bump anthropics/claude-code-action from 1.0.46 to 1.0.52 in /.github/workflows (#1947)

Signed-off-by: dependabot[bot] <ufab77f7a199e1613@users.invalid>
Co-authored-by: dependabot[bot] <49699333+dependabot[bot]@users.noreply.github.com>"
panther-labs/panther-analysis,492f877b231df881e11eaeb1034783288d2e80fa,2026-02,11,post,2026-02-17T17:37:12Z,2026-02-17T10:37:12-07:00,dependabot[bot],49699333+dependabot[bot]@users.noreply.github.com,GitHub,noreply@github.com,1,0,1,1,1,0,0,0,,,,,dependabot,0,1946,build(deps): bump tj-actions/changed-files from 47.0.1 to 47.0.2 in /.github/workflows (#1946),"build(deps): bump tj-actions/changed-files from 47.0.1 to 47.0.2 in /.github/workflows (#1946)

Signed-off-by: dependabot[bot] <ufab77f7a199e1613@users.invalid>
Co-authored-by: dependabot[bot] <49699333+dependabot[bot]@users.noreply.github.com>"
panther-labs/panther-analysis,214895d1228e49faae2c48885567fae55f8870b8,2026-02,11,post,2026-02-17T17:44:28Z,2026-02-17T10:44:28-07:00,dependabot[bot],49699333+dependabot[bot]@users.noreply.github.com,GitHub,noreply@github.com,1,0,1,1,1,0,0,0,,,,,dependabot,0,1943,build(deps): bump tj-actions/changed-files from 47.0.1 to 47.0.2 (#1943),"build(deps): bump tj-actions/changed-files from 47.0.1 to 47.0.2 (#1943)

Signed-off-by: dependabot[bot] <ufab77f7a199e1613@users.invalid>
Co-authored-by: dependabot[bot] <49699333+dependabot[bot]@users.noreply.github.com>"
panther-labs/panther-analysis,346d0078555f405df8e6309f0aafe47fbeaf83f8,2026-02,11,post,2026-02-17T17:44:57Z,2026-02-17T10:44:57-07:00,dependabot[bot],49699333+dependabot[bot]@users.noreply.github.com,GitHub,noreply@github.com,1,0,1,6,6,0,0,0,,,,,dependabot,0,1944,build(deps): bump anthropics/claude-code-action from 1.0.46 to 1.0.52 (#1944),"build(deps): bump anthropics/claude-code-action from 1.0.46 to 1.0.52 (#1944)

Signed-off-by: dependabot[bot] <ufab77f7a199e1613@users.invalid>
Co-authored-by: dependabot[bot] <49699333+dependabot[bot]@users.noreply.github.com>"
panther-labs/panther-analysis,2fd4e04c38a4bcf9ff9da3e61ea4db59be8a2ae5,2026-02,11,post,2026-02-17T17:49:43Z,2026-02-17T17:49:43Z,dependabot[bot],49699333+dependabot[bot]@users.noreply.github.com,GitHub,noreply@github.com,1,0,1,1,1,0,0,0,,,,,dependabot,0,1945,build(deps): bump tj-actions/changed-files from 47.0.1 to 47.0.2 in /.github/actions/changed_files (#1945),"build(deps): bump tj-actions/changed-files from 47.0.1 to 47.0.2 in /.github/actions/changed_files (#1945)

Signed-off-by: dependabot[bot] <ufab77f7a199e1613@users.invalid>
Co-authored-by: dependabot[bot] <49699333+dependabot[bot]@users.noreply.github.com>"
panther-labs/panther-analysis,7918d8026ae2c6ebfe2da23ea0661b8345568a82,2026-02,11,post,2026-02-17T20:43:46Z,2026-02-17T15:43:46-05:00,u48935fb99deddefa,u48935fb99deddefa@users.invalid,GitHub,noreply@github.com,1,0,75,9174,90,32,2651,10,CLAUDE.md,,,,,0,1948,[THREAT-203] [THREAT-209] Unified Kubernetes Ruleset (#1948),"[THREAT-203] [THREAT-209] Unified Kubernetes Ruleset (#1948)

Co-authored-by: u510b1d3cd2e0b8c3 <u510b1d3cd2e0b8c3@users.invalid>"
panther-labs/panther-analysis,014973fe018a182e8d8293fe92eca280fcd6773b,2026-02,11,post,2026-02-18T17:57:50Z,2026-02-18T12:57:50-05:00,u598ff43f3caa08e0,u598ff43f3caa08e0@users.invalid,GitHub,noreply@github.com,1,0,5,302,0,1,71,0,,B,claude,trailer;identity,,0,1920,PLUTIL Scheduled Rule Implementation (#1920),"PLUTIL Scheduled Rule Implementation (#1920)

Co-authored-by: u510b1d3cd2e0b8c3 <u510b1d3cd2e0b8c3@users.invalid>
Co-authored-by: Claude Sonnet 4.5 <noreply@anthropic.com>"
panther-labs/panther-analysis,8727a29c4a0a2fa1b3affe548c80eecd0dcfbc6d,2026-02,11,post,2026-02-19T18:46:39Z,2026-02-19T13:46:39-05:00,u598ff43f3caa08e0,u598ff43f3caa08e0@users.invalid,GitHub,noreply@github.com,1,0,4,42,3,1,4,1,,,,,,0,1950,Azure Audit Graph Session Multiple IPs tuning (#1950),Azure Audit Graph Session Multiple IPs tuning (#1950)
panther-labs/panther-analysis,4b5a21e9ff14414715b8e334de33a5809f87f1ab,2026-02,11,post,2026-02-20T17:15:08Z,2026-02-20T12:15:08-05:00,u48935fb99deddefa,u48935fb99deddefa@users.invalid,GitHub,noreply@github.com,1,0,12,481,86,10,283,86,,,,,,0,1949,Tune k8s rules and improve pod context (#1949),Tune k8s rules and improve pod context (#1949)
panther-labs/panther-analysis,aee90b5ca4ad1cdcedc79c0147f2675ff91ed1bb,2026-03,12,post,2026-03-02T17:36:14Z,2026-03-02T12:36:14-05:00,u48935fb99deddefa,u48935fb99deddefa@users.invalid,GitHub,noreply@github.com,1,0,3,3,3,0,0,0,,,,,,0,1957,Increase timeout for Snowflake queries (#1957),Increase timeout for Snowflake queries (#1957)
panther-labs/panther-analysis,96b010db300614f212d29b2170f258d8b9a88744,2026-03,12,post,2026-03-02T17:36:38Z,2026-03-02T10:36:38-07:00,dependabot[bot],49699333+dependabot[bot]@users.noreply.github.com,GitHub,noreply@github.com,1,0,1,6,6,0,0,0,,,,,dependabot,0,1956,build(deps): bump anthropics/claude-code-action from 1.0.53 to 1.0.65 in /.github/workflows (#1956),"build(deps): bump anthropics/claude-code-action from 1.0.53 to 1.0.65 in /.github/workflows (#1956)

Signed-off-by: dependabot[bot] <ufab77f7a199e1613@users.invalid>
Co-authored-by: dependabot[bot] <49699333+dependabot[bot]@users.noreply.github.com>"
panther-labs/panther-analysis,bfb9f48539b6cd9dfd9d3259d2869cb215dda733,2026-03,12,post,2026-03-02T17:37:38Z,2026-03-02T12:37:38-05:00,u598ff43f3caa08e0,u598ff43f3caa08e0@users.invalid,GitHub,noreply@github.com,1,0,7,174,28,2,59,23,,,,,,0,1954,Base 64 fix (#1954),"Base 64 fix (#1954)

Co-authored-by: u510b1d3cd2e0b8c3 <u510b1d3cd2e0b8c3@users.invalid>"
panther-labs/panther-analysis,648871f6acc574fcbb0562a4b6401922610abfe0,2026-03,12,post,2026-03-02T18:40:31Z,2026-03-02T11:40:31-07:00,dependabot[bot],49699333+dependabot[bot]@users.noreply.github.com,GitHub,noreply@github.com,1,0,1,4,3,0,0,0,,,,,dependabot,0,1958,build(deps-dev): bump werkzeug from 3.1.5 to 3.1.6 (#1958),"build(deps-dev): bump werkzeug from 3.1.5 to 3.1.6 (#1958)

Signed-off-by: dependabot[bot] <ufab77f7a199e1613@users.invalid>
Co-authored-by: dependabot[bot] <49699333+dependabot[bot]@users.noreply.github.com>"
panther-labs/panther-analysis,950e9efa59d78554ad3f4aacea92e1810e1cb7de,2026-03,12,post,2026-03-02T18:40:55Z,2026-03-02T11:40:55-07:00,dependabot[bot],49699333+dependabot[bot]@users.noreply.github.com,GitHub,noreply@github.com,1,0,1,6,6,0,0,0,,,,,dependabot,0,1955,build(deps): bump anthropics/claude-code-action from 1.0.53 to 1.0.65 (#1955),"build(deps): bump anthropics/claude-code-action from 1.0.53 to 1.0.65 (#1955)

Signed-off-by: dependabot[bot] <ufab77f7a199e1613@users.invalid>
Co-authored-by: dependabot[bot] <49699333+dependabot[bot]@users.noreply.github.com>"
panther-labs/panther-analysis,48079e98ee7e701fe5f6c13d49fe1d0a14b5a0ab,2026-03,12,post,2026-03-02T18:41:11Z,2026-03-02T11:41:11-07:00,uf3d47fdb28dafe67,uf3d47fdb28dafe67@users.invalid,GitHub,noreply@github.com,1,0,39,102,32,1,70,0,,,,,,0,1959,Promote 32 experimental detections to stable (#1959),Promote 32 experimental detections to stable (#1959)
panther-labs/panther-analysis,bc2d181a8aa071f77516f8bfe1abfe9ac200c827,2026-03,12,post,2026-03-03T20:33:22Z,2026-03-03T22:33:22+02:00,u7be54602d2d98630,u7be54602d2d98630@users.invalid,GitHub,noreply@github.com,1,0,4,767,294,0,0,0,,,,,,0,1961,Update panther-analysis-tool to v1.5.0 (#1961),"Update panther-analysis-tool to v1.5.0 (#1961)

Co-authored-by: u48935fb99deddefa <u48935fb99deddefa@users.invalid>"
panther-labs/panther-analysis,0e7e1985e4b1690a945e6946b6642d9e41853173,2026-03,12,post,2026-03-05T18:09:46Z,2026-03-05T20:09:46+02:00,u414cdd2510b3fa52,u414cdd2510b3fa52@users.invalid,GitHub,noreply@github.com,1,0,1,51,8,0,0,0,,,,,,0,1962,Add new SQL keys in the lookup-tables schema (#1962),Add new SQL keys in the lookup-tables schema (#1962)
panther-labs/panther-analysis,e363f2be4c922470910ac2aa7077fe41ffa263f2,2026-03,12,post,2026-03-06T15:05:46Z,2026-03-06T17:05:46+02:00,u414cdd2510b3fa52,u414cdd2510b3fa52@users.invalid,GitHub,noreply@github.com,1,0,1,0,6,0,0,0,,,,,,0,1963,Remove SnowflakeQuery from schema (#1963),Remove SnowflakeQuery from schema (#1963)
panther-labs/panther-analysis,e335378a1c931025e25d5e274b0909393657a075,2026-03,12,post,2026-03-06T15:54:43Z,2026-03-06T10:54:43-05:00,u48935fb99deddefa,u48935fb99deddefa@users.invalid,GitHub,noreply@github.com,1,0,2,20,20,1,12,12,,,,,,0,1964,Change ActivityType from int to str in `SentinelOne Threats` rule (#1964),Change ActivityType from int to str in `SentinelOne Threats` rule (#1964)
panther-labs/panther-analysis,b554581e95e679818eaa04c974b248b0ca122702,2026-03,12,post,2026-03-06T15:55:58Z,2026-03-06T08:55:58-07:00,uf3d47fdb28dafe67,uf3d47fdb28dafe67@users.invalid,GitHub,noreply@github.com,1,0,14,97,262,7,51,157,,,,,,0,1960,Migrate caching to unique threshold (#1960),Migrate caching to unique threshold (#1960)
panther-labs/panther-analysis,04cf4b302fa5e4cd3fd9b5d5475cd772dfa4ca33,2026-03,12,post,2026-03-06T09:08:47-07:00,2026-03-06T09:08:47-07:00,uf3d47fdb28dafe67,uf3d47fdb28dafe67@users.invalid,GitHub,noreply@github.com,2,1,0,0,0,0,0,0,,,,,,0,,Merge branch 'main' into develop,Merge branch 'main' into develop
panther-labs/panther-analysis,bd33713b6cba6301bdf8590e2b2869d4b1ee31cd,2026-03,12,post,2026-03-06T09:15:36-07:00,2026-03-06T09:15:36-07:00,uf3d47fdb28dafe67,uf3d47fdb28dafe67@users.invalid,GitHub,noreply@github.com,2,1,0,0,0,0,0,0,,,,,,0,1965,Prepare for release v3.101.0 (#1965),Prepare for release v3.101.0 (#1965)
panther-labs/panther-analysis,f69b5eabc057e54b6d3287df1429c76cbe577999,2026-03,12,post,2026-03-06T09:30:56-07:00,2026-03-06T18:30:56+02:00,u7be54602d2d98630,u7be54602d2d98630@users.invalid,GitHub,noreply@github.com,1,0,1,881,164,0,0,0,,,,,,0,1966,Auto-generated .versions.yml file (#1966),Auto-generated .versions.yml file (#1966)
panther-labs/panther-analysis,b4f7346b5b50c49e3ece05b730fb537261b4b9ca,2026-03,12,post,2026-03-06T18:39:42Z,2026-03-06T20:39:42+02:00,u7be54602d2d98630,u7be54602d2d98630@users.invalid,GitHub,noreply@github.com,1,0,2,253,253,0,0,0,,,,,,0,1968,Update panther-analysis-tool to v1.5.2 (#1968),Update panther-analysis-tool to v1.5.2 (#1968)
panther-labs/panther-analysis,1428658418dfdcd2cc0d57bf0f2c5261d0e4a996,2026-03,12,post,2026-03-09T15:58:35Z,2026-03-09T09:58:35-06:00,dependabot[bot],49699333+dependabot[bot]@users.noreply.github.com,GitHub,noreply@github.com,1,0,2,2,2,0,0,0,,,,,dependabot,0,1979,build(deps): bump crazy-max/ghaction-import-gpg from 6.3.0 to 7.0.0 in /.github/workflows (#1979),"build(deps): bump crazy-max/ghaction-import-gpg from 6.3.0 to 7.0.0 in /.github/workflows (#1979)

Signed-off-by: dependabot[bot] <ufab77f7a199e1613@users.invalid>
Co-authored-by: dependabot[bot] <49699333+dependabot[bot]@users.noreply.github.com>"
panther-labs/panther-analysis,baa4365d24ab2590f4a0957cc09c88da74953e32,2026-03,12,post,2026-03-09T15:58:56Z,2026-03-09T09:58:56-06:00,dependabot[bot],49699333+dependabot[bot]@users.noreply.github.com,GitHub,noreply@github.com,1,0,1,6,6,0,0,0,,,,,dependabot,0,1978,build(deps): bump anthropics/claude-code-action from 1.0.66 to 1.0.70 in /.github/workflows (#1978),"build(deps): bump anthropics/claude-code-action from 1.0.66 to 1.0.70 in /.github/workflows (#1978)

Signed-off-by: dependabot[bot] <ufab77f7a199e1613@users.invalid>
Co-authored-by: dependabot[bot] <49699333+dependabot[bot]@users.noreply.github.com>"
panther-labs/panther-analysis,54d174d0ab4edf675a80139f2e64a98b755122e6,2026-03,12,post,2026-03-09T15:59:11Z,2026-03-09T09:59:11-06:00,dependabot[bot],49699333+dependabot[bot]@users.noreply.github.com,GitHub,noreply@github.com,1,0,1,1,1,0,0,0,,,,,dependabot,0,1977,build(deps): bump tj-actions/changed-files from 47.0.4 to 47.0.5 in /.github/workflows (#1977),"build(deps): bump tj-actions/changed-files from 47.0.4 to 47.0.5 in /.github/workflows (#1977)

Signed-off-by: dependabot[bot] <ufab77f7a199e1613@users.invalid>
Co-authored-by: dependabot[bot] <49699333+dependabot[bot]@users.noreply.github.com>"
panther-labs/panther-analysis,bc2d800f6098e0203667ad60db5b1d9a08f6574a,2026-03,12,post,2026-03-09T15:59:29Z,2026-03-09T09:59:29-06:00,dependabot[bot],49699333+dependabot[bot]@users.noreply.github.com,GitHub,noreply@github.com,1,0,1,1,1,0,0,0,,,,,dependabot,0,1976,build(deps): bump docker/setup-qemu-action from 3.7.0 to 4.0.0 in /.github/workflows (#1976),"build(deps): bump docker/setup-qemu-action from 3.7.0 to 4.0.0 in /.github/workflows (#1976)

Signed-off-by: dependabot[bot] <ufab77f7a199e1613@users.invalid>
Co-authored-by: dependabot[bot] <49699333+dependabot[bot]@users.noreply.github.com>"
panther-labs/panther-analysis,dcea5a7d966aacbccc8381a36545c1afdbe8d887,2026-03,12,post,2026-03-09T16:06:48Z,2026-03-09T10:06:48-06:00,dependabot[bot],49699333+dependabot[bot]@users.noreply.github.com,GitHub,noreply@github.com,1,0,1,1,1,0,0,0,,,,,dependabot,0,1975,build(deps): bump docker/setup-buildx-action from 3.12.0 to 4.0.0 in /.github/workflows (#1975),"build(deps): bump docker/setup-buildx-action from 3.12.0 to 4.0.0 in /.github/workflows (#1975)

Signed-off-by: dependabot[bot] <ufab77f7a199e1613@users.invalid>
Co-authored-by: dependabot[bot] <49699333+dependabot[bot]@users.noreply.github.com>"
panther-labs/panther-analysis,607e253fd491818c5e0bdcd38e5112175a818ba8,2026-03,12,post,2026-03-09T16:07:11Z,2026-03-09T10:07:11-06:00,dependabot[bot],49699333+dependabot[bot]@users.noreply.github.com,GitHub,noreply@github.com,1,0,1,1,1,0,0,0,,,,,dependabot,0,1974,build(deps): bump tj-actions/changed-files from 47.0.4 to 47.0.5 in /.github/actions/changed_files (#1974),"build(deps): bump tj-actions/changed-files from 47.0.4 to 47.0.5 in /.github/actions/changed_files (#1974)

Signed-off-by: dependabot[bot] <ufab77f7a199e1613@users.invalid>
Co-authored-by: dependabot[bot] <49699333+dependabot[bot]@users.noreply.github.com>"
panther-labs/panther-analysis,9c1cdfb7000a771d2fbc3d0bc597daf694326fc1,2026-03,12,post,2026-03-09T16:07:28Z,2026-03-09T10:07:28-06:00,dependabot[bot],49699333+dependabot[bot]@users.noreply.github.com,GitHub,noreply@github.com,1,0,0,0,0,0,0,0,,,,,dependabot,0,1973,build(deps): bump docker/setup-buildx-action from 3.12.0 to 4.0.0 (#1973),"build(deps): bump docker/setup-buildx-action from 3.12.0 to 4.0.0 (#1973)

Signed-off-by: dependabot[bot] <ufab77f7a199e1613@users.invalid>
Co-authored-by: dependabot[bot] <49699333+dependabot[bot]@users.noreply.github.com>"
panther-labs/panther-analysis,c938a162dd035f45007e45d89b3553283c638a3c,2026-03,12,post,2026-03-09T16:07:46Z,2026-03-09T10:07:46-06:00,uf3d47fdb28dafe67,uf3d47fdb28dafe67@users.invalid,GitHub,noreply@github.com,1,0,2,882,166,0,0,0,,B,claude,trailer;identity,,0,1981,Fix dependabot opening duplicate PRs (#1981),"Fix dependabot opening duplicate PRs (#1981)

Co-authored-by: u7be54602d2d98630 <u7be54602d2d98630@users.invalid>
Co-authored-by: Claude Opus 4.6 <noreply@anthropic.com>"
panther-labs/panther-analysis,f197a4eae4fca60bd000c208138864ff394c711c,2026-03,12,post,2026-03-09T16:15:14Z,2026-03-09T10:15:14-06:00,dependabot[bot],49699333+dependabot[bot]@users.noreply.github.com,GitHub,noreply@github.com,1,0,2,2,2,0,0,0,,,,,dependabot,0,1982,build(deps): bump aws-actions/configure-aws-credentials from 4.3.1 to 6.0.0 (#1982),"build(deps): bump aws-actions/configure-aws-credentials from 4.3.1 to 6.0.0 (#1982)

Signed-off-by: dependabot[bot] <ufab77f7a199e1613@users.invalid>
Co-authored-by: dependabot[bot] <49699333+dependabot[bot]@users.noreply.github.com>"
panther-labs/panther-analysis,d488d8b330dd8026f42e8275fcd2ea01194b5c92,2026-03,12,post,2026-03-12T15:22:09Z,2026-03-12T08:22:09-07:00,u2c7e0ebb816b0e6d,u2c7e0ebb816b0e6d@users.invalid,GitHub,noreply@github.com,1,0,2,10,2,1,10,1,,,,,,0,1984,fix(crowdstrike): fix dedup collision in detection passthrough for FDREvent (#1984),fix(crowdstrike): fix dedup collision in detection passthrough for FDREvent (#1984)
panther-labs/panther-analysis,8eb23a36a743d4ecf1bb2be7b4e257db12b5167a,2026-03,12,post,2026-03-16T16:52:21Z,2026-03-16T18:52:21+02:00,u7be54602d2d98630,u7be54602d2d98630@users.invalid,GitHub,noreply@github.com,1,0,2,291,259,0,0,0,,,,,,0,1986,Update panther-analysis-tool to v1.6.0 (#1986),Update panther-analysis-tool to v1.6.0 (#1986)
panther-labs/panther-analysis,387b8739e293f530258b7ab9b1d887a84cc2e78d,2026-03,12,post,2026-03-16T17:24:32Z,2026-03-16T17:24:32Z,dependabot[bot],49699333+dependabot[bot]@users.noreply.github.com,GitHub,noreply@github.com,1,0,3,94,44,1,4,8,,,,,dependabot,0,1985,build(deps-dev): bump black from 24.3.0 to 26.3.1 (#1985),"build(deps-dev): bump black from 24.3.0 to 26.3.1 (#1985)

Signed-off-by: dependabot[bot] <ufab77f7a199e1613@users.invalid>
Co-authored-by: dependabot[bot] <49699333+dependabot[bot]@users.noreply.github.com>
Co-authored-by: u353238d1cb8c4346 <u353238d1cb8c4346@users.invalid>"
panther-labs/panther-analysis,37d42d5e61ddea5ac9b2319a90403fa984400658,2026-03,12,post,2026-03-17T14:51:40Z,2026-03-17T08:51:40-06:00,uf3d47fdb28dafe67,uf3d47fdb28dafe67@users.invalid,GitHub,noreply@github.com,1,0,14,797,826,2,319,237,,B,claude,trailer;identity,,0,1983,GreyNoise V3 API enrichment helpers and rule (#1983),"GreyNoise V3 API enrichment helpers and rule (#1983)

Co-authored-by: u510b1d3cd2e0b8c3 <u510b1d3cd2e0b8c3@users.invalid>
Co-authored-by: Claude Opus 4.6 <noreply@anthropic.com>"
panther-labs/panther-analysis,a3f8dc1071c93e0fd50b682428e02d7807eefaae,2026-03,12,post,2026-03-17T14:51:56Z,2026-03-17T08:51:56-06:00,uf3d47fdb28dafe67,uf3d47fdb28dafe67@users.invalid,GitHub,noreply@github.com,1,0,14,1969,48,4,240,24,,,,,,0,1842,Add unified Sigma EDR data models with cross-platform support (#1842),Add unified Sigma EDR data models with cross-platform support (#1842)
panther-labs/panther-analysis,af23e4122032def1bb8601ed77bbc5678431deda,2026-03,12,post,2026-03-17T15:25:35Z,2026-03-17T11:25:35-04:00,u598ff43f3caa08e0,u598ff43f3caa08e0@users.invalid,GitHub,noreply@github.com,1,0,27,5242,1,5,316,0,,B,claude,trailer;identity,,0,1919,Okta Rules (#1919),"Okta Rules (#1919)

Co-authored-by: Claude Sonnet 4.6 <noreply@anthropic.com>
Co-authored-by: u510b1d3cd2e0b8c3 <u510b1d3cd2e0b8c3@users.invalid>"
panther-labs/panther-analysis,14badbebd71d3b3f9238246202f68c72c8bd51b0,2026-03,12,post,2026-03-17T09:46:02-06:00,2026-03-17T09:46:02-06:00,uf3d47fdb28dafe67,uf3d47fdb28dafe67@users.invalid,GitHub,noreply@github.com,2,1,0,0,0,0,0,0,,,,,,0,,Merge branch 'main' into develop,Merge branch 'main' into develop
panther-labs/panther-analysis,6a1a6a8a2f68ce940bc215d99f2605ca97adafb1,2026-03,12,post,2026-03-17T09:54:01-06:00,2026-03-17T09:54:01-06:00,uf3d47fdb28dafe67,uf3d47fdb28dafe67@users.invalid,GitHub,noreply@github.com,2,1,0,0,0,0,0,0,,,,,,0,1987,Release v3.102.0 (#1987),Release v3.102.0 (#1987)
panther-labs/panther-analysis,03c1321912641890a94bc2eb2f794074a48a78ee,2026-03,12,post,2026-03-17T15:57:16Z,2026-03-17T17:57:16+02:00,u7be54602d2d98630,u7be54602d2d98630@users.invalid,GitHub,noreply@github.com,1,0,1,199,14,0,0,0,,,,,,0,1988,Auto-generated .versions.yml file (#1988),Auto-generated .versions.yml file (#1988)
panther-labs/panther-analysis,faced7bbba18dd4467c4b8159053d800f81e3543,2026-03,12,post,2026-03-23T22:42:26Z,2026-03-23T16:42:26-06:00,dependabot[bot],49699333+dependabot[bot]@users.noreply.github.com,GitHub,noreply@github.com,1,0,1,4,3,0,0,0,,,,,dependabot,0,1989,build(deps): bump dynaconf from 3.2.12 to 3.2.13 (#1989),"build(deps): bump dynaconf from 3.2.12 to 3.2.13 (#1989)

Signed-off-by: dependabot[bot] <ufab77f7a199e1613@users.invalid>
Co-authored-by: dependabot[bot] <49699333+dependabot[bot]@users.noreply.github.com>"
panther-labs/panther-analysis,565ba07fc65d6018de1d89abb494f7ac026bf03e,2026-03,12,post,2026-03-23T22:42:42Z,2026-03-23T16:42:42-06:00,dependabot[bot],49699333+dependabot[bot]@users.noreply.github.com,GitHub,noreply@github.com,1,0,1,6,6,0,0,0,,,,,dependabot,0,1990,build(deps): bump anthropics/claude-code-action from 1.0.70 to 1.0.75 (#1990),"build(deps): bump anthropics/claude-code-action from 1.0.70 to 1.0.75 (#1990)

Signed-off-by: dependabot[bot] <ufab77f7a199e1613@users.invalid>
Co-authored-by: dependabot[bot] <49699333+dependabot[bot]@users.noreply.github.com>"
panther-labs/panther-analysis,39eb43228e39edc4ea208efaa0f1ec5b9eb6d2d8,2026-03,12,post,2026-03-23T22:44:42Z,2026-03-24T00:44:42+02:00,u7e50c06f7ec6d6c2,u7e50c06f7ec6d6c2@users.invalid,GitHub,noreply@github.com,1,0,2,3,0,1,2,0,,,,,,0,1993,Adding branch name to the title of github_branch_policy_override (#1993),Adding branch name to the title of github_branch_policy_override (#1993)
panther-labs/panther-analysis,9c7db041cee46c32a7a10ff41c0049ff7bff0eff,2026-03,12,post,2026-03-23T23:54:35Z,2026-03-23T19:54:35-04:00,u598ff43f3caa08e0,u598ff43f3caa08e0@users.invalid,GitHub,noreply@github.com,1,0,15,1199,0,6,337,0,,,,,,0,1991,Upwind passthrough rules (#1991),"Upwind passthrough rules (#1991)

Co-authored-by: u510b1d3cd2e0b8c3 <u510b1d3cd2e0b8c3@users.invalid>"
panther-labs/panther-analysis,0c7d80c67ec7509dc28aba62fc6e0f627f2db312,2026-03,12,post,2026-03-24T14:24:00Z,2026-03-24T08:24:00-06:00,uf3d47fdb28dafe67,uf3d47fdb28dafe67@users.invalid,GitHub,noreply@github.com,1,0,7,209,102,2,22,76,,,,,,0,1992,Restore SSO and FederatedUser coverage for Lambda rules (#1992),"Restore SSO and FederatedUser coverage for Lambda rules (#1992)

Co-authored-by: u510b1d3cd2e0b8c3 <u510b1d3cd2e0b8c3@users.invalid>"
panther-labs/panther-analysis,1e955e6037b0abc68eff73aedfb489d1b29b8191,2026-03,12,post,2026-03-24T09:09:16-06:00,2026-03-24T09:09:16-06:00,uf3d47fdb28dafe67,uf3d47fdb28dafe67@users.invalid,GitHub,noreply@github.com,2,1,0,0,0,0,0,0,,,,,,0,,Merge branch 'main' into develop,Merge branch 'main' into develop
panther-labs/panther-analysis,13c5cd12419bca013da34219ac1508164b10f19d,2026-03,12,post,2026-03-24T09:17:54-06:00,2026-03-24T09:17:54-06:00,uf3d47fdb28dafe67,uf3d47fdb28dafe67@users.invalid,GitHub,noreply@github.com,2,1,0,0,0,0,0,0,,,,,,0,1995,Prepare for release v3.103.0 (#1995),Prepare for release v3.103.0 (#1995)
panther-labs/panther-analysis,99f09890937f1fc473290275737a58e7a61c7dcf,2026-03,12,post,2026-03-24T15:18:49Z,2026-03-24T15:18:49Z,u510b1d3cd2e0b8c3,u510b1d3cd2e0b8c3@users.invalid,u510b1d3cd2e0b8c3,u510b1d3cd2e0b8c3@users.invalid,1,0,1,80,6,0,0,0,,,,,,0,,Auto-generated .versions.yml file,Auto-generated .versions.yml file
panther-labs/panther-analysis,daae6f35c1bd45268ddff25750a56c1c3f4962b2,2026-03,12,post,2026-03-24T16:23:49+01:00,2026-03-24T16:23:49+01:00,u48935fb99deddefa,u48935fb99deddefa@users.invalid,GitHub,noreply@github.com,2,1,0,0,0,0,0,0,,,,,,0,1996,Auto-generated .versions.yml file (#1996),Auto-generated .versions.yml file (#1996)
panther-labs/panther-analysis,f851984acea5fcee92e42e8a4f19f01889329be9,2026-03,12,post,2026-03-26T17:13:19Z,2026-03-26T13:13:19-04:00,u598ff43f3caa08e0,u598ff43f3caa08e0@users.invalid,GitHub,noreply@github.com,1,0,4,283,0,1,48,0,,,,,,0,1994,SOCRadar Passthrough Rule (#1994),"SOCRadar Passthrough Rule (#1994)

Co-authored-by: u510b1d3cd2e0b8c3 <u510b1d3cd2e0b8c3@users.invalid>"
panther-labs/panther-analysis,7eb4a11cd3a11b119df3ccb2c8c2617cfa004638,2026-03,12,post,2026-03-26T17:27:15Z,2026-03-26T11:27:15-06:00,uf3d47fdb28dafe67,uf3d47fdb28dafe67@users.invalid,GitHub,noreply@github.com,1,0,4,22,22,4,22,22,,B,claude,trailer;identity,,0,2002,Fix NoneType iteration error in K8s role rules (#2002),"Fix NoneType iteration error in K8s role rules (#2002)

Co-authored-by: Claude Opus 4.6 (1M context) <noreply@anthropic.com>"
panther-labs/panther-analysis,f3e78eacaed37986e4c8701501f7ada552d45362,2026-03,12,post,2026-03-30T14:48:17Z,2026-03-30T10:48:17-04:00,u598ff43f3caa08e0,u598ff43f3caa08e0@users.invalid,GitHub,noreply@github.com,1,0,10,80,47,4,16,20,,,,,,0,1997,Proofpoint Tuning - Threshold Adjustments and Deduplication Added (#1997),"Proofpoint Tuning - Threshold Adjustments and Deduplication Added (#1997)

Co-authored-by: u510b1d3cd2e0b8c3 <u510b1d3cd2e0b8c3@users.invalid>"
panther-labs/panther-analysis,b63297d882d6d938280d9b77b8d8ceefa10a91b3,2026-03,12,post,2026-03-30T14:51:30Z,2026-03-30T16:51:30+02:00,u48935fb99deddefa,u48935fb99deddefa@users.invalid,GitHub,noreply@github.com,1,0,20,1322,3,9,324,3,,,,,,0,2001,[THREAT-681] AWS WAF Passthrough Rules (#2001),"[THREAT-681] AWS WAF Passthrough Rules (#2001)

Co-authored-by: u510b1d3cd2e0b8c3 <u510b1d3cd2e0b8c3@users.invalid>"
panther-labs/panther-analysis,43bbc0bb42a38934de0bdaf6b0ef86325cbca5db,2026-03,12,post,2026-03-30T14:53:12Z,2026-03-30T10:53:12-04:00,u598ff43f3caa08e0,u598ff43f3caa08e0@users.invalid,GitHub,noreply@github.com,1,0,8,418,4,0,0,0,,,,,,0,2003,Pantherflow AD Baselines (#2003),"Pantherflow AD Baselines (#2003)

Co-authored-by: u510b1d3cd2e0b8c3 <u510b1d3cd2e0b8c3@users.invalid>"
panther-labs/panther-analysis,e19535757ae64ee39b9c4630c4d9a621eb6f2500,2026-03,12,post,2026-03-31T11:21:33-06:00,2026-03-31T11:21:33-06:00,uf3d47fdb28dafe67,uf3d47fdb28dafe67@users.invalid,GitHub,noreply@github.com,2,1,0,0,0,0,0,0,,,,,,0,,Merge branch 'main' into develop,Merge branch 'main' into develop
panther-labs/panther-analysis,976673d989bf6079abe2d49f3cb0a734fecd3ec3,2026-03,12,post,2026-03-31T17:29:23Z,2026-03-31T11:29:23-06:00,uf3d47fdb28dafe67,uf3d47fdb28dafe67@users.invalid,GitHub,noreply@github.com,1,0,15,26,16,0,0,0,,B,claude,trailer;identity,,0,2006,Remove Status: Experimental from non-rule analysis types (#2006),"Remove Status: Experimental from non-rule analysis types (#2006)

Co-authored-by: Claude Sonnet 4.6 (1M context) <noreply@anthropic.com>"
panther-labs/panther-analysis,529acffa50a9306f0855ce0bacf61f95062c277b,2026-03,12,post,2026-03-31T17:38:52Z,2026-03-31T19:38:52+02:00,u48935fb99deddefa,u48935fb99deddefa@users.invalid,GitHub,noreply@github.com,1,0,79,5173,0,38,1904,0,,,,,,0,1998,[THREAT-683] Databricks Rules (#1998),"[THREAT-683] Databricks Rules (#1998)

Co-authored-by: u510b1d3cd2e0b8c3 <u510b1d3cd2e0b8c3@users.invalid>"
panther-labs/panther-analysis,a87c8343e8ec884434488bf7994807c76d3efc90,2026-03,12,post,2026-03-31T12:17:55-06:00,2026-03-31T12:17:55-06:00,uf3d47fdb28dafe67,uf3d47fdb28dafe67@users.invalid,GitHub,noreply@github.com,2,1,0,0,0,0,0,0,,,,,,0,2007,prep for release v3.104.0 (#2007),prep for release v3.104.0 (#2007)
panther-labs/panther-analysis,2efc1ddc38f4c6d887f8de146b1d2b14449731b8,2026-03,12,post,2026-03-31T18:18:55Z,2026-03-31T18:18:55Z,u510b1d3cd2e0b8c3,u510b1d3cd2e0b8c3@users.invalid,u510b1d3cd2e0b8c3,u510b1d3cd2e0b8c3@users.invalid,1,0,1,588,50,0,0,0,,,,,,0,,Auto-generated .versions.yml file,Auto-generated .versions.yml file
panther-labs/panther-analysis,ce20cce5edff9b234c2f033e1a1462a47574beb5,2026-03,12,post,2026-03-31T12:28:10-06:00,2026-03-31T12:28:10-06:00,uf3d47fdb28dafe67,uf3d47fdb28dafe67@users.invalid,GitHub,noreply@github.com,2,1,0,0,0,0,0,0,,,,,,0,2008,Auto-generated .versions.yml file (#2008),Auto-generated .versions.yml file (#2008)
